ISO-10303-21;
HEADER;
FILE_DESCRIPTION(('Open CASCADE Model'),'2;1');
FILE_NAME('Open CASCADE Shape Model','2026-10-07T00:45:37',('Author'),(
    'Open CASCADE'),'Open CASCADE STEP processor 7.9','Open CASCADE 7.9'
  ,'Unknown');
FILE_SCHEMA(('AUTOMOTIVE_DESIGN { 1 0 10303 214 1 1 1 1 }'));
ENDSEC;
DATA;
#1 = APPLICATION_PROTOCOL_DEFINITION('international standard',
  'automotive_design',2000,#2);
#2 = APPLICATION_CONTEXT(
  'core data for automotive mechanical design processes');
#3 = SHAPE_DEFINITION_REPRESENTATION(#4,#10);
#4 = PRODUCT_DEFINITION_SHAPE('','',#5);
#5 = PRODUCT_DEFINITION('design','',#6,#9);
#6 = PRODUCT_DEFINITION_FORMATION('','',#7);
#7 = PRODUCT('Open CASCADE STEP translator 7.9 1',
  'Open CASCADE STEP translator 7.9 1','',(#8));
#8 = PRODUCT_CONTEXT('',#2,'mechanical');
#9 = PRODUCT_DEFINITION_CONTEXT('part definition',#2,'design');
#10 = ADVANCED_BREP_SHAPE_REPRESENTATION('',(#11,#15),#8468);
#11 = AXIS2_PLACEMENT_3D('',#12,#13,#14);
#12 = CARTESIAN_POINT('',(0.,0.,0.));
#13 = DIRECTION('',(0.,0.,1.));
#14 = DIRECTION('',(1.,0.,-0.));
#15 = MANIFOLD_SOLID_BREP('',#16);
#16 = CLOSED_SHELL('',(#17,#134,#173,#229,#1035,#1669,#1837,#2515,#2571,
    #2606,#2666,#2794,#2919,#2996,#3135,#3240,#3400,#3683,#3759,#4030,
    #4157,#4260,#4315,#4319,#4475,#4579,#4704,#4776,#4822,#4878,#4928,
    #4957,#4984,#5014,#5040,#5050,#5079,#5108,#5161,#5212,#5221,#5345,
    #5474,#5964,#6087,#6216,#6706,#6781,#7042,#7139,#7318,#7369,#7572,
    #7668,#7847,#7898,#8102,#8199,#8378,#8386,#8464));
#17 = ADVANCED_FACE('',(#18),#33,.T.);
#18 = FACE_BOUND('',#19,.T.);
#19 = EDGE_LOOP('',(#20,#56,#78,#102,#133));
#20 = ORIENTED_EDGE('',*,*,#21,.T.);
#21 = EDGE_CURVE('',#22,#24,#26,.T.);
#22 = VERTEX_POINT('',#23);
#23 = CARTESIAN_POINT('',(-6.305196178094,-262.4265588864,-404.602023783
    ));
#24 = VERTEX_POINT('',#25);
#25 = CARTESIAN_POINT('',(6.314836042819,-273.3734411096,-404.602023783)
  );
#26 = SURFACE_CURVE('',#27,(#32,#44),.PCURVE_S1.);
#27 = CIRCLE('',#28,8.353134795761);
#28 = AXIS2_PLACEMENT_3D('',#29,#30,#31);
#29 = CARTESIAN_POINT('',(4.819932363006E-03,-267.899999998,
    -404.602023783));
#30 = DIRECTION('',(-3.064104139906E-16,-8.673617379884E-16,1.));
#31 = DIRECTION('',(-0.755406953765,0.655255930307,3.368793651039E-16));
#32 = PCURVE('',#33,#38);
#33 = TOROIDAL_SURFACE('',#34,8.850420956841,0.5);
#34 = AXIS2_PLACEMENT_3D('',#35,#36,#37);
#35 = CARTESIAN_POINT('',(4.819932363006E-03,-267.899999998,
    -404.5499999999));
#36 = DIRECTION('',(-3.064104139906E-16,-8.673617379884E-16,1.));
#37 = DIRECTION('',(-0.755406953765,0.655255930307,3.368793651039E-16));
#38 = DEFINITIONAL_REPRESENTATION('',(#39),#43);
#39 = LINE('',#40,#41);
#40 = CARTESIAN_POINT('',(0.,3.245828874992));
#41 = VECTOR('',#42,1.);
#42 = DIRECTION('',(1.,3.647036034745E-14));
#43 = ( GEOMETRIC_REPRESENTATION_CONTEXT(2) 
PARAMETRIC_REPRESENTATION_CONTEXT() REPRESENTATION_CONTEXT('2D SPACE',''
  ) );
#44 = PCURVE('',#45,#50);
#45 = CONICAL_SURFACE('',#46,5.,0.104236221214);
#46 = AXIS2_PLACEMENT_3D('',#47,#48,#49);
#47 = CARTESIAN_POINT('',(4.819932363006E-03,-267.899999998,
    -372.5499999999));
#48 = DIRECTION('',(3.064104139906E-16,8.673617379884E-16,-1.));
#49 = DIRECTION('',(0.755406953765,-0.655255930307,-3.368793651039E-16)
  );
#50 = DEFINITIONAL_REPRESENTATION('',(#51),#55);
#51 = LINE('',#52,#53);
#52 = CARTESIAN_POINT('',(3.14159265359,32.0520237831));
#53 = VECTOR('',#54,1.);
#54 = DIRECTION('',(-1.,1.799561475016E-14));
#55 = ( GEOMETRIC_REPRESENTATION_CONTEXT(2) 
PARAMETRIC_REPRESENTATION_CONTEXT() REPRESENTATION_CONTEXT('2D SPACE',''
  ) );
#56 = ORIENTED_EDGE('',*,*,#57,.T.);
#57 = EDGE_CURVE('',#24,#22,#58,.T.);
#58 = SURFACE_CURVE('',#59,(#64,#71),.PCURVE_S1.);
#59 = CIRCLE('',#60,8.353134795761);
#60 = AXIS2_PLACEMENT_3D('',#61,#62,#63);
#61 = CARTESIAN_POINT('',(4.819932363006E-03,-267.899999998,
    -404.602023783));
#62 = DIRECTION('',(-3.064104139906E-16,-8.673617379884E-16,1.));
#63 = DIRECTION('',(-0.755406953765,0.655255930307,3.368793651039E-16));
#64 = PCURVE('',#33,#65);
#65 = DEFINITIONAL_REPRESENTATION('',(#66),#70);
#66 = LINE('',#67,#68);
#67 = CARTESIAN_POINT('',(-8.881784197001E-16,3.245828874993));
#68 = VECTOR('',#69,1.);
#69 = DIRECTION('',(1.,-3.647036034745E-14));
#70 = ( GEOMETRIC_REPRESENTATION_CONTEXT(2) 
PARAMETRIC_REPRESENTATION_CONTEXT() REPRESENTATION_CONTEXT('2D SPACE',''
  ) );
#71 = PCURVE('',#45,#72);
#72 = DEFINITIONAL_REPRESENTATION('',(#73),#77);
#73 = LINE('',#74,#75);
#74 = CARTESIAN_POINT('',(9.424777960769,32.0520237831));
#75 = VECTOR('',#76,1.);
#76 = DIRECTION('',(-1.,-1.799561475016E-14));
#77 = ( GEOMETRIC_REPRESENTATION_CONTEXT(2) 
PARAMETRIC_REPRESENTATION_CONTEXT() REPRESENTATION_CONTEXT('2D SPACE',''
  ) );
#78 = ORIENTED_EDGE('',*,*,#79,.T.);
#79 = EDGE_CURVE('',#22,#80,#82,.T.);
#80 = VERTEX_POINT('',#81);
#81 = CARTESIAN_POINT('',(-6.680849602185,-262.1007091803,
    -405.0499999999));
#82 = SEAM_CURVE('',#83,(#88,#95),.PCURVE_S1.);
#83 = CIRCLE('',#84,0.5);
#84 = AXIS2_PLACEMENT_3D('',#85,#86,#87);
#85 = CARTESIAN_POINT('',(-6.680849602185,-262.1007091803,
    -404.5499999999));
#86 = DIRECTION('',(0.655255930307,0.755406953765,8.559883291853E-16));
#87 = DIRECTION('',(-0.755406953765,0.655255930307,-1.479114197289E-30)
  );
#88 = PCURVE('',#33,#89);
#89 = DEFINITIONAL_REPRESENTATION('',(#90),#94);
#90 = LINE('',#91,#92);
#91 = CARTESIAN_POINT('',(6.28318530718,3.10862446895E-14));
#92 = VECTOR('',#93,1.);
#93 = DIRECTION('',(0.,1.));
#94 = ( GEOMETRIC_REPRESENTATION_CONTEXT(2) 
PARAMETRIC_REPRESENTATION_CONTEXT() REPRESENTATION_CONTEXT('2D SPACE',''
  ) );
#95 = PCURVE('',#33,#96);
#96 = DEFINITIONAL_REPRESENTATION('',(#97),#101);
#97 = LINE('',#98,#99);
#98 = CARTESIAN_POINT('',(0.,3.10862446895E-14));
#99 = VECTOR('',#100,1.);
#100 = DIRECTION('',(0.,1.));
#101 = ( GEOMETRIC_REPRESENTATION_CONTEXT(2) 
PARAMETRIC_REPRESENTATION_CONTEXT() REPRESENTATION_CONTEXT('2D SPACE',''
  ) );
#102 = ORIENTED_EDGE('',*,*,#103,.T.);
#103 = EDGE_CURVE('',#80,#80,#104,.T.);
#104 = SURFACE_CURVE('',#105,(#110,#117),.PCURVE_S1.);
#105 = CIRCLE('',#106,8.850420956841);
#106 = AXIS2_PLACEMENT_3D('',#107,#108,#109);
#107 = CARTESIAN_POINT('',(4.819932363009E-03,-267.899999998,
    -405.0499999999));
#108 = DIRECTION('',(0.,0.,-1.));
#109 = DIRECTION('',(-0.755406953765,0.655255930307,0.));
#110 = PCURVE('',#33,#111);
#111 = DEFINITIONAL_REPRESENTATION('',(#112),#116);
#112 = LINE('',#113,#114);
#113 = CARTESIAN_POINT('',(6.28318530718,4.712388980385));
#114 = VECTOR('',#115,1.);
#115 = DIRECTION('',(-1.,4.52345554697E-15));
#116 = ( GEOMETRIC_REPRESENTATION_CONTEXT(2) 
PARAMETRIC_REPRESENTATION_CONTEXT() REPRESENTATION_CONTEXT('2D SPACE',''
  ) );
#117 = PCURVE('',#118,#123);
#118 = PLANE('',#119);
#119 = AXIS2_PLACEMENT_3D('',#120,#121,#122);
#120 = CARTESIAN_POINT('',(-7.54924960529,-261.3474406949,
    -405.0499999999));
#121 = DIRECTION('',(-3.064104139906E-16,-8.673617379884E-16,1.));
#122 = DIRECTION('',(-0.755406953765,0.655255930307,3.368793651039E-16)
  );
#123 = DEFINITIONAL_REPRESENTATION('',(#124),#132);
#124 = ( BOUNDED_CURVE() B_SPLINE_CURVE(2,(#125,#126,#127,#128,#129,#130
,#131),.UNSPECIFIED.,.T.,.F.) B_SPLINE_CURVE_WITH_KNOTS((1,2,2,2,2,1),(
    -2.094395102393,0.,2.094395102393,4.188790204786,6.28318530718,
8.377580409573),.UNSPECIFIED.) CURVE() GEOMETRIC_REPRESENTATION_ITEM() 
RATIONAL_B_SPLINE_CURVE((1.,0.5,1.,0.5,1.,0.5,1.)) REPRESENTATION_ITEM(
  '') );
#125 = CARTESIAN_POINT('',(-1.14957904316,1.841795440838E-12));
#126 = CARTESIAN_POINT('',(-1.14957904316,-15.32937876561));
#127 = CARTESIAN_POINT('',(-14.42521047842,-7.664689382809));
#128 = CARTESIAN_POINT('',(-27.70084191368,1.709925290063E-12));
#129 = CARTESIAN_POINT('',(-14.42521047842,7.664689382812));
#130 = CARTESIAN_POINT('',(-1.14957904316,15.329378765623));
#131 = CARTESIAN_POINT('',(-1.14957904316,1.841795440838E-12));
#132 = ( GEOMETRIC_REPRESENTATION_CONTEXT(2) 
PARAMETRIC_REPRESENTATION_CONTEXT() REPRESENTATION_CONTEXT('2D SPACE',''
  ) );
#133 = ORIENTED_EDGE('',*,*,#79,.F.);
#134 = ADVANCED_FACE('',(#135,#138),#118,.F.);
#135 = FACE_BOUND('',#136,.T.);
#136 = EDGE_LOOP('',(#137));
#137 = ORIENTED_EDGE('',*,*,#103,.F.);
#138 = FACE_BOUND('',#139,.T.);
#139 = EDGE_LOOP('',(#140));
#140 = ORIENTED_EDGE('',*,*,#141,.T.);
#141 = EDGE_CURVE('',#142,#142,#144,.T.);
#142 = VERTEX_POINT('',#143);
#143 = CARTESIAN_POINT('',(-7.54924960529,-261.3474406949,
    -405.0499999999));
#144 = SURFACE_CURVE('',#145,(#150,#161),.PCURVE_S1.);
#145 = CIRCLE('',#146,10.);
#146 = AXIS2_PLACEMENT_3D('',#147,#148,#149);
#147 = CARTESIAN_POINT('',(4.819932363006E-03,-267.899999998,
    -405.0499999999));
#148 = DIRECTION('',(0.,0.,-1.));
#149 = DIRECTION('',(-0.755406953765,0.655255930307,0.));
#150 = PCURVE('',#118,#151);
#151 = DEFINITIONAL_REPRESENTATION('',(#152),#160);
#152 = ( BOUNDED_CURVE() B_SPLINE_CURVE(2,(#153,#154,#155,#156,#157,#158
,#159),.UNSPECIFIED.,.T.,.F.) B_SPLINE_CURVE_WITH_KNOTS((1,2,2,2,2,1),(
    -2.094395102393,0.,2.094395102393,4.188790204786,6.28318530718,
8.377580409573),.UNSPECIFIED.) CURVE() GEOMETRIC_REPRESENTATION_ITEM() 
RATIONAL_B_SPLINE_CURVE((1.,0.5,1.,0.5,1.,0.5,1.)) REPRESENTATION_ITEM(
  '') );
#153 = CARTESIAN_POINT('',(-5.879741138415E-13,1.827427098533E-12));
#154 = CARTESIAN_POINT('',(-5.382361223383E-13,-17.32050807568));
#155 = CARTESIAN_POINT('',(-15.,-8.660254037843));
#156 = CARTESIAN_POINT('',(-30.,1.738380409014E-12));
#157 = CARTESIAN_POINT('',(-15.,8.660254037846));
#158 = CARTESIAN_POINT('',(-6.536993168993E-13,17.320508075691));
#159 = CARTESIAN_POINT('',(-5.879741138415E-13,1.827427098533E-12));
#160 = ( GEOMETRIC_REPRESENTATION_CONTEXT(2) 
PARAMETRIC_REPRESENTATION_CONTEXT() REPRESENTATION_CONTEXT('2D SPACE',''
  ) );
#161 = PCURVE('',#162,#167);
#162 = TOROIDAL_SURFACE('',#163,10.,1.);
#163 = AXIS2_PLACEMENT_3D('',#164,#165,#166);
#164 = CARTESIAN_POINT('',(4.819932363006E-03,-267.899999998,
    -404.0499999999));
#165 = DIRECTION('',(-3.064104139906E-16,-8.673617379884E-16,1.));
#166 = DIRECTION('',(-0.755406953765,0.655255930307,3.368793651039E-16)
  );
#167 = DEFINITIONAL_REPRESENTATION('',(#168),#172);
#168 = LINE('',#169,#170);
#169 = CARTESIAN_POINT('',(6.28318530718,4.712388980385));
#170 = VECTOR('',#171,1.);
#171 = DIRECTION('',(-1.,-0.));
#172 = ( GEOMETRIC_REPRESENTATION_CONTEXT(2) 
PARAMETRIC_REPRESENTATION_CONTEXT() REPRESENTATION_CONTEXT('2D SPACE',''
  ) );
#173 = ADVANCED_FACE('',(#174),#162,.T.);
#174 = FACE_BOUND('',#175,.T.);
#175 = EDGE_LOOP('',(#176,#177,#201,#228));
#176 = ORIENTED_EDGE('',*,*,#141,.F.);
#177 = ORIENTED_EDGE('',*,*,#178,.T.);
#178 = EDGE_CURVE('',#142,#179,#181,.T.);
#179 = VERTEX_POINT('',#180);
#180 = CARTESIAN_POINT('',(-8.304656559056,-260.6921847646,
    -404.0499999999));
#181 = SEAM_CURVE('',#182,(#187,#194),.PCURVE_S1.);
#182 = CIRCLE('',#183,1.);
#183 = AXIS2_PLACEMENT_3D('',#184,#185,#186);
#184 = CARTESIAN_POINT('',(-7.54924960529,-261.3474406949,
    -404.0499999999));
#185 = DIRECTION('',(0.655255930307,0.755406953765,8.559883291853E-16));
#186 = DIRECTION('',(-0.755406953765,0.655255930307,-1.479114197289E-30)
  );
#187 = PCURVE('',#162,#188);
#188 = DEFINITIONAL_REPRESENTATION('',(#189),#193);
#189 = LINE('',#190,#191);
#190 = CARTESIAN_POINT('',(6.28318530718,5.897504706809E-13));
#191 = VECTOR('',#192,1.);
#192 = DIRECTION('',(0.,1.));
#193 = ( GEOMETRIC_REPRESENTATION_CONTEXT(2) 
PARAMETRIC_REPRESENTATION_CONTEXT() REPRESENTATION_CONTEXT('2D SPACE',''
  ) );
#194 = PCURVE('',#162,#195);
#195 = DEFINITIONAL_REPRESENTATION('',(#196),#200);
#196 = LINE('',#197,#198);
#197 = CARTESIAN_POINT('',(0.,5.897504706809E-13));
#198 = VECTOR('',#199,1.);
#199 = DIRECTION('',(0.,1.));
#200 = ( GEOMETRIC_REPRESENTATION_CONTEXT(2) 
PARAMETRIC_REPRESENTATION_CONTEXT() REPRESENTATION_CONTEXT('2D SPACE',''
  ) );
#201 = ORIENTED_EDGE('',*,*,#202,.T.);
#202 = EDGE_CURVE('',#179,#179,#203,.T.);
#203 = SURFACE_CURVE('',#204,(#209,#216),.PCURVE_S1.);
#204 = CIRCLE('',#205,11.);
#205 = AXIS2_PLACEMENT_3D('',#206,#207,#208);
#206 = CARTESIAN_POINT('',(4.819932363004E-03,-267.899999998,
    -404.0499999999));
#207 = DIRECTION('',(0.,0.,-1.));
#208 = DIRECTION('',(-0.755406953765,0.655255930307,0.));
#209 = PCURVE('',#162,#210);
#210 = DEFINITIONAL_REPRESENTATION('',(#211),#215);
#211 = LINE('',#212,#213);
#212 = CARTESIAN_POINT('',(6.28318530718,6.28318530718));
#213 = VECTOR('',#214,1.);
#214 = DIRECTION('',(-1.,-0.));
#215 = ( GEOMETRIC_REPRESENTATION_CONTEXT(2) 
PARAMETRIC_REPRESENTATION_CONTEXT() REPRESENTATION_CONTEXT('2D SPACE',''
  ) );
#216 = PCURVE('',#217,#222);
#217 = CYLINDRICAL_SURFACE('',#218,11.);
#218 = AXIS2_PLACEMENT_3D('',#219,#220,#221);
#219 = CARTESIAN_POINT('',(4.819932363006E-03,-267.899999998,
    -351.0499999999));
#220 = DIRECTION('',(-3.064104139906E-16,-8.673617379884E-16,1.));
#221 = DIRECTION('',(-0.755406953765,0.655255930307,3.368793651039E-16)
  );
#222 = DEFINITIONAL_REPRESENTATION('',(#223),#227);
#223 = LINE('',#224,#225);
#224 = CARTESIAN_POINT('',(6.28318530718,-53.));
#225 = VECTOR('',#226,1.);
#226 = DIRECTION('',(-1.,-1.809382218788E-14));
#227 = ( GEOMETRIC_REPRESENTATION_CONTEXT(2) 
PARAMETRIC_REPRESENTATION_CONTEXT() REPRESENTATION_CONTEXT('2D SPACE',''
  ) );
#228 = ORIENTED_EDGE('',*,*,#178,.F.);
#229 = ADVANCED_FACE('',(#230),#217,.T.);
#230 = FACE_BOUND('',#231,.T.);
#231 = EDGE_LOOP('',(#232,#233,#256,#289,#362,#435,#508,#541,#614,#687,
    #760,#793,#866,#939,#1012,#1034));
#232 = ORIENTED_EDGE('',*,*,#202,.F.);
#233 = ORIENTED_EDGE('',*,*,#234,.T.);
#234 = EDGE_CURVE('',#179,#235,#237,.T.);
#235 = VERTEX_POINT('',#236);
#236 = CARTESIAN_POINT('',(-8.304656559056,-260.6921847646,
    -398.5499999999));
#237 = SEAM_CURVE('',#238,(#242,#249),.PCURVE_S1.);
#238 = LINE('',#239,#240);
#239 = CARTESIAN_POINT('',(-8.304656559056,-260.6921847646,
    -351.0499999999));
#240 = VECTOR('',#241,1.);
#241 = DIRECTION('',(-3.064104139906E-16,-8.673617379884E-16,1.));
#242 = PCURVE('',#217,#243);
#243 = DEFINITIONAL_REPRESENTATION('',(#244),#248);
#244 = LINE('',#245,#246);
#245 = CARTESIAN_POINT('',(6.28318530718,0.));
#246 = VECTOR('',#247,1.);
#247 = DIRECTION('',(0.,1.));
#248 = ( GEOMETRIC_REPRESENTATION_CONTEXT(2) 
PARAMETRIC_REPRESENTATION_CONTEXT() REPRESENTATION_CONTEXT('2D SPACE',''
  ) );
#249 = PCURVE('',#217,#250);
#250 = DEFINITIONAL_REPRESENTATION('',(#251),#255);
#251 = LINE('',#252,#253);
#252 = CARTESIAN_POINT('',(0.,0.));
#253 = VECTOR('',#254,1.);
#254 = DIRECTION('',(0.,1.));
#255 = ( GEOMETRIC_REPRESENTATION_CONTEXT(2) 
PARAMETRIC_REPRESENTATION_CONTEXT() REPRESENTATION_CONTEXT('2D SPACE',''
  ) );
#256 = ORIENTED_EDGE('',*,*,#257,.F.);
#257 = EDGE_CURVE('',#258,#235,#260,.T.);
#258 = VERTEX_POINT('',#259);
#259 = CARTESIAN_POINT('',(-5.579604141116,-258.4229641868,
    -398.5499999999));
#260 = SURFACE_CURVE('',#261,(#266,#273),.PCURVE_S1.);
#261 = CIRCLE('',#262,11.);
#262 = AXIS2_PLACEMENT_3D('',#263,#264,#265);
#263 = CARTESIAN_POINT('',(4.819932363006E-03,-267.899999998,
    -398.5499999999));
#264 = DIRECTION('',(-3.064104139906E-16,-8.673617379884E-16,1.));
#265 = DIRECTION('',(-0.755406953765,0.655255930307,3.368793651039E-16)
  );
#266 = PCURVE('',#217,#267);
#267 = DEFINITIONAL_REPRESENTATION('',(#268),#272);
#268 = LINE('',#269,#270);
#269 = CARTESIAN_POINT('',(2.6645352591E-15,-47.5));
#270 = VECTOR('',#271,1.);
#271 = DIRECTION('',(1.,0.));
#272 = ( GEOMETRIC_REPRESENTATION_CONTEXT(2) 
PARAMETRIC_REPRESENTATION_CONTEXT() REPRESENTATION_CONTEXT('2D SPACE',''
  ) );
#273 = PCURVE('',#274,#279);
#274 = PLANE('',#275);
#275 = AXIS2_PLACEMENT_3D('',#276,#277,#278);
#276 = CARTESIAN_POINT('',(-8.002493777549,-260.9542871367,
    -398.5499999999));
#277 = DIRECTION('',(3.064104139906E-16,8.673617379884E-16,-1.));
#278 = DIRECTION('',(-0.655255930307,-0.755406953765,-8.559883291817E-16
    ));
#279 = DEFINITIONAL_REPRESENTATION('',(#280),#288);
#280 = ( BOUNDED_CURVE() B_SPLINE_CURVE(2,(#281,#282,#283,#284,#285,#286
,#287),.UNSPECIFIED.,.T.,.F.) B_SPLINE_CURVE_WITH_KNOTS((1,2,2,2,2,1),(
    -2.094395102393,0.,2.094395102393,4.188790204786,6.28318530718,
8.377580409573),.UNSPECIFIED.) CURVE() GEOMETRIC_REPRESENTATION_ITEM() 
RATIONAL_B_SPLINE_CURVE((1.,0.5,1.,0.5,1.,0.5,1.)) REPRESENTATION_ITEM(
  '') );
#281 = CARTESIAN_POINT('',(1.661781823259E-12,0.4));
#282 = CARTESIAN_POINT('',(19.052558883259,0.4));
#283 = CARTESIAN_POINT('',(9.52627944163,-16.1));
#284 = CARTESIAN_POINT('',(1.664476046217E-12,-32.6));
#285 = CARTESIAN_POINT('',(-9.526279441627,-16.1));
#286 = CARTESIAN_POINT('',(-19.05255888325,0.4));
#287 = CARTESIAN_POINT('',(1.661781823259E-12,0.4));
#288 = ( GEOMETRIC_REPRESENTATION_CONTEXT(2) 
PARAMETRIC_REPRESENTATION_CONTEXT() REPRESENTATION_CONTEXT('2D SPACE',''
  ) );
#289 = ORIENTED_EDGE('',*,*,#290,.T.);
#290 = EDGE_CURVE('',#258,#291,#293,.T.);
#291 = VERTEX_POINT('',#292);
#292 = CARTESIAN_POINT('',(-5.448226981279,-258.3467660242,
    -400.0311653556));
#293 = SURFACE_CURVE('',#294,(#299,#328),.PCURVE_S1.);
#294 = B_SPLINE_CURVE_WITH_KNOTS('',3,(#295,#296,#297,#298),
  .UNSPECIFIED.,.F.,.F.,(4,4),(4.173719596368E-04,1.906302567462E-03),
  .PIECEWISE_BEZIER_KNOTS.);
#295 = CARTESIAN_POINT('',(-5.579604141116,-258.4229641868,
    -398.5499999999));
#296 = CARTESIAN_POINT('',(-5.536744461056,-258.3977087552,
    -399.0438129421));
#297 = CARTESIAN_POINT('',(-5.492899203953,-258.372265214,
    -399.5375277063));
#298 = CARTESIAN_POINT('',(-5.448226981279,-258.3467660242,
    -400.0311653556));
#299 = PCURVE('',#217,#300);
#300 = DEFINITIONAL_REPRESENTATION('',(#301),#327);
#301 = B_SPLINE_CURVE_WITH_KNOTS('',3,(#302,#303,#304,#305,#306,#307,
    #308,#309,#310,#311,#312,#313,#314,#315,#316,#317,#318,#319,#320,
    #321,#322,#323,#324,#325,#326),.UNSPECIFIED.,.F.,.F.,(4,1,1,1,1,1,1,
    1,1,1,1,1,1,1,1,1,1,1,1,1,1,1,4),(4.173719596368E-04,
    4.850506236289E-04,5.527292876209E-04,6.20407951613E-04,
    6.88086615605E-04,7.557652795971E-04,8.234439435891E-04,
    8.911226075812E-04,9.588012715732E-04,1.026479935565E-03,
    1.094158599557E-03,1.161837263549E-03,1.229515927541E-03,
    1.297194591534E-03,1.364873255526E-03,1.432551919518E-03,
    1.50023058351E-03,1.567909247502E-03,1.635587911494E-03,
    1.703266575486E-03,1.770945239478E-03,1.83862390347E-03,
    1.906302567462E-03),.UNSPECIFIED.);
#302 = CARTESIAN_POINT('',(5.959394260393,-47.5));
#303 = CARTESIAN_POINT('',(5.959188693239,-47.52244604282));
#304 = CARTESIAN_POINT('',(5.958777204078,-47.56733772278));
#305 = CARTESIAN_POINT('',(5.958158915983,-47.63467403751));
#306 = CARTESIAN_POINT('',(5.95753958374,-47.70200915889));
#307 = CARTESIAN_POINT('',(5.956919217552,-47.7693430988));
#308 = CARTESIAN_POINT('',(5.956297827623,-47.83667586909));
#309 = CARTESIAN_POINT('',(5.955675424152,-47.90400748165));
#310 = CARTESIAN_POINT('',(5.955052017337,-47.97133794834));
#311 = CARTESIAN_POINT('',(5.954427617374,-48.03866728103));
#312 = CARTESIAN_POINT('',(5.953802234458,-48.10599549158));
#313 = CARTESIAN_POINT('',(5.953175878779,-48.17332259187));
#314 = CARTESIAN_POINT('',(5.952548560529,-48.24064859377));
#315 = CARTESIAN_POINT('',(5.951920289893,-48.30797350914));
#316 = CARTESIAN_POINT('',(5.951291077058,-48.37529734985));
#317 = CARTESIAN_POINT('',(5.950660932206,-48.44262012778));
#318 = CARTESIAN_POINT('',(5.950029865518,-48.50994185478));
#319 = CARTESIAN_POINT('',(5.949397887173,-48.57726254273));
#320 = CARTESIAN_POINT('',(5.948765007345,-48.6445822035));
#321 = CARTESIAN_POINT('',(5.948131236208,-48.71190084896));
#322 = CARTESIAN_POINT('',(5.947496583933,-48.77921849097));
#323 = CARTESIAN_POINT('',(5.946861060689,-48.84653514141));
#324 = CARTESIAN_POINT('',(5.946224676642,-48.91385081213));
#325 = CARTESIAN_POINT('',(5.945799853516,-48.95872728073));
#326 = CARTESIAN_POINT('',(5.945587301873,-48.9811653557));
#327 = ( GEOMETRIC_REPRESENTATION_CONTEXT(2) 
PARAMETRIC_REPRESENTATION_CONTEXT() REPRESENTATION_CONTEXT('2D SPACE',''
  ) );
#328 = PCURVE('',#329,#334);
#329 = CONICAL_SURFACE('',#330,5.413112772211,1.448623279155);
#330 = AXIS2_PLACEMENT_3D('',#331,#332,#333);
#331 = CARTESIAN_POINT('',(-9.811557284488,-250.1315576586,-385.55));
#332 = DIRECTION('',(0.945171758509,0.326573647002,5.728679558641E-16));
#333 = DIRECTION('',(-2.447047999011E-16,-1.045950562642E-15,1.));
#334 = DEFINITIONAL_REPRESENTATION('',(#335),#361);
#335 = B_SPLINE_CURVE_WITH_KNOTS('',3,(#336,#337,#338,#339,#340,#341,
    #342,#343,#344,#345,#346,#347,#348,#349,#350,#351,#352,#353,#354,
    #355,#356,#357,#358,#359,#360),.UNSPECIFIED.,.F.,.F.,(4,1,1,1,1,1,1,
    1,1,1,1,1,1,1,1,1,1,1,1,1,1,1,4),(4.173719596368E-04,
    4.850506236289E-04,5.527292876209E-04,6.20407951613E-04,
    6.88086615605E-04,7.557652795971E-04,8.234439435891E-04,
    8.911226075812E-04,9.588012715732E-04,1.026479935565E-03,
    1.094158599557E-03,1.161837263549E-03,1.229515927541E-03,
    1.297194591534E-03,1.364873255526E-03,1.432551919518E-03,
    1.50023058351E-03,1.567909247502E-03,1.635587911494E-03,
    1.703266575486E-03,1.770945239478E-03,1.83862390347E-03,
    1.906302567462E-03),.UNSPECIFIED.);
#336 = CARTESIAN_POINT('',(2.524757348694,1.292167725751));
#337 = CARTESIAN_POINT('',(2.525595033551,1.294383976668));
#338 = CARTESIAN_POINT('',(2.527264665934,1.298820598819));
#339 = CARTESIAN_POINT('',(2.5297520428,1.305487771665));
#340 = CARTESIAN_POINT('',(2.532222488668,1.312167062248));
#341 = CARTESIAN_POINT('',(2.534676142763,1.318858350633));
#342 = CARTESIAN_POINT('',(2.537113143342,1.325561518141));
#343 = CARTESIAN_POINT('',(2.539533627553,1.332276447516));
#344 = CARTESIAN_POINT('',(2.541937731471,1.339003022859));
#345 = CARTESIAN_POINT('',(2.544325590097,1.345741129624));
#346 = CARTESIAN_POINT('',(2.546697337351,1.352490654598));
#347 = CARTESIAN_POINT('',(2.549053106084,1.35925148589));
#348 = CARTESIAN_POINT('',(2.55139302807,1.366023512909));
#349 = CARTESIAN_POINT('',(2.553717234017,1.372806626354));
#350 = CARTESIAN_POINT('',(2.556025853563,1.379600718196));
#351 = CARTESIAN_POINT('',(2.558319015282,1.386405681661));
#352 = CARTESIAN_POINT('',(2.560596846688,1.393221411218));
#353 = CARTESIAN_POINT('',(2.562859474234,1.400047802563));
#354 = CARTESIAN_POINT('',(2.565107023322,1.406884752604));
#355 = CARTESIAN_POINT('',(2.567339618297,1.413732159446));
#356 = CARTESIAN_POINT('',(2.569557382467,1.420589922369));
#357 = CARTESIAN_POINT('',(2.57176043807,1.427457941854));
#358 = CARTESIAN_POINT('',(2.573948906407,1.43433611942));
#359 = CARTESIAN_POINT('',(2.575398240376,1.438928278572));
#360 = CARTESIAN_POINT('',(2.576120516177,1.441226018781));
#361 = ( GEOMETRIC_REPRESENTATION_CONTEXT(2) 
PARAMETRIC_REPRESENTATION_CONTEXT() REPRESENTATION_CONTEXT('2D SPACE',''
  ) );
#362 = ORIENTED_EDGE('',*,*,#363,.T.);
#363 = EDGE_CURVE('',#291,#364,#366,.T.);
#364 = VERTEX_POINT('',#365);
#365 = CARTESIAN_POINT('',(-1.602830688832,-257.018113237,
    -400.0311653556));
#366 = SURFACE_CURVE('',#367,(#372,#401),.PCURVE_S1.);
#367 = B_SPLINE_CURVE_WITH_KNOTS('',3,(#368,#369,#370,#371),
  .UNSPECIFIED.,.F.,.F.,(4,4),(0.,1.),.PIECEWISE_BEZIER_KNOTS.);
#368 = CARTESIAN_POINT('',(-5.448226981279,-258.3467660242,
    -400.0311653556));
#369 = CARTESIAN_POINT('',(-4.26362106268,-257.6705854067,
    -400.1912402304));
#370 = CARTESIAN_POINT('',(-2.952190235353,-257.2174627396,
    -400.1912402304));
#371 = CARTESIAN_POINT('',(-1.602830688832,-257.018113237,
    -400.0311653556));
#372 = PCURVE('',#217,#373);
#373 = DEFINITIONAL_REPRESENTATION('',(#374),#400);
#374 = B_SPLINE_CURVE_WITH_KNOTS('',3,(#375,#376,#377,#378,#379,#380,
    #381,#382,#383,#384,#385,#386,#387,#388,#389,#390,#391,#392,#393,
    #394,#395,#396,#397,#398,#399),.UNSPECIFIED.,.F.,.F.,(4,1,1,1,1,1,1,
    1,1,1,1,1,1,1,1,1,1,1,1,1,1,1,4),(0.,4.545454545455E-02,
    9.090909090909E-02,0.136363636364,0.181818181818,0.227272727273,
    0.272727272727,0.318181818182,0.363636363636,0.409090909091,
    0.454545454545,0.5,0.545454545455,0.590909090909,0.636363636364,
    0.681818181818,0.727272727273,0.772727272727,0.818181818182,
    0.863636363636,0.909090909091,0.954545454545,1.),.UNSPECIFIED.);
#375 = CARTESIAN_POINT('',(5.945587301873,-48.9811653557));
#376 = CARTESIAN_POINT('',(5.939950919332,-48.98844148637));
#377 = CARTESIAN_POINT('',(5.928678299729,-49.00233228129));
#378 = CARTESIAN_POINT('',(5.911769629642,-49.0211840744));
#379 = CARTESIAN_POINT('',(5.894861022066,-49.03805146823));
#380 = CARTESIAN_POINT('',(5.877952349108,-49.05293446279));
#381 = CARTESIAN_POINT('',(5.861043521377,-49.06583305807));
#382 = CARTESIAN_POINT('',(5.844134489378,-49.07674725408));
#383 = CARTESIAN_POINT('',(5.827225236316,-49.08567705081));
#384 = CARTESIAN_POINT('',(5.810315773144,-49.09262244827));
#385 = CARTESIAN_POINT('',(5.793406132948,-49.09758344646));
#386 = CARTESIAN_POINT('',(5.776496365475,-49.10056004537));
#387 = CARTESIAN_POINT('',(5.759586531581,-49.10155224501));
#388 = CARTESIAN_POINT('',(5.742676697688,-49.10056004537));
#389 = CARTESIAN_POINT('',(5.725766930214,-49.09758344646));
#390 = CARTESIAN_POINT('',(5.708857290018,-49.09262244827));
#391 = CARTESIAN_POINT('',(5.691947826846,-49.08567705081));
#392 = CARTESIAN_POINT('',(5.675038573785,-49.07674725408));
#393 = CARTESIAN_POINT('',(5.658129541785,-49.06583305807));
#394 = CARTESIAN_POINT('',(5.641220714054,-49.05293446279));
#395 = CARTESIAN_POINT('',(5.624312041096,-49.03805146823));
#396 = CARTESIAN_POINT('',(5.60740343352,-49.0211840744));
#397 = CARTESIAN_POINT('',(5.590494763433,-49.00233228129));
#398 = CARTESIAN_POINT('',(5.57922214383,-48.98844148637));
#399 = CARTESIAN_POINT('',(5.573585761289,-48.9811653557));
#400 = ( GEOMETRIC_REPRESENTATION_CONTEXT(2) 
PARAMETRIC_REPRESENTATION_CONTEXT() REPRESENTATION_CONTEXT('2D SPACE',''
  ) );
#401 = PCURVE('',#402,#407);
#402 = CYLINDRICAL_SURFACE('',#403,17.150956750156);
#403 = AXIS2_PLACEMENT_3D('',#404,#405,#406);
#404 = CARTESIAN_POINT('',(-9.811557284488,-250.1315576586,-385.55));
#405 = DIRECTION('',(-0.945171758509,-0.326573647002,-5.728679558641E-16
    ));
#406 = DIRECTION('',(2.604780451139E-16,1.000299524807E-15,-1.));
#407 = DEFINITIONAL_REPRESENTATION('',(#408),#434);
#408 = B_SPLINE_CURVE_WITH_KNOTS('',3,(#409,#410,#411,#412,#413,#414,
    #415,#416,#417,#418,#419,#420,#421,#422,#423,#424,#425,#426,#427,
    #428,#429,#430,#431,#432,#433),.UNSPECIFIED.,.F.,.F.,(4,1,1,1,1,1,1,
    1,1,1,1,1,1,1,1,1,1,1,1,1,1,1,4),(0.,4.545454545455E-02,
    9.090909090909E-02,0.136363636364,0.181818181818,0.227272727273,
    0.272727272727,0.318181818182,0.363636363636,0.409090909091,
    0.454545454545,0.5,0.545454545455,0.590909090909,0.636363636364,
    0.681818181818,0.727272727273,0.772727272727,0.818181818182,
    0.863636363636,0.909090909091,0.954545454545,1.),.UNSPECIFIED.);
#409 = CARTESIAN_POINT('',(0.565472137412,-1.441226018782));
#410 = CARTESIAN_POINT('',(0.564680369023,-1.50215687467));
#411 = CARTESIAN_POINT('',(0.563168814634,-1.624212910718));
#412 = CARTESIAN_POINT('',(0.561117438114,-1.807826940074));
#413 = CARTESIAN_POINT('',(0.559282028161,-1.991917947186));
#414 = CARTESIAN_POINT('',(0.557662583664,-2.176432934527));
#415 = CARTESIAN_POINT('',(0.556259098583,-2.361318904567));
#416 = CARTESIAN_POINT('',(0.555071562842,-2.546522859778));
#417 = CARTESIAN_POINT('',(0.554099964664,-2.731991802631));
#418 = CARTESIAN_POINT('',(0.55334429213,-2.917672735599));
#419 = CARTESIAN_POINT('',(0.552804534565,-3.103512661152));
#420 = CARTESIAN_POINT('',(0.552480683589,-3.289458581762));
#421 = CARTESIAN_POINT('',(0.552372733873,-3.4754574999));
#422 = CARTESIAN_POINT('',(0.552480683589,-3.661456418039));
#423 = CARTESIAN_POINT('',(0.552804534565,-3.847402338649));
#424 = CARTESIAN_POINT('',(0.55334429213,-4.033242264202));
#425 = CARTESIAN_POINT('',(0.554099964664,-4.218923197169));
#426 = CARTESIAN_POINT('',(0.555071562842,-4.404392140023));
#427 = CARTESIAN_POINT('',(0.556259098583,-4.589596095234));
#428 = CARTESIAN_POINT('',(0.557662583664,-4.774482065274));
#429 = CARTESIAN_POINT('',(0.559282028161,-4.958997052614));
#430 = CARTESIAN_POINT('',(0.561117438114,-5.143088059727));
#431 = CARTESIAN_POINT('',(0.563168814634,-5.326702089083));
#432 = CARTESIAN_POINT('',(0.564680369023,-5.44875812513));
#433 = CARTESIAN_POINT('',(0.565472137412,-5.509688981019));
#434 = ( GEOMETRIC_REPRESENTATION_CONTEXT(2) 
PARAMETRIC_REPRESENTATION_CONTEXT() REPRESENTATION_CONTEXT('2D SPACE',''
  ) );
#435 = ORIENTED_EDGE('',*,*,#436,.T.);
#436 = EDGE_CURVE('',#364,#437,#439,.T.);
#437 = VERTEX_POINT('',#438);
#438 = CARTESIAN_POINT('',(-1.452436470794,-256.9969543788,
    -398.5499999999));
#439 = SURFACE_CURVE('',#440,(#445,#474),.PCURVE_S1.);
#440 = B_SPLINE_CURVE_WITH_KNOTS('',3,(#441,#442,#443,#444),
  .UNSPECIFIED.,.F.,.F.,(4,4),(1.397430546002E-03,2.886361153828E-03),
  .PIECEWISE_BEZIER_KNOTS.);
#441 = CARTESIAN_POINT('',(-1.602830688832,-257.018113237,
    -400.0311653556));
#442 = CARTESIAN_POINT('',(-1.551945504837,-257.0105956438,
    -399.5375277063));
#443 = CARTESIAN_POINT('',(-1.501745247951,-257.0035447879,
    -399.0438129421));
#444 = CARTESIAN_POINT('',(-1.452436470794,-256.9969543788,
    -398.5499999999));
#445 = PCURVE('',#217,#446);
#446 = DEFINITIONAL_REPRESENTATION('',(#447),#473);
#447 = B_SPLINE_CURVE_WITH_KNOTS('',3,(#448,#449,#450,#451,#452,#453,
    #454,#455,#456,#457,#458,#459,#460,#461,#462,#463,#464,#465,#466,
    #467,#468,#469,#470,#471,#472),.UNSPECIFIED.,.F.,.F.,(4,1,1,1,1,1,1,
    1,1,1,1,1,1,1,1,1,1,1,1,1,1,1,4),(1.397430546002E-03,
    1.465109209994E-03,1.532787873986E-03,1.600466537978E-03,
    1.66814520197E-03,1.735823865962E-03,1.803502529955E-03,
    1.871181193947E-03,1.938859857939E-03,2.006538521931E-03,
    2.074217185923E-03,2.141895849915E-03,2.209574513907E-03,
    2.277253177899E-03,2.344931841891E-03,2.412610505883E-03,
    2.480289169875E-03,2.547967833868E-03,2.61564649786E-03,
    2.683325161852E-03,2.751003825844E-03,2.818682489836E-03,
    2.886361153828E-03),.UNSPECIFIED.);
#448 = CARTESIAN_POINT('',(5.573585761289,-48.9811653557));
#449 = CARTESIAN_POINT('',(5.573373209647,-48.95872728073));
#450 = CARTESIAN_POINT('',(5.572948386521,-48.91385081213));
#451 = CARTESIAN_POINT('',(5.572312002473,-48.84653514141));
#452 = CARTESIAN_POINT('',(5.571676479229,-48.77921849097));
#453 = CARTESIAN_POINT('',(5.571041826954,-48.71190084896));
#454 = CARTESIAN_POINT('',(5.570408055818,-48.6445822035));
#455 = CARTESIAN_POINT('',(5.56977517599,-48.57726254273));
#456 = CARTESIAN_POINT('',(5.569143197644,-48.50994185478));
#457 = CARTESIAN_POINT('',(5.568512130956,-48.44262012778));
#458 = CARTESIAN_POINT('',(5.567881986104,-48.37529734985));
#459 = CARTESIAN_POINT('',(5.567252773269,-48.30797350914));
#460 = CARTESIAN_POINT('',(5.566624502634,-48.24064859377));
#461 = CARTESIAN_POINT('',(5.565997184383,-48.17332259187));
#462 = CARTESIAN_POINT('',(5.565370828704,-48.10599549158));
#463 = CARTESIAN_POINT('',(5.564745445788,-48.03866728103));
#464 = CARTESIAN_POINT('',(5.564121045825,-47.97133794834));
#465 = CARTESIAN_POINT('',(5.56349763901,-47.90400748165));
#466 = CARTESIAN_POINT('',(5.562875235539,-47.83667586909));
#467 = CARTESIAN_POINT('',(5.56225384561,-47.7693430988));
#468 = CARTESIAN_POINT('',(5.561633479423,-47.70200915889));
#469 = CARTESIAN_POINT('',(5.561014147179,-47.63467403751));
#470 = CARTESIAN_POINT('',(5.560395859084,-47.56733772278));
#471 = CARTESIAN_POINT('',(5.559984369923,-47.52244604282));
#472 = CARTESIAN_POINT('',(5.55977880277,-47.5));
#473 = ( GEOMETRIC_REPRESENTATION_CONTEXT(2) 
PARAMETRIC_REPRESENTATION_CONTEXT() REPRESENTATION_CONTEXT('2D SPACE',''
  ) );
#474 = PCURVE('',#475,#480);
#475 = CONICAL_SURFACE('',#476,17.150956750156,1.448623279155);
#476 = AXIS2_PLACEMENT_3D('',#477,#478,#479);
#477 = CARTESIAN_POINT('',(-4.603954861463,-248.3322384342,-385.55));
#478 = DIRECTION('',(-0.945171758509,-0.326573647002,-5.728679558641E-16
    ));
#479 = DIRECTION('',(2.916981082385E-16,9.0994219734E-16,-1.));
#480 = DEFINITIONAL_REPRESENTATION('',(#481),#507);
#481 = B_SPLINE_CURVE_WITH_KNOTS('',3,(#482,#483,#484,#485,#486,#487,
    #488,#489,#490,#491,#492,#493,#494,#495,#496,#497,#498,#499,#500,
    #501,#502,#503,#504,#505,#506),.UNSPECIFIED.,.F.,.F.,(4,1,1,1,1,1,1,
    1,1,1,1,1,1,1,1,1,1,1,1,1,1,1,4),(1.397430546002E-03,
    1.465109209994E-03,1.532787873986E-03,1.600466537978E-03,
    1.66814520197E-03,1.735823865962E-03,1.803502529955E-03,
    1.871181193947E-03,1.938859857939E-03,2.006538521931E-03,
    2.074217185923E-03,2.141895849915E-03,2.209574513907E-03,
    2.277253177899E-03,2.344931841891E-03,2.412610505883E-03,
    2.480289169875E-03,2.547967833868E-03,2.61564649786E-03,
    2.683325161852E-03,2.751003825844E-03,2.818682489836E-03,
    2.886361153828E-03),.UNSPECIFIED.);
#482 = CARTESIAN_POINT('',(0.565472137412,-1.489181473827E-12));
#483 = CARTESIAN_POINT('',(0.566194413214,-2.297740210335E-03));
#484 = CARTESIAN_POINT('',(0.567643747183,-6.889899362318E-03));
#485 = CARTESIAN_POINT('',(0.56983221552,-1.376807692818E-02));
#486 = CARTESIAN_POINT('',(0.572035271123,-2.063609641292E-02));
#487 = CARTESIAN_POINT('',(0.574253035293,-2.749385933662E-02));
#488 = CARTESIAN_POINT('',(0.576485630268,-3.434126617833E-02));
#489 = CARTESIAN_POINT('',(0.578733179356,-4.117821621877E-02));
#490 = CARTESIAN_POINT('',(0.580995806902,-4.800460756418E-02));
#491 = CARTESIAN_POINT('',(0.583273638308,-5.482033712153E-02));
#492 = CARTESIAN_POINT('',(0.585566800027,-6.162530058652E-02));
#493 = CARTESIAN_POINT('',(0.587875419573,-6.841939242805E-02));
#494 = CARTESIAN_POINT('',(0.59019962552,-7.52025058733E-02));
#495 = CARTESIAN_POINT('',(0.592539547506,-8.197453289262E-02));
#496 = CARTESIAN_POINT('',(0.594895316239,-8.873536418416E-02));
#497 = CARTESIAN_POINT('',(0.597267063493,-9.548488915851E-02));
#498 = CARTESIAN_POINT('',(0.599654922118,-0.102222995923));
#499 = CARTESIAN_POINT('',(0.602059026037,-0.108949571266));
#500 = CARTESIAN_POINT('',(0.604479510248,-0.115664500641));
#501 = CARTESIAN_POINT('',(0.606916510827,-0.122367668149));
#502 = CARTESIAN_POINT('',(0.609370164922,-0.129058956534));
#503 = CARTESIAN_POINT('',(0.61184061079,-0.135738247117));
#504 = CARTESIAN_POINT('',(0.614327987656,-0.142405419964));
#505 = CARTESIAN_POINT('',(0.615997620039,-0.146842042114));
#506 = CARTESIAN_POINT('',(0.616835304896,-0.149058293031));
#507 = ( GEOMETRIC_REPRESENTATION_CONTEXT(2) 
PARAMETRIC_REPRESENTATION_CONTEXT() REPRESENTATION_CONTEXT('2D SPACE',''
  ) );
#508 = ORIENTED_EDGE('',*,*,#509,.F.);
#509 = EDGE_CURVE('',#510,#437,#512,.T.);
#510 = VERTEX_POINT('',#511);
#511 = CARTESIAN_POINT('',(5.419961660733,-258.3252289792,
    -398.5499999999));
#512 = SURFACE_CURVE('',#513,(#518,#525),.PCURVE_S1.);
#513 = CIRCLE('',#514,11.);
#514 = AXIS2_PLACEMENT_3D('',#515,#516,#517);
#515 = CARTESIAN_POINT('',(4.819932363006E-03,-267.899999998,
    -398.5499999999));
#516 = DIRECTION('',(-3.064104139906E-16,-8.673617379884E-16,1.));
#517 = DIRECTION('',(-0.755406953765,0.655255930307,3.368793651039E-16)
  );
#518 = PCURVE('',#217,#519);
#519 = DEFINITIONAL_REPRESENTATION('',(#520),#524);
#520 = LINE('',#521,#522);
#521 = CARTESIAN_POINT('',(-8.881784197001E-16,-47.5));
#522 = VECTOR('',#523,1.);
#523 = DIRECTION('',(1.,8.777793491346E-14));
#524 = ( GEOMETRIC_REPRESENTATION_CONTEXT(2) 
PARAMETRIC_REPRESENTATION_CONTEXT() REPRESENTATION_CONTEXT('2D SPACE',''
  ) );
#525 = PCURVE('',#526,#531);
#526 = PLANE('',#527);
#527 = AXIS2_PLACEMENT_3D('',#528,#529,#530);
#528 = CARTESIAN_POINT('',(8.011464876773,-274.8459045558,
    -398.5499932541));
#529 = DIRECTION('',(4.807352263484E-07,-4.170230465028E-07,-1.));
#530 = DIRECTION('',(-0.655297478971,-0.755370911576,-1.750309362897E-11
    ));
#531 = DEFINITIONAL_REPRESENTATION('',(#532),#540);
#532 = ( BOUNDED_CURVE() B_SPLINE_CURVE(2,(#533,#534,#535,#536,#537,#538
,#539),.UNSPECIFIED.,.T.,.F.) B_SPLINE_CURVE_WITH_KNOTS((1,2,2,2,2,1),(
    -2.094395102393,0.,2.094395102393,4.188790204786,6.28318530718,
8.377580409573),.UNSPECIFIED.) CURVE() GEOMETRIC_REPRESENTATION_ITEM() 
RATIONAL_B_SPLINE_CURVE((1.,0.5,1.,0.5,1.,0.5,1.)) REPRESENTATION_ITEM(
  '') );
#533 = CARTESIAN_POINT('',(6.050226500779E-04,21.599620419561));
#534 = CARTESIAN_POINT('',(19.053163877084,21.598572471516));
#535 = CARTESIAN_POINT('',(9.525976900238,5.099096470501));
#536 = CARTESIAN_POINT('',(-1.21007660695E-03,-11.40037953051));
#537 = CARTESIAN_POINT('',(-9.526581954195,5.100144418545));
#538 = CARTESIAN_POINT('',(-19.05195383178,21.600668367605));
#539 = CARTESIAN_POINT('',(6.050226500779E-04,21.599620419561));
#540 = ( GEOMETRIC_REPRESENTATION_CONTEXT(2) 
PARAMETRIC_REPRESENTATION_CONTEXT() REPRESENTATION_CONTEXT('2D SPACE',''
  ) );
#541 = ORIENTED_EDGE('',*,*,#542,.T.);
#542 = EDGE_CURVE('',#510,#543,#545,.T.);
#543 = VERTEX_POINT('',#544);
#544 = CARTESIAN_POINT('',(5.551639785124,-258.4009058559,
    -400.0311653556));
#545 = SURFACE_CURVE('',#546,(#551,#580),.PCURVE_S1.);
#546 = B_SPLINE_CURVE_WITH_KNOTS('',3,(#547,#548,#549,#550),
  .UNSPECIFIED.,.F.,.F.,(4,4),(4.173719596368E-04,1.906302567462E-03),
  .PIECEWISE_BEZIER_KNOTS.);
#547 = CARTESIAN_POINT('',(5.419961660733,-258.3252289792,
    -398.5499999999));
#548 = CARTESIAN_POINT('',(5.463263346059,-258.3497188352,
    -399.0438129421));
#549 = CARTESIAN_POINT('',(5.507220727674,-258.3749681711,
    -399.5375277063));
#550 = CARTESIAN_POINT('',(5.551639785124,-258.4009058559,
    -400.0311653556));
#551 = PCURVE('',#217,#552);
#552 = DEFINITIONAL_REPRESENTATION('',(#553),#579);
#553 = B_SPLINE_CURVE_WITH_KNOTS('',3,(#554,#555,#556,#557,#558,#559,
    #560,#561,#562,#563,#564,#565,#566,#567,#568,#569,#570,#571,#572,
    #573,#574,#575,#576,#577,#578),.UNSPECIFIED.,.F.,.F.,(4,1,1,1,1,1,1,
    1,1,1,1,1,1,1,1,1,1,1,1,1,1,1,4),(4.173719596368E-04,
    4.850506236289E-04,5.527292876209E-04,6.20407951613E-04,
    6.88086615605E-04,7.557652795971E-04,8.234439435891E-04,
    8.911226075812E-04,9.588012715732E-04,1.026479935565E-03,
    1.094158599557E-03,1.161837263549E-03,1.229515927541E-03,
    1.297194591534E-03,1.364873255526E-03,1.432551919518E-03,
    1.50023058351E-03,1.567909247502E-03,1.635587911494E-03,
    1.703266575486E-03,1.770945239478E-03,1.83862390347E-03,
    1.906302567462E-03),.UNSPECIFIED.);
#554 = CARTESIAN_POINT('',(4.912196709196,-47.5));
#555 = CARTESIAN_POINT('',(4.911991142043,-47.52244604282));
#556 = CARTESIAN_POINT('',(4.911579652882,-47.56733772278));
#557 = CARTESIAN_POINT('',(4.910961364786,-47.63467403751));
#558 = CARTESIAN_POINT('',(4.910342032543,-47.70200915889));
#559 = CARTESIAN_POINT('',(4.909721666356,-47.7693430988));
#560 = CARTESIAN_POINT('',(4.909100276426,-47.83667586909));
#561 = CARTESIAN_POINT('',(4.908477872955,-47.90400748165));
#562 = CARTESIAN_POINT('',(4.90785446614,-47.97133794834));
#563 = CARTESIAN_POINT('',(4.907230066178,-48.03866728103));
#564 = CARTESIAN_POINT('',(4.906604683261,-48.10599549158));
#565 = CARTESIAN_POINT('',(4.905978327583,-48.17332259187));
#566 = CARTESIAN_POINT('',(4.905351009332,-48.24064859377));
#567 = CARTESIAN_POINT('',(4.904722738697,-48.30797350914));
#568 = CARTESIAN_POINT('',(4.904093525862,-48.37529734985));
#569 = CARTESIAN_POINT('',(4.90346338101,-48.44262012778));
#570 = CARTESIAN_POINT('',(4.902832314322,-48.50994185478));
#571 = CARTESIAN_POINT('',(4.902200335976,-48.57726254273));
#572 = CARTESIAN_POINT('',(4.901567456148,-48.6445822035));
#573 = CARTESIAN_POINT('',(4.900933685011,-48.71190084896));
#574 = CARTESIAN_POINT('',(4.900299032737,-48.77921849097));
#575 = CARTESIAN_POINT('',(4.899663509493,-48.84653514141));
#576 = CARTESIAN_POINT('',(4.899027125445,-48.91385081213));
#577 = CARTESIAN_POINT('',(4.898602302319,-48.95872728073));
#578 = CARTESIAN_POINT('',(4.898389750676,-48.9811653557));
#579 = ( GEOMETRIC_REPRESENTATION_CONTEXT(2) 
PARAMETRIC_REPRESENTATION_CONTEXT() REPRESENTATION_CONTEXT('2D SPACE',''
  ) );
#580 = PCURVE('',#581,#586);
#581 = CONICAL_SURFACE('',#582,17.150956750156,1.448623279155);
#582 = AXIS2_PLACEMENT_3D('',#583,#584,#585);
#583 = CARTESIAN_POINT('',(11.57387725567,-251.4593008647,
    -385.5500012943));
#584 = DIRECTION('',(0.755370911576,-0.655297478971,6.364075571725E-07)
  );
#585 = DIRECTION('',(4.807352262178E-07,-4.170230466124E-07,-1.));
#586 = DEFINITIONAL_REPRESENTATION('',(#587),#613);
#587 = B_SPLINE_CURVE_WITH_KNOTS('',3,(#588,#589,#590,#591,#592,#593,
    #594,#595,#596,#597,#598,#599,#600,#601,#602,#603,#604,#605,#606,
    #607,#608,#609,#610,#611,#612),.UNSPECIFIED.,.F.,.F.,(4,1,1,1,1,1,1,
    1,1,1,1,1,1,1,1,1,1,1,1,1,1,1,4),(4.173719596368E-04,
    4.850506236289E-04,5.527292876209E-04,6.20407951613E-04,
    6.88086615605E-04,7.557652795971E-04,8.234439435891E-04,
    8.911226075812E-04,9.588012715732E-04,1.026479935565E-03,
    1.094158599557E-03,1.161837263549E-03,1.229515927541E-03,
    1.297194591534E-03,1.364873255526E-03,1.432551919518E-03,
    1.50023058351E-03,1.567909247502E-03,1.635587911494E-03,
    1.703266575486E-03,1.770945239478E-03,1.83862390347E-03,
    1.906302567462E-03),.UNSPECIFIED.);
#588 = CARTESIAN_POINT('',(5.666343805053,-0.149053196959));
#589 = CARTESIAN_POINT('',(5.667181499628,-0.146836965019));
#590 = CARTESIAN_POINT('',(5.668851151463,-0.142400380725));
#591 = CARTESIAN_POINT('',(5.67133855756,-0.135733264372));
#592 = CARTESIAN_POINT('',(5.673809032704,-0.129054029994));
#593 = CARTESIAN_POINT('',(5.676262716119,-0.122362797526));
#594 = CARTESIAN_POINT('',(5.678699746057,-0.115659685647));
#595 = CARTESIAN_POINT('',(5.681120259662,-0.108944811615));
#596 = CARTESIAN_POINT('',(5.683524393007,-0.102218291329));
#597 = CARTESIAN_POINT('',(5.685912281088,-9.548023933749E-02));
#598 = CARTESIAN_POINT('',(5.688284057823,-8.873076885226E-02));
#599 = CARTESIAN_POINT('',(5.690639856058,-8.196999176731E-02));
#600 = CARTESIAN_POINT('',(5.692979807565,-7.519801867309E-02));
#601 = CARTESIAN_POINT('',(5.695304043049,-6.841495887252E-02));
#602 = CARTESIAN_POINT('',(5.697612692144,-6.162092039627E-02));
#603 = CARTESIAN_POINT('',(5.699905883423,-5.481601001828E-02));
#604 = CARTESIAN_POINT('',(5.702183744394,-4.800033327068E-02));
#605 = CARTESIAN_POINT('',(5.70444640151,-4.117399445889E-02));
#606 = CARTESIAN_POINT('',(5.706693980168,-3.433709667704E-02));
#607 = CARTESIAN_POINT('',(5.708926604712,-2.748974181993E-02));
#608 = CARTESIAN_POINT('',(5.711144398448,-2.063203060805E-02));
#609 = CARTESIAN_POINT('',(5.713347483608,-1.376406256343E-02));
#610 = CARTESIAN_POINT('',(5.715535981493,-6.885936167065E-03));
#611 = CARTESIAN_POINT('',(5.716985335153,-2.29381094847E-03));
#612 = CARTESIAN_POINT('',(5.717707620797,3.912338390778E-06));
#613 = ( GEOMETRIC_REPRESENTATION_CONTEXT(2) 
PARAMETRIC_REPRESENTATION_CONTEXT() REPRESENTATION_CONTEXT('2D SPACE',''
  ) );
#614 = ORIENTED_EDGE('',*,*,#615,.T.);
#615 = EDGE_CURVE('',#543,#616,#618,.T.);
#616 = VERTEX_POINT('',#617);
#617 = CARTESIAN_POINT('',(8.624984997934,-261.0667903391,
    -400.0311653556));
#618 = SURFACE_CURVE('',#619,(#624,#653),.PCURVE_S1.);
#619 = B_SPLINE_CURVE_WITH_KNOTS('',3,(#620,#621,#622,#623),
  .UNSPECIFIED.,.F.,.F.,(4,4),(0.,1.),.PIECEWISE_BEZIER_KNOTS.);
#620 = CARTESIAN_POINT('',(5.551639785124,-258.4009058559,
    -400.0311653556));
#621 = CARTESIAN_POINT('',(6.729532336798,-259.0887143661,
    -400.1912402304));
#622 = CARTESIAN_POINT('',(7.777663491189,-259.9978854443,
    -400.1912402304));
#623 = CARTESIAN_POINT('',(8.624984997934,-261.0667903391,
    -400.0311653556));
#624 = PCURVE('',#217,#625);
#625 = DEFINITIONAL_REPRESENTATION('',(#626),#652);
#626 = B_SPLINE_CURVE_WITH_KNOTS('',3,(#627,#628,#629,#630,#631,#632,
    #633,#634,#635,#636,#637,#638,#639,#640,#641,#642,#643,#644,#645,
    #646,#647,#648,#649,#650,#651),.UNSPECIFIED.,.F.,.F.,(4,1,1,1,1,1,1,
    1,1,1,1,1,1,1,1,1,1,1,1,1,1,1,4),(0.,4.545454545455E-02,
    9.090909090909E-02,0.136363636364,0.181818181818,0.227272727273,
    0.272727272727,0.318181818182,0.363636363636,0.409090909091,
    0.454545454545,0.5,0.545454545455,0.590909090909,0.636363636364,
    0.681818181818,0.727272727273,0.772727272727,0.818181818182,
    0.863636363636,0.909090909091,0.954545454545,1.),.UNSPECIFIED.);
#627 = CARTESIAN_POINT('',(4.898389750676,-48.9811653557));
#628 = CARTESIAN_POINT('',(4.892753368136,-48.98844148637));
#629 = CARTESIAN_POINT('',(4.881480748533,-49.00233228129));
#630 = CARTESIAN_POINT('',(4.864572078445,-49.0211840744));
#631 = CARTESIAN_POINT('',(4.847663470869,-49.03805146823));
#632 = CARTESIAN_POINT('',(4.830754797912,-49.05293446279));
#633 = CARTESIAN_POINT('',(4.81384597018,-49.06583305807));
#634 = CARTESIAN_POINT('',(4.796936938181,-49.07674725408));
#635 = CARTESIAN_POINT('',(4.780027685119,-49.08567705081));
#636 = CARTESIAN_POINT('',(4.763118221947,-49.09262244827));
#637 = CARTESIAN_POINT('',(4.746208581752,-49.09758344646));
#638 = CARTESIAN_POINT('',(4.729298814278,-49.10056004537));
#639 = CARTESIAN_POINT('',(4.712388980385,-49.10155224501));
#640 = CARTESIAN_POINT('',(4.695479146491,-49.10056004537));
#641 = CARTESIAN_POINT('',(4.678569379017,-49.09758344646));
#642 = CARTESIAN_POINT('',(4.661659738822,-49.09262244827));
#643 = CARTESIAN_POINT('',(4.64475027565,-49.08567705081));
#644 = CARTESIAN_POINT('',(4.627841022588,-49.07674725408));
#645 = CARTESIAN_POINT('',(4.610931990589,-49.06583305807));
#646 = CARTESIAN_POINT('',(4.594023162857,-49.05293446279));
#647 = CARTESIAN_POINT('',(4.5771144899,-49.03805146823));
#648 = CARTESIAN_POINT('',(4.560205882324,-49.0211840744));
#649 = CARTESIAN_POINT('',(4.543297212237,-49.00233228129));
#650 = CARTESIAN_POINT('',(4.532024592634,-48.98844148637));
#651 = CARTESIAN_POINT('',(4.526388210093,-48.9811653557));
#652 = ( GEOMETRIC_REPRESENTATION_CONTEXT(2) 
PARAMETRIC_REPRESENTATION_CONTEXT() REPRESENTATION_CONTEXT('2D SPACE',''
  ) );
#653 = PCURVE('',#654,#659);
#654 = CYLINDRICAL_SURFACE('',#655,17.150956750156);
#655 = AXIS2_PLACEMENT_3D('',#656,#657,#658);
#656 = CARTESIAN_POINT('',(10.48455377557,-250.5145467854,-385.55));
#657 = DIRECTION('',(-0.755406953765,0.655255930307,3.368793651059E-16)
  );
#658 = DIRECTION('',(1.961035928902E-16,7.401953349831E-16,-1.));
#659 = DEFINITIONAL_REPRESENTATION('',(#660),#686);
#660 = B_SPLINE_CURVE_WITH_KNOTS('',3,(#661,#662,#663,#664,#665,#666,
    #667,#668,#669,#670,#671,#672,#673,#674,#675,#676,#677,#678,#679,
    #680,#681,#682,#683,#684,#685),.UNSPECIFIED.,.F.,.F.,(4,1,1,1,1,1,1,
    1,1,1,1,1,1,1,1,1,1,1,1,1,1,1,4),(0.,4.545454545455E-02,
    9.090909090909E-02,0.136363636364,0.181818181818,0.227272727273,
    0.272727272727,0.318181818182,0.363636363636,0.409090909091,
    0.454545454545,0.5,0.545454545455,0.590909090909,0.636363636364,
    0.681818181818,0.727272727273,0.772727272727,0.818181818182,
    0.863636363636,0.909090909091,0.954545454545,1.),.UNSPECIFIED.);
#661 = CARTESIAN_POINT('',(0.565472137412,-1.44122601878));
#662 = CARTESIAN_POINT('',(0.564680369023,-1.502156874668));
#663 = CARTESIAN_POINT('',(0.563168814634,-1.624212910716));
#664 = CARTESIAN_POINT('',(0.561117438114,-1.807826940072));
#665 = CARTESIAN_POINT('',(0.559282028161,-1.991917947184));
#666 = CARTESIAN_POINT('',(0.557662583664,-2.176432934525));
#667 = CARTESIAN_POINT('',(0.556259098583,-2.361318904565));
#668 = CARTESIAN_POINT('',(0.555071562842,-2.546522859776));
#669 = CARTESIAN_POINT('',(0.554099964664,-2.73199180263));
#670 = CARTESIAN_POINT('',(0.55334429213,-2.917672735597));
#671 = CARTESIAN_POINT('',(0.552804534565,-3.10351266115));
#672 = CARTESIAN_POINT('',(0.552480683589,-3.28945858176));
#673 = CARTESIAN_POINT('',(0.552372733873,-3.475457499899));
#674 = CARTESIAN_POINT('',(0.552480683589,-3.661456418037));
#675 = CARTESIAN_POINT('',(0.552804534565,-3.847402338647));
#676 = CARTESIAN_POINT('',(0.55334429213,-4.0332422642));
#677 = CARTESIAN_POINT('',(0.554099964664,-4.218923197168));
#678 = CARTESIAN_POINT('',(0.555071562842,-4.404392140021));
#679 = CARTESIAN_POINT('',(0.556259098583,-4.589596095232));
#680 = CARTESIAN_POINT('',(0.557662583664,-4.774482065272));
#681 = CARTESIAN_POINT('',(0.559282028161,-4.958997052612));
#682 = CARTESIAN_POINT('',(0.561117438114,-5.143088059725));
#683 = CARTESIAN_POINT('',(0.563168814634,-5.326702089081));
#684 = CARTESIAN_POINT('',(0.564680369023,-5.448758125129));
#685 = CARTESIAN_POINT('',(0.565472137412,-5.509688981017));
#686 = ( GEOMETRIC_REPRESENTATION_CONTEXT(2) 
PARAMETRIC_REPRESENTATION_CONTEXT() REPRESENTATION_CONTEXT('2D SPACE',''
  ) );
#687 = ORIENTED_EDGE('',*,*,#688,.T.);
#688 = EDGE_CURVE('',#616,#689,#691,.T.);
#689 = VERTEX_POINT('',#690);
#690 = CARTESIAN_POINT('',(8.718506215676,-261.1864561234,
    -398.5499999999));
#691 = SURFACE_CURVE('',#692,(#697,#726),.PCURVE_S1.);
#692 = B_SPLINE_CURVE_WITH_KNOTS('',3,(#693,#694,#695,#696),
  .UNSPECIFIED.,.F.,.F.,(4,4),(1.397430546002E-03,2.886361153828E-03),
  .PIECEWISE_BEZIER_KNOTS.);
#693 = CARTESIAN_POINT('',(8.624984997934,-261.0667903391,
    -400.0311653556));
#694 = CARTESIAN_POINT('',(8.656938016598,-261.1070994045,
    -399.5375277063));
#695 = CARTESIAN_POINT('',(8.688144365381,-261.1470486743,
    -399.0438129421));
#696 = CARTESIAN_POINT('',(8.718506215676,-261.1864561234,
    -398.5499999999));
#697 = PCURVE('',#217,#698);
#698 = DEFINITIONAL_REPRESENTATION('',(#699),#725);
#699 = B_SPLINE_CURVE_WITH_KNOTS('',3,(#700,#701,#702,#703,#704,#705,
    #706,#707,#708,#709,#710,#711,#712,#713,#714,#715,#716,#717,#718,
    #719,#720,#721,#722,#723,#724),.UNSPECIFIED.,.F.,.F.,(4,1,1,1,1,1,1,
    1,1,1,1,1,1,1,1,1,1,1,1,1,1,1,4),(1.397430546002E-03,
    1.465109209994E-03,1.532787873986E-03,1.600466537978E-03,
    1.66814520197E-03,1.735823865962E-03,1.803502529955E-03,
    1.871181193947E-03,1.938859857939E-03,2.006538521931E-03,
    2.074217185923E-03,2.141895849915E-03,2.209574513907E-03,
    2.277253177899E-03,2.344931841891E-03,2.412610505883E-03,
    2.480289169875E-03,2.547967833868E-03,2.61564649786E-03,
    2.683325161852E-03,2.751003825844E-03,2.818682489836E-03,
    2.886361153828E-03),.UNSPECIFIED.);
#700 = CARTESIAN_POINT('',(4.526388210093,-48.9811653557));
#701 = CARTESIAN_POINT('',(4.52617565845,-48.95872728073));
#702 = CARTESIAN_POINT('',(4.525750835324,-48.91385081213));
#703 = CARTESIAN_POINT('',(4.525114451276,-48.84653514141));
#704 = CARTESIAN_POINT('',(4.524478928032,-48.77921849097));
#705 = CARTESIAN_POINT('',(4.523844275758,-48.71190084896));
#706 = CARTESIAN_POINT('',(4.523210504621,-48.6445822035));
#707 = CARTESIAN_POINT('',(4.522577624793,-48.57726254273));
#708 = CARTESIAN_POINT('',(4.521945646447,-48.50994185478));
#709 = CARTESIAN_POINT('',(4.521314579759,-48.44262012778));
#710 = CARTESIAN_POINT('',(4.520684434908,-48.37529734985));
#711 = CARTESIAN_POINT('',(4.520055222072,-48.30797350914));
#712 = CARTESIAN_POINT('',(4.519426951437,-48.24064859377));
#713 = CARTESIAN_POINT('',(4.518799633186,-48.17332259187));
#714 = CARTESIAN_POINT('',(4.518173277508,-48.10599549158));
#715 = CARTESIAN_POINT('',(4.517547894591,-48.03866728103));
#716 = CARTESIAN_POINT('',(4.516923494629,-47.97133794834));
#717 = CARTESIAN_POINT('',(4.516300087814,-47.90400748165));
#718 = CARTESIAN_POINT('',(4.515677684343,-47.83667586909));
#719 = CARTESIAN_POINT('',(4.515056294413,-47.7693430988));
#720 = CARTESIAN_POINT('',(4.514435928226,-47.70200915889));
#721 = CARTESIAN_POINT('',(4.513816595983,-47.63467403751));
#722 = CARTESIAN_POINT('',(4.513198307887,-47.56733772278));
#723 = CARTESIAN_POINT('',(4.512786818727,-47.52244604282));
#724 = CARTESIAN_POINT('',(4.512581251573,-47.5));
#725 = ( GEOMETRIC_REPRESENTATION_CONTEXT(2) 
PARAMETRIC_REPRESENTATION_CONTEXT() REPRESENTATION_CONTEXT('2D SPACE',''
  ) );
#726 = PCURVE('',#727,#732);
#727 = CONICAL_SURFACE('',#728,17.150956750156,1.448623279155);
#728 = AXIS2_PLACEMENT_3D('',#729,#730,#731);
#729 = CARTESIAN_POINT('',(14.64661114491,-254.1248031643,-385.55));
#730 = DIRECTION('',(-0.755406953765,0.655255930307,3.368793651059E-16)
  );
#731 = DIRECTION('',(1.961035928902E-16,7.401953349831E-16,-1.));
#732 = DEFINITIONAL_REPRESENTATION('',(#733),#759);
#733 = B_SPLINE_CURVE_WITH_KNOTS('',3,(#734,#735,#736,#737,#738,#739,
    #740,#741,#742,#743,#744,#745,#746,#747,#748,#749,#750,#751,#752,
    #753,#754,#755,#756,#757,#758),.UNSPECIFIED.,.F.,.F.,(4,1,1,1,1,1,1,
    1,1,1,1,1,1,1,1,1,1,1,1,1,1,1,4),(1.397430546002E-03,
    1.465109209994E-03,1.532787873986E-03,1.600466537978E-03,
    1.66814520197E-03,1.735823865962E-03,1.803502529955E-03,
    1.871181193947E-03,1.938859857939E-03,2.006538521931E-03,
    2.074217185923E-03,2.141895849915E-03,2.209574513907E-03,
    2.277253177899E-03,2.344931841891E-03,2.412610505883E-03,
    2.480289169875E-03,2.547967833868E-03,2.61564649786E-03,
    2.683325161852E-03,2.751003825844E-03,2.818682489836E-03,
    2.886361153828E-03),.UNSPECIFIED.);
#734 = CARTESIAN_POINT('',(0.565472137412,-1.717192613204E-12));
#735 = CARTESIAN_POINT('',(0.566194413214,-2.297740210566E-03));
#736 = CARTESIAN_POINT('',(0.567643747183,-6.889899362557E-03));
#737 = CARTESIAN_POINT('',(0.56983221552,-1.376807692843E-02));
#738 = CARTESIAN_POINT('',(0.572035271122,-2.063609641318E-02));
#739 = CARTESIAN_POINT('',(0.574253035293,-2.749385933689E-02));
#740 = CARTESIAN_POINT('',(0.576485630268,-3.434126617861E-02));
#741 = CARTESIAN_POINT('',(0.578733179355,-4.117821621905E-02));
#742 = CARTESIAN_POINT('',(0.580995806902,-4.800460756446E-02));
#743 = CARTESIAN_POINT('',(0.583273638308,-5.482033712182E-02));
#744 = CARTESIAN_POINT('',(0.585566800027,-6.162530058682E-02));
#745 = CARTESIAN_POINT('',(0.587875419573,-6.841939242834E-02));
#746 = CARTESIAN_POINT('',(0.59019962552,-7.52025058736E-02));
#747 = CARTESIAN_POINT('',(0.592539547506,-8.197453289292E-02));
#748 = CARTESIAN_POINT('',(0.594895316238,-8.873536418447E-02));
#749 = CARTESIAN_POINT('',(0.597267063493,-9.548488915882E-02));
#750 = CARTESIAN_POINT('',(0.599654922118,-0.102222995923));
#751 = CARTESIAN_POINT('',(0.602059026037,-0.108949571266));
#752 = CARTESIAN_POINT('',(0.604479510247,-0.115664500641));
#753 = CARTESIAN_POINT('',(0.606916510826,-0.122367668149));
#754 = CARTESIAN_POINT('',(0.609370164922,-0.129058956534));
#755 = CARTESIAN_POINT('',(0.611840610789,-0.135738247117));
#756 = CARTESIAN_POINT('',(0.614327987656,-0.142405419964));
#757 = CARTESIAN_POINT('',(0.615997620039,-0.146842042115));
#758 = CARTESIAN_POINT('',(0.616835304896,-0.149058293032));
#759 = ( GEOMETRIC_REPRESENTATION_CONTEXT(2) 
PARAMETRIC_REPRESENTATION_CONTEXT() REPRESENTATION_CONTEXT('2D SPACE',''
  ) );
#760 = ORIENTED_EDGE('',*,*,#761,.F.);
#761 = EDGE_CURVE('',#762,#689,#764,.T.);
#762 = VERTEX_POINT('',#763);
#763 = CARTESIAN_POINT('',(11.00438573421,-267.8022647905,
    -398.5499999999));
#764 = SURFACE_CURVE('',#765,(#770,#777),.PCURVE_S1.);
#765 = CIRCLE('',#766,11.);
#766 = AXIS2_PLACEMENT_3D('',#767,#768,#769);
#767 = CARTESIAN_POINT('',(4.819932363006E-03,-267.899999998,
    -398.5499999999));
#768 = DIRECTION('',(-3.064104139906E-16,-8.673617379884E-16,1.));
#769 = DIRECTION('',(-0.755406953765,0.655255930307,3.368793651039E-16)
  );
#770 = PCURVE('',#217,#771);
#771 = DEFINITIONAL_REPRESENTATION('',(#772),#776);
#772 = LINE('',#773,#774);
#773 = CARTESIAN_POINT('',(-3.10862446895E-15,-47.5));
#774 = VECTOR('',#775,1.);
#775 = DIRECTION('',(1.,0.));
#776 = ( GEOMETRIC_REPRESENTATION_CONTEXT(2) 
PARAMETRIC_REPRESENTATION_CONTEXT() REPRESENTATION_CONTEXT('2D SPACE',''
  ) );
#777 = PCURVE('',#778,#783);
#778 = PLANE('',#779);
#779 = AXIS2_PLACEMENT_3D('',#780,#781,#782);
#780 = CARTESIAN_POINT('',(-8.002493777549,-260.9542871367,
    -398.5499999999));
#781 = DIRECTION('',(3.064104139906E-16,8.673617379884E-16,-1.));
#782 = DIRECTION('',(-0.655255930307,-0.755406953765,-8.559883291817E-16
    ));
#783 = DEFINITIONAL_REPRESENTATION('',(#784),#792);
#784 = ( BOUNDED_CURVE() B_SPLINE_CURVE(2,(#785,#786,#787,#788,#789,#790
,#791),.UNSPECIFIED.,.T.,.F.) B_SPLINE_CURVE_WITH_KNOTS((1,2,2,2,2,1),(
    -2.094395102393,0.,2.094395102393,4.188790204786,6.28318530718,
8.377580409573),.UNSPECIFIED.) CURVE() GEOMETRIC_REPRESENTATION_ITEM() 
RATIONAL_B_SPLINE_CURVE((1.,0.5,1.,0.5,1.,0.5,1.)) REPRESENTATION_ITEM(
  '') );
#785 = CARTESIAN_POINT('',(1.661781823259E-12,0.4));
#786 = CARTESIAN_POINT('',(19.052558883259,0.4));
#787 = CARTESIAN_POINT('',(9.52627944163,-16.1));
#788 = CARTESIAN_POINT('',(1.664476046217E-12,-32.6));
#789 = CARTESIAN_POINT('',(-9.526279441627,-16.1));
#790 = CARTESIAN_POINT('',(-19.05255888325,0.4));
#791 = CARTESIAN_POINT('',(1.661781823259E-12,0.4));
#792 = ( GEOMETRIC_REPRESENTATION_CONTEXT(2) 
PARAMETRIC_REPRESENTATION_CONTEXT() REPRESENTATION_CONTEXT('2D SPACE',''
  ) );
#793 = ORIENTED_EDGE('',*,*,#794,.T.);
#794 = EDGE_CURVE('',#762,#795,#797,.T.);
#795 = VERTEX_POINT('',#796);
#796 = CARTESIAN_POINT('',(11.00468669876,-267.9541398296,
    -400.0311653556));
#797 = SURFACE_CURVE('',#798,(#803,#832),.PCURVE_S1.);
#798 = B_SPLINE_CURVE_WITH_KNOTS('',3,(#799,#800,#801,#802),
  .UNSPECIFIED.,.F.,.F.,(4,4),(4.173719596368E-04,1.906302567462E-03),
  .PIECEWISE_BEZIER_KNOTS.);
#799 = CARTESIAN_POINT('',(11.00438573421,-267.8022647905,
    -398.5499999999));
#800 = CARTESIAN_POINT('',(11.00482773947,-267.852010078,-399.0438129421
    ));
#801 = CARTESIAN_POINT('',(11.00493986399,-267.9027029551,
    -399.5375277063));
#802 = CARTESIAN_POINT('',(11.00468669876,-267.9541398296,
    -400.0311653556));
#803 = PCURVE('',#217,#804);
#804 = DEFINITIONAL_REPRESENTATION('',(#805),#831);
#805 = B_SPLINE_CURVE_WITH_KNOTS('',3,(#806,#807,#808,#809,#810,#811,
    #812,#813,#814,#815,#816,#817,#818,#819,#820,#821,#822,#823,#824,
    #825,#826,#827,#828,#829,#830),.UNSPECIFIED.,.F.,.F.,(4,1,1,1,1,1,1,
    1,1,1,1,1,1,1,1,1,1,1,1,1,1,1,4),(4.173719596368E-04,
    4.850506236289E-04,5.527292876209E-04,6.20407951613E-04,
    6.88086615605E-04,7.557652795971E-04,8.234439435891E-04,
    8.911226075812E-04,9.588012715732E-04,1.026479935565E-03,
    1.094158599557E-03,1.161837263549E-03,1.229515927541E-03,
    1.297194591534E-03,1.364873255526E-03,1.432551919518E-03,
    1.50023058351E-03,1.567909247502E-03,1.635587911494E-03,
    1.703266575486E-03,1.770945239478E-03,1.83862390347E-03,
    1.906302567462E-03),.UNSPECIFIED.);
#806 = CARTESIAN_POINT('',(3.864999157999,-47.5));
#807 = CARTESIAN_POINT('',(3.864793590846,-47.52244604282));
#808 = CARTESIAN_POINT('',(3.864382101685,-47.56733772278));
#809 = CARTESIAN_POINT('',(3.86376381359,-47.63467403751));
#810 = CARTESIAN_POINT('',(3.863144481346,-47.70200915889));
#811 = CARTESIAN_POINT('',(3.862524115159,-47.7693430988));
#812 = CARTESIAN_POINT('',(3.86190272523,-47.83667586909));
#813 = CARTESIAN_POINT('',(3.861280321759,-47.90400748165));
#814 = CARTESIAN_POINT('',(3.860656914944,-47.97133794834));
#815 = CARTESIAN_POINT('',(3.860032514981,-48.03866728103));
#816 = CARTESIAN_POINT('',(3.859407132065,-48.10599549158));
#817 = CARTESIAN_POINT('',(3.858780776386,-48.17332259187));
#818 = CARTESIAN_POINT('',(3.858153458136,-48.24064859377));
#819 = CARTESIAN_POINT('',(3.8575251875,-48.30797350914));
#820 = CARTESIAN_POINT('',(3.856895974665,-48.37529734985));
#821 = CARTESIAN_POINT('',(3.856265829813,-48.44262012778));
#822 = CARTESIAN_POINT('',(3.855634763125,-48.50994185478));
#823 = CARTESIAN_POINT('',(3.855002784779,-48.57726254273));
#824 = CARTESIAN_POINT('',(3.854369904951,-48.6445822035));
#825 = CARTESIAN_POINT('',(3.853736133815,-48.71190084896));
#826 = CARTESIAN_POINT('',(3.85310148154,-48.77921849097));
#827 = CARTESIAN_POINT('',(3.852465958296,-48.84653514141));
#828 = CARTESIAN_POINT('',(3.851829574248,-48.91385081213));
#829 = CARTESIAN_POINT('',(3.851404751122,-48.95872728073));
#830 = CARTESIAN_POINT('',(3.85119219948,-48.9811653557));
#831 = ( GEOMETRIC_REPRESENTATION_CONTEXT(2) 
PARAMETRIC_REPRESENTATION_CONTEXT() REPRESENTATION_CONTEXT('2D SPACE',''
  ) );
#832 = PCURVE('',#833,#838);
#833 = CONICAL_SURFACE('',#834,5.413112772211,1.448623279155);
#834 = AXIS2_PLACEMENT_3D('',#835,#836,#837);
#835 = CARTESIAN_POINT('',(20.30093099242,-268.2829891248,-385.55));
#836 = DIRECTION('',(-0.189764804744,-0.98182957731,-9.097473209655E-16)
  );
#837 = DIRECTION('',(-8.440101863772E-18,-9.24952463921E-16,1.));
#838 = DEFINITIONAL_REPRESENTATION('',(#839),#865);
#839 = B_SPLINE_CURVE_WITH_KNOTS('',3,(#840,#841,#842,#843,#844,#845,
    #846,#847,#848,#849,#850,#851,#852,#853,#854,#855,#856,#857,#858,
    #859,#860,#861,#862,#863,#864),.UNSPECIFIED.,.F.,.F.,(4,1,1,1,1,1,1,
    1,1,1,1,1,1,1,1,1,1,1,1,1,1,1,4),(4.173719596368E-04,
    4.850506236289E-04,5.527292876209E-04,6.20407951613E-04,
    6.88086615605E-04,7.557652795971E-04,8.234439435891E-04,
    8.911226075812E-04,9.588012715732E-04,1.026479935565E-03,
    1.094158599557E-03,1.161837263549E-03,1.229515927541E-03,
    1.297194591534E-03,1.364873255526E-03,1.432551919518E-03,
    1.50023058351E-03,1.567909247502E-03,1.635587911494E-03,
    1.703266575486E-03,1.770945239478E-03,1.83862390347E-03,
    1.906302567462E-03),.UNSPECIFIED.);
#840 = CARTESIAN_POINT('',(2.524757348694,1.292167725751));
#841 = CARTESIAN_POINT('',(2.525595033551,1.294383976668));
#842 = CARTESIAN_POINT('',(2.527264665934,1.298820598818));
#843 = CARTESIAN_POINT('',(2.5297520428,1.305487771665));
#844 = CARTESIAN_POINT('',(2.532222488668,1.312167062248));
#845 = CARTESIAN_POINT('',(2.534676142763,1.318858350633));
#846 = CARTESIAN_POINT('',(2.537113143342,1.325561518141));
#847 = CARTESIAN_POINT('',(2.539533627553,1.332276447516));
#848 = CARTESIAN_POINT('',(2.541937731471,1.339003022859));
#849 = CARTESIAN_POINT('',(2.544325590097,1.345741129624));
#850 = CARTESIAN_POINT('',(2.546697337351,1.352490654598));
#851 = CARTESIAN_POINT('',(2.549053106084,1.35925148589));
#852 = CARTESIAN_POINT('',(2.55139302807,1.366023512909));
#853 = CARTESIAN_POINT('',(2.553717234017,1.372806626354));
#854 = CARTESIAN_POINT('',(2.556025853563,1.379600718196));
#855 = CARTESIAN_POINT('',(2.558319015282,1.386405681661));
#856 = CARTESIAN_POINT('',(2.560596846688,1.393221411218));
#857 = CARTESIAN_POINT('',(2.562859474234,1.400047802563));
#858 = CARTESIAN_POINT('',(2.565107023321,1.406884752604));
#859 = CARTESIAN_POINT('',(2.567339618297,1.413732159446));
#860 = CARTESIAN_POINT('',(2.569557382467,1.420589922369));
#861 = CARTESIAN_POINT('',(2.57176043807,1.427457941854));
#862 = CARTESIAN_POINT('',(2.573948906407,1.43433611942));
#863 = CARTESIAN_POINT('',(2.575398240375,1.438928278572));
#864 = CARTESIAN_POINT('',(2.576120516177,1.441226018781));
#865 = ( GEOMETRIC_REPRESENTATION_CONTEXT(2) 
PARAMETRIC_REPRESENTATION_CONTEXT() REPRESENTATION_CONTEXT('2D SPACE',''
  ) );
#866 = ORIENTED_EDGE('',*,*,#867,.T.);
#867 = EDGE_CURVE('',#795,#868,#870,.T.);
#868 = VERTEX_POINT('',#869);
#869 = CARTESIAN_POINT('',(10.23263561912,-271.9486771002,
    -400.0311653556));
#870 = SURFACE_CURVE('',#871,(#876,#905),.PCURVE_S1.);
#871 = B_SPLINE_CURVE_WITH_KNOTS('',3,(#872,#873,#874,#875),
  .UNSPECIFIED.,.F.,.F.,(4,4),(0.,1.),.PIECEWISE_BEZIER_KNOTS.);
#872 = CARTESIAN_POINT('',(11.00468669876,-267.9541398296,
    -400.0311653556));
#873 = CARTESIAN_POINT('',(10.99797333184,-269.3181289574,
    -400.1912402304));
#874 = CARTESIAN_POINT('',(10.7346736589,-270.6804227027,-400.1912402304
    ));
#875 = CARTESIAN_POINT('',(10.23263561912,-271.9486771002,
    -400.0311653556));
#876 = PCURVE('',#217,#877);
#877 = DEFINITIONAL_REPRESENTATION('',(#878),#904);
#878 = B_SPLINE_CURVE_WITH_KNOTS('',3,(#879,#880,#881,#882,#883,#884,
    #885,#886,#887,#888,#889,#890,#891,#892,#893,#894,#895,#896,#897,
    #898,#899,#900,#901,#902,#903),.UNSPECIFIED.,.F.,.F.,(4,1,1,1,1,1,1,
    1,1,1,1,1,1,1,1,1,1,1,1,1,1,1,4),(0.,4.545454545455E-02,
    9.090909090909E-02,0.136363636364,0.181818181818,0.227272727273,
    0.272727272727,0.318181818182,0.363636363636,0.409090909091,
    0.454545454545,0.5,0.545454545455,0.590909090909,0.636363636364,
    0.681818181818,0.727272727273,0.772727272727,0.818181818182,
    0.863636363636,0.909090909091,0.954545454545,1.),.UNSPECIFIED.);
#879 = CARTESIAN_POINT('',(3.85119219948,-48.9811653557));
#880 = CARTESIAN_POINT('',(3.845555816939,-48.98844148637));
#881 = CARTESIAN_POINT('',(3.834283197336,-49.00233228129));
#882 = CARTESIAN_POINT('',(3.817374527249,-49.0211840744));
#883 = CARTESIAN_POINT('',(3.800465919673,-49.03805146823));
#884 = CARTESIAN_POINT('',(3.783557246715,-49.05293446279));
#885 = CARTESIAN_POINT('',(3.766648418984,-49.06583305807));
#886 = CARTESIAN_POINT('',(3.749739386984,-49.07674725408));
#887 = CARTESIAN_POINT('',(3.732830133923,-49.08567705081));
#888 = CARTESIAN_POINT('',(3.715920670751,-49.09262244827));
#889 = CARTESIAN_POINT('',(3.699011030555,-49.09758344646));
#890 = CARTESIAN_POINT('',(3.682101263081,-49.10056004537));
#891 = CARTESIAN_POINT('',(3.665191429188,-49.10155224501));
#892 = CARTESIAN_POINT('',(3.648281595294,-49.10056004537));
#893 = CARTESIAN_POINT('',(3.631371827821,-49.09758344646));
#894 = CARTESIAN_POINT('',(3.614462187625,-49.09262244827));
#895 = CARTESIAN_POINT('',(3.597552724453,-49.08567705081));
#896 = CARTESIAN_POINT('',(3.580643471391,-49.07674725408));
#897 = CARTESIAN_POINT('',(3.563734439392,-49.06583305807));
#898 = CARTESIAN_POINT('',(3.546825611661,-49.05293446279));
#899 = CARTESIAN_POINT('',(3.529916938703,-49.03805146823));
#900 = CARTESIAN_POINT('',(3.513008331127,-49.0211840744));
#901 = CARTESIAN_POINT('',(3.49609966104,-49.00233228129));
#902 = CARTESIAN_POINT('',(3.484827041437,-48.98844148637));
#903 = CARTESIAN_POINT('',(3.479190658896,-48.9811653557));
#904 = ( GEOMETRIC_REPRESENTATION_CONTEXT(2) 
PARAMETRIC_REPRESENTATION_CONTEXT() REPRESENTATION_CONTEXT('2D SPACE',''
  ) );
#905 = PCURVE('',#906,#911);
#906 = CYLINDRICAL_SURFACE('',#907,17.150956750156);
#907 = AXIS2_PLACEMENT_3D('',#908,#909,#910);
#908 = CARTESIAN_POINT('',(20.30093099242,-268.2829891248,-385.55));
#909 = DIRECTION('',(0.189764804744,0.98182957731,9.097473209655E-16));
#910 = DIRECTION('',(1.245642963491E-17,9.241762012448E-16,-1.));
#911 = DEFINITIONAL_REPRESENTATION('',(#912),#938);
#912 = B_SPLINE_CURVE_WITH_KNOTS('',3,(#913,#914,#915,#916,#917,#918,
    #919,#920,#921,#922,#923,#924,#925,#926,#927,#928,#929,#930,#931,
    #932,#933,#934,#935,#936,#937),.UNSPECIFIED.,.F.,.F.,(4,1,1,1,1,1,1,
    1,1,1,1,1,1,1,1,1,1,1,1,1,1,1,4),(0.,4.545454545455E-02,
    9.090909090909E-02,0.136363636364,0.181818181818,0.227272727273,
    0.272727272727,0.318181818182,0.363636363636,0.409090909091,
    0.454545454545,0.5,0.545454545455,0.590909090909,0.636363636364,
    0.681818181818,0.727272727273,0.772727272727,0.818181818182,
    0.863636363636,0.909090909091,0.954545454545,1.),.UNSPECIFIED.);
#913 = CARTESIAN_POINT('',(0.565472137413,-1.441226018778));
#914 = CARTESIAN_POINT('',(0.564680369023,-1.502156874666));
#915 = CARTESIAN_POINT('',(0.563168814634,-1.624212910714));
#916 = CARTESIAN_POINT('',(0.561117438114,-1.80782694007));
#917 = CARTESIAN_POINT('',(0.559282028161,-1.991917947182));
#918 = CARTESIAN_POINT('',(0.557662583664,-2.176432934523));
#919 = CARTESIAN_POINT('',(0.556259098583,-2.361318904563));
#920 = CARTESIAN_POINT('',(0.555071562842,-2.546522859774));
#921 = CARTESIAN_POINT('',(0.554099964664,-2.731991802627));
#922 = CARTESIAN_POINT('',(0.55334429213,-2.917672735595));
#923 = CARTESIAN_POINT('',(0.552804534565,-3.103512661148));
#924 = CARTESIAN_POINT('',(0.552480683589,-3.289458581758));
#925 = CARTESIAN_POINT('',(0.552372733873,-3.475457499897));
#926 = CARTESIAN_POINT('',(0.552480683589,-3.661456418035));
#927 = CARTESIAN_POINT('',(0.552804534565,-3.847402338645));
#928 = CARTESIAN_POINT('',(0.55334429213,-4.033242264198));
#929 = CARTESIAN_POINT('',(0.554099964664,-4.218923197166));
#930 = CARTESIAN_POINT('',(0.555071562842,-4.404392140019));
#931 = CARTESIAN_POINT('',(0.556259098583,-4.58959609523));
#932 = CARTESIAN_POINT('',(0.557662583664,-4.774482065271));
#933 = CARTESIAN_POINT('',(0.559282028161,-4.958997052611));
#934 = CARTESIAN_POINT('',(0.561117438114,-5.143088059724));
#935 = CARTESIAN_POINT('',(0.563168814634,-5.32670208908));
#936 = CARTESIAN_POINT('',(0.564680369024,-5.448758125127));
#937 = CARTESIAN_POINT('',(0.565472137413,-5.509688981016));
#938 = ( GEOMETRIC_REPRESENTATION_CONTEXT(2) 
PARAMETRIC_REPRESENTATION_CONTEXT() REPRESENTATION_CONTEXT('2D SPACE',''
  ) );
#939 = ORIENTED_EDGE('',*,*,#940,.T.);
#940 = EDGE_CURVE('',#868,#941,#943,.T.);
#941 = VERTEX_POINT('',#942);
#942 = CARTESIAN_POINT('',(10.17576261883,-272.0895017427,
    -398.5499999999));
#943 = SURFACE_CURVE('',#944,(#949,#978),.PCURVE_S1.);
#944 = B_SPLINE_CURVE_WITH_KNOTS('',3,(#945,#946,#947,#948),
  .UNSPECIFIED.,.F.,.F.,(4,4),(1.397430546002E-03,2.886361153828E-03),
  .PIECEWISE_BEZIER_KNOTS.);
#945 = CARTESIAN_POINT('',(10.23263561912,-271.9486771002,
    -400.0311653556));
#946 = CARTESIAN_POINT('',(10.21370345379,-271.9965037588,
    -399.5375277063));
#947 = CARTESIAN_POINT('',(10.19470954569,-272.0435038845,
    -399.0438129421));
#948 = CARTESIAN_POINT('',(10.17576261883,-272.0895017427,
    -398.5499999999));
#949 = PCURVE('',#217,#950);
#950 = DEFINITIONAL_REPRESENTATION('',(#951),#977);
#951 = B_SPLINE_CURVE_WITH_KNOTS('',3,(#952,#953,#954,#955,#956,#957,
    #958,#959,#960,#961,#962,#963,#964,#965,#966,#967,#968,#969,#970,
    #971,#972,#973,#974,#975,#976),.UNSPECIFIED.,.F.,.F.,(4,1,1,1,1,1,1,
    1,1,1,1,1,1,1,1,1,1,1,1,1,1,1,4),(1.397430546002E-03,
    1.465109209994E-03,1.532787873986E-03,1.600466537978E-03,
    1.66814520197E-03,1.735823865962E-03,1.803502529955E-03,
    1.871181193947E-03,1.938859857939E-03,2.006538521931E-03,
    2.074217185923E-03,2.141895849915E-03,2.209574513907E-03,
    2.277253177899E-03,2.344931841891E-03,2.412610505883E-03,
    2.480289169875E-03,2.547967833868E-03,2.61564649786E-03,
    2.683325161852E-03,2.751003825844E-03,2.818682489836E-03,
    2.886361153828E-03),.UNSPECIFIED.);
#952 = CARTESIAN_POINT('',(3.479190658896,-48.9811653557));
#953 = CARTESIAN_POINT('',(3.478978107253,-48.95872728073));
#954 = CARTESIAN_POINT('',(3.478553284127,-48.91385081213));
#955 = CARTESIAN_POINT('',(3.477916900079,-48.84653514141));
#956 = CARTESIAN_POINT('',(3.477281376835,-48.77921849097));
#957 = CARTESIAN_POINT('',(3.476646724561,-48.71190084896));
#958 = CARTESIAN_POINT('',(3.476012953424,-48.6445822035));
#959 = CARTESIAN_POINT('',(3.475380073596,-48.57726254273));
#960 = CARTESIAN_POINT('',(3.47474809525,-48.50994185478));
#961 = CARTESIAN_POINT('',(3.474117028563,-48.44262012778));
#962 = CARTESIAN_POINT('',(3.473486883711,-48.37529734985));
#963 = CARTESIAN_POINT('',(3.472857670876,-48.30797350914));
#964 = CARTESIAN_POINT('',(3.47222940024,-48.24064859377));
#965 = CARTESIAN_POINT('',(3.471602081989,-48.17332259187));
#966 = CARTESIAN_POINT('',(3.470975726311,-48.10599549158));
#967 = CARTESIAN_POINT('',(3.470350343395,-48.03866728103));
#968 = CARTESIAN_POINT('',(3.469725943432,-47.97133794834));
#969 = CARTESIAN_POINT('',(3.469102536617,-47.90400748165));
#970 = CARTESIAN_POINT('',(3.468480133146,-47.83667586909));
#971 = CARTESIAN_POINT('',(3.467858743217,-47.7693430988));
#972 = CARTESIAN_POINT('',(3.467238377029,-47.70200915889));
#973 = CARTESIAN_POINT('',(3.466619044786,-47.63467403751));
#974 = CARTESIAN_POINT('',(3.466000756691,-47.56733772278));
#975 = CARTESIAN_POINT('',(3.46558926753,-47.52244604282));
#976 = CARTESIAN_POINT('',(3.465383700376,-47.5));
#977 = ( GEOMETRIC_REPRESENTATION_CONTEXT(2) 
PARAMETRIC_REPRESENTATION_CONTEXT() REPRESENTATION_CONTEXT('2D SPACE',''
  ) );
#978 = PCURVE('',#979,#984);
#979 = CONICAL_SURFACE('',#980,17.150956750156,1.448623279155);
#980 = AXIS2_PLACEMENT_3D('',#981,#982,#983);
#981 = CARTESIAN_POINT('',(19.25538593874,-273.6925647281,-385.55));
#982 = DIRECTION('',(0.189764804744,0.98182957731,9.097473209655E-16));
#983 = DIRECTION('',(3.033982982316E-18,9.259973408708E-16,-1.));
#984 = DEFINITIONAL_REPRESENTATION('',(#985),#1011);
#985 = B_SPLINE_CURVE_WITH_KNOTS('',3,(#986,#987,#988,#989,#990,#991,
    #992,#993,#994,#995,#996,#997,#998,#999,#1000,#1001,#1002,#1003,
    #1004,#1005,#1006,#1007,#1008,#1009,#1010),.UNSPECIFIED.,.F.,.F.,(4,
    1,1,1,1,1,1,1,1,1,1,1,1,1,1,1,1,1,1,1,1,1,4),(1.397430546002E-03,
    1.465109209994E-03,1.532787873986E-03,1.600466537978E-03,
    1.66814520197E-03,1.735823865962E-03,1.803502529955E-03,
    1.871181193947E-03,1.938859857939E-03,2.006538521931E-03,
    2.074217185923E-03,2.141895849915E-03,2.209574513907E-03,
    2.277253177899E-03,2.344931841891E-03,2.412610505883E-03,
    2.480289169875E-03,2.547967833868E-03,2.61564649786E-03,
    2.683325161852E-03,2.751003825844E-03,2.818682489836E-03,
    2.886361153828E-03),.UNSPECIFIED.);
#986 = CARTESIAN_POINT('',(0.565472137413,-9.525382282302E-13));
#987 = CARTESIAN_POINT('',(0.566194413215,-2.297740209803E-03));
#988 = CARTESIAN_POINT('',(0.567643747183,-6.889899361797E-03));
#989 = CARTESIAN_POINT('',(0.56983221552,-1.376807692768E-02));
#990 = CARTESIAN_POINT('',(0.572035271123,-2.063609641243E-02));
#991 = CARTESIAN_POINT('',(0.574253035293,-2.749385933615E-02));
#992 = CARTESIAN_POINT('',(0.576485630269,-3.434126617787E-02));
#993 = CARTESIAN_POINT('',(0.578733179356,-4.117821621833E-02));
#994 = CARTESIAN_POINT('',(0.580995806902,-4.800460756376E-02));
#995 = CARTESIAN_POINT('',(0.583273638308,-5.482033712113E-02));
#996 = CARTESIAN_POINT('',(0.585566800028,-6.162530058614E-02));
#997 = CARTESIAN_POINT('',(0.587875419573,-6.841939242768E-02));
#998 = CARTESIAN_POINT('',(0.59019962552,-7.520250587295E-02));
#999 = CARTESIAN_POINT('',(0.592539547506,-8.19745328923E-02));
#1000 = CARTESIAN_POINT('',(0.594895316239,-8.873536418386E-02));
#1001 = CARTESIAN_POINT('',(0.597267063493,-9.548488915823E-02));
#1002 = CARTESIAN_POINT('',(0.599654922119,-0.102222995923));
#1003 = CARTESIAN_POINT('',(0.602059026037,-0.108949571266));
#1004 = CARTESIAN_POINT('',(0.604479510248,-0.115664500641));
#1005 = CARTESIAN_POINT('',(0.606916510827,-0.122367668149));
#1006 = CARTESIAN_POINT('',(0.609370164922,-0.129058956534));
#1007 = CARTESIAN_POINT('',(0.61184061079,-0.135738247117));
#1008 = CARTESIAN_POINT('',(0.614327987656,-0.142405419964));
#1009 = CARTESIAN_POINT('',(0.615997620039,-0.146842042114));
#1010 = CARTESIAN_POINT('',(0.616835304896,-0.149058293031));
#1011 = ( GEOMETRIC_REPRESENTATION_CONTEXT(2) 
PARAMETRIC_REPRESENTATION_CONTEXT() REPRESENTATION_CONTEXT('2D SPACE',''
  ) );
#1012 = ORIENTED_EDGE('',*,*,#1013,.T.);
#1013 = EDGE_CURVE('',#941,#235,#1014,.T.);
#1014 = SURFACE_CURVE('',#1015,(#1020,#1027),.PCURVE_S1.);
#1015 = CIRCLE('',#1016,11.);
#1016 = AXIS2_PLACEMENT_3D('',#1017,#1018,#1019);
#1017 = CARTESIAN_POINT('',(4.819932363006E-03,-267.899999998,
    -398.5499999999));
#1018 = DIRECTION('',(0.,0.,-1.));
#1019 = DIRECTION('',(0.924631153315,-0.38086379497,0.));
#1020 = PCURVE('',#217,#1021);
#1021 = DEFINITIONAL_REPRESENTATION('',(#1022),#1026);
#1022 = LINE('',#1023,#1024);
#1023 = CARTESIAN_POINT('',(3.465383700376,-47.5));
#1024 = VECTOR('',#1025,1.);
#1025 = DIRECTION('',(-1.,-0.));
#1026 = ( GEOMETRIC_REPRESENTATION_CONTEXT(2) 
PARAMETRIC_REPRESENTATION_CONTEXT() REPRESENTATION_CONTEXT('2D SPACE',''
  ) );
#1027 = PCURVE('',#274,#1028);
#1028 = DEFINITIONAL_REPRESENTATION('',(#1029),#1033);
#1029 = CIRCLE('',#1030,11.);
#1030 = AXIS2_PLACEMENT_2D('',#1031,#1032);
#1031 = CARTESIAN_POINT('',(1.652900039062E-12,-10.6));
#1032 = DIRECTION('',(-0.318162887399,-0.948036063176));
#1033 = ( GEOMETRIC_REPRESENTATION_CONTEXT(2) 
PARAMETRIC_REPRESENTATION_CONTEXT() REPRESENTATION_CONTEXT('2D SPACE',''
  ) );
#1034 = ORIENTED_EDGE('',*,*,#234,.F.);
#1035 = ADVANCED_FACE('',(#1036),#979,.F.);
#1036 = FACE_BOUND('',#1037,.F.);
#1037 = EDGE_LOOP('',(#1038,#1039,#1086,#1321,#1373,#1446,#1475,#1647));
#1038 = ORIENTED_EDGE('',*,*,#940,.T.);
#1039 = ORIENTED_EDGE('',*,*,#1040,.T.);
#1040 = EDGE_CURVE('',#941,#1041,#1043,.T.);
#1041 = VERTEX_POINT('',#1042);
#1042 = CARTESIAN_POINT('',(9.78619818231,-271.9846835269,
    -398.5499999999));
#1043 = SURFACE_CURVE('',#1044,(#1049,#1078),.PCURVE_S1.);
#1044 = B_SPLINE_CURVE_WITH_KNOTS('',3,(#1045,#1046,#1047,#1048),
  .UNSPECIFIED.,.F.,.F.,(4,4),(8.503206181615E-03,8.906572434379E-03),
  .PIECEWISE_BEZIER_KNOTS.);
#1045 = CARTESIAN_POINT('',(10.17576261883,-272.0895017427,
    -398.5499999999));
#1046 = CARTESIAN_POINT('',(10.04587460895,-272.0546942248,
    -398.5499999999));
#1047 = CARTESIAN_POINT('',(9.91602028505,-272.0197528798,
    -398.5499999999));
#1048 = CARTESIAN_POINT('',(9.78619818231,-271.9846835269,
    -398.5499999999));
#1049 = PCURVE('',#979,#1050);
#1050 = DEFINITIONAL_REPRESENTATION('',(#1051),#1077);
#1051 = B_SPLINE_CURVE_WITH_KNOTS('',3,(#1052,#1053,#1054,#1055,#1056,
    #1057,#1058,#1059,#1060,#1061,#1062,#1063,#1064,#1065,#1066,#1067,
    #1068,#1069,#1070,#1071,#1072,#1073,#1074,#1075,#1076),
  .UNSPECIFIED.,.F.,.F.,(4,1,1,1,1,1,1,1,1,1,1,1,1,1,1,1,1,1,1,1,1,1,4),
  (8.503206181615E-03,8.521541011286E-03,8.539875840957E-03,
    8.558210670628E-03,8.576545500299E-03,8.59488032997E-03,
    8.613215159642E-03,8.631549989313E-03,8.649884818984E-03,
    8.668219648655E-03,8.686554478326E-03,8.704889307997E-03,
    8.723224137668E-03,8.741558967339E-03,8.75989379701E-03,
    8.778228626681E-03,8.796563456352E-03,8.814898286024E-03,
    8.833233115695E-03,8.851567945366E-03,8.869902775037E-03,
    8.888237604708E-03,8.906572434379E-03),.UNSPECIFIED.);
#1052 = CARTESIAN_POINT('',(0.616835304896,-0.149058293031));
#1053 = CARTESIAN_POINT('',(0.617147369842,-0.148625253136));
#1054 = CARTESIAN_POINT('',(0.617771083752,-0.14775860391));
#1055 = CARTESIAN_POINT('',(0.618705407543,-0.146456925189));
#1056 = CARTESIAN_POINT('',(0.61963848513,-0.145153545008));
#1057 = CARTESIAN_POINT('',(0.620570317394,-0.143848466785));
#1058 = CARTESIAN_POINT('',(0.621500905222,-0.142541693931));
#1059 = CARTESIAN_POINT('',(0.622430249505,-0.141233229854));
#1060 = CARTESIAN_POINT('',(0.623358351141,-0.139923077956));
#1061 = CARTESIAN_POINT('',(0.624285211035,-0.138611241635));
#1062 = CARTESIAN_POINT('',(0.625210830099,-0.137297724285));
#1063 = CARTESIAN_POINT('',(0.626135209247,-0.135982529293));
#1064 = CARTESIAN_POINT('',(0.627058349403,-0.134665660043));
#1065 = CARTESIAN_POINT('',(0.627980251496,-0.133347119914));
#1066 = CARTESIAN_POINT('',(0.62890091646,-0.13202691228));
#1067 = CARTESIAN_POINT('',(0.629820345235,-0.13070504051));
#1068 = CARTESIAN_POINT('',(0.630738538768,-0.129381507968));
#1069 = CARTESIAN_POINT('',(0.63165549801,-0.128056318013));
#1070 = CARTESIAN_POINT('',(0.632571223919,-0.126729474001));
#1071 = CARTESIAN_POINT('',(0.633485717458,-0.125400979281));
#1072 = CARTESIAN_POINT('',(0.634398979597,-0.124070837197));
#1073 = CARTESIAN_POINT('',(0.63531101131,-0.12273905109));
#1074 = CARTESIAN_POINT('',(0.636221813576,-0.121405624295));
#1075 = CARTESIAN_POINT('',(0.636828196115,-0.120515581526));
#1076 = CARTESIAN_POINT('',(0.637131182805,-0.120070287803));
#1077 = ( GEOMETRIC_REPRESENTATION_CONTEXT(2) 
PARAMETRIC_REPRESENTATION_CONTEXT() REPRESENTATION_CONTEXT('2D SPACE',''
  ) );
#1078 = PCURVE('',#274,#1079);
#1079 = DEFINITIONAL_REPRESENTATION('',(#1080),#1085);
#1080 = B_SPLINE_CURVE_WITH_KNOTS('',3,(#1081,#1082,#1083,#1084),
  .UNSPECIFIED.,.F.,.F.,(4,4),(8.503206181615E-03,8.906572434379E-03),
  .PIECEWISE_BEZIER_KNOTS.);
#1081 = CARTESIAN_POINT('',(-3.49979176139,-21.02839669493));
#1082 = CARTESIAN_POINT('',(-3.440975713663,-20.90747055657));
#1083 = CARTESIAN_POINT('',(-3.382282832874,-20.78648217376));
#1084 = CARTESIAN_POINT('',(-3.32370776318,-20.66543425317));
#1085 = ( GEOMETRIC_REPRESENTATION_CONTEXT(2) 
PARAMETRIC_REPRESENTATION_CONTEXT() REPRESENTATION_CONTEXT('2D SPACE',''
  ) );
#1086 = ORIENTED_EDGE('',*,*,#1087,.T.);
#1087 = EDGE_CURVE('',#1041,#1088,#1090,.T.);
#1088 = VERTEX_POINT('',#1089);
#1089 = CARTESIAN_POINT('',(9.78619818231,-271.9846835269,
    -372.5499999999));
#1090 = SURFACE_CURVE('',#1091,(#1126,#1221),.PCURVE_S1.);
#1091 = B_SPLINE_CURVE_WITH_KNOTS('',3,(#1092,#1093,#1094,#1095,#1096,
    #1097,#1098,#1099,#1100,#1101,#1102,#1103,#1104,#1105,#1106,#1107,
    #1108,#1109,#1110,#1111,#1112,#1113,#1114,#1115,#1116,#1117,#1118,
    #1119,#1120,#1121,#1122,#1123,#1124,#1125),.UNSPECIFIED.,.F.,.F.,(4,
    2,2,1,1,1,1,1,1,2,2,2,2,2,1,1,1,1,1,1,2,2,4),(0.,0.125000000001,
    0.187500000002,0.218750000003,0.234375000003,0.242187500003,
    0.246093750003,0.248046875003,0.249023437503,0.249511718753,
    0.250000000003,0.500000000002,0.625000000002,0.687500000002,
    0.718750000002,0.734375000002,0.742187500002,0.746093750002,
    0.748046875002,0.749023437502,0.749511718752,0.750000000002,1.),
  .UNSPECIFIED.);
#1092 = CARTESIAN_POINT('',(9.78619818231,-271.9846835269,
    -398.5499999999));
#1093 = CARTESIAN_POINT('',(9.73668708789,-272.1032451581,-397.256011152
    ));
#1094 = CARTESIAN_POINT('',(9.69174365642,-272.2049168484,
    -396.0686600392));
#1095 = CARTESIAN_POINT('',(9.6334623659,-272.3329950316,-394.4475899726
    ));
#1096 = CARTESIAN_POINT('',(9.61554961351,-272.3716145859,
    -393.9338927175));
#1097 = CARTESIAN_POINT('',(9.59116724511,-272.4235285661,
    -393.2033359855));
#1098 = CARTESIAN_POINT('',(9.57959703444,-272.4479814887,
    -392.8480549072));
#1099 = CARTESIAN_POINT('',(9.56722475388,-272.4738958228,
    -392.4510555693));
#1100 = CARTESIAN_POINT('',(9.56132458572,-272.4862015161,
    -392.2569297136));
#1101 = CARTESIAN_POINT('',(9.55844652931,-272.4921917435,
    -392.1609602392));
#1102 = CARTESIAN_POINT('',(9.55702557299,-272.4951462327,
    -392.1132488653));
#1103 = CARTESIAN_POINT('',(9.55631962081,-272.496613325,-392.0894615191
    ));
#1104 = CARTESIAN_POINT('',(9.55601804058,-272.4972399038,
    -392.0792815867));
#1105 = CARTESIAN_POINT('',(9.5558172029,-272.4976571396,-392.0724982194
    ));
#1106 = CARTESIAN_POINT('',(9.55575305918,-272.4977903919,-392.070331181
    ));
#1107 = CARTESIAN_POINT('',(9.48579514287,-272.643102079,-389.7046586391
    ));
#1108 = CARTESIAN_POINT('',(9.4483881051,-272.7144594881,-387.5397158735
    ));
#1109 = CARTESIAN_POINT('',(9.44830423948,-272.7146239859,
    -384.5803700215));
#1110 = CARTESIAN_POINT('',(9.45746730037,-272.6967772992,-383.544461687
    ));
#1111 = CARTESIAN_POINT('',(9.48453950255,-272.6429232059,
    -381.9164096095));
#1112 = CARTESIAN_POINT('',(9.49577525921,-272.6204529639,
    -381.3613606543));
#1113 = CARTESIAN_POINT('',(9.51580193569,-272.5798983556,
    -380.5102398277));
#1114 = CARTESIAN_POINT('',(9.5266076189,-272.5579083187,-380.0800425659
    ));
#1115 = CARTESIAN_POINT('',(9.54055949308,-272.5292362024,
    -379.5700312756));
#1116 = CARTESIAN_POINT('',(9.54786583587,-272.5141430999,
    -379.3129970093));
#1117 = CARTESIAN_POINT('',(9.55160084969,-272.5064069332,
    -379.1839727208));
#1118 = CARTESIAN_POINT('',(9.55348871981,-272.5024914006,
    -379.1193337877));
#1119 = CARTESIAN_POINT('',(9.55443773335,-272.5005217663,-379.086982624
    ));
#1120 = CARTESIAN_POINT('',(9.55484554035,-272.4996750936,
    -379.0731110473));
#1121 = CARTESIAN_POINT('',(9.55511765307,-272.4991100798,
    -379.0638618201));
#1122 = CARTESIAN_POINT('',(9.55528929159,-272.4987536414,-379.058032843
    ));
#1123 = CARTESIAN_POINT('',(9.60701827024,-272.3913193713,
    -377.3022830372));
#1124 = CARTESIAN_POINT('',(9.68732514411,-272.221449626,-375.1340795943
    ));
#1125 = CARTESIAN_POINT('',(9.78619818231,-271.9846835269,
    -372.5499999999));
#1126 = PCURVE('',#979,#1127);
#1127 = DEFINITIONAL_REPRESENTATION('',(#1128),#1220);
#1128 = B_SPLINE_CURVE_WITH_KNOTS('',3,(#1129,#1130,#1131,#1132,#1133,
    #1134,#1135,#1136,#1137,#1138,#1139,#1140,#1141,#1142,#1143,#1144,
    #1145,#1146,#1147,#1148,#1149,#1150,#1151,#1152,#1153,#1154,#1155,
    #1156,#1157,#1158,#1159,#1160,#1161,#1162,#1163,#1164,#1165,#1166,
    #1167,#1168,#1169,#1170,#1171,#1172,#1173,#1174,#1175,#1176,#1177,
    #1178,#1179,#1180,#1181,#1182,#1183,#1184,#1185,#1186,#1187,#1188,
    #1189,#1190,#1191,#1192,#1193,#1194,#1195,#1196,#1197,#1198,#1199,
    #1200,#1201,#1202,#1203,#1204,#1205,#1206,#1207,#1208,#1209,#1210,
    #1211,#1212,#1213,#1214,#1215,#1216,#1217,#1218,#1219),
  .UNSPECIFIED.,.F.,.F.,(4,1,1,1,1,1,1,1,1,1,1,1,1,1,1,1,1,1,1,1,1,1,1,1
    ,1,1,1,1,1,1,1,1,1,1,1,1,1,1,1,1,1,1,1,1,1,1,1,1,1,1,1,1,1,1,1,1,1,1
    ,1,1,1,1,1,1,1,1,1,1,1,1,1,1,1,1,1,1,1,1,1,1,1,1,1,1,1,1,1,1,4),(0.,
    1.136363636364E-02,2.272727272727E-02,3.409090909091E-02,
    4.545454545455E-02,5.681818181818E-02,6.818181818182E-02,
    7.954545454545E-02,9.090909090909E-02,0.102272727273,0.113636363636,
    0.125,0.136363636364,0.147727272727,0.159090909091,0.170454545455,
    0.181818181818,0.193181818182,0.204545454545,0.215909090909,
    0.227272727273,0.238636363636,0.25,0.261363636364,0.272727272727,
    0.284090909091,0.295454545455,0.306818181818,0.318181818182,
    0.329545454545,0.340909090909,0.352272727273,0.363636363636,0.375,
    0.386363636364,0.397727272727,0.409090909091,0.420454545455,
    0.431818181818,0.443181818182,0.454545454545,0.465909090909,
    0.477272727273,0.488636363636,0.5,0.511363636364,0.522727272727,
    0.534090909091,0.545454545455,0.556818181818,0.568181818182,
    0.579545454545,0.590909090909,0.602272727273,0.613636363636,0.625,
    0.636363636364,0.647727272727,0.659090909091,0.670454545455,
    0.681818181818,0.693181818182,0.704545454545,0.715909090909,
    0.727272727273,0.738636363636,0.75,0.761363636364,0.772727272727,
    0.784090909091,0.795454545455,0.806818181818,0.818181818182,
    0.829545454545,0.840909090909,0.852272727273,0.863636363636,0.875,
    0.886363636364,0.897727272727,0.909090909091,0.920454545455,
    0.931818181818,0.943181818182,0.954545454545,0.965909090909,
    0.977272727273,0.988636363636,1.),.UNSPECIFIED.);
#1129 = CARTESIAN_POINT('',(0.637131182805,-0.120070287803));
#1130 = CARTESIAN_POINT('',(0.641576064214,-0.131506938275));
#1131 = CARTESIAN_POINT('',(0.650553796839,-0.154090016245));
#1132 = CARTESIAN_POINT('',(0.664281132398,-0.187092578908));
#1133 = CARTESIAN_POINT('',(0.678266365903,-0.219221531284));
#1134 = CARTESIAN_POINT('',(0.692505489257,-0.250475914571));
#1135 = CARTESIAN_POINT('',(0.70699366642,-0.280855216734));
#1136 = CARTESIAN_POINT('',(0.721725083898,-0.31035946951));
#1137 = CARTESIAN_POINT('',(0.736692937091,-0.338989280397));
#1138 = CARTESIAN_POINT('',(0.751889386214,-0.366745881705));
#1139 = CARTESIAN_POINT('',(0.767305525389,-0.393631178474));
#1140 = CARTESIAN_POINT('',(0.782931362257,-0.419647783254));
#1141 = CARTESIAN_POINT('',(0.798755780588,-0.444799101059));
#1142 = CARTESIAN_POINT('',(0.814766604046,-0.46908921996));
#1143 = CARTESIAN_POINT('',(0.830950659463,-0.492522937515));
#1144 = CARTESIAN_POINT('',(0.84729347068,-0.515105922645));
#1145 = CARTESIAN_POINT('',(0.863779949291,-0.536845137282));
#1146 = CARTESIAN_POINT('',(0.880392206926,-0.557746927941));
#1147 = CARTESIAN_POINT('',(0.897117788379,-0.577824415731));
#1148 = CARTESIAN_POINT('',(0.913919185413,-0.597069954776));
#1149 = CARTESIAN_POINT('',(0.930848028542,-0.61555767439));
#1150 = CARTESIAN_POINT('',(0.947619019627,-0.633061200916));
#1151 = CARTESIAN_POINT('',(0.96520038956,-0.650480362533));
#1152 = CARTESIAN_POINT('',(0.979878712908,-0.664516460281));
#1153 = CARTESIAN_POINT('',(1.005409700091,-0.687544488946));
#1154 = CARTESIAN_POINT('',(1.028660853684,-0.706991710783));
#1155 = CARTESIAN_POINT('',(1.053135173435,-0.726208714587));
#1156 = CARTESIAN_POINT('',(1.077874643341,-0.744280518064));
#1157 = CARTESIAN_POINT('',(1.103112906369,-0.761436364572));
#1158 = CARTESIAN_POINT('',(1.128760557621,-0.777600375192));
#1159 = CARTESIAN_POINT('',(1.154810979811,-0.792780104783));
#1160 = CARTESIAN_POINT('',(1.181231625081,-0.806962631343));
#1161 = CARTESIAN_POINT('',(1.207993230043,-0.820142595711));
#1162 = CARTESIAN_POINT('',(1.235062134232,-0.832314875417));
#1163 = CARTESIAN_POINT('',(1.262402549426,-0.843476720601));
#1164 = CARTESIAN_POINT('',(1.289976226653,-0.853627336091));
#1165 = CARTESIAN_POINT('',(1.317742883692,-0.862768125143));
#1166 = CARTESIAN_POINT('',(1.345660482229,-0.870902729438));
#1167 = CARTESIAN_POINT('',(1.373685611981,-0.87803709392));
#1168 = CARTESIAN_POINT('',(1.401773829814,-0.884179492581));
#1169 = CARTESIAN_POINT('',(1.429880261505,-0.88934053047));
#1170 = CARTESIAN_POINT('',(1.45795933655,-0.893533116929));
#1171 = CARTESIAN_POINT('',(1.485967809917,-0.896772411288));
#1172 = CARTESIAN_POINT('',(1.513855524216,-0.899075742174));
#1173 = CARTESIAN_POINT('',(1.541601883126,-0.900462500301));
#1174 = CARTESIAN_POINT('',(1.56908163957,-0.900954014163));
#1175 = CARTESIAN_POINT('',(1.596567558546,-0.900573385084));
#1176 = CARTESIAN_POINT('',(1.62433219736,-0.899296739279));
#1177 = CARTESIAN_POINT('',(1.652250009009,-0.897102006532));
#1178 = CARTESIAN_POINT('',(1.680300005904,-0.893969073235));
#1179 = CARTESIAN_POINT('',(1.708431551327,-0.889879919045));
#1180 = CARTESIAN_POINT('',(1.73660083831,-0.884818729612));
#1181 = CARTESIAN_POINT('',(1.764761659466,-0.878771984559));
#1182 = CARTESIAN_POINT('',(1.792868437895,-0.871728516386));
#1183 = CARTESIAN_POINT('',(1.820875974145,-0.863679547317));
#1184 = CARTESIAN_POINT('',(1.848740055893,-0.854618673662));
#1185 = CARTESIAN_POINT('',(1.876417826,-0.844541910535));
#1186 = CARTESIAN_POINT('',(1.903868120193,-0.833447378847));
#1187 = CARTESIAN_POINT('',(1.931051715381,-0.821335206954));
#1188 = CARTESIAN_POINT('',(1.957931887013,-0.808207755048));
#1189 = CARTESIAN_POINT('',(1.984474039777,-0.794069775967));
#1190 = CARTESIAN_POINT('',(2.010647974291,-0.778926372314));
#1191 = CARTESIAN_POINT('',(2.036420332791,-0.762790204046));
#1192 = CARTESIAN_POINT('',(2.061783357972,-0.745653760743));
#1193 = CARTESIAN_POINT('',(2.086647730749,-0.727591614285));
#1194 = CARTESIAN_POINT('',(2.111242824477,-0.708378623045));
#1195 = CARTESIAN_POINT('',(2.13462286492,-0.688914022962));
#1196 = CARTESIAN_POINT('',(2.160241641758,-0.665905611608));
#1197 = CARTESIAN_POINT('',(2.175147034284,-0.651708054568));
#1198 = CARTESIAN_POINT('',(2.192898016378,-0.634177760786));
#1199 = CARTESIAN_POINT('',(2.209834328819,-0.616552132288));
#1200 = CARTESIAN_POINT('',(2.226910468853,-0.597948512039));
#1201 = CARTESIAN_POINT('',(2.243845403094,-0.578589480245));
#1202 = CARTESIAN_POINT('',(2.260690248063,-0.558402736515));
#1203 = CARTESIAN_POINT('',(2.277408299413,-0.537396247837));
#1204 = CARTESIAN_POINT('',(2.293987637181,-0.515557707518));
#1205 = CARTESIAN_POINT('',(2.310411013826,-0.492881447308));
#1206 = CARTESIAN_POINT('',(2.32666396924,-0.469361191966));
#1207 = CARTESIAN_POINT('',(2.342732689077,-0.444991960515));
#1208 = CARTESIAN_POINT('',(2.358604597971,-0.419769511683));
#1209 = CARTESIAN_POINT('',(2.374268207185,-0.393690443208));
#1210 = CARTESIAN_POINT('',(2.389713150104,-0.366752112624));
#1211 = CARTESIAN_POINT('',(2.40493015636,-0.338952603309));
#1212 = CARTESIAN_POINT('',(2.419911032609,-0.310290676711));
#1213 = CARTESIAN_POINT('',(2.434648632098,-0.280765726913));
#1214 = CARTESIAN_POINT('',(2.449136821849,-0.25037773524));
#1215 = CARTESIAN_POINT('',(2.46337043549,-0.219127221015));
#1216 = CARTESIAN_POINT('',(2.477345256265,-0.187015209089));
#1217 = CARTESIAN_POINT('',(2.491057869535,-0.154043137952));
#1218 = CARTESIAN_POINT('',(2.500023281927,-0.13148970914));
#1219 = CARTESIAN_POINT('',(2.504461470793,-0.120070287783));
#1220 = ( GEOMETRIC_REPRESENTATION_CONTEXT(2) 
PARAMETRIC_REPRESENTATION_CONTEXT() REPRESENTATION_CONTEXT('2D SPACE',''
  ) );
#1221 = PCURVE('',#1222,#1227);
#1222 = CYLINDRICAL_SURFACE('',#1223,10.6);
#1223 = AXIS2_PLACEMENT_3D('',#1224,#1225,#1226);
#1224 = CARTESIAN_POINT('',(4.819932363006E-03,-267.899999998,
    -351.0499999999));
#1225 = DIRECTION('',(-3.064104139906E-16,-8.673617379884E-16,1.));
#1226 = DIRECTION('',(-0.755406953765,0.655255930307,3.368793651039E-16)
  );
#1227 = DEFINITIONAL_REPRESENTATION('',(#1228),#1320);
#1228 = B_SPLINE_CURVE_WITH_KNOTS('',3,(#1229,#1230,#1231,#1232,#1233,
    #1234,#1235,#1236,#1237,#1238,#1239,#1240,#1241,#1242,#1243,#1244,
    #1245,#1246,#1247,#1248,#1249,#1250,#1251,#1252,#1253,#1254,#1255,
    #1256,#1257,#1258,#1259,#1260,#1261,#1262,#1263,#1264,#1265,#1266,
    #1267,#1268,#1269,#1270,#1271,#1272,#1273,#1274,#1275,#1276,#1277,
    #1278,#1279,#1280,#1281,#1282,#1283,#1284,#1285,#1286,#1287,#1288,
    #1289,#1290,#1291,#1292,#1293,#1294,#1295,#1296,#1297,#1298,#1299,
    #1300,#1301,#1302,#1303,#1304,#1305,#1306,#1307,#1308,#1309,#1310,
    #1311,#1312,#1313,#1314,#1315,#1316,#1317,#1318,#1319),
  .UNSPECIFIED.,.F.,.F.,(4,1,1,1,1,1,1,1,1,1,1,1,1,1,1,1,1,1,1,1,1,1,1,1
    ,1,1,1,1,1,1,1,1,1,1,1,1,1,1,1,1,1,1,1,1,1,1,1,1,1,1,1,1,1,1,1,1,1,1
    ,1,1,1,1,1,1,1,1,1,1,1,1,1,1,1,1,1,1,1,1,1,1,1,1,1,1,1,1,1,1,4),(0.,
    1.136363636364E-02,2.272727272727E-02,3.409090909091E-02,
    4.545454545455E-02,5.681818181818E-02,6.818181818182E-02,
    7.954545454545E-02,9.090909090909E-02,0.102272727273,0.113636363636,
    0.125,0.136363636364,0.147727272727,0.159090909091,0.170454545455,
    0.181818181818,0.193181818182,0.204545454545,0.215909090909,
    0.227272727273,0.238636363636,0.25,0.261363636364,0.272727272727,
    0.284090909091,0.295454545455,0.306818181818,0.318181818182,
    0.329545454545,0.340909090909,0.352272727273,0.363636363636,0.375,
    0.386363636364,0.397727272727,0.409090909091,0.420454545455,
    0.431818181818,0.443181818182,0.454545454545,0.465909090909,
    0.477272727273,0.488636363636,0.5,0.511363636364,0.522727272727,
    0.534090909091,0.545454545455,0.556818181818,0.568181818182,
    0.579545454545,0.590909090909,0.602272727273,0.613636363636,0.625,
    0.636363636364,0.647727272727,0.659090909091,0.670454545455,
    0.681818181818,0.693181818182,0.704545454545,0.715909090909,
    0.727272727273,0.738636363636,0.75,0.761363636364,0.772727272727,
    0.784090909091,0.795454545455,0.806818181818,0.818181818182,
    0.829545454545,0.840909090909,0.852272727273,0.863636363636,0.875,
    0.886363636364,0.897727272727,0.909090909091,0.920454545455,
    0.931818181818,0.943181818182,0.954545454545,0.965909090909,
    0.977272727273,0.988636363636,1.),.UNSPECIFIED.);
#1229 = CARTESIAN_POINT('',(9.743714950573,-47.5));
#1230 = CARTESIAN_POINT('',(9.742613027442,-47.38236465019));
#1231 = CARTESIAN_POINT('',(9.740436227661,-47.14885655776));
#1232 = CARTESIAN_POINT('',(9.73725215188,-46.8038822407));
#1233 = CARTESIAN_POINT('',(9.734149182901,-46.46419574521));
#1234 = CARTESIAN_POINT('',(9.731127309015,-46.1297970713));
#1235 = CARTESIAN_POINT('',(9.728186522106,-45.80068621896));
#1236 = CARTESIAN_POINT('',(9.725326818165,-45.47686318822));
#1237 = CARTESIAN_POINT('',(9.722548197217,-45.15832797895));
#1238 = CARTESIAN_POINT('',(9.719850663185,-44.84508059164));
#1239 = CARTESIAN_POINT('',(9.717234224507,-44.53712102444));
#1240 = CARTESIAN_POINT('',(9.714698891689,-44.2344492843));
#1241 = CARTESIAN_POINT('',(9.712244686299,-43.93706534527));
#1242 = CARTESIAN_POINT('',(9.709871607125,-43.64496930416));
#1243 = CARTESIAN_POINT('',(9.707579625017,-43.35816079973));
#1244 = CARTESIAN_POINT('',(9.705368751339,-43.07664118007));
#1245 = CARTESIAN_POINT('',(9.703238952226,-42.80040541412));
#1246 = CARTESIAN_POINT('',(9.701190348255,-42.52947227798));
#1247 = CARTESIAN_POINT('',(9.699222501532,-42.26377169834));
#1248 = CARTESIAN_POINT('',(9.69733706287,-42.00356519237));
#1249 = CARTESIAN_POINT('',(9.695527856572,-41.74787676475));
#1250 = CARTESIAN_POINT('',(9.693817928032,-41.50034887957));
#1251 = CARTESIAN_POINT('',(9.692121275686,-41.24738767579));
#1252 = CARTESIAN_POINT('',(9.690758859556,-41.03972613306));
#1253 = CARTESIAN_POINT('',(9.688532839701,-40.68802619436));
#1254 = CARTESIAN_POINT('',(9.686657498434,-40.37800159468));
#1255 = CARTESIAN_POINT('',(9.684807463439,-40.05988757881));
#1256 = CARTESIAN_POINT('',(9.683069911419,-39.74701566282));
#1257 = CARTESIAN_POINT('',(9.681421476983,-39.43581076784));
#1258 = CARTESIAN_POINT('',(9.67986841473,-39.12722792348));
#1259 = CARTESIAN_POINT('',(9.678409043144,-38.82100832042));
#1260 = CARTESIAN_POINT('',(9.677043807905,-38.51721839652));
#1261 = CARTESIAN_POINT('',(9.67577258558,-38.21583743987));
#1262 = CARTESIAN_POINT('',(9.674595406214,-37.91686809043));
#1263 = CARTESIAN_POINT('',(9.673512259799,-37.62030673053));
#1264 = CARTESIAN_POINT('',(9.672523148186,-37.32615142107));
#1265 = CARTESIAN_POINT('',(9.671628071193,-37.03439976631));
#1266 = CARTESIAN_POINT('',(9.670827030323,-36.74504951855));
#1267 = CARTESIAN_POINT('',(9.670120027726,-36.45809829457));
#1268 = CARTESIAN_POINT('',(9.669507066398,-36.1735441051));
#1269 = CARTESIAN_POINT('',(9.668988150048,-35.89138352066));
#1270 = CARTESIAN_POINT('',(9.668563282915,-35.6116184787));
#1271 = CARTESIAN_POINT('',(9.668232469951,-35.33423088907));
#1272 = CARTESIAN_POINT('',(9.667995715454,-35.0592774051));
#1273 = CARTESIAN_POINT('',(9.667853027378,-34.78653573391));
#1274 = CARTESIAN_POINT('',(9.667804400336,-34.51682462383));
#1275 = CARTESIAN_POINT('',(9.667849878008,-34.24707760464));
#1276 = CARTESIAN_POINT('',(9.667989498752,-33.97423050106));
#1277 = CARTESIAN_POINT('',(9.668223251483,-33.69910435639));
#1278 = CARTESIAN_POINT('',(9.66855113843,-33.42147917273));
#1279 = CARTESIAN_POINT('',(9.668973158424,-33.14141389836));
#1280 = CARTESIAN_POINT('',(9.669489311441,-32.85889273809));
#1281 = CARTESIAN_POINT('',(9.670099597426,-32.57391992435));
#1282 = CARTESIAN_POINT('',(9.670804016623,-32.28649432263));
#1283 = CARTESIAN_POINT('',(9.671602569428,-31.99661623858));
#1284 = CARTESIAN_POINT('',(9.672495256489,-31.70428558407));
#1285 = CARTESIAN_POINT('',(9.673482078154,-31.40950240597));
#1286 = CARTESIAN_POINT('',(9.674563036137,-31.11226660495));
#1287 = CARTESIAN_POINT('',(9.675738126541,-30.81257853139));
#1288 = CARTESIAN_POINT('',(9.677007356505,-30.5104368831));
#1289 = CARTESIAN_POINT('',(9.678370694222,-30.20584651851));
#1290 = CARTESIAN_POINT('',(9.679828258345,-29.89878930614));
#1291 = CARTESIAN_POINT('',(9.681379610377,-29.58933291346));
#1292 = CARTESIAN_POINT('',(9.683026393977,-29.27722480213));
#1293 = CARTESIAN_POINT('',(9.684762468675,-28.96340745794));
#1294 = CARTESIAN_POINT('',(9.686610748474,-28.64436347606));
#1295 = CARTESIAN_POINT('',(9.688485721888,-28.33321999001));
#1296 = CARTESIAN_POINT('',(9.690706519815,-27.9809858708));
#1297 = CARTESIAN_POINT('',(9.692082129207,-27.77049850017));
#1298 = CARTESIAN_POINT('',(9.693786323798,-27.515493304));
#1299 = CARTESIAN_POINT('',(9.695504557904,-27.26587972452));
#1300 = CARTESIAN_POINT('',(9.697321082791,-27.00828456697));
#1301 = CARTESIAN_POINT('',(9.699213295544,-26.7462911681));
#1302 = CARTESIAN_POINT('',(9.701187228027,-26.47893937572));
#1303 = CARTESIAN_POINT('',(9.703241242864,-26.20648646182));
#1304 = CARTESIAN_POINT('',(9.705375761181,-25.9288634906));
#1305 = CARTESIAN_POINT('',(9.707590656163,-25.64608893334));
#1306 = CARTESIAN_POINT('',(9.709885951518,-25.35815784067));
#1307 = CARTESIAN_POINT('',(9.712261634384,-25.06507153878));
#1308 = CARTESIAN_POINT('',(9.71471770549,-24.76682967231));
#1309 = CARTESIAN_POINT('',(9.717254165734,-24.46343233649));
#1310 = CARTESIAN_POINT('',(9.719871019772,-24.15487950579));
#1311 = CARTESIAN_POINT('',(9.722568275033,-23.84117118705));
#1312 = CARTESIAN_POINT('',(9.725345941939,-23.52230737845));
#1313 = CARTESIAN_POINT('',(9.728204033778,-23.19828808047));
#1314 = CARTESIAN_POINT('',(9.731142566661,-22.86911329298));
#1315 = CARTESIAN_POINT('',(9.734161559406,-22.53478301602));
#1316 = CARTESIAN_POINT('',(9.737261033518,-22.19529724958));
#1317 = CARTESIAN_POINT('',(9.740441012784,-21.85065599365));
#1318 = CARTESIAN_POINT('',(9.742614687062,-21.61745816338));
#1319 = CARTESIAN_POINT('',(9.743714950574,-21.5));
#1320 = ( GEOMETRIC_REPRESENTATION_CONTEXT(2) 
PARAMETRIC_REPRESENTATION_CONTEXT() REPRESENTATION_CONTEXT('2D SPACE',''
  ) );
#1321 = ORIENTED_EDGE('',*,*,#1322,.T.);
#1322 = EDGE_CURVE('',#1088,#1323,#1325,.T.);
#1323 = VERTEX_POINT('',#1324);
#1324 = CARTESIAN_POINT('',(10.17576261883,-272.0895017427,
    -372.5499999999));
#1325 = SURFACE_CURVE('',#1326,(#1331,#1360),.PCURVE_S1.);
#1326 = B_SPLINE_CURVE_WITH_KNOTS('',3,(#1327,#1328,#1329,#1330),
  .UNSPECIFIED.,.F.,.F.,(4,4),(1.5877494092E-02,1.628090825257E-02),
  .PIECEWISE_BEZIER_KNOTS.);
#1327 = CARTESIAN_POINT('',(9.78619818231,-271.9846835269,
    -372.5499999999));
#1328 = CARTESIAN_POINT('',(9.91601751622,-272.0197521318,
    -372.5499999999));
#1329 = CARTESIAN_POINT('',(10.04587179724,-272.0546934713,
    -372.5499999999));
#1330 = CARTESIAN_POINT('',(10.17576261883,-272.0895017427,
    -372.5499999999));
#1331 = PCURVE('',#979,#1332);
#1332 = DEFINITIONAL_REPRESENTATION('',(#1333),#1359);
#1333 = B_SPLINE_CURVE_WITH_KNOTS('',3,(#1334,#1335,#1336,#1337,#1338,
    #1339,#1340,#1341,#1342,#1343,#1344,#1345,#1346,#1347,#1348,#1349,
    #1350,#1351,#1352,#1353,#1354,#1355,#1356,#1357,#1358),
  .UNSPECIFIED.,.F.,.F.,(4,1,1,1,1,1,1,1,1,1,1,1,1,1,1,1,1,1,1,1,1,1,4),
  (1.5877494092E-02,1.58958310993E-02,1.59141681066E-02,
    1.59325051139E-02,1.595084212119E-02,1.596917912849E-02,
    1.598751613579E-02,1.600585314309E-02,1.602419015039E-02,
    1.604252715769E-02,1.606086416499E-02,1.607920117229E-02,
    1.609753817958E-02,1.611587518688E-02,1.613421219418E-02,
    1.615254920148E-02,1.617088620878E-02,1.618922321608E-02,
    1.620756022338E-02,1.622589723067E-02,1.624423423797E-02,
    1.626257124527E-02,1.628090825257E-02),.UNSPECIFIED.);
#1334 = CARTESIAN_POINT('',(2.504461470793,-0.120070287783));
#1335 = CARTESIAN_POINT('',(2.504764451021,-0.120515572009));
#1336 = CARTESIAN_POINT('',(2.505370821196,-0.121405596658));
#1337 = CARTESIAN_POINT('',(2.506281606612,-0.122738998889));
#1338 = CARTESIAN_POINT('',(2.507193623179,-0.124070763046));
#1339 = CARTESIAN_POINT('',(2.508106871888,-0.125400885788));
#1340 = CARTESIAN_POINT('',(2.509021353724,-0.126729363772));
#1341 = CARTESIAN_POINT('',(2.509937069667,-0.128056193649));
#1342 = CARTESIAN_POINT('',(2.510854020689,-0.129381372064));
#1343 = CARTESIAN_POINT('',(2.511772207761,-0.13070489566));
#1344 = CARTESIAN_POINT('',(2.512691631845,-0.132026761073));
#1345 = CARTESIAN_POINT('',(2.513612293897,-0.133346964932));
#1346 = CARTESIAN_POINT('',(2.514534194869,-0.134665503866));
#1347 = CARTESIAN_POINT('',(2.515457335706,-0.135982374496));
#1348 = CARTESIAN_POINT('',(2.516381717348,-0.137297573437));
#1349 = CARTESIAN_POINT('',(2.517307340728,-0.138611097303));
#1350 = CARTESIAN_POINT('',(2.518234206774,-0.1399229427));
#1351 = CARTESIAN_POINT('',(2.519162316408,-0.141233106229));
#1352 = CARTESIAN_POINT('',(2.520091670545,-0.142541584489));
#1353 = CARTESIAN_POINT('',(2.521022270094,-0.143848374071));
#1354 = CARTESIAN_POINT('',(2.52195411596,-0.145153471564));
#1355 = CARTESIAN_POINT('',(2.522887209038,-0.14645687355));
#1356 = CARTESIAN_POINT('',(2.52382155022,-0.147758576608));
#1357 = CARTESIAN_POINT('',(2.524445276999,-0.148625243742));
#1358 = CARTESIAN_POINT('',(2.524757348701,-0.149058293011));
#1359 = ( GEOMETRIC_REPRESENTATION_CONTEXT(2) 
PARAMETRIC_REPRESENTATION_CONTEXT() REPRESENTATION_CONTEXT('2D SPACE',''
  ) );
#1360 = PCURVE('',#1361,#1366);
#1361 = PLANE('',#1362);
#1362 = AXIS2_PLACEMENT_3D('',#1363,#1364,#1365);
#1363 = CARTESIAN_POINT('',(-8.002493777549,-260.9542871367,
    -372.5499999999));
#1364 = DIRECTION('',(-3.064104139906E-16,-8.673617379884E-16,1.));
#1365 = DIRECTION('',(-0.755406953765,0.655255930307,3.368793651039E-16)
  );
#1366 = DEFINITIONAL_REPRESENTATION('',(#1367),#1372);
#1367 = B_SPLINE_CURVE_WITH_KNOTS('',3,(#1368,#1369,#1370,#1371),
  .UNSPECIFIED.,.F.,.F.,(4,4),(1.5877494092E-02,1.628090825257E-02),
  .PIECEWISE_BEZIER_KNOTS.);
#1368 = CARTESIAN_POINT('',(-20.66543425316,-3.323707763183));
#1369 = CARTESIAN_POINT('',(-20.78647959206,-3.382281583595));
#1370 = CARTESIAN_POINT('',(-20.90746793885,-3.440974440464));
#1371 = CARTESIAN_POINT('',(-21.02839669492,-3.499791761394));
#1372 = ( GEOMETRIC_REPRESENTATION_CONTEXT(2) 
PARAMETRIC_REPRESENTATION_CONTEXT() REPRESENTATION_CONTEXT('2D SPACE',''
  ) );
#1373 = ORIENTED_EDGE('',*,*,#1374,.T.);
#1374 = EDGE_CURVE('',#1323,#1375,#1377,.T.);
#1375 = VERTEX_POINT('',#1376);
#1376 = CARTESIAN_POINT('',(10.23263561912,-271.9486771002,
    -371.0688346444));
#1377 = SURFACE_CURVE('',#1378,(#1383,#1412),.PCURVE_S1.);
#1378 = B_SPLINE_CURVE_WITH_KNOTS('',3,(#1379,#1380,#1381,#1382),
  .UNSPECIFIED.,.F.,.F.,(4,4),(4.173719596322E-04,1.906302567412E-03),
  .PIECEWISE_BEZIER_KNOTS.);
#1379 = CARTESIAN_POINT('',(10.17576261883,-272.0895017427,
    -372.5499999999));
#1380 = CARTESIAN_POINT('',(10.19470954569,-272.0435038845,
    -372.0561870578));
#1381 = CARTESIAN_POINT('',(10.21370345379,-271.9965037588,
    -371.5624722936));
#1382 = CARTESIAN_POINT('',(10.23263561912,-271.9486771002,
    -371.0688346444));
#1383 = PCURVE('',#979,#1384);
#1384 = DEFINITIONAL_REPRESENTATION('',(#1385),#1411);
#1385 = B_SPLINE_CURVE_WITH_KNOTS('',3,(#1386,#1387,#1388,#1389,#1390,
    #1391,#1392,#1393,#1394,#1395,#1396,#1397,#1398,#1399,#1400,#1401,
    #1402,#1403,#1404,#1405,#1406,#1407,#1408,#1409,#1410),
  .UNSPECIFIED.,.F.,.F.,(4,1,1,1,1,1,1,1,1,1,1,1,1,1,1,1,1,1,1,1,1,1,4),
  (4.173719596322E-04,4.850506236222E-04,5.527292876122E-04,
    6.204079516022E-04,6.880866155922E-04,7.557652795822E-04,
    8.234439435721E-04,8.911226075621E-04,9.588012715521E-04,
    1.026479935542E-03,1.094158599532E-03,1.161837263522E-03,
    1.229515927512E-03,1.297194591502E-03,1.364873255492E-03,
    1.432551919482E-03,1.500230583472E-03,1.567909247462E-03,
    1.635587911452E-03,1.703266575442E-03,1.770945239432E-03,
    1.838623903422E-03,1.906302567412E-03),.UNSPECIFIED.);
#1386 = CARTESIAN_POINT('',(2.524757348701,-0.149058293011));
#1387 = CARTESIAN_POINT('',(2.525595033558,-0.146842042095));
#1388 = CARTESIAN_POINT('',(2.52726466594,-0.142405419945));
#1389 = CARTESIAN_POINT('',(2.529752042806,-0.135738247099));
#1390 = CARTESIAN_POINT('',(2.532222488673,-0.129058956517));
#1391 = CARTESIAN_POINT('',(2.534676142769,-0.122367668134));
#1392 = CARTESIAN_POINT('',(2.537113143347,-0.115664500626));
#1393 = CARTESIAN_POINT('',(2.539533627557,-0.108949571252));
#1394 = CARTESIAN_POINT('',(2.541937731476,-0.10222299591));
#1395 = CARTESIAN_POINT('',(2.544325590101,-9.548488914604E-02));
#1396 = CARTESIAN_POINT('',(2.546697337355,-8.87353641724E-02));
#1397 = CARTESIAN_POINT('',(2.549053106087,-8.19745328815E-02));
#1398 = CARTESIAN_POINT('',(2.551393028073,-7.520250586283E-02));
#1399 = CARTESIAN_POINT('',(2.553717234019,-6.841939241824E-02));
#1400 = CARTESIAN_POINT('',(2.556025853565,-6.16253005774E-02));
#1401 = CARTESIAN_POINT('',(2.558319015284,-5.482033711308E-02));
#1402 = CARTESIAN_POINT('',(2.56059684669,-4.800460755648E-02));
#1403 = CARTESIAN_POINT('',(2.562859474236,-4.117821621182E-02));
#1404 = CARTESIAN_POINT('',(2.565107023323,-3.434126617226E-02));
#1405 = CARTESIAN_POINT('',(2.567339618298,-2.749385933144E-02));
#1406 = CARTESIAN_POINT('',(2.569557382468,-2.063609640876E-02));
#1407 = CARTESIAN_POINT('',(2.571760438071,-1.376807692511E-02));
#1408 = CARTESIAN_POINT('',(2.573948906407,-6.889899360441E-03));
#1409 = CARTESIAN_POINT('',(2.575398240375,-2.297740209334E-03));
#1410 = CARTESIAN_POINT('',(2.576120516177,-9.521424878067E-13));
#1411 = ( GEOMETRIC_REPRESENTATION_CONTEXT(2) 
PARAMETRIC_REPRESENTATION_CONTEXT() REPRESENTATION_CONTEXT('2D SPACE',''
  ) );
#1412 = PCURVE('',#1413,#1418);
#1413 = CYLINDRICAL_SURFACE('',#1414,11.);
#1414 = AXIS2_PLACEMENT_3D('',#1415,#1416,#1417);
#1415 = CARTESIAN_POINT('',(4.819932363006E-03,-267.899999998,
    -351.0499999999));
#1416 = DIRECTION('',(-3.064104139906E-16,-8.673617379884E-16,1.));
#1417 = DIRECTION('',(-0.755406953765,0.655255930307,3.368793651039E-16)
  );
#1418 = DEFINITIONAL_REPRESENTATION('',(#1419),#1445);
#1419 = B_SPLINE_CURVE_WITH_KNOTS('',3,(#1420,#1421,#1422,#1423,#1424,
    #1425,#1426,#1427,#1428,#1429,#1430,#1431,#1432,#1433,#1434,#1435,
    #1436,#1437,#1438,#1439,#1440,#1441,#1442,#1443,#1444),
  .UNSPECIFIED.,.F.,.F.,(4,1,1,1,1,1,1,1,1,1,1,1,1,1,1,1,1,1,1,1,1,1,4),
  (4.173719596322E-04,4.850506236222E-04,5.527292876122E-04,
    6.204079516022E-04,6.880866155922E-04,7.557652795822E-04,
    8.234439435721E-04,8.911226075621E-04,9.588012715521E-04,
    1.026479935542E-03,1.094158599532E-03,1.161837263522E-03,
    1.229515927512E-03,1.297194591502E-03,1.364873255492E-03,
    1.432551919482E-03,1.500230583472E-03,1.567909247462E-03,
    1.635587911452E-03,1.703266575442E-03,1.770945239432E-03,
    1.838623903422E-03,1.906302567412E-03),.UNSPECIFIED.);
#1420 = CARTESIAN_POINT('',(3.465383700377,-21.5));
#1421 = CARTESIAN_POINT('',(3.46558926753,-21.47755395717));
#1422 = CARTESIAN_POINT('',(3.466000756691,-21.43266227722));
#1423 = CARTESIAN_POINT('',(3.466619044786,-21.36532596251));
#1424 = CARTESIAN_POINT('',(3.46723837703,-21.29799084114));
#1425 = CARTESIAN_POINT('',(3.467858743217,-21.23065690124));
#1426 = CARTESIAN_POINT('',(3.468480133146,-21.16332413095));
#1427 = CARTESIAN_POINT('',(3.469102536617,-21.0959925184));
#1428 = CARTESIAN_POINT('',(3.469725943432,-21.02866205172));
#1429 = CARTESIAN_POINT('',(3.470350343395,-20.96133271904));
#1430 = CARTESIAN_POINT('',(3.470975726311,-20.89400450849));
#1431 = CARTESIAN_POINT('',(3.47160208199,-20.82667740821));
#1432 = CARTESIAN_POINT('',(3.47222940024,-20.75935140632));
#1433 = CARTESIAN_POINT('',(3.472857670876,-20.69202649096));
#1434 = CARTESIAN_POINT('',(3.473486883711,-20.62470265025));
#1435 = CARTESIAN_POINT('',(3.474117028563,-20.55737987234));
#1436 = CARTESIAN_POINT('',(3.474748095251,-20.49005814534));
#1437 = CARTESIAN_POINT('',(3.475380073596,-20.42273745739));
#1438 = CARTESIAN_POINT('',(3.476012953424,-20.35541779663));
#1439 = CARTESIAN_POINT('',(3.476646724561,-20.28809915119));
#1440 = CARTESIAN_POINT('',(3.477281376835,-20.22078150918));
#1441 = CARTESIAN_POINT('',(3.47791690008,-20.15346485876));
#1442 = CARTESIAN_POINT('',(3.478553284127,-20.08614918804));
#1443 = CARTESIAN_POINT('',(3.478978107253,-20.04127271946));
#1444 = CARTESIAN_POINT('',(3.479190658896,-20.0188346445));
#1445 = ( GEOMETRIC_REPRESENTATION_CONTEXT(2) 
PARAMETRIC_REPRESENTATION_CONTEXT() REPRESENTATION_CONTEXT('2D SPACE',''
  ) );
#1446 = ORIENTED_EDGE('',*,*,#1447,.F.);
#1447 = EDGE_CURVE('',#1448,#1375,#1450,.T.);
#1448 = VERTEX_POINT('',#1449);
#1449 = CARTESIAN_POINT('',(4.609080359624,-270.8617747594,
    -377.0866863179));
#1450 = SURFACE_CURVE('',#1451,(#1456,#1463),.PCURVE_S1.);
#1451 = CIRCLE('',#1452,17.150956750156);
#1452 = AXIS2_PLACEMENT_3D('',#1453,#1454,#1455);
#1453 = CARTESIAN_POINT('',(19.25538593874,-273.6925647281,-385.55));
#1454 = DIRECTION('',(0.189764804744,0.98182957731,9.097473209655E-16));
#1455 = DIRECTION('',(3.033982982316E-18,9.259973408708E-16,-1.));
#1456 = PCURVE('',#979,#1457);
#1457 = DEFINITIONAL_REPRESENTATION('',(#1458),#1462);
#1458 = LINE('',#1459,#1460);
#1459 = CARTESIAN_POINT('',(0.,9.340222029074E-15));
#1460 = VECTOR('',#1461,1.);
#1461 = DIRECTION('',(1.,-2.635034734688E-15));
#1462 = ( GEOMETRIC_REPRESENTATION_CONTEXT(2) 
PARAMETRIC_REPRESENTATION_CONTEXT() REPRESENTATION_CONTEXT('2D SPACE',''
  ) );
#1463 = PCURVE('',#1464,#1469);
#1464 = CYLINDRICAL_SURFACE('',#1465,17.150956750156);
#1465 = AXIS2_PLACEMENT_3D('',#1466,#1467,#1468);
#1466 = CARTESIAN_POINT('',(20.30093099242,-268.2829891248,-385.55));
#1467 = DIRECTION('',(0.189764804744,0.98182957731,9.097473209655E-16));
#1468 = DIRECTION('',(1.245642963491E-17,9.241762012448E-16,-1.));
#1469 = DEFINITIONAL_REPRESENTATION('',(#1470),#1474);
#1470 = LINE('',#1471,#1472);
#1471 = CARTESIAN_POINT('',(6.750155989721E-14,-5.509688981015));
#1472 = VECTOR('',#1473,1.);
#1473 = DIRECTION('',(1.,0.));
#1474 = ( GEOMETRIC_REPRESENTATION_CONTEXT(2) 
PARAMETRIC_REPRESENTATION_CONTEXT() REPRESENTATION_CONTEXT('2D SPACE',''
  ) );
#1475 = ORIENTED_EDGE('',*,*,#1476,.T.);
#1476 = EDGE_CURVE('',#1448,#1477,#1479,.T.);
#1477 = VERTEX_POINT('',#1478);
#1478 = CARTESIAN_POINT('',(6.77195195206,-271.2798074964,
    -397.0607686922));
#1479 = SURFACE_CURVE('',#1480,(#1501,#1574),.PCURVE_S1.);
#1480 = B_SPLINE_CURVE_WITH_KNOTS('',3,(#1481,#1482,#1483,#1484,#1485,
    #1486,#1487,#1488,#1489,#1490,#1491,#1492,#1493,#1494,#1495,#1496,
    #1497,#1498,#1499,#1500),.UNSPECIFIED.,.F.,.F.,(4,2,2,1,1,1,1,1,1,2,
    2,2,4),(0.,0.250000000001,0.375000000002,0.437500000002,
    0.468750000002,0.484375000002,0.492187500002,0.496093750002,
    0.498046875002,0.499023437502,0.500000000002,0.750000000001,1.),
  .UNSPECIFIED.);
#1481 = CARTESIAN_POINT('',(4.609080359624,-270.8617747594,
    -377.0866863179));
#1482 = CARTESIAN_POINT('',(4.726960741824,-271.003926487,
    -378.7694626948));
#1483 = CARTESIAN_POINT('',(4.855979496063,-271.125979215,
    -380.4442873228));
#1484 = CARTESIAN_POINT('',(5.074546568865,-271.2696785533,
    -382.9445966415));
#1485 = CARTESIAN_POINT('',(5.151545838222,-271.310999132,
    -383.7760451438));
#1486 = CARTESIAN_POINT('',(5.273970734054,-271.3617668259,
    -385.0202359915));
#1487 = CARTESIAN_POINT('',(5.336910708541,-271.3843450168,
    -385.6415859389));
#1488 = CARTESIAN_POINT('',(5.413473313297,-271.4054555427,
    -386.365189627));
#1489 = CARTESIAN_POINT('',(5.45254765939,-271.4146609015,
    -386.7266653251));
#1490 = CARTESIAN_POINT('',(5.472284204968,-271.418920762,
    -386.9073216377));
#1491 = CARTESIAN_POINT('',(5.482202446211,-271.4209643123,
    -386.9976294099));
#1492 = CARTESIAN_POINT('',(5.487174073736,-271.4219644076,
    -387.0427781999));
#1493 = CARTESIAN_POINT('',(5.489307452835,-271.422388365,
    -387.0621265894));
#1494 = CARTESIAN_POINT('',(5.490730301644,-271.4226699679,
    -387.075025273));
#1495 = CARTESIAN_POINT('',(5.491600757397,-271.4228414101,
    -387.0829122144));
#1496 = CARTESIAN_POINT('',(5.63379558151,-271.4507534333,
    -388.3708364188));
#1497 = CARTESIAN_POINT('',(5.81071670434,-271.4597437894,
    -389.8433632569));
#1498 = CARTESIAN_POINT('',(6.23738327662,-271.4202788554,
    -393.1676449568));
#1499 = CARTESIAN_POINT('',(6.48727974325,-271.3718286508,
    -395.0193998186));
#1500 = CARTESIAN_POINT('',(6.77195195206,-271.2798074964,
    -397.0607686922));
#1501 = PCURVE('',#979,#1502);
#1502 = DEFINITIONAL_REPRESENTATION('',(#1503),#1573);
#1503 = B_SPLINE_CURVE_WITH_KNOTS('',3,(#1504,#1505,#1506,#1507,#1508,
    #1509,#1510,#1511,#1512,#1513,#1514,#1515,#1516,#1517,#1518,#1519,
    #1520,#1521,#1522,#1523,#1524,#1525,#1526,#1527,#1528,#1529,#1530,
    #1531,#1532,#1533,#1534,#1535,#1536,#1537,#1538,#1539,#1540,#1541,
    #1542,#1543,#1544,#1545,#1546,#1547,#1548,#1549,#1550,#1551,#1552,
    #1553,#1554,#1555,#1556,#1557,#1558,#1559,#1560,#1561,#1562,#1563,
    #1564,#1565,#1566,#1567,#1568,#1569,#1570,#1571,#1572),
  .UNSPECIFIED.,.F.,.F.,(4,1,1,1,1,1,1,1,1,1,1,1,1,1,1,1,1,1,1,1,1,1,1,1
    ,1,1,1,1,1,1,1,1,1,1,1,1,1,1,1,1,1,1,1,1,1,1,1,1,1,1,1,1,1,1,1,1,1,1
    ,1,1,1,1,1,1,1,1,4),(0.,1.515151515152E-02,3.030303030303E-02,
    4.545454545455E-02,6.060606060606E-02,7.575757575758E-02,
    9.090909090909E-02,0.106060606061,0.121212121212,0.136363636364,
    0.151515151515,0.166666666667,0.181818181818,0.19696969697,
    0.212121212121,0.227272727273,0.242424242424,0.257575757576,
    0.272727272727,0.287878787879,0.30303030303,0.318181818182,
    0.333333333333,0.348484848485,0.363636363636,0.378787878788,
    0.393939393939,0.409090909091,0.424242424242,0.439393939394,
    0.454545454545,0.469696969697,0.484848484848,0.5,0.515151515152,
    0.530303030303,0.545454545455,0.560606060606,0.575757575758,
    0.590909090909,0.606060606061,0.621212121212,0.636363636364,
    0.651515151515,0.666666666667,0.681818181818,0.69696969697,
    0.712121212121,0.727272727273,0.742424242424,0.757575757576,
    0.772727272727,0.787878787879,0.80303030303,0.818181818182,
    0.833333333333,0.848484848485,0.863636363636,0.878787878788,
    0.893939393939,0.909090909091,0.924242424242,0.939393939394,
    0.954545454545,0.969696969697,0.984848484848,1.),.UNSPECIFIED.);
#1504 = CARTESIAN_POINT('',(2.08685985309,-8.476410141881E-13));
#1505 = CARTESIAN_POINT('',(2.081936752174,-7.102968344268E-03));
#1506 = CARTESIAN_POINT('',(2.071995253054,-2.115774822045E-02));
#1507 = CARTESIAN_POINT('',(2.056795579274,-4.177410986147E-02));
#1508 = CARTESIAN_POINT('',(2.041306772937,-6.191239118819E-02));
#1509 = CARTESIAN_POINT('',(2.025527736336,-8.156009045888E-02));
#1510 = CARTESIAN_POINT('',(2.009457821524,-0.100704582068));
#1511 = CARTESIAN_POINT('',(1.99309692408,-0.119333118129));
#1512 = CARTESIAN_POINT('',(1.976445509302,-0.137432861347));
#1513 = CARTESIAN_POINT('',(1.959504656437,-0.154990912982));
#1514 = CARTESIAN_POINT('',(1.94227609746,-0.171994345651));
#1515 = CARTESIAN_POINT('',(1.924762256094,-0.18843023835));
#1516 = CARTESIAN_POINT('',(1.906966284883,-0.204285714447));
#1517 = CARTESIAN_POINT('',(1.88889210015,-0.219547982115));
#1518 = CARTESIAN_POINT('',(1.870544414218,-0.234204378121));
#1519 = CARTESIAN_POINT('',(1.851928763883,-0.248242411194));
#1520 = CARTESIAN_POINT('',(1.833051535954,-0.261649818189));
#1521 = CARTESIAN_POINT('',(1.813919983655,-0.274414582699));
#1522 = CARTESIAN_POINT('',(1.79454225387,-0.286525102795));
#1523 = CARTESIAN_POINT('',(1.774927311066,-0.297969510175));
#1524 = CARTESIAN_POINT('',(1.755085064551,-0.308736618178));
#1525 = CARTESIAN_POINT('',(1.735026323596,-0.318815709604));
#1526 = CARTESIAN_POINT('',(1.714762787619,-0.32819660493));
#1527 = CARTESIAN_POINT('',(1.694307027136,-0.336869712158));
#1528 = CARTESIAN_POINT('',(1.67367244676,-0.344826085644));
#1529 = CARTESIAN_POINT('',(1.652873278837,-0.352057460381));
#1530 = CARTESIAN_POINT('',(1.631924421189,-0.358556364929));
#1531 = CARTESIAN_POINT('',(1.61084181564,-0.364315902575));
#1532 = CARTESIAN_POINT('',(1.589640752046,-0.369329919901));
#1533 = CARTESIAN_POINT('',(1.568341956884,-0.373593259014));
#1534 = CARTESIAN_POINT('',(1.546948541657,-0.377101386914));
#1535 = CARTESIAN_POINT('',(1.525531653989,-0.379851701754));
#1536 = CARTESIAN_POINT('',(1.503910431446,-0.381838662299));
#1537 = CARTESIAN_POINT('',(1.482846029351,-0.383071768726));
#1538 = CARTESIAN_POINT('',(1.459585012242,-0.383509016479));
#1539 = CARTESIAN_POINT('',(1.444491196216,-0.3833051298));
#1540 = CARTESIAN_POINT('',(1.426834161837,-0.382668243319));
#1541 = CARTESIAN_POINT('',(1.409501594414,-0.381509453905));
#1542 = CARTESIAN_POINT('',(1.39173350536,-0.379819471776));
#1543 = CARTESIAN_POINT('',(1.373748584887,-0.377567795141));
#1544 = CARTESIAN_POINT('',(1.355504564292,-0.37472982826));
#1545 = CARTESIAN_POINT('',(1.337030353414,-0.371279720349));
#1546 = CARTESIAN_POINT('',(1.318337009449,-0.367192391857));
#1547 = CARTESIAN_POINT('',(1.299441544444,-0.362443100298));
#1548 = CARTESIAN_POINT('',(1.280360484537,-0.357007665581));
#1549 = CARTESIAN_POINT('',(1.261111521075,-0.350862517728));
#1550 = CARTESIAN_POINT('',(1.241712980816,-0.343984790018));
#1551 = CARTESIAN_POINT('',(1.222183868408,-0.336352396884));
#1552 = CARTESIAN_POINT('',(1.202543744494,-0.327944110473));
#1553 = CARTESIAN_POINT('',(1.182812637529,-0.318739635185));
#1554 = CARTESIAN_POINT('',(1.163010939438,-0.308719663516));
#1555 = CARTESIAN_POINT('',(1.143159293441,-0.297865975366));
#1556 = CARTESIAN_POINT('',(1.123278446984,-0.286161529091));
#1557 = CARTESIAN_POINT('',(1.103389391994,-0.273589599352));
#1558 = CARTESIAN_POINT('',(1.083513024125,-0.260134810821));
#1559 = CARTESIAN_POINT('',(1.06367006439,-0.245782995813));
#1560 = CARTESIAN_POINT('',(1.043880935662,-0.230521262188));
#1561 = CARTESIAN_POINT('',(1.024165655939,-0.214337993482));
#1562 = CARTESIAN_POINT('',(1.004543733677,-0.1972228558));
#1563 = CARTESIAN_POINT('',(0.985034070827,-0.179166791716));
#1564 = CARTESIAN_POINT('',(0.965654873658,-0.160162006801));
#1565 = CARTESIAN_POINT('',(0.946423572332,-0.140201948054));
#1566 = CARTESIAN_POINT('',(0.92735675102,-0.119281274193));
#1567 = CARTESIAN_POINT('',(0.90847008499,-9.739582202022E-02));
#1568 = CARTESIAN_POINT('',(0.889778300337,-7.454255594212E-02));
#1569 = CARTESIAN_POINT('',(0.871295099158,-5.071955240255E-02));
#1570 = CARTESIAN_POINT('',(0.853033263933,-2.592582966378E-02));
#1571 = CARTESIAN_POINT('',(0.841013849756,-8.74976607002E-03));
#1572 = CARTESIAN_POINT('',(0.83504488797,-4.044865108677E-12));
#1573 = ( GEOMETRIC_REPRESENTATION_CONTEXT(2) 
PARAMETRIC_REPRESENTATION_CONTEXT() REPRESENTATION_CONTEXT('2D SPACE',''
  ) );
#1574 = PCURVE('',#45,#1575);
#1575 = DEFINITIONAL_REPRESENTATION('',(#1576),#1646);
#1576 = B_SPLINE_CURVE_WITH_KNOTS('',3,(#1577,#1578,#1579,#1580,#1581,
    #1582,#1583,#1584,#1585,#1586,#1587,#1588,#1589,#1590,#1591,#1592,
    #1593,#1594,#1595,#1596,#1597,#1598,#1599,#1600,#1601,#1602,#1603,
    #1604,#1605,#1606,#1607,#1608,#1609,#1610,#1611,#1612,#1613,#1614,
    #1615,#1616,#1617,#1618,#1619,#1620,#1621,#1622,#1623,#1624,#1625,
    #1626,#1627,#1628,#1629,#1630,#1631,#1632,#1633,#1634,#1635,#1636,
    #1637,#1638,#1639,#1640,#1641,#1642,#1643,#1644,#1645),
  .UNSPECIFIED.,.F.,.F.,(4,1,1,1,1,1,1,1,1,1,1,1,1,1,1,1,1,1,1,1,1,1,1,1
    ,1,1,1,1,1,1,1,1,1,1,1,1,1,1,1,1,1,1,1,1,1,1,1,1,1,1,1,1,1,1,1,1,1,1
    ,1,1,1,1,1,1,1,1,4),(0.,1.515151515152E-02,3.030303030303E-02,
    4.545454545455E-02,6.060606060606E-02,7.575757575758E-02,
    9.090909090909E-02,0.106060606061,0.121212121212,0.136363636364,
    0.151515151515,0.166666666667,0.181818181818,0.19696969697,
    0.212121212121,0.227272727273,0.242424242424,0.257575757576,
    0.272727272727,0.287878787879,0.30303030303,0.318181818182,
    0.333333333333,0.348484848485,0.363636363636,0.378787878788,
    0.393939393939,0.409090909091,0.424242424242,0.439393939394,
    0.454545454545,0.469696969697,0.484848484848,0.5,0.515151515152,
    0.530303030303,0.545454545455,0.560606060606,0.575757575758,
    0.590909090909,0.606060606061,0.621212121212,0.636363636364,
    0.651515151515,0.666666666667,0.681818181818,0.69696969697,
    0.712121212121,0.727272727273,0.742424242424,0.757575757576,
    0.772727272727,0.787878787879,0.80303030303,0.818181818182,
    0.833333333333,0.848484848485,0.863636363636,0.878787878788,
    0.893939393939,0.909090909091,0.924242424242,0.939393939394,
    0.954545454545,0.969696969697,0.984848484848,1.),.UNSPECIFIED.);
#1577 = CARTESIAN_POINT('',(6.140292288525,4.536686317999));
#1578 = CARTESIAN_POINT('',(6.140909784459,4.638672766292));
#1579 = CARTESIAN_POINT('',(6.142106788271,4.842587378837));
#1580 = CARTESIAN_POINT('',(6.14378834935,5.148284329145));
#1581 = CARTESIAN_POINT('',(6.145355986469,5.453806188718));
#1582 = CARTESIAN_POINT('',(6.146809716278,5.759152855752));
#1583 = CARTESIAN_POINT('',(6.148149552695,6.064324242625));
#1584 = CARTESIAN_POINT('',(6.149375506498,6.369320278371));
#1585 = CARTESIAN_POINT('',(6.150487585401,6.674140908821));
#1586 = CARTESIAN_POINT('',(6.151485794046,6.978786097371));
#1587 = CARTESIAN_POINT('',(6.152370134043,7.283255825582));
#1588 = CARTESIAN_POINT('',(6.153140604039,7.587550093828));
#1589 = CARTESIAN_POINT('',(6.153797199812,7.891668921961));
#1590 = CARTESIAN_POINT('',(6.154339914409,8.195612349822));
#1591 = CARTESIAN_POINT('',(6.154768738244,8.49938043841));
#1592 = CARTESIAN_POINT('',(6.15508365953,8.802973268559));
#1593 = CARTESIAN_POINT('',(6.15528466356,9.10639094893));
#1594 = CARTESIAN_POINT('',(6.155371736472,9.409633589254));
#1595 = CARTESIAN_POINT('',(6.155344852407,9.71270140328));
#1596 = CARTESIAN_POINT('',(6.155204060807,10.015594063721));
#1597 = CARTESIAN_POINT('',(6.154949366337,10.31831149605));
#1598 = CARTESIAN_POINT('',(6.154580774514,10.620853640022));
#1599 = CARTESIAN_POINT('',(6.15409828762,10.923220470649));
#1600 = CARTESIAN_POINT('',(6.153501906061,11.225411962891));
#1601 = CARTESIAN_POINT('',(6.152791627066,11.527428215722));
#1602 = CARTESIAN_POINT('',(6.151967448878,11.829268994999));
#1603 = CARTESIAN_POINT('',(6.151029355896,12.130935441764));
#1604 = CARTESIAN_POINT('',(6.149977376555,12.432423676134));
#1605 = CARTESIAN_POINT('',(6.14881142481,12.733747920612));
#1606 = CARTESIAN_POINT('',(6.147531848036,13.034854803744));
#1607 = CARTESIAN_POINT('',(6.146137348836,13.335943523332));
#1608 = CARTESIAN_POINT('',(6.144632757448,13.636270779491));
#1609 = CARTESIAN_POINT('',(6.143000037279,13.938610717408));
#1610 = CARTESIAN_POINT('',(6.141306516753,14.232609934581));
#1611 = CARTESIAN_POINT('',(6.139300921012,14.556907856742));
#1612 = CARTESIAN_POINT('',(6.137921020529,14.767300194628));
#1613 = CARTESIAN_POINT('',(6.136237687527,15.013512688749));
#1614 = CARTESIAN_POINT('',(6.134499529377,15.255426153388));
#1615 = CARTESIAN_POINT('',(6.132639634948,15.503790236849));
#1616 = CARTESIAN_POINT('',(6.130675689532,15.755724364596));
#1617 = CARTESIAN_POINT('',(6.128602763232,16.012000210249));
#1618 = CARTESIAN_POINT('',(6.126422037134,16.272410872195));
#1619 = CARTESIAN_POINT('',(6.124133105107,16.537011699718));
#1620 = CARTESIAN_POINT('',(6.121736035538,16.805787815358));
#1621 = CARTESIAN_POINT('',(6.119230817938,17.078743202709));
#1622 = CARTESIAN_POINT('',(6.116617510383,17.355876836107));
#1623 = CARTESIAN_POINT('',(6.113896199012,17.637189077225));
#1624 = CARTESIAN_POINT('',(6.111067008715,17.922679961997));
#1625 = CARTESIAN_POINT('',(6.108130097276,18.212349659238));
#1626 = CARTESIAN_POINT('',(6.105085664762,18.506198352008));
#1627 = CARTESIAN_POINT('',(6.101933918747,18.804226256185));
#1628 = CARTESIAN_POINT('',(6.098675201236,19.106433667353));
#1629 = CARTESIAN_POINT('',(6.09530927672,19.412820897631));
#1630 = CARTESIAN_POINT('',(6.091835921086,19.723387493411));
#1631 = CARTESIAN_POINT('',(6.088254973051,20.038133178846));
#1632 = CARTESIAN_POINT('',(6.08456629118,20.357057688149));
#1633 = CARTESIAN_POINT('',(6.080769764508,20.68016081157));
#1634 = CARTESIAN_POINT('',(6.076865308899,21.007442384103));
#1635 = CARTESIAN_POINT('',(6.072852867319,21.338902289531));
#1636 = CARTESIAN_POINT('',(6.068732409162,21.674540460343));
#1637 = CARTESIAN_POINT('',(6.064503929926,22.014356878751));
#1638 = CARTESIAN_POINT('',(6.060167450892,22.358351577407));
#1639 = CARTESIAN_POINT('',(6.055723018891,22.706524640144));
#1640 = CARTESIAN_POINT('',(6.051170706203,23.05887620286));
#1641 = CARTESIAN_POINT('',(6.046510610251,23.41540645375));
#1642 = CARTESIAN_POINT('',(6.041742854467,23.776115635913));
#1643 = CARTESIAN_POINT('',(6.036867585101,24.141004041048));
#1644 = CARTESIAN_POINT('',(6.033545850706,24.387049371242));
#1645 = CARTESIAN_POINT('',(6.031867123357,24.5107686923));
#1646 = ( GEOMETRIC_REPRESENTATION_CONTEXT(2) 
PARAMETRIC_REPRESENTATION_CONTEXT() REPRESENTATION_CONTEXT('2D SPACE',''
  ) );
#1647 = ORIENTED_EDGE('',*,*,#1648,.F.);
#1648 = EDGE_CURVE('',#868,#1477,#1649,.T.);
#1649 = SURFACE_CURVE('',#1650,(#1655,#1662),.PCURVE_S1.);
#1650 = CIRCLE('',#1651,17.150956750156);
#1651 = AXIS2_PLACEMENT_3D('',#1652,#1653,#1654);
#1652 = CARTESIAN_POINT('',(19.25538593874,-273.6925647281,-385.55));
#1653 = DIRECTION('',(0.189764804744,0.98182957731,9.097473209655E-16));
#1654 = DIRECTION('',(3.033982982316E-18,9.259973408708E-16,-1.));
#1655 = PCURVE('',#979,#1656);
#1656 = DEFINITIONAL_REPRESENTATION('',(#1657),#1661);
#1657 = LINE('',#1658,#1659);
#1658 = CARTESIAN_POINT('',(2.22044604925E-16,2.525672293312E-15));
#1659 = VECTOR('',#1660,1.);
#1660 = DIRECTION('',(1.,0.));
#1661 = ( GEOMETRIC_REPRESENTATION_CONTEXT(2) 
PARAMETRIC_REPRESENTATION_CONTEXT() REPRESENTATION_CONTEXT('2D SPACE',''
  ) );
#1662 = PCURVE('',#906,#1663);
#1663 = DEFINITIONAL_REPRESENTATION('',(#1664),#1668);
#1664 = LINE('',#1665,#1666);
#1665 = CARTESIAN_POINT('',(-1.159072837709E-13,-5.509688981015));
#1666 = VECTOR('',#1667,1.);
#1667 = DIRECTION('',(1.,0.));
#1668 = ( GEOMETRIC_REPRESENTATION_CONTEXT(2) 
PARAMETRIC_REPRESENTATION_CONTEXT() REPRESENTATION_CONTEXT('2D SPACE',''
  ) );
#1669 = ADVANCED_FACE('',(#1670),#1464,.F.);
#1670 = FACE_BOUND('',#1671,.F.);
#1671 = EDGE_LOOP('',(#1672,#1740,#1764,#1836));
#1672 = ORIENTED_EDGE('',*,*,#1673,.T.);
#1673 = EDGE_CURVE('',#1375,#1674,#1676,.T.);
#1674 = VERTEX_POINT('',#1675);
#1675 = CARTESIAN_POINT('',(11.00468669876,-267.9541398296,
    -371.0688346444));
#1676 = SURFACE_CURVE('',#1677,(#1682,#1711),.PCURVE_S1.);
#1677 = B_SPLINE_CURVE_WITH_KNOTS('',3,(#1678,#1679,#1680,#1681),
  .UNSPECIFIED.,.F.,.F.,(4,4),(0.,1.),.PIECEWISE_BEZIER_KNOTS.);
#1678 = CARTESIAN_POINT('',(10.23263561912,-271.9486771002,
    -371.0688346444));
#1679 = CARTESIAN_POINT('',(10.7346736589,-270.6804227027,
    -370.9087597696));
#1680 = CARTESIAN_POINT('',(10.99797333184,-269.3181289574,
    -370.9087597696));
#1681 = CARTESIAN_POINT('',(11.00468669876,-267.9541398296,
    -371.0688346444));
#1682 = PCURVE('',#1464,#1683);
#1683 = DEFINITIONAL_REPRESENTATION('',(#1684),#1710);
#1684 = B_SPLINE_CURVE_WITH_KNOTS('',3,(#1685,#1686,#1687,#1688,#1689,
    #1690,#1691,#1692,#1693,#1694,#1695,#1696,#1697,#1698,#1699,#1700,
    #1701,#1702,#1703,#1704,#1705,#1706,#1707,#1708,#1709),
  .UNSPECIFIED.,.F.,.F.,(4,1,1,1,1,1,1,1,1,1,1,1,1,1,1,1,1,1,1,1,1,1,4),
  (0.,4.545454545455E-02,9.090909090909E-02,0.136363636364,
    0.181818181818,0.227272727273,0.272727272727,0.318181818182,
    0.363636363636,0.409090909091,0.454545454545,0.5,0.545454545455,
    0.590909090909,0.636363636364,0.681818181818,0.727272727273,
    0.772727272727,0.818181818182,0.863636363636,0.909090909091,
    0.954545454545,1.),.UNSPECIFIED.);
#1685 = CARTESIAN_POINT('',(2.576120516177,-5.509688981016));
#1686 = CARTESIAN_POINT('',(2.576912284566,-5.448758125127));
#1687 = CARTESIAN_POINT('',(2.578423838956,-5.32670208908));
#1688 = CARTESIAN_POINT('',(2.580475215476,-5.143088059724));
#1689 = CARTESIAN_POINT('',(2.582310625429,-4.958997052611));
#1690 = CARTESIAN_POINT('',(2.583930069926,-4.77448206527));
#1691 = CARTESIAN_POINT('',(2.585333555007,-4.58959609523));
#1692 = CARTESIAN_POINT('',(2.586521090747,-4.404392140019));
#1693 = CARTESIAN_POINT('',(2.587492688925,-4.218923197165));
#1694 = CARTESIAN_POINT('',(2.58824836146,-4.033242264198));
#1695 = CARTESIAN_POINT('',(2.588788119025,-3.847402338645));
#1696 = CARTESIAN_POINT('',(2.58911197,-3.661456418035));
#1697 = CARTESIAN_POINT('',(2.589219919717,-3.475457499896));
#1698 = CARTESIAN_POINT('',(2.58911197,-3.289458581758));
#1699 = CARTESIAN_POINT('',(2.588788119025,-3.103512661148));
#1700 = CARTESIAN_POINT('',(2.58824836146,-2.917672735595));
#1701 = CARTESIAN_POINT('',(2.587492688925,-2.731991802627));
#1702 = CARTESIAN_POINT('',(2.586521090748,-2.546522859774));
#1703 = CARTESIAN_POINT('',(2.585333555007,-2.361318904563));
#1704 = CARTESIAN_POINT('',(2.583930069926,-2.176432934523));
#1705 = CARTESIAN_POINT('',(2.582310625429,-1.991917947182));
#1706 = CARTESIAN_POINT('',(2.580475215476,-1.80782694007));
#1707 = CARTESIAN_POINT('',(2.578423838956,-1.624212910713));
#1708 = CARTESIAN_POINT('',(2.576912284566,-1.502156874666));
#1709 = CARTESIAN_POINT('',(2.576120516177,-1.441226018778));
#1710 = ( GEOMETRIC_REPRESENTATION_CONTEXT(2) 
PARAMETRIC_REPRESENTATION_CONTEXT() REPRESENTATION_CONTEXT('2D SPACE',''
  ) );
#1711 = PCURVE('',#1413,#1712);
#1712 = DEFINITIONAL_REPRESENTATION('',(#1713),#1739);
#1713 = B_SPLINE_CURVE_WITH_KNOTS('',3,(#1714,#1715,#1716,#1717,#1718,
    #1719,#1720,#1721,#1722,#1723,#1724,#1725,#1726,#1727,#1728,#1729,
    #1730,#1731,#1732,#1733,#1734,#1735,#1736,#1737,#1738),
  .UNSPECIFIED.,.F.,.F.,(4,1,1,1,1,1,1,1,1,1,1,1,1,1,1,1,1,1,1,1,1,1,4),
  (0.,4.545454545455E-02,9.090909090909E-02,0.136363636364,
    0.181818181818,0.227272727273,0.272727272727,0.318181818182,
    0.363636363636,0.409090909091,0.454545454545,0.5,0.545454545455,
    0.590909090909,0.636363636364,0.681818181818,0.727272727273,
    0.772727272727,0.818181818182,0.863636363636,0.909090909091,
    0.954545454545,1.),.UNSPECIFIED.);
#1714 = CARTESIAN_POINT('',(3.479190658896,-20.0188346445));
#1715 = CARTESIAN_POINT('',(3.484827041437,-20.01155851382));
#1716 = CARTESIAN_POINT('',(3.49609966104,-19.9976677189));
#1717 = CARTESIAN_POINT('',(3.513008331127,-19.9788159258));
#1718 = CARTESIAN_POINT('',(3.529916938703,-19.96194853196));
#1719 = CARTESIAN_POINT('',(3.546825611661,-19.94706553741));
#1720 = CARTESIAN_POINT('',(3.563734439392,-19.93416694212));
#1721 = CARTESIAN_POINT('',(3.580643471391,-19.92325274611));
#1722 = CARTESIAN_POINT('',(3.597552724453,-19.91432294938));
#1723 = CARTESIAN_POINT('',(3.614462187625,-19.90737755192));
#1724 = CARTESIAN_POINT('',(3.631371827821,-19.90241655373));
#1725 = CARTESIAN_POINT('',(3.648281595294,-19.89943995482));
#1726 = CARTESIAN_POINT('',(3.665191429188,-19.89844775518));
#1727 = CARTESIAN_POINT('',(3.682101263081,-19.89943995482));
#1728 = CARTESIAN_POINT('',(3.699011030555,-19.90241655373));
#1729 = CARTESIAN_POINT('',(3.715920670751,-19.90737755192));
#1730 = CARTESIAN_POINT('',(3.732830133923,-19.91432294938));
#1731 = CARTESIAN_POINT('',(3.749739386984,-19.92325274611));
#1732 = CARTESIAN_POINT('',(3.766648418984,-19.93416694212));
#1733 = CARTESIAN_POINT('',(3.783557246715,-19.94706553741));
#1734 = CARTESIAN_POINT('',(3.800465919673,-19.96194853196));
#1735 = CARTESIAN_POINT('',(3.817374527249,-19.9788159258));
#1736 = CARTESIAN_POINT('',(3.834283197336,-19.9976677189));
#1737 = CARTESIAN_POINT('',(3.845555816939,-20.01155851382));
#1738 = CARTESIAN_POINT('',(3.85119219948,-20.0188346445));
#1739 = ( GEOMETRIC_REPRESENTATION_CONTEXT(2) 
PARAMETRIC_REPRESENTATION_CONTEXT() REPRESENTATION_CONTEXT('2D SPACE',''
  ) );
#1740 = ORIENTED_EDGE('',*,*,#1741,.F.);
#1741 = EDGE_CURVE('',#1742,#1674,#1744,.T.);
#1742 = VERTEX_POINT('',#1743);
#1743 = CARTESIAN_POINT('',(5.381131439261,-266.8672374889,
    -377.0866863179));
#1744 = SURFACE_CURVE('',#1745,(#1750,#1757),.PCURVE_S1.);
#1745 = CIRCLE('',#1746,17.150956750156);
#1746 = AXIS2_PLACEMENT_3D('',#1747,#1748,#1749);
#1747 = CARTESIAN_POINT('',(20.02743701837,-269.6980274576,-385.55));
#1748 = DIRECTION('',(0.189764804744,0.98182957731,9.097473209655E-16));
#1749 = DIRECTION('',(1.245642963491E-17,9.241762012448E-16,-1.));
#1750 = PCURVE('',#1464,#1751);
#1751 = DEFINITIONAL_REPRESENTATION('',(#1752),#1756);
#1752 = LINE('',#1753,#1754);
#1753 = CARTESIAN_POINT('',(-1.287858708565E-13,-1.441226018779));
#1754 = VECTOR('',#1755,1.);
#1755 = DIRECTION('',(1.,0.));
#1756 = ( GEOMETRIC_REPRESENTATION_CONTEXT(2) 
PARAMETRIC_REPRESENTATION_CONTEXT() REPRESENTATION_CONTEXT('2D SPACE',''
  ) );
#1757 = PCURVE('',#833,#1758);
#1758 = DEFINITIONAL_REPRESENTATION('',(#1759),#1763);
#1759 = LINE('',#1760,#1761);
#1760 = CARTESIAN_POINT('',(3.14159265359,1.441226018783));
#1761 = VECTOR('',#1762,1.);
#1762 = DIRECTION('',(-1.,-3.690204506015E-13));
#1763 = ( GEOMETRIC_REPRESENTATION_CONTEXT(2) 
PARAMETRIC_REPRESENTATION_CONTEXT() REPRESENTATION_CONTEXT('2D SPACE',''
  ) );
#1764 = ORIENTED_EDGE('',*,*,#1765,.T.);
#1765 = EDGE_CURVE('',#1742,#1448,#1766,.T.);
#1766 = SURFACE_CURVE('',#1767,(#1778,#1807),.PCURVE_S1.);
#1767 = B_SPLINE_CURVE_WITH_KNOTS('',3,(#1768,#1769,#1770,#1771,#1772,
    #1773,#1774,#1775,#1776,#1777),.UNSPECIFIED.,.F.,.F.,(4,2,2,2,4),(0.
    ,0.25,0.375,0.5,1.),.UNSPECIFIED.);
#1768 = CARTESIAN_POINT('',(5.381131439261,-266.8672374889,
    -377.0866863179));
#1769 = CARTESIAN_POINT('',(5.425064493122,-267.1997891672,
    -376.8994262273));
#1770 = CARTESIAN_POINT('',(5.444071289152,-267.5395591716,
    -376.7589609272));
#1771 = CARTESIAN_POINT('',(5.430940641211,-268.055454786,-376.618455163
    ));
#1772 = CARTESIAN_POINT('',(5.419623153771,-268.2284470585,
    -376.5833186059));
#1773 = CARTESIAN_POINT('',(5.38240778723,-268.5755491854,-376.536442887
    ));
#1774 = CARTESIAN_POINT('',(5.35673477999,-268.7484888508,
    -376.5247039971));
#1775 = CARTESIAN_POINT('',(5.187972085772,-269.6250231008,
    -376.5245003162));
#1776 = CARTESIAN_POINT('',(4.938743604808,-270.2768080277,
    -376.7118413352));
#1777 = CARTESIAN_POINT('',(4.609080359624,-270.8617747594,
    -377.0866863179));
#1778 = PCURVE('',#1464,#1779);
#1779 = DEFINITIONAL_REPRESENTATION('',(#1780),#1806);
#1780 = B_SPLINE_CURVE_WITH_KNOTS('',3,(#1781,#1782,#1783,#1784,#1785,
    #1786,#1787,#1788,#1789,#1790,#1791,#1792,#1793,#1794,#1795,#1796,
    #1797,#1798,#1799,#1800,#1801,#1802,#1803,#1804,#1805),
  .UNSPECIFIED.,.F.,.F.,(4,1,1,1,1,1,1,1,1,1,1,1,1,1,1,1,1,1,1,1,1,1,4),
  (0.,4.545454545455E-02,9.090909090909E-02,0.136363636364,
    0.181818181818,0.227272727273,0.272727272727,0.318181818182,
    0.363636363636,0.409090909091,0.454545454545,0.5,0.545454545455,
    0.590909090909,0.636363636364,0.681818181818,0.727272727273,
    0.772727272727,0.818181818182,0.863636363636,0.909090909091,
    0.954545454545,1.),.UNSPECIFIED.);
#1781 = CARTESIAN_POINT('',(2.08685985309,-1.441226018777));
#1782 = CARTESIAN_POINT('',(2.089142247386,-1.499075496293));
#1783 = CARTESIAN_POINT('',(2.093506186064,-1.615555754379));
#1784 = CARTESIAN_POINT('',(2.099446151437,-1.792531222806));
#1785 = CARTESIAN_POINT('',(2.104776784346,-1.971672745093));
#1786 = CARTESIAN_POINT('',(2.109494684174,-2.152891992292));
#1787 = CARTESIAN_POINT('',(2.113596407313,-2.336098041076));
#1788 = CARTESIAN_POINT('',(2.117078481373,-2.521209647144));
#1789 = CARTESIAN_POINT('',(2.119937222863,-2.708098803815));
#1790 = CARTESIAN_POINT('',(2.1221689015,-2.896706258373));
#1791 = CARTESIAN_POINT('',(2.123769773113,-3.086711509376));
#1792 = CARTESIAN_POINT('',(2.124735827464,-3.277606671349));
#1793 = CARTESIAN_POINT('',(2.125063850633,-3.471308931584));
#1794 = CARTESIAN_POINT('',(2.124747768867,-3.665859821757));
#1795 = CARTESIAN_POINT('',(2.123789478913,-3.858388140255));
#1796 = CARTESIAN_POINT('',(2.122193739139,-4.049529068709));
#1797 = CARTESIAN_POINT('',(2.119964526483,-4.238978256191));
#1798 = CARTESIAN_POINT('',(2.117105980945,-4.426683098765));
#1799 = CARTESIAN_POINT('',(2.11362213056,-4.61252353709));
#1800 = CARTESIAN_POINT('',(2.109516952373,-4.796397586448));
#1801 = CARTESIAN_POINT('',(2.104794352402,-4.978198419034));
#1802 = CARTESIAN_POINT('',(2.099458175153,-5.157820504773));
#1803 = CARTESIAN_POINT('',(2.093512215599,-5.335157965748));
#1804 = CARTESIAN_POINT('',(2.089144224963,-5.45178933371));
#1805 = CARTESIAN_POINT('',(2.08685985309,-5.509688981014));
#1806 = ( GEOMETRIC_REPRESENTATION_CONTEXT(2) 
PARAMETRIC_REPRESENTATION_CONTEXT() REPRESENTATION_CONTEXT('2D SPACE',''
  ) );
#1807 = PCURVE('',#45,#1808);
#1808 = DEFINITIONAL_REPRESENTATION('',(#1809),#1835);
#1809 = B_SPLINE_CURVE_WITH_KNOTS('',3,(#1810,#1811,#1812,#1813,#1814,
    #1815,#1816,#1817,#1818,#1819,#1820,#1821,#1822,#1823,#1824,#1825,
    #1826,#1827,#1828,#1829,#1830,#1831,#1832,#1833,#1834),
  .UNSPECIFIED.,.F.,.F.,(4,1,1,1,1,1,1,1,1,1,1,1,1,1,1,1,1,1,1,1,1,1,4),
  (0.,4.545454545455E-02,9.090909090909E-02,0.136363636364,
    0.181818181818,0.227272727273,0.272727272727,0.318181818182,
    0.363636363636,0.409090909091,0.454545454545,0.5,0.545454545455,
    0.590909090909,0.636363636364,0.681818181818,0.727272727273,
    0.772727272727,0.818181818182,0.863636363636,0.909090909091,
    0.954545454545,1.),.UNSPECIFIED.);
#1810 = CARTESIAN_POINT('',(5.378880774637,4.536686317999));
#1811 = CARTESIAN_POINT('',(5.390002232421,4.502639014976));
#1812 = CARTESIAN_POINT('',(5.412317093466,4.437638256984));
#1813 = CARTESIAN_POINT('',(5.446004054491,4.349418726575));
#1814 = CARTESIAN_POINT('',(5.479904102734,4.270480915328));
#1815 = CARTESIAN_POINT('',(5.514017109374,4.200824760257));
#1816 = CARTESIAN_POINT('',(5.548343416741,4.140450199891));
#1817 = CARTESIAN_POINT('',(5.582886275762,4.089357148745));
#1818 = CARTESIAN_POINT('',(5.617641380347,4.047545882621));
#1819 = CARTESIAN_POINT('',(5.652618210002,4.015015611406));
#1820 = CARTESIAN_POINT('',(5.687779587498,3.991769310761));
#1821 = CARTESIAN_POINT('',(5.723054234694,3.977804508476));
#1822 = CARTESIAN_POINT('',(5.758820626893,3.973114249715));
#1823 = CARTESIAN_POINT('',(5.79474307841,3.977718058783));
#1824 = CARTESIAN_POINT('',(5.830317753407,3.991620555379));
#1825 = CARTESIAN_POINT('',(5.8656868395,4.014820029347));
#1826 = CARTESIAN_POINT('',(5.900817606984,4.047316893123));
#1827 = CARTESIAN_POINT('',(5.935722391213,4.08911127014));
#1828 = CARTESIAN_POINT('',(5.970399686804,4.140203501347));
#1829 = CARTESIAN_POINT('',(6.004849990893,4.200593875885));
#1830 = CARTESIAN_POINT('',(6.039071648576,4.270282581861));
#1831 = CARTESIAN_POINT('',(6.07306204115,4.349269589547));
#1832 = CARTESIAN_POINT('',(6.106817491504,4.437554623728));
#1833 = CARTESIAN_POINT('',(6.12916118931,4.502609466351));
#1834 = CARTESIAN_POINT('',(6.140292288525,4.536686317999));
#1835 = ( GEOMETRIC_REPRESENTATION_CONTEXT(2) 
PARAMETRIC_REPRESENTATION_CONTEXT() REPRESENTATION_CONTEXT('2D SPACE',''
  ) );
#1836 = ORIENTED_EDGE('',*,*,#1447,.T.);
#1837 = ADVANCED_FACE('',(#1838),#1413,.T.);
#1838 = FACE_BOUND('',#1839,.T.);
#1839 = EDGE_LOOP('',(#1840,#1841,#1842,#1910,#1943,#2011,#2084,#2152,
    #2185,#2253,#2326,#2394,#2418,#2441,#2470,#2492,#2493));
#1840 = ORIENTED_EDGE('',*,*,#1374,.T.);
#1841 = ORIENTED_EDGE('',*,*,#1673,.T.);
#1842 = ORIENTED_EDGE('',*,*,#1843,.T.);
#1843 = EDGE_CURVE('',#1674,#1844,#1846,.T.);
#1844 = VERTEX_POINT('',#1845);
#1845 = CARTESIAN_POINT('',(11.00438573421,-267.8022647905,
    -372.5499999999));
#1846 = SURFACE_CURVE('',#1847,(#1852,#1881),.PCURVE_S1.);
#1847 = B_SPLINE_CURVE_WITH_KNOTS('',3,(#1848,#1849,#1850,#1851),
  .UNSPECIFIED.,.F.,.F.,(4,4),(1.397430546002E-03,2.886361153782E-03),
  .PIECEWISE_BEZIER_KNOTS.);
#1848 = CARTESIAN_POINT('',(11.00468669876,-267.9541398296,
    -371.0688346444));
#1849 = CARTESIAN_POINT('',(11.00493986399,-267.9027029551,
    -371.5624722936));
#1850 = CARTESIAN_POINT('',(11.00482773947,-267.852010078,
    -372.0561870578));
#1851 = CARTESIAN_POINT('',(11.00438573421,-267.8022647905,
    -372.5499999999));
#1852 = PCURVE('',#1413,#1853);
#1853 = DEFINITIONAL_REPRESENTATION('',(#1854),#1880);
#1854 = B_SPLINE_CURVE_WITH_KNOTS('',3,(#1855,#1856,#1857,#1858,#1859,
    #1860,#1861,#1862,#1863,#1864,#1865,#1866,#1867,#1868,#1869,#1870,
    #1871,#1872,#1873,#1874,#1875,#1876,#1877,#1878,#1879),
  .UNSPECIFIED.,.F.,.F.,(4,1,1,1,1,1,1,1,1,1,1,1,1,1,1,1,1,1,1,1,1,1,4),
  (1.397430546002E-03,1.465109209992E-03,1.532787873982E-03,
    1.600466537972E-03,1.668145201962E-03,1.735823865952E-03,
    1.803502529942E-03,1.871181193932E-03,1.938859857922E-03,
    2.006538521912E-03,2.074217185902E-03,2.141895849892E-03,
    2.209574513882E-03,2.277253177872E-03,2.344931841862E-03,
    2.412610505852E-03,2.480289169842E-03,2.547967833832E-03,
    2.615646497822E-03,2.683325161812E-03,2.751003825802E-03,
    2.818682489792E-03,2.886361153782E-03),.QUASI_UNIFORM_KNOTS.);
#1855 = CARTESIAN_POINT('',(3.85119219948,-20.0188346445));
#1856 = CARTESIAN_POINT('',(3.851404751122,-20.04127271946));
#1857 = CARTESIAN_POINT('',(3.851829574248,-20.08614918804));
#1858 = CARTESIAN_POINT('',(3.852465958296,-20.15346485876));
#1859 = CARTESIAN_POINT('',(3.85310148154,-20.22078150918));
#1860 = CARTESIAN_POINT('',(3.853736133815,-20.28809915119));
#1861 = CARTESIAN_POINT('',(3.854369904951,-20.35541779663));
#1862 = CARTESIAN_POINT('',(3.855002784779,-20.42273745739));
#1863 = CARTESIAN_POINT('',(3.855634763125,-20.49005814534));
#1864 = CARTESIAN_POINT('',(3.856265829813,-20.55737987234));
#1865 = CARTESIAN_POINT('',(3.856895974665,-20.62470265025));
#1866 = CARTESIAN_POINT('',(3.8575251875,-20.69202649096));
#1867 = CARTESIAN_POINT('',(3.858153458135,-20.75935140632));
#1868 = CARTESIAN_POINT('',(3.858780776386,-20.82667740821));
#1869 = CARTESIAN_POINT('',(3.859407132064,-20.89400450849));
#1870 = CARTESIAN_POINT('',(3.860032514981,-20.96133271904));
#1871 = CARTESIAN_POINT('',(3.860656914943,-21.02866205172));
#1872 = CARTESIAN_POINT('',(3.861280321758,-21.0959925184));
#1873 = CARTESIAN_POINT('',(3.861902725229,-21.16332413095));
#1874 = CARTESIAN_POINT('',(3.862524115159,-21.23065690124));
#1875 = CARTESIAN_POINT('',(3.863144481346,-21.29799084114));
#1876 = CARTESIAN_POINT('',(3.863763813589,-21.36532596251));
#1877 = CARTESIAN_POINT('',(3.864382101685,-21.43266227722));
#1878 = CARTESIAN_POINT('',(3.864793590845,-21.47755395717));
#1879 = CARTESIAN_POINT('',(3.864999157999,-21.5));
#1880 = ( GEOMETRIC_REPRESENTATION_CONTEXT(2) 
PARAMETRIC_REPRESENTATION_CONTEXT() REPRESENTATION_CONTEXT('2D SPACE',''
  ) );
#1881 = PCURVE('',#833,#1882);
#1882 = DEFINITIONAL_REPRESENTATION('',(#1883),#1909);
#1883 = B_SPLINE_CURVE_WITH_KNOTS('',3,(#1884,#1885,#1886,#1887,#1888,
    #1889,#1890,#1891,#1892,#1893,#1894,#1895,#1896,#1897,#1898,#1899,
    #1900,#1901,#1902,#1903,#1904,#1905,#1906,#1907,#1908),
  .UNSPECIFIED.,.F.,.F.,(4,1,1,1,1,1,1,1,1,1,1,1,1,1,1,1,1,1,1,1,1,1,4),
  (1.397430546002E-03,1.465109209992E-03,1.532787873982E-03,
    1.600466537972E-03,1.668145201962E-03,1.735823865952E-03,
    1.803502529942E-03,1.871181193932E-03,1.938859857922E-03,
    2.006538521912E-03,2.074217185902E-03,2.141895849892E-03,
    2.209574513882E-03,2.277253177872E-03,2.344931841862E-03,
    2.412610505852E-03,2.480289169842E-03,2.547967833832E-03,
    2.615646497822E-03,2.683325161812E-03,2.751003825802E-03,
    2.818682489792E-03,2.886361153782E-03),.QUASI_UNIFORM_KNOTS.);
#1884 = CARTESIAN_POINT('',(0.565472137413,1.441226018781));
#1885 = CARTESIAN_POINT('',(0.566194413214,1.438928278573));
#1886 = CARTESIAN_POINT('',(0.567643747183,1.434336119421));
#1887 = CARTESIAN_POINT('',(0.569832215519,1.427457941857));
#1888 = CARTESIAN_POINT('',(0.572035271121,1.420589922373));
#1889 = CARTESIAN_POINT('',(0.574253035292,1.41373215945));
#1890 = CARTESIAN_POINT('',(0.576485630267,1.406884752609));
#1891 = CARTESIAN_POINT('',(0.578733179353,1.40004780257));
#1892 = CARTESIAN_POINT('',(0.5809958069,1.393221411225));
#1893 = CARTESIAN_POINT('',(0.583273638305,1.386405681669));
#1894 = CARTESIAN_POINT('',(0.585566800024,1.379600718204));
#1895 = CARTESIAN_POINT('',(0.58787541957,1.372806626364));
#1896 = CARTESIAN_POINT('',(0.590199625516,1.366023512919));
#1897 = CARTESIAN_POINT('',(0.592539547503,1.3592514859));
#1898 = CARTESIAN_POINT('',(0.594895316235,1.352490654609));
#1899 = CARTESIAN_POINT('',(0.597267063489,1.345741129636));
#1900 = CARTESIAN_POINT('',(0.599654922114,1.339003022872));
#1901 = CARTESIAN_POINT('',(0.602059026032,1.33227644753));
#1902 = CARTESIAN_POINT('',(0.604479510242,1.325561518156));
#1903 = CARTESIAN_POINT('',(0.606916510821,1.318858350648));
#1904 = CARTESIAN_POINT('',(0.609370164916,1.312167062265));
#1905 = CARTESIAN_POINT('',(0.611840610783,1.305487771683));
#1906 = CARTESIAN_POINT('',(0.614327987649,1.298820598837));
#1907 = CARTESIAN_POINT('',(0.615997620032,1.294383976687));
#1908 = CARTESIAN_POINT('',(0.616835304888,1.29216772577));
#1909 = ( GEOMETRIC_REPRESENTATION_CONTEXT(2) 
PARAMETRIC_REPRESENTATION_CONTEXT() REPRESENTATION_CONTEXT('2D SPACE',''
  ) );
#1910 = ORIENTED_EDGE('',*,*,#1911,.T.);
#1911 = EDGE_CURVE('',#1844,#1912,#1914,.T.);
#1912 = VERTEX_POINT('',#1913);
#1913 = CARTESIAN_POINT('',(8.718506215673,-261.1864561234,
    -372.5499999999));
#1914 = SURFACE_CURVE('',#1915,(#1920,#1927),.PCURVE_S1.);
#1915 = CIRCLE('',#1916,11.);
#1916 = AXIS2_PLACEMENT_3D('',#1917,#1918,#1919);
#1917 = CARTESIAN_POINT('',(4.819932363006E-03,-267.899999998,
    -372.5499999999));
#1918 = DIRECTION('',(-3.064104139906E-16,-8.673617379884E-16,1.));
#1919 = DIRECTION('',(-0.755406953765,0.655255930307,3.368793651039E-16)
  );
#1920 = PCURVE('',#1413,#1921);
#1921 = DEFINITIONAL_REPRESENTATION('',(#1922),#1926);
#1922 = LINE('',#1923,#1924);
#1923 = CARTESIAN_POINT('',(-1.7763568394E-15,-21.5));
#1924 = VECTOR('',#1925,1.);
#1925 = DIRECTION('',(1.,0.));
#1926 = ( GEOMETRIC_REPRESENTATION_CONTEXT(2) 
PARAMETRIC_REPRESENTATION_CONTEXT() REPRESENTATION_CONTEXT('2D SPACE',''
  ) );
#1927 = PCURVE('',#1928,#1933);
#1928 = PLANE('',#1929);
#1929 = AXIS2_PLACEMENT_3D('',#1930,#1931,#1932);
#1930 = CARTESIAN_POINT('',(9.95839873821,-264.4608615535,
    -372.5499999999));
#1931 = DIRECTION('',(0.,0.,-1.));
#1932 = DIRECTION('',(0.,1.,0.));
#1933 = DEFINITIONAL_REPRESENTATION('',(#1934),#1942);
#1934 = ( BOUNDED_CURVE() B_SPLINE_CURVE(2,(#1935,#1936,#1937,#1938,
#1939,#1940,#1941),.UNSPECIFIED.,.T.,.F.) B_SPLINE_CURVE_WITH_KNOTS((1,2
    ,2,2,2,1),(-2.094395102393,0.,2.094395102393,4.188790204786,
6.28318530718,8.377580409573),.UNSPECIFIED.) CURVE() 
GEOMETRIC_REPRESENTATION_ITEM() RATIONAL_B_SPLINE_CURVE((1.,0.5,1.,0.5,
1.,0.5,1.)) REPRESENTATION_ITEM('') );
#1935 = CARTESIAN_POINT('',(3.768676788875,-18.26305529726));
#1936 = CARTESIAN_POINT('',(-10.62375867856,-30.74735749305));
#1937 = CARTESIAN_POINT('',(-14.23926379491,-12.04099165802));
#1938 = CARTESIAN_POINT('',(-17.85476891126,6.665374176991));
#1939 = CARTESIAN_POINT('',(0.153171672522,0.443310537755));
#1940 = CARTESIAN_POINT('',(18.161112256312,-5.778753101482));
#1941 = CARTESIAN_POINT('',(3.768676788875,-18.26305529726));
#1942 = ( GEOMETRIC_REPRESENTATION_CONTEXT(2) 
PARAMETRIC_REPRESENTATION_CONTEXT() REPRESENTATION_CONTEXT('2D SPACE',''
  ) );
#1943 = ORIENTED_EDGE('',*,*,#1944,.T.);
#1944 = EDGE_CURVE('',#1912,#1945,#1947,.T.);
#1945 = VERTEX_POINT('',#1946);
#1946 = CARTESIAN_POINT('',(8.624984997934,-261.0667903391,
    -371.0688346444));
#1947 = SURFACE_CURVE('',#1948,(#1953,#1982),.PCURVE_S1.);
#1948 = B_SPLINE_CURVE_WITH_KNOTS('',3,(#1949,#1950,#1951,#1952),
  .UNSPECIFIED.,.F.,.F.,(4,4),(4.173719596322E-04,1.906302567412E-03),
  .PIECEWISE_BEZIER_KNOTS.);
#1949 = CARTESIAN_POINT('',(8.718506215673,-261.1864561234,
    -372.5499999999));
#1950 = CARTESIAN_POINT('',(8.688144365379,-261.1470486743,
    -372.0561870578));
#1951 = CARTESIAN_POINT('',(8.656938016597,-261.1070994045,
    -371.5624722936));
#1952 = CARTESIAN_POINT('',(8.624984997934,-261.0667903391,
    -371.0688346444));
#1953 = PCURVE('',#1413,#1954);
#1954 = DEFINITIONAL_REPRESENTATION('',(#1955),#1981);
#1955 = B_SPLINE_CURVE_WITH_KNOTS('',3,(#1956,#1957,#1958,#1959,#1960,
    #1961,#1962,#1963,#1964,#1965,#1966,#1967,#1968,#1969,#1970,#1971,
    #1972,#1973,#1974,#1975,#1976,#1977,#1978,#1979,#1980),
  .UNSPECIFIED.,.F.,.F.,(4,1,1,1,1,1,1,1,1,1,1,1,1,1,1,1,1,1,1,1,1,1,4),
  (4.173719596322E-04,4.850506236222E-04,5.527292876122E-04,
    6.204079516022E-04,6.880866155922E-04,7.557652795822E-04,
    8.234439435721E-04,8.911226075621E-04,9.588012715521E-04,
    1.026479935542E-03,1.094158599532E-03,1.161837263522E-03,
    1.229515927512E-03,1.297194591502E-03,1.364873255492E-03,
    1.432551919482E-03,1.500230583472E-03,1.567909247462E-03,
    1.635587911452E-03,1.703266575442E-03,1.770945239432E-03,
    1.838623903422E-03,1.906302567412E-03),.UNSPECIFIED.);
#1956 = CARTESIAN_POINT('',(4.512581251573,-21.5));
#1957 = CARTESIAN_POINT('',(4.512786818727,-21.47755395717));
#1958 = CARTESIAN_POINT('',(4.513198307888,-21.43266227722));
#1959 = CARTESIAN_POINT('',(4.513816595983,-21.36532596251));
#1960 = CARTESIAN_POINT('',(4.514435928226,-21.29799084114));
#1961 = CARTESIAN_POINT('',(4.515056294414,-21.23065690124));
#1962 = CARTESIAN_POINT('',(4.515677684343,-21.16332413095));
#1963 = CARTESIAN_POINT('',(4.516300087814,-21.0959925184));
#1964 = CARTESIAN_POINT('',(4.516923494629,-21.02866205172));
#1965 = CARTESIAN_POINT('',(4.517547894592,-20.96133271904));
#1966 = CARTESIAN_POINT('',(4.518173277508,-20.89400450849));
#1967 = CARTESIAN_POINT('',(4.518799633187,-20.82667740821));
#1968 = CARTESIAN_POINT('',(4.519426951437,-20.75935140632));
#1969 = CARTESIAN_POINT('',(4.520055222073,-20.69202649096));
#1970 = CARTESIAN_POINT('',(4.520684434908,-20.62470265025));
#1971 = CARTESIAN_POINT('',(4.52131457976,-20.55737987234));
#1972 = CARTESIAN_POINT('',(4.521945646448,-20.49005814534));
#1973 = CARTESIAN_POINT('',(4.522577624793,-20.42273745739));
#1974 = CARTESIAN_POINT('',(4.523210504621,-20.35541779663));
#1975 = CARTESIAN_POINT('',(4.523844275758,-20.28809915119));
#1976 = CARTESIAN_POINT('',(4.524478928032,-20.22078150918));
#1977 = CARTESIAN_POINT('',(4.525114451276,-20.15346485876));
#1978 = CARTESIAN_POINT('',(4.525750835324,-20.08614918804));
#1979 = CARTESIAN_POINT('',(4.52617565845,-20.04127271946));
#1980 = CARTESIAN_POINT('',(4.526388210093,-20.0188346445));
#1981 = ( GEOMETRIC_REPRESENTATION_CONTEXT(2) 
PARAMETRIC_REPRESENTATION_CONTEXT() REPRESENTATION_CONTEXT('2D SPACE',''
  ) );
#1982 = PCURVE('',#727,#1983);
#1983 = DEFINITIONAL_REPRESENTATION('',(#1984),#2010);
#1984 = B_SPLINE_CURVE_WITH_KNOTS('',3,(#1985,#1986,#1987,#1988,#1989,
    #1990,#1991,#1992,#1993,#1994,#1995,#1996,#1997,#1998,#1999,#2000,
    #2001,#2002,#2003,#2004,#2005,#2006,#2007,#2008,#2009),
  .UNSPECIFIED.,.F.,.F.,(4,1,1,1,1,1,1,1,1,1,1,1,1,1,1,1,1,1,1,1,1,1,4),
  (4.173719596322E-04,4.850506236222E-04,5.527292876122E-04,
    6.204079516022E-04,6.880866155922E-04,7.557652795822E-04,
    8.234439435721E-04,8.911226075621E-04,9.588012715521E-04,
    1.026479935542E-03,1.094158599532E-03,1.161837263522E-03,
    1.229515927512E-03,1.297194591502E-03,1.364873255492E-03,
    1.432551919482E-03,1.500230583472E-03,1.567909247462E-03,
    1.635587911452E-03,1.703266575442E-03,1.770945239432E-03,
    1.838623903422E-03,1.906302567412E-03),.UNSPECIFIED.);
#1985 = CARTESIAN_POINT('',(2.524757348702,-0.149058293012));
#1986 = CARTESIAN_POINT('',(2.525595033558,-0.146842042095));
#1987 = CARTESIAN_POINT('',(2.527264665941,-0.142405419946));
#1988 = CARTESIAN_POINT('',(2.529752042807,-0.1357382471));
#1989 = CARTESIAN_POINT('',(2.532222488674,-0.129058956518));
#1990 = CARTESIAN_POINT('',(2.534676142769,-0.122367668134));
#1991 = CARTESIAN_POINT('',(2.537113143348,-0.115664500627));
#1992 = CARTESIAN_POINT('',(2.539533627558,-0.108949571252));
#1993 = CARTESIAN_POINT('',(2.541937731476,-0.10222299591));
#1994 = CARTESIAN_POINT('',(2.544325590101,-9.548488914672E-02));
#1995 = CARTESIAN_POINT('',(2.546697337355,-8.873536417309E-02));
#1996 = CARTESIAN_POINT('',(2.549053106087,-8.19745328822E-02));
#1997 = CARTESIAN_POINT('',(2.551393028074,-7.520250586354E-02));
#1998 = CARTESIAN_POINT('',(2.55371723402,-6.841939241896E-02));
#1999 = CARTESIAN_POINT('',(2.556025853566,-6.162530057813E-02));
#2000 = CARTESIAN_POINT('',(2.558319015285,-5.482033711382E-02));
#2001 = CARTESIAN_POINT('',(2.56059684669,-4.800460755723E-02));
#2002 = CARTESIAN_POINT('',(2.562859474236,-4.117821621258E-02));
#2003 = CARTESIAN_POINT('',(2.565107023323,-3.434126617302E-02));
#2004 = CARTESIAN_POINT('',(2.567339618298,-2.74938593322E-02));
#2005 = CARTESIAN_POINT('',(2.569557382469,-2.063609640953E-02));
#2006 = CARTESIAN_POINT('',(2.571760438071,-1.376807692589E-02));
#2007 = CARTESIAN_POINT('',(2.573948906407,-6.889899361208E-03));
#2008 = CARTESIAN_POINT('',(2.575398240376,-2.2977402101E-03));
#2009 = CARTESIAN_POINT('',(2.576120516177,-1.719341311273E-12));
#2010 = ( GEOMETRIC_REPRESENTATION_CONTEXT(2) 
PARAMETRIC_REPRESENTATION_CONTEXT() REPRESENTATION_CONTEXT('2D SPACE',''
  ) );
#2011 = ORIENTED_EDGE('',*,*,#2012,.T.);
#2012 = EDGE_CURVE('',#1945,#2013,#2015,.T.);
#2013 = VERTEX_POINT('',#2014);
#2014 = CARTESIAN_POINT('',(5.551639785124,-258.4009058559,
    -371.0688346444));
#2015 = SURFACE_CURVE('',#2016,(#2021,#2050),.PCURVE_S1.);
#2016 = B_SPLINE_CURVE_WITH_KNOTS('',3,(#2017,#2018,#2019,#2020),
  .UNSPECIFIED.,.F.,.F.,(4,4),(0.,1.),.PIECEWISE_BEZIER_KNOTS.);
#2017 = CARTESIAN_POINT('',(8.624984997934,-261.0667903391,
    -371.0688346444));
#2018 = CARTESIAN_POINT('',(7.777663491189,-259.9978854443,
    -370.9087597696));
#2019 = CARTESIAN_POINT('',(6.729532336797,-259.0887143661,
    -370.9087597696));
#2020 = CARTESIAN_POINT('',(5.551639785124,-258.4009058559,
    -371.0688346444));
#2021 = PCURVE('',#1413,#2022);
#2022 = DEFINITIONAL_REPRESENTATION('',(#2023),#2049);
#2023 = B_SPLINE_CURVE_WITH_KNOTS('',3,(#2024,#2025,#2026,#2027,#2028,
    #2029,#2030,#2031,#2032,#2033,#2034,#2035,#2036,#2037,#2038,#2039,
    #2040,#2041,#2042,#2043,#2044,#2045,#2046,#2047,#2048),
  .UNSPECIFIED.,.F.,.F.,(4,1,1,1,1,1,1,1,1,1,1,1,1,1,1,1,1,1,1,1,1,1,4),
  (0.,4.545454545455E-02,9.090909090909E-02,0.136363636364,
    0.181818181818,0.227272727273,0.272727272727,0.318181818182,
    0.363636363636,0.409090909091,0.454545454545,0.5,0.545454545455,
    0.590909090909,0.636363636364,0.681818181818,0.727272727273,
    0.772727272727,0.818181818182,0.863636363636,0.909090909091,
    0.954545454545,1.),.UNSPECIFIED.);
#2024 = CARTESIAN_POINT('',(4.526388210093,-20.0188346445));
#2025 = CARTESIAN_POINT('',(4.532024592634,-20.01155851382));
#2026 = CARTESIAN_POINT('',(4.543297212237,-19.9976677189));
#2027 = CARTESIAN_POINT('',(4.560205882324,-19.9788159258));
#2028 = CARTESIAN_POINT('',(4.5771144899,-19.96194853196));
#2029 = CARTESIAN_POINT('',(4.594023162857,-19.94706553741));
#2030 = CARTESIAN_POINT('',(4.610931990589,-19.93416694212));
#2031 = CARTESIAN_POINT('',(4.627841022588,-19.92325274611));
#2032 = CARTESIAN_POINT('',(4.64475027565,-19.91432294938));
#2033 = CARTESIAN_POINT('',(4.661659738822,-19.90737755192));
#2034 = CARTESIAN_POINT('',(4.678569379017,-19.90241655373));
#2035 = CARTESIAN_POINT('',(4.695479146491,-19.89943995482));
#2036 = CARTESIAN_POINT('',(4.712388980385,-19.89844775518));
#2037 = CARTESIAN_POINT('',(4.729298814278,-19.89943995482));
#2038 = CARTESIAN_POINT('',(4.746208581752,-19.90241655373));
#2039 = CARTESIAN_POINT('',(4.763118221947,-19.90737755192));
#2040 = CARTESIAN_POINT('',(4.78002768512,-19.91432294938));
#2041 = CARTESIAN_POINT('',(4.796936938181,-19.92325274611));
#2042 = CARTESIAN_POINT('',(4.81384597018,-19.93416694212));
#2043 = CARTESIAN_POINT('',(4.830754797912,-19.94706553741));
#2044 = CARTESIAN_POINT('',(4.847663470869,-19.96194853196));
#2045 = CARTESIAN_POINT('',(4.864572078445,-19.9788159258));
#2046 = CARTESIAN_POINT('',(4.881480748533,-19.9976677189));
#2047 = CARTESIAN_POINT('',(4.892753368136,-20.01155851382));
#2048 = CARTESIAN_POINT('',(4.898389750676,-20.0188346445));
#2049 = ( GEOMETRIC_REPRESENTATION_CONTEXT(2) 
PARAMETRIC_REPRESENTATION_CONTEXT() REPRESENTATION_CONTEXT('2D SPACE',''
  ) );
#2050 = PCURVE('',#2051,#2056);
#2051 = CYLINDRICAL_SURFACE('',#2052,17.150956750156);
#2052 = AXIS2_PLACEMENT_3D('',#2053,#2054,#2055);
#2053 = CARTESIAN_POINT('',(10.48455377557,-250.5145467854,-385.55));
#2054 = DIRECTION('',(-0.755406953765,0.655255930307,3.368793651059E-16)
  );
#2055 = DIRECTION('',(1.961035928902E-16,7.401953349831E-16,-1.));
#2056 = DEFINITIONAL_REPRESENTATION('',(#2057),#2083);
#2057 = B_SPLINE_CURVE_WITH_KNOTS('',3,(#2058,#2059,#2060,#2061,#2062,
    #2063,#2064,#2065,#2066,#2067,#2068,#2069,#2070,#2071,#2072,#2073,
    #2074,#2075,#2076,#2077,#2078,#2079,#2080,#2081,#2082),
  .UNSPECIFIED.,.F.,.F.,(4,1,1,1,1,1,1,1,1,1,1,1,1,1,1,1,1,1,1,1,1,1,4),
  (0.,4.545454545455E-02,9.090909090909E-02,0.136363636364,
    0.181818181818,0.227272727273,0.272727272727,0.318181818182,
    0.363636363636,0.409090909091,0.454545454545,0.5,0.545454545455,
    0.590909090909,0.636363636364,0.681818181818,0.727272727273,
    0.772727272727,0.818181818182,0.863636363636,0.909090909091,
    0.954545454545,1.),.UNSPECIFIED.);
#2058 = CARTESIAN_POINT('',(2.576120516177,-5.509688981017));
#2059 = CARTESIAN_POINT('',(2.576912284567,-5.448758125128));
#2060 = CARTESIAN_POINT('',(2.578423838956,-5.326702089081));
#2061 = CARTESIAN_POINT('',(2.580475215476,-5.143088059725));
#2062 = CARTESIAN_POINT('',(2.582310625429,-4.958997052612));
#2063 = CARTESIAN_POINT('',(2.583930069926,-4.774482065272));
#2064 = CARTESIAN_POINT('',(2.585333555007,-4.589596095232));
#2065 = CARTESIAN_POINT('',(2.586521090748,-4.404392140021));
#2066 = CARTESIAN_POINT('',(2.587492688925,-4.218923197167));
#2067 = CARTESIAN_POINT('',(2.58824836146,-4.0332422642));
#2068 = CARTESIAN_POINT('',(2.588788119025,-3.847402338647));
#2069 = CARTESIAN_POINT('',(2.58911197,-3.661456418037));
#2070 = CARTESIAN_POINT('',(2.589219919717,-3.475457499898));
#2071 = CARTESIAN_POINT('',(2.58911197,-3.28945858176));
#2072 = CARTESIAN_POINT('',(2.588788119025,-3.10351266115));
#2073 = CARTESIAN_POINT('',(2.58824836146,-2.917672735597));
#2074 = CARTESIAN_POINT('',(2.587492688925,-2.731991802629));
#2075 = CARTESIAN_POINT('',(2.586521090748,-2.546522859776));
#2076 = CARTESIAN_POINT('',(2.585333555007,-2.361318904565));
#2077 = CARTESIAN_POINT('',(2.583930069926,-2.176432934525));
#2078 = CARTESIAN_POINT('',(2.582310625429,-1.991917947184));
#2079 = CARTESIAN_POINT('',(2.580475215476,-1.807826940072));
#2080 = CARTESIAN_POINT('',(2.578423838956,-1.624212910715));
#2081 = CARTESIAN_POINT('',(2.576912284567,-1.502156874668));
#2082 = CARTESIAN_POINT('',(2.576120516177,-1.44122601878));
#2083 = ( GEOMETRIC_REPRESENTATION_CONTEXT(2) 
PARAMETRIC_REPRESENTATION_CONTEXT() REPRESENTATION_CONTEXT('2D SPACE',''
  ) );
#2084 = ORIENTED_EDGE('',*,*,#2085,.T.);
#2085 = EDGE_CURVE('',#2013,#2086,#2088,.T.);
#2086 = VERTEX_POINT('',#2087);
#2087 = CARTESIAN_POINT('',(5.419961660737,-258.3252289792,
    -372.5499999999));
#2088 = SURFACE_CURVE('',#2089,(#2094,#2123),.PCURVE_S1.);
#2089 = B_SPLINE_CURVE_WITH_KNOTS('',3,(#2090,#2091,#2092,#2093),
  .UNSPECIFIED.,.F.,.F.,(4,4),(1.397430546002E-03,2.886361153782E-03),
  .PIECEWISE_BEZIER_KNOTS.);
#2090 = CARTESIAN_POINT('',(5.551639785124,-258.4009058559,
    -371.0688346444));
#2091 = CARTESIAN_POINT('',(5.507220727675,-258.3749681711,
    -371.5624722936));
#2092 = CARTESIAN_POINT('',(5.463263346061,-258.3497188352,
    -372.0561870578));
#2093 = CARTESIAN_POINT('',(5.419961660737,-258.3252289792,
    -372.5499999999));
#2094 = PCURVE('',#1413,#2095);
#2095 = DEFINITIONAL_REPRESENTATION('',(#2096),#2122);
#2096 = B_SPLINE_CURVE_WITH_KNOTS('',3,(#2097,#2098,#2099,#2100,#2101,
    #2102,#2103,#2104,#2105,#2106,#2107,#2108,#2109,#2110,#2111,#2112,
    #2113,#2114,#2115,#2116,#2117,#2118,#2119,#2120,#2121),
  .UNSPECIFIED.,.F.,.F.,(4,1,1,1,1,1,1,1,1,1,1,1,1,1,1,1,1,1,1,1,1,1,4),
  (1.397430546002E-03,1.465109209992E-03,1.532787873982E-03,
    1.600466537972E-03,1.668145201962E-03,1.735823865952E-03,
    1.803502529942E-03,1.871181193932E-03,1.938859857922E-03,
    2.006538521912E-03,2.074217185902E-03,2.141895849892E-03,
    2.209574513882E-03,2.277253177872E-03,2.344931841862E-03,
    2.412610505852E-03,2.480289169842E-03,2.547967833832E-03,
    2.615646497822E-03,2.683325161812E-03,2.751003825802E-03,
    2.818682489792E-03,2.886361153782E-03),.QUASI_UNIFORM_KNOTS.);
#2097 = CARTESIAN_POINT('',(4.898389750676,-20.0188346445));
#2098 = CARTESIAN_POINT('',(4.898602302319,-20.04127271946));
#2099 = CARTESIAN_POINT('',(4.899027125445,-20.08614918804));
#2100 = CARTESIAN_POINT('',(4.899663509493,-20.15346485876));
#2101 = CARTESIAN_POINT('',(4.900299032737,-20.22078150918));
#2102 = CARTESIAN_POINT('',(4.900933685011,-20.28809915119));
#2103 = CARTESIAN_POINT('',(4.901567456148,-20.35541779663));
#2104 = CARTESIAN_POINT('',(4.902200335976,-20.42273745739));
#2105 = CARTESIAN_POINT('',(4.902832314322,-20.49005814534));
#2106 = CARTESIAN_POINT('',(4.90346338101,-20.55737987234));
#2107 = CARTESIAN_POINT('',(4.904093525861,-20.62470265025));
#2108 = CARTESIAN_POINT('',(4.904722738697,-20.69202649096));
#2109 = CARTESIAN_POINT('',(4.905351009332,-20.75935140632));
#2110 = CARTESIAN_POINT('',(4.905978327583,-20.82667740821));
#2111 = CARTESIAN_POINT('',(4.906604683261,-20.89400450849));
#2112 = CARTESIAN_POINT('',(4.907230066177,-20.96133271904));
#2113 = CARTESIAN_POINT('',(4.90785446614,-21.02866205172));
#2114 = CARTESIAN_POINT('',(4.908477872955,-21.0959925184));
#2115 = CARTESIAN_POINT('',(4.909100276426,-21.16332413095));
#2116 = CARTESIAN_POINT('',(4.909721666355,-21.23065690124));
#2117 = CARTESIAN_POINT('',(4.910342032543,-21.29799084114));
#2118 = CARTESIAN_POINT('',(4.910961364786,-21.36532596251));
#2119 = CARTESIAN_POINT('',(4.911579652881,-21.43266227722));
#2120 = CARTESIAN_POINT('',(4.911991142042,-21.47755395717));
#2121 = CARTESIAN_POINT('',(4.912196709196,-21.5));
#2122 = ( GEOMETRIC_REPRESENTATION_CONTEXT(2) 
PARAMETRIC_REPRESENTATION_CONTEXT() REPRESENTATION_CONTEXT('2D SPACE',''
  ) );
#2123 = PCURVE('',#581,#2124);
#2124 = DEFINITIONAL_REPRESENTATION('',(#2125),#2151);
#2125 = B_SPLINE_CURVE_WITH_KNOTS('',3,(#2126,#2127,#2128,#2129,#2130,
    #2131,#2132,#2133,#2134,#2135,#2136,#2137,#2138,#2139,#2140,#2141,
    #2142,#2143,#2144,#2145,#2146,#2147,#2148,#2149,#2150),
  .UNSPECIFIED.,.F.,.F.,(4,1,1,1,1,1,1,1,1,1,1,1,1,1,1,1,1,1,1,1,1,1,4),
  (1.397430546002E-03,1.465109209992E-03,1.532787873982E-03,
    1.600466537972E-03,1.668145201962E-03,1.735823865952E-03,
    1.803502529942E-03,1.871181193932E-03,1.938859857922E-03,
    2.006538521912E-03,2.074217185902E-03,2.141895849892E-03,
    2.209574513882E-03,2.277253177872E-03,2.344931841862E-03,
    2.412610505852E-03,2.480289169842E-03,2.547967833832E-03,
    2.615646497822E-03,2.683325161812E-03,2.751003825802E-03,
    2.818682489792E-03,2.886361153782E-03),.QUASI_UNIFORM_KNOTS.);
#2126 = CARTESIAN_POINT('',(3.707070259053,4.450509720177E-06));
#2127 = CARTESIAN_POINT('',(3.707792544426,-2.293273023365E-03));
#2128 = CARTESIAN_POINT('',(3.709241897539,-6.885398736905E-03));
#2129 = CARTESIAN_POINT('',(3.711430394597,-1.376352588329E-02));
#2130 = CARTESIAN_POINT('',(3.713633478922,-2.063149468568E-02));
#2131 = CARTESIAN_POINT('',(3.715851271814,-2.748920666313E-02));
#2132 = CARTESIAN_POINT('',(3.718083895506,-3.433656229362E-02));
#2133 = CARTESIAN_POINT('',(3.720331473305,-4.117346085685E-02));
#2134 = CARTESIAN_POINT('',(3.722594129552,-4.799980045804E-02));
#2135 = CARTESIAN_POINT('',(3.724871989647,-5.481547800312E-02));
#2136 = CARTESIAN_POINT('',(3.727165180041,-6.162038918687E-02));
#2137 = CARTESIAN_POINT('',(3.729473828243,-6.841442847707E-02));
#2138 = CARTESIAN_POINT('',(3.731798062824,-7.519748910003E-02));
#2139 = CARTESIAN_POINT('',(3.734138013421,-8.196946302505E-02));
#2140 = CARTESIAN_POINT('',(3.736493810736,-8.87302409494E-02));
#2141 = CARTESIAN_POINT('',(3.738865586543,-9.547971228263E-02));
#2142 = CARTESIAN_POINT('',(3.741253473685,-0.102217765131));
#2143 = CARTESIAN_POINT('',(3.743657606084,-0.108944286282));
#2144 = CARTESIAN_POINT('',(3.746078118733,-0.115659161189));
#2145 = CARTESIAN_POINT('',(3.748515147706,-0.122362273952));
#2146 = CARTESIAN_POINT('',(3.750968830146,-0.129053507312));
#2147 = CARTESIAN_POINT('',(3.753439304307,-0.135732742592));
#2148 = CARTESIAN_POINT('',(3.75592670941,-0.142399859856));
#2149 = CARTESIAN_POINT('',(3.757596360577,-0.146836444763));
#2150 = CARTESIAN_POINT('',(3.758434054815,-0.149052677012));
#2151 = ( GEOMETRIC_REPRESENTATION_CONTEXT(2) 
PARAMETRIC_REPRESENTATION_CONTEXT() REPRESENTATION_CONTEXT('2D SPACE',''
  ) );
#2152 = ORIENTED_EDGE('',*,*,#2153,.T.);
#2153 = EDGE_CURVE('',#2086,#2154,#2156,.T.);
#2154 = VERTEX_POINT('',#2155);
#2155 = CARTESIAN_POINT('',(-1.452436470799,-256.9969543788,
    -372.5499999999));
#2156 = SURFACE_CURVE('',#2157,(#2162,#2169),.PCURVE_S1.);
#2157 = CIRCLE('',#2158,11.);
#2158 = AXIS2_PLACEMENT_3D('',#2159,#2160,#2161);
#2159 = CARTESIAN_POINT('',(4.819932363006E-03,-267.899999998,
    -372.5499999999));
#2160 = DIRECTION('',(-3.064104139906E-16,-8.673617379884E-16,1.));
#2161 = DIRECTION('',(-0.755406953765,0.655255930307,3.368793651039E-16)
  );
#2162 = PCURVE('',#1413,#2163);
#2163 = DEFINITIONAL_REPRESENTATION('',(#2164),#2168);
#2164 = LINE('',#2165,#2166);
#2165 = CARTESIAN_POINT('',(0.,-21.5));
#2166 = VECTOR('',#2167,1.);
#2167 = DIRECTION('',(1.,8.777793491334E-14));
#2168 = ( GEOMETRIC_REPRESENTATION_CONTEXT(2) 
PARAMETRIC_REPRESENTATION_CONTEXT() REPRESENTATION_CONTEXT('2D SPACE',''
  ) );
#2169 = PCURVE('',#2170,#2175);
#2170 = PLANE('',#2171);
#2171 = AXIS2_PLACEMENT_3D('',#2172,#2173,#2174);
#2172 = CARTESIAN_POINT('',(2.003497565049,-257.5602290435,
    -372.5500033508));
#2173 = DIRECTION('',(4.80735225533E-07,-4.170230469286E-07,-1.));
#2174 = DIRECTION('',(0.989977541791,0.141224880066,4.170230470383E-07)
  );
#2175 = DEFINITIONAL_REPRESENTATION('',(#2176),#2184);
#2176 = ( BOUNDED_CURVE() B_SPLINE_CURVE(2,(#2177,#2178,#2179,#2180,
#2181,#2182,#2183),.UNSPECIFIED.,.T.,.F.) B_SPLINE_CURVE_WITH_KNOTS((1,2
    ,2,2,2,1),(-2.094395102393,0.,2.094395102393,4.188790204786,
6.28318530718,8.377580409573),.UNSPECIFIED.) CURVE() 
GEOMETRIC_REPRESENTATION_ITEM() RATIONAL_B_SPLINE_CURVE((1.,0.5,1.,0.5,
1.,0.5,1.)) REPRESENTATION_ITEM('') );
#2177 = CARTESIAN_POINT('',(-10.64715115126,1.644797995923));
#2178 = CARTESIAN_POINT('',(-25.03889992276,14.129891800052));
#2179 = CARTESIAN_POINT('',(-7.030617134011,20.350964938989));
#2180 = CARTESIAN_POINT('',(10.977665654746,26.572038077926));
#2181 = CARTESIAN_POINT('',(7.361131637488,7.86587113486));
#2182 = CARTESIAN_POINT('',(3.74459762023,-10.8402958082));
#2183 = CARTESIAN_POINT('',(-10.64715115126,1.644797995923));
#2184 = ( GEOMETRIC_REPRESENTATION_CONTEXT(2) 
PARAMETRIC_REPRESENTATION_CONTEXT() REPRESENTATION_CONTEXT('2D SPACE',''
  ) );
#2185 = ORIENTED_EDGE('',*,*,#2186,.T.);
#2186 = EDGE_CURVE('',#2154,#2187,#2189,.T.);
#2187 = VERTEX_POINT('',#2188);
#2188 = CARTESIAN_POINT('',(-1.602830688832,-257.018113237,
    -371.0688346444));
#2189 = SURFACE_CURVE('',#2190,(#2195,#2224),.PCURVE_S1.);
#2190 = B_SPLINE_CURVE_WITH_KNOTS('',3,(#2191,#2192,#2193,#2194),
  .UNSPECIFIED.,.F.,.F.,(4,4),(4.173719596322E-04,1.906302567412E-03),
  .PIECEWISE_BEZIER_KNOTS.);
#2191 = CARTESIAN_POINT('',(-1.452436470799,-256.9969543788,
    -372.5499999999));
#2192 = CARTESIAN_POINT('',(-1.501745247955,-257.0035447879,
    -372.0561870578));
#2193 = CARTESIAN_POINT('',(-1.551945504839,-257.0105956438,
    -371.5624722936));
#2194 = CARTESIAN_POINT('',(-1.602830688832,-257.018113237,
    -371.0688346444));
#2195 = PCURVE('',#1413,#2196);
#2196 = DEFINITIONAL_REPRESENTATION('',(#2197),#2223);
#2197 = B_SPLINE_CURVE_WITH_KNOTS('',3,(#2198,#2199,#2200,#2201,#2202,
    #2203,#2204,#2205,#2206,#2207,#2208,#2209,#2210,#2211,#2212,#2213,
    #2214,#2215,#2216,#2217,#2218,#2219,#2220,#2221,#2222),
  .UNSPECIFIED.,.F.,.F.,(4,1,1,1,1,1,1,1,1,1,1,1,1,1,1,1,1,1,1,1,1,1,4),
  (4.173719596322E-04,4.850506236222E-04,5.527292876122E-04,
    6.204079516022E-04,6.880866155922E-04,7.557652795822E-04,
    8.234439435721E-04,8.911226075621E-04,9.588012715521E-04,
    1.026479935542E-03,1.094158599532E-03,1.161837263522E-03,
    1.229515927512E-03,1.297194591502E-03,1.364873255492E-03,
    1.432551919482E-03,1.500230583472E-03,1.567909247462E-03,
    1.635587911452E-03,1.703266575442E-03,1.770945239432E-03,
    1.838623903422E-03,1.906302567412E-03),.UNSPECIFIED.);
#2198 = CARTESIAN_POINT('',(5.55977880277,-21.5));
#2199 = CARTESIAN_POINT('',(5.559984369924,-21.47755395717));
#2200 = CARTESIAN_POINT('',(5.560395859084,-21.43266227722));
#2201 = CARTESIAN_POINT('',(5.56101414718,-21.36532596251));
#2202 = CARTESIAN_POINT('',(5.561633479423,-21.29799084114));
#2203 = CARTESIAN_POINT('',(5.56225384561,-21.23065690124));
#2204 = CARTESIAN_POINT('',(5.56287523554,-21.16332413095));
#2205 = CARTESIAN_POINT('',(5.563497639011,-21.0959925184));
#2206 = CARTESIAN_POINT('',(5.564121045826,-21.02866205172));
#2207 = CARTESIAN_POINT('',(5.564745445788,-20.96133271904));
#2208 = CARTESIAN_POINT('',(5.565370828705,-20.89400450849));
#2209 = CARTESIAN_POINT('',(5.565997184383,-20.82667740821));
#2210 = CARTESIAN_POINT('',(5.566624502634,-20.75935140632));
#2211 = CARTESIAN_POINT('',(5.567252773269,-20.69202649096));
#2212 = CARTESIAN_POINT('',(5.567881986104,-20.62470265025));
#2213 = CARTESIAN_POINT('',(5.568512130956,-20.55737987234));
#2214 = CARTESIAN_POINT('',(5.569143197644,-20.49005814534));
#2215 = CARTESIAN_POINT('',(5.56977517599,-20.42273745739));
#2216 = CARTESIAN_POINT('',(5.570408055818,-20.35541779663));
#2217 = CARTESIAN_POINT('',(5.571041826954,-20.28809915119));
#2218 = CARTESIAN_POINT('',(5.571676479229,-20.22078150918));
#2219 = CARTESIAN_POINT('',(5.572312002473,-20.15346485876));
#2220 = CARTESIAN_POINT('',(5.572948386521,-20.08614918804));
#2221 = CARTESIAN_POINT('',(5.573373209647,-20.04127271946));
#2222 = CARTESIAN_POINT('',(5.573585761289,-20.0188346445));
#2223 = ( GEOMETRIC_REPRESENTATION_CONTEXT(2) 
PARAMETRIC_REPRESENTATION_CONTEXT() REPRESENTATION_CONTEXT('2D SPACE',''
  ) );
#2224 = PCURVE('',#475,#2225);
#2225 = DEFINITIONAL_REPRESENTATION('',(#2226),#2252);
#2226 = B_SPLINE_CURVE_WITH_KNOTS('',3,(#2227,#2228,#2229,#2230,#2231,
    #2232,#2233,#2234,#2235,#2236,#2237,#2238,#2239,#2240,#2241,#2242,
    #2243,#2244,#2245,#2246,#2247,#2248,#2249,#2250,#2251),
  .UNSPECIFIED.,.F.,.F.,(4,1,1,1,1,1,1,1,1,1,1,1,1,1,1,1,1,1,1,1,1,1,4),
  (4.173719596322E-04,4.850506236222E-04,5.527292876122E-04,
    6.204079516022E-04,6.880866155922E-04,7.557652795822E-04,
    8.234439435721E-04,8.911226075621E-04,9.588012715521E-04,
    1.026479935542E-03,1.094158599532E-03,1.161837263522E-03,
    1.229515927512E-03,1.297194591502E-03,1.364873255492E-03,
    1.432551919482E-03,1.500230583472E-03,1.567909247462E-03,
    1.635587911452E-03,1.703266575442E-03,1.770945239432E-03,
    1.838623903422E-03,1.906302567412E-03),.UNSPECIFIED.);
#2227 = CARTESIAN_POINT('',(2.524757348701,-0.149058293012));
#2228 = CARTESIAN_POINT('',(2.525595033558,-0.146842042095));
#2229 = CARTESIAN_POINT('',(2.52726466594,-0.142405419945));
#2230 = CARTESIAN_POINT('',(2.529752042806,-0.1357382471));
#2231 = CARTESIAN_POINT('',(2.532222488674,-0.129058956517));
#2232 = CARTESIAN_POINT('',(2.534676142769,-0.122367668134));
#2233 = CARTESIAN_POINT('',(2.537113143347,-0.115664500627));
#2234 = CARTESIAN_POINT('',(2.539533627557,-0.108949571252));
#2235 = CARTESIAN_POINT('',(2.541937731476,-0.10222299591));
#2236 = CARTESIAN_POINT('',(2.544325590101,-9.548488914642E-02));
#2237 = CARTESIAN_POINT('',(2.546697337355,-8.87353641728E-02));
#2238 = CARTESIAN_POINT('',(2.549053106087,-8.197453288191E-02));
#2239 = CARTESIAN_POINT('',(2.551393028073,-7.520250586326E-02));
#2240 = CARTESIAN_POINT('',(2.55371723402,-6.841939241868E-02));
#2241 = CARTESIAN_POINT('',(2.556025853565,-6.162530057785E-02));
#2242 = CARTESIAN_POINT('',(2.558319015285,-5.482033711355E-02));
#2243 = CARTESIAN_POINT('',(2.56059684669,-4.800460755696E-02));
#2244 = CARTESIAN_POINT('',(2.562859474236,-4.117821621232E-02));
#2245 = CARTESIAN_POINT('',(2.565107023323,-3.434126617276E-02));
#2246 = CARTESIAN_POINT('',(2.567339618298,-2.749385933195E-02));
#2247 = CARTESIAN_POINT('',(2.569557382468,-2.063609640928E-02));
#2248 = CARTESIAN_POINT('',(2.571760438071,-1.376807692564E-02));
#2249 = CARTESIAN_POINT('',(2.573948906407,-6.889899360974E-03));
#2250 = CARTESIAN_POINT('',(2.575398240376,-2.29774020987E-03));
#2251 = CARTESIAN_POINT('',(2.576120516177,-1.490681754227E-12));
#2252 = ( GEOMETRIC_REPRESENTATION_CONTEXT(2) 
PARAMETRIC_REPRESENTATION_CONTEXT() REPRESENTATION_CONTEXT('2D SPACE',''
  ) );
#2253 = ORIENTED_EDGE('',*,*,#2254,.T.);
#2254 = EDGE_CURVE('',#2187,#2255,#2257,.T.);
#2255 = VERTEX_POINT('',#2256);
#2256 = CARTESIAN_POINT('',(-5.448226981279,-258.3467660242,
    -371.0688346444));
#2257 = SURFACE_CURVE('',#2258,(#2263,#2292),.PCURVE_S1.);
#2258 = B_SPLINE_CURVE_WITH_KNOTS('',3,(#2259,#2260,#2261,#2262),
  .UNSPECIFIED.,.F.,.F.,(4,4),(0.,1.),.PIECEWISE_BEZIER_KNOTS.);
#2259 = CARTESIAN_POINT('',(-1.602830688832,-257.018113237,
    -371.0688346444));
#2260 = CARTESIAN_POINT('',(-2.952190235353,-257.2174627396,
    -370.9087597696));
#2261 = CARTESIAN_POINT('',(-4.26362106268,-257.6705854067,
    -370.9087597696));
#2262 = CARTESIAN_POINT('',(-5.448226981279,-258.3467660242,
    -371.0688346444));
#2263 = PCURVE('',#1413,#2264);
#2264 = DEFINITIONAL_REPRESENTATION('',(#2265),#2291);
#2265 = B_SPLINE_CURVE_WITH_KNOTS('',3,(#2266,#2267,#2268,#2269,#2270,
    #2271,#2272,#2273,#2274,#2275,#2276,#2277,#2278,#2279,#2280,#2281,
    #2282,#2283,#2284,#2285,#2286,#2287,#2288,#2289,#2290),
  .UNSPECIFIED.,.F.,.F.,(4,1,1,1,1,1,1,1,1,1,1,1,1,1,1,1,1,1,1,1,1,1,4),
  (0.,4.545454545455E-02,9.090909090909E-02,0.136363636364,
    0.181818181818,0.227272727273,0.272727272727,0.318181818182,
    0.363636363636,0.409090909091,0.454545454545,0.5,0.545454545455,
    0.590909090909,0.636363636364,0.681818181818,0.727272727273,
    0.772727272727,0.818181818182,0.863636363636,0.909090909091,
    0.954545454545,1.),.UNSPECIFIED.);
#2266 = CARTESIAN_POINT('',(5.573585761289,-20.0188346445));
#2267 = CARTESIAN_POINT('',(5.57922214383,-20.01155851382));
#2268 = CARTESIAN_POINT('',(5.590494763433,-19.9976677189));
#2269 = CARTESIAN_POINT('',(5.60740343352,-19.9788159258));
#2270 = CARTESIAN_POINT('',(5.624312041096,-19.96194853196));
#2271 = CARTESIAN_POINT('',(5.641220714054,-19.94706553741));
#2272 = CARTESIAN_POINT('',(5.658129541785,-19.93416694212));
#2273 = CARTESIAN_POINT('',(5.675038573785,-19.92325274611));
#2274 = CARTESIAN_POINT('',(5.691947826846,-19.91432294938));
#2275 = CARTESIAN_POINT('',(5.708857290018,-19.90737755192));
#2276 = CARTESIAN_POINT('',(5.725766930214,-19.90241655373));
#2277 = CARTESIAN_POINT('',(5.742676697688,-19.89943995482));
#2278 = CARTESIAN_POINT('',(5.759586531581,-19.89844775518));
#2279 = CARTESIAN_POINT('',(5.776496365475,-19.89943995482));
#2280 = CARTESIAN_POINT('',(5.793406132948,-19.90241655373));
#2281 = CARTESIAN_POINT('',(5.810315773144,-19.90737755192));
#2282 = CARTESIAN_POINT('',(5.827225236316,-19.91432294938));
#2283 = CARTESIAN_POINT('',(5.844134489378,-19.92325274611));
#2284 = CARTESIAN_POINT('',(5.861043521377,-19.93416694212));
#2285 = CARTESIAN_POINT('',(5.877952349108,-19.94706553741));
#2286 = CARTESIAN_POINT('',(5.894861022066,-19.96194853196));
#2287 = CARTESIAN_POINT('',(5.911769629642,-19.9788159258));
#2288 = CARTESIAN_POINT('',(5.928678299729,-19.9976677189));
#2289 = CARTESIAN_POINT('',(5.939950919332,-20.01155851382));
#2290 = CARTESIAN_POINT('',(5.945587301873,-20.0188346445));
#2291 = ( GEOMETRIC_REPRESENTATION_CONTEXT(2) 
PARAMETRIC_REPRESENTATION_CONTEXT() REPRESENTATION_CONTEXT('2D SPACE',''
  ) );
#2292 = PCURVE('',#2293,#2298);
#2293 = CYLINDRICAL_SURFACE('',#2294,17.150956750156);
#2294 = AXIS2_PLACEMENT_3D('',#2295,#2296,#2297);
#2295 = CARTESIAN_POINT('',(-9.811557284488,-250.1315576586,-385.55));
#2296 = DIRECTION('',(-0.945171758509,-0.326573647002,
    -5.728679558641E-16));
#2297 = DIRECTION('',(2.604780451139E-16,1.000299524807E-15,-1.));
#2298 = DEFINITIONAL_REPRESENTATION('',(#2299),#2325);
#2299 = B_SPLINE_CURVE_WITH_KNOTS('',3,(#2300,#2301,#2302,#2303,#2304,
    #2305,#2306,#2307,#2308,#2309,#2310,#2311,#2312,#2313,#2314,#2315,
    #2316,#2317,#2318,#2319,#2320,#2321,#2322,#2323,#2324),
  .UNSPECIFIED.,.F.,.F.,(4,1,1,1,1,1,1,1,1,1,1,1,1,1,1,1,1,1,1,1,1,1,4),
  (0.,4.545454545455E-02,9.090909090909E-02,0.136363636364,
    0.181818181818,0.227272727273,0.272727272727,0.318181818182,
    0.363636363636,0.409090909091,0.454545454545,0.5,0.545454545455,
    0.590909090909,0.636363636364,0.681818181818,0.727272727273,
    0.772727272727,0.818181818182,0.863636363636,0.909090909091,
    0.954545454545,1.),.UNSPECIFIED.);
#2300 = CARTESIAN_POINT('',(2.576120516177,-5.509688981019));
#2301 = CARTESIAN_POINT('',(2.576912284567,-5.44875812513));
#2302 = CARTESIAN_POINT('',(2.578423838956,-5.326702089083));
#2303 = CARTESIAN_POINT('',(2.580475215476,-5.143088059727));
#2304 = CARTESIAN_POINT('',(2.582310625429,-4.958997052614));
#2305 = CARTESIAN_POINT('',(2.583930069926,-4.774482065274));
#2306 = CARTESIAN_POINT('',(2.585333555007,-4.589596095234));
#2307 = CARTESIAN_POINT('',(2.586521090748,-4.404392140023));
#2308 = CARTESIAN_POINT('',(2.587492688926,-4.218923197169));
#2309 = CARTESIAN_POINT('',(2.58824836146,-4.033242264202));
#2310 = CARTESIAN_POINT('',(2.588788119025,-3.847402338649));
#2311 = CARTESIAN_POINT('',(2.58911197,-3.661456418039));
#2312 = CARTESIAN_POINT('',(2.589219919717,-3.4754574999));
#2313 = CARTESIAN_POINT('',(2.58911197,-3.289458581762));
#2314 = CARTESIAN_POINT('',(2.588788119025,-3.103512661152));
#2315 = CARTESIAN_POINT('',(2.58824836146,-2.917672735599));
#2316 = CARTESIAN_POINT('',(2.587492688925,-2.731991802631));
#2317 = CARTESIAN_POINT('',(2.586521090748,-2.546522859778));
#2318 = CARTESIAN_POINT('',(2.585333555007,-2.361318904567));
#2319 = CARTESIAN_POINT('',(2.583930069926,-2.176432934527));
#2320 = CARTESIAN_POINT('',(2.582310625429,-1.991917947186));
#2321 = CARTESIAN_POINT('',(2.580475215476,-1.807826940074));
#2322 = CARTESIAN_POINT('',(2.578423838956,-1.624212910718));
#2323 = CARTESIAN_POINT('',(2.576912284567,-1.50215687467));
#2324 = CARTESIAN_POINT('',(2.576120516177,-1.441226018782));
#2325 = ( GEOMETRIC_REPRESENTATION_CONTEXT(2) 
PARAMETRIC_REPRESENTATION_CONTEXT() REPRESENTATION_CONTEXT('2D SPACE',''
  ) );
#2326 = ORIENTED_EDGE('',*,*,#2327,.T.);
#2327 = EDGE_CURVE('',#2255,#2328,#2330,.T.);
#2328 = VERTEX_POINT('',#2329);
#2329 = CARTESIAN_POINT('',(-5.579604141112,-258.4229641868,
    -372.5499999999));
#2330 = SURFACE_CURVE('',#2331,(#2336,#2365),.PCURVE_S1.);
#2331 = B_SPLINE_CURVE_WITH_KNOTS('',3,(#2332,#2333,#2334,#2335),
  .UNSPECIFIED.,.F.,.F.,(4,4),(1.397430546002E-03,2.886361153782E-03),
  .PIECEWISE_BEZIER_KNOTS.);
#2332 = CARTESIAN_POINT('',(-5.448226981279,-258.3467660242,
    -371.0688346444));
#2333 = CARTESIAN_POINT('',(-5.492899203952,-258.372265214,
    -371.5624722936));
#2334 = CARTESIAN_POINT('',(-5.536744461053,-258.3977087552,
    -372.0561870578));
#2335 = CARTESIAN_POINT('',(-5.579604141112,-258.4229641868,
    -372.5499999999));
#2336 = PCURVE('',#1413,#2337);
#2337 = DEFINITIONAL_REPRESENTATION('',(#2338),#2364);
#2338 = B_SPLINE_CURVE_WITH_KNOTS('',3,(#2339,#2340,#2341,#2342,#2343,
    #2344,#2345,#2346,#2347,#2348,#2349,#2350,#2351,#2352,#2353,#2354,
    #2355,#2356,#2357,#2358,#2359,#2360,#2361,#2362,#2363),
  .UNSPECIFIED.,.F.,.F.,(4,1,1,1,1,1,1,1,1,1,1,1,1,1,1,1,1,1,1,1,1,1,4),
  (1.397430546002E-03,1.465109209992E-03,1.532787873982E-03,
    1.600466537972E-03,1.668145201962E-03,1.735823865952E-03,
    1.803502529942E-03,1.871181193932E-03,1.938859857922E-03,
    2.006538521912E-03,2.074217185902E-03,2.141895849892E-03,
    2.209574513882E-03,2.277253177872E-03,2.344931841862E-03,
    2.412610505852E-03,2.480289169842E-03,2.547967833832E-03,
    2.615646497822E-03,2.683325161812E-03,2.751003825802E-03,
    2.818682489792E-03,2.886361153782E-03),.QUASI_UNIFORM_KNOTS.);
#2339 = CARTESIAN_POINT('',(5.945587301873,-20.0188346445));
#2340 = CARTESIAN_POINT('',(5.945799853516,-20.04127271946));
#2341 = CARTESIAN_POINT('',(5.946224676642,-20.08614918804));
#2342 = CARTESIAN_POINT('',(5.946861060689,-20.15346485876));
#2343 = CARTESIAN_POINT('',(5.947496583933,-20.22078150918));
#2344 = CARTESIAN_POINT('',(5.948131236208,-20.28809915119));
#2345 = CARTESIAN_POINT('',(5.948765007345,-20.35541779663));
#2346 = CARTESIAN_POINT('',(5.949397887172,-20.42273745739));
#2347 = CARTESIAN_POINT('',(5.950029865518,-20.49005814534));
#2348 = CARTESIAN_POINT('',(5.950660932206,-20.55737987234));
#2349 = CARTESIAN_POINT('',(5.951291077058,-20.62470265025));
#2350 = CARTESIAN_POINT('',(5.951920289893,-20.69202649096));
#2351 = CARTESIAN_POINT('',(5.952548560529,-20.75935140632));
#2352 = CARTESIAN_POINT('',(5.953175878779,-20.82667740821));
#2353 = CARTESIAN_POINT('',(5.953802234458,-20.89400450849));
#2354 = CARTESIAN_POINT('',(5.954427617374,-20.96133271904));
#2355 = CARTESIAN_POINT('',(5.955052017337,-21.02866205172));
#2356 = CARTESIAN_POINT('',(5.955675424152,-21.0959925184));
#2357 = CARTESIAN_POINT('',(5.956297827623,-21.16332413095));
#2358 = CARTESIAN_POINT('',(5.956919217552,-21.23065690124));
#2359 = CARTESIAN_POINT('',(5.957539583739,-21.29799084114));
#2360 = CARTESIAN_POINT('',(5.958158915983,-21.36532596251));
#2361 = CARTESIAN_POINT('',(5.958777204078,-21.43266227722));
#2362 = CARTESIAN_POINT('',(5.959188693239,-21.47755395717));
#2363 = CARTESIAN_POINT('',(5.959394260392,-21.5));
#2364 = ( GEOMETRIC_REPRESENTATION_CONTEXT(2) 
PARAMETRIC_REPRESENTATION_CONTEXT() REPRESENTATION_CONTEXT('2D SPACE',''
  ) );
#2365 = PCURVE('',#329,#2366);
#2366 = DEFINITIONAL_REPRESENTATION('',(#2367),#2393);
#2367 = B_SPLINE_CURVE_WITH_KNOTS('',3,(#2368,#2369,#2370,#2371,#2372,
    #2373,#2374,#2375,#2376,#2377,#2378,#2379,#2380,#2381,#2382,#2383,
    #2384,#2385,#2386,#2387,#2388,#2389,#2390,#2391,#2392),
  .UNSPECIFIED.,.F.,.F.,(4,1,1,1,1,1,1,1,1,1,1,1,1,1,1,1,1,1,1,1,1,1,4),
  (1.397430546002E-03,1.465109209992E-03,1.532787873982E-03,
    1.600466537972E-03,1.668145201962E-03,1.735823865952E-03,
    1.803502529942E-03,1.871181193932E-03,1.938859857922E-03,
    2.006538521912E-03,2.074217185902E-03,2.141895849892E-03,
    2.209574513882E-03,2.277253177872E-03,2.344931841862E-03,
    2.412610505852E-03,2.480289169842E-03,2.547967833832E-03,
    2.615646497822E-03,2.683325161812E-03,2.751003825802E-03,
    2.818682489792E-03,2.886361153782E-03),.QUASI_UNIFORM_KNOTS.);
#2368 = CARTESIAN_POINT('',(0.565472137412,1.441226018781));
#2369 = CARTESIAN_POINT('',(0.566194413214,1.438928278572));
#2370 = CARTESIAN_POINT('',(0.567643747183,1.434336119421));
#2371 = CARTESIAN_POINT('',(0.569832215519,1.427457941857));
#2372 = CARTESIAN_POINT('',(0.572035271121,1.420589922373));
#2373 = CARTESIAN_POINT('',(0.574253035292,1.41373215945));
#2374 = CARTESIAN_POINT('',(0.576485630266,1.40688475261));
#2375 = CARTESIAN_POINT('',(0.578733179353,1.40004780257));
#2376 = CARTESIAN_POINT('',(0.5809958069,1.393221411225));
#2377 = CARTESIAN_POINT('',(0.583273638305,1.386405681669));
#2378 = CARTESIAN_POINT('',(0.585566800024,1.379600718204));
#2379 = CARTESIAN_POINT('',(0.58787541957,1.372806626364));
#2380 = CARTESIAN_POINT('',(0.590199625516,1.366023512919));
#2381 = CARTESIAN_POINT('',(0.592539547503,1.3592514859));
#2382 = CARTESIAN_POINT('',(0.594895316235,1.352490654609));
#2383 = CARTESIAN_POINT('',(0.597267063489,1.345741129636));
#2384 = CARTESIAN_POINT('',(0.599654922114,1.339003022872));
#2385 = CARTESIAN_POINT('',(0.602059026032,1.33227644753));
#2386 = CARTESIAN_POINT('',(0.604479510242,1.325561518156));
#2387 = CARTESIAN_POINT('',(0.606916510821,1.318858350648));
#2388 = CARTESIAN_POINT('',(0.609370164916,1.312167062265));
#2389 = CARTESIAN_POINT('',(0.611840610783,1.305487771683));
#2390 = CARTESIAN_POINT('',(0.614327987649,1.298820598837));
#2391 = CARTESIAN_POINT('',(0.615997620032,1.294383976687));
#2392 = CARTESIAN_POINT('',(0.616835304888,1.292167725771));
#2393 = ( GEOMETRIC_REPRESENTATION_CONTEXT(2) 
PARAMETRIC_REPRESENTATION_CONTEXT() REPRESENTATION_CONTEXT('2D SPACE',''
  ) );
#2394 = ORIENTED_EDGE('',*,*,#2395,.T.);
#2395 = EDGE_CURVE('',#2328,#2396,#2398,.T.);
#2396 = VERTEX_POINT('',#2397);
#2397 = CARTESIAN_POINT('',(-8.304656559056,-260.6921847646,
    -372.5499999999));
#2398 = SURFACE_CURVE('',#2399,(#2404,#2411),.PCURVE_S1.);
#2399 = CIRCLE('',#2400,11.);
#2400 = AXIS2_PLACEMENT_3D('',#2401,#2402,#2403);
#2401 = CARTESIAN_POINT('',(4.819932363006E-03,-267.899999998,
    -372.5499999999));
#2402 = DIRECTION('',(-3.064104139906E-16,-8.673617379884E-16,1.));
#2403 = DIRECTION('',(-0.755406953765,0.655255930307,3.368793651039E-16)
  );
#2404 = PCURVE('',#1413,#2405);
#2405 = DEFINITIONAL_REPRESENTATION('',(#2406),#2410);
#2406 = LINE('',#2407,#2408);
#2407 = CARTESIAN_POINT('',(1.7763568394E-15,-21.5));
#2408 = VECTOR('',#2409,1.);
#2409 = DIRECTION('',(1.,0.));
#2410 = ( GEOMETRIC_REPRESENTATION_CONTEXT(2) 
PARAMETRIC_REPRESENTATION_CONTEXT() REPRESENTATION_CONTEXT('2D SPACE',''
  ) );
#2411 = PCURVE('',#1361,#2412);
#2412 = DEFINITIONAL_REPRESENTATION('',(#2413),#2417);
#2413 = CIRCLE('',#2414,11.);
#2414 = AXIS2_PLACEMENT_2D('',#2415,#2416);
#2415 = CARTESIAN_POINT('',(-10.6,1.661781823259E-12));
#2416 = DIRECTION('',(1.,0.));
#2417 = ( GEOMETRIC_REPRESENTATION_CONTEXT(2) 
PARAMETRIC_REPRESENTATION_CONTEXT() REPRESENTATION_CONTEXT('2D SPACE',''
  ) );
#2418 = ORIENTED_EDGE('',*,*,#2419,.T.);
#2419 = EDGE_CURVE('',#2396,#2420,#2422,.T.);
#2420 = VERTEX_POINT('',#2421);
#2421 = CARTESIAN_POINT('',(-8.304656559056,-260.6921847646,
    -359.8499999999));
#2422 = SEAM_CURVE('',#2423,(#2427,#2434),.PCURVE_S1.);
#2423 = LINE('',#2424,#2425);
#2424 = CARTESIAN_POINT('',(-8.304656559056,-260.6921847646,
    -351.0499999999));
#2425 = VECTOR('',#2426,1.);
#2426 = DIRECTION('',(-3.064104139906E-16,-8.673617379884E-16,1.));
#2427 = PCURVE('',#1413,#2428);
#2428 = DEFINITIONAL_REPRESENTATION('',(#2429),#2433);
#2429 = LINE('',#2430,#2431);
#2430 = CARTESIAN_POINT('',(6.28318530718,0.));
#2431 = VECTOR('',#2432,1.);
#2432 = DIRECTION('',(0.,1.));
#2433 = ( GEOMETRIC_REPRESENTATION_CONTEXT(2) 
PARAMETRIC_REPRESENTATION_CONTEXT() REPRESENTATION_CONTEXT('2D SPACE',''
  ) );
#2434 = PCURVE('',#1413,#2435);
#2435 = DEFINITIONAL_REPRESENTATION('',(#2436),#2440);
#2436 = LINE('',#2437,#2438);
#2437 = CARTESIAN_POINT('',(0.,0.));
#2438 = VECTOR('',#2439,1.);
#2439 = DIRECTION('',(0.,1.));
#2440 = ( GEOMETRIC_REPRESENTATION_CONTEXT(2) 
PARAMETRIC_REPRESENTATION_CONTEXT() REPRESENTATION_CONTEXT('2D SPACE',''
  ) );
#2441 = ORIENTED_EDGE('',*,*,#2442,.T.);
#2442 = EDGE_CURVE('',#2420,#2443,#2445,.T.);
#2443 = VERTEX_POINT('',#2444);
#2444 = CARTESIAN_POINT('',(8.314296423781,-275.1078152314,
    -359.8499999999));
#2445 = SURFACE_CURVE('',#2446,(#2451,#2458),.PCURVE_S1.);
#2446 = CIRCLE('',#2447,11.);
#2447 = AXIS2_PLACEMENT_3D('',#2448,#2449,#2450);
#2448 = CARTESIAN_POINT('',(4.819932363006E-03,-267.899999998,
    -359.8499999999));
#2449 = DIRECTION('',(3.064104139906E-16,8.673617379884E-16,-1.));
#2450 = DIRECTION('',(0.755406953765,-0.655255930307,-3.368793651039E-16
    ));
#2451 = PCURVE('',#1413,#2452);
#2452 = DEFINITIONAL_REPRESENTATION('',(#2453),#2457);
#2453 = LINE('',#2454,#2455);
#2454 = CARTESIAN_POINT('',(9.424777960769,-8.8));
#2455 = VECTOR('',#2456,1.);
#2456 = DIRECTION('',(-1.,-1.809382218788E-14));
#2457 = ( GEOMETRIC_REPRESENTATION_CONTEXT(2) 
PARAMETRIC_REPRESENTATION_CONTEXT() REPRESENTATION_CONTEXT('2D SPACE',''
  ) );
#2458 = PCURVE('',#2459,#2464);
#2459 = CONICAL_SURFACE('',#2460,10.7,0.785398163397);
#2460 = AXIS2_PLACEMENT_3D('',#2461,#2462,#2463);
#2461 = CARTESIAN_POINT('',(4.819932363006E-03,-267.899999998,
    -359.5499999999));
#2462 = DIRECTION('',(3.064104139906E-16,8.673617379884E-16,-1.));
#2463 = DIRECTION('',(0.755406953765,-0.655255930307,-3.368793651039E-16
    ));
#2464 = DEFINITIONAL_REPRESENTATION('',(#2465),#2469);
#2465 = LINE('',#2466,#2467);
#2466 = CARTESIAN_POINT('',(-4.440892098501E-16,0.3));
#2467 = VECTOR('',#2468,1.);
#2468 = DIRECTION('',(1.,7.908954437581E-15));
#2469 = ( GEOMETRIC_REPRESENTATION_CONTEXT(2) 
PARAMETRIC_REPRESENTATION_CONTEXT() REPRESENTATION_CONTEXT('2D SPACE',''
  ) );
#2470 = ORIENTED_EDGE('',*,*,#2471,.T.);
#2471 = EDGE_CURVE('',#2443,#2420,#2472,.T.);
#2472 = SURFACE_CURVE('',#2473,(#2478,#2485),.PCURVE_S1.);
#2473 = CIRCLE('',#2474,11.);
#2474 = AXIS2_PLACEMENT_3D('',#2475,#2476,#2477);
#2475 = CARTESIAN_POINT('',(4.819932363006E-03,-267.899999998,
    -359.8499999999));
#2476 = DIRECTION('',(3.064104139906E-16,8.673617379884E-16,-1.));
#2477 = DIRECTION('',(0.755406953765,-0.655255930307,-3.368793651039E-16
    ));
#2478 = PCURVE('',#1413,#2479);
#2479 = DEFINITIONAL_REPRESENTATION('',(#2480),#2484);
#2480 = LINE('',#2481,#2482);
#2481 = CARTESIAN_POINT('',(3.14159265359,-8.8));
#2482 = VECTOR('',#2483,1.);
#2483 = DIRECTION('',(-1.,1.809382218788E-14));
#2484 = ( GEOMETRIC_REPRESENTATION_CONTEXT(2) 
PARAMETRIC_REPRESENTATION_CONTEXT() REPRESENTATION_CONTEXT('2D SPACE',''
  ) );
#2485 = PCURVE('',#2459,#2486);
#2486 = DEFINITIONAL_REPRESENTATION('',(#2487),#2491);
#2487 = LINE('',#2488,#2489);
#2488 = CARTESIAN_POINT('',(0.,0.3));
#2489 = VECTOR('',#2490,1.);
#2490 = DIRECTION('',(1.,-7.908954437581E-15));
#2491 = ( GEOMETRIC_REPRESENTATION_CONTEXT(2) 
PARAMETRIC_REPRESENTATION_CONTEXT() REPRESENTATION_CONTEXT('2D SPACE',''
  ) );
#2492 = ORIENTED_EDGE('',*,*,#2419,.F.);
#2493 = ORIENTED_EDGE('',*,*,#2494,.T.);
#2494 = EDGE_CURVE('',#2396,#1323,#2495,.T.);
#2495 = SURFACE_CURVE('',#2496,(#2501,#2508),.PCURVE_S1.);
#2496 = CIRCLE('',#2497,11.);
#2497 = AXIS2_PLACEMENT_3D('',#2498,#2499,#2500);
#2498 = CARTESIAN_POINT('',(4.819932363006E-03,-267.899999998,
    -372.5499999999));
#2499 = DIRECTION('',(0.,0.,1.));
#2500 = DIRECTION('',(-0.755406953765,0.655255930307,0.));
#2501 = PCURVE('',#1413,#2502);
#2502 = DEFINITIONAL_REPRESENTATION('',(#2503),#2507);
#2503 = LINE('',#2504,#2505);
#2504 = CARTESIAN_POINT('',(0.,-21.5));
#2505 = VECTOR('',#2506,1.);
#2506 = DIRECTION('',(1.,-1.809382218788E-14));
#2507 = ( GEOMETRIC_REPRESENTATION_CONTEXT(2) 
PARAMETRIC_REPRESENTATION_CONTEXT() REPRESENTATION_CONTEXT('2D SPACE',''
  ) );
#2508 = PCURVE('',#1361,#2509);
#2509 = DEFINITIONAL_REPRESENTATION('',(#2510),#2514);
#2510 = CIRCLE('',#2511,11.);
#2511 = AXIS2_PLACEMENT_2D('',#2512,#2513);
#2512 = CARTESIAN_POINT('',(-10.6,1.652900039062E-12));
#2513 = DIRECTION('',(1.,-1.052491427345E-13));
#2514 = ( GEOMETRIC_REPRESENTATION_CONTEXT(2) 
PARAMETRIC_REPRESENTATION_CONTEXT() REPRESENTATION_CONTEXT('2D SPACE',''
  ) );
#2515 = ADVANCED_FACE('',(#2516),#2459,.T.);
#2516 = FACE_BOUND('',#2517,.T.);
#2517 = EDGE_LOOP('',(#2518,#2541,#2542,#2543,#2544));
#2518 = ORIENTED_EDGE('',*,*,#2519,.T.);
#2519 = EDGE_CURVE('',#2520,#2443,#2522,.T.);
#2520 = VERTEX_POINT('',#2521);
#2521 = CARTESIAN_POINT('',(8.087674337651,-274.9112384523,
    -359.5499999999));
#2522 = SEAM_CURVE('',#2523,(#2527,#2534),.PCURVE_S1.);
#2523 = LINE('',#2524,#2525);
#2524 = CARTESIAN_POINT('',(8.087674337651,-274.9112384523,
    -359.5499999999));
#2525 = VECTOR('',#2526,1.);
#2526 = DIRECTION('',(0.534153379563,-0.463335911733,-0.707106781187));
#2527 = PCURVE('',#2459,#2528);
#2528 = DEFINITIONAL_REPRESENTATION('',(#2529),#2533);
#2529 = LINE('',#2530,#2531);
#2530 = CARTESIAN_POINT('',(6.28318530718,-3.321787289678E-13));
#2531 = VECTOR('',#2532,1.);
#2532 = DIRECTION('',(0.,1.));
#2533 = ( GEOMETRIC_REPRESENTATION_CONTEXT(2) 
PARAMETRIC_REPRESENTATION_CONTEXT() REPRESENTATION_CONTEXT('2D SPACE',''
  ) );
#2534 = PCURVE('',#2459,#2535);
#2535 = DEFINITIONAL_REPRESENTATION('',(#2536),#2540);
#2536 = LINE('',#2537,#2538);
#2537 = CARTESIAN_POINT('',(0.,-3.321787289678E-13));
#2538 = VECTOR('',#2539,1.);
#2539 = DIRECTION('',(0.,1.));
#2540 = ( GEOMETRIC_REPRESENTATION_CONTEXT(2) 
PARAMETRIC_REPRESENTATION_CONTEXT() REPRESENTATION_CONTEXT('2D SPACE',''
  ) );
#2541 = ORIENTED_EDGE('',*,*,#2442,.F.);
#2542 = ORIENTED_EDGE('',*,*,#2471,.F.);
#2543 = ORIENTED_EDGE('',*,*,#2519,.F.);
#2544 = ORIENTED_EDGE('',*,*,#2545,.T.);
#2545 = EDGE_CURVE('',#2520,#2520,#2546,.T.);
#2546 = SURFACE_CURVE('',#2547,(#2552,#2559),.PCURVE_S1.);
#2547 = CIRCLE('',#2548,10.7);
#2548 = AXIS2_PLACEMENT_3D('',#2549,#2550,#2551);
#2549 = CARTESIAN_POINT('',(4.819932362978E-03,-267.899999998,
    -359.5499999999));
#2550 = DIRECTION('',(-0.,0.,-1.));
#2551 = DIRECTION('',(0.755406953765,-0.655255930307,-0.));
#2552 = PCURVE('',#2459,#2553);
#2553 = DEFINITIONAL_REPRESENTATION('',(#2554),#2558);
#2554 = LINE('',#2555,#2556);
#2555 = CARTESIAN_POINT('',(-3.552713678801E-15,3.019806626983E-14));
#2556 = VECTOR('',#2557,1.);
#2557 = DIRECTION('',(1.,-9.046911093949E-15));
#2558 = ( GEOMETRIC_REPRESENTATION_CONTEXT(2) 
PARAMETRIC_REPRESENTATION_CONTEXT() REPRESENTATION_CONTEXT('2D SPACE',''
  ) );
#2559 = PCURVE('',#2560,#2565);
#2560 = PLANE('',#2561);
#2561 = AXIS2_PLACEMENT_3D('',#2562,#2563,#2564);
#2562 = CARTESIAN_POINT('',(-7.096005433031,-261.7405942531,
    -359.5499999999));
#2563 = DIRECTION('',(3.064104139906E-16,8.673617379884E-16,-1.));
#2564 = DIRECTION('',(-0.655255930307,-0.755406953765,
    -8.559883291817E-16));
#2565 = DEFINITIONAL_REPRESENTATION('',(#2566),#2570);
#2566 = CIRCLE('',#2567,10.7);
#2567 = AXIS2_PLACEMENT_2D('',#2568,#2569);
#2568 = CARTESIAN_POINT('',(1.215916256569E-12,-9.4));
#2569 = DIRECTION('',(-5.884182030513E-15,-1.));
#2570 = ( GEOMETRIC_REPRESENTATION_CONTEXT(2) 
PARAMETRIC_REPRESENTATION_CONTEXT() REPRESENTATION_CONTEXT('2D SPACE',''
  ) );
#2571 = ADVANCED_FACE('',(#2572,#2603),#2560,.F.);
#2572 = FACE_BOUND('',#2573,.T.);
#2573 = EDGE_LOOP('',(#2574));
#2574 = ORIENTED_EDGE('',*,*,#2575,.T.);
#2575 = EDGE_CURVE('',#2576,#2576,#2578,.T.);
#2576 = VERTEX_POINT('',#2577);
#2577 = CARTESIAN_POINT('',(-7.096005433031,-261.7405942531,
    -359.5499999999));
#2578 = SURFACE_CURVE('',#2579,(#2584,#2591),.PCURVE_S1.);
#2579 = CIRCLE('',#2580,9.4);
#2580 = AXIS2_PLACEMENT_3D('',#2581,#2582,#2583);
#2581 = CARTESIAN_POINT('',(4.819932362992E-03,-267.899999998,
    -359.5499999999));
#2582 = DIRECTION('',(0.,0.,-1.));
#2583 = DIRECTION('',(-0.755406953765,0.655255930307,0.));
#2584 = PCURVE('',#2560,#2585);
#2585 = DEFINITIONAL_REPRESENTATION('',(#2586),#2590);
#2586 = CIRCLE('',#2587,9.4);
#2587 = AXIS2_PLACEMENT_2D('',#2588,#2589);
#2588 = CARTESIAN_POINT('',(1.206146293953E-12,-9.4));
#2589 = DIRECTION('',(2.498001805407E-15,1.));
#2590 = ( GEOMETRIC_REPRESENTATION_CONTEXT(2) 
PARAMETRIC_REPRESENTATION_CONTEXT() REPRESENTATION_CONTEXT('2D SPACE',''
  ) );
#2591 = PCURVE('',#2592,#2597);
#2592 = TOROIDAL_SURFACE('',#2593,9.4,1.5);
#2593 = AXIS2_PLACEMENT_3D('',#2594,#2595,#2596);
#2594 = CARTESIAN_POINT('',(4.819932363006E-03,-267.899999998,
    -358.0499999999));
#2595 = DIRECTION('',(-3.064104139906E-16,-8.673617379884E-16,1.));
#2596 = DIRECTION('',(-0.755406953765,0.655255930307,3.368793651039E-16)
  );
#2597 = DEFINITIONAL_REPRESENTATION('',(#2598),#2602);
#2598 = LINE('',#2599,#2600);
#2599 = CARTESIAN_POINT('',(6.28318530718,4.712388980385));
#2600 = VECTOR('',#2601,1.);
#2601 = DIRECTION('',(-1.,-1.413579858428E-15));
#2602 = ( GEOMETRIC_REPRESENTATION_CONTEXT(2) 
PARAMETRIC_REPRESENTATION_CONTEXT() REPRESENTATION_CONTEXT('2D SPACE',''
  ) );
#2603 = FACE_BOUND('',#2604,.T.);
#2604 = EDGE_LOOP('',(#2605));
#2605 = ORIENTED_EDGE('',*,*,#2545,.F.);
#2606 = ADVANCED_FACE('',(#2607),#2592,.F.);
#2607 = FACE_BOUND('',#2608,.F.);
#2608 = EDGE_LOOP('',(#2609,#2633,#2664,#2665));
#2609 = ORIENTED_EDGE('',*,*,#2610,.F.);
#2610 = EDGE_CURVE('',#2611,#2576,#2613,.T.);
#2611 = VERTEX_POINT('',#2612);
#2612 = CARTESIAN_POINT('',(-7.096005433031,-261.7405942531,
    -356.5499999999));
#2613 = SEAM_CURVE('',#2614,(#2619,#2626),.PCURVE_S1.);
#2614 = CIRCLE('',#2615,1.5);
#2615 = AXIS2_PLACEMENT_3D('',#2616,#2617,#2618);
#2616 = CARTESIAN_POINT('',(-7.096005433031,-261.7405942531,
    -358.0499999999));
#2617 = DIRECTION('',(0.655255930307,0.755406953765,-0.));
#2618 = DIRECTION('',(0.,0.,1.));
#2619 = PCURVE('',#2592,#2620);
#2620 = DEFINITIONAL_REPRESENTATION('',(#2621),#2625);
#2621 = LINE('',#2622,#2623);
#2622 = CARTESIAN_POINT('',(0.,1.570796326795));
#2623 = VECTOR('',#2624,1.);
#2624 = DIRECTION('',(0.,1.));
#2625 = ( GEOMETRIC_REPRESENTATION_CONTEXT(2) 
PARAMETRIC_REPRESENTATION_CONTEXT() REPRESENTATION_CONTEXT('2D SPACE',''
  ) );
#2626 = PCURVE('',#2592,#2627);
#2627 = DEFINITIONAL_REPRESENTATION('',(#2628),#2632);
#2628 = LINE('',#2629,#2630);
#2629 = CARTESIAN_POINT('',(6.28318530718,1.570796326795));
#2630 = VECTOR('',#2631,1.);
#2631 = DIRECTION('',(0.,1.));
#2632 = ( GEOMETRIC_REPRESENTATION_CONTEXT(2) 
PARAMETRIC_REPRESENTATION_CONTEXT() REPRESENTATION_CONTEXT('2D SPACE',''
  ) );
#2633 = ORIENTED_EDGE('',*,*,#2634,.F.);
#2634 = EDGE_CURVE('',#2611,#2611,#2635,.T.);
#2635 = SURFACE_CURVE('',#2636,(#2641,#2648),.PCURVE_S1.);
#2636 = CIRCLE('',#2637,9.4);
#2637 = AXIS2_PLACEMENT_3D('',#2638,#2639,#2640);
#2638 = CARTESIAN_POINT('',(4.819932362992E-03,-267.899999998,
    -356.5499999999));
#2639 = DIRECTION('',(0.,0.,-1.));
#2640 = DIRECTION('',(-0.755406953765,0.655255930307,0.));
#2641 = PCURVE('',#2592,#2642);
#2642 = DEFINITIONAL_REPRESENTATION('',(#2643),#2647);
#2643 = LINE('',#2644,#2645);
#2644 = CARTESIAN_POINT('',(6.28318530718,1.570796326795));
#2645 = VECTOR('',#2646,1.);
#2646 = DIRECTION('',(-1.,3.039196695621E-15));
#2647 = ( GEOMETRIC_REPRESENTATION_CONTEXT(2) 
PARAMETRIC_REPRESENTATION_CONTEXT() REPRESENTATION_CONTEXT('2D SPACE',''
  ) );
#2648 = PCURVE('',#2649,#2654);
#2649 = PLANE('',#2650);
#2650 = AXIS2_PLACEMENT_3D('',#2651,#2652,#2653);
#2651 = CARTESIAN_POINT('',(-8.304656559056,-260.6921847646,
    -356.5499999999));
#2652 = DIRECTION('',(-3.064104139906E-16,-8.673617379884E-16,1.));
#2653 = DIRECTION('',(-0.755406953765,0.655255930307,3.368793651039E-16)
  );
#2654 = DEFINITIONAL_REPRESENTATION('',(#2655),#2663);
#2655 = ( BOUNDED_CURVE() B_SPLINE_CURVE(2,(#2656,#2657,#2658,#2659,
#2660,#2661,#2662),.UNSPECIFIED.,.T.,.F.) B_SPLINE_CURVE_WITH_KNOTS((1,2
    ,2,2,2,1),(-2.094395102393,0.,2.094395102393,4.188790204786,
6.28318530718,8.377580409573),.UNSPECIFIED.) CURVE() 
GEOMETRIC_REPRESENTATION_ITEM() RATIONAL_B_SPLINE_CURVE((1.,0.5,1.,0.5,
1.,0.5,1.)) REPRESENTATION_ITEM('') );
#2656 = CARTESIAN_POINT('',(-1.600000000001,1.176336805742E-12));
#2657 = CARTESIAN_POINT('',(-1.600000000001,-16.28127759114));
#2658 = CARTESIAN_POINT('',(-15.7,-8.140638795573));
#2659 = CARTESIAN_POINT('',(-29.8,1.103590818847E-12));
#2660 = CARTESIAN_POINT('',(-15.7,8.140638795575));
#2661 = CARTESIAN_POINT('',(-1.600000000001,16.281277591149));
#2662 = CARTESIAN_POINT('',(-1.600000000001,1.176336805742E-12));
#2663 = ( GEOMETRIC_REPRESENTATION_CONTEXT(2) 
PARAMETRIC_REPRESENTATION_CONTEXT() REPRESENTATION_CONTEXT('2D SPACE',''
  ) );
#2664 = ORIENTED_EDGE('',*,*,#2610,.T.);
#2665 = ORIENTED_EDGE('',*,*,#2575,.T.);
#2666 = ADVANCED_FACE('',(#2667,#2791),#2649,.F.);
#2667 = FACE_BOUND('',#2668,.T.);
#2668 = EDGE_LOOP('',(#2669,#2699,#2732,#2760));
#2669 = ORIENTED_EDGE('',*,*,#2670,.T.);
#2670 = EDGE_CURVE('',#2671,#2673,#2675,.T.);
#2671 = VERTEX_POINT('',#2672);
#2672 = CARTESIAN_POINT('',(10.40728185362,-270.4057505795,
    -356.5499999999));
#2673 = VERTEX_POINT('',#2674);
#2674 = CARTESIAN_POINT('',(3.955090132641,-277.8441120923,
    -356.5499999999));
#2675 = SURFACE_CURVE('',#2676,(#2680,#2687),.PCURVE_S1.);
#2676 = LINE('',#2677,#2678);
#2677 = CARTESIAN_POINT('',(14.66684705479,-265.495142336,
    -356.5499999999));
#2678 = VECTOR('',#2679,1.);
#2679 = DIRECTION('',(-0.655255930307,-0.755406953765,
    -8.559883291853E-16));
#2680 = PCURVE('',#2649,#2681);
#2681 = DEFINITIONAL_REPRESENTATION('',(#2682),#2686);
#2682 = LINE('',#2683,#2684);
#2683 = CARTESIAN_POINT('',(-20.49999999999,-11.42402642299));
#2684 = VECTOR('',#2685,1.);
#2685 = DIRECTION('',(0.,1.));
#2686 = ( GEOMETRIC_REPRESENTATION_CONTEXT(2) 
PARAMETRIC_REPRESENTATION_CONTEXT() REPRESENTATION_CONTEXT('2D SPACE',''
  ) );
#2687 = PCURVE('',#2688,#2693);
#2688 = PLANE('',#2689);
#2689 = AXIS2_PLACEMENT_3D('',#2690,#2691,#2692);
#2690 = CARTESIAN_POINT('',(14.66684705479,-265.495142336,
    -356.5499999999));
#2691 = DIRECTION('',(0.755406953765,-0.655255930307,-3.368793651059E-16
    ));
#2692 = DIRECTION('',(0.655255930307,0.755406953765,8.559883291853E-16)
  );
#2693 = DEFINITIONAL_REPRESENTATION('',(#2694),#2698);
#2694 = LINE('',#2695,#2696);
#2695 = CARTESIAN_POINT('',(0.,0.));
#2696 = VECTOR('',#2697,1.);
#2697 = DIRECTION('',(-1.,-7.395570986447E-32));
#2698 = ( GEOMETRIC_REPRESENTATION_CONTEXT(2) 
PARAMETRIC_REPRESENTATION_CONTEXT() REPRESENTATION_CONTEXT('2D SPACE',''
  ) );
#2699 = ORIENTED_EDGE('',*,*,#2700,.T.);
#2700 = EDGE_CURVE('',#2673,#2701,#2703,.T.);
#2701 = VERTEX_POINT('',#2702);
#2702 = CARTESIAN_POINT('',(-10.39764198889,-265.3942494165,
    -356.5499999999));
#2703 = SURFACE_CURVE('',#2704,(#2709,#2720),.PCURVE_S1.);
#2704 = CIRCLE('',#2705,10.7);
#2705 = AXIS2_PLACEMENT_3D('',#2706,#2707,#2708);
#2706 = CARTESIAN_POINT('',(4.819932363006E-03,-267.899999998,
    -356.5499999999));
#2707 = DIRECTION('',(3.064104139906E-16,8.673617379884E-16,-1.));
#2708 = DIRECTION('',(-0.755406953765,0.655255930307,3.368793651039E-16)
  );
#2709 = PCURVE('',#2649,#2710);
#2710 = DEFINITIONAL_REPRESENTATION('',(#2711),#2719);
#2711 = ( BOUNDED_CURVE() B_SPLINE_CURVE(2,(#2712,#2713,#2714,#2715,
#2716,#2717,#2718),.UNSPECIFIED.,.T.,.F.) B_SPLINE_CURVE_WITH_KNOTS((1,2
    ,2,2,2,1),(-2.094395102393,0.,2.094395102393,4.188790204786,
6.28318530718,8.377580409573),.UNSPECIFIED.) CURVE() 
GEOMETRIC_REPRESENTATION_ITEM() RATIONAL_B_SPLINE_CURVE((1.,0.5,1.,0.5,
1.,0.5,1.)) REPRESENTATION_ITEM('') );
#2712 = CARTESIAN_POINT('',(-0.300000000001,1.152855588771E-12));
#2713 = CARTESIAN_POINT('',(-0.300000000001,-18.53294364098));
#2714 = CARTESIAN_POINT('',(-16.35,-9.266471820492));
#2715 = CARTESIAN_POINT('',(-32.4,1.150234844621E-12));
#2716 = CARTESIAN_POINT('',(-16.35,9.266471820495));
#2717 = CARTESIAN_POINT('',(-0.300000000001,18.532943640988));
#2718 = CARTESIAN_POINT('',(-0.300000000001,1.152855588771E-12));
#2719 = ( GEOMETRIC_REPRESENTATION_CONTEXT(2) 
PARAMETRIC_REPRESENTATION_CONTEXT() REPRESENTATION_CONTEXT('2D SPACE',''
  ) );
#2720 = PCURVE('',#2721,#2726);
#2721 = CONICAL_SURFACE('',#2722,11.,0.785398163397);
#2722 = AXIS2_PLACEMENT_3D('',#2723,#2724,#2725);
#2723 = CARTESIAN_POINT('',(4.819932363006E-03,-267.899999998,
    -356.2499999999));
#2724 = DIRECTION('',(-3.064104139906E-16,-8.673617379884E-16,1.));
#2725 = DIRECTION('',(-0.755406953765,0.655255930307,3.368793651039E-16)
  );
#2726 = DEFINITIONAL_REPRESENTATION('',(#2727),#2731);
#2727 = LINE('',#2728,#2729);
#2728 = CARTESIAN_POINT('',(6.28318530718,-0.3));
#2729 = VECTOR('',#2730,1.);
#2730 = DIRECTION('',(-1.,1.830321666009E-14));
#2731 = ( GEOMETRIC_REPRESENTATION_CONTEXT(2) 
PARAMETRIC_REPRESENTATION_CONTEXT() REPRESENTATION_CONTEXT('2D SPACE',''
  ) );
#2732 = ORIENTED_EDGE('',*,*,#2733,.F.);
#2733 = EDGE_CURVE('',#2734,#2701,#2736,.T.);
#2734 = VERTEX_POINT('',#2735);
#2735 = CARTESIAN_POINT('',(-3.945450267916,-257.9558879037,
    -356.5499999999));
#2736 = SURFACE_CURVE('',#2737,(#2741,#2748),.PCURVE_S1.);
#2737 = LINE('',#2738,#2739);
#2738 = CARTESIAN_POINT('',(0.314114933255,-253.0452796601,
    -356.5499999999));
#2739 = VECTOR('',#2740,1.);
#2740 = DIRECTION('',(-0.655255930307,-0.755406953765,
    -8.559883291853E-16));
#2741 = PCURVE('',#2649,#2742);
#2742 = DEFINITIONAL_REPRESENTATION('',(#2743),#2747);
#2743 = LINE('',#2744,#2745);
#2744 = CARTESIAN_POINT('',(-1.500000000002,-11.424026423));
#2745 = VECTOR('',#2746,1.);
#2746 = DIRECTION('',(0.,1.));
#2747 = ( GEOMETRIC_REPRESENTATION_CONTEXT(2) 
PARAMETRIC_REPRESENTATION_CONTEXT() REPRESENTATION_CONTEXT('2D SPACE',''
  ) );
#2748 = PCURVE('',#2749,#2754);
#2749 = PLANE('',#2750);
#2750 = AXIS2_PLACEMENT_3D('',#2751,#2752,#2753);
#2751 = CARTESIAN_POINT('',(0.314114933255,-253.0452796601,
    -356.5499999999));
#2752 = DIRECTION('',(0.755406953765,-0.655255930307,-1.112064370653E-16
    ));
#2753 = DIRECTION('',(-4.768853131076E-16,-7.194882135812E-16,1.));
#2754 = DEFINITIONAL_REPRESENTATION('',(#2755),#2759);
#2755 = LINE('',#2756,#2757);
#2756 = CARTESIAN_POINT('',(0.,-0.));
#2757 = VECTOR('',#2758,1.);
#2758 = DIRECTION('',(-3.648432382841E-27,1.));
#2759 = ( GEOMETRIC_REPRESENTATION_CONTEXT(2) 
PARAMETRIC_REPRESENTATION_CONTEXT() REPRESENTATION_CONTEXT('2D SPACE',''
  ) );
#2760 = ORIENTED_EDGE('',*,*,#2761,.T.);
#2761 = EDGE_CURVE('',#2734,#2671,#2762,.T.);
#2762 = SURFACE_CURVE('',#2763,(#2768,#2779),.PCURVE_S1.);
#2763 = CIRCLE('',#2764,10.7);
#2764 = AXIS2_PLACEMENT_3D('',#2765,#2766,#2767);
#2765 = CARTESIAN_POINT('',(4.819932363006E-03,-267.899999998,
    -356.5499999999));
#2766 = DIRECTION('',(3.064104139906E-16,8.673617379884E-16,-1.));
#2767 = DIRECTION('',(-0.755406953765,0.655255930307,3.368793651039E-16)
  );
#2768 = PCURVE('',#2649,#2769);
#2769 = DEFINITIONAL_REPRESENTATION('',(#2770),#2778);
#2770 = ( BOUNDED_CURVE() B_SPLINE_CURVE(2,(#2771,#2772,#2773,#2774,
#2775,#2776,#2777),.UNSPECIFIED.,.T.,.F.) B_SPLINE_CURVE_WITH_KNOTS((1,2
    ,2,2,2,1),(-2.094395102393,0.,2.094395102393,4.188790204786,
6.28318530718,8.377580409573),.UNSPECIFIED.) CURVE() 
GEOMETRIC_REPRESENTATION_ITEM() RATIONAL_B_SPLINE_CURVE((1.,0.5,1.,0.5,
1.,0.5,1.)) REPRESENTATION_ITEM('') );
#2771 = CARTESIAN_POINT('',(-0.300000000001,1.152855588771E-12));
#2772 = CARTESIAN_POINT('',(-0.300000000001,-18.53294364098));
#2773 = CARTESIAN_POINT('',(-16.35,-9.266471820492));
#2774 = CARTESIAN_POINT('',(-32.4,1.150234844621E-12));
#2775 = CARTESIAN_POINT('',(-16.35,9.266471820495));
#2776 = CARTESIAN_POINT('',(-0.300000000001,18.532943640988));
#2777 = CARTESIAN_POINT('',(-0.300000000001,1.152855588771E-12));
#2778 = ( GEOMETRIC_REPRESENTATION_CONTEXT(2) 
PARAMETRIC_REPRESENTATION_CONTEXT() REPRESENTATION_CONTEXT('2D SPACE',''
  ) );
#2779 = PCURVE('',#2780,#2785);
#2780 = CONICAL_SURFACE('',#2781,11.,0.785398163397);
#2781 = AXIS2_PLACEMENT_3D('',#2782,#2783,#2784);
#2782 = CARTESIAN_POINT('',(4.819932363006E-03,-267.899999998,
    -356.2499999999));
#2783 = DIRECTION('',(-3.064104139906E-16,-8.673617379884E-16,1.));
#2784 = DIRECTION('',(-0.755406953765,0.655255930307,3.368793651039E-16)
  );
#2785 = DEFINITIONAL_REPRESENTATION('',(#2786),#2790);
#2786 = LINE('',#2787,#2788);
#2787 = CARTESIAN_POINT('',(6.28318530718,-0.3));
#2788 = VECTOR('',#2789,1.);
#2789 = DIRECTION('',(-1.,-1.217819518699E-14));
#2790 = ( GEOMETRIC_REPRESENTATION_CONTEXT(2) 
PARAMETRIC_REPRESENTATION_CONTEXT() REPRESENTATION_CONTEXT('2D SPACE',''
  ) );
#2791 = FACE_BOUND('',#2792,.T.);
#2792 = EDGE_LOOP('',(#2793));
#2793 = ORIENTED_EDGE('',*,*,#2634,.F.);
#2794 = ADVANCED_FACE('',(#2795),#2780,.T.);
#2795 = FACE_BOUND('',#2796,.T.);
#2796 = EDGE_LOOP('',(#2797,#2844,#2845,#2892));
#2797 = ORIENTED_EDGE('',*,*,#2798,.F.);
#2798 = EDGE_CURVE('',#2671,#2799,#2801,.T.);
#2799 = VERTEX_POINT('',#2800);
#2800 = CARTESIAN_POINT('',(10.81475590119,-269.935997137,
    -356.2499999999));
#2801 = SURFACE_CURVE('',#2802,(#2807,#2836),.PCURVE_S1.);
#2802 = B_SPLINE_CURVE_WITH_KNOTS('',3,(#2803,#2804,#2805,#2806),
  .UNSPECIFIED.,.F.,.F.,(4,4),(1.226634733347E-18,6.904371051902E-04),
  .PIECEWISE_BEZIER_KNOTS.);
#2803 = CARTESIAN_POINT('',(10.40728185362,-270.4057505795,
    -356.5499999999));
#2804 = CARTESIAN_POINT('',(10.54430208256,-270.2477878218,
    -356.4537820147));
#2805 = CARTESIAN_POINT('',(10.68007431039,-270.091263813,
    -356.3536160785));
#2806 = CARTESIAN_POINT('',(10.81475590119,-269.935997137,
    -356.2499999999));
#2807 = PCURVE('',#2780,#2808);
#2808 = DEFINITIONAL_REPRESENTATION('',(#2809),#2835);
#2809 = B_SPLINE_CURVE_WITH_KNOTS('',3,(#2810,#2811,#2812,#2813,#2814,
    #2815,#2816,#2817,#2818,#2819,#2820,#2821,#2822,#2823,#2824,#2825,
    #2826,#2827,#2828,#2829,#2830,#2831,#2832,#2833,#2834),
  .UNSPECIFIED.,.F.,.F.,(4,1,1,1,1,1,1,1,1,1,1,1,1,1,1,1,1,1,1,1,1,1,4),
  (1.226634733347E-18,3.138350478137E-05,6.276700956275E-05,
    9.415051434412E-05,1.255340191255E-04,1.569175239069E-04,
    1.883010286882E-04,2.196845334696E-04,2.51068038251E-04,
    2.824515430324E-04,3.138350478137E-04,3.452185525951E-04,
    3.766020573765E-04,4.079855621578E-04,4.393690669392E-04,
    4.707525717206E-04,5.02136076502E-04,5.335195812833E-04,
    5.649030860647E-04,5.962865908461E-04,6.276700956275E-04,
    6.590536004088E-04,6.904371051902E-04),.UNSPECIFIED.);
#2810 = CARTESIAN_POINT('',(3.619736630588,-0.300000000003));
#2811 = CARTESIAN_POINT('',(3.620525321989,-0.295626455119));
#2812 = CARTESIAN_POINT('',(3.622100117457,-0.286863035842));
#2813 = CARTESIAN_POINT('',(3.624454569444,-0.27366921016));
#2814 = CARTESIAN_POINT('',(3.626801300937,-0.260426979947));
#2815 = CARTESIAN_POINT('',(3.629140332905,-0.247136635777));
#2816 = CARTESIAN_POINT('',(3.631471686472,-0.233798467135));
#2817 = CARTESIAN_POINT('',(3.633795382938,-0.220412762267));
#2818 = CARTESIAN_POINT('',(3.636111443766,-0.206979808225));
#2819 = CARTESIAN_POINT('',(3.638419890582,-0.193499890855));
#2820 = CARTESIAN_POINT('',(3.640720745165,-0.179973294806));
#2821 = CARTESIAN_POINT('',(3.643014029449,-0.16640030353));
#2822 = CARTESIAN_POINT('',(3.645299765514,-0.152781199285));
#2823 = CARTESIAN_POINT('',(3.647577975584,-0.139116263138));
#2824 = CARTESIAN_POINT('',(3.649848682023,-0.125405774969));
#2825 = CARTESIAN_POINT('',(3.652111907329,-0.111650013471));
#2826 = CARTESIAN_POINT('',(3.654367674131,-9.78492561555E-02));
#2827 = CARTESIAN_POINT('',(3.656616005184,-8.40037793563E-02));
#2828 = CARTESIAN_POINT('',(3.658856923367,-7.01138582306E-02));
#2829 = CARTESIAN_POINT('',(3.661090451678,-5.61797667613E-02));
#2830 = CARTESIAN_POINT('',(3.663316613228,-4.220177777075E-02));
#2831 = CARTESIAN_POINT('',(3.665535431243,-2.818016288404E-02));
#2832 = CARTESIAN_POINT('',(3.667746929046,-1.411519268022E-02));
#2833 = CARTESIAN_POINT('',(3.669216396416,-4.709821658798E-03));
#2834 = CARTESIAN_POINT('',(3.66994991788,-5.604405828308E-13));
#2835 = ( GEOMETRIC_REPRESENTATION_CONTEXT(2) 
PARAMETRIC_REPRESENTATION_CONTEXT() REPRESENTATION_CONTEXT('2D SPACE',''
  ) );
#2836 = PCURVE('',#2688,#2837);
#2837 = DEFINITIONAL_REPRESENTATION('',(#2838),#2843);
#2838 = B_SPLINE_CURVE_WITH_KNOTS('',3,(#2839,#2840,#2841,#2842),
  .UNSPECIFIED.,.F.,.F.,(4,4),(1.226634733347E-18,6.904371051902E-04),
  .PIECEWISE_BEZIER_KNOTS.);
#2839 = CARTESIAN_POINT('',(-6.500612972967,0.));
#2840 = CARTESIAN_POINT('',(-6.291503489786,9.621798520004E-02));
#2841 = CARTESIAN_POINT('',(-6.08429860761,0.1963839214));
#2842 = CARTESIAN_POINT('',(-5.878758169797,0.3));
#2843 = ( GEOMETRIC_REPRESENTATION_CONTEXT(2) 
PARAMETRIC_REPRESENTATION_CONTEXT() REPRESENTATION_CONTEXT('2D SPACE',''
  ) );
#2844 = ORIENTED_EDGE('',*,*,#2761,.F.);
#2845 = ORIENTED_EDGE('',*,*,#2846,.F.);
#2846 = EDGE_CURVE('',#2847,#2734,#2849,.T.);
#2847 = VERTEX_POINT('',#2848);
#2848 = CARTESIAN_POINT('',(-3.53797622035,-257.4861344611,
    -356.2499999999));
#2849 = SURFACE_CURVE('',#2850,(#2855,#2884),.PCURVE_S1.);
#2850 = B_SPLINE_CURVE_WITH_KNOTS('',3,(#2851,#2852,#2853,#2854),
  .UNSPECIFIED.,.F.,.F.,(4,4),(0.,6.904371051902E-04),
  .PIECEWISE_BEZIER_KNOTS.);
#2851 = CARTESIAN_POINT('',(-3.53797622035,-257.4861344611,
    -356.2499999999));
#2852 = CARTESIAN_POINT('',(-3.672657811142,-257.6414011371,
    -356.3536160785));
#2853 = CARTESIAN_POINT('',(-3.808430038978,-257.797925146,
    -356.4537820147));
#2854 = CARTESIAN_POINT('',(-3.945450267916,-257.9558879037,
    -356.5499999999));
#2855 = PCURVE('',#2780,#2856);
#2856 = DEFINITIONAL_REPRESENTATION('',(#2857),#2883);
#2857 = B_SPLINE_CURVE_WITH_KNOTS('',3,(#2858,#2859,#2860,#2861,#2862,
    #2863,#2864,#2865,#2866,#2867,#2868,#2869,#2870,#2871,#2872,#2873,
    #2874,#2875,#2876,#2877,#2878,#2879,#2880,#2881,#2882),
  .UNSPECIFIED.,.F.,.F.,(4,1,1,1,1,1,1,1,1,1,1,1,1,1,1,1,1,1,1,1,1,1,4),
  (0.,3.138350478137E-05,6.276700956275E-05,9.415051434412E-05,
    1.255340191255E-04,1.569175239069E-04,1.883010286882E-04,
    2.196845334696E-04,2.51068038251E-04,2.824515430324E-04,
    3.138350478137E-04,3.452185525951E-04,3.766020573765E-04,
    4.079855621578E-04,4.393690669392E-04,4.707525717206E-04,
    5.02136076502E-04,5.335195812833E-04,5.649030860647E-04,
    5.962865908461E-04,6.276700956275E-04,6.590536004088E-04,
    6.904371051902E-04),.UNSPECIFIED.);
#2858 = CARTESIAN_POINT('',(5.754828042889,-2.04281036531E-14));
#2859 = CARTESIAN_POINT('',(5.755561564353,-4.709821658079E-03));
#2860 = CARTESIAN_POINT('',(5.757031031723,-1.411519267918E-02));
#2861 = CARTESIAN_POINT('',(5.759242529526,-2.81801628826E-02));
#2862 = CARTESIAN_POINT('',(5.761461347541,-4.220177776882E-02));
#2863 = CARTESIAN_POINT('',(5.763687509091,-5.617976675917E-02));
#2864 = CARTESIAN_POINT('',(5.765921037402,-7.011385822823E-02));
#2865 = CARTESIAN_POINT('',(5.768161955585,-8.40037793537E-02));
#2866 = CARTESIAN_POINT('',(5.770410286638,-9.784925615284E-02));
#2867 = CARTESIAN_POINT('',(5.77266605344,-0.111650013468));
#2868 = CARTESIAN_POINT('',(5.774929278746,-0.125405774966));
#2869 = CARTESIAN_POINT('',(5.777199985185,-0.139116263136));
#2870 = CARTESIAN_POINT('',(5.779478195255,-0.152781199282));
#2871 = CARTESIAN_POINT('',(5.78176393132,-0.166400303527));
#2872 = CARTESIAN_POINT('',(5.784057215604,-0.179973294803));
#2873 = CARTESIAN_POINT('',(5.786358070187,-0.193499890852));
#2874 = CARTESIAN_POINT('',(5.788666517003,-0.206979808222));
#2875 = CARTESIAN_POINT('',(5.790982577831,-0.220412762265));
#2876 = CARTESIAN_POINT('',(5.793306274297,-0.233798467132));
#2877 = CARTESIAN_POINT('',(5.795637627864,-0.247136635775));
#2878 = CARTESIAN_POINT('',(5.797976659832,-0.260426979945));
#2879 = CARTESIAN_POINT('',(5.800323391325,-0.273669210158));
#2880 = CARTESIAN_POINT('',(5.802677843312,-0.28686303584));
#2881 = CARTESIAN_POINT('',(5.80425263878,-0.295626455116));
#2882 = CARTESIAN_POINT('',(5.805041330181,-0.3));
#2883 = ( GEOMETRIC_REPRESENTATION_CONTEXT(2) 
PARAMETRIC_REPRESENTATION_CONTEXT() REPRESENTATION_CONTEXT('2D SPACE',''
  ) );
#2884 = PCURVE('',#2749,#2885);
#2885 = DEFINITIONAL_REPRESENTATION('',(#2886),#2891);
#2886 = B_SPLINE_CURVE_WITH_KNOTS('',3,(#2887,#2888,#2889,#2890),
  .UNSPECIFIED.,.F.,.F.,(4,4),(0.,6.904371051902E-04),
  .PIECEWISE_BEZIER_KNOTS.);
#2887 = CARTESIAN_POINT('',(0.3,5.878758169801));
#2888 = CARTESIAN_POINT('',(0.1963839214,6.084298607609));
#2889 = CARTESIAN_POINT('',(9.621798520004E-02,6.291503489787));
#2890 = CARTESIAN_POINT('',(0.,6.500612972968));
#2891 = ( GEOMETRIC_REPRESENTATION_CONTEXT(2) 
PARAMETRIC_REPRESENTATION_CONTEXT() REPRESENTATION_CONTEXT('2D SPACE',''
  ) );
#2892 = ORIENTED_EDGE('',*,*,#2893,.F.);
#2893 = EDGE_CURVE('',#2799,#2847,#2894,.T.);
#2894 = SURFACE_CURVE('',#2895,(#2900,#2907),.PCURVE_S1.);
#2895 = CIRCLE('',#2896,11.);
#2896 = AXIS2_PLACEMENT_3D('',#2897,#2898,#2899);
#2897 = CARTESIAN_POINT('',(4.819932363006E-03,-267.899999998,
    -356.2499999999));
#2898 = DIRECTION('',(-3.064104139906E-16,-8.673617379884E-16,1.));
#2899 = DIRECTION('',(-0.755406953765,0.655255930307,3.368793651039E-16)
  );
#2900 = PCURVE('',#2780,#2901);
#2901 = DEFINITIONAL_REPRESENTATION('',(#2902),#2906);
#2902 = LINE('',#2903,#2904);
#2903 = CARTESIAN_POINT('',(-8.881784197001E-16,-7.845161234849E-14));
#2904 = VECTOR('',#2905,1.);
#2905 = DIRECTION('',(1.,1.363231216707E-14));
#2906 = ( GEOMETRIC_REPRESENTATION_CONTEXT(2) 
PARAMETRIC_REPRESENTATION_CONTEXT() REPRESENTATION_CONTEXT('2D SPACE',''
  ) );
#2907 = PCURVE('',#2908,#2913);
#2908 = CYLINDRICAL_SURFACE('',#2909,11.);
#2909 = AXIS2_PLACEMENT_3D('',#2910,#2911,#2912);
#2910 = CARTESIAN_POINT('',(4.819932363006E-03,-267.899999998,
    -351.0499999999));
#2911 = DIRECTION('',(-3.064104139906E-16,-8.673617379884E-16,1.));
#2912 = DIRECTION('',(-0.755406953765,0.655255930307,3.368793651039E-16)
  );
#2913 = DEFINITIONAL_REPRESENTATION('',(#2914),#2918);
#2914 = LINE('',#2915,#2916);
#2915 = CARTESIAN_POINT('',(-8.881784197001E-16,-5.2));
#2916 = VECTOR('',#2917,1.);
#2917 = DIRECTION('',(1.,2.726462433412E-14));
#2918 = ( GEOMETRIC_REPRESENTATION_CONTEXT(2) 
PARAMETRIC_REPRESENTATION_CONTEXT() REPRESENTATION_CONTEXT('2D SPACE',''
  ) );
#2919 = ADVANCED_FACE('',(#2920),#2908,.T.);
#2920 = FACE_BOUND('',#2921,.T.);
#2921 = EDGE_LOOP('',(#2922,#2945,#2946,#2969));
#2922 = ORIENTED_EDGE('',*,*,#2923,.F.);
#2923 = EDGE_CURVE('',#2799,#2924,#2926,.T.);
#2924 = VERTEX_POINT('',#2925);
#2925 = CARTESIAN_POINT('',(10.81475590119,-269.935997137,
    -351.5499999999));
#2926 = SURFACE_CURVE('',#2927,(#2931,#2938),.PCURVE_S1.);
#2927 = LINE('',#2928,#2929);
#2928 = CARTESIAN_POINT('',(10.81475590119,-269.935997137,
    -351.0499999999));
#2929 = VECTOR('',#2930,1.);
#2930 = DIRECTION('',(-3.064104139906E-16,-8.673617379884E-16,1.));
#2931 = PCURVE('',#2908,#2932);
#2932 = DEFINITIONAL_REPRESENTATION('',(#2933),#2937);
#2933 = LINE('',#2934,#2935);
#2934 = CARTESIAN_POINT('',(3.66994991788,-5.684341886081E-14));
#2935 = VECTOR('',#2936,1.);
#2936 = DIRECTION('',(0.,1.));
#2937 = ( GEOMETRIC_REPRESENTATION_CONTEXT(2) 
PARAMETRIC_REPRESENTATION_CONTEXT() REPRESENTATION_CONTEXT('2D SPACE',''
  ) );
#2938 = PCURVE('',#2688,#2939);
#2939 = DEFINITIONAL_REPRESENTATION('',(#2940),#2944);
#2940 = LINE('',#2941,#2942);
#2941 = CARTESIAN_POINT('',(-5.878758169797,5.5));
#2942 = VECTOR('',#2943,1.);
#2943 = DIRECTION('',(3.602974273177E-27,1.));
#2944 = ( GEOMETRIC_REPRESENTATION_CONTEXT(2) 
PARAMETRIC_REPRESENTATION_CONTEXT() REPRESENTATION_CONTEXT('2D SPACE',''
  ) );
#2945 = ORIENTED_EDGE('',*,*,#2893,.T.);
#2946 = ORIENTED_EDGE('',*,*,#2947,.T.);
#2947 = EDGE_CURVE('',#2847,#2948,#2950,.T.);
#2948 = VERTEX_POINT('',#2949);
#2949 = CARTESIAN_POINT('',(-3.53797622035,-257.4861344611,
    -351.5499999999));
#2950 = SURFACE_CURVE('',#2951,(#2955,#2962),.PCURVE_S1.);
#2951 = LINE('',#2952,#2953);
#2952 = CARTESIAN_POINT('',(-3.53797622035,-257.4861344611,
    -351.0499999999));
#2953 = VECTOR('',#2954,1.);
#2954 = DIRECTION('',(-3.064104139906E-16,-8.673617379884E-16,1.));
#2955 = PCURVE('',#2908,#2956);
#2956 = DEFINITIONAL_REPRESENTATION('',(#2957),#2961);
#2957 = LINE('',#2958,#2959);
#2958 = CARTESIAN_POINT('',(5.754828042889,0.));
#2959 = VECTOR('',#2960,1.);
#2960 = DIRECTION('',(0.,1.));
#2961 = ( GEOMETRIC_REPRESENTATION_CONTEXT(2) 
PARAMETRIC_REPRESENTATION_CONTEXT() REPRESENTATION_CONTEXT('2D SPACE',''
  ) );
#2962 = PCURVE('',#2749,#2963);
#2963 = DEFINITIONAL_REPRESENTATION('',(#2964),#2968);
#2964 = LINE('',#2965,#2966);
#2965 = CARTESIAN_POINT('',(5.5,5.878758169801));
#2966 = VECTOR('',#2967,1.);
#2967 = DIRECTION('',(1.,4.535950205021E-29));
#2968 = ( GEOMETRIC_REPRESENTATION_CONTEXT(2) 
PARAMETRIC_REPRESENTATION_CONTEXT() REPRESENTATION_CONTEXT('2D SPACE',''
  ) );
#2969 = ORIENTED_EDGE('',*,*,#2970,.T.);
#2970 = EDGE_CURVE('',#2948,#2924,#2971,.T.);
#2971 = SURFACE_CURVE('',#2972,(#2977,#2984),.PCURVE_S1.);
#2972 = CIRCLE('',#2973,11.);
#2973 = AXIS2_PLACEMENT_3D('',#2974,#2975,#2976);
#2974 = CARTESIAN_POINT('',(4.819932363006E-03,-267.899999998,
    -351.5499999999));
#2975 = DIRECTION('',(3.064104139906E-16,8.673617379884E-16,-1.));
#2976 = DIRECTION('',(0.755406953765,-0.655255930307,-3.368793651039E-16
    ));
#2977 = PCURVE('',#2908,#2978);
#2978 = DEFINITIONAL_REPRESENTATION('',(#2979),#2983);
#2979 = LINE('',#2980,#2981);
#2980 = CARTESIAN_POINT('',(9.424777960769,-0.5));
#2981 = VECTOR('',#2982,1.);
#2982 = DIRECTION('',(-1.,-2.726462433412E-14));
#2983 = ( GEOMETRIC_REPRESENTATION_CONTEXT(2) 
PARAMETRIC_REPRESENTATION_CONTEXT() REPRESENTATION_CONTEXT('2D SPACE',''
  ) );
#2984 = PCURVE('',#2985,#2990);
#2985 = CONICAL_SURFACE('',#2986,10.5,0.785398163397);
#2986 = AXIS2_PLACEMENT_3D('',#2987,#2988,#2989);
#2987 = CARTESIAN_POINT('',(4.819932363006E-03,-267.899999998,
    -351.0499999999));
#2988 = DIRECTION('',(3.064104139906E-16,8.673617379884E-16,-1.));
#2989 = DIRECTION('',(0.755406953765,-0.655255930307,-3.368793651039E-16
    ));
#2990 = DEFINITIONAL_REPRESENTATION('',(#2991),#2995);
#2991 = LINE('',#2992,#2993);
#2992 = CARTESIAN_POINT('',(-8.881784197001E-16,0.5));
#2993 = VECTOR('',#2994,1.);
#2994 = DIRECTION('',(1.,1.107036371373E-14));
#2995 = ( GEOMETRIC_REPRESENTATION_CONTEXT(2) 
PARAMETRIC_REPRESENTATION_CONTEXT() REPRESENTATION_CONTEXT('2D SPACE',''
  ) );
#2996 = ADVANCED_FACE('',(#2997),#2985,.T.);
#2997 = FACE_BOUND('',#2998,.T.);
#2998 = EDGE_LOOP('',(#2999,#3051,#3052,#3104));
#2999 = ORIENTED_EDGE('',*,*,#3000,.T.);
#3000 = EDGE_CURVE('',#3001,#2924,#3003,.T.);
#3001 = VERTEX_POINT('',#3002);
#3002 = CARTESIAN_POINT('',(10.34732079916,-269.7118156123,
    -351.0499999999));
#3003 = SURFACE_CURVE('',#3004,(#3009,#3038),.PCURVE_S1.);
#3004 = B_SPLINE_CURVE_WITH_KNOTS('',3,(#3005,#3006,#3007,#3008),
  .UNSPECIFIED.,.F.,.F.,(4,4),(-7.202450489961E-04,0.),
  .PIECEWISE_BEZIER_KNOTS.);
#3005 = CARTESIAN_POINT('',(10.34732079916,-269.7118156123,
    -351.0499999999));
#3006 = CARTESIAN_POINT('',(10.50343972363,-269.7860722504,
    -351.2165904236));
#3007 = CARTESIAN_POINT('',(10.65924410836,-269.8608106302,
    -351.3832589058));
#3008 = CARTESIAN_POINT('',(10.81475590119,-269.935997137,
    -351.5499999999));
#3009 = PCURVE('',#2985,#3010);
#3010 = DEFINITIONAL_REPRESENTATION('',(#3011),#3037);
#3011 = B_SPLINE_CURVE_WITH_KNOTS('',3,(#3012,#3013,#3014,#3015,#3016,
    #3017,#3018,#3019,#3020,#3021,#3022,#3023,#3024,#3025,#3026,#3027,
    #3028,#3029,#3030,#3031,#3032,#3033,#3034,#3035,#3036),
  .UNSPECIFIED.,.F.,.F.,(4,1,1,1,1,1,1,1,1,1,1,1,1,1,1,1,1,1,1,1,1,1,4),
  (-7.202450489961E-04,-6.875066376781E-04,-6.547682263601E-04,
    -6.220298150421E-04,-5.892914037241E-04,-5.565529924061E-04,
    -5.238145810881E-04,-4.910761697701E-04,-4.583377584521E-04,
    -4.255993471341E-04,-3.928609358161E-04,-3.601225244981E-04,
    -3.2738411318E-04,-2.94645701862E-04,-2.61907290544E-04,
    -2.29168879226E-04,-1.96430467908E-04,-1.6369205659E-04,
    -1.30953645272E-04,-9.821523395401E-05,-6.547682263601E-05,
    -3.2738411318E-05,0.),.UNSPECIFIED.);
#3012 = CARTESIAN_POINT('',(5.742085781223,-1.669775429036E-12));
#3013 = CARTESIAN_POINT('',(5.74228579797,7.572291985866E-03));
#3014 = CARTESIAN_POINT('',(5.742685174119,2.271719895406E-02));
#3015 = CARTESIAN_POINT('',(5.74328227703,4.543552499792E-02));
#3016 = CARTESIAN_POINT('',(5.743877429385,6.815481323132E-02));
#3017 = CARTESIAN_POINT('',(5.744470641813,9.0875060302E-02));
#3018 = CARTESIAN_POINT('',(5.74506192486,0.11359626289));
#3019 = CARTESIAN_POINT('',(5.745651288981,0.136318417712));
#3020 = CARTESIAN_POINT('',(5.74623874454,0.159041521519));
#3021 = CARTESIAN_POINT('',(5.746824301815,0.181765571098));
#3022 = CARTESIAN_POINT('',(5.747407970993,0.204490563267));
#3023 = CARTESIAN_POINT('',(5.747989762177,0.227216494881));
#3024 = CARTESIAN_POINT('',(5.748569685382,0.249943362826));
#3025 = CARTESIAN_POINT('',(5.749147750539,0.272671164022));
#3026 = CARTESIAN_POINT('',(5.749723967494,0.295399895422));
#3027 = CARTESIAN_POINT('',(5.750298346013,0.318129554008));
#3028 = CARTESIAN_POINT('',(5.750870895775,0.340860136797));
#3029 = CARTESIAN_POINT('',(5.75144162638,0.363591640836));
#3030 = CARTESIAN_POINT('',(5.752010547348,0.386324063202));
#3031 = CARTESIAN_POINT('',(5.752577668118,0.409057401004));
#3032 = CARTESIAN_POINT('',(5.75314299805,0.431791651378));
#3033 = CARTESIAN_POINT('',(5.753706546424,0.454526811494));
#3034 = CARTESIAN_POINT('',(5.754268322453,0.477262878546));
#3035 = CARTESIAN_POINT('',(5.754641664311,0.49242085936));
#3036 = CARTESIAN_POINT('',(5.75482804289,0.5));
#3037 = ( GEOMETRIC_REPRESENTATION_CONTEXT(2) 
PARAMETRIC_REPRESENTATION_CONTEXT() REPRESENTATION_CONTEXT('2D SPACE',''
  ) );
#3038 = PCURVE('',#3039,#3044);
#3039 = PLANE('',#3040);
#3040 = AXIS2_PLACEMENT_3D('',#3041,#3042,#3043);
#3041 = CARTESIAN_POINT('',(6.993749524492,-273.9623449882,
    -351.3018735195));
#3042 = DIRECTION('',(0.534153379561,-0.463335911731,0.707106781189));
#3043 = DIRECTION('',(0.279279243928,0.8861827311,0.369707006981));
#3044 = DEFINITIONAL_REPRESENTATION('',(#3045),#3050);
#3045 = B_SPLINE_CURVE_WITH_KNOTS('',3,(#3046,#3047,#3048,#3049),
  .UNSPECIFIED.,.F.,.F.,(4,4),(-7.202450489961E-04,0.),
  .PIECEWISE_BEZIER_KNOTS.);
#3046 = CARTESIAN_POINT('',(4.796447986098,-2.524077506027));
#3047 = CARTESIAN_POINT('',(4.712654164026,-2.749062242233));
#3048 = CARTESIAN_POINT('',(4.628316727544,-2.973843049875));
#3049 = CARTESIAN_POINT('',(4.543473608708,-3.19843415869));
#3050 = ( GEOMETRIC_REPRESENTATION_CONTEXT(2) 
PARAMETRIC_REPRESENTATION_CONTEXT() REPRESENTATION_CONTEXT('2D SPACE',''
  ) );
#3051 = ORIENTED_EDGE('',*,*,#2970,.F.);
#3052 = ORIENTED_EDGE('',*,*,#3053,.T.);
#3053 = EDGE_CURVE('',#2948,#3054,#3056,.T.);
#3054 = VERTEX_POINT('',#3055);
#3055 = CARTESIAN_POINT('',(-3.250004368612,-257.9172088668,
    -351.0499999999));
#3056 = SURFACE_CURVE('',#3057,(#3062,#3091),.PCURVE_S1.);
#3057 = B_SPLINE_CURVE_WITH_KNOTS('',3,(#3058,#3059,#3060,#3061),
  .UNSPECIFIED.,.F.,.F.,(4,4),(-7.202450489961E-04,-8.673617379884E-19),
  .PIECEWISE_BEZIER_KNOTS.);
#3058 = CARTESIAN_POINT('',(-3.53797622035,-257.4861344611,
    -351.5499999999));
#3059 = CARTESIAN_POINT('',(-3.441573249195,-257.6294641359,
    -351.3832589058));
#3060 = CARTESIAN_POINT('',(-3.345572573003,-257.7731467788,
    -351.2165904236));
#3061 = CARTESIAN_POINT('',(-3.250004368612,-257.9172088668,
    -351.0499999999));
#3062 = PCURVE('',#2985,#3063);
#3063 = DEFINITIONAL_REPRESENTATION('',(#3064),#3090);
#3064 = B_SPLINE_CURVE_WITH_KNOTS('',3,(#3065,#3066,#3067,#3068,#3069,
    #3070,#3071,#3072,#3073,#3074,#3075,#3076,#3077,#3078,#3079,#3080,
    #3081,#3082,#3083,#3084,#3085,#3086,#3087,#3088,#3089),
  .UNSPECIFIED.,.F.,.F.,(4,1,1,1,1,1,1,1,1,1,1,1,1,1,1,1,1,1,1,1,1,1,4),
  (-7.202450489961E-04,-6.875066376781E-04,-6.547682263601E-04,
    -6.220298150421E-04,-5.892914037241E-04,-5.565529924061E-04,
    -5.238145810881E-04,-4.910761697701E-04,-4.583377584521E-04,
    -4.255993471341E-04,-3.928609358161E-04,-3.601225244981E-04,
    -3.2738411318E-04,-2.94645701862E-04,-2.61907290544E-04,
    -2.29168879226E-04,-1.96430467908E-04,-1.6369205659E-04,
    -1.30953645272E-04,-9.821523395401E-05,-6.547682263601E-05,
    -3.273841131801E-05,-8.673617379884E-19),.UNSPECIFIED.);
#3065 = CARTESIAN_POINT('',(3.66994991788,0.5));
#3066 = CARTESIAN_POINT('',(3.670136296458,0.492420859361));
#3067 = CARTESIAN_POINT('',(3.670509638317,0.477262878547));
#3068 = CARTESIAN_POINT('',(3.671071414345,0.454526811495));
#3069 = CARTESIAN_POINT('',(3.67163496272,0.43179165138));
#3070 = CARTESIAN_POINT('',(3.672200292652,0.409057401006));
#3071 = CARTESIAN_POINT('',(3.672767413422,0.386324063205));
#3072 = CARTESIAN_POINT('',(3.67333633439,0.363591640839));
#3073 = CARTESIAN_POINT('',(3.673907064995,0.3408601368));
#3074 = CARTESIAN_POINT('',(3.674479614757,0.318129554011));
#3075 = CARTESIAN_POINT('',(3.675053993275,0.295399895425));
#3076 = CARTESIAN_POINT('',(3.675630210231,0.272671164025));
#3077 = CARTESIAN_POINT('',(3.676208275388,0.249943362829));
#3078 = CARTESIAN_POINT('',(3.676788198593,0.227216494884));
#3079 = CARTESIAN_POINT('',(3.677369989776,0.20449056327));
#3080 = CARTESIAN_POINT('',(3.677953658955,0.1817655711));
#3081 = CARTESIAN_POINT('',(3.678539216229,0.159041521522));
#3082 = CARTESIAN_POINT('',(3.679126671789,0.136318417715));
#3083 = CARTESIAN_POINT('',(3.67971603591,0.113596262893));
#3084 = CARTESIAN_POINT('',(3.680307318957,9.087506030423E-02));
#3085 = CARTESIAN_POINT('',(3.680900531385,6.815481323344E-02));
#3086 = CARTESIAN_POINT('',(3.681495683739,4.543552499997E-02));
#3087 = CARTESIAN_POINT('',(3.682092786651,2.271719895582E-02));
#3088 = CARTESIAN_POINT('',(3.6824921628,7.572291987547E-03));
#3089 = CARTESIAN_POINT('',(3.682692179547,4.174438572591E-14));
#3090 = ( GEOMETRIC_REPRESENTATION_CONTEXT(2) 
PARAMETRIC_REPRESENTATION_CONTEXT() REPRESENTATION_CONTEXT('2D SPACE',''
  ) );
#3091 = PCURVE('',#3092,#3097);
#3092 = PLANE('',#3093);
#3093 = AXIS2_PLACEMENT_3D('',#3094,#3095,#3096);
#3094 = CARTESIAN_POINT('',(-6.793842651525,-262.0026966252,
    -351.0499999999));
#3095 = DIRECTION('',(0.534153379563,-0.463335911733,-0.707106781187));
#3096 = DIRECTION('',(0.655255930307,0.755406953765,3.863576125696E-14)
  );
#3097 = DEFINITIONAL_REPRESENTATION('',(#3098),#3103);
#3098 = B_SPLINE_CURVE_WITH_KNOTS('',3,(#3099,#3100,#3101,#3102),
  .UNSPECIFIED.,.F.,.F.,(4,4),(-7.202450489961E-04,-8.673617379884E-19),
  .PIECEWISE_BEZIER_KNOTS.);
#3099 = CARTESIAN_POINT('',(5.545268253204,-0.707106781186));
#3100 = CARTESIAN_POINT('',(5.500164638775,-0.47129926448));
#3101 = CARTESIAN_POINT('',(5.454530783531,-0.235594436499));
#3102 = CARTESIAN_POINT('',(5.408326913196,5.400124791777E-13));
#3103 = ( GEOMETRIC_REPRESENTATION_CONTEXT(2) 
PARAMETRIC_REPRESENTATION_CONTEXT() REPRESENTATION_CONTEXT('2D SPACE',''
  ) );
#3104 = ORIENTED_EDGE('',*,*,#3105,.F.);
#3105 = EDGE_CURVE('',#3001,#3054,#3106,.T.);
#3106 = SURFACE_CURVE('',#3107,(#3112,#3119),.PCURVE_S1.);
#3107 = CIRCLE('',#3108,10.5);
#3108 = AXIS2_PLACEMENT_3D('',#3109,#3110,#3111);
#3109 = CARTESIAN_POINT('',(4.819932363006E-03,-267.899999998,
    -351.0499999999));
#3110 = DIRECTION('',(-3.064104139906E-16,-8.673617379884E-16,1.));
#3111 = DIRECTION('',(0.755406953765,-0.655255930307,-3.368793651039E-16
    ));
#3112 = PCURVE('',#2985,#3113);
#3113 = DEFINITIONAL_REPRESENTATION('',(#3114),#3118);
#3114 = LINE('',#3115,#3116);
#3115 = CARTESIAN_POINT('',(6.28318530718,3.561077607267E-14));
#3116 = VECTOR('',#3117,1.);
#3117 = DIRECTION('',(-1.,-1.164460126147E-14));
#3118 = ( GEOMETRIC_REPRESENTATION_CONTEXT(2) 
PARAMETRIC_REPRESENTATION_CONTEXT() REPRESENTATION_CONTEXT('2D SPACE',''
  ) );
#3119 = PCURVE('',#3120,#3125);
#3120 = PLANE('',#3121);
#3121 = AXIS2_PLACEMENT_3D('',#3122,#3123,#3124);
#3122 = CARTESIAN_POINT('',(-8.304656559056,-260.6921847646,
    -351.0499999999));
#3123 = DIRECTION('',(3.064104139906E-16,8.673617379884E-16,-1.));
#3124 = DIRECTION('',(-0.655255930307,-0.755406953765,
    -8.559883291817E-16));
#3125 = DEFINITIONAL_REPRESENTATION('',(#3126),#3134);
#3126 = ( BOUNDED_CURVE() B_SPLINE_CURVE(2,(#3127,#3128,#3129,#3130,
#3131,#3132,#3133),.UNSPECIFIED.,.T.,.F.) B_SPLINE_CURVE_WITH_KNOTS((1,2
    ,2,2,2,1),(-2.094395102393,0.,2.094395102393,4.188790204786,
6.28318530718,8.377580409573),.UNSPECIFIED.) CURVE() 
GEOMETRIC_REPRESENTATION_ITEM() RATIONAL_B_SPLINE_CURVE((1.,0.5,1.,0.5,
1.,0.5,1.)) REPRESENTATION_ITEM('') );
#3127 = CARTESIAN_POINT('',(1.152855588771E-12,-21.5));
#3128 = CARTESIAN_POINT('',(-18.18653347947,-21.5));
#3129 = CARTESIAN_POINT('',(-9.093266739735,-5.750000000001));
#3130 = CARTESIAN_POINT('',(1.150283830493E-12,9.999999999999));
#3131 = CARTESIAN_POINT('',(9.093266739738,-5.750000000001));
#3132 = CARTESIAN_POINT('',(18.186533479474,-21.5));
#3133 = CARTESIAN_POINT('',(1.152855588771E-12,-21.5));
#3134 = ( GEOMETRIC_REPRESENTATION_CONTEXT(2) 
PARAMETRIC_REPRESENTATION_CONTEXT() REPRESENTATION_CONTEXT('2D SPACE',''
  ) );
#3135 = ADVANCED_FACE('',(#3136),#3120,.F.);
#3136 = FACE_BOUND('',#3137,.F.);
#3137 = EDGE_LOOP('',(#3138,#3161,#3189,#3218,#3239));
#3138 = ORIENTED_EDGE('',*,*,#3139,.F.);
#3139 = EDGE_CURVE('',#3140,#3001,#3142,.T.);
#3140 = VERTEX_POINT('',#3141);
#3141 = CARTESIAN_POINT('',(8.312240170637,-272.0579432659,
    -351.0499999999));
#3142 = SURFACE_CURVE('',#3143,(#3147,#3154),.PCURVE_S1.);
#3143 = LINE('',#3144,#3145);
#3144 = CARTESIAN_POINT('',(10.4370524243,-269.6083691718,
    -351.0499999999));
#3145 = VECTOR('',#3146,1.);
#3146 = DIRECTION('',(0.655255930307,0.755406953765,8.559883291853E-16)
  );
#3147 = PCURVE('',#3120,#3148);
#3148 = DEFINITIONAL_REPRESENTATION('',(#3149),#3153);
#3149 = LINE('',#3150,#3151);
#3150 = CARTESIAN_POINT('',(-5.545268253197,-19.99999999999));
#3151 = VECTOR('',#3152,1.);
#3152 = DIRECTION('',(-1.,0.));
#3153 = ( GEOMETRIC_REPRESENTATION_CONTEXT(2) 
PARAMETRIC_REPRESENTATION_CONTEXT() REPRESENTATION_CONTEXT('2D SPACE',''
  ) );
#3154 = PCURVE('',#3039,#3155);
#3155 = DEFINITIONAL_REPRESENTATION('',(#3156),#3160);
#3156 = LINE('',#3157,#3158);
#3157 = CARTESIAN_POINT('',(4.913180615689,-2.595676554843));
#3158 = VECTOR('',#3159,1.);
#3159 = DIRECTION('',(0.852427978175,-0.522844663379));
#3160 = ( GEOMETRIC_REPRESENTATION_CONTEXT(2) 
PARAMETRIC_REPRESENTATION_CONTEXT() REPRESENTATION_CONTEXT('2D SPACE',''
  ) );
#3161 = ORIENTED_EDGE('',*,*,#3162,.F.);
#3162 = EDGE_CURVE('',#3163,#3140,#3165,.T.);
#3163 = VERTEX_POINT('',#3164);
#3164 = CARTESIAN_POINT('',(9.80451819305,-264.5700729719,
    -351.0499999999));
#3165 = SURFACE_CURVE('',#3166,(#3170,#3177),.PCURVE_S1.);
#3166 = LINE('',#3167,#3168);
#3167 = CARTESIAN_POINT('',(8.79188688561,-269.6511984538,
    -351.0499999999));
#3168 = VECTOR('',#3169,1.);
#3169 = DIRECTION('',(-0.195449126972,-0.980713841427,-9.10521309876E-16
    ));
#3170 = PCURVE('',#3120,#3171);
#3171 = DEFINITIONAL_REPRESENTATION('',(#3172),#3176);
#3172 = LINE('',#3173,#3174);
#3173 = CARTESIAN_POINT('',(-4.43491024021,-18.78529465297));
#3174 = VECTOR('',#3175,1.);
#3175 = DIRECTION('',(0.868907254989,-0.494974930907));
#3176 = ( GEOMETRIC_REPRESENTATION_CONTEXT(2) 
PARAMETRIC_REPRESENTATION_CONTEXT() REPRESENTATION_CONTEXT('2D SPACE',''
  ) );
#3177 = PCURVE('',#3178,#3183);
#3178 = PLANE('',#3179);
#3179 = AXIS2_PLACEMENT_3D('',#3180,#3181,#3182);
#3180 = CARTESIAN_POINT('',(8.79188688561,-269.6511984538,
    -351.0499999999));
#3181 = DIRECTION('',(-0.693469407676,0.138203403059,0.707106781187));
#3182 = DIRECTION('',(0.195438413836,0.980715976355,-1.092379087284E-05)
  );
#3183 = DEFINITIONAL_REPRESENTATION('',(#3184),#3188);
#3184 = LINE('',#3185,#3186);
#3185 = CARTESIAN_POINT('',(0.,0.));
#3186 = VECTOR('',#3187,1.);
#3187 = DIRECTION('',(-0.999999999881,1.544857299376E-05));
#3188 = ( GEOMETRIC_REPRESENTATION_CONTEXT(2) 
PARAMETRIC_REPRESENTATION_CONTEXT() REPRESENTATION_CONTEXT('2D SPACE',''
  ) );
#3189 = ORIENTED_EDGE('',*,*,#3190,.F.);
#3190 = EDGE_CURVE('',#3191,#3163,#3193,.T.);
#3191 = VERTEX_POINT('',#3192);
#3192 = CARTESIAN_POINT('',(-3.444818117394,-258.1417984564,
    -351.0499999999));
#3193 = SURFACE_CURVE('',#3194,(#3199,#3206),.PCURVE_S1.);
#3194 = CIRCLE('',#3195,10.35);
#3195 = AXIS2_PLACEMENT_3D('',#3196,#3197,#3198);
#3196 = CARTESIAN_POINT('',(4.819932363006E-03,-267.899999998,
    -351.0499999999));
#3197 = DIRECTION('',(0.,0.,-1.));
#3198 = DIRECTION('',(-0.333298362295,0.942821404981,0.));
#3199 = PCURVE('',#3120,#3200);
#3200 = DEFINITIONAL_REPRESENTATION('',(#3201),#3205);
#3201 = CIRCLE('',#3202,10.35);
#3202 = AXIS2_PLACEMENT_2D('',#3203,#3204);
#3203 = CARTESIAN_POINT('',(1.143973804574E-12,-11.));
#3204 = DIRECTION('',(-0.493818117026,0.869565217391));
#3205 = ( GEOMETRIC_REPRESENTATION_CONTEXT(2) 
PARAMETRIC_REPRESENTATION_CONTEXT() REPRESENTATION_CONTEXT('2D SPACE',''
  ) );
#3206 = PCURVE('',#3207,#3212);
#3207 = CONICAL_SURFACE('',#3208,10.35,0.785398163397);
#3208 = AXIS2_PLACEMENT_3D('',#3209,#3210,#3211);
#3209 = CARTESIAN_POINT('',(4.819932363006E-03,-267.899999998,
    -351.0499999999));
#3210 = DIRECTION('',(-3.064104139906E-16,-8.673617379884E-16,1.));
#3211 = DIRECTION('',(0.195438413848,0.980715976413,9.105198790718E-16)
  );
#3212 = DEFINITIONAL_REPRESENTATION('',(#3213),#3217);
#3213 = LINE('',#3214,#3215);
#3214 = CARTESIAN_POINT('',(6.819689589229,9.106473535955E-16));
#3215 = VECTOR('',#3216,1.);
#3216 = DIRECTION('',(-1.,-1.697372013726E-15));
#3217 = ( GEOMETRIC_REPRESENTATION_CONTEXT(2) 
PARAMETRIC_REPRESENTATION_CONTEXT() REPRESENTATION_CONTEXT('2D SPACE',''
  ) );
#3218 = ORIENTED_EDGE('',*,*,#3219,.F.);
#3219 = EDGE_CURVE('',#3054,#3191,#3220,.T.);
#3220 = SURFACE_CURVE('',#3221,(#3225,#3232),.PCURVE_S1.);
#3221 = LINE('',#3222,#3223);
#3222 = CARTESIAN_POINT('',(-6.793842651525,-262.0026966252,
    -351.0499999999));
#3223 = VECTOR('',#3224,1.);
#3224 = DIRECTION('',(-0.655255930307,-0.755406953765,
    -8.559883291853E-16));
#3225 = PCURVE('',#3120,#3226);
#3226 = DEFINITIONAL_REPRESENTATION('',(#3227),#3231);
#3227 = LINE('',#3228,#3229);
#3228 = CARTESIAN_POINT('',(9.847678228425E-14,-2.));
#3229 = VECTOR('',#3230,1.);
#3230 = DIRECTION('',(1.,0.));
#3231 = ( GEOMETRIC_REPRESENTATION_CONTEXT(2) 
PARAMETRIC_REPRESENTATION_CONTEXT() REPRESENTATION_CONTEXT('2D SPACE',''
  ) );
#3232 = PCURVE('',#3092,#3233);
#3233 = DEFINITIONAL_REPRESENTATION('',(#3234),#3238);
#3234 = LINE('',#3235,#3236);
#3235 = CARTESIAN_POINT('',(0.,0.));
#3236 = VECTOR('',#3237,1.);
#3237 = DIRECTION('',(-1.,2.675637489347E-14));
#3238 = ( GEOMETRIC_REPRESENTATION_CONTEXT(2) 
PARAMETRIC_REPRESENTATION_CONTEXT() REPRESENTATION_CONTEXT('2D SPACE',''
  ) );
#3239 = ORIENTED_EDGE('',*,*,#3105,.F.);
#3240 = ADVANCED_FACE('',(#3241),#3207,.T.);
#3241 = FACE_BOUND('',#3242,.T.);
#3242 = EDGE_LOOP('',(#3243,#3271,#3326,#3355,#3399));
#3243 = ORIENTED_EDGE('',*,*,#3244,.F.);
#3244 = EDGE_CURVE('',#3245,#3191,#3247,.T.);
#3245 = VERTEX_POINT('',#3246);
#3246 = CARTESIAN_POINT('',(-7.769764981336,-261.0678459146,
    -351.0499999999));
#3247 = SURFACE_CURVE('',#3248,(#3253,#3259),.PCURVE_S1.);
#3248 = CIRCLE('',#3249,10.35);
#3249 = AXIS2_PLACEMENT_3D('',#3250,#3251,#3252);
#3250 = CARTESIAN_POINT('',(4.819932363006E-03,-267.899999998,
    -351.0499999999));
#3251 = DIRECTION('',(3.064104139906E-16,8.673617379884E-16,-1.));
#3252 = DIRECTION('',(-0.195438413848,-0.980715976413,
    -9.105198790718E-16));
#3253 = PCURVE('',#3207,#3254);
#3254 = DEFINITIONAL_REPRESENTATION('',(#3255),#3258);
#3255 = B_SPLINE_CURVE_WITH_KNOTS('',1,(#3256,#3257),.UNSPECIFIED.,.F.,
  .F.,(2,2),(2.095059056338,2.60508837154),.PIECEWISE_BEZIER_KNOTS.);
#3256 = CARTESIAN_POINT('',(7.329718904432,1.7763568394E-15));
#3257 = CARTESIAN_POINT('',(6.819689589229,9.106473535955E-16));
#3258 = ( GEOMETRIC_REPRESENTATION_CONTEXT(2) 
PARAMETRIC_REPRESENTATION_CONTEXT() REPRESENTATION_CONTEXT('2D SPACE',''
  ) );
#3259 = PCURVE('',#3260,#3265);
#3260 = PLANE('',#3261);
#3261 = AXIS2_PLACEMENT_3D('',#3262,#3263,#3264);
#3262 = CARTESIAN_POINT('',(9.989620026005E-03,-267.8740583462,
    -351.0499999999));
#3263 = DIRECTION('',(0.,0.,-1.));
#3264 = DIRECTION('',(0.,1.,0.));
#3265 = DEFINITIONAL_REPRESENTATION('',(#3266),#3270);
#3266 = CIRCLE('',#3267,10.35);
#3267 = AXIS2_PLACEMENT_2D('',#3268,#3269);
#3268 = CARTESIAN_POINT('',(-2.5941651824E-02,-5.169687662999E-03));
#3269 = DIRECTION('',(-0.980715976413,-0.195438413848));
#3270 = ( GEOMETRIC_REPRESENTATION_CONTEXT(2) 
PARAMETRIC_REPRESENTATION_CONTEXT() REPRESENTATION_CONTEXT('2D SPACE',''
  ) );
#3271 = ORIENTED_EDGE('',*,*,#3272,.T.);
#3272 = EDGE_CURVE('',#3245,#3273,#3275,.T.);
#3273 = VERTEX_POINT('',#3274);
#3274 = CARTESIAN_POINT('',(-8.234237265973,-260.8402240467,
    -350.5499999999));
#3275 = SURFACE_CURVE('',#3276,(#3281,#3310),.PCURVE_S1.);
#3276 = CIRCLE('',#3277,157.23068867982);
#3277 = AXIS2_PLACEMENT_3D('',#3278,#3279,#3280);
#3278 = CARTESIAN_POINT('',(-58.28004345533,-408.5156086317,
    -330.3290323362));
#3279 = DIRECTION('',(0.69347242692,-0.138188252399,0.707106781187));
#3280 = DIRECTION('',(0.321249489512,0.937779793214,-0.131787043851));
#3281 = PCURVE('',#3207,#3282);
#3282 = DEFINITIONAL_REPRESENTATION('',(#3283),#3309);
#3283 = B_SPLINE_CURVE_WITH_KNOTS('',3,(#3284,#3285,#3286,#3287,#3288,
    #3289,#3290,#3291,#3292,#3293,#3294,#3295,#3296,#3297,#3298,#3299,
    #3300,#3301,#3302,#3303,#3304,#3305,#3306,#3307,#3308),
  .UNSPECIFIED.,.F.,.F.,(4,1,1,1,1,1,1,1,1,1,1,1,1,1,1,1,1,1,1,1,1,1,4),
  (0.,2.079768283904E-04,4.159536567809E-04,6.239304851713E-04,
    8.319073135617E-04,1.039884141952E-03,1.247860970343E-03,
    1.455837798733E-03,1.663814627123E-03,1.871791455514E-03,
    2.079768283904E-03,2.287745112295E-03,2.495721940685E-03,
    2.703698769076E-03,2.911675597466E-03,3.119652425857E-03,
    3.327629254247E-03,3.535606082637E-03,3.743582911028E-03,
    3.951559739418E-03,4.159536567809E-03,4.367513396199E-03,
    4.57549022459E-03),.UNSPECIFIED.);
#3284 = CARTESIAN_POINT('',(7.329718904426,-3.507860668608E-11));
#3285 = CARTESIAN_POINT('',(7.329915234987,7.572428885176E-03));
#3286 = CARTESIAN_POINT('',(7.330307235039,2.271760635894E-02));
#3287 = CARTESIAN_POINT('',(7.330893264786,4.543632426973E-02));
#3288 = CARTESIAN_POINT('',(7.331477337133,6.815598665726E-02));
#3289 = CARTESIAN_POINT('',(7.332059464855,9.087658638134E-02));
#3290 = CARTESIAN_POINT('',(7.332639660631,0.113598116355));
#3291 = CARTESIAN_POINT('',(7.33321793703,0.136320569552));
#3292 = CARTESIAN_POINT('',(7.333794306513,0.159043939005));
#3293 = CARTESIAN_POINT('',(7.334368781434,0.181768217803));
#3294 = CARTESIAN_POINT('',(7.334941374045,0.204493399092));
#3295 = CARTESIAN_POINT('',(7.335512096493,0.227219476076));
#3296 = CARTESIAN_POINT('',(7.336080960822,0.249946442014));
#3297 = CARTESIAN_POINT('',(7.336647978975,0.27267429022));
#3298 = CARTESIAN_POINT('',(7.337213162795,0.295403014064));
#3299 = CARTESIAN_POINT('',(7.337776524024,0.31813260697));
#3300 = CARTESIAN_POINT('',(7.338338074308,0.340863062413));
#3301 = CARTESIAN_POINT('',(7.338897825193,0.363594373924));
#3302 = CARTESIAN_POINT('',(7.339455788131,0.386326535085));
#3303 = CARTESIAN_POINT('',(7.340011974477,0.409059539532));
#3304 = CARTESIAN_POINT('',(7.340566395493,0.431793380948));
#3305 = CARTESIAN_POINT('',(7.341119062344,0.454528053073));
#3306 = CARTESIAN_POINT('',(7.341669986112,0.477263549688));
#3307 = CARTESIAN_POINT('',(7.342036113874,0.492421092993));
#3308 = CARTESIAN_POINT('',(7.342218890899,0.500000000008));
#3309 = ( GEOMETRIC_REPRESENTATION_CONTEXT(2) 
PARAMETRIC_REPRESENTATION_CONTEXT() REPRESENTATION_CONTEXT('2D SPACE',''
  ) );
#3310 = PCURVE('',#3311,#3316);
#3311 = PLANE('',#3312);
#3312 = AXIS2_PLACEMENT_3D('',#3313,#3314,#3315);
#3313 = CARTESIAN_POINT('',(-6.918224347187,-254.236054323,
    -350.5499999999));
#3314 = DIRECTION('',(-0.693472426921,0.138188252397,-0.707106781187));
#3315 = DIRECTION('',(-0.1954277007,-0.980718111283,-3.733818809692E-13)
  );
#3316 = DEFINITIONAL_REPRESENTATION('',(#3317),#3325);
#3317 = ( BOUNDED_CURVE() B_SPLINE_CURVE(2,(#3318,#3319,#3320,#3321,
#3322,#3323,#3324),.UNSPECIFIED.,.T.,.F.) B_SPLINE_CURVE_WITH_KNOTS((1,2
    ,2,2,2,1),(-2.094395102393,0.,2.094395102393,4.188790204786,
6.28318530718,8.377580409573),.UNSPECIFIED.) CURVE() 
GEOMETRIC_REPRESENTATION_ITEM() RATIONAL_B_SPLINE_CURVE((1.,0.5,1.,0.5,
1.,0.5,1.)) REPRESENTATION_ITEM('') );
#3318 = CARTESIAN_POINT('',(6.866476374499,-0.707106781256));
#3319 = CARTESIAN_POINT('',(-43.88932137914,266.8528255378));
#3320 = CARTESIAN_POINT('',(213.20227592083,177.02866962227));
#3321 = CARTESIAN_POINT('',(470.29387322081,87.204513706745));
#3322 = CARTESIAN_POINT('',(263.95807367447,-90.53126269678));
#3323 = CARTESIAN_POINT('',(57.622274128143,-268.2670391003));
#3324 = CARTESIAN_POINT('',(6.866476374499,-0.707106781256));
#3325 = ( GEOMETRIC_REPRESENTATION_CONTEXT(2) 
PARAMETRIC_REPRESENTATION_CONTEXT() REPRESENTATION_CONTEXT('2D SPACE',''
  ) );
#3326 = ORIENTED_EDGE('',*,*,#3327,.T.);
#3327 = EDGE_CURVE('',#3273,#3328,#3330,.T.);
#3328 = VERTEX_POINT('',#3329);
#3329 = CARTESIAN_POINT('',(10.32076472294,-264.5378900834,
    -350.5499999999));
#3330 = SURFACE_CURVE('',#3331,(#3336,#3343),.PCURVE_S1.);
#3331 = CIRCLE('',#3332,10.85);
#3332 = AXIS2_PLACEMENT_3D('',#3333,#3334,#3335);
#3333 = CARTESIAN_POINT('',(4.819932363006E-03,-267.899999998,
    -350.5499999999));
#3334 = DIRECTION('',(0.,0.,-1.));
#3335 = DIRECTION('',(-0.759360110446,0.65067059459,0.));
#3336 = PCURVE('',#3207,#3337);
#3337 = DEFINITIONAL_REPRESENTATION('',(#3338),#3342);
#3338 = LINE('',#3339,#3340);
#3339 = CARTESIAN_POINT('',(7.342218890904,0.5));
#3340 = VECTOR('',#3341,1.);
#3341 = DIRECTION('',(-1.,-2.512957812074E-14));
#3342 = ( GEOMETRIC_REPRESENTATION_CONTEXT(2) 
PARAMETRIC_REPRESENTATION_CONTEXT() REPRESENTATION_CONTEXT('2D SPACE',''
  ) );
#3343 = PCURVE('',#3344,#3349);
#3344 = CYLINDRICAL_SURFACE('',#3345,10.85);
#3345 = AXIS2_PLACEMENT_3D('',#3346,#3347,#3348);
#3346 = CARTESIAN_POINT('',(4.819932363006E-03,-267.899999998,
    -351.0499999999));
#3347 = DIRECTION('',(-3.064104139906E-16,-8.673617379884E-16,1.));
#3348 = DIRECTION('',(0.195438413848,0.980715976413,9.105198790718E-16)
  );
#3349 = DEFINITIONAL_REPRESENTATION('',(#3350),#3354);
#3350 = LINE('',#3351,#3352);
#3351 = CARTESIAN_POINT('',(7.342218890904,0.5));
#3352 = VECTOR('',#3353,1.);
#3353 = DIRECTION('',(-1.,-5.367480289046E-14));
#3354 = ( GEOMETRIC_REPRESENTATION_CONTEXT(2) 
PARAMETRIC_REPRESENTATION_CONTEXT() REPRESENTATION_CONTEXT('2D SPACE',''
  ) );
#3355 = ORIENTED_EDGE('',*,*,#3356,.T.);
#3356 = EDGE_CURVE('',#3328,#3163,#3357,.T.);
#3357 = SURFACE_CURVE('',#3358,(#3363,#3392),.PCURVE_S1.);
#3358 = CIRCLE('',#3359,157.23068867849);
#3359 = AXIS2_PLACEMENT_3D('',#3360,#3361,#3362);
#3360 = CARTESIAN_POINT('',(-6.6302054822E-02,-420.1165222048,
    -330.3290323352));
#3361 = DIRECTION('',(-0.693469407676,0.138203403067,0.707106781185));
#3362 = DIRECTION('',(6.606259162908E-02,0.989492785594,-0.12860700309)
  );
#3363 = PCURVE('',#3207,#3364);
#3364 = DEFINITIONAL_REPRESENTATION('',(#3365),#3391);
#3365 = B_SPLINE_CURVE_WITH_KNOTS('',3,(#3366,#3367,#3368,#3369,#3370,
    #3371,#3372,#3373,#3374,#3375,#3376,#3377,#3378,#3379,#3380,#3381,
    #3382,#3383,#3384,#3385,#3386,#3387,#3388,#3389,#3390),
  .UNSPECIFIED.,.F.,.F.,(4,1,1,1,1,1,1,1,1,1,1,1,1,1,1,1,1,1,1,1,1,1,4),
  (0.,2.079768283723E-04,4.159536567445E-04,6.239304851168E-04,
    8.31907313489E-04,1.039884141861E-03,1.247860970234E-03,
    1.455837798606E-03,1.663814626978E-03,1.87179145535E-03,
    2.079768283723E-03,2.287745112095E-03,2.495721940467E-03,
    2.703698768839E-03,2.911675597212E-03,3.119652425584E-03,
    3.327629253956E-03,3.535606082328E-03,3.743582910701E-03,
    3.951559739073E-03,4.159536567445E-03,4.367513395817E-03,
    4.57549022419E-03),.UNSPECIFIED.);
#3366 = CARTESIAN_POINT('',(5.224151723464,0.500000000004));
#3367 = CARTESIAN_POINT('',(5.224334500489,0.49242109299));
#3368 = CARTESIAN_POINT('',(5.224700628251,0.477263549687));
#3369 = CARTESIAN_POINT('',(5.22525155202,0.454528053073));
#3370 = CARTESIAN_POINT('',(5.22580421887,0.431793380951));
#3371 = CARTESIAN_POINT('',(5.226358639886,0.409059539537));
#3372 = CARTESIAN_POINT('',(5.226914826232,0.386326535093));
#3373 = CARTESIAN_POINT('',(5.22747278917,0.363594373933));
#3374 = CARTESIAN_POINT('',(5.228032540055,0.340863062424));
#3375 = CARTESIAN_POINT('',(5.228594090339,0.318132606983));
#3376 = CARTESIAN_POINT('',(5.229157451568,0.29540301408));
#3377 = CARTESIAN_POINT('',(5.229722635388,0.272674290238));
#3378 = CARTESIAN_POINT('',(5.230289653541,0.249946442034));
#3379 = CARTESIAN_POINT('',(5.23085851787,0.227219476098));
#3380 = CARTESIAN_POINT('',(5.231429240318,0.204493399116));
#3381 = CARTESIAN_POINT('',(5.232001832929,0.181768217829));
#3382 = CARTESIAN_POINT('',(5.23257630785,0.159043939034));
#3383 = CARTESIAN_POINT('',(5.233152677333,0.136320569584));
#3384 = CARTESIAN_POINT('',(5.233730953731,0.113598116389));
#3385 = CARTESIAN_POINT('',(5.234311149508,9.087658641698E-02));
#3386 = CARTESIAN_POINT('',(5.23489327723,6.815598669511E-02));
#3387 = CARTESIAN_POINT('',(5.235477349576,4.543632430968E-02));
#3388 = CARTESIAN_POINT('',(5.236063379324,2.271760640114E-02));
#3389 = CARTESIAN_POINT('',(5.236455379375,7.572428928846E-03));
#3390 = CARTESIAN_POINT('',(5.236651709937,9.306333481619E-12));
#3391 = ( GEOMETRIC_REPRESENTATION_CONTEXT(2) 
PARAMETRIC_REPRESENTATION_CONTEXT() REPRESENTATION_CONTEXT('2D SPACE',''
  ) );
#3392 = PCURVE('',#3178,#3393);
#3393 = DEFINITIONAL_REPRESENTATION('',(#3394),#3398);
#3394 = CIRCLE('',#3395,157.23068867849);
#3395 = AXIS2_PLACEMENT_2D('',#3396,#3397);
#3396 = CARTESIAN_POINT('',(-149.2952036375,-29.30156710123));
#3397 = DIRECTION('',(0.983323956318,0.181862577048));
#3398 = ( GEOMETRIC_REPRESENTATION_CONTEXT(2) 
PARAMETRIC_REPRESENTATION_CONTEXT() REPRESENTATION_CONTEXT('2D SPACE',''
  ) );
#3399 = ORIENTED_EDGE('',*,*,#3190,.F.);
#3400 = ADVANCED_FACE('',(#3401),#3344,.T.);
#3401 = FACE_BOUND('',#3402,.T.);
#3402 = EDGE_LOOP('',(#3403,#3404,#3451,#3478,#3530,#3559,#3611,#3638));
#3403 = ORIENTED_EDGE('',*,*,#3327,.F.);
#3404 = ORIENTED_EDGE('',*,*,#3405,.F.);
#3405 = EDGE_CURVE('',#3406,#3273,#3408,.T.);
#3406 = VERTEX_POINT('',#3407);
#3407 = CARTESIAN_POINT('',(-8.287507479819,-260.9028715806,
    -350.5099999999));
#3408 = SURFACE_CURVE('',#3409,(#3414,#3443),.PCURVE_S1.);
#3409 = ( BOUNDED_CURVE() B_SPLINE_CURVE(3,(#3410,#3411,#3412,#3413),
.UNSPECIFIED.,.F.,.F.) B_SPLINE_CURVE_WITH_KNOTS((4,4),(0.504194479091,
0.511773666861),.PIECEWISE_BEZIER_KNOTS.) CURVE() 
GEOMETRIC_REPRESENTATION_ITEM() RATIONAL_B_SPLINE_CURVE((1.,
0.999995212998,0.999995212998,1.)) REPRESENTATION_ITEM('') );
#3410 = CARTESIAN_POINT('',(-8.287507479819,-260.9028715806,
    -350.5099999999));
#3411 = CARTESIAN_POINT('',(-8.269829920798,-260.8819218283,
    -350.5232425403));
#3412 = CARTESIAN_POINT('',(-8.252073097847,-260.861039217,
    -350.5365759375));
#3413 = CARTESIAN_POINT('',(-8.234237265973,-260.8402240467,
    -350.5499999999));
#3414 = PCURVE('',#3344,#3415);
#3415 = DEFINITIONAL_REPRESENTATION('',(#3416),#3442);
#3416 = B_SPLINE_CURVE_WITH_KNOTS('',3,(#3417,#3418,#3419,#3420,#3421,
    #3422,#3423,#3424,#3425,#3426,#3427,#3428,#3429,#3430,#3431,#3432,
    #3433,#3434,#3435,#3436,#3437,#3438,#3439,#3440,#3441),
  .UNSPECIFIED.,.F.,.F.,(4,1,1,1,1,1,1,1,1,1,1,1,1,1,1,1,1,1,1,1,1,1,4),
  (0.504194479091,0.504538987626,0.504883496161,0.505228004696,
    0.505572513231,0.505917021766,0.506261530301,0.506606038836,
    0.506950547371,0.507295055906,0.507639564441,0.507984072976,
    0.508328581511,0.508673090046,0.509017598581,0.509362107116,
    0.509706615651,0.510051124186,0.510395632721,0.510740141256,
    0.511084649791,0.511429158326,0.511773666861),
  .QUASI_UNIFORM_KNOTS.);
#3417 = CARTESIAN_POINT('',(7.349798078675,0.54));
#3418 = CARTESIAN_POINT('',(7.349683242772,0.539398069227));
#3419 = CARTESIAN_POINT('',(7.34945357089,0.538193831455));
#3420 = CARTESIAN_POINT('',(7.349109062862,0.536386346441));
#3421 = CARTESIAN_POINT('',(7.348764554651,0.534577733391));
#3422 = CARTESIAN_POINT('',(7.348420046276,0.532767992624));
#3423 = CARTESIAN_POINT('',(7.348075537758,0.530957124461));
#3424 = CARTESIAN_POINT('',(7.347731029118,0.529145129224));
#3425 = CARTESIAN_POINT('',(7.347386520375,0.527332007235));
#3426 = CARTESIAN_POINT('',(7.34704201155,0.525517758814));
#3427 = CARTESIAN_POINT('',(7.346697502664,0.523702384284));
#3428 = CARTESIAN_POINT('',(7.346352993737,0.52188588397));
#3429 = CARTESIAN_POINT('',(7.34600848479,0.520068258192));
#3430 = CARTESIAN_POINT('',(7.345663975843,0.518249507275));
#3431 = CARTESIAN_POINT('',(7.345319466916,0.516429631543));
#3432 = CARTESIAN_POINT('',(7.34497495803,0.51460863132));
#3433 = CARTESIAN_POINT('',(7.344630449205,0.512786506931));
#3434 = CARTESIAN_POINT('',(7.344285940462,0.510963258702));
#3435 = CARTESIAN_POINT('',(7.343941431822,0.509138886957));
#3436 = CARTESIAN_POINT('',(7.343596923304,0.507313392023));
#3437 = CARTESIAN_POINT('',(7.343252414929,0.505486774226));
#3438 = CARTESIAN_POINT('',(7.342907906717,0.503659033892));
#3439 = CARTESIAN_POINT('',(7.34256339869,0.50183017135));
#3440 = CARTESIAN_POINT('',(7.342333726808,0.500610181734));
#3441 = CARTESIAN_POINT('',(7.342218890905,0.5));
#3442 = ( GEOMETRIC_REPRESENTATION_CONTEXT(2) 
PARAMETRIC_REPRESENTATION_CONTEXT() REPRESENTATION_CONTEXT('2D SPACE',''
  ) );
#3443 = PCURVE('',#3311,#3444);
#3444 = DEFINITIONAL_REPRESENTATION('',(#3445),#3450);
#3445 = ( BOUNDED_CURVE() B_SPLINE_CURVE(3,(#3446,#3447,#3448,#3449),
.UNSPECIFIED.,.F.,.F.) B_SPLINE_CURVE_WITH_KNOTS((4,4),(0.504194479091,
0.511773666861),.PIECEWISE_BEZIER_KNOTS.) CURVE() 
GEOMETRIC_REPRESENTATION_ITEM() RATIONAL_B_SPLINE_CURVE((1.,
0.999995212998,0.999995212998,1.)) REPRESENTATION_ITEM('') );
#3446 = CARTESIAN_POINT('',(6.805864283385,5.656854249827E-02));
#3447 = CARTESIAN_POINT('',(6.781863797151,3.784076228521E-02));
#3448 = CARTESIAN_POINT('',(6.757913666982,1.898449116015E-02));
#3449 = CARTESIAN_POINT('',(6.734014236826,2.84217094304E-12));
#3450 = ( GEOMETRIC_REPRESENTATION_CONTEXT(2) 
PARAMETRIC_REPRESENTATION_CONTEXT() REPRESENTATION_CONTEXT('2D SPACE',''
  ) );
#3451 = ORIENTED_EDGE('',*,*,#3452,.T.);
#3452 = EDGE_CURVE('',#3406,#3453,#3455,.T.);
#3453 = VERTEX_POINT('',#3454);
#3454 = CARTESIAN_POINT('',(-8.287507479819,-260.9028715806,
    -344.5899999999));
#3455 = SURFACE_CURVE('',#3456,(#3460,#3466),.PCURVE_S1.);
#3456 = LINE('',#3457,#3458);
#3457 = CARTESIAN_POINT('',(-8.287507479819,-260.9028715806,
    -351.0499999999));
#3458 = VECTOR('',#3459,1.);
#3459 = DIRECTION('',(-3.064104139906E-16,-8.673617379884E-16,1.));
#3460 = PCURVE('',#3344,#3461);
#3461 = DEFINITIONAL_REPRESENTATION('',(#3462),#3465);
#3462 = B_SPLINE_CURVE_WITH_KNOTS('',1,(#3463,#3464),.UNSPECIFIED.,.F.,
  .F.,(2,2),(0.54,6.46),.PIECEWISE_BEZIER_KNOTS.);
#3463 = CARTESIAN_POINT('',(7.349798078675,0.54));
#3464 = CARTESIAN_POINT('',(7.349798078675,6.46));
#3465 = ( GEOMETRIC_REPRESENTATION_CONTEXT(2) 
PARAMETRIC_REPRESENTATION_CONTEXT() REPRESENTATION_CONTEXT('2D SPACE',''
  ) );
#3466 = PCURVE('',#3467,#3472);
#3467 = PLANE('',#3468);
#3468 = AXIS2_PLACEMENT_3D('',#3469,#3470,#3471);
#3469 = CARTESIAN_POINT('',(-6.957453071639,-254.228237215,
    -331.5640512925));
#3470 = DIRECTION('',(0.980718111283,-0.1954277007,1.309957323559E-16));
#3471 = DIRECTION('',(-3.064104139904E-16,-8.673617379884E-16,1.));
#3472 = DEFINITIONAL_REPRESENTATION('',(#3473),#3477);
#3473 = LINE('',#3474,#3475);
#3474 = CARTESIAN_POINT('',(-19.4859487074,6.805864283384));
#3475 = VECTOR('',#3476,1.);
#3476 = DIRECTION('',(1.,3.838301341966E-29));
#3477 = ( GEOMETRIC_REPRESENTATION_CONTEXT(2) 
PARAMETRIC_REPRESENTATION_CONTEXT() REPRESENTATION_CONTEXT('2D SPACE',''
  ) );
#3478 = ORIENTED_EDGE('',*,*,#3479,.T.);
#3479 = EDGE_CURVE('',#3453,#3480,#3482,.T.);
#3480 = VERTEX_POINT('',#3481);
#3481 = CARTESIAN_POINT('',(-8.234237265973,-260.8402240467,
    -344.5499999999));
#3482 = SURFACE_CURVE('',#3483,(#3488,#3517),.PCURVE_S1.);
#3483 = ( BOUNDED_CURVE() B_SPLINE_CURVE(3,(#3484,#3485,#3486,#3487),
.UNSPECIFIED.,.F.,.F.) B_SPLINE_CURVE_WITH_KNOTS((4,4),(3.64578713268,
3.653366320451),.PIECEWISE_BEZIER_KNOTS.) CURVE() 
GEOMETRIC_REPRESENTATION_ITEM() RATIONAL_B_SPLINE_CURVE((1.,
0.999995212998,0.999995212998,1.)) REPRESENTATION_ITEM('') );
#3484 = CARTESIAN_POINT('',(-8.287507479819,-260.9028715806,
    -344.5899999999));
#3485 = CARTESIAN_POINT('',(-8.269829920798,-260.8819218283,
    -344.5767574596));
#3486 = CARTESIAN_POINT('',(-8.252073097847,-260.861039217,
    -344.5634240624));
#3487 = CARTESIAN_POINT('',(-8.234237265973,-260.8402240467,
    -344.5499999999));
#3488 = PCURVE('',#3344,#3489);
#3489 = DEFINITIONAL_REPRESENTATION('',(#3490),#3516);
#3490 = B_SPLINE_CURVE_WITH_KNOTS('',3,(#3491,#3492,#3493,#3494,#3495,
    #3496,#3497,#3498,#3499,#3500,#3501,#3502,#3503,#3504,#3505,#3506,
    #3507,#3508,#3509,#3510,#3511,#3512,#3513,#3514,#3515),
  .UNSPECIFIED.,.F.,.F.,(4,1,1,1,1,1,1,1,1,1,1,1,1,1,1,1,1,1,1,1,1,1,4),
  (3.64578713268,3.646131641215,3.64647614975,3.646820658285,
    3.64716516682,3.647509675355,3.64785418389,3.648198692425,
    3.64854320096,3.648887709495,3.64923221803,3.649576726566,
    3.649921235101,3.650265743636,3.650610252171,3.650954760706,
    3.651299269241,3.651643777776,3.651988286311,3.652332794846,
    3.652677303381,3.653021811916,3.653366320451),.UNSPECIFIED.);
#3491 = CARTESIAN_POINT('',(7.349798078675,6.46));
#3492 = CARTESIAN_POINT('',(7.349683242772,6.460601930768));
#3493 = CARTESIAN_POINT('',(7.34945357089,6.461806168531));
#3494 = CARTESIAN_POINT('',(7.349109062862,6.463613653534));
#3495 = CARTESIAN_POINT('',(7.348764554651,6.465422266574));
#3496 = CARTESIAN_POINT('',(7.348420046276,6.467232007331));
#3497 = CARTESIAN_POINT('',(7.348075537758,6.469042875486));
#3498 = CARTESIAN_POINT('',(7.347731029118,6.470854870716));
#3499 = CARTESIAN_POINT('',(7.347386520375,6.4726679927));
#3500 = CARTESIAN_POINT('',(7.34704201155,6.474482241117));
#3501 = CARTESIAN_POINT('',(7.346697502664,6.476297615643));
#3502 = CARTESIAN_POINT('',(7.346352993737,6.478114115956));
#3503 = CARTESIAN_POINT('',(7.34600848479,6.479931741733));
#3504 = CARTESIAN_POINT('',(7.345663975843,6.481750492651));
#3505 = CARTESIAN_POINT('',(7.345319466916,6.483570368384));
#3506 = CARTESIAN_POINT('',(7.34497495803,6.48539136861));
#3507 = CARTESIAN_POINT('',(7.344630449205,6.487213493003));
#3508 = CARTESIAN_POINT('',(7.344285940462,6.489036741238));
#3509 = CARTESIAN_POINT('',(7.343941431822,6.49086111299));
#3510 = CARTESIAN_POINT('',(7.343596923304,6.492686607932));
#3511 = CARTESIAN_POINT('',(7.343252414929,6.494513225739));
#3512 = CARTESIAN_POINT('',(7.342907906717,6.496340966083));
#3513 = CARTESIAN_POINT('',(7.34256339869,6.498169828637));
#3514 = CARTESIAN_POINT('',(7.342333726808,6.499389818262));
#3515 = CARTESIAN_POINT('',(7.342218890905,6.5));
#3516 = ( GEOMETRIC_REPRESENTATION_CONTEXT(2) 
PARAMETRIC_REPRESENTATION_CONTEXT() REPRESENTATION_CONTEXT('2D SPACE',''
  ) );
#3517 = PCURVE('',#3518,#3523);
#3518 = PLANE('',#3519);
#3519 = AXIS2_PLACEMENT_3D('',#3520,#3521,#3522);
#3520 = CARTESIAN_POINT('',(-8.782285278239,-266.1489935188,
    -344.0499999999));
#3521 = DIRECTION('',(0.693472426921,-0.138188252397,-0.707106781187));
#3522 = DIRECTION('',(-0.1954277007,-0.980718111283,3.733818809692E-13)
  );
#3523 = DEFINITIONAL_REPRESENTATION('',(#3524),#3529);
#3524 = ( BOUNDED_CURVE() B_SPLINE_CURVE(3,(#3525,#3526,#3527,#3528),
.UNSPECIFIED.,.F.,.F.) B_SPLINE_CURVE_WITH_KNOTS((4,4),(3.64578713268,
3.653366320451),.PIECEWISE_BEZIER_KNOTS.) CURVE() 
GEOMETRIC_REPRESENTATION_ITEM() RATIONAL_B_SPLINE_CURVE((1.,
0.999995212998,0.999995212998,1.)) REPRESENTATION_ITEM('') );
#3525 = CARTESIAN_POINT('',(-5.241660086276,0.763675323679));
#3526 = CARTESIAN_POINT('',(-5.265660572509,0.744947543537));
#3527 = CARTESIAN_POINT('',(-5.289610702679,0.726091272412));
#3528 = CARTESIAN_POINT('',(-5.313510132834,0.707106781184));
#3529 = ( GEOMETRIC_REPRESENTATION_CONTEXT(2) 
PARAMETRIC_REPRESENTATION_CONTEXT() REPRESENTATION_CONTEXT('2D SPACE',''
  ) );
#3530 = ORIENTED_EDGE('',*,*,#3531,.T.);
#3531 = EDGE_CURVE('',#3480,#3532,#3534,.T.);
#3532 = VERTEX_POINT('',#3533);
#3533 = CARTESIAN_POINT('',(10.32076472294,-264.5378900834,
    -344.5499999999));
#3534 = SURFACE_CURVE('',#3535,(#3540,#3547),.PCURVE_S1.);
#3535 = CIRCLE('',#3536,10.85);
#3536 = AXIS2_PLACEMENT_3D('',#3537,#3538,#3539);
#3537 = CARTESIAN_POINT('',(4.819932363006E-03,-267.899999998,
    -344.5499999999));
#3538 = DIRECTION('',(0.,0.,-1.));
#3539 = DIRECTION('',(-0.759360110446,0.65067059459,0.));
#3540 = PCURVE('',#3344,#3541);
#3541 = DEFINITIONAL_REPRESENTATION('',(#3542),#3546);
#3542 = LINE('',#3543,#3544);
#3543 = CARTESIAN_POINT('',(7.342218890904,6.5));
#3544 = VECTOR('',#3545,1.);
#3545 = DIRECTION('',(-1.,-5.367480289046E-14));
#3546 = ( GEOMETRIC_REPRESENTATION_CONTEXT(2) 
PARAMETRIC_REPRESENTATION_CONTEXT() REPRESENTATION_CONTEXT('2D SPACE',''
  ) );
#3547 = PCURVE('',#3548,#3553);
#3548 = CONICAL_SURFACE('',#3549,10.85,0.785398163397);
#3549 = AXIS2_PLACEMENT_3D('',#3550,#3551,#3552);
#3550 = CARTESIAN_POINT('',(4.819932363006E-03,-267.899999998,
    -344.5499999999));
#3551 = DIRECTION('',(3.064104139906E-16,8.673617379884E-16,-1.));
#3552 = DIRECTION('',(-0.195438413848,-0.980715976413,
    -9.105198790718E-16));
#3553 = DEFINITIONAL_REPRESENTATION('',(#3554),#3558);
#3554 = LINE('',#3555,#3556);
#3555 = CARTESIAN_POINT('',(2.082559069865,8.881784197056E-16));
#3556 = VECTOR('',#3557,1.);
#3557 = DIRECTION('',(1.,2.683740144526E-14));
#3558 = ( GEOMETRIC_REPRESENTATION_CONTEXT(2) 
PARAMETRIC_REPRESENTATION_CONTEXT() REPRESENTATION_CONTEXT('2D SPACE',''
  ) );
#3559 = ORIENTED_EDGE('',*,*,#3560,.F.);
#3560 = EDGE_CURVE('',#3561,#3532,#3563,.T.);
#3561 = VERTEX_POINT('',#3562);
#3562 = CARTESIAN_POINT('',(10.34595024772,-264.6161723837,
    -344.5899999999));
#3563 = SURFACE_CURVE('',#3564,(#3569,#3598),.PCURVE_S1.);
#3564 = ( BOUNDED_CURVE() B_SPLINE_CURVE(3,(#3565,#3566,#3567,#3568),
.UNSPECIFIED.,.F.,.F.) B_SPLINE_CURVE_WITH_KNOTS((4,4),(3.64578713268,
3.653366320451),.PIECEWISE_BEZIER_KNOTS.) CURVE() 
GEOMETRIC_REPRESENTATION_ITEM() RATIONAL_B_SPLINE_CURVE((1.,
0.999995212998,0.999995212998,1.)) REPRESENTATION_ITEM('') );
#3565 = CARTESIAN_POINT('',(10.34595024772,-264.6161723837,
    -344.5899999999));
#3566 = CARTESIAN_POINT('',(10.33765397917,-264.5900465317,
    -344.5767574596));
#3567 = CARTESIAN_POINT('',(10.32925876405,-264.5639523067,
    -344.5634240624));
#3568 = CARTESIAN_POINT('',(10.32076472294,-264.5378900834,
    -344.5499999999));
#3569 = PCURVE('',#3344,#3570);
#3570 = DEFINITIONAL_REPRESENTATION('',(#3571),#3597);
#3571 = B_SPLINE_CURVE_WITH_KNOTS('',3,(#3572,#3573,#3574,#3575,#3576,
    #3577,#3578,#3579,#3580,#3581,#3582,#3583,#3584,#3585,#3586,#3587,
    #3588,#3589,#3590,#3591,#3592,#3593,#3594,#3595,#3596),
  .UNSPECIFIED.,.F.,.F.,(4,1,1,1,1,1,1,1,1,1,1,1,1,1,1,1,1,1,1,1,1,1,4),
  (3.64578713268,3.646131641215,3.64647614975,3.646820658285,
    3.64716516682,3.647509675355,3.64785418389,3.648198692425,
    3.64854320096,3.648887709495,3.64923221803,3.649576726566,
    3.649921235101,3.650265743636,3.650610252171,3.650954760706,
    3.651299269241,3.651643777776,3.651988286311,3.652332794846,
    3.652677303381,3.653021811916,3.653366320451),.UNSPECIFIED.);
#3572 = CARTESIAN_POINT('',(5.216572535685,6.46));
#3573 = CARTESIAN_POINT('',(5.216687371589,6.460601930768));
#3574 = CARTESIAN_POINT('',(5.216917043471,6.461806168531));
#3575 = CARTESIAN_POINT('',(5.217261551498,6.463613653534));
#3576 = CARTESIAN_POINT('',(5.217606059709,6.465422266574));
#3577 = CARTESIAN_POINT('',(5.217950568084,6.467232007331));
#3578 = CARTESIAN_POINT('',(5.218295076602,6.469042875486));
#3579 = CARTESIAN_POINT('',(5.218639585243,6.470854870716));
#3580 = CARTESIAN_POINT('',(5.218984093986,6.4726679927));
#3581 = CARTESIAN_POINT('',(5.21932860281,6.474482241117));
#3582 = CARTESIAN_POINT('',(5.219673111696,6.476297615643));
#3583 = CARTESIAN_POINT('',(5.220017620623,6.478114115956));
#3584 = CARTESIAN_POINT('',(5.22036212957,6.479931741733));
#3585 = CARTESIAN_POINT('',(5.220706638518,6.48175049265));
#3586 = CARTESIAN_POINT('',(5.221051147445,6.483570368384));
#3587 = CARTESIAN_POINT('',(5.221395656331,6.48539136861));
#3588 = CARTESIAN_POINT('',(5.221740165155,6.487213493003));
#3589 = CARTESIAN_POINT('',(5.222084673898,6.489036741238));
#3590 = CARTESIAN_POINT('',(5.222429182539,6.49086111299));
#3591 = CARTESIAN_POINT('',(5.222773691057,6.492686607932));
#3592 = CARTESIAN_POINT('',(5.223118199432,6.494513225739));
#3593 = CARTESIAN_POINT('',(5.223462707643,6.496340966083));
#3594 = CARTESIAN_POINT('',(5.22380721567,6.498169828637));
#3595 = CARTESIAN_POINT('',(5.224036887552,6.499389818262));
#3596 = CARTESIAN_POINT('',(5.224151723456,6.5));
#3597 = ( GEOMETRIC_REPRESENTATION_CONTEXT(2) 
PARAMETRIC_REPRESENTATION_CONTEXT() REPRESENTATION_CONTEXT('2D SPACE',''
  ) );
#3598 = PCURVE('',#3599,#3604);
#3599 = PLANE('',#3600);
#3600 = AXIS2_PLACEMENT_3D('',#3601,#3602,#3603);
#3601 = CARTESIAN_POINT('',(11.63692192654,-257.933749113,
    -344.5499999999));
#3602 = DIRECTION('',(0.693469407676,-0.138203403059,0.707106781187));
#3603 = DIRECTION('',(-0.693470917361,0.13819582774,0.707106781165));
#3604 = DEFINITIONAL_REPRESENTATION('',(#3605),#3610);
#3605 = ( BOUNDED_CURVE() B_SPLINE_CURVE(3,(#3606,#3607,#3608,#3609),
.UNSPECIFIED.,.F.,.F.) B_SPLINE_CURVE_WITH_KNOTS((4,4),(3.64578713268,
3.653366320451),.PIECEWISE_BEZIER_KNOTS.) CURVE() 
GEOMETRIC_REPRESENTATION_ITEM() RATIONAL_B_SPLINE_CURVE((1.,
0.999995212998,0.999995212998,1.)) REPRESENTATION_ITEM('') );
#3606 = CARTESIAN_POINT('',(-5.651597204678E-02,6.805864720132));
#3607 = CARTESIAN_POINT('',(-3.778837729556E-02,6.781864089239));
#3608 = CARTESIAN_POINT('',(-1.893229116632E-02,6.757913813421));
#3609 = CARTESIAN_POINT('',(5.201545309319E-05,6.734014236624));
#3610 = ( GEOMETRIC_REPRESENTATION_CONTEXT(2) 
PARAMETRIC_REPRESENTATION_CONTEXT() REPRESENTATION_CONTEXT('2D SPACE',''
  ) );
#3611 = ORIENTED_EDGE('',*,*,#3612,.F.);
#3612 = EDGE_CURVE('',#3613,#3561,#3615,.T.);
#3613 = VERTEX_POINT('',#3614);
#3614 = CARTESIAN_POINT('',(10.34595024772,-264.6161723837,
    -350.5099999999));
#3615 = SURFACE_CURVE('',#3616,(#3620,#3626),.PCURVE_S1.);
#3616 = LINE('',#3617,#3618);
#3617 = CARTESIAN_POINT('',(10.34595024772,-264.6161723837,
    -351.0499999999));
#3618 = VECTOR('',#3619,1.);
#3619 = DIRECTION('',(-3.064104139906E-16,-8.673617379884E-16,1.));
#3620 = PCURVE('',#3344,#3621);
#3621 = DEFINITIONAL_REPRESENTATION('',(#3622),#3625);
#3622 = B_SPLINE_CURVE_WITH_KNOTS('',1,(#3623,#3624),.UNSPECIFIED.,.F.,
  .F.,(2,2),(0.54,6.46),.PIECEWISE_BEZIER_KNOTS.);
#3623 = CARTESIAN_POINT('',(5.216572535685,0.54));
#3624 = CARTESIAN_POINT('',(5.216572535685,6.46));
#3625 = ( GEOMETRIC_REPRESENTATION_CONTEXT(2) 
PARAMETRIC_REPRESENTATION_CONTEXT() REPRESENTATION_CONTEXT('2D SPACE',''
  ) );
#3626 = PCURVE('',#3627,#3632);
#3627 = PLANE('',#3628);
#3628 = AXIS2_PLACEMENT_3D('',#3629,#3630,#3631);
#3629 = CARTESIAN_POINT('',(11.6761504802,-257.9415670781,
    -331.5640512925));
#3630 = DIRECTION('',(0.980713841427,-0.195449126972,1.30975839699E-16)
  );
#3631 = DIRECTION('',(-0.195449126972,-0.980713841427,-9.10521309876E-16
    ));
#3632 = DEFINITIONAL_REPRESENTATION('',(#3633),#3637);
#3633 = LINE('',#3634,#3635);
#3634 = CARTESIAN_POINT('',(6.805864283384,19.4859487074));
#3635 = VECTOR('',#3636,1.);
#3636 = DIRECTION('',(2.694835133896E-27,-1.));
#3637 = ( GEOMETRIC_REPRESENTATION_CONTEXT(2) 
PARAMETRIC_REPRESENTATION_CONTEXT() REPRESENTATION_CONTEXT('2D SPACE',''
  ) );
#3638 = ORIENTED_EDGE('',*,*,#3639,.T.);
#3639 = EDGE_CURVE('',#3613,#3328,#3640,.T.);
#3640 = SURFACE_CURVE('',#3641,(#3646,#3675),.PCURVE_S1.);
#3641 = ( BOUNDED_CURVE() B_SPLINE_CURVE(3,(#3642,#3643,#3644,#3645),
.UNSPECIFIED.,.F.,.F.) B_SPLINE_CURVE_WITH_KNOTS((4,4),(0.504194479091,
0.511773666861),.PIECEWISE_BEZIER_KNOTS.) CURVE() 
GEOMETRIC_REPRESENTATION_ITEM() RATIONAL_B_SPLINE_CURVE((1.,
0.999995212998,0.999995212998,1.)) REPRESENTATION_ITEM('') );
#3642 = CARTESIAN_POINT('',(10.34595024772,-264.6161723837,
    -350.5099999999));
#3643 = CARTESIAN_POINT('',(10.33765397917,-264.5900465317,
    -350.5232425403));
#3644 = CARTESIAN_POINT('',(10.32925876405,-264.5639523067,
    -350.5365759375));
#3645 = CARTESIAN_POINT('',(10.32076472294,-264.5378900834,
    -350.5499999999));
#3646 = PCURVE('',#3344,#3647);
#3647 = DEFINITIONAL_REPRESENTATION('',(#3648),#3674);
#3648 = B_SPLINE_CURVE_WITH_KNOTS('',3,(#3649,#3650,#3651,#3652,#3653,
    #3654,#3655,#3656,#3657,#3658,#3659,#3660,#3661,#3662,#3663,#3664,
    #3665,#3666,#3667,#3668,#3669,#3670,#3671,#3672,#3673),
  .UNSPECIFIED.,.F.,.F.,(4,1,1,1,1,1,1,1,1,1,1,1,1,1,1,1,1,1,1,1,1,1,4),
  (0.504194479091,0.504538987626,0.504883496161,0.505228004696,
    0.505572513231,0.505917021766,0.506261530301,0.506606038836,
    0.506950547371,0.507295055906,0.507639564441,0.507984072976,
    0.508328581511,0.508673090046,0.509017598581,0.509362107116,
    0.509706615651,0.510051124186,0.510395632721,0.510740141256,
    0.511084649791,0.511429158326,0.511773666861),
  .QUASI_UNIFORM_KNOTS.);
#3649 = CARTESIAN_POINT('',(5.216572535685,0.54));
#3650 = CARTESIAN_POINT('',(5.216687371589,0.539398069227));
#3651 = CARTESIAN_POINT('',(5.216917043471,0.538193831455));
#3652 = CARTESIAN_POINT('',(5.217261551498,0.536386346441));
#3653 = CARTESIAN_POINT('',(5.217606059709,0.534577733391));
#3654 = CARTESIAN_POINT('',(5.217950568084,0.532767992624));
#3655 = CARTESIAN_POINT('',(5.218295076602,0.530957124461));
#3656 = CARTESIAN_POINT('',(5.218639585243,0.529145129224));
#3657 = CARTESIAN_POINT('',(5.218984093986,0.527332007235));
#3658 = CARTESIAN_POINT('',(5.21932860281,0.525517758814));
#3659 = CARTESIAN_POINT('',(5.219673111696,0.523702384284));
#3660 = CARTESIAN_POINT('',(5.220017620623,0.52188588397));
#3661 = CARTESIAN_POINT('',(5.22036212957,0.520068258192));
#3662 = CARTESIAN_POINT('',(5.220706638518,0.518249507275));
#3663 = CARTESIAN_POINT('',(5.221051147445,0.516429631543));
#3664 = CARTESIAN_POINT('',(5.221395656331,0.51460863132));
#3665 = CARTESIAN_POINT('',(5.221740165155,0.512786506931));
#3666 = CARTESIAN_POINT('',(5.222084673898,0.510963258702));
#3667 = CARTESIAN_POINT('',(5.222429182539,0.509138886957));
#3668 = CARTESIAN_POINT('',(5.222773691057,0.507313392023));
#3669 = CARTESIAN_POINT('',(5.223118199432,0.505486774226));
#3670 = CARTESIAN_POINT('',(5.223462707643,0.503659033892));
#3671 = CARTESIAN_POINT('',(5.22380721567,0.501830171349));
#3672 = CARTESIAN_POINT('',(5.224036887552,0.500610181734));
#3673 = CARTESIAN_POINT('',(5.224151723456,0.5));
#3674 = ( GEOMETRIC_REPRESENTATION_CONTEXT(2) 
PARAMETRIC_REPRESENTATION_CONTEXT() REPRESENTATION_CONTEXT('2D SPACE',''
  ) );
#3675 = PCURVE('',#3178,#3676);
#3676 = DEFINITIONAL_REPRESENTATION('',(#3677),#3682);
#3677 = ( BOUNDED_CURVE() B_SPLINE_CURVE(3,(#3678,#3679,#3680,#3681),
.UNSPECIFIED.,.F.,.F.) B_SPLINE_CURVE_WITH_KNOTS((4,4),(0.504194479091,
0.511773666861),.PIECEWISE_BEZIER_KNOTS.) CURVE() 
GEOMETRIC_REPRESENTATION_ITEM() RATIONAL_B_SPLINE_CURVE((1.,
0.999995212998,0.999995212998,1.)) REPRESENTATION_ITEM('') );
#3678 = CARTESIAN_POINT('',(5.241648287954,-0.763756299754));
#3679 = CARTESIAN_POINT('',(5.265649063504,-0.745028890321));
#3680 = CARTESIAN_POINT('',(5.289599484972,-0.726172989191));
#3681 = CARTESIAN_POINT('',(5.313499208408,-0.70718886725));
#3682 = ( GEOMETRIC_REPRESENTATION_CONTEXT(2) 
PARAMETRIC_REPRESENTATION_CONTEXT() REPRESENTATION_CONTEXT('2D SPACE',''
  ) );
#3683 = ADVANCED_FACE('',(#3684),#3627,.T.);
#3684 = FACE_BOUND('',#3685,.T.);
#3685 = EDGE_LOOP('',(#3686,#3716,#3737,#3738));
#3686 = ORIENTED_EDGE('',*,*,#3687,.F.);
#3687 = EDGE_CURVE('',#3688,#3690,#3692,.T.);
#3688 = VERTEX_POINT('',#3689);
#3689 = CARTESIAN_POINT('',(8.296994472234,-274.897309581,
    -350.5099999999));
#3690 = VERTEX_POINT('',#3691);
#3691 = CARTESIAN_POINT('',(8.296994472234,-274.897309581,
    -344.5899999999));
#3692 = SURFACE_CURVE('',#3693,(#3697,#3704),.PCURVE_S1.);
#3693 = LINE('',#3694,#3695);
#3694 = CARTESIAN_POINT('',(8.296994472234,-274.897309581,
    -351.0499999999));
#3695 = VECTOR('',#3696,1.);
#3696 = DIRECTION('',(-3.064104139906E-16,-8.673617379884E-16,1.));
#3697 = PCURVE('',#3627,#3698);
#3698 = DEFINITIONAL_REPRESENTATION('',(#3699),#3703);
#3699 = LINE('',#3700,#3701);
#3700 = CARTESIAN_POINT('',(17.289184455933,19.4859487074));
#3701 = VECTOR('',#3702,1.);
#3702 = DIRECTION('',(2.694835133896E-27,-1.));
#3703 = ( GEOMETRIC_REPRESENTATION_CONTEXT(2) 
PARAMETRIC_REPRESENTATION_CONTEXT() REPRESENTATION_CONTEXT('2D SPACE',''
  ) );
#3704 = PCURVE('',#3705,#3710);
#3705 = CYLINDRICAL_SURFACE('',#3706,10.85);
#3706 = AXIS2_PLACEMENT_3D('',#3707,#3708,#3709);
#3707 = CARTESIAN_POINT('',(4.819932363006E-03,-267.899999998,
    -351.0499999999));
#3708 = DIRECTION('',(-3.064104139906E-16,-8.673617379884E-16,1.));
#3709 = DIRECTION('',(0.195438413848,0.980715976413,9.105198790718E-16)
  );
#3710 = DEFINITIONAL_REPRESENTATION('',(#3711),#3715);
#3711 = LINE('',#3712,#3713);
#3712 = CARTESIAN_POINT('',(4.208183577504,-5.684341886081E-14));
#3713 = VECTOR('',#3714,1.);
#3714 = DIRECTION('',(0.,1.));
#3715 = ( GEOMETRIC_REPRESENTATION_CONTEXT(2) 
PARAMETRIC_REPRESENTATION_CONTEXT() REPRESENTATION_CONTEXT('2D SPACE',''
  ) );
#3716 = ORIENTED_EDGE('',*,*,#3717,.F.);
#3717 = EDGE_CURVE('',#3613,#3688,#3718,.T.);
#3718 = SURFACE_CURVE('',#3719,(#3723,#3730),.PCURVE_S1.);
#3719 = LINE('',#3720,#3721);
#3720 = CARTESIAN_POINT('',(11.6761504802,-257.9415670781,
    -350.5099999999));
#3721 = VECTOR('',#3722,1.);
#3722 = DIRECTION('',(-0.195449126972,-0.980713841427,-9.10523705647E-16
    ));
#3723 = PCURVE('',#3627,#3724);
#3724 = DEFINITIONAL_REPRESENTATION('',(#3725),#3729);
#3725 = LINE('',#3726,#3727);
#3726 = CARTESIAN_POINT('',(1.812173890376E-14,18.9459487074));
#3727 = VECTOR('',#3728,1.);
#3728 = DIRECTION('',(1.,2.395771000084E-21));
#3729 = ( GEOMETRIC_REPRESENTATION_CONTEXT(2) 
PARAMETRIC_REPRESENTATION_CONTEXT() REPRESENTATION_CONTEXT('2D SPACE',''
  ) );
#3730 = PCURVE('',#3178,#3731);
#3731 = DEFINITIONAL_REPRESENTATION('',(#3732),#3736);
#3732 = LINE('',#3733,#3734);
#3733 = CARTESIAN_POINT('',(12.047512570527,-0.763861440648));
#3734 = VECTOR('',#3735,1.);
#3735 = DIRECTION('',(-0.999999999881,1.544857299376E-05));
#3736 = ( GEOMETRIC_REPRESENTATION_CONTEXT(2) 
PARAMETRIC_REPRESENTATION_CONTEXT() REPRESENTATION_CONTEXT('2D SPACE',''
  ) );
#3737 = ORIENTED_EDGE('',*,*,#3612,.T.);
#3738 = ORIENTED_EDGE('',*,*,#3739,.T.);
#3739 = EDGE_CURVE('',#3561,#3690,#3740,.T.);
#3740 = SURFACE_CURVE('',#3741,(#3745,#3752),.PCURVE_S1.);
#3741 = LINE('',#3742,#3743);
#3742 = CARTESIAN_POINT('',(11.6761504802,-257.9415670781,
    -344.5899999999));
#3743 = VECTOR('',#3744,1.);
#3744 = DIRECTION('',(-0.195449126972,-0.980713841427,
    -9.105204628431E-16));
#3745 = PCURVE('',#3627,#3746);
#3746 = DEFINITIONAL_REPRESENTATION('',(#3747),#3751);
#3747 = LINE('',#3748,#3749);
#3748 = CARTESIAN_POINT('',(1.186040387944E-14,13.0259487074));
#3749 = VECTOR('',#3750,1.);
#3750 = DIRECTION('',(1.,-8.470328999103E-22));
#3751 = ( GEOMETRIC_REPRESENTATION_CONTEXT(2) 
PARAMETRIC_REPRESENTATION_CONTEXT() REPRESENTATION_CONTEXT('2D SPACE',''
  ) );
#3752 = PCURVE('',#3599,#3753);
#3753 = DEFINITIONAL_REPRESENTATION('',(#3754),#3758);
#3754 = LINE('',#3755,#3756);
#3755 = CARTESIAN_POINT('',(-5.656854249529E-02,4.369511797317E-07));
#3756 = VECTOR('',#3757,1.);
#3757 = DIRECTION('',(7.72428659937E-06,0.99999999997));
#3758 = ( GEOMETRIC_REPRESENTATION_CONTEXT(2) 
PARAMETRIC_REPRESENTATION_CONTEXT() REPRESENTATION_CONTEXT('2D SPACE',''
  ) );
#3759 = ADVANCED_FACE('',(#3760),#3705,.T.);
#3760 = FACE_BOUND('',#3761,.T.);
#3761 = EDGE_LOOP('',(#3762,#3787,#3834,#3863,#3908,#3909,#3956,#3985));
#3762 = ORIENTED_EDGE('',*,*,#3763,.F.);
#3763 = EDGE_CURVE('',#3764,#3766,#3768,.T.);
#3764 = VERTEX_POINT('',#3765);
#3765 = CARTESIAN_POINT('',(-10.33623863684,-271.1840535402,
    -350.5099999999));
#3766 = VERTEX_POINT('',#3767);
#3767 = CARTESIAN_POINT('',(-10.33623863684,-271.1840535402,
    -344.5899999999));
#3768 = SURFACE_CURVE('',#3769,(#3773,#3780),.PCURVE_S1.);
#3769 = LINE('',#3770,#3771);
#3770 = CARTESIAN_POINT('',(-10.33623863684,-271.1840535402,
    -351.0499999999));
#3771 = VECTOR('',#3772,1.);
#3772 = DIRECTION('',(-3.064104139906E-16,-8.673617379884E-16,1.));
#3773 = PCURVE('',#3705,#3774);
#3774 = DEFINITIONAL_REPRESENTATION('',(#3775),#3779);
#3775 = LINE('',#3776,#3777);
#3776 = CARTESIAN_POINT('',(2.075001729676,0.));
#3777 = VECTOR('',#3778,1.);
#3778 = DIRECTION('',(7.501506923143E-17,1.));
#3779 = ( GEOMETRIC_REPRESENTATION_CONTEXT(2) 
PARAMETRIC_REPRESENTATION_CONTEXT() REPRESENTATION_CONTEXT('2D SPACE',''
  ) );
#3780 = PCURVE('',#3467,#3781);
#3781 = DEFINITIONAL_REPRESENTATION('',(#3782),#3786);
#3782 = LINE('',#3783,#3784);
#3783 = CARTESIAN_POINT('',(-19.4859487074,17.289184455935));
#3784 = VECTOR('',#3785,1.);
#3785 = DIRECTION('',(1.,3.838301341966E-29));
#3786 = ( GEOMETRIC_REPRESENTATION_CONTEXT(2) 
PARAMETRIC_REPRESENTATION_CONTEXT() REPRESENTATION_CONTEXT('2D SPACE',''
  ) );
#3787 = ORIENTED_EDGE('',*,*,#3788,.F.);
#3788 = EDGE_CURVE('',#3789,#3764,#3791,.T.);
#3789 = VERTEX_POINT('',#3790);
#3790 = CARTESIAN_POINT('',(-10.31105140178,-271.2623352902,
    -350.5499999999));
#3791 = SURFACE_CURVE('',#3792,(#3797,#3826),.PCURVE_S1.);
#3792 = ( BOUNDED_CURVE() B_SPLINE_CURVE(3,(#3793,#3794,#3795,#3796),
.UNSPECIFIED.,.F.,.F.) B_SPLINE_CURVE_WITH_KNOTS((4,4),(5.771411640319,
5.778990828089),.PIECEWISE_BEZIER_KNOTS.) CURVE() 
GEOMETRIC_REPRESENTATION_ITEM() RATIONAL_B_SPLINE_CURVE((1.,
0.999995212998,0.999995212998,1.)) REPRESENTATION_ITEM('') );
#3793 = CARTESIAN_POINT('',(-10.31105140178,-271.2623352902,
    -350.5499999999));
#3794 = CARTESIAN_POINT('',(-10.31954601229,-271.2362732526,
    -350.5365759375));
#3795 = CARTESIAN_POINT('',(-10.3279417975,-271.210179211,
    -350.5232425403));
#3796 = CARTESIAN_POINT('',(-10.33623863684,-271.1840535402,
    -350.5099999999));
#3797 = PCURVE('',#3705,#3798);
#3798 = DEFINITIONAL_REPRESENTATION('',(#3799),#3825);
#3799 = B_SPLINE_CURVE_WITH_KNOTS('',3,(#3800,#3801,#3802,#3803,#3804,
    #3805,#3806,#3807,#3808,#3809,#3810,#3811,#3812,#3813,#3814,#3815,
    #3816,#3817,#3818,#3819,#3820,#3821,#3822,#3823,#3824),
  .UNSPECIFIED.,.F.,.F.,(4,1,1,1,1,1,1,1,1,1,1,1,1,1,1,1,1,1,1,1,1,1,4),
  (5.771411640319,5.771756148854,5.772100657389,5.772445165924,
    5.772789674459,5.773134182994,5.773478691529,5.773823200064,
    5.774167708599,5.774512217134,5.774856725669,5.775201234204,
    5.775545742739,5.775890251274,5.776234759809,5.776579268344,
    5.776923776879,5.777268285414,5.777612793949,5.777957302484,
    5.778301811019,5.778646319554,5.778990828089),
  .QUASI_UNIFORM_KNOTS.);
#3800 = CARTESIAN_POINT('',(2.082580917447,0.5));
#3801 = CARTESIAN_POINT('',(2.082466081543,0.500610181734));
#3802 = CARTESIAN_POINT('',(2.082236409661,0.50183017135));
#3803 = CARTESIAN_POINT('',(2.081891901634,0.503659033892));
#3804 = CARTESIAN_POINT('',(2.081547393423,0.505486774226));
#3805 = CARTESIAN_POINT('',(2.081202885048,0.507313392023));
#3806 = CARTESIAN_POINT('',(2.08085837653,0.509138886957));
#3807 = CARTESIAN_POINT('',(2.080513867889,0.510963258702));
#3808 = CARTESIAN_POINT('',(2.080169359146,0.512786506931));
#3809 = CARTESIAN_POINT('',(2.079824850322,0.51460863132));
#3810 = CARTESIAN_POINT('',(2.079480341436,0.516429631543));
#3811 = CARTESIAN_POINT('',(2.079135832509,0.518249507275));
#3812 = CARTESIAN_POINT('',(2.078791323561,0.520068258192));
#3813 = CARTESIAN_POINT('',(2.078446814614,0.521885883969));
#3814 = CARTESIAN_POINT('',(2.078102305687,0.523702384285));
#3815 = CARTESIAN_POINT('',(2.077757796801,0.525517758814));
#3816 = CARTESIAN_POINT('',(2.077413287977,0.527332007235));
#3817 = CARTESIAN_POINT('',(2.077068779234,0.529145129224));
#3818 = CARTESIAN_POINT('',(2.076724270593,0.530957124461));
#3819 = CARTESIAN_POINT('',(2.076379762075,0.532767992624));
#3820 = CARTESIAN_POINT('',(2.0760352537,0.534577733391));
#3821 = CARTESIAN_POINT('',(2.075690745489,0.536386346441));
#3822 = CARTESIAN_POINT('',(2.075346237462,0.538193831455));
#3823 = CARTESIAN_POINT('',(2.07511656558,0.539398069227));
#3824 = CARTESIAN_POINT('',(2.075001729676,0.54));
#3825 = ( GEOMETRIC_REPRESENTATION_CONTEXT(2) 
PARAMETRIC_REPRESENTATION_CONTEXT() REPRESENTATION_CONTEXT('2D SPACE',''
  ) );
#3826 = PCURVE('',#3311,#3827);
#3827 = DEFINITIONAL_REPRESENTATION('',(#3828),#3833);
#3828 = ( BOUNDED_CURVE() B_SPLINE_CURVE(3,(#3829,#3830,#3831,#3832),
.UNSPECIFIED.,.F.,.F.) B_SPLINE_CURVE_WITH_KNOTS((4,4),(5.771411640319,
5.778990828089),.PIECEWISE_BEZIER_KNOTS.) CURVE() 
GEOMETRIC_REPRESENTATION_ITEM() RATIONAL_B_SPLINE_CURVE((1.,
0.999995212998,0.999995212998,1.)) REPRESENTATION_ITEM('') );
#3829 = CARTESIAN_POINT('',(17.361034502493,7.04858393874E-12));
#3830 = CARTESIAN_POINT('',(17.337135072337,1.89844911647E-02));
#3831 = CARTESIAN_POINT('',(17.313184942169,3.784076228953E-02));
#3832 = CARTESIAN_POINT('',(17.289184455935,5.656854250248E-02));
#3833 = ( GEOMETRIC_REPRESENTATION_CONTEXT(2) 
PARAMETRIC_REPRESENTATION_CONTEXT() REPRESENTATION_CONTEXT('2D SPACE',''
  ) );
#3834 = ORIENTED_EDGE('',*,*,#3835,.F.);
#3835 = EDGE_CURVE('',#3836,#3789,#3838,.T.);
#3836 = VERTEX_POINT('',#3837);
#3837 = CARTESIAN_POINT('',(8.243722889704,-274.9599559511,
    -350.5499999999));
#3838 = SURFACE_CURVE('',#3839,(#3844,#3851),.PCURVE_S1.);
#3839 = CIRCLE('',#3840,10.85);
#3840 = AXIS2_PLACEMENT_3D('',#3841,#3842,#3843);
#3841 = CARTESIAN_POINT('',(4.819932363006E-03,-267.899999998,
    -350.5499999999));
#3842 = DIRECTION('',(3.064104139906E-16,8.673617379884E-16,-1.));
#3843 = DIRECTION('',(-0.195438413848,-0.980715976413,
    -9.105198790718E-16));
#3844 = PCURVE('',#3705,#3845);
#3845 = DEFINITIONAL_REPRESENTATION('',(#3846),#3850);
#3846 = LINE('',#3847,#3848);
#3847 = CARTESIAN_POINT('',(9.424777960769,0.5));
#3848 = VECTOR('',#3849,1.);
#3849 = DIRECTION('',(-1.,2.683795510511E-14));
#3850 = ( GEOMETRIC_REPRESENTATION_CONTEXT(2) 
PARAMETRIC_REPRESENTATION_CONTEXT() REPRESENTATION_CONTEXT('2D SPACE',''
  ) );
#3851 = PCURVE('',#3852,#3857);
#3852 = CONICAL_SURFACE('',#3853,10.35,0.785398163397);
#3853 = AXIS2_PLACEMENT_3D('',#3854,#3855,#3856);
#3854 = CARTESIAN_POINT('',(4.819932363006E-03,-267.899999998,
    -351.0499999999));
#3855 = DIRECTION('',(-3.064104139906E-16,-8.673617379884E-16,1.));
#3856 = DIRECTION('',(0.195438413848,0.980715976413,9.105198790718E-16)
  );
#3857 = DEFINITIONAL_REPRESENTATION('',(#3858),#3862);
#3858 = LINE('',#3859,#3860);
#3859 = CARTESIAN_POINT('',(9.424777960769,0.5));
#3860 = VECTOR('',#3861,1.);
#3861 = DIRECTION('',(-1.,1.553025140648E-14));
#3862 = ( GEOMETRIC_REPRESENTATION_CONTEXT(2) 
PARAMETRIC_REPRESENTATION_CONTEXT() REPRESENTATION_CONTEXT('2D SPACE',''
  ) );
#3863 = ORIENTED_EDGE('',*,*,#3864,.T.);
#3864 = EDGE_CURVE('',#3836,#3688,#3865,.T.);
#3865 = SURFACE_CURVE('',#3866,(#3871,#3900),.PCURVE_S1.);
#3866 = ( BOUNDED_CURVE() B_SPLINE_CURVE(3,(#3867,#3868,#3869,#3870),
.UNSPECIFIED.,.F.,.F.) B_SPLINE_CURVE_WITH_KNOTS((4,4),(5.771411640319,
5.778990828089),.PIECEWISE_BEZIER_KNOTS.) CURVE() 
GEOMETRIC_REPRESENTATION_ITEM() RATIONAL_B_SPLINE_CURVE((1.,
0.999995212998,0.999995212998,1.)) REPRESENTATION_ITEM('') );
#3867 = CARTESIAN_POINT('',(8.243722889704,-274.9599559511,
    -350.5499999999));
#3868 = CARTESIAN_POINT('',(8.261559176335,-274.9391411704,
    -350.5365759375));
#3869 = CARTESIAN_POINT('',(8.279316455516,-274.9182589471,
    -350.5232425403));
#3870 = CARTESIAN_POINT('',(8.296994472234,-274.897309581,
    -350.5099999999));
#3871 = PCURVE('',#3705,#3872);
#3872 = DEFINITIONAL_REPRESENTATION('',(#3873),#3899);
#3873 = B_SPLINE_CURVE_WITH_KNOTS('',3,(#3874,#3875,#3876,#3877,#3878,
    #3879,#3880,#3881,#3882,#3883,#3884,#3885,#3886,#3887,#3888,#3889,
    #3890,#3891,#3892,#3893,#3894,#3895,#3896,#3897,#3898),
  .UNSPECIFIED.,.F.,.F.,(4,1,1,1,1,1,1,1,1,1,1,1,1,1,1,1,1,1,1,1,1,1,4),
  (5.771411640319,5.771756148854,5.772100657389,5.772445165924,
    5.772789674459,5.773134182994,5.773478691529,5.773823200064,
    5.774167708599,5.774512217134,5.774856725669,5.775201234204,
    5.775545742739,5.775890251274,5.776234759809,5.776579268344,
    5.776923776879,5.777268285414,5.777612793949,5.777957302484,
    5.778301811019,5.778646319554,5.778990828089),
  .QUASI_UNIFORM_KNOTS.);
#3874 = CARTESIAN_POINT('',(4.200604389733,0.5));
#3875 = CARTESIAN_POINT('',(4.200719225637,0.500610181734));
#3876 = CARTESIAN_POINT('',(4.200948897519,0.501830171349));
#3877 = CARTESIAN_POINT('',(4.201293405546,0.503659033892));
#3878 = CARTESIAN_POINT('',(4.201637913757,0.505486774226));
#3879 = CARTESIAN_POINT('',(4.201982422132,0.507313392023));
#3880 = CARTESIAN_POINT('',(4.20232693065,0.509138886957));
#3881 = CARTESIAN_POINT('',(4.202671439291,0.510963258702));
#3882 = CARTESIAN_POINT('',(4.203015948034,0.512786506931));
#3883 = CARTESIAN_POINT('',(4.203360456858,0.51460863132));
#3884 = CARTESIAN_POINT('',(4.203704965744,0.516429631543));
#3885 = CARTESIAN_POINT('',(4.204049474671,0.518249507275));
#3886 = CARTESIAN_POINT('',(4.204393983619,0.520068258192));
#3887 = CARTESIAN_POINT('',(4.204738492566,0.521885883969));
#3888 = CARTESIAN_POINT('',(4.205083001493,0.523702384285));
#3889 = CARTESIAN_POINT('',(4.205427510379,0.525517758814));
#3890 = CARTESIAN_POINT('',(4.205772019203,0.527332007235));
#3891 = CARTESIAN_POINT('',(4.206116527946,0.529145129224));
#3892 = CARTESIAN_POINT('',(4.206461036587,0.530957124461));
#3893 = CARTESIAN_POINT('',(4.206805545105,0.532767992624));
#3894 = CARTESIAN_POINT('',(4.20715005348,0.534577733391));
#3895 = CARTESIAN_POINT('',(4.207494561691,0.536386346441));
#3896 = CARTESIAN_POINT('',(4.207839069718,0.538193831455));
#3897 = CARTESIAN_POINT('',(4.2080687416,0.539398069227));
#3898 = CARTESIAN_POINT('',(4.208183577504,0.54));
#3899 = ( GEOMETRIC_REPRESENTATION_CONTEXT(2) 
PARAMETRIC_REPRESENTATION_CONTEXT() REPRESENTATION_CONTEXT('2D SPACE',''
  ) );
#3900 = PCURVE('',#3178,#3901);
#3901 = DEFINITIONAL_REPRESENTATION('',(#3902),#3907);
#3902 = ( BOUNDED_CURVE() B_SPLINE_CURVE(3,(#3903,#3904,#3905,#3906),
.UNSPECIFIED.,.F.,.F.) B_SPLINE_CURVE_WITH_KNOTS((4,4),(5.771411640319,
5.778990828089),.PIECEWISE_BEZIER_KNOTS.) CURVE() 
GEOMETRIC_REPRESENTATION_ITEM() RATIONAL_B_SPLINE_CURVE((1.,
0.999995212998,0.999995212998,1.)) REPRESENTATION_ITEM('') );
#3903 = CARTESIAN_POINT('',(-5.313521055989,-0.707024694953));
#3904 = CARTESIAN_POINT('',(-5.289621919121,-0.72600955532));
#3905 = CARTESIAN_POINT('',(-5.265672080257,-0.744866196438));
#3906 = CARTESIAN_POINT('',(-5.241671883343,-0.763594347422));
#3907 = ( GEOMETRIC_REPRESENTATION_CONTEXT(2) 
PARAMETRIC_REPRESENTATION_CONTEXT() REPRESENTATION_CONTEXT('2D SPACE',''
  ) );
#3908 = ORIENTED_EDGE('',*,*,#3687,.T.);
#3909 = ORIENTED_EDGE('',*,*,#3910,.F.);
#3910 = EDGE_CURVE('',#3911,#3690,#3913,.T.);
#3911 = VERTEX_POINT('',#3912);
#3912 = CARTESIAN_POINT('',(8.243722889704,-274.9599559511,
    -344.5499999999));
#3913 = SURFACE_CURVE('',#3914,(#3919,#3948),.PCURVE_S1.);
#3914 = ( BOUNDED_CURVE() B_SPLINE_CURVE(3,(#3915,#3916,#3917,#3918),
.UNSPECIFIED.,.F.,.F.) B_SPLINE_CURVE_WITH_KNOTS((4,4),(2.629818986729,
2.637398174499),.PIECEWISE_BEZIER_KNOTS.) CURVE() 
GEOMETRIC_REPRESENTATION_ITEM() RATIONAL_B_SPLINE_CURVE((1.,
0.999995212998,0.999995212998,1.)) REPRESENTATION_ITEM('') );
#3915 = CARTESIAN_POINT('',(8.243722889704,-274.9599559511,
    -344.5499999999));
#3916 = CARTESIAN_POINT('',(8.261559176335,-274.9391411704,
    -344.5634240624));
#3917 = CARTESIAN_POINT('',(8.279316455516,-274.9182589471,
    -344.5767574596));
#3918 = CARTESIAN_POINT('',(8.296994472234,-274.897309581,
    -344.5899999999));
#3919 = PCURVE('',#3705,#3920);
#3920 = DEFINITIONAL_REPRESENTATION('',(#3921),#3947);
#3921 = B_SPLINE_CURVE_WITH_KNOTS('',3,(#3922,#3923,#3924,#3925,#3926,
    #3927,#3928,#3929,#3930,#3931,#3932,#3933,#3934,#3935,#3936,#3937,
    #3938,#3939,#3940,#3941,#3942,#3943,#3944,#3945,#3946),
  .UNSPECIFIED.,.F.,.F.,(4,1,1,1,1,1,1,1,1,1,1,1,1,1,1,1,1,1,1,1,1,1,4),
  (2.629818986729,2.630163495264,2.630508003799,2.630852512334,
    2.631197020869,2.631541529404,2.631886037939,2.632230546474,
    2.632575055009,2.632919563544,2.633264072079,2.633608580614,
    2.633953089149,2.634297597684,2.634642106219,2.634986614754,
    2.635331123289,2.635675631824,2.636020140359,2.636364648894,
    2.636709157429,2.637053665964,2.637398174499),
  .QUASI_UNIFORM_KNOTS.);
#3922 = CARTESIAN_POINT('',(4.200604389733,6.5));
#3923 = CARTESIAN_POINT('',(4.200719225637,6.499389818262));
#3924 = CARTESIAN_POINT('',(4.200948897519,6.498169828637));
#3925 = CARTESIAN_POINT('',(4.201293405546,6.496340966083));
#3926 = CARTESIAN_POINT('',(4.201637913757,6.494513225739));
#3927 = CARTESIAN_POINT('',(4.201982422132,6.492686607932));
#3928 = CARTESIAN_POINT('',(4.20232693065,6.49086111299));
#3929 = CARTESIAN_POINT('',(4.202671439291,6.489036741238));
#3930 = CARTESIAN_POINT('',(4.203015948034,6.487213493003));
#3931 = CARTESIAN_POINT('',(4.203360456858,6.48539136861));
#3932 = CARTESIAN_POINT('',(4.203704965744,6.483570368384));
#3933 = CARTESIAN_POINT('',(4.204049474671,6.481750492651));
#3934 = CARTESIAN_POINT('',(4.204393983619,6.479931741733));
#3935 = CARTESIAN_POINT('',(4.204738492566,6.478114115956));
#3936 = CARTESIAN_POINT('',(4.205083001493,6.476297615643));
#3937 = CARTESIAN_POINT('',(4.205427510379,6.474482241117));
#3938 = CARTESIAN_POINT('',(4.205772019203,6.4726679927));
#3939 = CARTESIAN_POINT('',(4.206116527946,6.470854870716));
#3940 = CARTESIAN_POINT('',(4.206461036587,6.469042875486));
#3941 = CARTESIAN_POINT('',(4.206805545105,6.467232007331));
#3942 = CARTESIAN_POINT('',(4.20715005348,6.465422266574));
#3943 = CARTESIAN_POINT('',(4.207494561691,6.463613653534));
#3944 = CARTESIAN_POINT('',(4.207839069718,6.461806168531));
#3945 = CARTESIAN_POINT('',(4.2080687416,6.460601930768));
#3946 = CARTESIAN_POINT('',(4.208183577504,6.46));
#3947 = ( GEOMETRIC_REPRESENTATION_CONTEXT(2) 
PARAMETRIC_REPRESENTATION_CONTEXT() REPRESENTATION_CONTEXT('2D SPACE',''
  ) );
#3948 = PCURVE('',#3599,#3949);
#3949 = DEFINITIONAL_REPRESENTATION('',(#3950),#3955);
#3950 = ( BOUNDED_CURVE() B_SPLINE_CURVE(3,(#3951,#3952,#3953,#3954),
.UNSPECIFIED.,.F.,.F.) B_SPLINE_CURVE_WITH_KNOTS((4,4),(2.629818986729,
2.637398174499),.PIECEWISE_BEZIER_KNOTS.) CURVE() 
GEOMETRIC_REPRESENTATION_ITEM() RATIONAL_B_SPLINE_CURVE((1.,
0.999995212998,0.999995212998,1.)) REPRESENTATION_ITEM('') );
#3951 = CARTESIAN_POINT('',(1.34101602157E-04,17.361034501973));
#3952 = CARTESIAN_POINT('',(-1.885057423141E-02,17.33713521846));
#3953 = CARTESIAN_POINT('',(-3.770703035337E-02,17.313185233943));
#3954 = CARTESIAN_POINT('',(-5.643499588155E-02,17.289184892368));
#3955 = ( GEOMETRIC_REPRESENTATION_CONTEXT(2) 
PARAMETRIC_REPRESENTATION_CONTEXT() REPRESENTATION_CONTEXT('2D SPACE',''
  ) );
#3956 = ORIENTED_EDGE('',*,*,#3957,.T.);
#3957 = EDGE_CURVE('',#3911,#3958,#3960,.T.);
#3958 = VERTEX_POINT('',#3959);
#3959 = CARTESIAN_POINT('',(-10.31105140178,-271.2623352902,
    -344.5499999999));
#3960 = SURFACE_CURVE('',#3961,(#3966,#3973),.PCURVE_S1.);
#3961 = CIRCLE('',#3962,10.85);
#3962 = AXIS2_PLACEMENT_3D('',#3963,#3964,#3965);
#3963 = CARTESIAN_POINT('',(4.819932363006E-03,-267.899999998,
    -344.5499999999));
#3964 = DIRECTION('',(0.,-0.,-1.));
#3965 = DIRECTION('',(0.759345894686,-0.650687184616,0.));
#3966 = PCURVE('',#3705,#3967);
#3967 = DEFINITIONAL_REPRESENTATION('',(#3968),#3972);
#3968 = LINE('',#3969,#3970);
#3969 = CARTESIAN_POINT('',(4.200604389733,6.5));
#3970 = VECTOR('',#3971,1.);
#3971 = DIRECTION('',(-1.,5.367591021021E-14));
#3972 = ( GEOMETRIC_REPRESENTATION_CONTEXT(2) 
PARAMETRIC_REPRESENTATION_CONTEXT() REPRESENTATION_CONTEXT('2D SPACE',''
  ) );
#3973 = PCURVE('',#3974,#3979);
#3974 = CONICAL_SURFACE('',#3975,10.85,0.785398163397);
#3975 = AXIS2_PLACEMENT_3D('',#3976,#3977,#3978);
#3976 = CARTESIAN_POINT('',(4.819932363006E-03,-267.899999998,
    -344.5499999999));
#3977 = DIRECTION('',(3.064104139906E-16,8.673617379884E-16,-1.));
#3978 = DIRECTION('',(-0.195438413848,-0.980715976413,
    -9.105198790718E-16));
#3979 = DEFINITIONAL_REPRESENTATION('',(#3980),#3984);
#3980 = LINE('',#3981,#3982);
#3981 = CARTESIAN_POINT('',(5.224173571036,2.575717417133E-14));
#3982 = VECTOR('',#3983,1.);
#3983 = DIRECTION('',(1.,-2.432189681403E-14));
#3984 = ( GEOMETRIC_REPRESENTATION_CONTEXT(2) 
PARAMETRIC_REPRESENTATION_CONTEXT() REPRESENTATION_CONTEXT('2D SPACE',''
  ) );
#3985 = ORIENTED_EDGE('',*,*,#3986,.T.);
#3986 = EDGE_CURVE('',#3958,#3766,#3987,.T.);
#3987 = SURFACE_CURVE('',#3988,(#3993,#4022),.PCURVE_S1.);
#3988 = ( BOUNDED_CURVE() B_SPLINE_CURVE(3,(#3989,#3990,#3991,#3992),
.UNSPECIFIED.,.F.,.F.) B_SPLINE_CURVE_WITH_KNOTS((4,4),(2.629818986729,
2.637398174499),.PIECEWISE_BEZIER_KNOTS.) CURVE() 
GEOMETRIC_REPRESENTATION_ITEM() RATIONAL_B_SPLINE_CURVE((1.,
0.999995212998,0.999995212998,1.)) REPRESENTATION_ITEM('') );
#3989 = CARTESIAN_POINT('',(-10.31105140178,-271.2623352902,
    -344.5499999999));
#3990 = CARTESIAN_POINT('',(-10.31954601229,-271.2362732526,
    -344.5634240624));
#3991 = CARTESIAN_POINT('',(-10.3279417975,-271.210179211,
    -344.5767574596));
#3992 = CARTESIAN_POINT('',(-10.33623863684,-271.1840535402,
    -344.5899999999));
#3993 = PCURVE('',#3705,#3994);
#3994 = DEFINITIONAL_REPRESENTATION('',(#3995),#4021);
#3995 = B_SPLINE_CURVE_WITH_KNOTS('',3,(#3996,#3997,#3998,#3999,#4000,
    #4001,#4002,#4003,#4004,#4005,#4006,#4007,#4008,#4009,#4010,#4011,
    #4012,#4013,#4014,#4015,#4016,#4017,#4018,#4019,#4020),
  .UNSPECIFIED.,.F.,.F.,(4,1,1,1,1,1,1,1,1,1,1,1,1,1,1,1,1,1,1,1,1,1,4),
  (2.629818986729,2.630163495264,2.630508003799,2.630852512334,
    2.631197020869,2.631541529404,2.631886037939,2.632230546474,
    2.632575055009,2.632919563544,2.633264072079,2.633608580614,
    2.633953089149,2.634297597684,2.634642106219,2.634986614754,
    2.635331123289,2.635675631824,2.636020140359,2.636364648894,
    2.636709157429,2.637053665964,2.637398174499),
  .QUASI_UNIFORM_KNOTS.);
#3996 = CARTESIAN_POINT('',(2.082580917447,6.5));
#3997 = CARTESIAN_POINT('',(2.082466081543,6.499389818262));
#3998 = CARTESIAN_POINT('',(2.082236409661,6.498169828637));
#3999 = CARTESIAN_POINT('',(2.081891901634,6.496340966083));
#4000 = CARTESIAN_POINT('',(2.081547393423,6.494513225739));
#4001 = CARTESIAN_POINT('',(2.081202885048,6.492686607932));
#4002 = CARTESIAN_POINT('',(2.08085837653,6.49086111299));
#4003 = CARTESIAN_POINT('',(2.080513867889,6.489036741238));
#4004 = CARTESIAN_POINT('',(2.080169359146,6.487213493003));
#4005 = CARTESIAN_POINT('',(2.079824850322,6.48539136861));
#4006 = CARTESIAN_POINT('',(2.079480341436,6.483570368384));
#4007 = CARTESIAN_POINT('',(2.079135832509,6.481750492651));
#4008 = CARTESIAN_POINT('',(2.078791323561,6.479931741733));
#4009 = CARTESIAN_POINT('',(2.078446814614,6.478114115956));
#4010 = CARTESIAN_POINT('',(2.078102305687,6.476297615643));
#4011 = CARTESIAN_POINT('',(2.077757796801,6.474482241117));
#4012 = CARTESIAN_POINT('',(2.077413287977,6.4726679927));
#4013 = CARTESIAN_POINT('',(2.077068779234,6.470854870716));
#4014 = CARTESIAN_POINT('',(2.076724270593,6.469042875486));
#4015 = CARTESIAN_POINT('',(2.076379762075,6.467232007331));
#4016 = CARTESIAN_POINT('',(2.0760352537,6.465422266574));
#4017 = CARTESIAN_POINT('',(2.075690745489,6.463613653534));
#4018 = CARTESIAN_POINT('',(2.075346237462,6.461806168531));
#4019 = CARTESIAN_POINT('',(2.07511656558,6.460601930769));
#4020 = CARTESIAN_POINT('',(2.075001729676,6.46));
#4021 = ( GEOMETRIC_REPRESENTATION_CONTEXT(2) 
PARAMETRIC_REPRESENTATION_CONTEXT() REPRESENTATION_CONTEXT('2D SPACE',''
  ) );
#4022 = PCURVE('',#3518,#4023);
#4023 = DEFINITIONAL_REPRESENTATION('',(#4024),#4029);
#4024 = ( BOUNDED_CURVE() B_SPLINE_CURVE(3,(#4025,#4026,#4027,#4028),
.UNSPECIFIED.,.F.,.F.) B_SPLINE_CURVE_WITH_KNOTS((4,4),(2.629818986729,
2.637398174499),.PIECEWISE_BEZIER_KNOTS.) CURVE() 
GEOMETRIC_REPRESENTATION_ITEM() RATIONAL_B_SPLINE_CURVE((1.,
0.999995212998,0.999995212998,1.)) REPRESENTATION_ITEM('') );
#4025 = CARTESIAN_POINT('',(5.313510132832,0.707106781188));
#4026 = CARTESIAN_POINT('',(5.289610702677,0.726091272417));
#4027 = CARTESIAN_POINT('',(5.265660572509,0.744947543541));
#4028 = CARTESIAN_POINT('',(5.241660086274,0.763675323684));
#4029 = ( GEOMETRIC_REPRESENTATION_CONTEXT(2) 
PARAMETRIC_REPRESENTATION_CONTEXT() REPRESENTATION_CONTEXT('2D SPACE',''
  ) );
#4030 = ADVANCED_FACE('',(#4031),#3974,.T.);
#4031 = FACE_BOUND('',#4032,.T.);
#4032 = EDGE_LOOP('',(#4033,#4064,#4108,#4109));
#4033 = ORIENTED_EDGE('',*,*,#4034,.T.);
#4034 = EDGE_CURVE('',#4035,#4037,#4039,.T.);
#4035 = VERTEX_POINT('',#4036);
#4036 = CARTESIAN_POINT('',(7.779255578165,-274.7323239357,
    -344.0499999999));
#4037 = VERTEX_POINT('',#4038);
#4038 = CARTESIAN_POINT('',(-9.794805575141,-271.230141123,
    -344.0499999999));
#4039 = SURFACE_CURVE('',#4040,(#4045,#4052),.PCURVE_S1.);
#4040 = CIRCLE('',#4041,10.35);
#4041 = AXIS2_PLACEMENT_3D('',#4042,#4043,#4044);
#4042 = CARTESIAN_POINT('',(4.819932363006E-03,-267.899999998,
    -344.0499999999));
#4043 = DIRECTION('',(0.,-0.,-1.));
#4044 = DIRECTION('',(0.751153202493,-0.660127916683,0.));
#4045 = PCURVE('',#3974,#4046);
#4046 = DEFINITIONAL_REPRESENTATION('',(#4047),#4051);
#4047 = LINE('',#4048,#4049);
#4048 = CARTESIAN_POINT('',(5.236673557509,-0.5));
#4049 = VECTOR('',#4050,1.);
#4050 = DIRECTION('',(1.,-2.377991979352E-14));
#4051 = ( GEOMETRIC_REPRESENTATION_CONTEXT(2) 
PARAMETRIC_REPRESENTATION_CONTEXT() REPRESENTATION_CONTEXT('2D SPACE',''
  ) );
#4052 = PCURVE('',#4053,#4058);
#4053 = PLANE('',#4054);
#4054 = AXIS2_PLACEMENT_3D('',#4055,#4056,#4057);
#4055 = CARTESIAN_POINT('',(4.819932363006E-03,-267.899999998,
    -344.0499999999));
#4056 = DIRECTION('',(3.064104139906E-16,8.673617379884E-16,-1.));
#4057 = DIRECTION('',(-0.980715976413,0.195438413848,-1.309857860351E-16
    ));
#4058 = DEFINITIONAL_REPRESENTATION('',(#4059),#4063);
#4059 = CIRCLE('',#4060,10.35);
#4060 = AXIS2_PLACEMENT_2D('',#4061,#4062);
#4061 = CARTESIAN_POINT('',(2.169802269504E-15,1.088813457632E-14));
#4062 = DIRECTION('',(-0.865682299392,-0.500593803916));
#4063 = ( GEOMETRIC_REPRESENTATION_CONTEXT(2) 
PARAMETRIC_REPRESENTATION_CONTEXT() REPRESENTATION_CONTEXT('2D SPACE',''
  ) );
#4064 = ORIENTED_EDGE('',*,*,#4065,.T.);
#4065 = EDGE_CURVE('',#4037,#3958,#4066,.T.);
#4066 = SURFACE_CURVE('',#4067,(#4072,#4101),.PCURVE_S1.);
#4067 = CIRCLE('',#4068,157.23068867305);
#4068 = AXIS2_PLACEMENT_3D('',#4069,#4070,#4071);
#4069 = CARTESIAN_POINT('',(7.261635474501E-02,-115.6834762787,
    -364.7709676624));
#4070 = DIRECTION('',(0.693472426921,-0.138188252391,-0.707106781187));
#4071 = DIRECTION('',(-6.275760802972E-02,-0.98928947114,0.131787043848)
  );
#4072 = PCURVE('',#3974,#4073);
#4073 = DEFINITIONAL_REPRESENTATION('',(#4074),#4100);
#4074 = B_SPLINE_CURVE_WITH_KNOTS('',3,(#4075,#4076,#4077,#4078,#4079,
    #4080,#4081,#4082,#4083,#4084,#4085,#4086,#4087,#4088,#4089,#4090,
    #4091,#4092,#4093,#4094,#4095,#4096,#4097,#4098,#4099),
  .UNSPECIFIED.,.F.,.F.,(4,1,1,1,1,1,1,1,1,1,1,1,1,1,1,1,1,1,1,1,1,1,4),
  (0.,2.079768283624E-04,4.159536567249E-04,6.239304850873E-04,
    8.319073134497E-04,1.039884141812E-03,1.247860970175E-03,
    1.455837798537E-03,1.663814626899E-03,1.871791455262E-03,
    2.079768283624E-03,2.287745111987E-03,2.495721940349E-03,
    2.703698768712E-03,2.911675597074E-03,3.119652425437E-03,
    3.327629253799E-03,3.535606082161E-03,3.743582910524E-03,
    3.951559738886E-03,4.159536567249E-03,4.367513395611E-03,
    4.575490223974E-03),.UNSPECIFIED.);
#4075 = CARTESIAN_POINT('',(7.329697056853,-0.499999999956));
#4076 = CARTESIAN_POINT('',(7.329893387415,-0.492427571038));
#4077 = CARTESIAN_POINT('',(7.330285387466,-0.477282393566));
#4078 = CARTESIAN_POINT('',(7.330871417214,-0.45456367566));
#4079 = CARTESIAN_POINT('',(7.33145548956,-0.431844013276));
#4080 = CARTESIAN_POINT('',(7.332037617282,-0.409123413556));
#4081 = CARTESIAN_POINT('',(7.332617813058,-0.386401883586));
#4082 = CARTESIAN_POINT('',(7.333196089457,-0.363679430393));
#4083 = CARTESIAN_POINT('',(7.333772458939,-0.340956060944));
#4084 = CARTESIAN_POINT('',(7.33434693386,-0.318231782151));
#4085 = CARTESIAN_POINT('',(7.334919526471,-0.295506600866));
#4086 = CARTESIAN_POINT('',(7.335490248919,-0.272780523886));
#4087 = CARTESIAN_POINT('',(7.336059113248,-0.250053557952));
#4088 = CARTESIAN_POINT('',(7.336626131401,-0.227325709749));
#4089 = CARTESIAN_POINT('',(7.337191315221,-0.204596985909));
#4090 = CARTESIAN_POINT('',(7.33775467645,-0.181867393008));
#4091 = CARTESIAN_POINT('',(7.338316226734,-0.159136937569));
#4092 = CARTESIAN_POINT('',(7.338875977619,-0.136405626062));
#4093 = CARTESIAN_POINT('',(7.339433940557,-0.113673464904));
#4094 = CARTESIAN_POINT('',(7.339990126903,-9.094046046188E-02));
#4095 = CARTESIAN_POINT('',(7.340544547918,-6.820661904936E-02));
#4096 = CARTESIAN_POINT('',(7.341097214769,-4.547194692886E-02));
#4097 = CARTESIAN_POINT('',(7.341648138537,-2.273645031753E-02));
#4098 = CARTESIAN_POINT('',(7.342014266299,-7.578907015199E-03));
#4099 = CARTESIAN_POINT('',(7.342197043324,-1.711519814763E-12));
#4100 = ( GEOMETRIC_REPRESENTATION_CONTEXT(2) 
PARAMETRIC_REPRESENTATION_CONTEXT() REPRESENTATION_CONTEXT('2D SPACE',''
  ) );
#4101 = PCURVE('',#3518,#4102);
#4102 = DEFINITIONAL_REPRESENTATION('',(#4103),#4107);
#4103 = CIRCLE('',#4104,157.23068867305);
#4104 = AXIS2_PLACEMENT_2D('',#4105,#4106);
#4105 = CARTESIAN_POINT('',(-149.294750947,29.303873494665));
#4106 = DIRECTION('',(0.982478676687,-0.18637502476));
#4107 = ( GEOMETRIC_REPRESENTATION_CONTEXT(2) 
PARAMETRIC_REPRESENTATION_CONTEXT() REPRESENTATION_CONTEXT('2D SPACE',''
  ) );
#4108 = ORIENTED_EDGE('',*,*,#3957,.F.);
#4109 = ORIENTED_EDGE('',*,*,#4110,.T.);
#4110 = EDGE_CURVE('',#3911,#4035,#4111,.T.);
#4111 = SURFACE_CURVE('',#4112,(#4117,#4146),.PCURVE_S1.);
#4112 = CIRCLE('',#4113,157.23068867846);
#4113 = AXIS2_PLACEMENT_3D('',#4114,#4115,#4116);
#4114 = CARTESIAN_POINT('',(58.29275541653,-127.2856647824,
    -364.7709676636));
#4115 = DIRECTION('',(-0.693469407676,0.13820340306,-0.707106781187));
#4116 = DIRECTION('',(-0.318315927682,-0.939220532645,0.128607003083));
#4117 = PCURVE('',#3974,#4118);
#4118 = DEFINITIONAL_REPRESENTATION('',(#4119),#4145);
#4119 = B_SPLINE_CURVE_WITH_KNOTS('',3,(#4120,#4121,#4122,#4123,#4124,
    #4125,#4126,#4127,#4128,#4129,#4130,#4131,#4132,#4133,#4134,#4135,
    #4136,#4137,#4138,#4139,#4140,#4141,#4142,#4143,#4144),
  .UNSPECIFIED.,.F.,.F.,(4,1,1,1,1,1,1,1,1,1,1,1,1,1,1,1,1,1,1,1,1,1,4),
  (0.,2.079768284064E-04,4.159536568128E-04,6.239304852192E-04,
    8.319073136257E-04,1.039884142032E-03,1.247860970438E-03,
    1.455837798845E-03,1.663814627251E-03,1.871791455658E-03,
    2.079768284064E-03,2.287745112471E-03,2.495721940877E-03,
    2.703698769283E-03,2.91167559769E-03,3.119652426096E-03,
    3.327629254503E-03,3.535606082909E-03,3.743582911315E-03,
    3.951559739722E-03,4.159536568128E-03,4.367513396535E-03,
    4.575490224941E-03),.UNSPECIFIED.);
#4120 = CARTESIAN_POINT('',(5.224173571035,7.779288324631E-11));
#4121 = CARTESIAN_POINT('',(5.22435634806,-7.578906937543E-03));
#4122 = CARTESIAN_POINT('',(5.224722475822,-2.27364502436E-02));
#4123 = CARTESIAN_POINT('',(5.22527339959,-4.547194686057E-02));
#4124 = CARTESIAN_POINT('',(5.225826066441,-6.820661898659E-02));
#4125 = CARTESIAN_POINT('',(5.226380487457,-9.094046040477E-02));
#4126 = CARTESIAN_POINT('',(5.226936673803,-0.113673464853));
#4127 = CARTESIAN_POINT('',(5.227494636741,-0.136405626016));
#4128 = CARTESIAN_POINT('',(5.228054387626,-0.159136937528));
#4129 = CARTESIAN_POINT('',(5.22861593791,-0.181867392973));
#4130 = CARTESIAN_POINT('',(5.22917929914,-0.20459698588));
#4131 = CARTESIAN_POINT('',(5.229744482959,-0.227325709726));
#4132 = CARTESIAN_POINT('',(5.230311501113,-0.250053557934));
#4133 = CARTESIAN_POINT('',(5.230880365442,-0.272780523873));
#4134 = CARTESIAN_POINT('',(5.231451087889,-0.295506600859));
#4135 = CARTESIAN_POINT('',(5.232023680501,-0.31823178215));
#4136 = CARTESIAN_POINT('',(5.232598155422,-0.340956060949));
#4137 = CARTESIAN_POINT('',(5.233174524904,-0.363679430403));
#4138 = CARTESIAN_POINT('',(5.233752801303,-0.386401883602));
#4139 = CARTESIAN_POINT('',(5.23433299708,-0.409123413577));
#4140 = CARTESIAN_POINT('',(5.234915124802,-0.431844013303));
#4141 = CARTESIAN_POINT('',(5.235499197148,-0.454563675692));
#4142 = CARTESIAN_POINT('',(5.236085226896,-0.477282393604));
#4143 = CARTESIAN_POINT('',(5.236477226947,-0.492427571079));
#4144 = CARTESIAN_POINT('',(5.236673557509,-0.5));
#4145 = ( GEOMETRIC_REPRESENTATION_CONTEXT(2) 
PARAMETRIC_REPRESENTATION_CONTEXT() REPRESENTATION_CONTEXT('2D SPACE',''
  ) );
#4146 = PCURVE('',#3599,#4147);
#4147 = DEFINITIONAL_REPRESENTATION('',(#4148),#4156);
#4148 = ( BOUNDED_CURVE() B_SPLINE_CURVE(2,(#4149,#4150,#4151,#4152,
#4153,#4154,#4155),.UNSPECIFIED.,.T.,.F.) B_SPLINE_CURVE_WITH_KNOTS((1,2
    ,2,2,2,1),(-2.094395102393,0.,2.094395102393,4.188790204786,
6.28318530718,8.377580409573),.UNSPECIFIED.) CURVE() 
GEOMETRIC_REPRESENTATION_ITEM() RATIONAL_B_SPLINE_CURVE((1.,0.5,1.,0.5,
1.,0.5,1.)) REPRESENTATION_ITEM('') );
#4149 = CARTESIAN_POINT('',(1.3410149284E-04,17.361034501993));
#4150 = CARTESIAN_POINT('',(267.78911497087,-32.17208685982));
#4151 = CARTESIAN_POINT('',(90.997683108113,-239.3175864653));
#4152 = CARTESIAN_POINT('',(-85.79374875465,-446.4630860708));
#4153 = CARTESIAN_POINT('',(-176.7912977612,-189.7844651035));
#4154 = CARTESIAN_POINT('',(-267.7888467678,66.894155863811));
#4155 = CARTESIAN_POINT('',(1.3410149284E-04,17.361034501993));
#4156 = ( GEOMETRIC_REPRESENTATION_CONTEXT(2) 
PARAMETRIC_REPRESENTATION_CONTEXT() REPRESENTATION_CONTEXT('2D SPACE',''
  ) );
#4157 = ADVANCED_FACE('',(#4158,#4189),#4053,.F.);
#4158 = FACE_BOUND('',#4159,.T.);
#4159 = EDGE_LOOP('',(#4160));
#4160 = ORIENTED_EDGE('',*,*,#4161,.T.);
#4161 = EDGE_CURVE('',#4162,#4162,#4164,.T.);
#4162 = VERTEX_POINT('',#4163);
#4163 = CARTESIAN_POINT('',(1.275169622373,-261.5253461513,
    -344.0499999999));
#4164 = SURFACE_CURVE('',#4165,(#4170,#4177),.PCURVE_S1.);
#4165 = CIRCLE('',#4166,6.5);
#4166 = AXIS2_PLACEMENT_3D('',#4167,#4168,#4169);
#4167 = CARTESIAN_POINT('',(4.819932363008E-03,-267.899999998,
    -344.0499999999));
#4168 = DIRECTION('',(0.,0.,-1.));
#4169 = DIRECTION('',(0.195438413848,0.980715976414,0.));
#4170 = PCURVE('',#4053,#4171);
#4171 = DEFINITIONAL_REPRESENTATION('',(#4172),#4176);
#4172 = CIRCLE('',#4173,6.5);
#4173 = AXIS2_PLACEMENT_2D('',#4174,#4175);
#4174 = CARTESIAN_POINT('',(2.169802269504E-15,1.088813457632E-14));
#4175 = DIRECTION('',(4.089784066963E-13,1.));
#4176 = ( GEOMETRIC_REPRESENTATION_CONTEXT(2) 
PARAMETRIC_REPRESENTATION_CONTEXT() REPRESENTATION_CONTEXT('2D SPACE',''
  ) );
#4177 = PCURVE('',#4178,#4183);
#4178 = CYLINDRICAL_SURFACE('',#4179,6.5);
#4179 = AXIS2_PLACEMENT_3D('',#4180,#4181,#4182);
#4180 = CARTESIAN_POINT('',(4.819932363006E-03,-267.899999998,
    -351.0499999999));
#4181 = DIRECTION('',(-3.064104139906E-16,-8.673617379884E-16,1.));
#4182 = DIRECTION('',(0.195438413848,0.980715976413,9.105198790718E-16)
  );
#4183 = DEFINITIONAL_REPRESENTATION('',(#4184),#4188);
#4184 = LINE('',#4185,#4186);
#4185 = CARTESIAN_POINT('',(6.28318530718,7.));
#4186 = VECTOR('',#4187,1.);
#4187 = DIRECTION('',(-1.,0.));
#4188 = ( GEOMETRIC_REPRESENTATION_CONTEXT(2) 
PARAMETRIC_REPRESENTATION_CONTEXT() REPRESENTATION_CONTEXT('2D SPACE',''
  ) );
#4189 = FACE_BOUND('',#4190,.T.);
#4190 = EDGE_LOOP('',(#4191,#4217,#4238,#4239));
#4191 = ORIENTED_EDGE('',*,*,#4192,.F.);
#4192 = EDGE_CURVE('',#4193,#4195,#4197,.T.);
#4193 = VERTEX_POINT('',#4194);
#4194 = CARTESIAN_POINT('',(-7.769764981336,-261.0678459146,
    -344.0499999999));
#4195 = VERTEX_POINT('',#4196);
#4196 = CARTESIAN_POINT('',(9.80451819305,-264.5700729719,
    -344.0499999999));
#4197 = SURFACE_CURVE('',#4198,(#4203,#4210),.PCURVE_S1.);
#4198 = CIRCLE('',#4199,10.35);
#4199 = AXIS2_PLACEMENT_3D('',#4200,#4201,#4202);
#4200 = CARTESIAN_POINT('',(4.819932363006E-03,-267.899999998,
    -344.0499999999));
#4201 = DIRECTION('',(3.064104139906E-16,8.673617379884E-16,-1.));
#4202 = DIRECTION('',(-0.195438413848,-0.980715976413,
    -9.105198790718E-16));
#4203 = PCURVE('',#4053,#4204);
#4204 = DEFINITIONAL_REPRESENTATION('',(#4205),#4209);
#4205 = CIRCLE('',#4206,10.35);
#4206 = AXIS2_PLACEMENT_2D('',#4207,#4208);
#4207 = CARTESIAN_POINT('',(0.,0.));
#4208 = DIRECTION('',(0.,-1.));
#4209 = ( GEOMETRIC_REPRESENTATION_CONTEXT(2) 
PARAMETRIC_REPRESENTATION_CONTEXT() REPRESENTATION_CONTEXT('2D SPACE',''
  ) );
#4210 = PCURVE('',#3548,#4211);
#4211 = DEFINITIONAL_REPRESENTATION('',(#4212),#4216);
#4212 = LINE('',#4213,#4214);
#4213 = CARTESIAN_POINT('',(0.,-0.5));
#4214 = VECTOR('',#4215,1.);
#4215 = DIRECTION('',(1.,1.185220470339E-14));
#4216 = ( GEOMETRIC_REPRESENTATION_CONTEXT(2) 
PARAMETRIC_REPRESENTATION_CONTEXT() REPRESENTATION_CONTEXT('2D SPACE',''
  ) );
#4217 = ORIENTED_EDGE('',*,*,#4218,.T.);
#4218 = EDGE_CURVE('',#4193,#4037,#4219,.T.);
#4219 = SURFACE_CURVE('',#4220,(#4224,#4231),.PCURVE_S1.);
#4220 = LINE('',#4221,#4222);
#4221 = CARTESIAN_POINT('',(-8.782285278239,-266.1489935188,
    -344.0499999999));
#4222 = VECTOR('',#4223,1.);
#4223 = DIRECTION('',(-0.1954277007,-0.980718111283,-9.105184481589E-16)
  );
#4224 = PCURVE('',#4053,#4225);
#4225 = DEFINITIONAL_REPRESENTATION('',(#4226),#4230);
#4226 = LINE('',#4227,#4228);
#4227 = CARTESIAN_POINT('',(8.959868395394,-9.787572830033E-05));
#4228 = VECTOR('',#4229,1.);
#4229 = DIRECTION('',(-1.092379100784E-05,-0.99999999994));
#4230 = ( GEOMETRIC_REPRESENTATION_CONTEXT(2) 
PARAMETRIC_REPRESENTATION_CONTEXT() REPRESENTATION_CONTEXT('2D SPACE',''
  ) );
#4231 = PCURVE('',#3518,#4232);
#4232 = DEFINITIONAL_REPRESENTATION('',(#4233),#4237);
#4233 = LINE('',#4234,#4235);
#4234 = CARTESIAN_POINT('',(0.,0.));
#4235 = VECTOR('',#4236,1.);
#4236 = DIRECTION('',(1.,2.642053242852E-13));
#4237 = ( GEOMETRIC_REPRESENTATION_CONTEXT(2) 
PARAMETRIC_REPRESENTATION_CONTEXT() REPRESENTATION_CONTEXT('2D SPACE',''
  ) );
#4238 = ORIENTED_EDGE('',*,*,#4034,.F.);
#4239 = ORIENTED_EDGE('',*,*,#4240,.T.);
#4240 = EDGE_CURVE('',#4035,#4195,#4241,.T.);
#4241 = SURFACE_CURVE('',#4242,(#4246,#4253),.PCURVE_S1.);
#4242 = LINE('',#4243,#4244);
#4243 = CARTESIAN_POINT('',(9.61261940304,-265.5329721285,
    -344.0499999999));
#4244 = VECTOR('',#4245,1.);
#4245 = DIRECTION('',(0.195449126972,0.980713841427,9.10521309876E-16));
#4246 = PCURVE('',#4053,#4247);
#4247 = DEFINITIONAL_REPRESENTATION('',(#4248),#4252);
#4248 = LINE('',#4249,#4250);
#4249 = CARTESIAN_POINT('',(-8.95991426671,4.199115137403));
#4250 = VECTOR('',#4251,1.);
#4251 = DIRECTION('',(-1.092379014153E-05,0.99999999994));
#4252 = ( GEOMETRIC_REPRESENTATION_CONTEXT(2) 
PARAMETRIC_REPRESENTATION_CONTEXT() REPRESENTATION_CONTEXT('2D SPACE',''
  ) );
#4253 = PCURVE('',#3599,#4254);
#4254 = DEFINITIONAL_REPRESENTATION('',(#4255),#4259);
#4255 = LINE('',#4256,#4257);
#4256 = CARTESIAN_POINT('',(0.70716740377,7.848305894151));
#4257 = VECTOR('',#4258,1.);
#4258 = DIRECTION('',(-7.72428659937E-06,-0.99999999997));
#4259 = ( GEOMETRIC_REPRESENTATION_CONTEXT(2) 
PARAMETRIC_REPRESENTATION_CONTEXT() REPRESENTATION_CONTEXT('2D SPACE',''
  ) );
#4260 = ADVANCED_FACE('',(#4261),#4178,.F.);
#4261 = FACE_BOUND('',#4262,.F.);
#4262 = EDGE_LOOP('',(#4263,#4264,#4287,#4314));
#4263 = ORIENTED_EDGE('',*,*,#4161,.T.);
#4264 = ORIENTED_EDGE('',*,*,#4265,.F.);
#4265 = EDGE_CURVE('',#4266,#4162,#4268,.T.);
#4266 = VERTEX_POINT('',#4267);
#4267 = CARTESIAN_POINT('',(1.275169622373,-261.5253461513,
    -351.0499999999));
#4268 = SEAM_CURVE('',#4269,(#4273,#4280),.PCURVE_S1.);
#4269 = LINE('',#4270,#4271);
#4270 = CARTESIAN_POINT('',(1.275169622373,-261.5253461513,
    -351.0499999999));
#4271 = VECTOR('',#4272,1.);
#4272 = DIRECTION('',(-3.064104139906E-16,-8.673617379884E-16,1.));
#4273 = PCURVE('',#4178,#4274);
#4274 = DEFINITIONAL_REPRESENTATION('',(#4275),#4279);
#4275 = LINE('',#4276,#4277);
#4276 = CARTESIAN_POINT('',(0.,0.));
#4277 = VECTOR('',#4278,1.);
#4278 = DIRECTION('',(0.,1.));
#4279 = ( GEOMETRIC_REPRESENTATION_CONTEXT(2) 
PARAMETRIC_REPRESENTATION_CONTEXT() REPRESENTATION_CONTEXT('2D SPACE',''
  ) );
#4280 = PCURVE('',#4178,#4281);
#4281 = DEFINITIONAL_REPRESENTATION('',(#4282),#4286);
#4282 = LINE('',#4283,#4284);
#4283 = CARTESIAN_POINT('',(6.28318530718,0.));
#4284 = VECTOR('',#4285,1.);
#4285 = DIRECTION('',(0.,1.));
#4286 = ( GEOMETRIC_REPRESENTATION_CONTEXT(2) 
PARAMETRIC_REPRESENTATION_CONTEXT() REPRESENTATION_CONTEXT('2D SPACE',''
  ) );
#4287 = ORIENTED_EDGE('',*,*,#4288,.F.);
#4288 = EDGE_CURVE('',#4266,#4266,#4289,.T.);
#4289 = SURFACE_CURVE('',#4290,(#4295,#4302),.PCURVE_S1.);
#4290 = CIRCLE('',#4291,6.5);
#4291 = AXIS2_PLACEMENT_3D('',#4292,#4293,#4294);
#4292 = CARTESIAN_POINT('',(4.819932362965E-03,-267.899999998,
    -351.0499999999));
#4293 = DIRECTION('',(0.,0.,-1.));
#4294 = DIRECTION('',(0.195438413848,0.980715976414,0.));
#4295 = PCURVE('',#4178,#4296);
#4296 = DEFINITIONAL_REPRESENTATION('',(#4297),#4301);
#4297 = LINE('',#4298,#4299);
#4298 = CARTESIAN_POINT('',(6.28318530718,0.));
#4299 = VECTOR('',#4300,1.);
#4300 = DIRECTION('',(-1.,0.));
#4301 = ( GEOMETRIC_REPRESENTATION_CONTEXT(2) 
PARAMETRIC_REPRESENTATION_CONTEXT() REPRESENTATION_CONTEXT('2D SPACE',''
  ) );
#4302 = PCURVE('',#4303,#4308);
#4303 = PLANE('',#4304);
#4304 = AXIS2_PLACEMENT_3D('',#4305,#4306,#4307);
#4305 = CARTESIAN_POINT('',(4.819932363E-03,-267.899999998,
    -351.0499999999));
#4306 = DIRECTION('',(-0.,-0.,-1.));
#4307 = DIRECTION('',(-1.,0.,0.));
#4308 = DEFINITIONAL_REPRESENTATION('',(#4309),#4313);
#4309 = CIRCLE('',#4310,6.5);
#4310 = AXIS2_PLACEMENT_2D('',#4311,#4312);
#4311 = CARTESIAN_POINT('',(3.439089291124E-14,0.));
#4312 = DIRECTION('',(-0.195438413848,0.980715976414));
#4313 = ( GEOMETRIC_REPRESENTATION_CONTEXT(2) 
PARAMETRIC_REPRESENTATION_CONTEXT() REPRESENTATION_CONTEXT('2D SPACE',''
  ) );
#4314 = ORIENTED_EDGE('',*,*,#4265,.T.);
#4315 = ADVANCED_FACE('',(#4316),#4303,.F.);
#4316 = FACE_BOUND('',#4317,.F.);
#4317 = EDGE_LOOP('',(#4318));
#4318 = ORIENTED_EDGE('',*,*,#4288,.T.);
#4319 = ADVANCED_FACE('',(#4320),#3852,.T.);
#4320 = FACE_BOUND('',#4321,.T.);
#4321 = EDGE_LOOP('',(#4322,#4323,#4373,#4402,#4431));
#4322 = ORIENTED_EDGE('',*,*,#3835,.T.);
#4323 = ORIENTED_EDGE('',*,*,#4324,.T.);
#4324 = EDGE_CURVE('',#3789,#4325,#4327,.T.);
#4325 = VERTEX_POINT('',#4326);
#4326 = CARTESIAN_POINT('',(-9.794805575141,-271.230141123,
    -351.0499999999));
#4327 = SURFACE_CURVE('',#4328,(#4333,#4362),.PCURVE_S1.);
#4328 = CIRCLE('',#4329,157.2306886783);
#4329 = AXIS2_PLACEMENT_3D('',#4330,#4331,#4332);
#4330 = CARTESIAN_POINT('',(7.2616354978E-02,-115.6834762735,
    -330.329032337));
#4331 = DIRECTION('',(0.693472426921,-0.13818825239,0.707106781187));
#4332 = DIRECTION('',(-6.604097357941E-02,-0.989494228668,
    -0.128607003079));
#4333 = PCURVE('',#3852,#4334);
#4334 = DEFINITIONAL_REPRESENTATION('',(#4335),#4361);
#4335 = B_SPLINE_CURVE_WITH_KNOTS('',3,(#4336,#4337,#4338,#4339,#4340,
    #4341,#4342,#4343,#4344,#4345,#4346,#4347,#4348,#4349,#4350,#4351,
    #4352,#4353,#4354,#4355,#4356,#4357,#4358,#4359,#4360),
  .UNSPECIFIED.,.F.,.F.,(4,1,1,1,1,1,1,1,1,1,1,1,1,1,1,1,1,1,1,1,1,1,4),
  (0.,2.07976828361E-04,4.159536567219E-04,6.239304850829E-04,
    8.319073134439E-04,1.039884141805E-03,1.247860970166E-03,
    1.455837798527E-03,1.663814626888E-03,1.871791455249E-03,
    2.07976828361E-03,2.287745111971E-03,2.495721940332E-03,
    2.703698768693E-03,2.911675597054E-03,3.119652425415E-03,
    3.327629253776E-03,3.535606082136E-03,3.743582910497E-03,
    3.951559738858E-03,4.159536567219E-03,4.36751339558E-03,
    4.575490223941E-03),.UNSPECIFIED.);
#4336 = CARTESIAN_POINT('',(2.082580917444,0.499999999963));
#4337 = CARTESIAN_POINT('',(2.082763694469,0.492421092949));
#4338 = CARTESIAN_POINT('',(2.083129822231,0.477263549646));
#4339 = CARTESIAN_POINT('',(2.083680745999,0.454528053035));
#4340 = CARTESIAN_POINT('',(2.08423341285,0.431793380913));
#4341 = CARTESIAN_POINT('',(2.084787833865,0.4090595395));
#4342 = CARTESIAN_POINT('',(2.085344020211,0.386326535057));
#4343 = CARTESIAN_POINT('',(2.085901983149,0.363594373899));
#4344 = CARTESIAN_POINT('',(2.086461734035,0.340863062392));
#4345 = CARTESIAN_POINT('',(2.087023284318,0.318132606952));
#4346 = CARTESIAN_POINT('',(2.087586645548,0.29540301405));
#4347 = CARTESIAN_POINT('',(2.088151829367,0.272674290209));
#4348 = CARTESIAN_POINT('',(2.08871884752,0.249946442006));
#4349 = CARTESIAN_POINT('',(2.089287711849,0.227219476072));
#4350 = CARTESIAN_POINT('',(2.089858434297,0.204493399091));
#4351 = CARTESIAN_POINT('',(2.090431026908,0.181768217805));
#4352 = CARTESIAN_POINT('',(2.091005501829,0.159043939011));
#4353 = CARTESIAN_POINT('',(2.091581871311,0.136320569562));
#4354 = CARTESIAN_POINT('',(2.09216014771,0.113598116368));
#4355 = CARTESIAN_POINT('',(2.092740343487,9.087658639771E-02));
#4356 = CARTESIAN_POINT('',(2.093322471209,6.815598667709E-02));
#4357 = CARTESIAN_POINT('',(2.093906543555,4.543632429288E-02));
#4358 = CARTESIAN_POINT('',(2.094492573302,2.271760638555E-02));
#4359 = CARTESIAN_POINT('',(2.094884573354,7.572428914078E-03));
#4360 = CARTESIAN_POINT('',(2.095080903915,-5.042188888678E-12));
#4361 = ( GEOMETRIC_REPRESENTATION_CONTEXT(2) 
PARAMETRIC_REPRESENTATION_CONTEXT() REPRESENTATION_CONTEXT('2D SPACE',''
  ) );
#4362 = PCURVE('',#3311,#4363);
#4363 = DEFINITIONAL_REPRESENTATION('',(#4364),#4372);
#4364 = ( BOUNDED_CURVE() B_SPLINE_CURVE(2,(#4365,#4366,#4367,#4368,
#4369,#4370,#4371),.UNSPECIFIED.,.T.,.F.) B_SPLINE_CURVE_WITH_KNOTS((1,2
    ,2,2,2,1),(-2.094395102393,0.,2.094395102393,4.188790204786,
6.28318530718,8.377580409573),.UNSPECIFIED.) CURVE() 
GEOMETRIC_REPRESENTATION_ITEM() RATIONAL_B_SPLINE_CURVE((1.,0.5,1.,0.5,
1.,0.5,1.)) REPRESENTATION_ITEM('') );
#4365 = CARTESIAN_POINT('',(17.361034502504,3.917577373613E-11));
#4366 = CARTESIAN_POINT('',(-32.17001837883,-267.7893634691));
#4367 = CARTESIAN_POINT('',(-239.3168835657,-90.99953166311));
#4368 = CARTESIAN_POINT('',(-446.4637487526,85.790300142902));
#4369 = CARTESIAN_POINT('',(-189.7858306843,176.78983180605));
#4370 = CARTESIAN_POINT('',(66.892087383845,267.7893634692));
#4371 = CARTESIAN_POINT('',(17.361034502504,3.917577373613E-11));
#4372 = ( GEOMETRIC_REPRESENTATION_CONTEXT(2) 
PARAMETRIC_REPRESENTATION_CONTEXT() REPRESENTATION_CONTEXT('2D SPACE',''
  ) );
#4373 = ORIENTED_EDGE('',*,*,#4374,.F.);
#4374 = EDGE_CURVE('',#4375,#4325,#4377,.T.);
#4375 = VERTEX_POINT('',#4376);
#4376 = CARTESIAN_POINT('',(3.454457982109,-277.6582015396,
    -351.0499999999));
#4377 = SURFACE_CURVE('',#4378,(#4383,#4390),.PCURVE_S1.);
#4378 = CIRCLE('',#4379,10.35);
#4379 = AXIS2_PLACEMENT_3D('',#4380,#4381,#4382);
#4380 = CARTESIAN_POINT('',(4.819932363006E-03,-267.899999998,
    -351.0499999999));
#4381 = DIRECTION('',(3.064104139906E-16,8.673617379884E-16,-1.));
#4382 = DIRECTION('',(-0.195438413848,-0.980715976413,
    -9.105198790718E-16));
#4383 = PCURVE('',#3852,#4384);
#4384 = DEFINITIONAL_REPRESENTATION('',(#4385),#4389);
#4385 = LINE('',#4386,#4387);
#4386 = CARTESIAN_POINT('',(9.424777960769,-1.253064945088E-13));
#4387 = VECTOR('',#4388,1.);
#4388 = DIRECTION('',(-1.,1.782277821494E-14));
#4389 = ( GEOMETRIC_REPRESENTATION_CONTEXT(2) 
PARAMETRIC_REPRESENTATION_CONTEXT() REPRESENTATION_CONTEXT('2D SPACE',''
  ) );
#4390 = PCURVE('',#4391,#4396);
#4391 = PLANE('',#4392);
#4392 = AXIS2_PLACEMENT_3D('',#4393,#4394,#4395);
#4393 = CARTESIAN_POINT('',(-8.304656559056,-260.6921847646,
    -351.0499999999));
#4394 = DIRECTION('',(3.064104139906E-16,8.673617379884E-16,-1.));
#4395 = DIRECTION('',(-0.655255930307,-0.755406953765,
    -8.559883291817E-16));
#4396 = DEFINITIONAL_REPRESENTATION('',(#4397),#4401);
#4397 = CIRCLE('',#4398,10.35);
#4398 = AXIS2_PLACEMENT_2D('',#4399,#4400);
#4399 = CARTESIAN_POINT('',(1.152855588771E-12,-11.));
#4400 = DIRECTION('',(0.868901847935,-0.494984422638));
#4401 = ( GEOMETRIC_REPRESENTATION_CONTEXT(2) 
PARAMETRIC_REPRESENTATION_CONTEXT() REPRESENTATION_CONTEXT('2D SPACE',''
  ) );
#4402 = ORIENTED_EDGE('',*,*,#4403,.F.);
#4403 = EDGE_CURVE('',#4404,#4375,#4406,.T.);
#4404 = VERTEX_POINT('',#4405);
#4405 = CARTESIAN_POINT('',(7.779255578165,-274.7323239357,
    -351.0499999999));
#4406 = SURFACE_CURVE('',#4407,(#4412,#4419),.PCURVE_S1.);
#4407 = CIRCLE('',#4408,10.35);
#4408 = AXIS2_PLACEMENT_3D('',#4409,#4410,#4411);
#4409 = CARTESIAN_POINT('',(4.819932363006E-03,-267.899999998,
    -351.0499999999));
#4410 = DIRECTION('',(3.064104139906E-16,8.673617379884E-16,-1.));
#4411 = DIRECTION('',(-0.195438413848,-0.980715976413,
    -9.105198790718E-16));
#4412 = PCURVE('',#3852,#4413);
#4413 = DEFINITIONAL_REPRESENTATION('',(#4414),#4418);
#4414 = LINE('',#4415,#4416);
#4415 = CARTESIAN_POINT('',(9.424777960769,-1.253064945088E-13));
#4416 = VECTOR('',#4417,1.);
#4417 = DIRECTION('',(-1.,1.782277821494E-14));
#4418 = ( GEOMETRIC_REPRESENTATION_CONTEXT(2) 
PARAMETRIC_REPRESENTATION_CONTEXT() REPRESENTATION_CONTEXT('2D SPACE',''
  ) );
#4419 = PCURVE('',#4420,#4425);
#4420 = PLANE('',#4421);
#4421 = AXIS2_PLACEMENT_3D('',#4422,#4423,#4424);
#4422 = CARTESIAN_POINT('',(9.989620026005E-03,-267.8740583462,
    -351.0499999999));
#4423 = DIRECTION('',(0.,0.,-1.));
#4424 = DIRECTION('',(0.,1.,0.));
#4425 = DEFINITIONAL_REPRESENTATION('',(#4426),#4430);
#4426 = CIRCLE('',#4427,10.35);
#4427 = AXIS2_PLACEMENT_2D('',#4428,#4429);
#4428 = CARTESIAN_POINT('',(-2.5941651824E-02,-5.169687662999E-03));
#4429 = DIRECTION('',(-0.980715976413,-0.195438413848));
#4430 = ( GEOMETRIC_REPRESENTATION_CONTEXT(2) 
PARAMETRIC_REPRESENTATION_CONTEXT() REPRESENTATION_CONTEXT('2D SPACE',''
  ) );
#4431 = ORIENTED_EDGE('',*,*,#4432,.T.);
#4432 = EDGE_CURVE('',#4404,#3836,#4433,.T.);
#4433 = SURFACE_CURVE('',#4434,(#4439,#4468),.PCURVE_S1.);
#4434 = CIRCLE('',#4435,157.23068867111);
#4435 = AXIS2_PLACEMENT_3D('',#4436,#4437,#4438);
#4436 = CARTESIAN_POINT('',(58.29275541387,-127.2856647892,
    -330.3290323369));
#4437 = DIRECTION('',(-0.693469407677,0.138203403057,0.707106781186));
#4438 = DIRECTION('',(-0.321269977653,-0.937772774467,-0.131787043854));
#4439 = PCURVE('',#3852,#4440);
#4440 = DEFINITIONAL_REPRESENTATION('',(#4441),#4467);
#4441 = B_SPLINE_CURVE_WITH_KNOTS('',3,(#4442,#4443,#4444,#4445,#4446,
    #4447,#4448,#4449,#4450,#4451,#4452,#4453,#4454,#4455,#4456,#4457,
    #4458,#4459,#4460,#4461,#4462,#4463,#4464,#4465,#4466),
  .UNSPECIFIED.,.F.,.F.,(4,1,1,1,1,1,1,1,1,1,1,1,1,1,1,1,1,1,1,1,1,1,4),
  (0.,2.079768284056E-04,4.159536568112E-04,6.239304852168E-04,
    8.319073136224E-04,1.039884142028E-03,1.247860970434E-03,
    1.455837798839E-03,1.663814627245E-03,1.87179145565E-03,
    2.079768284056E-03,2.287745112462E-03,2.495721940867E-03,
    2.703698769273E-03,2.911675597678E-03,3.119652426084E-03,
    3.32762925449E-03,3.535606082895E-03,3.743582911301E-03,
    3.951559739706E-03,4.159536568112E-03,4.367513396518E-03,
    4.575490224923E-03),.UNSPECIFIED.);
#4442 = CARTESIAN_POINT('',(4.188104403262,-5.532552194159E-11));
#4443 = CARTESIAN_POINT('',(4.188300733823,7.572428865069E-03));
#4444 = CARTESIAN_POINT('',(4.188692733875,2.271760633911E-02));
#4445 = CARTESIAN_POINT('',(4.189278763622,4.543632425032E-02));
#4446 = CARTESIAN_POINT('',(4.189862835969,6.815598663826E-02));
#4447 = CARTESIAN_POINT('',(4.190444963691,9.087658636281E-02));
#4448 = CARTESIAN_POINT('',(4.191025159468,0.113598116337));
#4449 = CARTESIAN_POINT('',(4.191603435866,0.136320569535));
#4450 = CARTESIAN_POINT('',(4.192179805349,0.159043938988));
#4451 = CARTESIAN_POINT('',(4.19275428027,0.181768217786));
#4452 = CARTESIAN_POINT('',(4.193326872881,0.204493399075));
#4453 = CARTESIAN_POINT('',(4.193897595329,0.22721947606));
#4454 = CARTESIAN_POINT('',(4.194466459658,0.249946441998));
#4455 = CARTESIAN_POINT('',(4.195033477811,0.272674290205));
#4456 = CARTESIAN_POINT('',(4.195598661631,0.29540301405));
#4457 = CARTESIAN_POINT('',(4.19616202286,0.318132606955));
#4458 = CARTESIAN_POINT('',(4.196723573144,0.340863062399));
#4459 = CARTESIAN_POINT('',(4.19728332403,0.36359437391));
#4460 = CARTESIAN_POINT('',(4.197841286968,0.386326535072));
#4461 = CARTESIAN_POINT('',(4.198397473313,0.409059539519));
#4462 = CARTESIAN_POINT('',(4.198951894329,0.431793380936));
#4463 = CARTESIAN_POINT('',(4.19950456118,0.454528053061));
#4464 = CARTESIAN_POINT('',(4.200055484948,0.477263549677));
#4465 = CARTESIAN_POINT('',(4.20042161271,0.492421092982));
#4466 = CARTESIAN_POINT('',(4.200604389735,0.499999999997));
#4467 = ( GEOMETRIC_REPRESENTATION_CONTEXT(2) 
PARAMETRIC_REPRESENTATION_CONTEXT() REPRESENTATION_CONTEXT('2D SPACE',''
  ) );
#4468 = PCURVE('',#3178,#4469);
#4469 = DEFINITIONAL_REPRESENTATION('',(#4470),#4474);
#4470 = CIRCLE('',#4471,157.23068867111);
#4471 = AXIS2_PLACEMENT_2D('',#4472,#4473);
#4472 = CARTESIAN_POINT('',(149.29429822426,-29.30617988164));
#4473 = DIRECTION('',(-0.982475797342,0.186390202633));
#4474 = ( GEOMETRIC_REPRESENTATION_CONTEXT(2) 
PARAMETRIC_REPRESENTATION_CONTEXT() REPRESENTATION_CONTEXT('2D SPACE',''
  ) );
#4475 = ADVANCED_FACE('',(#4476),#4391,.F.);
#4476 = FACE_BOUND('',#4477,.F.);
#4477 = EDGE_LOOP('',(#4478,#4501,#4534,#4557,#4578));
#4478 = ORIENTED_EDGE('',*,*,#4479,.F.);
#4479 = EDGE_CURVE('',#4480,#4375,#4482,.T.);
#4480 = VERTEX_POINT('',#4481);
#4481 = CARTESIAN_POINT('',(3.259644233337,-277.8827911292,
    -351.0499999999));
#4482 = SURFACE_CURVE('',#4483,(#4487,#4494),.PCURVE_S1.);
#4483 = LINE('',#4484,#4485);
#4484 = CARTESIAN_POINT('',(10.4370524243,-269.6083691718,
    -351.0499999999));
#4485 = VECTOR('',#4486,1.);
#4486 = DIRECTION('',(0.655255930307,0.755406953765,8.559883291853E-16)
  );
#4487 = PCURVE('',#4391,#4488);
#4488 = DEFINITIONAL_REPRESENTATION('',(#4489),#4493);
#4489 = LINE('',#4490,#4491);
#4490 = CARTESIAN_POINT('',(-5.545268253197,-19.99999999999));
#4491 = VECTOR('',#4492,1.);
#4492 = DIRECTION('',(-1.,0.));
#4493 = ( GEOMETRIC_REPRESENTATION_CONTEXT(2) 
PARAMETRIC_REPRESENTATION_CONTEXT() REPRESENTATION_CONTEXT('2D SPACE',''
  ) );
#4494 = PCURVE('',#3039,#4495);
#4495 = DEFINITIONAL_REPRESENTATION('',(#4496),#4500);
#4496 = LINE('',#4497,#4498);
#4497 = CARTESIAN_POINT('',(4.913180615689,-2.595676554843));
#4498 = VECTOR('',#4499,1.);
#4499 = DIRECTION('',(0.852427978175,-0.522844663379));
#4500 = ( GEOMETRIC_REPRESENTATION_CONTEXT(2) 
PARAMETRIC_REPRESENTATION_CONTEXT() REPRESENTATION_CONTEXT('2D SPACE',''
  ) );
#4501 = ORIENTED_EDGE('',*,*,#4502,.F.);
#4502 = EDGE_CURVE('',#4503,#4480,#4505,.T.);
#4503 = VERTEX_POINT('',#4504);
#4504 = CARTESIAN_POINT('',(-10.33768093443,-266.0881843837,
    -351.0499999999));
#4505 = SURFACE_CURVE('',#4506,(#4511,#4522),.PCURVE_S1.);
#4506 = CIRCLE('',#4507,10.5);
#4507 = AXIS2_PLACEMENT_3D('',#4508,#4509,#4510);
#4508 = CARTESIAN_POINT('',(4.819932363006E-03,-267.899999998,
    -351.0499999999));
#4509 = DIRECTION('',(-3.064104139906E-16,-8.673617379884E-16,1.));
#4510 = DIRECTION('',(0.755406953765,-0.655255930307,-3.368793651039E-16
    ));
#4511 = PCURVE('',#4391,#4512);
#4512 = DEFINITIONAL_REPRESENTATION('',(#4513),#4521);
#4513 = ( BOUNDED_CURVE() B_SPLINE_CURVE(2,(#4514,#4515,#4516,#4517,
#4518,#4519,#4520),.UNSPECIFIED.,.T.,.F.) B_SPLINE_CURVE_WITH_KNOTS((1,2
    ,2,2,2,1),(-2.094395102393,0.,2.094395102393,4.188790204786,
6.28318530718,8.377580409573),.UNSPECIFIED.) CURVE() 
GEOMETRIC_REPRESENTATION_ITEM() RATIONAL_B_SPLINE_CURVE((1.,0.5,1.,0.5,
1.,0.5,1.)) REPRESENTATION_ITEM('') );
#4514 = CARTESIAN_POINT('',(1.152855588771E-12,-21.5));
#4515 = CARTESIAN_POINT('',(-18.18653347947,-21.5));
#4516 = CARTESIAN_POINT('',(-9.093266739735,-5.750000000001));
#4517 = CARTESIAN_POINT('',(1.150283830493E-12,9.999999999999));
#4518 = CARTESIAN_POINT('',(9.093266739738,-5.750000000001));
#4519 = CARTESIAN_POINT('',(18.186533479474,-21.5));
#4520 = CARTESIAN_POINT('',(1.152855588771E-12,-21.5));
#4521 = ( GEOMETRIC_REPRESENTATION_CONTEXT(2) 
PARAMETRIC_REPRESENTATION_CONTEXT() REPRESENTATION_CONTEXT('2D SPACE',''
  ) );
#4522 = PCURVE('',#4523,#4528);
#4523 = CONICAL_SURFACE('',#4524,10.5,0.785398163397);
#4524 = AXIS2_PLACEMENT_3D('',#4525,#4526,#4527);
#4525 = CARTESIAN_POINT('',(4.819932363006E-03,-267.899999998,
    -351.0499999999));
#4526 = DIRECTION('',(3.064104139906E-16,8.673617379884E-16,-1.));
#4527 = DIRECTION('',(0.755406953765,-0.655255930307,-3.368793651039E-16
    ));
#4528 = DEFINITIONAL_REPRESENTATION('',(#4529),#4533);
#4529 = LINE('',#4530,#4531);
#4530 = CARTESIAN_POINT('',(6.28318530718,-2.46601148643E-14));
#4531 = VECTOR('',#4532,1.);
#4532 = DIRECTION('',(-1.,8.625630564053E-15));
#4533 = ( GEOMETRIC_REPRESENTATION_CONTEXT(2) 
PARAMETRIC_REPRESENTATION_CONTEXT() REPRESENTATION_CONTEXT('2D SPACE',''
  ) );
#4534 = ORIENTED_EDGE('',*,*,#4535,.F.);
#4535 = EDGE_CURVE('',#4536,#4503,#4538,.T.);
#4536 = VERTEX_POINT('',#4537);
#4537 = CARTESIAN_POINT('',(-8.302671283218,-263.7421385558,
    -351.0499999999));
#4538 = SURFACE_CURVE('',#4539,(#4543,#4550),.PCURVE_S1.);
#4539 = LINE('',#4540,#4541);
#4540 = CARTESIAN_POINT('',(-6.793842651525,-262.0026966252,
    -351.0499999999));
#4541 = VECTOR('',#4542,1.);
#4542 = DIRECTION('',(-0.655255930307,-0.755406953765,
    -8.559883291853E-16));
#4543 = PCURVE('',#4391,#4544);
#4544 = DEFINITIONAL_REPRESENTATION('',(#4545),#4549);
#4545 = LINE('',#4546,#4547);
#4546 = CARTESIAN_POINT('',(9.847678228425E-14,-2.));
#4547 = VECTOR('',#4548,1.);
#4548 = DIRECTION('',(1.,0.));
#4549 = ( GEOMETRIC_REPRESENTATION_CONTEXT(2) 
PARAMETRIC_REPRESENTATION_CONTEXT() REPRESENTATION_CONTEXT('2D SPACE',''
  ) );
#4550 = PCURVE('',#3092,#4551);
#4551 = DEFINITIONAL_REPRESENTATION('',(#4552),#4556);
#4552 = LINE('',#4553,#4554);
#4553 = CARTESIAN_POINT('',(0.,0.));
#4554 = VECTOR('',#4555,1.);
#4555 = DIRECTION('',(-1.,2.675637489347E-14));
#4556 = ( GEOMETRIC_REPRESENTATION_CONTEXT(2) 
PARAMETRIC_REPRESENTATION_CONTEXT() REPRESENTATION_CONTEXT('2D SPACE',''
  ) );
#4557 = ORIENTED_EDGE('',*,*,#4558,.F.);
#4558 = EDGE_CURVE('',#4325,#4536,#4559,.T.);
#4559 = SURFACE_CURVE('',#4560,(#4564,#4571),.PCURVE_S1.);
#4560 = LINE('',#4561,#4562);
#4561 = CARTESIAN_POINT('',(-7.961642734284,-262.0307492635,
    -351.0499999999));
#4562 = VECTOR('',#4563,1.);
#4563 = DIRECTION('',(0.1954277007,0.980718111283,9.105184481589E-16));
#4564 = PCURVE('',#4391,#4565);
#4565 = DEFINITIONAL_REPRESENTATION('',(#4566),#4570);
#4566 = LINE('',#4567,#4568);
#4567 = CARTESIAN_POINT('',(0.786399087623,-1.13621735443));
#4568 = VECTOR('',#4569,1.);
#4569 = DIRECTION('',(-0.868896440777,0.494993914311));
#4570 = ( GEOMETRIC_REPRESENTATION_CONTEXT(2) 
PARAMETRIC_REPRESENTATION_CONTEXT() REPRESENTATION_CONTEXT('2D SPACE',''
  ) );
#4571 = PCURVE('',#3311,#4572);
#4572 = DEFINITIONAL_REPRESENTATION('',(#4573),#4577);
#4573 = LINE('',#4574,#4575);
#4574 = CARTESIAN_POINT('',(7.848311356282,-0.707106781183));
#4575 = VECTOR('',#4576,1.);
#4576 = DIRECTION('',(-1.,-2.629285678069E-13));
#4577 = ( GEOMETRIC_REPRESENTATION_CONTEXT(2) 
PARAMETRIC_REPRESENTATION_CONTEXT() REPRESENTATION_CONTEXT('2D SPACE',''
  ) );
#4578 = ORIENTED_EDGE('',*,*,#4374,.F.);
#4579 = ADVANCED_FACE('',(#4580),#4523,.T.);
#4580 = FACE_BOUND('',#4581,.T.);
#4581 = EDGE_LOOP('',(#4582,#4629,#4658,#4703));
#4582 = ORIENTED_EDGE('',*,*,#4583,.F.);
#4583 = EDGE_CURVE('',#4584,#4503,#4586,.T.);
#4584 = VERTEX_POINT('',#4585);
#4585 = CARTESIAN_POINT('',(-10.80511603646,-265.864002859,
    -351.5499999999));
#4586 = SURFACE_CURVE('',#4587,(#4592,#4621),.PCURVE_S1.);
#4587 = B_SPLINE_CURVE_WITH_KNOTS('',3,(#4588,#4589,#4590,#4591),
  .UNSPECIFIED.,.F.,.F.,(4,4),(-7.202450489961E-04,0.),
  .PIECEWISE_BEZIER_KNOTS.);
#4588 = CARTESIAN_POINT('',(-10.80511603646,-265.864002859,
    -351.5499999999));
#4589 = CARTESIAN_POINT('',(-10.64960424364,-265.9391893658,
    -351.3832589058));
#4590 = CARTESIAN_POINT('',(-10.4937998589,-266.0139277456,
    -351.2165904236));
#4591 = CARTESIAN_POINT('',(-10.33768093443,-266.0881843837,
    -351.0499999999));
#4592 = PCURVE('',#4523,#4593);
#4593 = DEFINITIONAL_REPRESENTATION('',(#4594),#4620);
#4594 = B_SPLINE_CURVE_WITH_KNOTS('',3,(#4595,#4596,#4597,#4598,#4599,
    #4600,#4601,#4602,#4603,#4604,#4605,#4606,#4607,#4608,#4609,#4610,
    #4611,#4612,#4613,#4614,#4615,#4616,#4617,#4618,#4619),
  .UNSPECIFIED.,.F.,.F.,(4,1,1,1,1,1,1,1,1,1,1,1,1,1,1,1,1,1,1,1,1,1,4),
  (-7.202450489961E-04,-6.875066376781E-04,-6.547682263601E-04,
    -6.220298150421E-04,-5.892914037241E-04,-5.565529924061E-04,
    -5.238145810881E-04,-4.910761697701E-04,-4.583377584521E-04,
    -4.255993471341E-04,-3.928609358161E-04,-3.601225244981E-04,
    -3.2738411318E-04,-2.94645701862E-04,-2.61907290544E-04,
    -2.29168879226E-04,-1.96430467908E-04,-1.6369205659E-04,
    -1.30953645272E-04,-9.821523395401E-05,-6.547682263601E-05,
    -3.2738411318E-05,0.),.UNSPECIFIED.);
#4595 = CARTESIAN_POINT('',(2.6132353893,0.500000000001));
#4596 = CARTESIAN_POINT('',(2.613049010721,0.492420859361));
#4597 = CARTESIAN_POINT('',(2.612675668863,0.477262878547));
#4598 = CARTESIAN_POINT('',(2.612113892835,0.454526811496));
#4599 = CARTESIAN_POINT('',(2.61155034446,0.43179165138));
#4600 = CARTESIAN_POINT('',(2.610985014528,0.409057401006));
#4601 = CARTESIAN_POINT('',(2.610417893758,0.386324063205));
#4602 = CARTESIAN_POINT('',(2.60984897279,0.363591640839));
#4603 = CARTESIAN_POINT('',(2.609278242185,0.3408601368));
#4604 = CARTESIAN_POINT('',(2.608705692423,0.318129554011));
#4605 = CARTESIAN_POINT('',(2.608131313904,0.295399895425));
#4606 = CARTESIAN_POINT('',(2.607555096949,0.272671164025));
#4607 = CARTESIAN_POINT('',(2.606977031792,0.249943362829));
#4608 = CARTESIAN_POINT('',(2.606397108587,0.227216494884));
#4609 = CARTESIAN_POINT('',(2.605815317404,0.20449056327));
#4610 = CARTESIAN_POINT('',(2.605231648225,0.181765571101));
#4611 = CARTESIAN_POINT('',(2.604646090951,0.159041521522));
#4612 = CARTESIAN_POINT('',(2.604058635391,0.136318417715));
#4613 = CARTESIAN_POINT('',(2.60346927127,0.113596262893));
#4614 = CARTESIAN_POINT('',(2.602877988223,9.087506030439E-02));
#4615 = CARTESIAN_POINT('',(2.602284775795,6.815481323357E-02));
#4616 = CARTESIAN_POINT('',(2.60168962344,4.543552500002E-02));
#4617 = CARTESIAN_POINT('',(2.601092520529,2.271719895613E-02));
#4618 = CARTESIAN_POINT('',(2.60069314438,7.572291987872E-03));
#4619 = CARTESIAN_POINT('',(2.600493127633,2.788880237858E-13));
#4620 = ( GEOMETRIC_REPRESENTATION_CONTEXT(2) 
PARAMETRIC_REPRESENTATION_CONTEXT() REPRESENTATION_CONTEXT('2D SPACE',''
  ) );
#4621 = PCURVE('',#3092,#4622);
#4622 = DEFINITIONAL_REPRESENTATION('',(#4623),#4628);
#4623 = B_SPLINE_CURVE_WITH_KNOTS('',3,(#4624,#4625,#4626,#4627),
  .UNSPECIFIED.,.F.,.F.,(4,4),(-7.202450489961E-04,0.),
  .PIECEWISE_BEZIER_KNOTS.);
#4624 = CARTESIAN_POINT('',(-5.545268253205,-0.707106781187));
#4625 = CARTESIAN_POINT('',(-5.500164638775,-0.471299264481));
#4626 = CARTESIAN_POINT('',(-5.45453078353,-0.2355944365));
#4627 = CARTESIAN_POINT('',(-5.408326913196,-4.831690603169E-13));
#4628 = ( GEOMETRIC_REPRESENTATION_CONTEXT(2) 
PARAMETRIC_REPRESENTATION_CONTEXT() REPRESENTATION_CONTEXT('2D SPACE',''
  ) );
#4629 = ORIENTED_EDGE('',*,*,#4630,.F.);
#4630 = EDGE_CURVE('',#4631,#4584,#4633,.T.);
#4631 = VERTEX_POINT('',#4632);
#4632 = CARTESIAN_POINT('',(3.547616085075,-278.3138655349,
    -351.5499999999));
#4633 = SURFACE_CURVE('',#4634,(#4639,#4646),.PCURVE_S1.);
#4634 = CIRCLE('',#4635,11.);
#4635 = AXIS2_PLACEMENT_3D('',#4636,#4637,#4638);
#4636 = CARTESIAN_POINT('',(4.819932363006E-03,-267.899999998,
    -351.5499999999));
#4637 = DIRECTION('',(3.064104139906E-16,8.673617379884E-16,-1.));
#4638 = DIRECTION('',(0.755406953765,-0.655255930307,-3.368793651039E-16
    ));
#4639 = PCURVE('',#4523,#4640);
#4640 = DEFINITIONAL_REPRESENTATION('',(#4641),#4645);
#4641 = LINE('',#4642,#4643);
#4642 = CARTESIAN_POINT('',(3.330669073875E-16,0.5));
#4643 = VECTOR('',#4644,1.);
#4644 = DIRECTION('',(1.,-9.790117569969E-15));
#4645 = ( GEOMETRIC_REPRESENTATION_CONTEXT(2) 
PARAMETRIC_REPRESENTATION_CONTEXT() REPRESENTATION_CONTEXT('2D SPACE',''
  ) );
#4646 = PCURVE('',#4647,#4652);
#4647 = CYLINDRICAL_SURFACE('',#4648,11.);
#4648 = AXIS2_PLACEMENT_3D('',#4649,#4650,#4651);
#4649 = CARTESIAN_POINT('',(4.819932363006E-03,-267.899999998,
    -351.0499999999));
#4650 = DIRECTION('',(-3.064104139906E-16,-8.673617379884E-16,1.));
#4651 = DIRECTION('',(-0.755406953765,0.655255930307,3.368793651039E-16)
  );
#4652 = DEFINITIONAL_REPRESENTATION('',(#4653),#4657);
#4653 = LINE('',#4654,#4655);
#4654 = CARTESIAN_POINT('',(3.14159265359,-0.5));
#4655 = VECTOR('',#4656,1.);
#4656 = DIRECTION('',(-1.,2.726462433412E-14));
#4657 = ( GEOMETRIC_REPRESENTATION_CONTEXT(2) 
PARAMETRIC_REPRESENTATION_CONTEXT() REPRESENTATION_CONTEXT('2D SPACE',''
  ) );
#4658 = ORIENTED_EDGE('',*,*,#4659,.F.);
#4659 = EDGE_CURVE('',#4480,#4631,#4660,.T.);
#4660 = SURFACE_CURVE('',#4661,(#4666,#4695),.PCURVE_S1.);
#4661 = B_SPLINE_CURVE_WITH_KNOTS('',3,(#4662,#4663,#4664,#4665),
  .UNSPECIFIED.,.F.,.F.,(4,4),(0.,7.202450489961E-04),
  .PIECEWISE_BEZIER_KNOTS.);
#4662 = CARTESIAN_POINT('',(3.259644233337,-277.8827911292,
    -351.0499999999));
#4663 = CARTESIAN_POINT('',(3.355212437728,-278.0268532172,
    -351.2165904236));
#4664 = CARTESIAN_POINT('',(3.45121311392,-278.1705358602,
    -351.3832589058));
#4665 = CARTESIAN_POINT('',(3.547616085075,-278.3138655349,
    -351.5499999999));
#4666 = PCURVE('',#4523,#4667);
#4667 = DEFINITIONAL_REPRESENTATION('',(#4668),#4694);
#4668 = B_SPLINE_CURVE_WITH_KNOTS('',3,(#4669,#4670,#4671,#4672,#4673,
    #4674,#4675,#4676,#4677,#4678,#4679,#4680,#4681,#4682,#4683,#4684,
    #4685,#4686,#4687,#4688,#4689,#4690,#4691,#4692,#4693),
  .UNSPECIFIED.,.F.,.F.,(4,1,1,1,1,1,1,1,1,1,1,1,1,1,1,1,1,1,1,1,1,1,4),
  (0.,3.2738411318E-05,6.547682263601E-05,9.821523395401E-05,
    1.30953645272E-04,1.6369205659E-04,1.96430467908E-04,
    2.29168879226E-04,2.61907290544E-04,2.94645701862E-04,
    3.2738411318E-04,3.601225244981E-04,3.928609358161E-04,
    4.255993471341E-04,4.583377584521E-04,4.910761697701E-04,
    5.238145810881E-04,5.565529924061E-04,5.892914037241E-04,
    6.220298150421E-04,6.547682263601E-04,6.875066376781E-04,
    7.202450489961E-04),.UNSPECIFIED.);
#4669 = CARTESIAN_POINT('',(0.541099525957,-2.938094212368E-12));
#4670 = CARTESIAN_POINT('',(0.54089950921,7.572291984637E-03));
#4671 = CARTESIAN_POINT('',(0.540500133061,2.271719895293E-02));
#4672 = CARTESIAN_POINT('',(0.53990303015,4.543552499697E-02));
#4673 = CARTESIAN_POINT('',(0.539307877795,6.815481323056E-02));
#4674 = CARTESIAN_POINT('',(0.538714665367,9.087506030148E-02));
#4675 = CARTESIAN_POINT('',(0.53812338232,0.11359626289));
#4676 = CARTESIAN_POINT('',(0.537534018199,0.136318417712));
#4677 = CARTESIAN_POINT('',(0.536946562639,0.15904152152));
#4678 = CARTESIAN_POINT('',(0.536361005365,0.181765571098));
#4679 = CARTESIAN_POINT('',(0.535777336187,0.204490563268));
#4680 = CARTESIAN_POINT('',(0.535195545003,0.227216494882));
#4681 = CARTESIAN_POINT('',(0.534615621798,0.249943362827));
#4682 = CARTESIAN_POINT('',(0.534037556641,0.272671164023));
#4683 = CARTESIAN_POINT('',(0.533461339686,0.295399895423));
#4684 = CARTESIAN_POINT('',(0.532886961167,0.31812955401));
#4685 = CARTESIAN_POINT('',(0.532314411405,0.340860136799));
#4686 = CARTESIAN_POINT('',(0.5317436808,0.363591640838));
#4687 = CARTESIAN_POINT('',(0.531174759832,0.386324063204));
#4688 = CARTESIAN_POINT('',(0.530607639062,0.409057401005));
#4689 = CARTESIAN_POINT('',(0.53004230913,0.431791651379));
#4690 = CARTESIAN_POINT('',(0.529478760755,0.454526811495));
#4691 = CARTESIAN_POINT('',(0.528916984727,0.477262878546));
#4692 = CARTESIAN_POINT('',(0.528543642869,0.492420859361));
#4693 = CARTESIAN_POINT('',(0.52835726429,0.5));
#4694 = ( GEOMETRIC_REPRESENTATION_CONTEXT(2) 
PARAMETRIC_REPRESENTATION_CONTEXT() REPRESENTATION_CONTEXT('2D SPACE',''
  ) );
#4695 = PCURVE('',#3039,#4696);
#4696 = DEFINITIONAL_REPRESENTATION('',(#4697),#4702);
#4697 = B_SPLINE_CURVE_WITH_KNOTS('',3,(#4698,#4699,#4700,#4701),
  .UNSPECIFIED.,.F.,.F.,(4,4),(0.,7.202450489961E-04),
  .PIECEWISE_BEZIER_KNOTS.);
#4698 = CARTESIAN_POINT('',(-4.42397036575,3.131352222717));
#4699 = CARTESIAN_POINT('',(-4.58653513137,2.954682380574));
#4700 = CARTESIAN_POINT('',(-4.748671717777,2.777620408296));
#4701 = CARTESIAN_POINT('',(-4.91041000233,2.600193667695));
#4702 = ( GEOMETRIC_REPRESENTATION_CONTEXT(2) 
PARAMETRIC_REPRESENTATION_CONTEXT() REPRESENTATION_CONTEXT('2D SPACE',''
  ) );
#4703 = ORIENTED_EDGE('',*,*,#4502,.F.);
#4704 = ADVANCED_FACE('',(#4705),#4647,.T.);
#4705 = FACE_BOUND('',#4706,.T.);
#4706 = EDGE_LOOP('',(#4707,#4730,#4754,#4775));
#4707 = ORIENTED_EDGE('',*,*,#4708,.T.);
#4708 = EDGE_CURVE('',#4584,#4709,#4711,.T.);
#4709 = VERTEX_POINT('',#4710);
#4710 = CARTESIAN_POINT('',(-10.80511603646,-265.864002859,
    -356.2499999999));
#4711 = SURFACE_CURVE('',#4712,(#4716,#4723),.PCURVE_S1.);
#4712 = LINE('',#4713,#4714);
#4713 = CARTESIAN_POINT('',(-10.80511603646,-265.864002859,
    -351.0499999999));
#4714 = VECTOR('',#4715,1.);
#4715 = DIRECTION('',(3.064104139906E-16,8.673617379884E-16,-1.));
#4716 = PCURVE('',#4647,#4717);
#4717 = DEFINITIONAL_REPRESENTATION('',(#4718),#4722);
#4718 = LINE('',#4719,#4720);
#4719 = CARTESIAN_POINT('',(0.52835726429,0.));
#4720 = VECTOR('',#4721,1.);
#4721 = DIRECTION('',(1.181088324069E-16,-1.));
#4722 = ( GEOMETRIC_REPRESENTATION_CONTEXT(2) 
PARAMETRIC_REPRESENTATION_CONTEXT() REPRESENTATION_CONTEXT('2D SPACE',''
  ) );
#4723 = PCURVE('',#2749,#4724);
#4724 = DEFINITIONAL_REPRESENTATION('',(#4725),#4729);
#4725 = LINE('',#4726,#4727);
#4726 = CARTESIAN_POINT('',(5.5,16.96929467621));
#4727 = VECTOR('',#4728,1.);
#4728 = DIRECTION('',(-1.,-4.535950205021E-29));
#4729 = ( GEOMETRIC_REPRESENTATION_CONTEXT(2) 
PARAMETRIC_REPRESENTATION_CONTEXT() REPRESENTATION_CONTEXT('2D SPACE',''
  ) );
#4730 = ORIENTED_EDGE('',*,*,#4731,.T.);
#4731 = EDGE_CURVE('',#4709,#4732,#4734,.T.);
#4732 = VERTEX_POINT('',#4733);
#4733 = CARTESIAN_POINT('',(3.547616085075,-278.3138655349,
    -356.2499999999));
#4734 = SURFACE_CURVE('',#4735,(#4740,#4747),.PCURVE_S1.);
#4735 = CIRCLE('',#4736,11.);
#4736 = AXIS2_PLACEMENT_3D('',#4737,#4738,#4739);
#4737 = CARTESIAN_POINT('',(4.819932363006E-03,-267.899999998,
    -356.2499999999));
#4738 = DIRECTION('',(-3.064104139906E-16,-8.673617379884E-16,1.));
#4739 = DIRECTION('',(-0.755406953765,0.655255930307,3.368793651039E-16)
  );
#4740 = PCURVE('',#4647,#4741);
#4741 = DEFINITIONAL_REPRESENTATION('',(#4742),#4746);
#4742 = LINE('',#4743,#4744);
#4743 = CARTESIAN_POINT('',(1.110223024625E-16,-5.2));
#4744 = VECTOR('',#4745,1.);
#4745 = DIRECTION('',(1.,-2.726462433412E-14));
#4746 = ( GEOMETRIC_REPRESENTATION_CONTEXT(2) 
PARAMETRIC_REPRESENTATION_CONTEXT() REPRESENTATION_CONTEXT('2D SPACE',''
  ) );
#4747 = PCURVE('',#2721,#4748);
#4748 = DEFINITIONAL_REPRESENTATION('',(#4749),#4753);
#4749 = LINE('',#4750,#4751);
#4750 = CARTESIAN_POINT('',(1.110223024625E-16,1.433248447138E-14));
#4751 = VECTOR('',#4752,1.);
#4752 = DIRECTION('',(1.,-1.704039020884E-14));
#4753 = ( GEOMETRIC_REPRESENTATION_CONTEXT(2) 
PARAMETRIC_REPRESENTATION_CONTEXT() REPRESENTATION_CONTEXT('2D SPACE',''
  ) );
#4754 = ORIENTED_EDGE('',*,*,#4755,.F.);
#4755 = EDGE_CURVE('',#4631,#4732,#4756,.T.);
#4756 = SURFACE_CURVE('',#4757,(#4761,#4768),.PCURVE_S1.);
#4757 = LINE('',#4758,#4759);
#4758 = CARTESIAN_POINT('',(3.547616085075,-278.3138655349,
    -351.0499999999));
#4759 = VECTOR('',#4760,1.);
#4760 = DIRECTION('',(3.064104139906E-16,8.673617379884E-16,-1.));
#4761 = PCURVE('',#4647,#4762);
#4762 = DEFINITIONAL_REPRESENTATION('',(#4763),#4767);
#4763 = LINE('',#4764,#4765);
#4764 = CARTESIAN_POINT('',(2.613235389299,-5.684341886081E-14));
#4765 = VECTOR('',#4766,1.);
#4766 = DIRECTION('',(0.,-1.));
#4767 = ( GEOMETRIC_REPRESENTATION_CONTEXT(2) 
PARAMETRIC_REPRESENTATION_CONTEXT() REPRESENTATION_CONTEXT('2D SPACE',''
  ) );
#4768 = PCURVE('',#2688,#4769);
#4769 = DEFINITIONAL_REPRESENTATION('',(#4770),#4774);
#4770 = LINE('',#4771,#4772);
#4771 = CARTESIAN_POINT('',(-16.9692946762,5.5));
#4772 = VECTOR('',#4773,1.);
#4773 = DIRECTION('',(-3.602974273177E-27,-1.));
#4774 = ( GEOMETRIC_REPRESENTATION_CONTEXT(2) 
PARAMETRIC_REPRESENTATION_CONTEXT() REPRESENTATION_CONTEXT('2D SPACE',''
  ) );
#4775 = ORIENTED_EDGE('',*,*,#4630,.T.);
#4776 = ADVANCED_FACE('',(#4777),#4420,.T.);
#4777 = FACE_BOUND('',#4778,.T.);
#4778 = EDGE_LOOP('',(#4779,#4800,#4821));
#4779 = ORIENTED_EDGE('',*,*,#4780,.T.);
#4780 = EDGE_CURVE('',#4375,#3140,#4781,.T.);
#4781 = SURFACE_CURVE('',#4782,(#4786,#4793),.PCURVE_S1.);
#4782 = LINE('',#4783,#4784);
#4783 = CARTESIAN_POINT('',(10.4370524243,-269.6083691718,
    -351.0499999999));
#4784 = VECTOR('',#4785,1.);
#4785 = DIRECTION('',(0.655255930307,0.755406953765,8.559883291853E-16)
  );
#4786 = PCURVE('',#4420,#4787);
#4787 = DEFINITIONAL_REPRESENTATION('',(#4788),#4792);
#4788 = LINE('',#4789,#4790);
#4789 = CARTESIAN_POINT('',(-1.734310825626,10.427062804274));
#4790 = VECTOR('',#4791,1.);
#4791 = DIRECTION('',(0.755406953765,0.655255930307));
#4792 = ( GEOMETRIC_REPRESENTATION_CONTEXT(2) 
PARAMETRIC_REPRESENTATION_CONTEXT() REPRESENTATION_CONTEXT('2D SPACE',''
  ) );
#4793 = PCURVE('',#3039,#4794);
#4794 = DEFINITIONAL_REPRESENTATION('',(#4795),#4799);
#4795 = LINE('',#4796,#4797);
#4796 = CARTESIAN_POINT('',(4.913180615689,-2.595676554843));
#4797 = VECTOR('',#4798,1.);
#4798 = DIRECTION('',(0.852427978175,-0.522844663379));
#4799 = ( GEOMETRIC_REPRESENTATION_CONTEXT(2) 
PARAMETRIC_REPRESENTATION_CONTEXT() REPRESENTATION_CONTEXT('2D SPACE',''
  ) );
#4800 = ORIENTED_EDGE('',*,*,#4801,.T.);
#4801 = EDGE_CURVE('',#3140,#4404,#4802,.T.);
#4802 = SURFACE_CURVE('',#4803,(#4807,#4814),.PCURVE_S1.);
#4803 = LINE('',#4804,#4805);
#4804 = CARTESIAN_POINT('',(8.79188688561,-269.6511984538,
    -351.0499999999));
#4805 = VECTOR('',#4806,1.);
#4806 = DIRECTION('',(-0.195449126972,-0.980713841427,-9.10521309876E-16
    ));
#4807 = PCURVE('',#4420,#4808);
#4808 = DEFINITIONAL_REPRESENTATION('',(#4809),#4813);
#4809 = LINE('',#4810,#4811);
#4810 = CARTESIAN_POINT('',(-1.777140107593,8.781897265584));
#4811 = VECTOR('',#4812,1.);
#4812 = DIRECTION('',(-0.980713841427,-0.195449126972));
#4813 = ( GEOMETRIC_REPRESENTATION_CONTEXT(2) 
PARAMETRIC_REPRESENTATION_CONTEXT() REPRESENTATION_CONTEXT('2D SPACE',''
  ) );
#4814 = PCURVE('',#3178,#4815);
#4815 = DEFINITIONAL_REPRESENTATION('',(#4816),#4820);
#4816 = LINE('',#4817,#4818);
#4817 = CARTESIAN_POINT('',(0.,0.));
#4818 = VECTOR('',#4819,1.);
#4819 = DIRECTION('',(-0.999999999881,1.544857299376E-05));
#4820 = ( GEOMETRIC_REPRESENTATION_CONTEXT(2) 
PARAMETRIC_REPRESENTATION_CONTEXT() REPRESENTATION_CONTEXT('2D SPACE',''
  ) );
#4821 = ORIENTED_EDGE('',*,*,#4403,.T.);
#4822 = ADVANCED_FACE('',(#4823),#3599,.T.);
#4823 = FACE_BOUND('',#4824,.T.);
#4824 = EDGE_LOOP('',(#4825,#4873,#4874,#4875,#4876,#4877));
#4825 = ORIENTED_EDGE('',*,*,#4826,.F.);
#4826 = EDGE_CURVE('',#4195,#3532,#4827,.T.);
#4827 = SURFACE_CURVE('',#4828,(#4833,#4844),.PCURVE_S1.);
#4828 = CIRCLE('',#4829,157.23068867316);
#4829 = AXIS2_PLACEMENT_3D('',#4830,#4831,#4832);
#4830 = CARTESIAN_POINT('',(-6.6302053369E-02,-420.1165221998,
    -364.7709676629));
#4831 = DIRECTION('',(-0.693469407676,0.138203403057,-0.707106781187));
#4832 = DIRECTION('',(6.27792215991E-02,0.989288099801,0.131787043851));
#4833 = PCURVE('',#3599,#4834);
#4834 = DEFINITIONAL_REPRESENTATION('',(#4835),#4843);
#4835 = ( BOUNDED_CURVE() B_SPLINE_CURVE(2,(#4836,#4837,#4838,#4839,
#4840,#4841,#4842),.UNSPECIFIED.,.T.,.F.) B_SPLINE_CURVE_WITH_KNOTS((1,2
    ,2,2,2,1),(-2.094395102393,0.,2.094395102393,4.188790204786,
6.28318530718,8.377580409573),.UNSPECIFIED.) CURVE() 
GEOMETRIC_REPRESENTATION_ITEM() RATIONAL_B_SPLINE_CURVE((1.,0.5,1.,0.5,
1.,0.5,1.)) REPRESENTATION_ITEM('') );
#4836 = CARTESIAN_POINT('',(0.707159819746,6.866470912414));
#4837 = CARTESIAN_POINT('',(-266.8531645323,-43.88726012778));
#4838 = CARTESIAN_POINT('',(-177.0270227739,213.20364332604));
#4839 = CARTESIAN_POINT('',(-87.20088101556,470.29454677988));
#4840 = CARTESIAN_POINT('',(90.533301578147,263.95737436624));
#4841 = CARTESIAN_POINT('',(268.26748417185,57.620201952613));
#4842 = CARTESIAN_POINT('',(0.707159819746,6.866470912414));
#4843 = ( GEOMETRIC_REPRESENTATION_CONTEXT(2) 
PARAMETRIC_REPRESENTATION_CONTEXT() REPRESENTATION_CONTEXT('2D SPACE',''
  ) );
#4844 = PCURVE('',#3548,#4845);
#4845 = DEFINITIONAL_REPRESENTATION('',(#4846),#4872);
#4846 = B_SPLINE_CURVE_WITH_KNOTS('',3,(#4847,#4848,#4849,#4850,#4851,
    #4852,#4853,#4854,#4855,#4856,#4857,#4858,#4859,#4860,#4861,#4862,
    #4863,#4864,#4865,#4866,#4867,#4868,#4869,#4870,#4871),
  .UNSPECIFIED.,.F.,.F.,(4,1,1,1,1,1,1,1,1,1,1,1,1,1,1,1,1,1,1,1,1,1,4),
  (0.,2.079768283591E-04,4.159536567183E-04,6.239304850774E-04,
    8.319073134366E-04,1.039884141796E-03,1.247860970155E-03,
    1.455837798514E-03,1.663814626873E-03,1.871791455232E-03,
    2.079768283591E-03,2.287745111951E-03,2.49572194031E-03,
    2.703698768669E-03,2.911675597028E-03,3.119652425387E-03,
    3.327629253746E-03,3.535606082105E-03,3.743582910465E-03,
    3.951559738824E-03,4.159536567183E-03,4.367513395542E-03,
    4.575490223901E-03),.UNSPECIFIED.);
#4847 = CARTESIAN_POINT('',(4.188126250837,-0.499999999941));
#4848 = CARTESIAN_POINT('',(4.188322581399,-0.492427571022));
#4849 = CARTESIAN_POINT('',(4.18871458145,-0.477282393552));
#4850 = CARTESIAN_POINT('',(4.189300611198,-0.454563675645));
#4851 = CARTESIAN_POINT('',(4.189884683544,-0.431844013262));
#4852 = CARTESIAN_POINT('',(4.190466811266,-0.409123413542));
#4853 = CARTESIAN_POINT('',(4.191047007043,-0.386401883573));
#4854 = CARTESIAN_POINT('',(4.191625283441,-0.36367943038));
#4855 = CARTESIAN_POINT('',(4.192201652924,-0.340956060932));
#4856 = CARTESIAN_POINT('',(4.192776127845,-0.318231782139));
#4857 = CARTESIAN_POINT('',(4.193348720456,-0.295506600854));
#4858 = CARTESIAN_POINT('',(4.193919442903,-0.272780523874));
#4859 = CARTESIAN_POINT('',(4.194488307232,-0.25005355794));
#4860 = CARTESIAN_POINT('',(4.195055325385,-0.227325709738));
#4861 = CARTESIAN_POINT('',(4.195620509205,-0.204596985899));
#4862 = CARTESIAN_POINT('',(4.196183870434,-0.181867392998));
#4863 = CARTESIAN_POINT('',(4.196745420718,-0.159136937559));
#4864 = CARTESIAN_POINT('',(4.197305171603,-0.136405626052));
#4865 = CARTESIAN_POINT('',(4.197863134541,-0.113673464895));
#4866 = CARTESIAN_POINT('',(4.198419320887,-9.094046045326E-02));
#4867 = CARTESIAN_POINT('',(4.198973741903,-6.820661904107E-02));
#4868 = CARTESIAN_POINT('',(4.199526408753,-4.547194692101E-02));
#4869 = CARTESIAN_POINT('',(4.200077332522,-2.273645030996E-02));
#4870 = CARTESIAN_POINT('',(4.200443460283,-7.578907007877E-03));
#4871 = CARTESIAN_POINT('',(4.200626237309,5.45075096173E-12));
#4872 = ( GEOMETRIC_REPRESENTATION_CONTEXT(2) 
PARAMETRIC_REPRESENTATION_CONTEXT() REPRESENTATION_CONTEXT('2D SPACE',''
  ) );
#4873 = ORIENTED_EDGE('',*,*,#4240,.F.);
#4874 = ORIENTED_EDGE('',*,*,#4110,.F.);
#4875 = ORIENTED_EDGE('',*,*,#3910,.T.);
#4876 = ORIENTED_EDGE('',*,*,#3739,.F.);
#4877 = ORIENTED_EDGE('',*,*,#3560,.T.);
#4878 = ADVANCED_FACE('',(#4879),#3548,.T.);
#4879 = FACE_BOUND('',#4880,.T.);
#4880 = EDGE_LOOP('',(#4881,#4882,#4926,#4927));
#4881 = ORIENTED_EDGE('',*,*,#3531,.F.);
#4882 = ORIENTED_EDGE('',*,*,#4883,.T.);
#4883 = EDGE_CURVE('',#3480,#4193,#4884,.T.);
#4884 = SURFACE_CURVE('',#4885,(#4890,#4919),.PCURVE_S1.);
#4885 = CIRCLE('',#4886,157.23068867856);
#4886 = AXIS2_PLACEMENT_3D('',#4887,#4888,#4889);
#4887 = CARTESIAN_POINT('',(-58.28004345418,-408.5156086307,
    -364.7709676643));
#4888 = DIRECTION('',(0.693472426922,-0.138188252392,-0.707106781186));
#4889 = DIRECTION('',(0.318295407906,0.939227486854,0.128607003088));
#4890 = PCURVE('',#3548,#4891);
#4891 = DEFINITIONAL_REPRESENTATION('',(#4892),#4918);
#4892 = B_SPLINE_CURVE_WITH_KNOTS('',3,(#4893,#4894,#4895,#4896,#4897,
    #4898,#4899,#4900,#4901,#4902,#4903,#4904,#4905,#4906,#4907,#4908,
    #4909,#4910,#4911,#4912,#4913,#4914,#4915,#4916,#4917),
  .UNSPECIFIED.,.F.,.F.,(4,1,1,1,1,1,1,1,1,1,1,1,1,1,1,1,1,1,1,1,1,1,4),
  (0.,2.079768283673E-04,4.159536567346E-04,6.239304851018E-04,
    8.319073134691E-04,1.039884141836E-03,1.247860970204E-03,
    1.455837798571E-03,1.663814626938E-03,1.871791455306E-03,
    2.079768283673E-03,2.28774511204E-03,2.495721940407E-03,
    2.703698768775E-03,2.911675597142E-03,3.119652425509E-03,
    3.327629253876E-03,3.535606082244E-03,3.743582910611E-03,
    3.951559738978E-03,4.159536567346E-03,4.367513395713E-03,
    4.57549022408E-03),.UNSPECIFIED.);
#4893 = CARTESIAN_POINT('',(2.082559069867,-1.408562155803E-11));
#4894 = CARTESIAN_POINT('',(2.082741846893,-7.578907027983E-03));
#4895 = CARTESIAN_POINT('',(2.083107974654,-2.273645033119E-02));
#4896 = CARTESIAN_POINT('',(2.083658898423,-4.547194694392E-02));
#4897 = CARTESIAN_POINT('',(2.084211565273,-6.820661906567E-02));
#4898 = CARTESIAN_POINT('',(2.084765986289,-9.094046047955E-02));
#4899 = CARTESIAN_POINT('',(2.085322172635,-0.113673464923));
#4900 = CARTESIAN_POINT('',(2.085880135573,-0.136405626082));
#4901 = CARTESIAN_POINT('',(2.086439886458,-0.15913693759));
#4902 = CARTESIAN_POINT('',(2.087001436742,-0.181867393031));
#4903 = CARTESIAN_POINT('',(2.087564797971,-0.204596985933));
#4904 = CARTESIAN_POINT('',(2.088129981791,-0.227325709775));
#4905 = CARTESIAN_POINT('',(2.088696999944,-0.250053557979));
#4906 = CARTESIAN_POINT('',(2.089265864273,-0.272780523914));
#4907 = CARTESIAN_POINT('',(2.089836586721,-0.295506600895));
#4908 = CARTESIAN_POINT('',(2.090409179332,-0.318231782182));
#4909 = CARTESIAN_POINT('',(2.090983654253,-0.340956060976));
#4910 = CARTESIAN_POINT('',(2.091560023735,-0.363679430426));
#4911 = CARTESIAN_POINT('',(2.092138300134,-0.386401883621));
#4912 = CARTESIAN_POINT('',(2.09271849591,-0.409123413592));
#4913 = CARTESIAN_POINT('',(2.093300623632,-0.431844013313));
#4914 = CARTESIAN_POINT('',(2.093884695979,-0.454563675698));
#4915 = CARTESIAN_POINT('',(2.094470725726,-0.477282393606));
#4916 = CARTESIAN_POINT('',(2.094862725778,-0.492427571078));
#4917 = CARTESIAN_POINT('',(2.095059056339,-0.499999999998));
#4918 = ( GEOMETRIC_REPRESENTATION_CONTEXT(2) 
PARAMETRIC_REPRESENTATION_CONTEXT() REPRESENTATION_CONTEXT('2D SPACE',''
  ) );
#4919 = PCURVE('',#3518,#4920);
#4920 = DEFINITIONAL_REPRESENTATION('',(#4921),#4925);
#4921 = CIRCLE('',#4922,157.23068867856);
#4922 = AXIS2_PLACEMENT_2D('',#4923,#4924);
#4923 = CARTESIAN_POINT('',(149.2947509524,29.30387349576));
#4924 = DIRECTION('',(-0.983321146684,-0.181877767979));
#4925 = ( GEOMETRIC_REPRESENTATION_CONTEXT(2) 
PARAMETRIC_REPRESENTATION_CONTEXT() REPRESENTATION_CONTEXT('2D SPACE',''
  ) );
#4926 = ORIENTED_EDGE('',*,*,#4192,.T.);
#4927 = ORIENTED_EDGE('',*,*,#4826,.T.);
#4928 = ADVANCED_FACE('',(#4929),#3518,.F.);
#4929 = FACE_BOUND('',#4930,.T.);
#4930 = EDGE_LOOP('',(#4931,#4932,#4933,#4954,#4955,#4956));
#4931 = ORIENTED_EDGE('',*,*,#4883,.F.);
#4932 = ORIENTED_EDGE('',*,*,#3479,.F.);
#4933 = ORIENTED_EDGE('',*,*,#4934,.T.);
#4934 = EDGE_CURVE('',#3453,#3766,#4935,.T.);
#4935 = SURFACE_CURVE('',#4936,(#4940,#4947),.PCURVE_S1.);
#4936 = LINE('',#4937,#4938);
#4937 = CARTESIAN_POINT('',(-9.311873058332,-266.0434625604,
    -344.5899999999));
#4938 = VECTOR('',#4939,1.);
#4939 = DIRECTION('',(-0.1954277007,-0.980718111283,-9.105184481589E-16)
  );
#4940 = PCURVE('',#3518,#4941);
#4941 = DEFINITIONAL_REPRESENTATION('',(#4942),#4946);
#4942 = LINE('',#4943,#4944);
#4943 = CARTESIAN_POINT('',(-1.669775429036E-13,0.763675323681));
#4944 = VECTOR('',#4945,1.);
#4945 = DIRECTION('',(1.,2.642053242852E-13));
#4946 = ( GEOMETRIC_REPRESENTATION_CONTEXT(2) 
PARAMETRIC_REPRESENTATION_CONTEXT() REPRESENTATION_CONTEXT('2D SPACE',''
  ) );
#4947 = PCURVE('',#3467,#4948);
#4948 = DEFINITIONAL_REPRESENTATION('',(#4949),#4953);
#4949 = LINE('',#4950,#4951);
#4950 = CARTESIAN_POINT('',(-13.0259487074,12.04752436966));
#4951 = VECTOR('',#4952,1.);
#4952 = DIRECTION('',(-2.796573538767E-27,1.));
#4953 = ( GEOMETRIC_REPRESENTATION_CONTEXT(2) 
PARAMETRIC_REPRESENTATION_CONTEXT() REPRESENTATION_CONTEXT('2D SPACE',''
  ) );
#4954 = ORIENTED_EDGE('',*,*,#3986,.F.);
#4955 = ORIENTED_EDGE('',*,*,#4065,.F.);
#4956 = ORIENTED_EDGE('',*,*,#4218,.F.);
#4957 = ADVANCED_FACE('',(#4958),#3467,.F.);
#4958 = FACE_BOUND('',#4959,.T.);
#4959 = EDGE_LOOP('',(#4960,#4961,#4982,#4983));
#4960 = ORIENTED_EDGE('',*,*,#3452,.F.);
#4961 = ORIENTED_EDGE('',*,*,#4962,.T.);
#4962 = EDGE_CURVE('',#3406,#3764,#4963,.T.);
#4963 = SURFACE_CURVE('',#4964,(#4968,#4975),.PCURVE_S1.);
#4964 = LINE('',#4965,#4966);
#4965 = CARTESIAN_POINT('',(-6.957453071639,-254.228237215,
    -350.5099999999));
#4966 = VECTOR('',#4967,1.);
#4967 = DIRECTION('',(-0.1954277007,-0.980718111283,-9.105208439298E-16)
  );
#4968 = PCURVE('',#3467,#4969);
#4969 = DEFINITIONAL_REPRESENTATION('',(#4970),#4974);
#4970 = LINE('',#4971,#4972);
#4971 = CARTESIAN_POINT('',(-18.9459487074,1.725063581591E-14));
#4972 = VECTOR('',#4973,1.);
#4973 = DIRECTION('',(-2.395773696657E-21,1.));
#4974 = ( GEOMETRIC_REPRESENTATION_CONTEXT(2) 
PARAMETRIC_REPRESENTATION_CONTEXT() REPRESENTATION_CONTEXT('2D SPACE',''
  ) );
#4975 = PCURVE('',#3311,#4976);
#4976 = DEFINITIONAL_REPRESENTATION('',(#4977),#4981);
#4977 = LINE('',#4978,#4979);
#4978 = CARTESIAN_POINT('',(1.192188708865E-13,5.656854249539E-02));
#4979 = VECTOR('',#4980,1.);
#4980 = DIRECTION('',(1.,2.629285678069E-13));
#4981 = ( GEOMETRIC_REPRESENTATION_CONTEXT(2) 
PARAMETRIC_REPRESENTATION_CONTEXT() REPRESENTATION_CONTEXT('2D SPACE',''
  ) );
#4982 = ORIENTED_EDGE('',*,*,#3763,.T.);
#4983 = ORIENTED_EDGE('',*,*,#4934,.F.);
#4984 = ADVANCED_FACE('',(#4985),#3311,.T.);
#4985 = FACE_BOUND('',#4986,.T.);
#4986 = EDGE_LOOP('',(#4987,#4988,#5009,#5010,#5011,#5012,#5013));
#4987 = ORIENTED_EDGE('',*,*,#3272,.F.);
#4988 = ORIENTED_EDGE('',*,*,#4989,.F.);
#4989 = EDGE_CURVE('',#4536,#3245,#4990,.T.);
#4990 = SURFACE_CURVE('',#4991,(#4995,#5002),.PCURVE_S1.);
#4991 = LINE('',#4992,#4993);
#4992 = CARTESIAN_POINT('',(-7.961642734284,-262.0307492635,
    -351.0499999999));
#4993 = VECTOR('',#4994,1.);
#4994 = DIRECTION('',(0.1954277007,0.980718111283,9.105184481589E-16));
#4995 = PCURVE('',#3311,#4996);
#4996 = DEFINITIONAL_REPRESENTATION('',(#4997),#5001);
#4997 = LINE('',#4998,#4999);
#4998 = CARTESIAN_POINT('',(7.848311356282,-0.707106781183));
#4999 = VECTOR('',#5000,1.);
#5000 = DIRECTION('',(-1.,-2.629285678069E-13));
#5001 = ( GEOMETRIC_REPRESENTATION_CONTEXT(2) 
PARAMETRIC_REPRESENTATION_CONTEXT() REPRESENTATION_CONTEXT('2D SPACE',''
  ) );
#5002 = PCURVE('',#3260,#5003);
#5003 = DEFINITIONAL_REPRESENTATION('',(#5004),#5008);
#5004 = LINE('',#5005,#5006);
#5005 = CARTESIAN_POINT('',(5.843309082725,-7.97163235431));
#5006 = VECTOR('',#5007,1.);
#5007 = DIRECTION('',(0.980718111283,0.1954277007));
#5008 = ( GEOMETRIC_REPRESENTATION_CONTEXT(2) 
PARAMETRIC_REPRESENTATION_CONTEXT() REPRESENTATION_CONTEXT('2D SPACE',''
  ) );
#5009 = ORIENTED_EDGE('',*,*,#4558,.F.);
#5010 = ORIENTED_EDGE('',*,*,#4324,.F.);
#5011 = ORIENTED_EDGE('',*,*,#3788,.T.);
#5012 = ORIENTED_EDGE('',*,*,#4962,.F.);
#5013 = ORIENTED_EDGE('',*,*,#3405,.T.);
#5014 = ADVANCED_FACE('',(#5015),#3260,.T.);
#5015 = FACE_BOUND('',#5016,.T.);
#5016 = EDGE_LOOP('',(#5017,#5018,#5039));
#5017 = ORIENTED_EDGE('',*,*,#3244,.T.);
#5018 = ORIENTED_EDGE('',*,*,#5019,.T.);
#5019 = EDGE_CURVE('',#3191,#4536,#5020,.T.);
#5020 = SURFACE_CURVE('',#5021,(#5025,#5032),.PCURVE_S1.);
#5021 = LINE('',#5022,#5023);
#5022 = CARTESIAN_POINT('',(-6.793842651525,-262.0026966252,
    -351.0499999999));
#5023 = VECTOR('',#5024,1.);
#5024 = DIRECTION('',(-0.655255930307,-0.755406953765,
    -8.559883291853E-16));
#5025 = PCURVE('',#3260,#5026);
#5026 = DEFINITIONAL_REPRESENTATION('',(#5027),#5031);
#5027 = LINE('',#5028,#5029);
#5028 = CARTESIAN_POINT('',(5.871361720943,-6.803832271551));
#5029 = VECTOR('',#5030,1.);
#5030 = DIRECTION('',(-0.755406953765,-0.655255930307));
#5031 = ( GEOMETRIC_REPRESENTATION_CONTEXT(2) 
PARAMETRIC_REPRESENTATION_CONTEXT() REPRESENTATION_CONTEXT('2D SPACE',''
  ) );
#5032 = PCURVE('',#3092,#5033);
#5033 = DEFINITIONAL_REPRESENTATION('',(#5034),#5038);
#5034 = LINE('',#5035,#5036);
#5035 = CARTESIAN_POINT('',(0.,0.));
#5036 = VECTOR('',#5037,1.);
#5037 = DIRECTION('',(-1.,2.675637489347E-14));
#5038 = ( GEOMETRIC_REPRESENTATION_CONTEXT(2) 
PARAMETRIC_REPRESENTATION_CONTEXT() REPRESENTATION_CONTEXT('2D SPACE',''
  ) );
#5039 = ORIENTED_EDGE('',*,*,#4989,.T.);
#5040 = ADVANCED_FACE('',(#5041),#3178,.F.);
#5041 = FACE_BOUND('',#5042,.T.);
#5042 = EDGE_LOOP('',(#5043,#5044,#5045,#5046,#5047,#5048,#5049));
#5043 = ORIENTED_EDGE('',*,*,#3356,.F.);
#5044 = ORIENTED_EDGE('',*,*,#3639,.F.);
#5045 = ORIENTED_EDGE('',*,*,#3717,.T.);
#5046 = ORIENTED_EDGE('',*,*,#3864,.F.);
#5047 = ORIENTED_EDGE('',*,*,#4432,.F.);
#5048 = ORIENTED_EDGE('',*,*,#4801,.F.);
#5049 = ORIENTED_EDGE('',*,*,#3162,.F.);
#5050 = ADVANCED_FACE('',(#5051),#3092,.F.);
#5051 = FACE_BOUND('',#5052,.T.);
#5052 = EDGE_LOOP('',(#5053,#5054,#5055,#5056,#5057,#5058));
#5053 = ORIENTED_EDGE('',*,*,#4583,.T.);
#5054 = ORIENTED_EDGE('',*,*,#4535,.F.);
#5055 = ORIENTED_EDGE('',*,*,#5019,.F.);
#5056 = ORIENTED_EDGE('',*,*,#3219,.F.);
#5057 = ORIENTED_EDGE('',*,*,#3053,.F.);
#5058 = ORIENTED_EDGE('',*,*,#5059,.F.);
#5059 = EDGE_CURVE('',#4584,#2948,#5060,.T.);
#5060 = SURFACE_CURVE('',#5061,(#5065,#5072),.PCURVE_S1.);
#5061 = LINE('',#5062,#5063);
#5062 = CARTESIAN_POINT('',(0.314114933255,-253.0452796601,
    -351.5499999999));
#5063 = VECTOR('',#5064,1.);
#5064 = DIRECTION('',(0.655255930307,0.755406953765,8.559883291853E-16)
  );
#5065 = PCURVE('',#3092,#5066);
#5066 = DEFINITIONAL_REPRESENTATION('',(#5067),#5071);
#5067 = LINE('',#5068,#5069);
#5068 = CARTESIAN_POINT('',(11.424026423005,-0.707106781186));
#5069 = VECTOR('',#5070,1.);
#5070 = DIRECTION('',(1.,-2.675637489347E-14));
#5071 = ( GEOMETRIC_REPRESENTATION_CONTEXT(2) 
PARAMETRIC_REPRESENTATION_CONTEXT() REPRESENTATION_CONTEXT('2D SPACE',''
  ) );
#5072 = PCURVE('',#2749,#5073);
#5073 = DEFINITIONAL_REPRESENTATION('',(#5074),#5078);
#5074 = LINE('',#5075,#5076);
#5075 = CARTESIAN_POINT('',(5.,-4.279941645908E-15));
#5076 = VECTOR('',#5077,1.);
#5077 = DIRECTION('',(3.648432382841E-27,-1.));
#5078 = ( GEOMETRIC_REPRESENTATION_CONTEXT(2) 
PARAMETRIC_REPRESENTATION_CONTEXT() REPRESENTATION_CONTEXT('2D SPACE',''
  ) );
#5079 = ADVANCED_FACE('',(#5080),#3039,.T.);
#5080 = FACE_BOUND('',#5081,.T.);
#5081 = EDGE_LOOP('',(#5082,#5083,#5084,#5085,#5086,#5087));
#5082 = ORIENTED_EDGE('',*,*,#3000,.F.);
#5083 = ORIENTED_EDGE('',*,*,#3139,.F.);
#5084 = ORIENTED_EDGE('',*,*,#4780,.F.);
#5085 = ORIENTED_EDGE('',*,*,#4479,.F.);
#5086 = ORIENTED_EDGE('',*,*,#4659,.T.);
#5087 = ORIENTED_EDGE('',*,*,#5088,.F.);
#5088 = EDGE_CURVE('',#2924,#4631,#5089,.T.);
#5089 = SURFACE_CURVE('',#5090,(#5094,#5101),.PCURVE_S1.);
#5090 = LINE('',#5091,#5092);
#5091 = CARTESIAN_POINT('',(3.547616085075,-278.3138655349,
    -351.5499999999));
#5092 = VECTOR('',#5093,1.);
#5093 = DIRECTION('',(-0.655255930307,-0.755406953765,
    -8.559883291853E-16));
#5094 = PCURVE('',#3039,#5095);
#5095 = DEFINITIONAL_REPRESENTATION('',(#5096),#5100);
#5096 = LINE('',#5097,#5098);
#5097 = CARTESIAN_POINT('',(-4.91041000233,2.600193667695));
#5098 = VECTOR('',#5099,1.);
#5099 = DIRECTION('',(-0.852427978175,0.522844663379));
#5100 = ( GEOMETRIC_REPRESENTATION_CONTEXT(2) 
PARAMETRIC_REPRESENTATION_CONTEXT() REPRESENTATION_CONTEXT('2D SPACE',''
  ) );
#5101 = PCURVE('',#2688,#5102);
#5102 = DEFINITIONAL_REPRESENTATION('',(#5103),#5107);
#5103 = LINE('',#5104,#5105);
#5104 = CARTESIAN_POINT('',(-16.9692946762,5.));
#5105 = VECTOR('',#5106,1.);
#5106 = DIRECTION('',(-1.,-7.395570986447E-32));
#5107 = ( GEOMETRIC_REPRESENTATION_CONTEXT(2) 
PARAMETRIC_REPRESENTATION_CONTEXT() REPRESENTATION_CONTEXT('2D SPACE',''
  ) );
#5108 = ADVANCED_FACE('',(#5109),#2749,.F.);
#5109 = FACE_BOUND('',#5110,.T.);
#5110 = EDGE_LOOP('',(#5111,#5112,#5157,#5158,#5159,#5160));
#5111 = ORIENTED_EDGE('',*,*,#2733,.T.);
#5112 = ORIENTED_EDGE('',*,*,#5113,.T.);
#5113 = EDGE_CURVE('',#2701,#4709,#5114,.T.);
#5114 = SURFACE_CURVE('',#5115,(#5120,#5128),.PCURVE_S1.);
#5115 = B_SPLINE_CURVE_WITH_KNOTS('',3,(#5116,#5117,#5118,#5119),
  .UNSPECIFIED.,.F.,.F.,(4,4),(1.939479807224E-18,6.904371051902E-04),
  .PIECEWISE_BEZIER_KNOTS.);
#5116 = CARTESIAN_POINT('',(-10.39764198889,-265.3942494165,
    -356.5499999999));
#5117 = CARTESIAN_POINT('',(-10.53466221783,-265.5522121742,
    -356.4537820147));
#5118 = CARTESIAN_POINT('',(-10.67043444567,-265.708736183,
    -356.3536160785));
#5119 = CARTESIAN_POINT('',(-10.80511603646,-265.864002859,
    -356.2499999999));
#5120 = PCURVE('',#2749,#5121);
#5121 = DEFINITIONAL_REPRESENTATION('',(#5122),#5127);
#5122 = B_SPLINE_CURVE_WITH_KNOTS('',3,(#5123,#5124,#5125,#5126),
  .UNSPECIFIED.,.F.,.F.,(4,4),(1.939479807224E-18,6.904371051902E-04),
  .PIECEWISE_BEZIER_KNOTS.);
#5123 = CARTESIAN_POINT('',(0.,16.347439873041));
#5124 = CARTESIAN_POINT('',(9.621798520004E-02,16.556549356222));
#5125 = CARTESIAN_POINT('',(0.1963839214,16.763754238401));
#5126 = CARTESIAN_POINT('',(0.3,16.96929467621));
#5127 = ( GEOMETRIC_REPRESENTATION_CONTEXT(2) 
PARAMETRIC_REPRESENTATION_CONTEXT() REPRESENTATION_CONTEXT('2D SPACE',''
  ) );
#5128 = PCURVE('',#2721,#5129);
#5129 = DEFINITIONAL_REPRESENTATION('',(#5130),#5156);
#5130 = B_SPLINE_CURVE_WITH_KNOTS('',3,(#5131,#5132,#5133,#5134,#5135,
    #5136,#5137,#5138,#5139,#5140,#5141,#5142,#5143,#5144,#5145,#5146,
    #5147,#5148,#5149,#5150,#5151,#5152,#5153,#5154,#5155),
  .UNSPECIFIED.,.F.,.F.,(4,1,1,1,1,1,1,1,1,1,1,1,1,1,1,1,1,1,1,1,1,1,4),
  (1.939479807224E-18,3.138350478137E-05,6.276700956275E-05,
    9.415051434412E-05,1.255340191255E-04,1.569175239069E-04,
    1.883010286882E-04,2.196845334696E-04,2.51068038251E-04,
    2.824515430324E-04,3.138350478137E-04,3.452185525951E-04,
    3.766020573765E-04,4.079855621578E-04,4.393690669392E-04,
    4.707525717206E-04,5.02136076502E-04,5.335195812833E-04,
    5.649030860647E-04,5.962865908461E-04,6.276700956275E-04,
    6.590536004088E-04,6.904371051902E-04),.UNSPECIFIED.);
#5131 = CARTESIAN_POINT('',(0.478143976998,-0.3));
#5132 = CARTESIAN_POINT('',(0.4789326684,-0.295626455116));
#5133 = CARTESIAN_POINT('',(0.480507463867,-0.28686303584));
#5134 = CARTESIAN_POINT('',(0.482861915854,-0.273669210158));
#5135 = CARTESIAN_POINT('',(0.485208647347,-0.260426979945));
#5136 = CARTESIAN_POINT('',(0.487547679315,-0.247136635775));
#5137 = CARTESIAN_POINT('',(0.489879032882,-0.233798467133));
#5138 = CARTESIAN_POINT('',(0.492202729348,-0.220412762265));
#5139 = CARTESIAN_POINT('',(0.494518790177,-0.206979808222));
#5140 = CARTESIAN_POINT('',(0.496827236992,-0.193499890852));
#5141 = CARTESIAN_POINT('',(0.499128091575,-0.179973294803));
#5142 = CARTESIAN_POINT('',(0.501421375859,-0.166400303527));
#5143 = CARTESIAN_POINT('',(0.503707111924,-0.152781199282));
#5144 = CARTESIAN_POINT('',(0.505985321995,-0.139116263135));
#5145 = CARTESIAN_POINT('',(0.508256028434,-0.125405774966));
#5146 = CARTESIAN_POINT('',(0.51051925374,-0.111650013468));
#5147 = CARTESIAN_POINT('',(0.512775020541,-9.784925615255E-02));
#5148 = CARTESIAN_POINT('',(0.515023351594,-8.400377935343E-02));
#5149 = CARTESIAN_POINT('',(0.517264269777,-7.011385822779E-02));
#5150 = CARTESIAN_POINT('',(0.519497798088,-5.617976675884E-02));
#5151 = CARTESIAN_POINT('',(0.521723959638,-4.220177776845E-02));
#5152 = CARTESIAN_POINT('',(0.523942777654,-2.81801628821E-02));
#5153 = CARTESIAN_POINT('',(0.526154275457,-1.411519267872E-02));
#5154 = CARTESIAN_POINT('',(0.527623742826,-4.709821657619E-03));
#5155 = CARTESIAN_POINT('',(0.52835726429,4.618527782441E-13));
#5156 = ( GEOMETRIC_REPRESENTATION_CONTEXT(2) 
PARAMETRIC_REPRESENTATION_CONTEXT() REPRESENTATION_CONTEXT('2D SPACE',''
  ) );
#5157 = ORIENTED_EDGE('',*,*,#4708,.F.);
#5158 = ORIENTED_EDGE('',*,*,#5059,.T.);
#5159 = ORIENTED_EDGE('',*,*,#2947,.F.);
#5160 = ORIENTED_EDGE('',*,*,#2846,.T.);
#5161 = ADVANCED_FACE('',(#5162),#2721,.T.);
#5162 = FACE_BOUND('',#5163,.T.);
#5163 = EDGE_LOOP('',(#5164,#5165,#5166,#5211));
#5164 = ORIENTED_EDGE('',*,*,#5113,.F.);
#5165 = ORIENTED_EDGE('',*,*,#2700,.F.);
#5166 = ORIENTED_EDGE('',*,*,#5167,.F.);
#5167 = EDGE_CURVE('',#4732,#2673,#5168,.T.);
#5168 = SURFACE_CURVE('',#5169,(#5174,#5203),.PCURVE_S1.);
#5169 = B_SPLINE_CURVE_WITH_KNOTS('',3,(#5170,#5171,#5172,#5173),
  .UNSPECIFIED.,.F.,.F.,(4,4),(0.,6.904371051902E-04),
  .PIECEWISE_BEZIER_KNOTS.);
#5170 = CARTESIAN_POINT('',(3.547616085075,-278.3138655349,
    -356.2499999999));
#5171 = CARTESIAN_POINT('',(3.682297675867,-278.1585988589,
    -356.3536160785));
#5172 = CARTESIAN_POINT('',(3.818069903703,-278.00207485,-356.4537820147
    ));
#5173 = CARTESIAN_POINT('',(3.955090132641,-277.8441120923,
    -356.5499999999));
#5174 = PCURVE('',#2721,#5175);
#5175 = DEFINITIONAL_REPRESENTATION('',(#5176),#5202);
#5176 = B_SPLINE_CURVE_WITH_KNOTS('',3,(#5177,#5178,#5179,#5180,#5181,
    #5182,#5183,#5184,#5185,#5186,#5187,#5188,#5189,#5190,#5191,#5192,
    #5193,#5194,#5195,#5196,#5197,#5198,#5199,#5200,#5201),
  .UNSPECIFIED.,.F.,.F.,(4,1,1,1,1,1,1,1,1,1,1,1,1,1,1,1,1,1,1,1,1,1,4),
  (0.,3.138350478137E-05,6.276700956275E-05,9.415051434412E-05,
    1.255340191255E-04,1.569175239069E-04,1.883010286882E-04,
    2.196845334696E-04,2.51068038251E-04,2.824515430324E-04,
    3.138350478137E-04,3.452185525951E-04,3.766020573765E-04,
    4.079855621578E-04,4.393690669392E-04,4.707525717206E-04,
    5.02136076502E-04,5.335195812833E-04,5.649030860647E-04,
    5.962865908461E-04,6.276700956275E-04,6.590536004088E-04,
    6.904371051902E-04),.UNSPECIFIED.);
#5177 = CARTESIAN_POINT('',(2.613235389299,-2.025046796917E-13));
#5178 = CARTESIAN_POINT('',(2.613968910763,-4.70982165827E-03));
#5179 = CARTESIAN_POINT('',(2.615438378133,-1.411519267939E-02));
#5180 = CARTESIAN_POINT('',(2.617649875936,-2.818016288286E-02));
#5181 = CARTESIAN_POINT('',(2.619868693951,-4.220177776922E-02));
#5182 = CARTESIAN_POINT('',(2.622094855501,-5.617976675967E-02));
#5183 = CARTESIAN_POINT('',(2.624328383812,-7.01138582289E-02));
#5184 = CARTESIAN_POINT('',(2.626569301995,-8.400377935455E-02));
#5185 = CARTESIAN_POINT('',(2.628817633048,-9.784925615389E-02));
#5186 = CARTESIAN_POINT('',(2.63107339985,-0.111650013469));
#5187 = CARTESIAN_POINT('',(2.633336625156,-0.125405774968));
#5188 = CARTESIAN_POINT('',(2.635607331595,-0.139116263137));
#5189 = CARTESIAN_POINT('',(2.637885541665,-0.152781199284));
#5190 = CARTESIAN_POINT('',(2.640171277731,-0.166400303529));
#5191 = CARTESIAN_POINT('',(2.642464562014,-0.179973294805));
#5192 = CARTESIAN_POINT('',(2.644765416598,-0.193499890854));
#5193 = CARTESIAN_POINT('',(2.647073863413,-0.206979808225));
#5194 = CARTESIAN_POINT('',(2.649389924241,-0.220412762267));
#5195 = CARTESIAN_POINT('',(2.651713620707,-0.233798467135));
#5196 = CARTESIAN_POINT('',(2.654044974275,-0.247136635778));
#5197 = CARTESIAN_POINT('',(2.656384006242,-0.260426979948));
#5198 = CARTESIAN_POINT('',(2.658730737736,-0.27366921016));
#5199 = CARTESIAN_POINT('',(2.661085189722,-0.286863035842));
#5200 = CARTESIAN_POINT('',(2.66265998519,-0.295626455119));
#5201 = CARTESIAN_POINT('',(2.663448676592,-0.300000000002));
#5202 = ( GEOMETRIC_REPRESENTATION_CONTEXT(2) 
PARAMETRIC_REPRESENTATION_CONTEXT() REPRESENTATION_CONTEXT('2D SPACE',''
  ) );
#5203 = PCURVE('',#2688,#5204);
#5204 = DEFINITIONAL_REPRESENTATION('',(#5205),#5210);
#5205 = B_SPLINE_CURVE_WITH_KNOTS('',3,(#5206,#5207,#5208,#5209),
  .UNSPECIFIED.,.F.,.F.,(4,4),(0.,6.904371051902E-04),
  .PIECEWISE_BEZIER_KNOTS.);
#5206 = CARTESIAN_POINT('',(-16.9692946762,0.3));
#5207 = CARTESIAN_POINT('',(-16.76375423839,0.1963839214));
#5208 = CARTESIAN_POINT('',(-16.55654935621,9.621798520004E-02));
#5209 = CARTESIAN_POINT('',(-16.34743987303,0.));
#5210 = ( GEOMETRIC_REPRESENTATION_CONTEXT(2) 
PARAMETRIC_REPRESENTATION_CONTEXT() REPRESENTATION_CONTEXT('2D SPACE',''
  ) );
#5211 = ORIENTED_EDGE('',*,*,#4731,.F.);
#5212 = ADVANCED_FACE('',(#5213),#2688,.T.);
#5213 = FACE_BOUND('',#5214,.T.);
#5214 = EDGE_LOOP('',(#5215,#5216,#5217,#5218,#5219,#5220));
#5215 = ORIENTED_EDGE('',*,*,#4755,.T.);
#5216 = ORIENTED_EDGE('',*,*,#5167,.T.);
#5217 = ORIENTED_EDGE('',*,*,#2670,.F.);
#5218 = ORIENTED_EDGE('',*,*,#2798,.T.);
#5219 = ORIENTED_EDGE('',*,*,#2923,.T.);
#5220 = ORIENTED_EDGE('',*,*,#5088,.T.);
#5221 = ADVANCED_FACE('',(#5222),#2293,.F.);
#5222 = FACE_BOUND('',#5223,.F.);
#5223 = EDGE_LOOP('',(#5224,#5225,#5249,#5323));
#5224 = ORIENTED_EDGE('',*,*,#2254,.T.);
#5225 = ORIENTED_EDGE('',*,*,#5226,.F.);
#5226 = EDGE_CURVE('',#5227,#2255,#5229,.T.);
#5227 = VERTEX_POINT('',#5228);
#5228 = CARTESIAN_POINT('',(-3.577734390041,-263.7603589089,
    -377.0866863179));
#5229 = SURFACE_CURVE('',#5230,(#5235,#5242),.PCURVE_S1.);
#5230 = CIRCLE('',#5231,17.150956750156);
#5231 = AXIS2_PLACEMENT_3D('',#5232,#5233,#5234);
#5232 = CARTESIAN_POINT('',(-8.44935115391,-249.6608912215,-385.55));
#5233 = DIRECTION('',(-0.945171758509,-0.326573647002,
    -5.728679558641E-16));
#5234 = DIRECTION('',(2.916981082385E-16,9.0994219734E-16,-1.));
#5235 = PCURVE('',#2293,#5236);
#5236 = DEFINITIONAL_REPRESENTATION('',(#5237),#5241);
#5237 = LINE('',#5238,#5239);
#5238 = CARTESIAN_POINT('',(3.46389583683E-14,-1.441226018779));
#5239 = VECTOR('',#5240,1.);
#5240 = DIRECTION('',(1.,0.));
#5241 = ( GEOMETRIC_REPRESENTATION_CONTEXT(2) 
PARAMETRIC_REPRESENTATION_CONTEXT() REPRESENTATION_CONTEXT('2D SPACE',''
  ) );
#5242 = PCURVE('',#329,#5243);
#5243 = DEFINITIONAL_REPRESENTATION('',(#5244),#5248);
#5244 = LINE('',#5245,#5246);
#5245 = CARTESIAN_POINT('',(3.14159265359,1.441226018782));
#5246 = VECTOR('',#5247,1.);
#5247 = DIRECTION('',(-1.,9.026399511111E-14));
#5248 = ( GEOMETRIC_REPRESENTATION_CONTEXT(2) 
PARAMETRIC_REPRESENTATION_CONTEXT() REPRESENTATION_CONTEXT('2D SPACE',''
  ) );
#5249 = ORIENTED_EDGE('',*,*,#5250,.T.);
#5250 = EDGE_CURVE('',#5227,#5251,#5253,.T.);
#5251 = VERTEX_POINT('',#5252);
#5252 = CARTESIAN_POINT('',(0.267661902406,-262.4317061216,
    -377.0866863179));
#5253 = SURFACE_CURVE('',#5254,(#5265,#5294),.PCURVE_S1.);
#5254 = B_SPLINE_CURVE_WITH_KNOTS('',3,(#5255,#5256,#5257,#5258,#5259,
    #5260,#5261,#5262,#5263,#5264),.UNSPECIFIED.,.F.,.F.,(4,2,2,2,4),(0.
    ,0.25,0.375,0.5,1.),.UNSPECIFIED.);
#5255 = CARTESIAN_POINT('',(-3.577734390041,-263.7603589089,
    -377.0866863179));
#5256 = CARTESIAN_POINT('',(-3.311702715501,-263.5560359291,
    -376.8994262273));
#5257 = CARTESIAN_POINT('',(-3.026956658239,-263.3696905586,
    -376.7589609272));
#5258 = CARTESIAN_POINT('',(-2.573612626527,-263.1231142262,
    -376.618455163));
#5259 = CARTESIAN_POINT('',(-2.418138180135,-263.0464193215,
    -376.5833186059));
#5260 = CARTESIAN_POINT('',(-2.098931237296,-262.9050977109,
    -376.536442887));
#5261 = CARTESIAN_POINT('',(-1.936324590105,-262.8408613547,
    -376.5247039971));
#5262 = CARTESIAN_POINT('',(-1.092842315168,-262.5487470101,
    -376.5245003162));
#5263 = CARTESIAN_POINT('',(-0.403765770257,-262.4386927425,
    -376.7118413352));
#5264 = CARTESIAN_POINT('',(0.267661902406,-262.4317061216,
    -377.0866863179));
#5265 = PCURVE('',#2293,#5266);
#5266 = DEFINITIONAL_REPRESENTATION('',(#5267),#5293);
#5267 = B_SPLINE_CURVE_WITH_KNOTS('',3,(#5268,#5269,#5270,#5271,#5272,
    #5273,#5274,#5275,#5276,#5277,#5278,#5279,#5280,#5281,#5282,#5283,
    #5284,#5285,#5286,#5287,#5288,#5289,#5290,#5291,#5292),
  .UNSPECIFIED.,.F.,.F.,(4,1,1,1,1,1,1,1,1,1,1,1,1,1,1,1,1,1,1,1,1,1,4),
  (0.,4.545454545455E-02,9.090909090909E-02,0.136363636364,
    0.181818181818,0.227272727273,0.272727272727,0.318181818182,
    0.363636363636,0.409090909091,0.454545454545,0.5,0.545454545455,
    0.590909090909,0.636363636364,0.681818181818,0.727272727273,
    0.772727272727,0.818181818182,0.863636363636,0.909090909091,
    0.954545454545,1.),.UNSPECIFIED.);
#5268 = CARTESIAN_POINT('',(2.08685985309,-1.441226018784));
#5269 = CARTESIAN_POINT('',(2.089142247386,-1.499075496301));
#5270 = CARTESIAN_POINT('',(2.093506186064,-1.615555754389));
#5271 = CARTESIAN_POINT('',(2.099446151437,-1.792531222817));
#5272 = CARTESIAN_POINT('',(2.104776784346,-1.971672745106));
#5273 = CARTESIAN_POINT('',(2.109494684174,-2.152891992306));
#5274 = CARTESIAN_POINT('',(2.113596407313,-2.336098041089));
#5275 = CARTESIAN_POINT('',(2.117078481373,-2.521209647158));
#5276 = CARTESIAN_POINT('',(2.119937222863,-2.708098803827));
#5277 = CARTESIAN_POINT('',(2.1221689015,-2.896706258385));
#5278 = CARTESIAN_POINT('',(2.123769773113,-3.086711509386));
#5279 = CARTESIAN_POINT('',(2.124735827464,-3.277606671354));
#5280 = CARTESIAN_POINT('',(2.125063850633,-3.471308931589));
#5281 = CARTESIAN_POINT('',(2.124747768867,-3.665859821765));
#5282 = CARTESIAN_POINT('',(2.123789478913,-3.858388140265));
#5283 = CARTESIAN_POINT('',(2.122193739139,-4.049529068721));
#5284 = CARTESIAN_POINT('',(2.119964526483,-4.238978256204));
#5285 = CARTESIAN_POINT('',(2.117105980945,-4.426683098779));
#5286 = CARTESIAN_POINT('',(2.11362213056,-4.612523537104));
#5287 = CARTESIAN_POINT('',(2.109516952373,-4.796397586462));
#5288 = CARTESIAN_POINT('',(2.104794352401,-4.978198419046));
#5289 = CARTESIAN_POINT('',(2.099458175153,-5.157820504784));
#5290 = CARTESIAN_POINT('',(2.093512215599,-5.335157965757));
#5291 = CARTESIAN_POINT('',(2.089144224963,-5.451789333717));
#5292 = CARTESIAN_POINT('',(2.08685985309,-5.50968898102));
#5293 = ( GEOMETRIC_REPRESENTATION_CONTEXT(2) 
PARAMETRIC_REPRESENTATION_CONTEXT() REPRESENTATION_CONTEXT('2D SPACE',''
  ) );
#5294 = PCURVE('',#45,#5295);
#5295 = DEFINITIONAL_REPRESENTATION('',(#5296),#5322);
#5296 = B_SPLINE_CURVE_WITH_KNOTS('',3,(#5297,#5298,#5299,#5300,#5301,
    #5302,#5303,#5304,#5305,#5306,#5307,#5308,#5309,#5310,#5311,#5312,
    #5313,#5314,#5315,#5316,#5317,#5318,#5319,#5320,#5321),
  .UNSPECIFIED.,.F.,.F.,(4,1,1,1,1,1,1,1,1,1,1,1,1,1,1,1,1,1,1,1,1,1,4),
  (0.,4.545454545455E-02,9.090909090909E-02,0.136363636364,
    0.181818181818,0.227272727273,0.272727272727,0.318181818182,
    0.363636363636,0.409090909091,0.454545454545,0.5,0.545454545455,
    0.590909090909,0.636363636364,0.681818181818,0.727272727273,
    0.772727272727,0.818181818182,0.863636363636,0.909090909091,
    0.954545454545,1.),.UNSPECIFIED.);
#5297 = CARTESIAN_POINT('',(3.284485672244,4.536686317999));
#5298 = CARTESIAN_POINT('',(3.295607130028,4.502639014976));
#5299 = CARTESIAN_POINT('',(3.317921991074,4.437638256984));
#5300 = CARTESIAN_POINT('',(3.351608952099,4.349418726575));
#5301 = CARTESIAN_POINT('',(3.385509000342,4.270480915328));
#5302 = CARTESIAN_POINT('',(3.419622006982,4.200824760257));
#5303 = CARTESIAN_POINT('',(3.453948314349,4.140450199891));
#5304 = CARTESIAN_POINT('',(3.48849117337,4.089357148745));
#5305 = CARTESIAN_POINT('',(3.523246277955,4.047545882621));
#5306 = CARTESIAN_POINT('',(3.55822310761,4.015015611406));
#5307 = CARTESIAN_POINT('',(3.593384485105,3.991769310761));
#5308 = CARTESIAN_POINT('',(3.628659132301,3.977804508476));
#5309 = CARTESIAN_POINT('',(3.664425524499,3.973114249715));
#5310 = CARTESIAN_POINT('',(3.700347976017,3.977718058783));
#5311 = CARTESIAN_POINT('',(3.735922651014,3.991620555379));
#5312 = CARTESIAN_POINT('',(3.771291737108,4.014820029347));
#5313 = CARTESIAN_POINT('',(3.806422504592,4.047316893123));
#5314 = CARTESIAN_POINT('',(3.841327288821,4.08911127014));
#5315 = CARTESIAN_POINT('',(3.876004584412,4.140203501347));
#5316 = CARTESIAN_POINT('',(3.910454888502,4.200593875885));
#5317 = CARTESIAN_POINT('',(3.944676546184,4.270282581861));
#5318 = CARTESIAN_POINT('',(3.978666938757,4.349269589547));
#5319 = CARTESIAN_POINT('',(4.012422389111,4.437554623728));
#5320 = CARTESIAN_POINT('',(4.034766086917,4.502609466351));
#5321 = CARTESIAN_POINT('',(4.045897186132,4.536686317999));
#5322 = ( GEOMETRIC_REPRESENTATION_CONTEXT(2) 
PARAMETRIC_REPRESENTATION_CONTEXT() REPRESENTATION_CONTEXT('2D SPACE',''
  ) );
#5323 = ORIENTED_EDGE('',*,*,#5324,.T.);
#5324 = EDGE_CURVE('',#5251,#2187,#5325,.T.);
#5325 = SURFACE_CURVE('',#5326,(#5331,#5338),.PCURVE_S1.);
#5326 = CIRCLE('',#5327,17.150956750156);
#5327 = AXIS2_PLACEMENT_3D('',#5328,#5329,#5330);
#5328 = CARTESIAN_POINT('',(-4.603954861463,-248.3322384342,-385.55));
#5329 = DIRECTION('',(-0.945171758509,-0.326573647002,
    -5.728679558641E-16));
#5330 = DIRECTION('',(2.916981082385E-16,9.0994219734E-16,-1.));
#5331 = PCURVE('',#2293,#5332);
#5332 = DEFINITIONAL_REPRESENTATION('',(#5333),#5337);
#5333 = LINE('',#5334,#5335);
#5334 = CARTESIAN_POINT('',(7.371880883511E-14,-5.509688981015));
#5335 = VECTOR('',#5336,1.);
#5336 = DIRECTION('',(1.,0.));
#5337 = ( GEOMETRIC_REPRESENTATION_CONTEXT(2) 
PARAMETRIC_REPRESENTATION_CONTEXT() REPRESENTATION_CONTEXT('2D SPACE',''
  ) );
#5338 = PCURVE('',#475,#5339);
#5339 = DEFINITIONAL_REPRESENTATION('',(#5340),#5344);
#5340 = LINE('',#5341,#5342);
#5341 = CARTESIAN_POINT('',(0.,-6.472451704716E-15));
#5342 = VECTOR('',#5343,1.);
#5343 = DIRECTION('',(1.,3.513379646247E-15));
#5344 = ( GEOMETRIC_REPRESENTATION_CONTEXT(2) 
PARAMETRIC_REPRESENTATION_CONTEXT() REPRESENTATION_CONTEXT('2D SPACE',''
  ) );
#5345 = ADVANCED_FACE('',(#5346),#2170,.T.);
#5346 = FACE_BOUND('',#5347,.T.);
#5347 = EDGE_LOOP('',(#5348,#5395,#5396,#5443));
#5348 = ORIENTED_EDGE('',*,*,#5349,.T.);
#5349 = EDGE_CURVE('',#5350,#2154,#5352,.T.);
#5350 = VERTEX_POINT('',#5351);
#5351 = CARTESIAN_POINT('',(-1.348429490154,-257.3867361851,
    -372.5499999999));
#5352 = SURFACE_CURVE('',#5353,(#5358,#5366),.PCURVE_S1.);
#5353 = B_SPLINE_CURVE_WITH_KNOTS('',3,(#5354,#5355,#5356,#5357),
  .UNSPECIFIED.,.F.,.F.,(4,4),(1.5877494092E-02,1.628090825257E-02),
  .PIECEWISE_BEZIER_KNOTS.);
#5354 = CARTESIAN_POINT('',(-1.348429490154,-257.3867361851,
    -372.5499999999));
#5355 = CARTESIAN_POINT('',(-1.382968854389,-257.2567750415,
    -372.5499999999));
#5356 = CARTESIAN_POINT('',(-1.417635907236,-257.1268472656,
    -372.5499999999));
#5357 = CARTESIAN_POINT('',(-1.452436470799,-256.9969543788,
    -372.5499999999));
#5358 = PCURVE('',#2170,#5359);
#5359 = DEFINITIONAL_REPRESENTATION('',(#5360),#5365);
#5360 = B_SPLINE_CURVE_WITH_KNOTS('',3,(#5361,#5362,#5363,#5364),
  .UNSPECIFIED.,.F.,.F.,(4,4),(1.5877494092E-02,1.628090825257E-02),
  .PIECEWISE_BEZIER_KNOTS.);
#5361 = CARTESIAN_POINT('',(-3.293830998246,-0.645129529869));
#5362 = CARTESIAN_POINT('',(-3.30967044624,-0.778665960828));
#5363 = CARTESIAN_POINT('',(-3.325641015428,-0.91218739142));
#5364 = CARTESIAN_POINT('',(-3.341748684426,-1.045693137683));
#5365 = ( GEOMETRIC_REPRESENTATION_CONTEXT(2) 
PARAMETRIC_REPRESENTATION_CONTEXT() REPRESENTATION_CONTEXT('2D SPACE',''
  ) );
#5366 = PCURVE('',#475,#5367);
#5367 = DEFINITIONAL_REPRESENTATION('',(#5368),#5394);
#5368 = B_SPLINE_CURVE_WITH_KNOTS('',3,(#5369,#5370,#5371,#5372,#5373,
    #5374,#5375,#5376,#5377,#5378,#5379,#5380,#5381,#5382,#5383,#5384,
    #5385,#5386,#5387,#5388,#5389,#5390,#5391,#5392,#5393),
  .UNSPECIFIED.,.F.,.F.,(4,1,1,1,1,1,1,1,1,1,1,1,1,1,1,1,1,1,1,1,1,1,4),
  (1.5877494092E-02,1.58958310993E-02,1.59141681066E-02,
    1.59325051139E-02,1.595084212119E-02,1.596917912849E-02,
    1.598751613579E-02,1.600585314309E-02,1.602419015039E-02,
    1.604252715769E-02,1.606086416499E-02,1.607920117229E-02,
    1.609753817958E-02,1.611587518688E-02,1.613421219418E-02,
    1.615254920148E-02,1.617088620878E-02,1.618922321608E-02,
    1.620756022338E-02,1.622589723067E-02,1.624423423797E-02,
    1.626257124527E-02,1.628090825257E-02),.UNSPECIFIED.);
#5369 = CARTESIAN_POINT('',(2.504461470793,-0.120070287784));
#5370 = CARTESIAN_POINT('',(2.504764451021,-0.120515572009));
#5371 = CARTESIAN_POINT('',(2.505370821196,-0.121405596658));
#5372 = CARTESIAN_POINT('',(2.506281606612,-0.122738998889));
#5373 = CARTESIAN_POINT('',(2.50719362318,-0.124070763046));
#5374 = CARTESIAN_POINT('',(2.508106871889,-0.125400885788));
#5375 = CARTESIAN_POINT('',(2.509021353724,-0.126729363772));
#5376 = CARTESIAN_POINT('',(2.509937069667,-0.128056193649));
#5377 = CARTESIAN_POINT('',(2.51085402069,-0.129381372065));
#5378 = CARTESIAN_POINT('',(2.511772207761,-0.130704895661));
#5379 = CARTESIAN_POINT('',(2.512691631845,-0.132026761073));
#5380 = CARTESIAN_POINT('',(2.513612293897,-0.133346964933));
#5381 = CARTESIAN_POINT('',(2.514534194869,-0.134665503867));
#5382 = CARTESIAN_POINT('',(2.515457335706,-0.135982374496));
#5383 = CARTESIAN_POINT('',(2.516381717348,-0.137297573438));
#5384 = CARTESIAN_POINT('',(2.517307340728,-0.138611097303));
#5385 = CARTESIAN_POINT('',(2.518234206774,-0.1399229427));
#5386 = CARTESIAN_POINT('',(2.519162316408,-0.141233106229));
#5387 = CARTESIAN_POINT('',(2.520091670545,-0.142541584489));
#5388 = CARTESIAN_POINT('',(2.521022270095,-0.143848374072));
#5389 = CARTESIAN_POINT('',(2.52195411596,-0.145153471565));
#5390 = CARTESIAN_POINT('',(2.522887209038,-0.14645687355));
#5391 = CARTESIAN_POINT('',(2.52382155022,-0.147758576608));
#5392 = CARTESIAN_POINT('',(2.524445277,-0.148625243742));
#5393 = CARTESIAN_POINT('',(2.524757348701,-0.149058293012));
#5394 = ( GEOMETRIC_REPRESENTATION_CONTEXT(2) 
PARAMETRIC_REPRESENTATION_CONTEXT() REPRESENTATION_CONTEXT('2D SPACE',''
  ) );
#5395 = ORIENTED_EDGE('',*,*,#2153,.F.);
#5396 = ORIENTED_EDGE('',*,*,#5397,.F.);
#5397 = EDGE_CURVE('',#5398,#2086,#5400,.T.);
#5398 = VERTEX_POINT('',#5399);
#5399 = CARTESIAN_POINT('',(5.178199686312,-258.6481816945,
    -372.5499999999));
#5400 = SURFACE_CURVE('',#5401,(#5406,#5414),.PCURVE_S1.);
#5401 = B_SPLINE_CURVE_WITH_KNOTS('',3,(#5402,#5403,#5404,#5405),
  .UNSPECIFIED.,.F.,.F.,(4,4),(1.5877494092E-02,1.628090825257E-02),
  .PIECEWISE_BEZIER_KNOTS.);
#5402 = CARTESIAN_POINT('',(5.17840933891,-258.648206698,-372.5500013708
    ));
#5403 = CARTESIAN_POINT('',(5.258894918735,-258.5404804805,
    -372.550001377));
#5404 = CARTESIAN_POINT('',(5.33948655266,-258.4328328142,
    -372.5500013832));
#5405 = CARTESIAN_POINT('',(5.42018907634,-258.3252672809,
    -372.5500013892));
#5406 = PCURVE('',#2170,#5407);
#5407 = DEFINITIONAL_REPRESENTATION('',(#5408),#5413);
#5408 = B_SPLINE_CURVE_WITH_KNOTS('',3,(#5409,#5410,#5411,#5412),
  .UNSPECIFIED.,.F.,.F.,(4,4),(1.5877494092E-02,1.628090825257E-02),
  .PIECEWISE_BEZIER_KNOTS.);
#5409 = CARTESIAN_POINT('',(2.989441839518,1.525449978417));
#5410 = CARTESIAN_POINT('',(3.084334378135,1.430170008744));
#5411 = CARTESIAN_POINT('',(3.179320814533,1.334982780568));
#5412 = CARTESIAN_POINT('',(3.274405430084,1.239892522542));
#5413 = ( GEOMETRIC_REPRESENTATION_CONTEXT(2) 
PARAMETRIC_REPRESENTATION_CONTEXT() REPRESENTATION_CONTEXT('2D SPACE',''
  ) );
#5414 = PCURVE('',#581,#5415);
#5415 = DEFINITIONAL_REPRESENTATION('',(#5416),#5442);
#5416 = B_SPLINE_CURVE_WITH_KNOTS('',3,(#5417,#5418,#5419,#5420,#5421,
    #5422,#5423,#5424,#5425,#5426,#5427,#5428,#5429,#5430,#5431,#5432,
    #5433,#5434,#5435,#5436,#5437,#5438,#5439,#5440,#5441),
  .UNSPECIFIED.,.F.,.F.,(4,1,1,1,1,1,1,1,1,1,1,1,1,1,1,1,1,1,1,1,1,1,4),
  (1.5877494092E-02,1.589582628837E-02,1.591415848473E-02,
    1.59324906811E-02,1.595082287747E-02,1.596915507383E-02,
    1.59874872702E-02,1.600581946657E-02,1.602415166293E-02,
    1.60424838593E-02,1.606081605567E-02,1.607914825203E-02,
    1.60974804484E-02,1.611581264476E-02,1.613414484113E-02,
    1.61524770375E-02,1.617080923386E-02,1.618914143023E-02,
    1.62074736266E-02,1.622580582296E-02,1.624413801933E-02,
    1.62624702157E-02,1.628080241206E-02),.UNSPECIFIED.);
#5417 = CARTESIAN_POINT('',(3.778723836387,-0.120070287784));
#5418 = CARTESIAN_POINT('',(3.778420935649,-0.120515455184));
#5419 = CARTESIAN_POINT('',(3.77781472467,-0.121405246467));
#5420 = CARTESIAN_POINT('',(3.776904178693,-0.122738299508));
#5421 = CARTESIAN_POINT('',(3.775992402212,-0.124069715335));
#5422 = CARTESIAN_POINT('',(3.775079394236,-0.125399490612));
#5423 = CARTESIAN_POINT('',(3.774165153781,-0.126727621997));
#5424 = CARTESIAN_POINT('',(3.773249679869,-0.128054106144));
#5425 = CARTESIAN_POINT('',(3.772332971525,-0.129378939702));
#5426 = CARTESIAN_POINT('',(3.771415027783,-0.130702119314));
#5427 = CARTESIAN_POINT('',(3.770495847681,-0.132023641619));
#5428 = CARTESIAN_POINT('',(3.769575430261,-0.133343503252));
#5429 = CARTESIAN_POINT('',(3.768653774574,-0.134661700841));
#5430 = CARTESIAN_POINT('',(3.767730879675,-0.135978231011));
#5431 = CARTESIAN_POINT('',(3.766806744626,-0.137293090381));
#5432 = CARTESIAN_POINT('',(3.765881368492,-0.138606275565));
#5433 = CARTESIAN_POINT('',(3.764954750348,-0.139917783173));
#5434 = CARTESIAN_POINT('',(3.764026889273,-0.14122760981));
#5435 = CARTESIAN_POINT('',(3.763097784351,-0.142535752076));
#5436 = CARTESIAN_POINT('',(3.762167434674,-0.143842206566));
#5437 = CARTESIAN_POINT('',(3.761235839339,-0.145146969869));
#5438 = CARTESIAN_POINT('',(3.76030299745,-0.146450038573));
#5439 = CARTESIAN_POINT('',(3.759368908117,-0.147751409257));
#5440 = CARTESIAN_POINT('',(3.758745349677,-0.148617855417));
#5441 = CARTESIAN_POINT('',(3.758433362255,-0.149050794352));
#5442 = ( GEOMETRIC_REPRESENTATION_CONTEXT(2) 
PARAMETRIC_REPRESENTATION_CONTEXT() REPRESENTATION_CONTEXT('2D SPACE',''
  ) );
#5443 = ORIENTED_EDGE('',*,*,#5444,.T.);
#5444 = EDGE_CURVE('',#5398,#5350,#5445,.T.);
#5445 = SURFACE_CURVE('',#5446,(#5451,#5462),.PCURVE_S1.);
#5446 = CIRCLE('',#5447,10.6);
#5447 = AXIS2_PLACEMENT_3D('',#5448,#5449,#5450);
#5448 = CARTESIAN_POINT('',(4.819932363006E-03,-267.899999998,
    -372.5499999999));
#5449 = DIRECTION('',(-3.064104139906E-16,-8.673617379884E-16,1.));
#5450 = DIRECTION('',(-0.755406953765,0.655255930307,3.368793651039E-16)
  );
#5451 = PCURVE('',#2170,#5452);
#5452 = DEFINITIONAL_REPRESENTATION('',(#5453),#5461);
#5453 = ( BOUNDED_CURVE() B_SPLINE_CURVE(2,(#5454,#5455,#5456,#5457,
#5458,#5459,#5460),.UNSPECIFIED.,.T.,.F.) B_SPLINE_CURVE_WITH_KNOTS((1,2
    ,2,2,2,1),(-2.094395102393,0.,2.094395102393,4.188790204786,
6.28318530718,8.377580409573),.UNSPECIFIED.) CURVE() 
GEOMETRIC_REPRESENTATION_ITEM() RATIONAL_B_SPLINE_CURVE((1.,0.5,1.,0.5,
1.,0.5,1.)) REPRESENTATION_ITEM('') );
#5454 = CARTESIAN_POINT('',(-10.38503215968,1.946946360553));
#5455 = CARTESIAN_POINT('',(-24.25344461221,13.978036753623));
#5456 = CARTESIAN_POINT('',(-6.900008470323,19.972889051144));
#5457 = CARTESIAN_POINT('',(10.45342767157,25.967741348666));
#5458 = CARTESIAN_POINT('',(6.968403982212,7.941798658074));
#5459 = CARTESIAN_POINT('',(3.483380292855,-10.08414403251));
#5460 = CARTESIAN_POINT('',(-10.38503215968,1.946946360553));
#5461 = ( GEOMETRIC_REPRESENTATION_CONTEXT(2) 
PARAMETRIC_REPRESENTATION_CONTEXT() REPRESENTATION_CONTEXT('2D SPACE',''
  ) );
#5462 = PCURVE('',#5463,#5468);
#5463 = CYLINDRICAL_SURFACE('',#5464,10.6);
#5464 = AXIS2_PLACEMENT_3D('',#5465,#5466,#5467);
#5465 = CARTESIAN_POINT('',(4.819932363006E-03,-267.899999998,
    -351.0499999999));
#5466 = DIRECTION('',(-3.064104139906E-16,-8.673617379884E-16,1.));
#5467 = DIRECTION('',(-0.755406953765,0.655255930307,3.368793651039E-16)
  );
#5468 = DEFINITIONAL_REPRESENTATION('',(#5469),#5473);
#5469 = LINE('',#5470,#5471);
#5470 = CARTESIAN_POINT('',(-8.881784197001E-16,-21.5));
#5471 = VECTOR('',#5472,1.);
#5472 = DIRECTION('',(1.,8.911386994608E-14));
#5473 = ( GEOMETRIC_REPRESENTATION_CONTEXT(2) 
PARAMETRIC_REPRESENTATION_CONTEXT() REPRESENTATION_CONTEXT('2D SPACE',''
  ) );
#5474 = ADVANCED_FACE('',(#5475),#5463,.T.);
#5475 = FACE_BOUND('',#5476,.T.);
#5476 = EDGE_LOOP('',(#5477,#5478,#5708,#5736));
#5477 = ORIENTED_EDGE('',*,*,#5444,.F.);
#5478 = ORIENTED_EDGE('',*,*,#5479,.T.);
#5479 = EDGE_CURVE('',#5398,#5480,#5482,.T.);
#5480 = VERTEX_POINT('',#5481);
#5481 = CARTESIAN_POINT('',(5.178199686308,-258.6481816945,
    -398.5499999999));
#5482 = SURFACE_CURVE('',#5483,(#5518,#5613),.PCURVE_S1.);
#5483 = B_SPLINE_CURVE_WITH_KNOTS('',3,(#5484,#5485,#5486,#5487,#5488,
    #5489,#5490,#5491,#5492,#5493,#5494,#5495,#5496,#5497,#5498,#5499,
    #5500,#5501,#5502,#5503,#5504,#5505,#5506,#5507,#5508,#5509,#5510,
    #5511,#5512,#5513,#5514,#5515,#5516,#5517),.UNSPECIFIED.,.F.,.F.,(4,
    2,2,1,1,1,1,1,1,2,2,2,2,2,1,1,1,1,1,1,2,2,4),(0.,0.124999999999,
    0.187499999999,0.218749999999,0.234374999999,0.242187499999,
    0.246093749999,0.248046874999,0.249023437499,0.249511718749,
    0.249999999999,0.499999999999,0.624999999999,0.687499999999,
    0.718749999999,0.734374999999,0.742187499999,0.746093749999,
    0.748046874999,0.749023437499,0.749511718749,0.749999999999,1.),
  .UNSPECIFIED.);
#5484 = CARTESIAN_POINT('',(5.178199686312,-258.6481816945,
    -372.5499999999));
#5485 = CARTESIAN_POINT('',(5.066056934925,-258.5854743411,
    -373.8439888476));
#5486 = CARTESIAN_POINT('',(4.967934335735,-258.5332345081,
    -375.0313399602));
#5487 = CARTESIAN_POINT('',(4.843017163374,-258.4684546509,
    -376.6524100268));
#5488 = CARTESIAN_POINT('',(4.805083957766,-258.4491308679,
    -377.166107282));
#5489 = CARTESIAN_POINT('',(4.753853977075,-258.4233422987,
    -377.8966640141));
#5490 = CARTESIAN_POINT('',(4.729656021711,-258.4112479134,
    -378.2519450924));
#5491 = CARTESIAN_POINT('',(4.703924896068,-258.3984989836,
    -378.6489444305));
#5492 = CARTESIAN_POINT('',(4.691686485742,-258.3924604916,
    -378.8430702862));
#5493 = CARTESIAN_POINT('',(4.6857243355,-258.3895247128,-378.9390397607
    ));
#5494 = CARTESIAN_POINT('',(4.68278255645,-258.3880776262,
    -378.9867511346));
#5495 = CARTESIAN_POINT('',(4.681321494924,-258.3873592757,
    -379.0105384808));
#5496 = CARTESIAN_POINT('',(4.680697432122,-258.3870525231,
    -379.0207184132));
#5497 = CARTESIAN_POINT('',(4.680281858394,-258.3868482683,
    -379.0275017805));
#5498 = CARTESIAN_POINT('',(4.680149135117,-258.3867830371,
    -379.0296688189));
#5499 = CARTESIAN_POINT('',(4.535407100486,-258.3156540002,
    -381.3953413603));
#5500 = CARTESIAN_POINT('',(4.461927485457,-258.2826099011,
    -383.5602841265));
#5501 = CARTESIAN_POINT('',(4.461759957965,-258.2825322641,
    -386.5196299784));
#5502 = CARTESIAN_POINT('',(4.47998594051,-258.2909155494,
    -387.5555383128));
#5503 = CARTESIAN_POINT('',(4.534529714001,-258.316569872,
    -389.1835903904));
#5504 = CARTESIAN_POINT('',(4.557240573723,-258.3273109545,
    -389.7386393455));
#5505 = CARTESIAN_POINT('',(4.598031381174,-258.3468520408,
    -390.5897601721));
#5506 = CARTESIAN_POINT('',(4.620107454332,-258.3574808463,
    -391.0199574339));
#5507 = CARTESIAN_POINT('',(4.648783724476,-258.3714241808,
    -391.5299687242));
#5508 = CARTESIAN_POINT('',(4.663849140449,-258.3787874429,
    -391.7870029906));
#5509 = CARTESIAN_POINT('',(4.671563290373,-258.38256772,-391.9160272791
    ));
#5510 = CARTESIAN_POINT('',(4.675465677167,-258.3844826158,
    -391.9806662122));
#5511 = CARTESIAN_POINT('',(4.677428192354,-258.3854462652,
    -392.0130173759));
#5512 = CARTESIAN_POINT('',(4.678271695724,-258.385860588,
    -392.0268889526));
#5513 = CARTESIAN_POINT('',(4.678834570214,-258.3861370989,
    -392.0361381798));
#5514 = CARTESIAN_POINT('',(4.67918964049,-258.38631155,-392.0419671569)
  );
#5515 = CARTESIAN_POINT('',(4.786207875101,-258.4388958355,
    -393.7977169626));
#5516 = CARTESIAN_POINT('',(4.954252010059,-258.5229558917,
    -395.9659204056));
#5517 = CARTESIAN_POINT('',(5.178199686308,-258.6481816945,
    -398.5499999999));
#5518 = PCURVE('',#5463,#5519);
#5519 = DEFINITIONAL_REPRESENTATION('',(#5520),#5612);
#5520 = B_SPLINE_CURVE_WITH_KNOTS('',3,(#5521,#5522,#5523,#5524,#5525,
    #5526,#5527,#5528,#5529,#5530,#5531,#5532,#5533,#5534,#5535,#5536,
    #5537,#5538,#5539,#5540,#5541,#5542,#5543,#5544,#5545,#5546,#5547,
    #5548,#5549,#5550,#5551,#5552,#5553,#5554,#5555,#5556,#5557,#5558,
    #5559,#5560,#5561,#5562,#5563,#5564,#5565,#5566,#5567,#5568,#5569,
    #5570,#5571,#5572,#5573,#5574,#5575,#5576,#5577,#5578,#5579,#5580,
    #5581,#5582,#5583,#5584,#5585,#5586,#5587,#5588,#5589,#5590,#5591,
    #5592,#5593,#5594,#5595,#5596,#5597,#5598,#5599,#5600,#5601,#5602,
    #5603,#5604,#5605,#5606,#5607,#5608,#5609,#5610,#5611),
  .UNSPECIFIED.,.F.,.F.,(4,1,1,1,1,1,1,1,1,1,1,1,1,1,1,1,1,1,1,1,1,1,1,1
    ,1,1,1,1,1,1,1,1,1,1,1,1,1,1,1,1,1,1,1,1,1,1,1,1,1,1,1,1,1,1,1,1,1,1
    ,1,1,1,1,1,1,1,1,1,1,1,1,1,1,1,1,1,1,1,1,1,1,1,1,1,1,1,1,1,1,4),(0.,
    1.136363636364E-02,2.272727272727E-02,3.409090909091E-02,
    4.545454545455E-02,5.681818181818E-02,6.818181818182E-02,
    7.954545454545E-02,9.090909090909E-02,0.102272727273,0.113636363636,
    0.125,0.136363636364,0.147727272727,0.159090909091,0.170454545455,
    0.181818181818,0.193181818182,0.204545454545,0.215909090909,
    0.227272727273,0.238636363636,0.25,0.261363636364,0.272727272727,
    0.284090909091,0.295454545455,0.306818181818,0.318181818182,
    0.329545454545,0.340909090909,0.352272727273,0.363636363636,0.375,
    0.386363636364,0.397727272727,0.409090909091,0.420454545455,
    0.431818181818,0.443181818182,0.454545454545,0.465909090909,
    0.477272727273,0.488636363636,0.5,0.511363636364,0.522727272727,
    0.534090909091,0.545454545455,0.556818181818,0.568181818182,
    0.579545454545,0.590909090909,0.602272727273,0.613636363636,0.625,
    0.636363636364,0.647727272727,0.659090909091,0.670454545455,
    0.681818181818,0.693181818182,0.704545454545,0.715909090909,
    0.727272727273,0.738636363636,0.75,0.761363636364,0.772727272727,
    0.784090909091,0.795454545455,0.806818181818,0.818181818182,
    0.829545454545,0.840909090909,0.852272727273,0.863636363636,0.875,
    0.886363636364,0.897727272727,0.909090909091,0.920454545455,
    0.931818181818,0.943181818182,0.954545454545,0.965909090909,
    0.977272727273,0.988636363636,1.),.UNSPECIFIED.);
#5521 = CARTESIAN_POINT('',(4.917050766179,-21.5));
#5522 = CARTESIAN_POINT('',(4.918152689309,-21.61763534979));
#5523 = CARTESIAN_POINT('',(4.92032948909,-21.85114344218));
#5524 = CARTESIAN_POINT('',(4.92351356487,-22.19611775919));
#5525 = CARTESIAN_POINT('',(4.926616533849,-22.53580425463));
#5526 = CARTESIAN_POINT('',(4.929638407735,-22.8702029285));
#5527 = CARTESIAN_POINT('',(4.932579194643,-23.1993137808));
#5528 = CARTESIAN_POINT('',(4.935438898584,-23.52313681151));
#5529 = CARTESIAN_POINT('',(4.938217519531,-23.84167202075));
#5530 = CARTESIAN_POINT('',(4.940915053564,-24.15491940803));
#5531 = CARTESIAN_POINT('',(4.943531492241,-24.46287897521));
#5532 = CARTESIAN_POINT('',(4.946066825059,-24.76555071535));
#5533 = CARTESIAN_POINT('',(4.948521030449,-25.06293465437));
#5534 = CARTESIAN_POINT('',(4.950894109623,-25.3550306955));
#5535 = CARTESIAN_POINT('',(4.953186091731,-25.64183919995));
#5536 = CARTESIAN_POINT('',(4.95539696541,-25.92335881965));
#5537 = CARTESIAN_POINT('',(4.957526764523,-26.19959458564));
#5538 = CARTESIAN_POINT('',(4.959575368494,-26.47052772183));
#5539 = CARTESIAN_POINT('',(4.961543215218,-26.73622830151));
#5540 = CARTESIAN_POINT('',(4.96342865388,-26.99643480751));
#5541 = CARTESIAN_POINT('',(4.965237860179,-27.25212323516));
#5542 = CARTESIAN_POINT('',(4.966947788719,-27.49965112048));
#5543 = CARTESIAN_POINT('',(4.968644441065,-27.75261232426));
#5544 = CARTESIAN_POINT('',(4.970006857197,-27.9602738672));
#5545 = CARTESIAN_POINT('',(4.972232877052,-28.31197380576));
#5546 = CARTESIAN_POINT('',(4.974108218318,-28.62199840541));
#5547 = CARTESIAN_POINT('',(4.975958253313,-28.94011242124));
#5548 = CARTESIAN_POINT('',(4.977695805333,-29.2529843372));
#5549 = CARTESIAN_POINT('',(4.979344239769,-29.56418923216));
#5550 = CARTESIAN_POINT('',(4.980897302023,-29.87277207651));
#5551 = CARTESIAN_POINT('',(4.982356673608,-30.17899167957));
#5552 = CARTESIAN_POINT('',(4.983721908847,-30.48278160348));
#5553 = CARTESIAN_POINT('',(4.984993131173,-30.78416256013));
#5554 = CARTESIAN_POINT('',(4.986170310538,-31.08313190959));
#5555 = CARTESIAN_POINT('',(4.987253456953,-31.37969326951));
#5556 = CARTESIAN_POINT('',(4.988242568566,-31.67384857899));
#5557 = CARTESIAN_POINT('',(4.989137645559,-31.96560023377));
#5558 = CARTESIAN_POINT('',(4.989938686429,-32.25495048156));
#5559 = CARTESIAN_POINT('',(4.990645689026,-32.54190170556));
#5560 = CARTESIAN_POINT('',(4.991258650354,-32.82645589504));
#5561 = CARTESIAN_POINT('',(4.991777566704,-33.10861647951));
#5562 = CARTESIAN_POINT('',(4.992202433837,-33.38838152149));
#5563 = CARTESIAN_POINT('',(4.992533246801,-33.66576911112));
#5564 = CARTESIAN_POINT('',(4.992770001299,-33.94072259511));
#5565 = CARTESIAN_POINT('',(4.992912689374,-34.2134642663));
#5566 = CARTESIAN_POINT('',(4.992961316416,-34.48317537637));
#5567 = CARTESIAN_POINT('',(4.992915838744,-34.75292239555));
#5568 = CARTESIAN_POINT('',(4.992776218001,-35.02576949911));
#5569 = CARTESIAN_POINT('',(4.992542465269,-35.30089564377));
#5570 = CARTESIAN_POINT('',(4.992214578322,-35.57852082741));
#5571 = CARTESIAN_POINT('',(4.991792558329,-35.85858610178));
#5572 = CARTESIAN_POINT('',(4.991276405312,-36.14110726203));
#5573 = CARTESIAN_POINT('',(4.990666119326,-36.42608007576));
#5574 = CARTESIAN_POINT('',(4.989961700129,-36.71350567748));
#5575 = CARTESIAN_POINT('',(4.989163147325,-37.00338376153));
#5576 = CARTESIAN_POINT('',(4.988270460264,-37.29571441605));
#5577 = CARTESIAN_POINT('',(4.987283638598,-37.59049759417));
#5578 = CARTESIAN_POINT('',(4.986202680616,-37.8877333952));
#5579 = CARTESIAN_POINT('',(4.985027590212,-38.18742146874));
#5580 = CARTESIAN_POINT('',(4.983758360248,-38.48956311701));
#5581 = CARTESIAN_POINT('',(4.982395022531,-38.79415348158));
#5582 = CARTESIAN_POINT('',(4.980937458408,-39.10121069393));
#5583 = CARTESIAN_POINT('',(4.979386106376,-39.41066708661));
#5584 = CARTESIAN_POINT('',(4.977739322775,-39.72277519794));
#5585 = CARTESIAN_POINT('',(4.976003248077,-40.03659254214));
#5586 = CARTESIAN_POINT('',(4.974154968278,-40.355636524));
#5587 = CARTESIAN_POINT('',(4.972279994863,-40.66678001016));
#5588 = CARTESIAN_POINT('',(4.970059196937,-41.01901412935));
#5589 = CARTESIAN_POINT('',(4.968683587545,-41.22950149997));
#5590 = CARTESIAN_POINT('',(4.966979392955,-41.48450669612));
#5591 = CARTESIAN_POINT('',(4.965261158849,-41.7341202756));
#5592 = CARTESIAN_POINT('',(4.963444633961,-41.99171543314));
#5593 = CARTESIAN_POINT('',(4.961552421209,-42.253708832));
#5594 = CARTESIAN_POINT('',(4.959578488725,-42.52106062438));
#5595 = CARTESIAN_POINT('',(4.957524473889,-42.79351353827));
#5596 = CARTESIAN_POINT('',(4.955389955571,-43.07113650949));
#5597 = CARTESIAN_POINT('',(4.95317506059,-43.35391106675));
#5598 = CARTESIAN_POINT('',(4.950879765235,-43.64184215941));
#5599 = CARTESIAN_POINT('',(4.948504082369,-43.9349284613));
#5600 = CARTESIAN_POINT('',(4.946048011263,-44.23317032777));
#5601 = CARTESIAN_POINT('',(4.943511551019,-44.53656766359));
#5602 = CARTESIAN_POINT('',(4.940894696981,-44.84512049428));
#5603 = CARTESIAN_POINT('',(4.93819744172,-45.15882881301));
#5604 = CARTESIAN_POINT('',(4.935419774814,-45.47769262161));
#5605 = CARTESIAN_POINT('',(4.932561682974,-45.80171191958));
#5606 = CARTESIAN_POINT('',(4.929623150092,-46.13088670706));
#5607 = CARTESIAN_POINT('',(4.926604157347,-46.46521698401));
#5608 = CARTESIAN_POINT('',(4.923504683235,-46.80470275045));
#5609 = CARTESIAN_POINT('',(4.920324703969,-47.14934400636));
#5610 = CARTESIAN_POINT('',(4.918151029691,-47.38254183662));
#5611 = CARTESIAN_POINT('',(4.917050766179,-47.5));
#5612 = ( GEOMETRIC_REPRESENTATION_CONTEXT(2) 
PARAMETRIC_REPRESENTATION_CONTEXT() REPRESENTATION_CONTEXT('2D SPACE',''
  ) );
#5613 = PCURVE('',#581,#5614);
#5614 = DEFINITIONAL_REPRESENTATION('',(#5615),#5707);
#5615 = B_SPLINE_CURVE_WITH_KNOTS('',3,(#5616,#5617,#5618,#5619,#5620,
    #5621,#5622,#5623,#5624,#5625,#5626,#5627,#5628,#5629,#5630,#5631,
    #5632,#5633,#5634,#5635,#5636,#5637,#5638,#5639,#5640,#5641,#5642,
    #5643,#5644,#5645,#5646,#5647,#5648,#5649,#5650,#5651,#5652,#5653,
    #5654,#5655,#5656,#5657,#5658,#5659,#5660,#5661,#5662,#5663,#5664,
    #5665,#5666,#5667,#5668,#5669,#5670,#5671,#5672,#5673,#5674,#5675,
    #5676,#5677,#5678,#5679,#5680,#5681,#5682,#5683,#5684,#5685,#5686,
    #5687,#5688,#5689,#5690,#5691,#5692,#5693,#5694,#5695,#5696,#5697,
    #5698,#5699,#5700,#5701,#5702,#5703,#5704,#5705,#5706),
  .UNSPECIFIED.,.F.,.F.,(4,1,1,1,1,1,1,1,1,1,1,1,1,1,1,1,1,1,1,1,1,1,1,1
    ,1,1,1,1,1,1,1,1,1,1,1,1,1,1,1,1,1,1,1,1,1,1,1,1,1,1,1,1,1,1,1,1,1,1
    ,1,1,1,1,1,1,1,1,1,1,1,1,1,1,1,1,1,1,1,1,1,1,1,1,1,1,1,1,1,1,4),(0.,
    1.136363636364E-02,2.272727272727E-02,3.409090909091E-02,
    4.545454545455E-02,5.681818181818E-02,6.818181818182E-02,
    7.954545454545E-02,9.090909090909E-02,0.102272727273,0.113636363636,
    0.125,0.136363636364,0.147727272727,0.159090909091,0.170454545455,
    0.181818181818,0.193181818182,0.204545454545,0.215909090909,
    0.227272727273,0.238636363636,0.25,0.261363636364,0.272727272727,
    0.284090909091,0.295454545455,0.306818181818,0.318181818182,
    0.329545454545,0.340909090909,0.352272727273,0.363636363636,0.375,
    0.386363636364,0.397727272727,0.409090909091,0.420454545455,
    0.431818181818,0.443181818182,0.454545454545,0.465909090909,
    0.477272727273,0.488636363636,0.5,0.511363636364,0.522727272727,
    0.534090909091,0.545454545455,0.556818181818,0.568181818182,
    0.579545454545,0.590909090909,0.602272727273,0.613636363636,0.625,
    0.636363636364,0.647727272727,0.659090909091,0.670454545455,
    0.681818181818,0.693181818182,0.704545454545,0.715909090909,
    0.727272727273,0.738636363636,0.75,0.761363636364,0.772727272727,
    0.784090909091,0.795454545455,0.806818181818,0.818181818182,
    0.829545454545,0.840909090909,0.852272727273,0.863636363636,0.875,
    0.886363636364,0.897727272727,0.909090909091,0.920454545455,
    0.931818181818,0.943181818182,0.954545454545,0.965909090909,
    0.977272727273,0.988636363636,1.),.UNSPECIFIED.);
#5616 = CARTESIAN_POINT('',(3.778729675309,-0.120064222912));
#5617 = CARTESIAN_POINT('',(3.783174601663,-0.13150077581));
#5618 = CARTESIAN_POINT('',(3.792152422737,-0.154083657678));
#5619 = CARTESIAN_POINT('',(3.805879886154,-0.187085923621));
#5620 = CARTESIAN_POINT('',(3.8198652422,-0.219214576994));
#5621 = CARTESIAN_POINT('',(3.834104482271,-0.250468659313));
#5622 = CARTESIAN_POINT('',(3.848592769811,-0.280847658885));
#5623 = CARTESIAN_POINT('',(3.863324290808,-0.310351607815));
#5624 = CARTESIAN_POINT('',(3.878292240145,-0.338981113995));
#5625 = CARTESIAN_POINT('',(3.89348877753,-0.366737410149));
#5626 = CARTESIAN_POINT('',(3.908904996586,-0.393622401761));
#5627 = CARTESIAN_POINT('',(3.924530904473,-0.419638701843));
#5628 = CARTESIAN_POINT('',(3.940355384503,-0.444789715891));
#5629 = CARTESIAN_POINT('',(3.95636625991,-0.46907953248));
#5630 = CARTESIAN_POINT('',(3.972550357127,-0.492512949681));
#5631 = CARTESIAN_POINT('',(3.988893199637,-0.515095636946));
#5632 = CARTESIAN_POINT('',(4.005379698722,-0.536834556745));
#5633 = CARTESIAN_POINT('',(4.021991965753,-0.557736056161));
#5634 = CARTESIAN_POINT('',(4.0387175453,-0.577813256781));
#5635 = CARTESIAN_POINT('',(4.055518929062,-0.597058513562));
#5636 = CARTESIAN_POINT('',(4.072447747172,-0.615545955323));
#5637 = CARTESIAN_POINT('',(4.08921870261,-0.633049212868));
#5638 = CARTESIAN_POINT('',(4.106800022122,-0.650468100297));
#5639 = CARTESIAN_POINT('',(4.121478296083,-0.664503973653));
#5640 = CARTESIAN_POINT('',(4.147009176654,-0.687531624941));
#5641 = CARTESIAN_POINT('',(4.170260209778,-0.706978517948));
#5642 = CARTESIAN_POINT('',(4.194734382687,-0.726195188879));
#5643 = CARTESIAN_POINT('',(4.219473682018,-0.744266670989));
#5644 = CARTESIAN_POINT('',(4.244711749536,-0.761422204968));
#5645 = CARTESIAN_POINT('',(4.270359180415,-0.777585914135));
#5646 = CARTESIAN_POINT('',(4.296409357371,-0.792765354282));
#5647 = CARTESIAN_POINT('',(4.322829732858,-0.806947604681));
#5648 = CARTESIAN_POINT('',(4.349591044028,-0.820127307331));
#5649 = CARTESIAN_POINT('',(4.376659631216,-0.832299340907));
#5650 = CARTESIAN_POINT('',(4.403999707263,-0.843460956636));
#5651 = CARTESIAN_POINT('',(4.431573024513,-0.853611360362));
#5652 = CARTESIAN_POINT('',(4.459339302313,-0.862751956274));
#5653 = CARTESIAN_POINT('',(4.487256504145,-0.87088638689));
#5654 = CARTESIAN_POINT('',(4.51528122174,-0.878020597877));
#5655 = CARTESIAN_POINT('',(4.543369014158,-0.884162863831));
#5656 = CARTESIAN_POINT('',(4.571475009523,-0.889323790273));
#5657 = CARTESIAN_POINT('',(4.5995536398,-0.893516286882));
#5658 = CARTESIAN_POINT('',(4.62756166247,-0.896755513184));
#5659 = CARTESIAN_POINT('',(4.655448922818,-0.89905879786));
#5660 = CARTESIAN_POINT('',(4.683194826723,-0.900445531549));
#5661 = CARTESIAN_POINT('',(4.710674131011,-0.9009370425));
#5662 = CARTESIAN_POINT('',(4.738159597973,-0.900556431791));
#5663 = CARTESIAN_POINT('',(4.765923782228,-0.899279826063));
#5664 = CARTESIAN_POINT('',(4.793841140692,-0.897085155276));
#5665 = CARTESIAN_POINT('',(4.821890687993,-0.893952305893));
#5666 = CARTESIAN_POINT('',(4.850021790106,-0.889863257493));
#5667 = CARTESIAN_POINT('',(4.878190642593,-0.884802195508));
#5668 = CARTESIAN_POINT('',(4.90635104055,-0.878755599201));
#5669 = CARTESIAN_POINT('',(4.934457409435,-0.871712300573));
#5670 = CARTESIAN_POINT('',(4.962464552001,-0.863663521218));
#5671 = CARTESIAN_POINT('',(4.990328257942,-0.854602856693));
#5672 = CARTESIAN_POINT('',(5.01800567192,-0.844526321246));
#5673 = CARTESIAN_POINT('',(5.045455631224,-0.833432034826));
#5674 = CARTESIAN_POINT('',(5.072638914077,-0.821320124743));
#5675 = CARTESIAN_POINT('',(5.09951879698,-0.808192950074));
#5676 = CARTESIAN_POINT('',(5.126060685411,-0.79405526248));
#5677 = CARTESIAN_POINT('',(5.152234380511,-0.778912163377));
#5678 = CARTESIAN_POINT('',(5.178006524807,-0.762776311415));
#5679 = CARTESIAN_POINT('',(5.203369360974,-0.745640195221));
#5680 = CARTESIAN_POINT('',(5.228233569947,-0.72757838439));
#5681 = CARTESIAN_POINT('',(5.252828523947,-0.708365740011));
#5682 = CARTESIAN_POINT('',(5.276208450986,-0.68890148219));
#5683 = CARTESIAN_POINT('',(5.301827129568,-0.665893462011));
#5684 = CARTESIAN_POINT('',(5.316732477131,-0.651696140035));
#5685 = CARTESIAN_POINT('',(5.334483414721,-0.634166131636));
#5686 = CARTESIAN_POINT('',(5.351419697407,-0.616540782847));
#5687 = CARTESIAN_POINT('',(5.36849581865,-0.597937450941));
#5688 = CARTESIAN_POINT('',(5.385430746027,-0.578578711582));
#5689 = CARTESIAN_POINT('',(5.402275595664,-0.558392264882));
#5690 = CARTESIAN_POINT('',(5.418993663103,-0.537386076977));
#5691 = CARTESIAN_POINT('',(5.435573028115,-0.515547840689));
#5692 = CARTESIAN_POINT('',(5.451996442865,-0.492871887192));
#5693 = CARTESIAN_POINT('',(5.468249446896,-0.469351940705));
#5694 = CARTESIAN_POINT('',(5.484318225472,-0.444983019717));
#5695 = CARTESIAN_POINT('',(5.500190202796,-0.41976088244));
#5696 = CARTESIAN_POINT('',(5.515853889673,-0.393682126115));
#5697 = CARTESIAN_POINT('',(5.531298919004,-0.366744107796));
#5698 = CARTESIAN_POINT('',(5.546516019917,-0.338944910408));
#5699 = CARTESIAN_POINT('',(5.561496998551,-0.310283294966));
#5700 = CARTESIAN_POINT('',(5.576234707629,-0.280758655145));
#5701 = CARTESIAN_POINT('',(5.590723013641,-0.250370971889));
#5702 = CARTESIAN_POINT('',(5.604956749688,-0.219120764164));
#5703 = CARTESIAN_POINT('',(5.61893169849,-0.187009056493));
#5704 = CARTESIAN_POINT('',(5.632644444892,-0.154037287058));
#5705 = CARTESIAN_POINT('',(5.64160994911,-0.131484057499));
#5706 = CARTESIAN_POINT('',(5.646048184571,-0.120064735252));
#5707 = ( GEOMETRIC_REPRESENTATION_CONTEXT(2) 
PARAMETRIC_REPRESENTATION_CONTEXT() REPRESENTATION_CONTEXT('2D SPACE',''
  ) );
#5708 = ORIENTED_EDGE('',*,*,#5709,.T.);
#5709 = EDGE_CURVE('',#5480,#5710,#5712,.T.);
#5710 = VERTEX_POINT('',#5711);
#5711 = CARTESIAN_POINT('',(-1.348429490149,-257.3867361851,
    -398.5499999999));
#5712 = SURFACE_CURVE('',#5713,(#5718,#5725),.PCURVE_S1.);
#5713 = CIRCLE('',#5714,10.6);
#5714 = AXIS2_PLACEMENT_3D('',#5715,#5716,#5717);
#5715 = CARTESIAN_POINT('',(4.819932363006E-03,-267.899999998,
    -398.5499999999));
#5716 = DIRECTION('',(-3.064104139906E-16,-8.673617379884E-16,1.));
#5717 = DIRECTION('',(-0.755406953765,0.655255930307,3.368793651039E-16)
  );
#5718 = PCURVE('',#5463,#5719);
#5719 = DEFINITIONAL_REPRESENTATION('',(#5720),#5724);
#5720 = LINE('',#5721,#5722);
#5721 = CARTESIAN_POINT('',(-1.7763568394E-15,-47.5));
#5722 = VECTOR('',#5723,1.);
#5723 = DIRECTION('',(1.,8.911386994621E-14));
#5724 = ( GEOMETRIC_REPRESENTATION_CONTEXT(2) 
PARAMETRIC_REPRESENTATION_CONTEXT() REPRESENTATION_CONTEXT('2D SPACE',''
  ) );
#5725 = PCURVE('',#526,#5726);
#5726 = DEFINITIONAL_REPRESENTATION('',(#5727),#5735);
#5727 = ( BOUNDED_CURVE() B_SPLINE_CURVE(2,(#5728,#5729,#5730,#5731,
#5732,#5733,#5734),.UNSPECIFIED.,.T.,.F.) B_SPLINE_CURVE_WITH_KNOTS((1,2
    ,2,2,2,1),(-2.094395102393,0.,2.094395102393,4.188790204786,
6.28318530718,8.377580409573),.UNSPECIFIED.) CURVE() 
GEOMETRIC_REPRESENTATION_ITEM() RATIONAL_B_SPLINE_CURVE((1.,0.5,1.,0.5,
1.,0.5,1.)) REPRESENTATION_ITEM('') );
#5728 = CARTESIAN_POINT('',(5.830214469624E-04,21.199620420166));
#5729 = CARTESIAN_POINT('',(18.360321553901,21.198610579323));
#5730 = CARTESIAN_POINT('',(9.17957773985,5.299115523799));
#5731 = CARTESIAN_POINT('',(-1.166074200719E-03,-10.60037953172));
#5732 = CARTESIAN_POINT('',(-9.180160792604,5.300125364642));
#5733 = CARTESIAN_POINT('',(-18.359155511,21.200630261009));
#5734 = CARTESIAN_POINT('',(5.830214469624E-04,21.199620420166));
#5735 = ( GEOMETRIC_REPRESENTATION_CONTEXT(2) 
PARAMETRIC_REPRESENTATION_CONTEXT() REPRESENTATION_CONTEXT('2D SPACE',''
  ) );
#5736 = ORIENTED_EDGE('',*,*,#5737,.T.);
#5737 = EDGE_CURVE('',#5710,#5350,#5738,.T.);
#5738 = SURFACE_CURVE('',#5739,(#5774,#5869),.PCURVE_S1.);
#5739 = B_SPLINE_CURVE_WITH_KNOTS('',3,(#5740,#5741,#5742,#5743,#5744,
    #5745,#5746,#5747,#5748,#5749,#5750,#5751,#5752,#5753,#5754,#5755,
    #5756,#5757,#5758,#5759,#5760,#5761,#5762,#5763,#5764,#5765,#5766,
    #5767,#5768,#5769,#5770,#5771,#5772,#5773),.UNSPECIFIED.,.F.,.F.,(4,
    2,2,1,1,1,1,1,1,2,2,2,2,2,1,1,1,1,1,1,2,2,4),(0.,0.124999999999,
    0.187499999999,0.218749999999,0.234374999999,0.242187499999,
    0.246093749999,0.248046874999,0.249023437499,0.249511718749,
    0.249999999999,0.5,0.625,0.687500000001,0.718750000001,
    0.734375000001,0.742187500001,0.746093750001,0.748046875001,
    0.749023437501,0.749511718751,0.750000000001,1.),.UNSPECIFIED.);
#5740 = CARTESIAN_POINT('',(-1.348429490149,-257.3867361851,
    -398.5499999999));
#5741 = CARTESIAN_POINT('',(-1.220996558422,-257.370333235,
    -397.2560111521));
#5742 = CARTESIAN_POINT('',(-1.110474576083,-257.3584195433,
    -396.0686600394));
#5743 = CARTESIAN_POINT('',(-0.970414970461,-257.3448535298,
    -394.4475899728));
#5744 = CARTESIAN_POINT('',(-0.928013079137,-257.3410566513,
    -393.9338927177));
#5745 = CARTESIAN_POINT('',(-0.870863069331,-257.3362154116,
    -393.2033359856));
#5746 = CARTESIAN_POINT('',(-0.843901111797,-257.3340090467,
    -392.8480549073));
#5747 = CARTESIAN_POINT('',(-0.815272499873,-257.3317665889,
    -392.4510555693));
#5748 = CARTESIAN_POINT('',(-0.801665372768,-257.3307234378,
    -392.2569297137));
#5749 = CARTESIAN_POINT('',(-0.795038655486,-257.330220794,
    -392.1609602392));
#5750 = CARTESIAN_POINT('',(-0.791769514565,-257.3299741337,
    -392.1132488653));
#5751 = CARTESIAN_POINT('',(-0.790145999286,-257.3298519601,
    -392.0894615191));
#5752 = CARTESIAN_POINT('',(-0.789452576071,-257.3297998468,
    -392.0792815867));
#5753 = CARTESIAN_POINT('',(-0.788990820391,-257.3297651594,
    -392.0724982194));
#5754 = CARTESIAN_POINT('',(-0.788843348701,-257.3297540834,
    -392.070331181));
#5755 = CARTESIAN_POINT('',(-0.628020777996,-257.3176835725,
    -389.7046586394));
#5756 = CARTESIAN_POINT('',(-0.547519930081,-257.314400313,
    -387.5397158736));
#5757 = CARTESIAN_POINT('',(-0.547335538008,-257.3143906938,
    -384.5803700214));
#5758 = CARTESIAN_POINT('',(-0.567372752516,-257.3153785937,
    -383.5444616869));
#5759 = CARTESIAN_POINT('',(-0.627547866508,-257.3188604255,
    -381.9164096093));
#5760 = CARTESIAN_POINT('',(-0.652625545212,-257.3203650958,
    -381.3613606542));
#5761 = CARTESIAN_POINT('',(-0.697760204513,-257.3232987894,
    -380.5102398276));
#5762 = CARTESIAN_POINT('',(-0.722206976668,-257.3249358117,
    -380.0800425658));
#5763 = CARTESIAN_POINT('',(-0.754013694891,-257.3271891924,
    -379.5700312756));
#5764 = CARTESIAN_POINT('',(-0.77073787642,-257.3284082651,
    -379.3129970093));
#5765 = CARTESIAN_POINT('',(-0.779305100261,-257.3290417316,
    -379.1839727208));
#5766 = CARTESIAN_POINT('',(-0.783639985981,-257.3293645544,
    -379.1193337877));
#5767 = CARTESIAN_POINT('',(-0.785820246082,-257.3295275017,
    -379.086982624));
#5768 = CARTESIAN_POINT('',(-0.786757389689,-257.3295976669,
    -379.0731110473));
#5769 = CARTESIAN_POINT('',(-0.787382762394,-257.3296445173,
    -379.0638618201));
#5770 = CARTESIAN_POINT('',(-0.78777726634,-257.3296740932,
    -379.058032843));
#5771 = CARTESIAN_POINT('',(-0.906682562839,-257.3385926186,
    -377.3022830368));
#5772 = CARTESIAN_POINT('',(-1.093947514497,-257.3539796983,
    -375.1340795939));
#5773 = CARTESIAN_POINT('',(-1.348429490154,-257.3867361851,
    -372.5499999999));
#5774 = PCURVE('',#5463,#5775);
#5775 = DEFINITIONAL_REPRESENTATION('',(#5776),#5868);
#5776 = B_SPLINE_CURVE_WITH_KNOTS('',3,(#5777,#5778,#5779,#5780,#5781,
    #5782,#5783,#5784,#5785,#5786,#5787,#5788,#5789,#5790,#5791,#5792,
    #5793,#5794,#5795,#5796,#5797,#5798,#5799,#5800,#5801,#5802,#5803,
    #5804,#5805,#5806,#5807,#5808,#5809,#5810,#5811,#5812,#5813,#5814,
    #5815,#5816,#5817,#5818,#5819,#5820,#5821,#5822,#5823,#5824,#5825,
    #5826,#5827,#5828,#5829,#5830,#5831,#5832,#5833,#5834,#5835,#5836,
    #5837,#5838,#5839,#5840,#5841,#5842,#5843,#5844,#5845,#5846,#5847,
    #5848,#5849,#5850,#5851,#5852,#5853,#5854,#5855,#5856,#5857,#5858,
    #5859,#5860,#5861,#5862,#5863,#5864,#5865,#5866,#5867),
  .UNSPECIFIED.,.F.,.F.,(4,1,1,1,1,1,1,1,1,1,1,1,1,1,1,1,1,1,1,1,1,1,1,1
    ,1,1,1,1,1,1,1,1,1,1,1,1,1,1,1,1,1,1,1,1,1,1,1,1,1,1,1,1,1,1,1,1,1,1
    ,1,1,1,1,1,1,1,1,1,1,1,1,1,1,1,1,1,1,1,1,1,1,1,1,1,1,1,1,1,1,4),(0.,
    1.136363636364E-02,2.272727272727E-02,3.409090909091E-02,
    4.545454545455E-02,5.681818181818E-02,6.818181818182E-02,
    7.954545454545E-02,9.090909090909E-02,0.102272727273,0.113636363636,
    0.125,0.136363636364,0.147727272727,0.159090909091,0.170454545455,
    0.181818181818,0.193181818182,0.204545454545,0.215909090909,
    0.227272727273,0.238636363636,0.25,0.261363636364,0.272727272727,
    0.284090909091,0.295454545455,0.306818181818,0.318181818182,
    0.329545454545,0.340909090909,0.352272727273,0.363636363636,0.375,
    0.386363636364,0.397727272727,0.409090909091,0.420454545455,
    0.431818181818,0.443181818182,0.454545454545,0.465909090909,
    0.477272727273,0.488636363636,0.5,0.511363636364,0.522727272727,
    0.534090909091,0.545454545455,0.556818181818,0.568181818182,
    0.579545454545,0.590909090909,0.602272727273,0.613636363636,0.625,
    0.636363636364,0.647727272727,0.659090909091,0.670454545455,
    0.681818181818,0.693181818182,0.704545454545,0.715909090909,
    0.727272727273,0.738636363636,0.75,0.761363636364,0.772727272727,
    0.784090909091,0.795454545455,0.806818181818,0.818181818182,
    0.829545454545,0.840909090909,0.852272727273,0.863636363636,0.875,
    0.886363636364,0.897727272727,0.909090909091,0.920454545455,
    0.931818181818,0.943181818182,0.954545454545,0.965909090909,
    0.977272727273,0.988636363636,1.),.UNSPECIFIED.);
#5777 = CARTESIAN_POINT('',(5.554924745787,-47.5));
#5778 = CARTESIAN_POINT('',(5.553822822656,-47.38236465019));
#5779 = CARTESIAN_POINT('',(5.551646022875,-47.14885655778));
#5780 = CARTESIAN_POINT('',(5.548461947094,-46.80388224074));
#5781 = CARTESIAN_POINT('',(5.545358978115,-46.46419574528));
#5782 = CARTESIAN_POINT('',(5.542337104229,-46.12979707139));
#5783 = CARTESIAN_POINT('',(5.53939631732,-45.80068621906));
#5784 = CARTESIAN_POINT('',(5.536536613379,-45.47686318833));
#5785 = CARTESIAN_POINT('',(5.533757992432,-45.15832797908));
#5786 = CARTESIAN_POINT('',(5.531060458399,-44.84508059178));
#5787 = CARTESIAN_POINT('',(5.528444019722,-44.53712102459));
#5788 = CARTESIAN_POINT('',(5.525908686904,-44.23444928445));
#5789 = CARTESIAN_POINT('',(5.523454481514,-43.93706534542));
#5790 = CARTESIAN_POINT('',(5.52108140234,-43.6449693043));
#5791 = CARTESIAN_POINT('',(5.518789420231,-43.35816079987));
#5792 = CARTESIAN_POINT('',(5.516578546553,-43.0766411802));
#5793 = CARTESIAN_POINT('',(5.51444874744,-42.80040541423));
#5794 = CARTESIAN_POINT('',(5.512400143469,-42.52947227807));
#5795 = CARTESIAN_POINT('',(5.510432296746,-42.26377169838));
#5796 = CARTESIAN_POINT('',(5.508546858083,-42.00356519238));
#5797 = CARTESIAN_POINT('',(5.506737651786,-41.74787676475));
#5798 = CARTESIAN_POINT('',(5.505027723245,-41.50034887948));
#5799 = CARTESIAN_POINT('',(5.5033310709,-41.24738767582));
#5800 = CARTESIAN_POINT('',(5.501968654769,-41.0397261329));
#5801 = CARTESIAN_POINT('',(5.499742634914,-40.6880261943));
#5802 = CARTESIAN_POINT('',(5.497867293647,-40.37800159464));
#5803 = CARTESIAN_POINT('',(5.496017258652,-40.0598875788));
#5804 = CARTESIAN_POINT('',(5.494279706632,-39.74701566284));
#5805 = CARTESIAN_POINT('',(5.492631272196,-39.43581076788));
#5806 = CARTESIAN_POINT('',(5.491078209943,-39.12722792353));
#5807 = CARTESIAN_POINT('',(5.489618838357,-38.82100832048));
#5808 = CARTESIAN_POINT('',(5.488253603118,-38.51721839659));
#5809 = CARTESIAN_POINT('',(5.486982380793,-38.21583743994));
#5810 = CARTESIAN_POINT('',(5.485805201427,-37.9168680905));
#5811 = CARTESIAN_POINT('',(5.484722055013,-37.62030673059));
#5812 = CARTESIAN_POINT('',(5.4837329434,-37.32615142113));
#5813 = CARTESIAN_POINT('',(5.482837866407,-37.03439976637));
#5814 = CARTESIAN_POINT('',(5.482036825537,-36.74504951859));
#5815 = CARTESIAN_POINT('',(5.48132982294,-36.4580982946));
#5816 = CARTESIAN_POINT('',(5.480716861612,-36.17354410512));
#5817 = CARTESIAN_POINT('',(5.480197945262,-35.89138352066));
#5818 = CARTESIAN_POINT('',(5.479773078128,-35.61161847868));
#5819 = CARTESIAN_POINT('',(5.479442265164,-35.33423088904));
#5820 = CARTESIAN_POINT('',(5.479205510667,-35.05927740504));
#5821 = CARTESIAN_POINT('',(5.479062822591,-34.78653573384));
#5822 = CARTESIAN_POINT('',(5.47901419555,-34.51682462375));
#5823 = CARTESIAN_POINT('',(5.479059673221,-34.24707760454));
#5824 = CARTESIAN_POINT('',(5.479199293965,-33.97423050095));
#5825 = CARTESIAN_POINT('',(5.479433046696,-33.69910435626));
#5826 = CARTESIAN_POINT('',(5.479760933644,-33.4214791726));
#5827 = CARTESIAN_POINT('',(5.480182953637,-33.14141389821));
#5828 = CARTESIAN_POINT('',(5.480699106654,-32.85889273793));
#5829 = CARTESIAN_POINT('',(5.481309392639,-32.57391992419));
#5830 = CARTESIAN_POINT('',(5.482013811836,-32.28649432246));
#5831 = CARTESIAN_POINT('',(5.482812364641,-31.99661623839));
#5832 = CARTESIAN_POINT('',(5.483705051702,-31.70428558387));
#5833 = CARTESIAN_POINT('',(5.484691873367,-31.40950240575));
#5834 = CARTESIAN_POINT('',(5.48577283135,-31.11226660473));
#5835 = CARTESIAN_POINT('',(5.486947921754,-30.81257853119));
#5836 = CARTESIAN_POINT('',(5.488217151718,-30.51043688292));
#5837 = CARTESIAN_POINT('',(5.489580489435,-30.20584651836));
#5838 = CARTESIAN_POINT('',(5.491038053558,-29.89878930601));
#5839 = CARTESIAN_POINT('',(5.49258940559,-29.58933291333));
#5840 = CARTESIAN_POINT('',(5.49423618919,-29.27722480201));
#5841 = CARTESIAN_POINT('',(5.495972263888,-28.96340745783));
#5842 = CARTESIAN_POINT('',(5.497820543687,-28.64436347601));
#5843 = CARTESIAN_POINT('',(5.499695517102,-28.33321998998));
#5844 = CARTESIAN_POINT('',(5.501916315028,-27.9809858708));
#5845 = CARTESIAN_POINT('',(5.503291924421,-27.77049850009));
#5846 = CARTESIAN_POINT('',(5.504996119012,-27.51549330388));
#5847 = CARTESIAN_POINT('',(5.506714353118,-27.26587972435));
#5848 = CARTESIAN_POINT('',(5.508530878006,-27.00828456677));
#5849 = CARTESIAN_POINT('',(5.510423090759,-26.74629116787));
#5850 = CARTESIAN_POINT('',(5.512397023243,-26.47893937546));
#5851 = CARTESIAN_POINT('',(5.51445103808,-26.20648646155));
#5852 = CARTESIAN_POINT('',(5.516585556397,-25.9288634903));
#5853 = CARTESIAN_POINT('',(5.518800451379,-25.64608893303));
#5854 = CARTESIAN_POINT('',(5.521095746734,-25.35815784036));
#5855 = CARTESIAN_POINT('',(5.5234714296,-25.06507153846));
#5856 = CARTESIAN_POINT('',(5.525927500706,-24.766829672));
#5857 = CARTESIAN_POINT('',(5.52846396095,-24.46343233618));
#5858 = CARTESIAN_POINT('',(5.531080814988,-24.1548795055));
#5859 = CARTESIAN_POINT('',(5.533778070249,-23.84117118678));
#5860 = CARTESIAN_POINT('',(5.536555737155,-23.5223073782));
#5861 = CARTESIAN_POINT('',(5.539413828994,-23.19828808025));
#5862 = CARTESIAN_POINT('',(5.542352361876,-22.8691132928));
#5863 = CARTESIAN_POINT('',(5.545371354621,-22.53478301588));
#5864 = CARTESIAN_POINT('',(5.548470828733,-22.19529724947));
#5865 = CARTESIAN_POINT('',(5.551650807998,-21.8506559936));
#5866 = CARTESIAN_POINT('',(5.553824482276,-21.61745816336));
#5867 = CARTESIAN_POINT('',(5.554924745787,-21.5));
#5868 = ( GEOMETRIC_REPRESENTATION_CONTEXT(2) 
PARAMETRIC_REPRESENTATION_CONTEXT() REPRESENTATION_CONTEXT('2D SPACE',''
  ) );
#5869 = PCURVE('',#475,#5870);
#5870 = DEFINITIONAL_REPRESENTATION('',(#5871),#5963);
#5871 = B_SPLINE_CURVE_WITH_KNOTS('',3,(#5872,#5873,#5874,#5875,#5876,
    #5877,#5878,#5879,#5880,#5881,#5882,#5883,#5884,#5885,#5886,#5887,
    #5888,#5889,#5890,#5891,#5892,#5893,#5894,#5895,#5896,#5897,#5898,
    #5899,#5900,#5901,#5902,#5903,#5904,#5905,#5906,#5907,#5908,#5909,
    #5910,#5911,#5912,#5913,#5914,#5915,#5916,#5917,#5918,#5919,#5920,
    #5921,#5922,#5923,#5924,#5925,#5926,#5927,#5928,#5929,#5930,#5931,
    #5932,#5933,#5934,#5935,#5936,#5937,#5938,#5939,#5940,#5941,#5942,
    #5943,#5944,#5945,#5946,#5947,#5948,#5949,#5950,#5951,#5952,#5953,
    #5954,#5955,#5956,#5957,#5958,#5959,#5960,#5961,#5962),
  .UNSPECIFIED.,.F.,.F.,(4,1,1,1,1,1,1,1,1,1,1,1,1,1,1,1,1,1,1,1,1,1,1,1
    ,1,1,1,1,1,1,1,1,1,1,1,1,1,1,1,1,1,1,1,1,1,1,1,1,1,1,1,1,1,1,1,1,1,1
    ,1,1,1,1,1,1,1,1,1,1,1,1,1,1,1,1,1,1,1,1,1,1,1,1,1,1,1,1,1,1,4),(0.,
    1.136363636364E-02,2.272727272727E-02,3.409090909091E-02,
    4.545454545455E-02,5.681818181818E-02,6.818181818182E-02,
    7.954545454545E-02,9.090909090909E-02,0.102272727273,0.113636363636,
    0.125,0.136363636364,0.147727272727,0.159090909091,0.170454545455,
    0.181818181818,0.193181818182,0.204545454545,0.215909090909,
    0.227272727273,0.238636363636,0.25,0.261363636364,0.272727272727,
    0.284090909091,0.295454545455,0.306818181818,0.318181818182,
    0.329545454545,0.340909090909,0.352272727273,0.363636363636,0.375,
    0.386363636364,0.397727272727,0.409090909091,0.420454545455,
    0.431818181818,0.443181818182,0.454545454545,0.465909090909,
    0.477272727273,0.488636363636,0.5,0.511363636364,0.522727272727,
    0.534090909091,0.545454545455,0.556818181818,0.568181818182,
    0.579545454545,0.590909090909,0.602272727273,0.613636363636,0.625,
    0.636363636364,0.647727272727,0.659090909091,0.670454545455,
    0.681818181818,0.693181818182,0.704545454545,0.715909090909,
    0.727272727273,0.738636363636,0.75,0.761363636364,0.772727272727,
    0.784090909091,0.795454545455,0.806818181818,0.818181818182,
    0.829545454545,0.840909090909,0.852272727273,0.863636363636,0.875,
    0.886363636364,0.897727272727,0.909090909091,0.920454545455,
    0.931818181818,0.943181818182,0.954545454545,0.965909090909,
    0.977272727273,0.988636363636,1.),.UNSPECIFIED.);
#5872 = CARTESIAN_POINT('',(0.637131182805,-0.120070287803));
#5873 = CARTESIAN_POINT('',(0.641576064214,-0.131506938275));
#5874 = CARTESIAN_POINT('',(0.650553796838,-0.154090016243));
#5875 = CARTESIAN_POINT('',(0.664281132397,-0.187092578904));
#5876 = CARTESIAN_POINT('',(0.6782663659,-0.219221531278));
#5877 = CARTESIAN_POINT('',(0.692505489254,-0.250475914563));
#5878 = CARTESIAN_POINT('',(0.706993666416,-0.280855216725));
#5879 = CARTESIAN_POINT('',(0.721725083893,-0.310359469499));
#5880 = CARTESIAN_POINT('',(0.736692937084,-0.338989280386));
#5881 = CARTESIAN_POINT('',(0.751889386207,-0.366745881693));
#5882 = CARTESIAN_POINT('',(0.767305525381,-0.393631178461));
#5883 = CARTESIAN_POINT('',(0.782931362249,-0.419647783241));
#5884 = CARTESIAN_POINT('',(0.79875578058,-0.444799101047));
#5885 = CARTESIAN_POINT('',(0.814766604038,-0.469089219949));
#5886 = CARTESIAN_POINT('',(0.830950659455,-0.492522937504));
#5887 = CARTESIAN_POINT('',(0.847293470672,-0.515105922635));
#5888 = CARTESIAN_POINT('',(0.863779949285,-0.536845137274));
#5889 = CARTESIAN_POINT('',(0.880392206921,-0.557746927935));
#5890 = CARTESIAN_POINT('',(0.897117788377,-0.577824415728));
#5891 = CARTESIAN_POINT('',(0.913919185412,-0.597069954775));
#5892 = CARTESIAN_POINT('',(0.930848028542,-0.61555767439));
#5893 = CARTESIAN_POINT('',(0.947619019632,-0.633061200923));
#5894 = CARTESIAN_POINT('',(0.965200389558,-0.650480362531));
#5895 = CARTESIAN_POINT('',(0.979878712919,-0.664516460293));
#5896 = CARTESIAN_POINT('',(1.005409700096,-0.68754448895));
#5897 = CARTESIAN_POINT('',(1.028660853687,-0.706991710786));
#5898 = CARTESIAN_POINT('',(1.053135173435,-0.726208714588));
#5899 = CARTESIAN_POINT('',(1.077874643339,-0.744280518063));
#5900 = CARTESIAN_POINT('',(1.103112906366,-0.761436364571));
#5901 = CARTESIAN_POINT('',(1.128760557616,-0.77760037519));
#5902 = CARTESIAN_POINT('',(1.154810979805,-0.792780104781));
#5903 = CARTESIAN_POINT('',(1.181231625074,-0.80696263134));
#5904 = CARTESIAN_POINT('',(1.207993230037,-0.820142595708));
#5905 = CARTESIAN_POINT('',(1.235062134225,-0.832314875414));
#5906 = CARTESIAN_POINT('',(1.262402549419,-0.843476720599));
#5907 = CARTESIAN_POINT('',(1.289976226647,-0.853627336089));
#5908 = CARTESIAN_POINT('',(1.317742883687,-0.862768125142));
#5909 = CARTESIAN_POINT('',(1.345660482225,-0.870902729438));
#5910 = CARTESIAN_POINT('',(1.373685611978,-0.87803709392));
#5911 = CARTESIAN_POINT('',(1.401773829812,-0.884179492581));
#5912 = CARTESIAN_POINT('',(1.429880261505,-0.889340530471));
#5913 = CARTESIAN_POINT('',(1.457959336552,-0.89353311693));
#5914 = CARTESIAN_POINT('',(1.48596780992,-0.896772411289));
#5915 = CARTESIAN_POINT('',(1.513855524221,-0.899075742175));
#5916 = CARTESIAN_POINT('',(1.541601883133,-0.900462500302));
#5917 = CARTESIAN_POINT('',(1.569081639579,-0.900954014164));
#5918 = CARTESIAN_POINT('',(1.596567558556,-0.900573385084));
#5919 = CARTESIAN_POINT('',(1.624332197372,-0.899296739279));
#5920 = CARTESIAN_POINT('',(1.652250009022,-0.897102006532));
#5921 = CARTESIAN_POINT('',(1.680300005918,-0.893969073234));
#5922 = CARTESIAN_POINT('',(1.708431551342,-0.889879919044));
#5923 = CARTESIAN_POINT('',(1.736600838325,-0.884818729609));
#5924 = CARTESIAN_POINT('',(1.764761659483,-0.878771984556));
#5925 = CARTESIAN_POINT('',(1.792868437912,-0.871728516382));
#5926 = CARTESIAN_POINT('',(1.820875974163,-0.863679547312));
#5927 = CARTESIAN_POINT('',(1.848740055911,-0.854618673656));
#5928 = CARTESIAN_POINT('',(1.87641782602,-0.844541910528));
#5929 = CARTESIAN_POINT('',(1.903868120214,-0.833447378839));
#5930 = CARTESIAN_POINT('',(1.931051715399,-0.821335206946));
#5931 = CARTESIAN_POINT('',(1.957931887028,-0.80820775504));
#5932 = CARTESIAN_POINT('',(1.98447403979,-0.79406977596));
#5933 = CARTESIAN_POINT('',(2.010647974301,-0.778926372307));
#5934 = CARTESIAN_POINT('',(2.036420332802,-0.762790204039));
#5935 = CARTESIAN_POINT('',(2.061783357982,-0.745653760737));
#5936 = CARTESIAN_POINT('',(2.086647730758,-0.727591614279));
#5937 = CARTESIAN_POINT('',(2.111242824481,-0.708378623043));
#5938 = CARTESIAN_POINT('',(2.134622864923,-0.688914022961));
#5939 = CARTESIAN_POINT('',(2.160241641758,-0.665905611607));
#5940 = CARTESIAN_POINT('',(2.175147034289,-0.651708054562));
#5941 = CARTESIAN_POINT('',(2.192898016386,-0.634177760778));
#5942 = CARTESIAN_POINT('',(2.209834328829,-0.616552132276));
#5943 = CARTESIAN_POINT('',(2.226910468866,-0.597948512024));
#5944 = CARTESIAN_POINT('',(2.243845403109,-0.578589480227));
#5945 = CARTESIAN_POINT('',(2.260690248079,-0.558402736496));
#5946 = CARTESIAN_POINT('',(2.27740829943,-0.537396247816));
#5947 = CARTESIAN_POINT('',(2.293987637199,-0.515557707495));
#5948 = CARTESIAN_POINT('',(2.310411013843,-0.492881447284));
#5949 = CARTESIAN_POINT('',(2.326663969257,-0.46936119194));
#5950 = CARTESIAN_POINT('',(2.342732689094,-0.444991960489));
#5951 = CARTESIAN_POINT('',(2.358604597988,-0.419769511657));
#5952 = CARTESIAN_POINT('',(2.3742682072,-0.393690443182));
#5953 = CARTESIAN_POINT('',(2.389713150119,-0.366752112599));
#5954 = CARTESIAN_POINT('',(2.404930156373,-0.338952603286));
#5955 = CARTESIAN_POINT('',(2.41991103262,-0.31029067669));
#5956 = CARTESIAN_POINT('',(2.434648632108,-0.280765726893));
#5957 = CARTESIAN_POINT('',(2.449136821857,-0.250377735223));
#5958 = CARTESIAN_POINT('',(2.463370435497,-0.219127221001));
#5959 = CARTESIAN_POINT('',(2.47734525627,-0.18701520908));
#5960 = CARTESIAN_POINT('',(2.491057869537,-0.154043137947));
#5961 = CARTESIAN_POINT('',(2.500023281928,-0.131489709138));
#5962 = CARTESIAN_POINT('',(2.504461470793,-0.120070287784));
#5963 = ( GEOMETRIC_REPRESENTATION_CONTEXT(2) 
PARAMETRIC_REPRESENTATION_CONTEXT() REPRESENTATION_CONTEXT('2D SPACE',''
  ) );
#5964 = ADVANCED_FACE('',(#5965),#2051,.F.);
#5965 = FACE_BOUND('',#5966,.F.);
#5966 = EDGE_LOOP('',(#5967,#5968,#5991,#6065));
#5967 = ORIENTED_EDGE('',*,*,#2012,.T.);
#5968 = ORIENTED_EDGE('',*,*,#5969,.F.);
#5969 = EDGE_CURVE('',#5970,#2013,#5972,.T.);
#5970 = VERTEX_POINT('',#5971);
#5971 = CARTESIAN_POINT('',(1.798577116857,-262.7275963998,
    -377.0866863179));
#5972 = SURFACE_CURVE('',#5973,(#5978,#5985),.PCURVE_S1.);
#5973 = CIRCLE('',#5974,17.150956750156);
#5974 = AXIS2_PLACEMENT_3D('',#5975,#5976,#5977);
#5975 = CARTESIAN_POINT('',(11.5732659321,-251.4589186811,-385.55));
#5976 = DIRECTION('',(-0.755406953765,0.655255930307,3.368793651059E-16)
  );
#5977 = DIRECTION('',(1.961035928902E-16,7.401953349831E-16,-1.));
#5978 = PCURVE('',#2051,#5979);
#5979 = DEFINITIONAL_REPRESENTATION('',(#5980),#5984);
#5980 = LINE('',#5981,#5982);
#5981 = CARTESIAN_POINT('',(-5.817568649036E-14,-1.441226018776));
#5982 = VECTOR('',#5983,1.);
#5983 = DIRECTION('',(1.,0.));
#5984 = ( GEOMETRIC_REPRESENTATION_CONTEXT(2) 
PARAMETRIC_REPRESENTATION_CONTEXT() REPRESENTATION_CONTEXT('2D SPACE',''
  ) );
#5985 = PCURVE('',#581,#5986);
#5986 = DEFINITIONAL_REPRESENTATION('',(#5987),#5990);
#5987 = B_SPLINE_CURVE_WITH_KNOTS('',1,(#5988,#5989),.UNSPECIFIED.,.F.,
  .F.,(2,2),(2.08685985309,2.576120516177),.PIECEWISE_BEZIER_KNOTS.);
#5988 = CARTESIAN_POINT('',(4.19632860755,1.353673671403E-05));
#5989 = CARTESIAN_POINT('',(3.707070259053,4.450511339475E-06));
#5990 = ( GEOMETRIC_REPRESENTATION_CONTEXT(2) 
PARAMETRIC_REPRESENTATION_CONTEXT() REPRESENTATION_CONTEXT('2D SPACE',''
  ) );
#5991 = ORIENTED_EDGE('',*,*,#5992,.T.);
#5992 = EDGE_CURVE('',#5970,#5993,#5995,.T.);
#5993 = VERTEX_POINT('',#5994);
#5994 = CARTESIAN_POINT('',(4.871922329667,-265.3934808831,
    -377.0866863179));
#5995 = SURFACE_CURVE('',#5996,(#6007,#6036),.PCURVE_S1.);
#5996 = B_SPLINE_CURVE_WITH_KNOTS('',3,(#5997,#5998,#5999,#6000,#6001,
    #6002,#6003,#6004,#6005,#6006),.UNSPECIFIED.,.F.,.F.,(4,2,2,2,4),(0.
    ,0.25,0.375,0.5,1.),.UNSPECIFIED.);
#5997 = CARTESIAN_POINT('',(1.798577116857,-262.7275963998,
    -377.0866863179));
#5998 = CARTESIAN_POINT('',(2.108541845259,-262.8558250983,
    -376.8994262273));
#5999 = CARTESIAN_POINT('',(2.41229469855,-263.0092497323,
    -376.7589609272));
#6000 = CARTESIAN_POINT('',(2.852508082321,-263.2785690141,
    -376.618455163));
#6001 = CARTESIAN_POINT('',(2.996665041273,-263.374866382,
    -376.5833186059));
#6002 = CARTESIAN_POINT('',(3.278656617571,-263.5806468983,
    -376.536442887));
#6003 = CARTESIAN_POINT('',(3.415590257524,-263.6893502075,
    -376.5247039971));
#6004 = CARTESIAN_POINT('',(4.09030983824,-264.2737701129,
    -376.5245003162));
#6005 = CARTESIAN_POINT('',(4.530157902183,-264.8155007722,
    -376.7118413352));
#6006 = CARTESIAN_POINT('',(4.871922329667,-265.3934808831,
    -377.0866863179));
#6007 = PCURVE('',#2051,#6008);
#6008 = DEFINITIONAL_REPRESENTATION('',(#6009),#6035);
#6009 = B_SPLINE_CURVE_WITH_KNOTS('',3,(#6010,#6011,#6012,#6013,#6014,
    #6015,#6016,#6017,#6018,#6019,#6020,#6021,#6022,#6023,#6024,#6025,
    #6026,#6027,#6028,#6029,#6030,#6031,#6032,#6033,#6034),
  .UNSPECIFIED.,.F.,.F.,(4,1,1,1,1,1,1,1,1,1,1,1,1,1,1,1,1,1,1,1,1,1,4),
  (0.,4.545454545455E-02,9.090909090909E-02,0.136363636364,
    0.181818181818,0.227272727273,0.272727272727,0.318181818182,
    0.363636363636,0.409090909091,0.454545454545,0.5,0.545454545455,
    0.590909090909,0.636363636364,0.681818181818,0.727272727273,
    0.772727272727,0.818181818182,0.863636363636,0.909090909091,
    0.954545454545,1.),.UNSPECIFIED.);
#6010 = CARTESIAN_POINT('',(2.08685985309,-1.441226018779));
#6011 = CARTESIAN_POINT('',(2.089142247386,-1.499075496296));
#6012 = CARTESIAN_POINT('',(2.093506186064,-1.615555754384));
#6013 = CARTESIAN_POINT('',(2.099446151437,-1.792531222813));
#6014 = CARTESIAN_POINT('',(2.104776784346,-1.971672745101));
#6015 = CARTESIAN_POINT('',(2.109494684174,-2.152891992302));
#6016 = CARTESIAN_POINT('',(2.113596407313,-2.336098041085));
#6017 = CARTESIAN_POINT('',(2.117078481373,-2.521209647154));
#6018 = CARTESIAN_POINT('',(2.119937222863,-2.708098803824));
#6019 = CARTESIAN_POINT('',(2.1221689015,-2.896706258382));
#6020 = CARTESIAN_POINT('',(2.123769773113,-3.086711509383));
#6021 = CARTESIAN_POINT('',(2.124735827464,-3.27760667135));
#6022 = CARTESIAN_POINT('',(2.125063850633,-3.471308931585));
#6023 = CARTESIAN_POINT('',(2.124747768867,-3.665859821761));
#6024 = CARTESIAN_POINT('',(2.123789478913,-3.858388140261));
#6025 = CARTESIAN_POINT('',(2.122193739139,-4.049529068717));
#6026 = CARTESIAN_POINT('',(2.119964526483,-4.2389782562));
#6027 = CARTESIAN_POINT('',(2.117105980945,-4.426683098775));
#6028 = CARTESIAN_POINT('',(2.11362213056,-4.6125235371));
#6029 = CARTESIAN_POINT('',(2.109516952373,-4.796397586457));
#6030 = CARTESIAN_POINT('',(2.104794352401,-4.978198419042));
#6031 = CARTESIAN_POINT('',(2.099458175153,-5.15782050478));
#6032 = CARTESIAN_POINT('',(2.093512215599,-5.335157965753));
#6033 = CARTESIAN_POINT('',(2.089144224963,-5.451789333712));
#6034 = CARTESIAN_POINT('',(2.08685985309,-5.509688981016));
#6035 = ( GEOMETRIC_REPRESENTATION_CONTEXT(2) 
PARAMETRIC_REPRESENTATION_CONTEXT() REPRESENTATION_CONTEXT('2D SPACE',''
  ) );
#6036 = PCURVE('',#45,#6037);
#6037 = DEFINITIONAL_REPRESENTATION('',(#6038),#6064);
#6038 = B_SPLINE_CURVE_WITH_KNOTS('',3,(#6039,#6040,#6041,#6042,#6043,
    #6044,#6045,#6046,#6047,#6048,#6049,#6050,#6051,#6052,#6053,#6054,
    #6055,#6056,#6057,#6058,#6059,#6060,#6061,#6062,#6063),
  .UNSPECIFIED.,.F.,.F.,(4,1,1,1,1,1,1,1,1,1,1,1,1,1,1,1,1,1,1,1,1,1,4),
  (0.,4.545454545455E-02,9.090909090909E-02,0.136363636364,
    0.181818181818,0.227272727273,0.272727272727,0.318181818182,
    0.363636363636,0.409090909091,0.454545454545,0.5,0.545454545455,
    0.590909090909,0.636363636364,0.681818181818,0.727272727273,
    0.772727272727,0.818181818182,0.863636363636,0.909090909091,
    0.954545454545,1.),.UNSPECIFIED.);
#6039 = CARTESIAN_POINT('',(4.331683223441,4.536686317999));
#6040 = CARTESIAN_POINT('',(4.342804681225,4.502639014976));
#6041 = CARTESIAN_POINT('',(4.36511954227,4.437638256984));
#6042 = CARTESIAN_POINT('',(4.398806503295,4.349418726575));
#6043 = CARTESIAN_POINT('',(4.432706551538,4.270480915328));
#6044 = CARTESIAN_POINT('',(4.466819558179,4.200824760257));
#6045 = CARTESIAN_POINT('',(4.501145865546,4.140450199891));
#6046 = CARTESIAN_POINT('',(4.535688724566,4.089357148745));
#6047 = CARTESIAN_POINT('',(4.570443829152,4.047545882621));
#6048 = CARTESIAN_POINT('',(4.605420658807,4.015015611405));
#6049 = CARTESIAN_POINT('',(4.640582036302,3.991769310761));
#6050 = CARTESIAN_POINT('',(4.675856683497,3.977804508476));
#6051 = CARTESIAN_POINT('',(4.711623075696,3.973114249715));
#6052 = CARTESIAN_POINT('',(4.747545527214,3.977718058783));
#6053 = CARTESIAN_POINT('',(4.783120202211,3.991620555379));
#6054 = CARTESIAN_POINT('',(4.818489288304,4.014820029347));
#6055 = CARTESIAN_POINT('',(4.853620055789,4.047316893123));
#6056 = CARTESIAN_POINT('',(4.888524840018,4.08911127014));
#6057 = CARTESIAN_POINT('',(4.923202135609,4.140203501347));
#6058 = CARTESIAN_POINT('',(4.957652439698,4.200593875885));
#6059 = CARTESIAN_POINT('',(4.99187409738,4.270282581861));
#6060 = CARTESIAN_POINT('',(5.025864489954,4.349269589547));
#6061 = CARTESIAN_POINT('',(5.059619940308,4.437554623728));
#6062 = CARTESIAN_POINT('',(5.081963638113,4.502609466351));
#6063 = CARTESIAN_POINT('',(5.093094737329,4.536686317999));
#6064 = ( GEOMETRIC_REPRESENTATION_CONTEXT(2) 
PARAMETRIC_REPRESENTATION_CONTEXT() REPRESENTATION_CONTEXT('2D SPACE',''
  ) );
#6065 = ORIENTED_EDGE('',*,*,#6066,.T.);
#6066 = EDGE_CURVE('',#5993,#1945,#6067,.T.);
#6067 = SURFACE_CURVE('',#6068,(#6073,#6080),.PCURVE_S1.);
#6068 = CIRCLE('',#6069,17.150956750156);
#6069 = AXIS2_PLACEMENT_3D('',#6070,#6071,#6072);
#6070 = CARTESIAN_POINT('',(14.64661114491,-254.1248031643,-385.55));
#6071 = DIRECTION('',(-0.755406953765,0.655255930307,3.368793651059E-16)
  );
#6072 = DIRECTION('',(1.961035928902E-16,7.401953349831E-16,-1.));
#6073 = PCURVE('',#2051,#6074);
#6074 = DEFINITIONAL_REPRESENTATION('',(#6075),#6079);
#6075 = LINE('',#6076,#6077);
#6076 = CARTESIAN_POINT('',(-8.215650382226E-14,-5.509688981013));
#6077 = VECTOR('',#6078,1.);
#6078 = DIRECTION('',(1.,-2.904556974911E-14));
#6079 = ( GEOMETRIC_REPRESENTATION_CONTEXT(2) 
PARAMETRIC_REPRESENTATION_CONTEXT() REPRESENTATION_CONTEXT('2D SPACE',''
  ) );
#6080 = PCURVE('',#727,#6081);
#6081 = DEFINITIONAL_REPRESENTATION('',(#6082),#6086);
#6082 = LINE('',#6083,#6084);
#6083 = CARTESIAN_POINT('',(4.440892098501E-16,-2.554655986941E-15));
#6084 = VECTOR('',#6085,1.);
#6085 = DIRECTION('',(1.,1.325301045973E-15));
#6086 = ( GEOMETRIC_REPRESENTATION_CONTEXT(2) 
PARAMETRIC_REPRESENTATION_CONTEXT() REPRESENTATION_CONTEXT('2D SPACE',''
  ) );
#6087 = ADVANCED_FACE('',(#6088),#1928,.T.);
#6088 = FACE_BOUND('',#6089,.T.);
#6089 = EDGE_LOOP('',(#6090,#6125,#6170,#6171));
#6090 = ORIENTED_EDGE('',*,*,#6091,.T.);
#6091 = EDGE_CURVE('',#6092,#6094,#6096,.T.);
#6092 = VERTEX_POINT('',#6093);
#6093 = CARTESIAN_POINT('',(10.60381949138,-267.7543691366,
    -372.5499999999));
#6094 = VERTEX_POINT('',#6095);
#6095 = CARTESIAN_POINT('',(8.432948759798,-261.471419714,
    -372.5499999999));
#6096 = SURFACE_CURVE('',#6097,(#6102,#6113),.PCURVE_S1.);
#6097 = CIRCLE('',#6098,10.6);
#6098 = AXIS2_PLACEMENT_3D('',#6099,#6100,#6101);
#6099 = CARTESIAN_POINT('',(4.819932363006E-03,-267.899999998,
    -372.5499999999));
#6100 = DIRECTION('',(-3.064104139906E-16,-8.673617379884E-16,1.));
#6101 = DIRECTION('',(-0.755406953765,0.655255930307,3.368793651039E-16)
  );
#6102 = PCURVE('',#1928,#6103);
#6103 = DEFINITIONAL_REPRESENTATION('',(#6104),#6112);
#6104 = ( BOUNDED_CURVE() B_SPLINE_CURVE(2,(#6105,#6106,#6107,#6108,
#6109,#6110,#6111),.UNSPECIFIED.,.T.,.F.) B_SPLINE_CURVE_WITH_KNOTS((1,2
    ,2,2,2,1),(-2.094395102393,0.,2.094395102393,4.188790204786,
6.28318530718,8.377580409573),.UNSPECIFIED.) CURVE() 
GEOMETRIC_REPRESENTATION_ITEM() RATIONAL_B_SPLINE_CURVE((1.,0.5,1.,0.5,
1.,0.5,1.)) REPRESENTATION_ITEM('') );
#6105 = CARTESIAN_POINT('',(3.506574416752,-17.96089251576));
#6106 = CARTESIAN_POINT('',(-10.36249976096,-29.99122008624));
#6107 = CARTESIAN_POINT('',(-13.84653196399,-11.96508573613));
#6108 = CARTESIAN_POINT('',(-17.33056416702,6.061048613979));
#6109 = CARTESIAN_POINT('',(2.254221372122E-02,6.52418343509E-02));
#6110 = CARTESIAN_POINT('',(17.375648594464,-5.930564945277));
#6111 = CARTESIAN_POINT('',(3.506574416752,-17.96089251576));
#6112 = ( GEOMETRIC_REPRESENTATION_CONTEXT(2) 
PARAMETRIC_REPRESENTATION_CONTEXT() REPRESENTATION_CONTEXT('2D SPACE',''
  ) );
#6113 = PCURVE('',#6114,#6119);
#6114 = CYLINDRICAL_SURFACE('',#6115,10.6);
#6115 = AXIS2_PLACEMENT_3D('',#6116,#6117,#6118);
#6116 = CARTESIAN_POINT('',(4.819932363006E-03,-267.899999998,
    -351.0499999999));
#6117 = DIRECTION('',(-3.064104139906E-16,-8.673617379884E-16,1.));
#6118 = DIRECTION('',(-0.755406953765,0.655255930307,3.368793651039E-16)
  );
#6119 = DEFINITIONAL_REPRESENTATION('',(#6120),#6124);
#6120 = LINE('',#6121,#6122);
#6121 = CARTESIAN_POINT('',(-2.22044604925E-15,-21.5));
#6122 = VECTOR('',#6123,1.);
#6123 = DIRECTION('',(1.,0.));
#6124 = ( GEOMETRIC_REPRESENTATION_CONTEXT(2) 
PARAMETRIC_REPRESENTATION_CONTEXT() REPRESENTATION_CONTEXT('2D SPACE',''
  ) );
#6125 = ORIENTED_EDGE('',*,*,#6126,.T.);
#6126 = EDGE_CURVE('',#6094,#1912,#6127,.T.);
#6127 = SURFACE_CURVE('',#6128,(#6133,#6141),.PCURVE_S1.);
#6128 = B_SPLINE_CURVE_WITH_KNOTS('',3,(#6129,#6130,#6131,#6132),
  .UNSPECIFIED.,.F.,.F.,(4,4),(1.5877494092E-02,1.628090825257E-02),
  .PIECEWISE_BEZIER_KNOTS.);
#6129 = CARTESIAN_POINT('',(8.432948759798,-261.471419714,
    -372.5499999999));
#6130 = CARTESIAN_POINT('',(8.528228729471,-261.3765271754,
    -372.5499999999));
#6131 = CARTESIAN_POINT('',(8.623415957647,-261.281540739,
    -372.5499999999));
#6132 = CARTESIAN_POINT('',(8.718506215673,-261.1864561234,
    -372.5499999999));
#6133 = PCURVE('',#1928,#6134);
#6134 = DEFINITIONAL_REPRESENTATION('',(#6135),#6140);
#6135 = B_SPLINE_CURVE_WITH_KNOTS('',3,(#6136,#6137,#6138,#6139),
  .UNSPECIFIED.,.F.,.F.,(4,4),(1.5877494092E-02,1.628090825257E-02),
  .PIECEWISE_BEZIER_KNOTS.);
#6136 = CARTESIAN_POINT('',(2.989441839519,-1.525449978412));
#6137 = CARTESIAN_POINT('',(3.084334378137,-1.430170008739));
#6138 = CARTESIAN_POINT('',(3.179320814534,-1.334982780563));
#6139 = CARTESIAN_POINT('',(3.274405430085,-1.239892522537));
#6140 = ( GEOMETRIC_REPRESENTATION_CONTEXT(2) 
PARAMETRIC_REPRESENTATION_CONTEXT() REPRESENTATION_CONTEXT('2D SPACE',''
  ) );
#6141 = PCURVE('',#727,#6142);
#6142 = DEFINITIONAL_REPRESENTATION('',(#6143),#6169);
#6143 = B_SPLINE_CURVE_WITH_KNOTS('',3,(#6144,#6145,#6146,#6147,#6148,
    #6149,#6150,#6151,#6152,#6153,#6154,#6155,#6156,#6157,#6158,#6159,
    #6160,#6161,#6162,#6163,#6164,#6165,#6166,#6167,#6168),
  .UNSPECIFIED.,.F.,.F.,(4,1,1,1,1,1,1,1,1,1,1,1,1,1,1,1,1,1,1,1,1,1,4),
  (1.5877494092E-02,1.58958310993E-02,1.59141681066E-02,
    1.59325051139E-02,1.595084212119E-02,1.596917912849E-02,
    1.598751613579E-02,1.600585314309E-02,1.602419015039E-02,
    1.604252715769E-02,1.606086416499E-02,1.607920117229E-02,
    1.609753817958E-02,1.611587518688E-02,1.613421219418E-02,
    1.615254920148E-02,1.617088620878E-02,1.618922321608E-02,
    1.620756022338E-02,1.622589723067E-02,1.624423423797E-02,
    1.626257124527E-02,1.628090825257E-02),.UNSPECIFIED.);
#6144 = CARTESIAN_POINT('',(2.504461470793,-0.120070287784));
#6145 = CARTESIAN_POINT('',(2.504764451021,-0.12051557201));
#6146 = CARTESIAN_POINT('',(2.505370821196,-0.121405596659));
#6147 = CARTESIAN_POINT('',(2.506281606612,-0.12273899889));
#6148 = CARTESIAN_POINT('',(2.50719362318,-0.124070763046));
#6149 = CARTESIAN_POINT('',(2.508106871889,-0.125400885788));
#6150 = CARTESIAN_POINT('',(2.509021353725,-0.126729363772));
#6151 = CARTESIAN_POINT('',(2.509937069667,-0.128056193649));
#6152 = CARTESIAN_POINT('',(2.51085402069,-0.129381372065));
#6153 = CARTESIAN_POINT('',(2.511772207762,-0.130704895661));
#6154 = CARTESIAN_POINT('',(2.512691631845,-0.132026761073));
#6155 = CARTESIAN_POINT('',(2.513612293897,-0.133346964933));
#6156 = CARTESIAN_POINT('',(2.514534194869,-0.134665503867));
#6157 = CARTESIAN_POINT('',(2.515457335706,-0.135982374496));
#6158 = CARTESIAN_POINT('',(2.516381717348,-0.137297573438));
#6159 = CARTESIAN_POINT('',(2.517307340728,-0.138611097304));
#6160 = CARTESIAN_POINT('',(2.518234206775,-0.1399229427));
#6161 = CARTESIAN_POINT('',(2.519162316408,-0.14123310623));
#6162 = CARTESIAN_POINT('',(2.520091670545,-0.14254158449));
#6163 = CARTESIAN_POINT('',(2.521022270095,-0.143848374072));
#6164 = CARTESIAN_POINT('',(2.52195411596,-0.145153471565));
#6165 = CARTESIAN_POINT('',(2.522887209038,-0.146456873551));
#6166 = CARTESIAN_POINT('',(2.52382155022,-0.147758576608));
#6167 = CARTESIAN_POINT('',(2.524445277,-0.148625243742));
#6168 = CARTESIAN_POINT('',(2.524757348702,-0.149058293012));
#6169 = ( GEOMETRIC_REPRESENTATION_CONTEXT(2) 
PARAMETRIC_REPRESENTATION_CONTEXT() REPRESENTATION_CONTEXT('2D SPACE',''
  ) );
#6170 = ORIENTED_EDGE('',*,*,#1911,.F.);
#6171 = ORIENTED_EDGE('',*,*,#6172,.T.);
#6172 = EDGE_CURVE('',#1844,#6092,#6173,.T.);
#6173 = SURFACE_CURVE('',#6174,(#6179,#6187),.PCURVE_S1.);
#6174 = B_SPLINE_CURVE_WITH_KNOTS('',3,(#6175,#6176,#6177,#6178),
  .UNSPECIFIED.,.F.,.F.,(4,4),(8.503206181614E-03,8.906572434378E-03),
  .PIECEWISE_BEZIER_KNOTS.);
#6175 = CARTESIAN_POINT('',(11.00438573421,-267.8022647905,
    -372.5499999999));
#6176 = CARTESIAN_POINT('',(10.87088199216,-267.7861648133,
    -372.5499999999));
#6177 = CARTESIAN_POINT('',(10.73735964149,-267.7702015773,
    -372.5499999999));
#6178 = CARTESIAN_POINT('',(10.60381949138,-267.7543691366,
    -372.5499999999));
#6179 = PCURVE('',#1928,#6180);
#6180 = DEFINITIONAL_REPRESENTATION('',(#6181),#6186);
#6181 = B_SPLINE_CURVE_WITH_KNOTS('',3,(#6182,#6183,#6184,#6185),
  .UNSPECIFIED.,.F.,.F.,(4,4),(8.503206181614E-03,8.906572434378E-03),
  .PIECEWISE_BEZIER_KNOTS.);
#6182 = CARTESIAN_POINT('',(-3.341403236993,1.045986996));
#6183 = CARTESIAN_POINT('',(-3.325303259756,0.91248325395));
#6184 = CARTESIAN_POINT('',(-3.309340023826,0.77896090328));
#6185 = CARTESIAN_POINT('',(-3.293507583088,0.64542075317));
#6186 = ( GEOMETRIC_REPRESENTATION_CONTEXT(2) 
PARAMETRIC_REPRESENTATION_CONTEXT() REPRESENTATION_CONTEXT('2D SPACE',''
  ) );
#6187 = PCURVE('',#833,#6188);
#6188 = DEFINITIONAL_REPRESENTATION('',(#6189),#6215);
#6189 = B_SPLINE_CURVE_WITH_KNOTS('',3,(#6190,#6191,#6192,#6193,#6194,
    #6195,#6196,#6197,#6198,#6199,#6200,#6201,#6202,#6203,#6204,#6205,
    #6206,#6207,#6208,#6209,#6210,#6211,#6212,#6213,#6214),
  .UNSPECIFIED.,.F.,.F.,(4,1,1,1,1,1,1,1,1,1,1,1,1,1,1,1,1,1,1,1,1,1,4),
  (8.503206181614E-03,8.521541011285E-03,8.539875840956E-03,
    8.558210670627E-03,8.576545500298E-03,8.594880329969E-03,
    8.613215159641E-03,8.631549989312E-03,8.649884818983E-03,
    8.668219648654E-03,8.686554478325E-03,8.704889307996E-03,
    8.723224137667E-03,8.741558967338E-03,8.759893797009E-03,
    8.77822862668E-03,8.796563456351E-03,8.814898286023E-03,
    8.833233115694E-03,8.851567945365E-03,8.869902775036E-03,
    8.888237604707E-03,8.906572434378E-03),.UNSPECIFIED.);
#6190 = CARTESIAN_POINT('',(0.616835304888,1.29216772577));
#6191 = CARTESIAN_POINT('',(0.617147369835,1.292600765666));
#6192 = CARTESIAN_POINT('',(0.617771083745,1.293467414892));
#6193 = CARTESIAN_POINT('',(0.618705407535,1.294769093613));
#6194 = CARTESIAN_POINT('',(0.619638485122,1.296072473793));
#6195 = CARTESIAN_POINT('',(0.620570317387,1.297377552016));
#6196 = CARTESIAN_POINT('',(0.621500905215,1.29868432487));
#6197 = CARTESIAN_POINT('',(0.622430249497,1.299992788947));
#6198 = CARTESIAN_POINT('',(0.623358351134,1.301302940845));
#6199 = CARTESIAN_POINT('',(0.624285211028,1.302614777166));
#6200 = CARTESIAN_POINT('',(0.625210830091,1.303928294517));
#6201 = CARTESIAN_POINT('',(0.626135209239,1.305243489509));
#6202 = CARTESIAN_POINT('',(0.627058349396,1.306560358759));
#6203 = CARTESIAN_POINT('',(0.627980251488,1.307878898888));
#6204 = CARTESIAN_POINT('',(0.628900916452,1.309199106522));
#6205 = CARTESIAN_POINT('',(0.629820345227,1.310520978292));
#6206 = CARTESIAN_POINT('',(0.63073853876,1.311844510834));
#6207 = CARTESIAN_POINT('',(0.631655498002,1.313169700788));
#6208 = CARTESIAN_POINT('',(0.632571223911,1.314496544801));
#6209 = CARTESIAN_POINT('',(0.633485717451,1.315825039521));
#6210 = CARTESIAN_POINT('',(0.63439897959,1.317155181604));
#6211 = CARTESIAN_POINT('',(0.635311011303,1.318486967711));
#6212 = CARTESIAN_POINT('',(0.636221813569,1.319820394506));
#6213 = CARTESIAN_POINT('',(0.636828196107,1.320710437276));
#6214 = CARTESIAN_POINT('',(0.637131182797,1.321155730999));
#6215 = ( GEOMETRIC_REPRESENTATION_CONTEXT(2) 
PARAMETRIC_REPRESENTATION_CONTEXT() REPRESENTATION_CONTEXT('2D SPACE',''
  ) );
#6216 = ADVANCED_FACE('',(#6217),#6114,.T.);
#6217 = FACE_BOUND('',#6218,.T.);
#6218 = EDGE_LOOP('',(#6219,#6220,#6450,#6478));
#6219 = ORIENTED_EDGE('',*,*,#6091,.F.);
#6220 = ORIENTED_EDGE('',*,*,#6221,.T.);
#6221 = EDGE_CURVE('',#6092,#6222,#6224,.T.);
#6222 = VERTEX_POINT('',#6223);
#6223 = CARTESIAN_POINT('',(10.60381949138,-267.7543691366,
    -398.5499999999));
#6224 = SURFACE_CURVE('',#6225,(#6260,#6355),.PCURVE_S1.);
#6225 = B_SPLINE_CURVE_WITH_KNOTS('',3,(#6226,#6227,#6228,#6229,#6230,
    #6231,#6232,#6233,#6234,#6235,#6236,#6237,#6238,#6239,#6240,#6241,
    #6242,#6243,#6244,#6245,#6246,#6247,#6248,#6249,#6250,#6251,#6252,
    #6253,#6254,#6255,#6256,#6257,#6258,#6259),.UNSPECIFIED.,.F.,.F.,(4,
    2,2,1,1,1,1,1,1,2,2,2,2,2,1,1,1,1,1,1,2,2,4),(0.,0.125000000001,
    0.187500000002,0.218750000002,0.234375000002,0.242187500002,
    0.246093750002,0.248046875002,0.249023437502,0.249511718752,
    0.250000000002,0.5,0.624999999999,0.687499999999,0.718749999998,
    0.734374999998,0.742187499998,0.746093749998,0.748046874998,
    0.749023437498,0.749511718748,0.749999999998,1.),.UNSPECIFIED.);
#6226 = CARTESIAN_POINT('',(10.60381949138,-267.7543691366,
    -372.5499999999));
#6227 = CARTESIAN_POINT('',(10.6020542767,-267.6258969883,
    -373.8439888479));
#6228 = CARTESIAN_POINT('',(10.59823399962,-267.5148004082,
    -375.0313399608));
#6229 = CARTESIAN_POINT('',(10.59187641542,-267.374229035,
    -376.6524100274));
#6230 = CARTESIAN_POINT('',(10.58964469954,-267.3317160238,
    -377.1661072824));
#6231 = CARTESIAN_POINT('',(10.58636326524,-267.2744552745,
    -377.8966640144));
#6232 = CARTESIAN_POINT('',(10.58473833251,-267.2474520378,
    -378.2519450927));
#6233 = CARTESIAN_POINT('',(10.58291366677,-267.2187937644,
    -378.6489444307));
#6234 = CARTESIAN_POINT('',(10.58202394905,-267.2051757442,
    -378.8430702863));
#6235 = CARTESIAN_POINT('',(10.58158533295,-267.1985444812,
    -378.9390397607));
#6236 = CARTESIAN_POINT('',(10.58136765721,-267.1952732825,
    -378.9867511346));
#6237 = CARTESIAN_POINT('',(10.58125923625,-267.1936487909,
    -379.0105384808));
#6238 = CARTESIAN_POINT('',(10.5812128604,-267.1929549603,
    -379.0207184132));
#6239 = CARTESIAN_POINT('',(10.58118196333,-267.1924929355,
    -379.0275017805));
#6240 = CARTESIAN_POINT('',(10.58117209357,-267.1923453782,
    -379.0296688189));
#6241 = CARTESIAN_POINT('',(10.57040062917,-267.0314305807,
    -381.3953413609));
#6242 = CARTESIAN_POINT('',(10.5622778509,-266.9512733179,
    -383.5602841263));
#6243 = CARTESIAN_POINT('',(10.56226132277,-266.9510894164,
    -386.5196299785));
#6244 = CARTESIAN_POINT('',(10.56411417604,-266.9710652229,
    -387.555538313));
#6245 = CARTESIAN_POINT('',(10.56916876766,-267.0311286777,
    -389.1835903905));
#6246 = CARTESIAN_POINT('',(10.57122214725,-267.0561674004,
    -389.7386393457));
#6247 = CARTESIAN_POINT('',(10.57469447378,-267.1012638191,
    -390.5897601723));
#6248 = CARTESIAN_POINT('',(10.57652769485,-267.1256966619,
    -391.019957434));
#6249 = CARTESIAN_POINT('',(10.57879054796,-267.1575027077,
    -391.5299687243));
#6250 = CARTESIAN_POINT('',(10.57994648397,-267.1742313716,
    -391.7870029906));
#6251 = CARTESIAN_POINT('',(10.58052974291,-267.18280216,-391.9160272791
    ));
#6252 = CARTESIAN_POINT('',(10.58082258787,-267.187139174,
    -391.9806662122));
#6253 = CARTESIAN_POINT('',(10.58096930064,-267.1893205867,
    -392.0130173759));
#6254 = CARTESIAN_POINT('',(10.58103223829,-267.1902582434,
    -392.0268889526));
#6255 = CARTESIAN_POINT('',(10.58107421005,-267.1908839625,
    -392.0361381798));
#6256 = CARTESIAN_POINT('',(10.58110066609,-267.1912786879,
    -392.0419671569));
#6257 = CARTESIAN_POINT('',(10.58907045631,-267.3102513405,
    -393.7977169627));
#6258 = CARTESIAN_POINT('',(10.60029437968,-267.4978118585,
    -395.9659204056));
#6259 = CARTESIAN_POINT('',(10.60381949138,-267.7543691366,
    -398.5499999999));
#6260 = PCURVE('',#6114,#6261);
#6261 = DEFINITIONAL_REPRESENTATION('',(#6262),#6354);
#6262 = B_SPLINE_CURVE_WITH_KNOTS('',3,(#6263,#6264,#6265,#6266,#6267,
    #6268,#6269,#6270,#6271,#6272,#6273,#6274,#6275,#6276,#6277,#6278,
    #6279,#6280,#6281,#6282,#6283,#6284,#6285,#6286,#6287,#6288,#6289,
    #6290,#6291,#6292,#6293,#6294,#6295,#6296,#6297,#6298,#6299,#6300,
    #6301,#6302,#6303,#6304,#6305,#6306,#6307,#6308,#6309,#6310,#6311,
    #6312,#6313,#6314,#6315,#6316,#6317,#6318,#6319,#6320,#6321,#6322,
    #6323,#6324,#6325,#6326,#6327,#6328,#6329,#6330,#6331,#6332,#6333,
    #6334,#6335,#6336,#6337,#6338,#6339,#6340,#6341,#6342,#6343,#6344,
    #6345,#6346,#6347,#6348,#6349,#6350,#6351,#6352,#6353),
  .UNSPECIFIED.,.F.,.F.,(4,1,1,1,1,1,1,1,1,1,1,1,1,1,1,1,1,1,1,1,1,1,1,1
    ,1,1,1,1,1,1,1,1,1,1,1,1,1,1,1,1,1,1,1,1,1,1,1,1,1,1,1,1,1,1,1,1,1,1
    ,1,1,1,1,1,1,1,1,1,1,1,1,1,1,1,1,1,1,1,1,1,1,1,1,1,1,1,1,1,1,4),(0.,
    1.136363636364E-02,2.272727272727E-02,3.409090909091E-02,
    4.545454545455E-02,5.681818181818E-02,6.818181818182E-02,
    7.954545454545E-02,9.090909090909E-02,0.102272727273,0.113636363636,
    0.125,0.136363636364,0.147727272727,0.159090909091,0.170454545455,
    0.181818181818,0.193181818182,0.204545454545,0.215909090909,
    0.227272727273,0.238636363636,0.25,0.261363636364,0.272727272727,
    0.284090909091,0.295454545455,0.306818181818,0.318181818182,
    0.329545454545,0.340909090909,0.352272727273,0.363636363636,0.375,
    0.386363636364,0.397727272727,0.409090909091,0.420454545455,
    0.431818181818,0.443181818182,0.454545454545,0.465909090909,
    0.477272727273,0.488636363636,0.5,0.511363636364,0.522727272727,
    0.534090909091,0.545454545455,0.556818181818,0.568181818182,
    0.579545454545,0.590909090909,0.602272727273,0.613636363636,0.625,
    0.636363636364,0.647727272727,0.659090909091,0.670454545455,
    0.681818181818,0.693181818182,0.704545454545,0.715909090909,
    0.727272727273,0.738636363636,0.75,0.761363636364,0.772727272727,
    0.784090909091,0.795454545455,0.806818181818,0.818181818182,
    0.829545454545,0.840909090909,0.852272727273,0.863636363636,0.875,
    0.886363636364,0.897727272727,0.909090909091,0.920454545455,
    0.931818181818,0.943181818182,0.954545454545,0.965909090909,
    0.977272727273,0.988636363636,1.),.UNSPECIFIED.);
#6263 = CARTESIAN_POINT('',(3.869853214982,-21.5));
#6264 = CARTESIAN_POINT('',(3.870955138113,-21.61763534981));
#6265 = CARTESIAN_POINT('',(3.873131937894,-21.85114344226));
#6266 = CARTESIAN_POINT('',(3.876316013675,-22.19611775934));
#6267 = CARTESIAN_POINT('',(3.879418982654,-22.53580425486));
#6268 = CARTESIAN_POINT('',(3.882440856541,-22.87020292879));
#6269 = CARTESIAN_POINT('',(3.88538164345,-23.19931378116));
#6270 = CARTESIAN_POINT('',(3.888241347391,-23.52313681192));
#6271 = CARTESIAN_POINT('',(3.891019968339,-23.84167202121));
#6272 = CARTESIAN_POINT('',(3.893717502371,-24.15491940853));
#6273 = CARTESIAN_POINT('',(3.896333941048,-24.46287897574));
#6274 = CARTESIAN_POINT('',(3.898869273866,-24.76555071589));
#6275 = CARTESIAN_POINT('',(3.901323479256,-25.06293465492));
#6276 = CARTESIAN_POINT('',(3.903696558431,-25.35503069603));
#6277 = CARTESIAN_POINT('',(3.905988540539,-25.64183920043));
#6278 = CARTESIAN_POINT('',(3.908199414217,-25.92335882007));
#6279 = CARTESIAN_POINT('',(3.91032921333,-26.19959458599));
#6280 = CARTESIAN_POINT('',(3.912377817301,-26.47052772211));
#6281 = CARTESIAN_POINT('',(3.914345664024,-26.73622830176));
#6282 = CARTESIAN_POINT('',(3.916231102686,-26.99643480774));
#6283 = CARTESIAN_POINT('',(3.918040308984,-27.25212323537));
#6284 = CARTESIAN_POINT('',(3.919750237524,-27.49965112064));
#6285 = CARTESIAN_POINT('',(3.921446889869,-27.75261232434));
#6286 = CARTESIAN_POINT('',(3.922809305999,-27.96027386705));
#6287 = CARTESIAN_POINT('',(3.925035325855,-28.31197380578));
#6288 = CARTESIAN_POINT('',(3.926910667122,-28.62199840546));
#6289 = CARTESIAN_POINT('',(3.928760702117,-28.94011242134));
#6290 = CARTESIAN_POINT('',(3.930498254137,-29.25298433733));
#6291 = CARTESIAN_POINT('',(3.932146688573,-29.56418923231));
#6292 = CARTESIAN_POINT('',(3.933699750827,-29.87277207667));
#6293 = CARTESIAN_POINT('',(3.935159122412,-30.17899167973));
#6294 = CARTESIAN_POINT('',(3.936524357651,-30.48278160363));
#6295 = CARTESIAN_POINT('',(3.937795579977,-30.78416256027));
#6296 = CARTESIAN_POINT('',(3.938972759343,-31.08313190971));
#6297 = CARTESIAN_POINT('',(3.940055905757,-31.37969326961));
#6298 = CARTESIAN_POINT('',(3.94104501737,-31.67384857906));
#6299 = CARTESIAN_POINT('',(3.941940094363,-31.96560023381));
#6300 = CARTESIAN_POINT('',(3.942741135233,-32.25495048158));
#6301 = CARTESIAN_POINT('',(3.94344813783,-32.54190170555));
#6302 = CARTESIAN_POINT('',(3.944061099158,-32.82645589502));
#6303 = CARTESIAN_POINT('',(3.944580015508,-33.10861647946));
#6304 = CARTESIAN_POINT('',(3.945004882641,-33.38838152143));
#6305 = CARTESIAN_POINT('',(3.945335695605,-33.66576911106));
#6306 = CARTESIAN_POINT('',(3.945572450102,-33.94072259505));
#6307 = CARTESIAN_POINT('',(3.945715138178,-34.21346426625));
#6308 = CARTESIAN_POINT('',(3.945763765219,-34.48317537634));
#6309 = CARTESIAN_POINT('',(3.945718287548,-34.75292239555));
#6310 = CARTESIAN_POINT('',(3.945578666804,-35.02576949915));
#6311 = CARTESIAN_POINT('',(3.945344914072,-35.30089564383));
#6312 = CARTESIAN_POINT('',(3.945017027125,-35.5785208275));
#6313 = CARTESIAN_POINT('',(3.944595007132,-35.85858610189));
#6314 = CARTESIAN_POINT('',(3.944078854115,-36.14110726216));
#6315 = CARTESIAN_POINT('',(3.943468568129,-36.4260800759));
#6316 = CARTESIAN_POINT('',(3.942764148932,-36.71350567763));
#6317 = CARTESIAN_POINT('',(3.941965596127,-37.00338376168));
#6318 = CARTESIAN_POINT('',(3.941072909066,-37.29571441619));
#6319 = CARTESIAN_POINT('',(3.940086087401,-37.5904975943));
#6320 = CARTESIAN_POINT('',(3.939005129419,-37.88773339532));
#6321 = CARTESIAN_POINT('',(3.937830039015,-38.18742146888));
#6322 = CARTESIAN_POINT('',(3.93656080905,-38.48956311717));
#6323 = CARTESIAN_POINT('',(3.935197471333,-38.79415348177));
#6324 = CARTESIAN_POINT('',(3.93373990721,-39.10121069413));
#6325 = CARTESIAN_POINT('',(3.932188555178,-39.41066708682));
#6326 = CARTESIAN_POINT('',(3.930541771578,-39.72277519811));
#6327 = CARTESIAN_POINT('',(3.92880569688,-40.03659254227));
#6328 = CARTESIAN_POINT('',(3.926957417081,-40.35563652414));
#6329 = CARTESIAN_POINT('',(3.925082443666,-40.66678001021));
#6330 = CARTESIAN_POINT('',(3.922861645741,-41.01901412936));
#6331 = CARTESIAN_POINT('',(3.921486036348,-41.22950150001));
#6332 = CARTESIAN_POINT('',(3.919781841758,-41.48450669617));
#6333 = CARTESIAN_POINT('',(3.918063607652,-41.73412027565));
#6334 = CARTESIAN_POINT('',(3.916247082764,-41.99171543319));
#6335 = CARTESIAN_POINT('',(3.914354870011,-42.25370883206));
#6336 = CARTESIAN_POINT('',(3.912380937528,-42.52106062444));
#6337 = CARTESIAN_POINT('',(3.910326922691,-42.79351353833));
#6338 = CARTESIAN_POINT('',(3.908192404374,-43.07113650955));
#6339 = CARTESIAN_POINT('',(3.905977509393,-43.35391106681));
#6340 = CARTESIAN_POINT('',(3.903682214037,-43.64184215947));
#6341 = CARTESIAN_POINT('',(3.901306531172,-43.93492846135));
#6342 = CARTESIAN_POINT('',(3.898850460066,-44.23317032781));
#6343 = CARTESIAN_POINT('',(3.896313999822,-44.53656766363));
#6344 = CARTESIAN_POINT('',(3.893697145784,-44.84512049432));
#6345 = CARTESIAN_POINT('',(3.890999890523,-45.15882881304));
#6346 = CARTESIAN_POINT('',(3.888222223617,-45.47769262163));
#6347 = CARTESIAN_POINT('',(3.885364131777,-45.8017119196));
#6348 = CARTESIAN_POINT('',(3.882425598895,-46.13088670707));
#6349 = CARTESIAN_POINT('',(3.87940660615,-46.46521698402));
#6350 = CARTESIAN_POINT('',(3.876307132038,-46.80470275045));
#6351 = CARTESIAN_POINT('',(3.873127152772,-47.14934400636));
#6352 = CARTESIAN_POINT('',(3.870953478494,-47.38254183662));
#6353 = CARTESIAN_POINT('',(3.869853214983,-47.5));
#6354 = ( GEOMETRIC_REPRESENTATION_CONTEXT(2) 
PARAMETRIC_REPRESENTATION_CONTEXT() REPRESENTATION_CONTEXT('2D SPACE',''
  ) );
#6355 = PCURVE('',#833,#6356);
#6356 = DEFINITIONAL_REPRESENTATION('',(#6357),#6449);
#6357 = B_SPLINE_CURVE_WITH_KNOTS('',3,(#6358,#6359,#6360,#6361,#6362,
    #6363,#6364,#6365,#6366,#6367,#6368,#6369,#6370,#6371,#6372,#6373,
    #6374,#6375,#6376,#6377,#6378,#6379,#6380,#6381,#6382,#6383,#6384,
    #6385,#6386,#6387,#6388,#6389,#6390,#6391,#6392,#6393,#6394,#6395,
    #6396,#6397,#6398,#6399,#6400,#6401,#6402,#6403,#6404,#6405,#6406,
    #6407,#6408,#6409,#6410,#6411,#6412,#6413,#6414,#6415,#6416,#6417,
    #6418,#6419,#6420,#6421,#6422,#6423,#6424,#6425,#6426,#6427,#6428,
    #6429,#6430,#6431,#6432,#6433,#6434,#6435,#6436,#6437,#6438,#6439,
    #6440,#6441,#6442,#6443,#6444,#6445,#6446,#6447,#6448),
  .UNSPECIFIED.,.F.,.F.,(4,1,1,1,1,1,1,1,1,1,1,1,1,1,1,1,1,1,1,1,1,1,1,1
    ,1,1,1,1,1,1,1,1,1,1,1,1,1,1,1,1,1,1,1,1,1,1,1,1,1,1,1,1,1,1,1,1,1,1
    ,1,1,1,1,1,1,1,1,1,1,1,1,1,1,1,1,1,1,1,1,1,1,1,1,1,1,1,1,1,1,4),(0.,
    1.136363636364E-02,2.272727272727E-02,3.409090909091E-02,
    4.545454545455E-02,5.681818181818E-02,6.818181818182E-02,
    7.954545454545E-02,9.090909090909E-02,0.102272727273,0.113636363636,
    0.125,0.136363636364,0.147727272727,0.159090909091,0.170454545455,
    0.181818181818,0.193181818182,0.204545454545,0.215909090909,
    0.227272727273,0.238636363636,0.25,0.261363636364,0.272727272727,
    0.284090909091,0.295454545455,0.306818181818,0.318181818182,
    0.329545454545,0.340909090909,0.352272727273,0.363636363636,0.375,
    0.386363636364,0.397727272727,0.409090909091,0.420454545455,
    0.431818181818,0.443181818182,0.454545454545,0.465909090909,
    0.477272727273,0.488636363636,0.5,0.511363636364,0.522727272727,
    0.534090909091,0.545454545455,0.556818181818,0.568181818182,
    0.579545454545,0.590909090909,0.602272727273,0.613636363636,0.625,
    0.636363636364,0.647727272727,0.659090909091,0.670454545455,
    0.681818181818,0.693181818182,0.704545454545,0.715909090909,
    0.727272727273,0.738636363636,0.75,0.761363636364,0.772727272727,
    0.784090909091,0.795454545455,0.806818181818,0.818181818182,
    0.829545454545,0.840909090909,0.852272727273,0.863636363636,0.875,
    0.886363636364,0.897727272727,0.909090909091,0.920454545455,
    0.931818181818,0.943181818182,0.954545454545,0.965909090909,
    0.977272727273,0.988636363636,1.),.UNSPECIFIED.);
#6358 = CARTESIAN_POINT('',(0.637131182797,1.321155730999));
#6359 = CARTESIAN_POINT('',(0.641576064207,1.309719080526));
#6360 = CARTESIAN_POINT('',(0.650553796832,1.287136002554));
#6361 = CARTESIAN_POINT('',(0.664281132393,1.254133439888));
#6362 = CARTESIAN_POINT('',(0.678266365898,1.222004487509));
#6363 = CARTESIAN_POINT('',(0.692505489253,1.19075010422));
#6364 = CARTESIAN_POINT('',(0.706993666417,1.160370802055));
#6365 = CARTESIAN_POINT('',(0.721725083896,1.130866549277));
#6366 = CARTESIAN_POINT('',(0.736692937089,1.102236738388));
#6367 = CARTESIAN_POINT('',(0.751889386213,1.074480137079));
#6368 = CARTESIAN_POINT('',(0.767305525388,1.047594840309));
#6369 = CARTESIAN_POINT('',(0.782931362257,1.021578235528));
#6370 = CARTESIAN_POINT('',(0.798755780588,0.996426917722));
#6371 = CARTESIAN_POINT('',(0.814766604046,0.972136798822));
#6372 = CARTESIAN_POINT('',(0.830950659461,0.948703081269));
#6373 = CARTESIAN_POINT('',(0.847293470676,0.926120096141));
#6374 = CARTESIAN_POINT('',(0.863779949287,0.904380881506));
#6375 = CARTESIAN_POINT('',(0.88039220692,0.883479090848));
#6376 = CARTESIAN_POINT('',(0.897117788373,0.863401603058));
#6377 = CARTESIAN_POINT('',(0.913919185408,0.844156064012));
#6378 = CARTESIAN_POINT('',(0.930848028538,0.825668344397));
#6379 = CARTESIAN_POINT('',(0.947619019627,0.808164817865));
#6380 = CARTESIAN_POINT('',(0.965200389556,0.790745656253));
#6381 = CARTESIAN_POINT('',(0.979878712902,0.776709558505));
#6382 = CARTESIAN_POINT('',(1.005409700087,0.753681529839));
#6383 = CARTESIAN_POINT('',(1.02866085368,0.734234308002));
#6384 = CARTESIAN_POINT('',(1.053135173432,0.715017304197));
#6385 = CARTESIAN_POINT('',(1.077874643338,0.69694550072));
#6386 = CARTESIAN_POINT('',(1.103112906366,0.679789654211));
#6387 = CARTESIAN_POINT('',(1.128760557617,0.663625643592));
#6388 = CARTESIAN_POINT('',(1.154810979807,0.648445914));
#6389 = CARTESIAN_POINT('',(1.181231625077,0.634263387441));
#6390 = CARTESIAN_POINT('',(1.207993230039,0.621083423073));
#6391 = CARTESIAN_POINT('',(1.235062134227,0.608911143367));
#6392 = CARTESIAN_POINT('',(1.26240254942,0.597749298183));
#6393 = CARTESIAN_POINT('',(1.289976226647,0.587598682693));
#6394 = CARTESIAN_POINT('',(1.317742883686,0.57845789364));
#6395 = CARTESIAN_POINT('',(1.345660482222,0.570323289345));
#6396 = CARTESIAN_POINT('',(1.373685611974,0.563188924863));
#6397 = CARTESIAN_POINT('',(1.401773829807,0.557046526202));
#6398 = CARTESIAN_POINT('',(1.429880261498,0.551885488312));
#6399 = CARTESIAN_POINT('',(1.457959336543,0.547692901853));
#6400 = CARTESIAN_POINT('',(1.485967809911,0.544453607494));
#6401 = CARTESIAN_POINT('',(1.513855524211,0.542150276608));
#6402 = CARTESIAN_POINT('',(1.541601883122,0.540763518481));
#6403 = CARTESIAN_POINT('',(1.569081639569,0.540272004618));
#6404 = CARTESIAN_POINT('',(1.596567558546,0.540652633697));
#6405 = CARTESIAN_POINT('',(1.624332197362,0.541929279502));
#6406 = CARTESIAN_POINT('',(1.652250009013,0.544124012249));
#6407 = CARTESIAN_POINT('',(1.680300005909,0.547256945546));
#6408 = CARTESIAN_POINT('',(1.708431551332,0.551346099737));
#6409 = CARTESIAN_POINT('',(1.736600838316,0.556407289171));
#6410 = CARTESIAN_POINT('',(1.764761659473,0.562454034224));
#6411 = CARTESIAN_POINT('',(1.792868437902,0.569497502398));
#6412 = CARTESIAN_POINT('',(1.820875974152,0.577546471468));
#6413 = CARTESIAN_POINT('',(1.8487400559,0.586607345123));
#6414 = CARTESIAN_POINT('',(1.876417826007,0.59668410825));
#6415 = CARTESIAN_POINT('',(1.9038681202,0.607778639938));
#6416 = CARTESIAN_POINT('',(1.931051715388,0.619890811831));
#6417 = CARTESIAN_POINT('',(1.95793188702,0.633018263738));
#6418 = CARTESIAN_POINT('',(1.984474039784,0.647156242819));
#6419 = CARTESIAN_POINT('',(2.010647974298,0.662299646472));
#6420 = CARTESIAN_POINT('',(2.036420332799,0.678435814741));
#6421 = CARTESIAN_POINT('',(2.061783357977,0.695572258042));
#6422 = CARTESIAN_POINT('',(2.086647730751,0.713634404498));
#6423 = CARTESIAN_POINT('',(2.111242824477,0.732847395737));
#6424 = CARTESIAN_POINT('',(2.134622864922,0.752311995821));
#6425 = CARTESIAN_POINT('',(2.160241641756,0.775320407172));
#6426 = CARTESIAN_POINT('',(2.175147034283,0.789517964213));
#6427 = CARTESIAN_POINT('',(2.192898016377,0.807048257994));
#6428 = CARTESIAN_POINT('',(2.209834328817,0.824673886493));
#6429 = CARTESIAN_POINT('',(2.226910468851,0.843277506741));
#6430 = CARTESIAN_POINT('',(2.243845403093,0.862636538535));
#6431 = CARTESIAN_POINT('',(2.260690248062,0.882823282264));
#6432 = CARTESIAN_POINT('',(2.277408299411,0.903829770942));
#6433 = CARTESIAN_POINT('',(2.293987637179,0.925668311261));
#6434 = CARTESIAN_POINT('',(2.310411013823,0.94834457147));
#6435 = CARTESIAN_POINT('',(2.326663969237,0.971864826812));
#6436 = CARTESIAN_POINT('',(2.342732689074,0.996234058261));
#6437 = CARTESIAN_POINT('',(2.358604597968,1.021456507093));
#6438 = CARTESIAN_POINT('',(2.374268207181,1.047535575567));
#6439 = CARTESIAN_POINT('',(2.3897131501,1.07447390615));
#6440 = CARTESIAN_POINT('',(2.404930156356,1.102273415464));
#6441 = CARTESIAN_POINT('',(2.419911032604,1.130935342061));
#6442 = CARTESIAN_POINT('',(2.434648632093,1.160460291858));
#6443 = CARTESIAN_POINT('',(2.449136821844,1.19084828353));
#6444 = CARTESIAN_POINT('',(2.463370435485,1.222098797753));
#6445 = CARTESIAN_POINT('',(2.477345256259,1.254210809677));
#6446 = CARTESIAN_POINT('',(2.491057869528,1.287182880813));
#6447 = CARTESIAN_POINT('',(2.50002328192,1.309736309623));
#6448 = CARTESIAN_POINT('',(2.504461470785,1.321155730979));
#6449 = ( GEOMETRIC_REPRESENTATION_CONTEXT(2) 
PARAMETRIC_REPRESENTATION_CONTEXT() REPRESENTATION_CONTEXT('2D SPACE',''
  ) );
#6450 = ORIENTED_EDGE('',*,*,#6451,.T.);
#6451 = EDGE_CURVE('',#6222,#6452,#6454,.T.);
#6452 = VERTEX_POINT('',#6453);
#6453 = CARTESIAN_POINT('',(8.4329487598,-261.471419714,-398.5499999999)
  );
#6454 = SURFACE_CURVE('',#6455,(#6460,#6467),.PCURVE_S1.);
#6455 = CIRCLE('',#6456,10.6);
#6456 = AXIS2_PLACEMENT_3D('',#6457,#6458,#6459);
#6457 = CARTESIAN_POINT('',(4.819932363006E-03,-267.899999998,
    -398.5499999999));
#6458 = DIRECTION('',(-3.064104139906E-16,-8.673617379884E-16,1.));
#6459 = DIRECTION('',(-0.755406953765,0.655255930307,3.368793651039E-16)
  );
#6460 = PCURVE('',#6114,#6461);
#6461 = DEFINITIONAL_REPRESENTATION('',(#6462),#6466);
#6462 = LINE('',#6463,#6464);
#6463 = CARTESIAN_POINT('',(-4.884981308351E-15,-47.5));
#6464 = VECTOR('',#6465,1.);
#6465 = DIRECTION('',(1.,0.));
#6466 = ( GEOMETRIC_REPRESENTATION_CONTEXT(2) 
PARAMETRIC_REPRESENTATION_CONTEXT() REPRESENTATION_CONTEXT('2D SPACE',''
  ) );
#6467 = PCURVE('',#778,#6468);
#6468 = DEFINITIONAL_REPRESENTATION('',(#6469),#6477);
#6469 = ( BOUNDED_CURVE() B_SPLINE_CURVE(2,(#6470,#6471,#6472,#6473,
#6474,#6475,#6476),.UNSPECIFIED.,.T.,.F.) B_SPLINE_CURVE_WITH_KNOTS((1,2
    ,2,2,2,1),(-2.094395102393,0.,2.094395102393,4.188790204786,
6.28318530718,8.377580409573),.UNSPECIFIED.) CURVE() 
GEOMETRIC_REPRESENTATION_ITEM() RATIONAL_B_SPLINE_CURVE((1.,0.5,1.,0.5,
1.,0.5,1.)) REPRESENTATION_ITEM('') );
#6470 = CARTESIAN_POINT('',(1.661781823259E-12,-1.616484723854E-13));
#6471 = CARTESIAN_POINT('',(18.359738560232,-1.616484723854E-13));
#6472 = CARTESIAN_POINT('',(9.179869280117,-15.9));
#6473 = CARTESIAN_POINT('',(1.664378074473E-12,-31.8));
#6474 = CARTESIAN_POINT('',(-9.179869280113,-15.9));
#6475 = CARTESIAN_POINT('',(-18.35973856022,-1.7763568394E-13));
#6476 = CARTESIAN_POINT('',(1.661781823259E-12,-1.616484723854E-13));
#6477 = ( GEOMETRIC_REPRESENTATION_CONTEXT(2) 
PARAMETRIC_REPRESENTATION_CONTEXT() REPRESENTATION_CONTEXT('2D SPACE',''
  ) );
#6478 = ORIENTED_EDGE('',*,*,#6479,.T.);
#6479 = EDGE_CURVE('',#6452,#6094,#6480,.T.);
#6480 = SURFACE_CURVE('',#6481,(#6516,#6611),.PCURVE_S1.);
#6481 = B_SPLINE_CURVE_WITH_KNOTS('',3,(#6482,#6483,#6484,#6485,#6486,
    #6487,#6488,#6489,#6490,#6491,#6492,#6493,#6494,#6495,#6496,#6497,
    #6498,#6499,#6500,#6501,#6502,#6503,#6504,#6505,#6506,#6507,#6508,
    #6509,#6510,#6511,#6512,#6513,#6514,#6515),.UNSPECIFIED.,.F.,.F.,(4,
    2,2,1,1,1,1,1,1,2,2,2,2,2,1,1,1,1,1,1,2,2,4),(0.,0.125000000002,
    0.187500000003,0.218750000003,0.234375000003,0.242187500003,
    0.246093750003,0.248046875003,0.249023437503,0.249511718753,
    0.250000000003,0.500000000003,0.625000000003,0.687500000003,
    0.718750000003,0.734375000003,0.742187500003,0.746093750003,
    0.748046875003,0.749023437503,0.749511718753,0.750000000003,1.),
  .UNSPECIFIED.);
#6482 = CARTESIAN_POINT('',(8.4329487598,-261.471419714,-398.5499999999)
  );
#6483 = CARTESIAN_POINT('',(8.510870597131,-261.5735783951,
    -397.2560111518));
#6484 = CARTESIAN_POINT('',(8.576449148013,-261.6633363937,
    -396.0686600389));
#6485 = CARTESIAN_POINT('',(8.658227463117,-261.7778485634,
    -394.4475899723));
#6486 = CARTESIAN_POINT('',(8.682716602045,-261.8126712392,
    -393.9338927172));
#6487 = CARTESIAN_POINT('',(8.715484243442,-261.8597439797,
    -393.2033359853));
#6488 = CARTESIAN_POINT('',(8.730875990303,-261.8819905374,
    -392.848054907));
#6489 = CARTESIAN_POINT('',(8.747132321661,-261.9056624137,
    -392.4510555692));
#6490 = CARTESIAN_POINT('',(8.754839280597,-261.9169249559,
    -392.2569297136));
#6491 = CARTESIAN_POINT('',(8.758587941467,-261.9224125395,
    -392.1609602391));
#6492 = CARTESIAN_POINT('',(8.76043612607,-261.9251203684,
    -392.1132488652));
#6493 = CARTESIAN_POINT('',(8.761353689168,-261.9264652871,
    -392.0894615191));
#6494 = CARTESIAN_POINT('',(8.761745532152,-261.9270397526,
    -392.0792815867));
#6495 = CARTESIAN_POINT('',(8.762006450151,-261.927422301,
    -392.0724982194));
#6496 = CARTESIAN_POINT('',(8.762089778123,-261.9275444773,
    -392.070331181));
#6497 = CARTESIAN_POINT('',(8.852954432523,-262.0607856536,
    -389.7046586389));
#6498 = CARTESIAN_POINT('',(8.896048242661,-262.1288598031,
    -387.5397158736));
#6499 = CARTESIAN_POINT('',(8.896148769117,-262.1290146817,
    -384.5803700214));
#6500 = CARTESIAN_POINT('',(8.885274615492,-262.1121558949,
    -383.5444616869));
#6501 = CARTESIAN_POINT('',(8.852171703681,-262.0617836334,
    -381.9164096093));
#6502 = CARTESIAN_POINT('',(8.838329781634,-262.0408180617,
    -381.3613606542));
#6503 = CARTESIAN_POINT('',(8.813221798816,-262.003197147,
    -380.5102398276));
#6504 = CARTESIAN_POINT('',(8.799580709878,-261.9828441324,
    -380.0800425658));
#6505 = CARTESIAN_POINT('',(8.781725865832,-261.9564253967,
    -379.5700312756));
#6506 = CARTESIAN_POINT('',(8.772308027094,-261.942551367,
    -379.3129970093));
#6507 = CARTESIAN_POINT('',(8.767475817066,-261.9354486668,
    -379.1839727208));
#6508 = CARTESIAN_POINT('',(8.76502880147,-261.9318559571,
    -379.1193337877));
#6509 = CARTESIAN_POINT('',(8.763797554905,-261.9300492701,
    -379.086982624));
#6510 = CARTESIAN_POINT('',(8.7632682183,-261.9292727625,-379.0731110473
    ));
#6511 = CARTESIAN_POINT('',(8.762914958318,-261.928754599,
    -379.0638618201));
#6512 = CARTESIAN_POINT('',(8.762692092888,-261.9284277365,
    -379.058032843));
#6513 = CARTESIAN_POINT('',(8.695515775056,-261.8299119918,
    -377.3022830368));
#6514 = CARTESIAN_POINT('',(8.588557697275,-261.6754293263,
    -375.1340795939));
#6515 = CARTESIAN_POINT('',(8.432948759798,-261.471419714,
    -372.5499999999));
#6516 = PCURVE('',#6114,#6517);
#6517 = DEFINITIONAL_REPRESENTATION('',(#6518),#6610);
#6518 = B_SPLINE_CURVE_WITH_KNOTS('',3,(#6519,#6520,#6521,#6522,#6523,
    #6524,#6525,#6526,#6527,#6528,#6529,#6530,#6531,#6532,#6533,#6534,
    #6535,#6536,#6537,#6538,#6539,#6540,#6541,#6542,#6543,#6544,#6545,
    #6546,#6547,#6548,#6549,#6550,#6551,#6552,#6553,#6554,#6555,#6556,
    #6557,#6558,#6559,#6560,#6561,#6562,#6563,#6564,#6565,#6566,#6567,
    #6568,#6569,#6570,#6571,#6572,#6573,#6574,#6575,#6576,#6577,#6578,
    #6579,#6580,#6581,#6582,#6583,#6584,#6585,#6586,#6587,#6588,#6589,
    #6590,#6591,#6592,#6593,#6594,#6595,#6596,#6597,#6598,#6599,#6600,
    #6601,#6602,#6603,#6604,#6605,#6606,#6607,#6608,#6609),
  .UNSPECIFIED.,.F.,.F.,(4,1,1,1,1,1,1,1,1,1,1,1,1,1,1,1,1,1,1,1,1,1,1,1
    ,1,1,1,1,1,1,1,1,1,1,1,1,1,1,1,1,1,1,1,1,1,1,1,1,1,1,1,1,1,1,1,1,1,1
    ,1,1,1,1,1,1,1,1,1,1,1,1,1,1,1,1,1,1,1,1,1,1,1,1,1,1,1,1,1,1,4),(0.,
    1.136363636364E-02,2.272727272727E-02,3.409090909091E-02,
    4.545454545455E-02,5.681818181818E-02,6.818181818182E-02,
    7.954545454545E-02,9.090909090909E-02,0.102272727273,0.113636363636,
    0.125,0.136363636364,0.147727272727,0.159090909091,0.170454545455,
    0.181818181818,0.193181818182,0.204545454545,0.215909090909,
    0.227272727273,0.238636363636,0.25,0.261363636364,0.272727272727,
    0.284090909091,0.295454545455,0.306818181818,0.318181818182,
    0.329545454545,0.340909090909,0.352272727273,0.363636363636,0.375,
    0.386363636364,0.397727272727,0.409090909091,0.420454545455,
    0.431818181818,0.443181818182,0.454545454545,0.465909090909,
    0.477272727273,0.488636363636,0.5,0.511363636364,0.522727272727,
    0.534090909091,0.545454545455,0.556818181818,0.568181818182,
    0.579545454545,0.590909090909,0.602272727273,0.613636363636,0.625,
    0.636363636364,0.647727272727,0.659090909091,0.670454545455,
    0.681818181818,0.693181818182,0.704545454545,0.715909090909,
    0.727272727273,0.738636363636,0.75,0.761363636364,0.772727272727,
    0.784090909091,0.795454545455,0.806818181818,0.818181818182,
    0.829545454545,0.840909090909,0.852272727273,0.863636363636,0.875,
    0.886363636364,0.897727272727,0.909090909091,0.920454545455,
    0.931818181818,0.943181818182,0.954545454545,0.965909090909,
    0.977272727273,0.988636363636,1.),.UNSPECIFIED.);
#6519 = CARTESIAN_POINT('',(4.50772719459,-47.5));
#6520 = CARTESIAN_POINT('',(4.506625271459,-47.38236465017));
#6521 = CARTESIAN_POINT('',(4.504448471678,-47.14885655771));
#6522 = CARTESIAN_POINT('',(4.501264395896,-46.80388224061));
#6523 = CARTESIAN_POINT('',(4.498161426917,-46.46419574508));
#6524 = CARTESIAN_POINT('',(4.49513955303,-46.12979707113));
#6525 = CARTESIAN_POINT('',(4.49219876612,-45.80068621876));
#6526 = CARTESIAN_POINT('',(4.489339062179,-45.47686318799));
#6527 = CARTESIAN_POINT('',(4.486560441231,-45.1583279787));
#6528 = CARTESIAN_POINT('',(4.483862907199,-44.84508059138));
#6529 = CARTESIAN_POINT('',(4.481246468521,-44.53712102417));
#6530 = CARTESIAN_POINT('',(4.478711135703,-44.23444928402));
#6531 = CARTESIAN_POINT('',(4.476256930313,-43.937065345));
#6532 = CARTESIAN_POINT('',(4.473883851139,-43.64496930388));
#6533 = CARTESIAN_POINT('',(4.471591869031,-43.35816079946));
#6534 = CARTESIAN_POINT('',(4.469380995353,-43.0766411798));
#6535 = CARTESIAN_POINT('',(4.46725119624,-42.80040541387));
#6536 = CARTESIAN_POINT('',(4.465202592269,-42.52947227775));
#6537 = CARTESIAN_POINT('',(4.463234745546,-42.26377169814));
#6538 = CARTESIAN_POINT('',(4.461349306885,-42.00356519218));
#6539 = CARTESIAN_POINT('',(4.459540100587,-41.74787676459));
#6540 = CARTESIAN_POINT('',(4.457830172048,-41.50034887944));
#6541 = CARTESIAN_POINT('',(4.456133519703,-41.24738767577));
#6542 = CARTESIAN_POINT('',(4.454771103573,-41.03972613307));
#6543 = CARTESIAN_POINT('',(4.452545083718,-40.68802619433));
#6544 = CARTESIAN_POINT('',(4.450669742451,-40.37800159464));
#6545 = CARTESIAN_POINT('',(4.448819707456,-40.05988757875));
#6546 = CARTESIAN_POINT('',(4.447082155436,-39.74701566276));
#6547 = CARTESIAN_POINT('',(4.445433721,-39.43581076778));
#6548 = CARTESIAN_POINT('',(4.443880658747,-39.12722792342));
#6549 = CARTESIAN_POINT('',(4.442421287161,-38.82100832036));
#6550 = CARTESIAN_POINT('',(4.441056051922,-38.51721839646));
#6551 = CARTESIAN_POINT('',(4.439784829597,-38.21583743982));
#6552 = CARTESIAN_POINT('',(4.438607650231,-37.91686809039));
#6553 = CARTESIAN_POINT('',(4.437524503817,-37.6203067305));
#6554 = CARTESIAN_POINT('',(4.436535392203,-37.32615142105));
#6555 = CARTESIAN_POINT('',(4.435640315211,-37.03439976631));
#6556 = CARTESIAN_POINT('',(4.434839274341,-36.74504951855));
#6557 = CARTESIAN_POINT('',(4.434132271743,-36.45809829458));
#6558 = CARTESIAN_POINT('',(4.433519310415,-36.17354410512));
#6559 = CARTESIAN_POINT('',(4.433000394065,-35.89138352068));
#6560 = CARTESIAN_POINT('',(4.432575526932,-35.61161847872));
#6561 = CARTESIAN_POINT('',(4.432244713968,-35.33423088909));
#6562 = CARTESIAN_POINT('',(4.432007959471,-35.05927740511));
#6563 = CARTESIAN_POINT('',(4.431865271395,-34.78653573391));
#6564 = CARTESIAN_POINT('',(4.431816644353,-34.51682462382));
#6565 = CARTESIAN_POINT('',(4.431862122025,-34.24707760461));
#6566 = CARTESIAN_POINT('',(4.432001742769,-33.97423050102));
#6567 = CARTESIAN_POINT('',(4.4322354955,-33.69910435634));
#6568 = CARTESIAN_POINT('',(4.432563382447,-33.42147917267));
#6569 = CARTESIAN_POINT('',(4.43298540244,-33.14141389828));
#6570 = CARTESIAN_POINT('',(4.433501555457,-32.85889273801));
#6571 = CARTESIAN_POINT('',(4.434111841442,-32.57391992426));
#6572 = CARTESIAN_POINT('',(4.434816260639,-32.28649432253));
#6573 = CARTESIAN_POINT('',(4.435614813444,-31.99661623847));
#6574 = CARTESIAN_POINT('',(4.436507500505,-31.70428558395));
#6575 = CARTESIAN_POINT('',(4.437494322171,-31.40950240582));
#6576 = CARTESIAN_POINT('',(4.438575280153,-31.1122666048));
#6577 = CARTESIAN_POINT('',(4.439750370557,-30.81257853126));
#6578 = CARTESIAN_POINT('',(4.441019600521,-30.51043688299));
#6579 = CARTESIAN_POINT('',(4.442382938238,-30.20584651842));
#6580 = CARTESIAN_POINT('',(4.443840502361,-29.89878930607));
#6581 = CARTESIAN_POINT('',(4.445391854393,-29.58933291339));
#6582 = CARTESIAN_POINT('',(4.447038637994,-29.27722480206));
#6583 = CARTESIAN_POINT('',(4.448774712691,-28.96340745789));
#6584 = CARTESIAN_POINT('',(4.450622992491,-28.64436347607));
#6585 = CARTESIAN_POINT('',(4.452497965905,-28.33321999004));
#6586 = CARTESIAN_POINT('',(4.454718763831,-27.98098587083));
#6587 = CARTESIAN_POINT('',(4.456094373224,-27.77049850013));
#6588 = CARTESIAN_POINT('',(4.457798567815,-27.51549330392));
#6589 = CARTESIAN_POINT('',(4.459516801921,-27.26587972439));
#6590 = CARTESIAN_POINT('',(4.461333326809,-27.00828456681));
#6591 = CARTESIAN_POINT('',(4.463225539562,-26.74629116791));
#6592 = CARTESIAN_POINT('',(4.465199472046,-26.47893937549));
#6593 = CARTESIAN_POINT('',(4.467253486883,-26.20648646158));
#6594 = CARTESIAN_POINT('',(4.469388005201,-25.92886349034));
#6595 = CARTESIAN_POINT('',(4.471602900182,-25.64608893306));
#6596 = CARTESIAN_POINT('',(4.473898195538,-25.35815784039));
#6597 = CARTESIAN_POINT('',(4.476273878403,-25.06507153849));
#6598 = CARTESIAN_POINT('',(4.478729949509,-24.76682967203));
#6599 = CARTESIAN_POINT('',(4.481266409753,-24.46343233621));
#6600 = CARTESIAN_POINT('',(4.483883263791,-24.15487950552));
#6601 = CARTESIAN_POINT('',(4.486580519052,-23.8411711868));
#6602 = CARTESIAN_POINT('',(4.489358185958,-23.52230737822));
#6603 = CARTESIAN_POINT('',(4.492216277797,-23.19828808027));
#6604 = CARTESIAN_POINT('',(4.495154810679,-22.86911329281));
#6605 = CARTESIAN_POINT('',(4.498173803424,-22.53478301588));
#6606 = CARTESIAN_POINT('',(4.501273277536,-22.19529724948));
#6607 = CARTESIAN_POINT('',(4.504453256801,-21.8506559936));
#6608 = CARTESIAN_POINT('',(4.506626931079,-21.61745816336));
#6609 = CARTESIAN_POINT('',(4.50772719459,-21.5));
#6610 = ( GEOMETRIC_REPRESENTATION_CONTEXT(2) 
PARAMETRIC_REPRESENTATION_CONTEXT() REPRESENTATION_CONTEXT('2D SPACE',''
  ) );
#6611 = PCURVE('',#727,#6612);
#6612 = DEFINITIONAL_REPRESENTATION('',(#6613),#6705);
#6613 = B_SPLINE_CURVE_WITH_KNOTS('',3,(#6614,#6615,#6616,#6617,#6618,
    #6619,#6620,#6621,#6622,#6623,#6624,#6625,#6626,#6627,#6628,#6629,
    #6630,#6631,#6632,#6633,#6634,#6635,#6636,#6637,#6638,#6639,#6640,
    #6641,#6642,#6643,#6644,#6645,#6646,#6647,#6648,#6649,#6650,#6651,
    #6652,#6653,#6654,#6655,#6656,#6657,#6658,#6659,#6660,#6661,#6662,
    #6663,#6664,#6665,#6666,#6667,#6668,#6669,#6670,#6671,#6672,#6673,
    #6674,#6675,#6676,#6677,#6678,#6679,#6680,#6681,#6682,#6683,#6684,
    #6685,#6686,#6687,#6688,#6689,#6690,#6691,#6692,#6693,#6694,#6695,
    #6696,#6697,#6698,#6699,#6700,#6701,#6702,#6703,#6704),
  .UNSPECIFIED.,.F.,.F.,(4,1,1,1,1,1,1,1,1,1,1,1,1,1,1,1,1,1,1,1,1,1,1,1
    ,1,1,1,1,1,1,1,1,1,1,1,1,1,1,1,1,1,1,1,1,1,1,1,1,1,1,1,1,1,1,1,1,1,1
    ,1,1,1,1,1,1,1,1,1,1,1,1,1,1,1,1,1,1,1,1,1,1,1,1,1,1,1,1,1,1,4),(0.,
    1.136363636364E-02,2.272727272727E-02,3.409090909091E-02,
    4.545454545455E-02,5.681818181818E-02,6.818181818182E-02,
    7.954545454545E-02,9.090909090909E-02,0.102272727273,0.113636363636,
    0.125,0.136363636364,0.147727272727,0.159090909091,0.170454545455,
    0.181818181818,0.193181818182,0.204545454545,0.215909090909,
    0.227272727273,0.238636363636,0.25,0.261363636364,0.272727272727,
    0.284090909091,0.295454545455,0.306818181818,0.318181818182,
    0.329545454545,0.340909090909,0.352272727273,0.363636363636,0.375,
    0.386363636364,0.397727272727,0.409090909091,0.420454545455,
    0.431818181818,0.443181818182,0.454545454545,0.465909090909,
    0.477272727273,0.488636363636,0.5,0.511363636364,0.522727272727,
    0.534090909091,0.545454545455,0.556818181818,0.568181818182,
    0.579545454545,0.590909090909,0.602272727273,0.613636363636,0.625,
    0.636363636364,0.647727272727,0.659090909091,0.670454545455,
    0.681818181818,0.693181818182,0.704545454545,0.715909090909,
    0.727272727273,0.738636363636,0.75,0.761363636364,0.772727272727,
    0.784090909091,0.795454545455,0.806818181818,0.818181818182,
    0.829545454545,0.840909090909,0.852272727273,0.863636363636,0.875,
    0.886363636364,0.897727272727,0.909090909091,0.920454545455,
    0.931818181818,0.943181818182,0.954545454545,0.965909090909,
    0.977272727273,0.988636363636,1.),.UNSPECIFIED.);
#6614 = CARTESIAN_POINT('',(0.637131182804,-0.120070287803));
#6615 = CARTESIAN_POINT('',(0.641576064214,-0.131506938277));
#6616 = CARTESIAN_POINT('',(0.650553796841,-0.15409001625));
#6617 = CARTESIAN_POINT('',(0.664281132402,-0.187092578918));
#6618 = CARTESIAN_POINT('',(0.678266365908,-0.219221531297));
#6619 = CARTESIAN_POINT('',(0.692505489264,-0.250475914587));
#6620 = CARTESIAN_POINT('',(0.706993666429,-0.280855216753));
#6621 = CARTESIAN_POINT('',(0.721725083908,-0.310359469531));
#6622 = CARTESIAN_POINT('',(0.736692937102,-0.33898928042));
#6623 = CARTESIAN_POINT('',(0.751889386226,-0.366745881728));
#6624 = CARTESIAN_POINT('',(0.767305525402,-0.393631178498));
#6625 = CARTESIAN_POINT('',(0.782931362271,-0.419647783278));
#6626 = CARTESIAN_POINT('',(0.798755780603,-0.444799101083));
#6627 = CARTESIAN_POINT('',(0.814766604061,-0.469089219984));
#6628 = CARTESIAN_POINT('',(0.830950659478,-0.492522937538));
#6629 = CARTESIAN_POINT('',(0.847293470695,-0.515105922667));
#6630 = CARTESIAN_POINT('',(0.863779949307,-0.536845137302));
#6631 = CARTESIAN_POINT('',(0.88039220694,-0.557746927959));
#6632 = CARTESIAN_POINT('',(0.897117788392,-0.577824415746));
#6633 = CARTESIAN_POINT('',(0.913919185425,-0.597069954791));
#6634 = CARTESIAN_POINT('',(0.930848028553,-0.615557674402));
#6635 = CARTESIAN_POINT('',(0.947619019635,-0.633061200926));
#6636 = CARTESIAN_POINT('',(0.965200389562,-0.650480362535));
#6637 = CARTESIAN_POINT('',(0.979878712906,-0.664516460282));
#6638 = CARTESIAN_POINT('',(1.005409700093,-0.687544488949));
#6639 = CARTESIAN_POINT('',(1.028660853687,-0.706991710786));
#6640 = CARTESIAN_POINT('',(1.053135173439,-0.726208714591));
#6641 = CARTESIAN_POINT('',(1.077874643345,-0.744280518068));
#6642 = CARTESIAN_POINT('',(1.103112906374,-0.761436364577));
#6643 = CARTESIAN_POINT('',(1.128760557626,-0.777600375196));
#6644 = CARTESIAN_POINT('',(1.154810979816,-0.792780104787));
#6645 = CARTESIAN_POINT('',(1.181231625085,-0.806962631347));
#6646 = CARTESIAN_POINT('',(1.207993230047,-0.820142595714));
#6647 = CARTESIAN_POINT('',(1.235062134235,-0.832314875419));
#6648 = CARTESIAN_POINT('',(1.262402549428,-0.843476720603));
#6649 = CARTESIAN_POINT('',(1.289976226655,-0.853627336093));
#6650 = CARTESIAN_POINT('',(1.317742883693,-0.862768125144));
#6651 = CARTESIAN_POINT('',(1.345660482229,-0.870902729439));
#6652 = CARTESIAN_POINT('',(1.37368561198,-0.878037093921));
#6653 = CARTESIAN_POINT('',(1.401773829812,-0.884179492582));
#6654 = CARTESIAN_POINT('',(1.429880261503,-0.889340530471));
#6655 = CARTESIAN_POINT('',(1.457959336548,-0.89353311693));
#6656 = CARTESIAN_POINT('',(1.485967809915,-0.896772411289));
#6657 = CARTESIAN_POINT('',(1.513855524215,-0.899075742175));
#6658 = CARTESIAN_POINT('',(1.541601883126,-0.900462500302));
#6659 = CARTESIAN_POINT('',(1.569081639572,-0.900954014164));
#6660 = CARTESIAN_POINT('',(1.596567558548,-0.900573385085));
#6661 = CARTESIAN_POINT('',(1.624332197364,-0.89929673928));
#6662 = CARTESIAN_POINT('',(1.652250009015,-0.897102006533));
#6663 = CARTESIAN_POINT('',(1.680300005911,-0.893969073236));
#6664 = CARTESIAN_POINT('',(1.708431551334,-0.889879919045));
#6665 = CARTESIAN_POINT('',(1.736600838318,-0.884818729611));
#6666 = CARTESIAN_POINT('',(1.764761659475,-0.878771984558));
#6667 = CARTESIAN_POINT('',(1.792868437905,-0.871728516384));
#6668 = CARTESIAN_POINT('',(1.820875974156,-0.863679547314));
#6669 = CARTESIAN_POINT('',(1.848740055904,-0.854618673658));
#6670 = CARTESIAN_POINT('',(1.876417826014,-0.844541910531));
#6671 = CARTESIAN_POINT('',(1.903868120207,-0.833447378842));
#6672 = CARTESIAN_POINT('',(1.931051715393,-0.821335206949));
#6673 = CARTESIAN_POINT('',(1.957931887023,-0.808207755043));
#6674 = CARTESIAN_POINT('',(1.984474039785,-0.794069775963));
#6675 = CARTESIAN_POINT('',(2.010647974297,-0.77892637231));
#6676 = CARTESIAN_POINT('',(2.036420332797,-0.762790204042));
#6677 = CARTESIAN_POINT('',(2.061783357978,-0.74565376074));
#6678 = CARTESIAN_POINT('',(2.086647730753,-0.727591614283));
#6679 = CARTESIAN_POINT('',(2.111242824477,-0.708378623046));
#6680 = CARTESIAN_POINT('',(2.134622864918,-0.688914022966));
#6681 = CARTESIAN_POINT('',(2.160241641755,-0.66590561161));
#6682 = CARTESIAN_POINT('',(2.175147034286,-0.651708054566));
#6683 = CARTESIAN_POINT('',(2.192898016384,-0.634177760781));
#6684 = CARTESIAN_POINT('',(2.209834328827,-0.616552132279));
#6685 = CARTESIAN_POINT('',(2.226910468864,-0.597948512028));
#6686 = CARTESIAN_POINT('',(2.243845403107,-0.578589480231));
#6687 = CARTESIAN_POINT('',(2.260690248078,-0.558402736499));
#6688 = CARTESIAN_POINT('',(2.277408299428,-0.537396247819));
#6689 = CARTESIAN_POINT('',(2.293987637197,-0.515557707498));
#6690 = CARTESIAN_POINT('',(2.310411013842,-0.492881447287));
#6691 = CARTESIAN_POINT('',(2.326663969256,-0.469361191943));
#6692 = CARTESIAN_POINT('',(2.342732689093,-0.444991960492));
#6693 = CARTESIAN_POINT('',(2.358604597987,-0.419769511659));
#6694 = CARTESIAN_POINT('',(2.374268207199,-0.393690443185));
#6695 = CARTESIAN_POINT('',(2.389713150118,-0.366752112601));
#6696 = CARTESIAN_POINT('',(2.404930156372,-0.338952603288));
#6697 = CARTESIAN_POINT('',(2.41991103262,-0.310290676691));
#6698 = CARTESIAN_POINT('',(2.434648632108,-0.280765726895));
#6699 = CARTESIAN_POINT('',(2.449136821857,-0.250377735224));
#6700 = CARTESIAN_POINT('',(2.463370435497,-0.219127221002));
#6701 = CARTESIAN_POINT('',(2.47734525627,-0.187015209081));
#6702 = CARTESIAN_POINT('',(2.491057869537,-0.154043137948));
#6703 = CARTESIAN_POINT('',(2.500023281928,-0.131489709139));
#6704 = CARTESIAN_POINT('',(2.504461470793,-0.120070287784));
#6705 = ( GEOMETRIC_REPRESENTATION_CONTEXT(2) 
PARAMETRIC_REPRESENTATION_CONTEXT() REPRESENTATION_CONTEXT('2D SPACE',''
  ) );
#6706 = ADVANCED_FACE('',(#6707),#1361,.F.);
#6707 = FACE_BOUND('',#6708,.T.);
#6708 = EDGE_LOOP('',(#6709,#6733,#6734,#6735,#6736));
#6709 = ORIENTED_EDGE('',*,*,#6710,.T.);
#6710 = EDGE_CURVE('',#6711,#1088,#6713,.T.);
#6711 = VERTEX_POINT('',#6712);
#6712 = CARTESIAN_POINT('',(-5.420799872712,-258.7938125559,
    -372.5499999999));
#6713 = SURFACE_CURVE('',#6714,(#6719,#6726),.PCURVE_S1.);
#6714 = CIRCLE('',#6715,10.6);
#6715 = AXIS2_PLACEMENT_3D('',#6716,#6717,#6718);
#6716 = CARTESIAN_POINT('',(4.819932363006E-03,-267.899999998,
    -372.5499999999));
#6717 = DIRECTION('',(0.,0.,1.));
#6718 = DIRECTION('',(-0.511850925007,0.859074286991,0.));
#6719 = PCURVE('',#1361,#6720);
#6720 = DEFINITIONAL_REPRESENTATION('',(#6721),#6725);
#6721 = CIRCLE('',#6722,10.6);
#6722 = AXIS2_PLACEMENT_2D('',#6723,#6724);
#6723 = CARTESIAN_POINT('',(-10.6,1.652900039062E-12));
#6724 = DIRECTION('',(0.949569269167,-0.31355733615));
#6725 = ( GEOMETRIC_REPRESENTATION_CONTEXT(2) 
PARAMETRIC_REPRESENTATION_CONTEXT() REPRESENTATION_CONTEXT('2D SPACE',''
  ) );
#6726 = PCURVE('',#1222,#6727);
#6727 = DEFINITIONAL_REPRESENTATION('',(#6728),#6732);
#6728 = LINE('',#6729,#6730);
#6729 = CARTESIAN_POINT('',(5.964248317375,-21.5));
#6730 = VECTOR('',#6731,1.);
#6731 = DIRECTION('',(1.,0.));
#6732 = ( GEOMETRIC_REPRESENTATION_CONTEXT(2) 
PARAMETRIC_REPRESENTATION_CONTEXT() REPRESENTATION_CONTEXT('2D SPACE',''
  ) );
#6733 = ORIENTED_EDGE('',*,*,#1322,.T.);
#6734 = ORIENTED_EDGE('',*,*,#2494,.F.);
#6735 = ORIENTED_EDGE('',*,*,#2395,.F.);
#6736 = ORIENTED_EDGE('',*,*,#6737,.T.);
#6737 = EDGE_CURVE('',#2328,#6711,#6738,.T.);
#6738 = SURFACE_CURVE('',#6739,(#6744,#6752),.PCURVE_S1.);
#6739 = B_SPLINE_CURVE_WITH_KNOTS('',3,(#6740,#6741,#6742,#6743),
  .UNSPECIFIED.,.F.,.F.,(4,4),(8.503206181614E-03,8.906572434378E-03),
  .PIECEWISE_BEZIER_KNOTS.);
#6740 = CARTESIAN_POINT('',(-5.579604141112,-258.4229641868,
    -372.5499999999));
#6741 = CARTESIAN_POINT('',(-5.526795259375,-258.5466318075,
    -372.5499999999));
#6742 = CARTESIAN_POINT('',(-5.473858651883,-258.6702471731,
    -372.5499999999));
#6743 = CARTESIAN_POINT('',(-5.420799872712,-258.7938125559,
    -372.5499999999));
#6744 = PCURVE('',#1361,#6745);
#6745 = DEFINITIONAL_REPRESENTATION('',(#6746),#6751);
#6746 = B_SPLINE_CURVE_WITH_KNOTS('',3,(#6747,#6748,#6749,#6750),
  .UNSPECIFIED.,.F.,.F.,(4,4),(8.503206181614E-03,8.906572434378E-03),
  .PIECEWISE_BEZIER_KNOTS.);
#6747 = CARTESIAN_POINT('',(-0.17160330507,-3.4997917614));
#6748 = CARTESIAN_POINT('',(-0.292529443427,-3.440975713674));
#6749 = CARTESIAN_POINT('',(-0.413517826233,-3.382282832883));
#6750 = CARTESIAN_POINT('',(-0.534565746829,-3.323707763189));
#6751 = ( GEOMETRIC_REPRESENTATION_CONTEXT(2) 
PARAMETRIC_REPRESENTATION_CONTEXT() REPRESENTATION_CONTEXT('2D SPACE',''
  ) );
#6752 = PCURVE('',#329,#6753);
#6753 = DEFINITIONAL_REPRESENTATION('',(#6754),#6780);
#6754 = B_SPLINE_CURVE_WITH_KNOTS('',3,(#6755,#6756,#6757,#6758,#6759,
    #6760,#6761,#6762,#6763,#6764,#6765,#6766,#6767,#6768,#6769,#6770,
    #6771,#6772,#6773,#6774,#6775,#6776,#6777,#6778,#6779),
  .UNSPECIFIED.,.F.,.F.,(4,1,1,1,1,1,1,1,1,1,1,1,1,1,1,1,1,1,1,1,1,1,4),
  (8.503206181614E-03,8.521541011285E-03,8.539875840956E-03,
    8.558210670627E-03,8.576545500298E-03,8.594880329969E-03,
    8.613215159641E-03,8.631549989312E-03,8.649884818983E-03,
    8.668219648654E-03,8.686554478325E-03,8.704889307996E-03,
    8.723224137667E-03,8.741558967338E-03,8.759893797009E-03,
    8.77822862668E-03,8.796563456351E-03,8.814898286023E-03,
    8.833233115694E-03,8.851567945365E-03,8.869902775036E-03,
    8.888237604707E-03,8.906572434378E-03),.UNSPECIFIED.);
#6755 = CARTESIAN_POINT('',(0.616835304888,1.292167725771));
#6756 = CARTESIAN_POINT('',(0.617147369835,1.292600765666));
#6757 = CARTESIAN_POINT('',(0.617771083745,1.293467414892));
#6758 = CARTESIAN_POINT('',(0.618705407535,1.294769093613));
#6759 = CARTESIAN_POINT('',(0.619638485122,1.296072473793));
#6760 = CARTESIAN_POINT('',(0.620570317387,1.297377552016));
#6761 = CARTESIAN_POINT('',(0.621500905215,1.29868432487));
#6762 = CARTESIAN_POINT('',(0.622430249497,1.299992788948));
#6763 = CARTESIAN_POINT('',(0.623358351134,1.301302940845));
#6764 = CARTESIAN_POINT('',(0.624285211028,1.302614777166));
#6765 = CARTESIAN_POINT('',(0.625210830091,1.303928294517));
#6766 = CARTESIAN_POINT('',(0.626135209239,1.305243489509));
#6767 = CARTESIAN_POINT('',(0.627058349396,1.306560358759));
#6768 = CARTESIAN_POINT('',(0.627980251488,1.307878898888));
#6769 = CARTESIAN_POINT('',(0.628900916452,1.309199106522));
#6770 = CARTESIAN_POINT('',(0.629820345227,1.310520978292));
#6771 = CARTESIAN_POINT('',(0.63073853876,1.311844510834));
#6772 = CARTESIAN_POINT('',(0.631655498002,1.313169700788));
#6773 = CARTESIAN_POINT('',(0.632571223911,1.3144965448));
#6774 = CARTESIAN_POINT('',(0.633485717451,1.315825039521));
#6775 = CARTESIAN_POINT('',(0.63439897959,1.317155181604));
#6776 = CARTESIAN_POINT('',(0.635311011302,1.318486967711));
#6777 = CARTESIAN_POINT('',(0.636221813569,1.319820394506));
#6778 = CARTESIAN_POINT('',(0.636828196107,1.320710437276));
#6779 = CARTESIAN_POINT('',(0.637131182797,1.321155730999));
#6780 = ( GEOMETRIC_REPRESENTATION_CONTEXT(2) 
PARAMETRIC_REPRESENTATION_CONTEXT() REPRESENTATION_CONTEXT('2D SPACE',''
  ) );
#6781 = ADVANCED_FACE('',(#6782),#1222,.T.);
#6782 = FACE_BOUND('',#6783,.T.);
#6783 = EDGE_LOOP('',(#6784,#6812,#6813,#6814));
#6784 = ORIENTED_EDGE('',*,*,#6785,.T.);
#6785 = EDGE_CURVE('',#6786,#1041,#6788,.T.);
#6786 = VERTEX_POINT('',#6787);
#6787 = CARTESIAN_POINT('',(-5.420799872716,-258.7938125559,
    -398.5499999999));
#6788 = SURFACE_CURVE('',#6789,(#6794,#6801),.PCURVE_S1.);
#6789 = CIRCLE('',#6790,10.6);
#6790 = AXIS2_PLACEMENT_3D('',#6791,#6792,#6793);
#6791 = CARTESIAN_POINT('',(4.819932363006E-03,-267.899999998,
    -398.5499999999));
#6792 = DIRECTION('',(0.,0.,1.));
#6793 = DIRECTION('',(-0.511850925007,0.859074286991,0.));
#6794 = PCURVE('',#1222,#6795);
#6795 = DEFINITIONAL_REPRESENTATION('',(#6796),#6800);
#6796 = LINE('',#6797,#6798);
#6797 = CARTESIAN_POINT('',(5.964248317376,-47.5));
#6798 = VECTOR('',#6799,1.);
#6799 = DIRECTION('',(1.,0.));
#6800 = ( GEOMETRIC_REPRESENTATION_CONTEXT(2) 
PARAMETRIC_REPRESENTATION_CONTEXT() REPRESENTATION_CONTEXT('2D SPACE',''
  ) );
#6801 = PCURVE('',#274,#6802);
#6802 = DEFINITIONAL_REPRESENTATION('',(#6803),#6811);
#6803 = ( BOUNDED_CURVE() B_SPLINE_CURVE(2,(#6804,#6805,#6806,#6807,
#6808,#6809,#6810),.UNSPECIFIED.,.T.,.F.) B_SPLINE_CURVE_WITH_KNOTS((1,2
    ,2,2,2,1),(-2.094395102393,0.,2.094395102393,4.188790204786,
6.28318530718,8.377580409573),.UNSPECIFIED.) CURVE() 
GEOMETRIC_REPRESENTATION_ITEM() RATIONAL_B_SPLINE_CURVE((1.,0.5,1.,0.5,
1.,0.5,1.)) REPRESENTATION_ITEM('') );
#6804 = CARTESIAN_POINT('',(-3.323707763184,-0.534565746828));
#6805 = CARTESIAN_POINT('',(14.110135763555,5.222264968521));
#6806 = CARTESIAN_POINT('',(10.378775644964,-12.75430176891));
#6807 = CARTESIAN_POINT('',(6.647415526372,-30.73086850634));
#6808 = CARTESIAN_POINT('',(-7.055067881775,-18.51113248426));
#6809 = CARTESIAN_POINT('',(-20.75755128992,-6.291396462176));
#6810 = CARTESIAN_POINT('',(-3.323707763184,-0.534565746828));
#6811 = ( GEOMETRIC_REPRESENTATION_CONTEXT(2) 
PARAMETRIC_REPRESENTATION_CONTEXT() REPRESENTATION_CONTEXT('2D SPACE',''
  ) );
#6812 = ORIENTED_EDGE('',*,*,#1087,.T.);
#6813 = ORIENTED_EDGE('',*,*,#6710,.F.);
#6814 = ORIENTED_EDGE('',*,*,#6815,.T.);
#6815 = EDGE_CURVE('',#6711,#6786,#6816,.T.);
#6816 = SURFACE_CURVE('',#6817,(#6852,#6947),.PCURVE_S1.);
#6817 = B_SPLINE_CURVE_WITH_KNOTS('',3,(#6818,#6819,#6820,#6821,#6822,
    #6823,#6824,#6825,#6826,#6827,#6828,#6829,#6830,#6831,#6832,#6833,
    #6834,#6835,#6836,#6837,#6838,#6839,#6840,#6841,#6842,#6843,#6844,
    #6845,#6846,#6847,#6848,#6849,#6850,#6851),.UNSPECIFIED.,.F.,.F.,(4,
    2,2,1,1,1,1,1,1,2,2,2,2,2,1,1,1,1,1,1,2,2,4),(0.,0.124999999999,
    0.187499999999,0.218749999998,0.234374999998,0.242187499998,
    0.246093749998,0.248046874998,0.249023437498,0.249511718748,
    0.249999999998,0.499999999999,0.624999999999,0.6875,0.71875,0.734375
    ,0.7421875,0.74609375,0.748046875,0.7490234375,0.74951171875,0.75,1.
    ),.UNSPECIFIED.);
#6818 = CARTESIAN_POINT('',(-5.420799872712,-258.7938125559,
    -372.5499999999));
#6819 = CARTESIAN_POINT('',(-5.531177409423,-258.8595773508,
    -373.8439888476));
#6820 = CARTESIAN_POINT('',(-5.62547973153,-258.9184340978,
    -375.0313399603));
#6821 = CARTESIAN_POINT('',(-5.744039319694,-258.9942256139,
    -376.6524100269));
#6822 = CARTESIAN_POINT('',(-5.779740809419,-259.0174148421,
    -377.166107282));
#6823 = CARTESIAN_POINT('',(-5.827689355814,-259.0488870222,
    -377.8966640141));
#6824 = CARTESIAN_POINT('',(-5.850262378447,-259.0637958736,
    -378.2519450925));
#6825 = CARTESIAN_POINT('',(-5.874168838348,-259.0797052172,
    -378.6489444305));
#6826 = CARTESIAN_POINT('',(-5.885517530948,-259.0872847454,
    -378.8430702862));
#6827 = CARTESIAN_POINT('',(-5.89104106509,-259.0909802296,
    -378.9390397607));
#6828 = CARTESIAN_POINT('',(-5.893765168402,-259.0928043417,
    -378.9867511346));
#6829 = CARTESIAN_POINT('',(-5.895117808966,-259.0937104828,
    -379.0105384808));
#6830 = CARTESIAN_POINT('',(-5.895695495918,-259.0940975608,
    -379.0207184132));
#6831 = CARTESIAN_POINT('',(-5.896080172577,-259.0943553308,
    -379.0275017805));
#6832 = CARTESIAN_POINT('',(-5.896203026092,-259.0944376569,
    -379.0296688189));
#6833 = CARTESIAN_POINT('',(-6.030173596336,-259.1842234175,
    -381.3953413606));
#6834 = CARTESIAN_POINT('',(-6.095530433092,-259.2313365812,
    -383.5602841259));
#6835 = CARTESIAN_POINT('',(-6.095681432437,-259.2314428458,
    -386.5196299787));
#6836 = CARTESIAN_POINT('',(-6.079308303166,-259.2198503245,
    -387.5555383133));
#6837 = CARTESIAN_POINT('',(-6.029819121296,-259.1854411923,
    -389.1835903909));
#6838 = CARTESIAN_POINT('',(-6.009161641156,-259.1711435521,
    -389.7386393459));
#6839 = CARTESIAN_POINT('',(-5.971843160238,-259.1455882198,
    -390.5897601725));
#6840 = CARTESIAN_POINT('',(-5.951600308159,-259.1317841823,
    -391.0199574342));
#6841 = CARTESIAN_POINT('',(-5.925186891125,-259.1139214712,
    -391.5299687244));
#6842 = CARTESIAN_POINT('',(-5.911277411166,-259.1045560693,
    -391.7870029907));
#6843 = CARTESIAN_POINT('',(-5.904146520183,-259.099765558,
    -391.9160272791));
#6844 = CARTESIAN_POINT('',(-5.900536978344,-259.0973434398,
    -391.9806662122));
#6845 = CARTESIAN_POINT('',(-5.89872117593,-259.0961256765,
    -392.0130173759));
#6846 = CARTESIAN_POINT('',(-5.897940610206,-259.0956023425,
    -392.0268889526));
#6847 = CARTESIAN_POINT('',(-5.897419707482,-259.0952531344,
    -392.0361381798));
#6848 = CARTESIAN_POINT('',(-5.897091093239,-259.0950328601,
    -392.0419671569));
#6849 = CARTESIAN_POINT('',(-5.79804264879,-259.0286444929,
    -393.7977169634));
#6850 = CARTESIAN_POINT('',(-5.641222437196,-258.9251440312,
    -395.9659204063));
#6851 = CARTESIAN_POINT('',(-5.420799872716,-258.7938125559,
    -398.5499999999));
#6852 = PCURVE('',#1222,#6853);
#6853 = DEFINITIONAL_REPRESENTATION('',(#6854),#6946);
#6854 = B_SPLINE_CURVE_WITH_KNOTS('',3,(#6855,#6856,#6857,#6858,#6859,
    #6860,#6861,#6862,#6863,#6864,#6865,#6866,#6867,#6868,#6869,#6870,
    #6871,#6872,#6873,#6874,#6875,#6876,#6877,#6878,#6879,#6880,#6881,
    #6882,#6883,#6884,#6885,#6886,#6887,#6888,#6889,#6890,#6891,#6892,
    #6893,#6894,#6895,#6896,#6897,#6898,#6899,#6900,#6901,#6902,#6903,
    #6904,#6905,#6906,#6907,#6908,#6909,#6910,#6911,#6912,#6913,#6914,
    #6915,#6916,#6917,#6918,#6919,#6920,#6921,#6922,#6923,#6924,#6925,
    #6926,#6927,#6928,#6929,#6930,#6931,#6932,#6933,#6934,#6935,#6936,
    #6937,#6938,#6939,#6940,#6941,#6942,#6943,#6944,#6945),
  .UNSPECIFIED.,.F.,.F.,(4,1,1,1,1,1,1,1,1,1,1,1,1,1,1,1,1,1,1,1,1,1,1,1
    ,1,1,1,1,1,1,1,1,1,1,1,1,1,1,1,1,1,1,1,1,1,1,1,1,1,1,1,1,1,1,1,1,1,1
    ,1,1,1,1,1,1,1,1,1,1,1,1,1,1,1,1,1,1,1,1,1,1,1,1,1,1,1,1,1,1,4),(0.,
    1.136363636364E-02,2.272727272727E-02,3.409090909091E-02,
    4.545454545455E-02,5.681818181818E-02,6.818181818182E-02,
    7.954545454545E-02,9.090909090909E-02,0.102272727273,0.113636363636,
    0.125,0.136363636364,0.147727272727,0.159090909091,0.170454545455,
    0.181818181818,0.193181818182,0.204545454545,0.215909090909,
    0.227272727273,0.238636363636,0.25,0.261363636364,0.272727272727,
    0.284090909091,0.295454545455,0.306818181818,0.318181818182,
    0.329545454545,0.340909090909,0.352272727273,0.363636363636,0.375,
    0.386363636364,0.397727272727,0.409090909091,0.420454545455,
    0.431818181818,0.443181818182,0.454545454545,0.465909090909,
    0.477272727273,0.488636363636,0.5,0.511363636364,0.522727272727,
    0.534090909091,0.545454545455,0.556818181818,0.568181818182,
    0.579545454545,0.590909090909,0.602272727273,0.613636363636,0.625,
    0.636363636364,0.647727272727,0.659090909091,0.670454545455,
    0.681818181818,0.693181818182,0.704545454545,0.715909090909,
    0.727272727273,0.738636363636,0.75,0.761363636364,0.772727272727,
    0.784090909091,0.795454545455,0.806818181818,0.818181818182,
    0.829545454545,0.840909090909,0.852272727273,0.863636363636,0.875,
    0.886363636364,0.897727272727,0.909090909091,0.920454545455,
    0.931818181818,0.943181818182,0.954545454545,0.965909090909,
    0.977272727273,0.988636363636,1.),.UNSPECIFIED.);
#6855 = CARTESIAN_POINT('',(5.964248317375,-21.5));
#6856 = CARTESIAN_POINT('',(5.965350240506,-21.61763534979));
#6857 = CARTESIAN_POINT('',(5.967527040287,-21.85114344218));
#6858 = CARTESIAN_POINT('',(5.970711116067,-22.1961177592));
#6859 = CARTESIAN_POINT('',(5.973814085046,-22.53580425465));
#6860 = CARTESIAN_POINT('',(5.976835958932,-22.87020292853));
#6861 = CARTESIAN_POINT('',(5.97977674584,-23.19931378085));
#6862 = CARTESIAN_POINT('',(5.982636449781,-23.52313681157));
#6863 = CARTESIAN_POINT('',(5.985415070728,-23.84167202082));
#6864 = CARTESIAN_POINT('',(5.988112604761,-24.15491940811));
#6865 = CARTESIAN_POINT('',(5.990729043438,-24.4628789753));
#6866 = CARTESIAN_POINT('',(5.993264376256,-24.76555071544));
#6867 = CARTESIAN_POINT('',(5.995718581646,-25.06293465447));
#6868 = CARTESIAN_POINT('',(5.99809166082,-25.35503069559));
#6869 = CARTESIAN_POINT('',(6.000383642928,-25.64183920002));
#6870 = CARTESIAN_POINT('',(6.002594516607,-25.9233588197));
#6871 = CARTESIAN_POINT('',(6.00472431572,-26.19959458566));
#6872 = CARTESIAN_POINT('',(6.006772919691,-26.47052772183));
#6873 = CARTESIAN_POINT('',(6.008740766415,-26.73622830152));
#6874 = CARTESIAN_POINT('',(6.010626205077,-26.99643480756));
#6875 = CARTESIAN_POINT('',(6.012435411376,-27.25212323524));
#6876 = CARTESIAN_POINT('',(6.014145339916,-27.49965112052));
#6877 = CARTESIAN_POINT('',(6.015841992262,-27.75261232427));
#6878 = CARTESIAN_POINT('',(6.017204408393,-27.96027386723));
#6879 = CARTESIAN_POINT('',(6.019430428248,-28.31197380583));
#6880 = CARTESIAN_POINT('',(6.021305769515,-28.62199840549));
#6881 = CARTESIAN_POINT('',(6.023155804511,-28.94011242133));
#6882 = CARTESIAN_POINT('',(6.02489335653,-29.25298433729));
#6883 = CARTESIAN_POINT('',(6.026541790967,-29.56418923223));
#6884 = CARTESIAN_POINT('',(6.02809485322,-29.87277207656));
#6885 = CARTESIAN_POINT('',(6.029554224806,-30.1789916796));
#6886 = CARTESIAN_POINT('',(6.030919460045,-30.48278160347));
#6887 = CARTESIAN_POINT('',(6.03219068237,-30.7841625601));
#6888 = CARTESIAN_POINT('',(6.033367861736,-31.08313190952));
#6889 = CARTESIAN_POINT('',(6.03445100815,-31.37969326941));
#6890 = CARTESIAN_POINT('',(6.035440119764,-31.67384857886));
#6891 = CARTESIAN_POINT('',(6.036335196756,-31.96560023361));
#6892 = CARTESIAN_POINT('',(6.037136237626,-32.25495048138));
#6893 = CARTESIAN_POINT('',(6.037843240224,-32.54190170536));
#6894 = CARTESIAN_POINT('',(6.038456201551,-32.82645589484));
#6895 = CARTESIAN_POINT('',(6.038975117901,-33.10861647931));
#6896 = CARTESIAN_POINT('',(6.039399985034,-33.3883815213));
#6897 = CARTESIAN_POINT('',(6.039730797998,-33.66576911096));
#6898 = CARTESIAN_POINT('',(6.039967552495,-33.94072259498));
#6899 = CARTESIAN_POINT('',(6.040110240571,-34.21346426623));
#6900 = CARTESIAN_POINT('',(6.040158867612,-34.48317537637));
#6901 = CARTESIAN_POINT('',(6.040113389941,-34.75292239563));
#6902 = CARTESIAN_POINT('',(6.039973769197,-35.02576949927));
#6903 = CARTESIAN_POINT('',(6.039740016466,-35.30089564399));
#6904 = CARTESIAN_POINT('',(6.039412129518,-35.5785208277));
#6905 = CARTESIAN_POINT('',(6.038990109525,-35.85858610212));
#6906 = CARTESIAN_POINT('',(6.038473956508,-36.14110726242));
#6907 = CARTESIAN_POINT('',(6.037863670522,-36.42608007619));
#6908 = CARTESIAN_POINT('',(6.037159251325,-36.71350567794));
#6909 = CARTESIAN_POINT('',(6.03636069852,-37.00338376201));
#6910 = CARTESIAN_POINT('',(6.035468011459,-37.29571441654));
#6911 = CARTESIAN_POINT('',(6.034481189794,-37.59049759467));
#6912 = CARTESIAN_POINT('',(6.033400231812,-37.88773339568));
#6913 = CARTESIAN_POINT('',(6.032225141408,-38.1874214692));
#6914 = CARTESIAN_POINT('',(6.030955911443,-38.48956311744));
#6915 = CARTESIAN_POINT('',(6.029592573726,-38.79415348198));
#6916 = CARTESIAN_POINT('',(6.028135009603,-39.1012106943));
#6917 = CARTESIAN_POINT('',(6.026583657572,-39.41066708699));
#6918 = CARTESIAN_POINT('',(6.024936873971,-39.72277519827));
#6919 = CARTESIAN_POINT('',(6.023200799274,-40.0365925424));
#6920 = CARTESIAN_POINT('',(6.021352519475,-40.3556365242));
#6921 = CARTESIAN_POINT('',(6.01947754606,-40.66678001027));
#6922 = CARTESIAN_POINT('',(6.017256748134,-41.01901412927));
#6923 = CARTESIAN_POINT('',(6.015881138741,-41.22950150008));
#6924 = CARTESIAN_POINT('',(6.01417694415,-41.4845066963));
#6925 = CARTESIAN_POINT('',(6.012458710043,-41.73412027586));
#6926 = CARTESIAN_POINT('',(6.010642185155,-41.99171543347));
#6927 = CARTESIAN_POINT('',(6.008749972402,-42.2537088324));
#6928 = CARTESIAN_POINT('',(6.006776039918,-42.52106062483));
#6929 = CARTESIAN_POINT('',(6.004722025081,-42.79351353875));
#6930 = CARTESIAN_POINT('',(6.002587506763,-43.07113651001));
#6931 = CARTESIAN_POINT('',(6.000372611782,-43.35391106729));
#6932 = CARTESIAN_POINT('',(5.998077316426,-43.64184215996));
#6933 = CARTESIAN_POINT('',(5.995701633561,-43.93492846185));
#6934 = CARTESIAN_POINT('',(5.993245562454,-44.23317032831));
#6935 = CARTESIAN_POINT('',(5.990709102211,-44.53656766412));
#6936 = CARTESIAN_POINT('',(5.988092248173,-44.84512049479));
#6937 = CARTESIAN_POINT('',(5.985394992912,-45.15882881348));
#6938 = CARTESIAN_POINT('',(5.982617326006,-45.47769262204));
#6939 = CARTESIAN_POINT('',(5.979759234167,-45.80171191996));
#6940 = CARTESIAN_POINT('',(5.976820701286,-46.13088670738));
#6941 = CARTESIAN_POINT('',(5.973801708541,-46.46521698426));
#6942 = CARTESIAN_POINT('',(5.97070223443,-46.80470275062));
#6943 = CARTESIAN_POINT('',(5.967522255165,-47.14934400645));
#6944 = CARTESIAN_POINT('',(5.965348580887,-47.38254183665));
#6945 = CARTESIAN_POINT('',(5.964248317376,-47.5));
#6946 = ( GEOMETRIC_REPRESENTATION_CONTEXT(2) 
PARAMETRIC_REPRESENTATION_CONTEXT() REPRESENTATION_CONTEXT('2D SPACE',''
  ) );
#6947 = PCURVE('',#329,#6948);
#6948 = DEFINITIONAL_REPRESENTATION('',(#6949),#7041);
#6949 = B_SPLINE_CURVE_WITH_KNOTS('',3,(#6950,#6951,#6952,#6953,#6954,
    #6955,#6956,#6957,#6958,#6959,#6960,#6961,#6962,#6963,#6964,#6965,
    #6966,#6967,#6968,#6969,#6970,#6971,#6972,#6973,#6974,#6975,#6976,
    #6977,#6978,#6979,#6980,#6981,#6982,#6983,#6984,#6985,#6986,#6987,
    #6988,#6989,#6990,#6991,#6992,#6993,#6994,#6995,#6996,#6997,#6998,
    #6999,#7000,#7001,#7002,#7003,#7004,#7005,#7006,#7007,#7008,#7009,
    #7010,#7011,#7012,#7013,#7014,#7015,#7016,#7017,#7018,#7019,#7020,
    #7021,#7022,#7023,#7024,#7025,#7026,#7027,#7028,#7029,#7030,#7031,
    #7032,#7033,#7034,#7035,#7036,#7037,#7038,#7039,#7040),
  .UNSPECIFIED.,.F.,.F.,(4,1,1,1,1,1,1,1,1,1,1,1,1,1,1,1,1,1,1,1,1,1,1,1
    ,1,1,1,1,1,1,1,1,1,1,1,1,1,1,1,1,1,1,1,1,1,1,1,1,1,1,1,1,1,1,1,1,1,1
    ,1,1,1,1,1,1,1,1,1,1,1,1,1,1,1,1,1,1,1,1,1,1,1,1,1,1,1,1,1,1,4),(0.,
    1.136363636364E-02,2.272727272727E-02,3.409090909091E-02,
    4.545454545455E-02,5.681818181818E-02,6.818181818182E-02,
    7.954545454545E-02,9.090909090909E-02,0.102272727273,0.113636363636,
    0.125,0.136363636364,0.147727272727,0.159090909091,0.170454545455,
    0.181818181818,0.193181818182,0.204545454545,0.215909090909,
    0.227272727273,0.238636363636,0.25,0.261363636364,0.272727272727,
    0.284090909091,0.295454545455,0.306818181818,0.318181818182,
    0.329545454545,0.340909090909,0.352272727273,0.363636363636,0.375,
    0.386363636364,0.397727272727,0.409090909091,0.420454545455,
    0.431818181818,0.443181818182,0.454545454545,0.465909090909,
    0.477272727273,0.488636363636,0.5,0.511363636364,0.522727272727,
    0.534090909091,0.545454545455,0.556818181818,0.568181818182,
    0.579545454545,0.590909090909,0.602272727273,0.613636363636,0.625,
    0.636363636364,0.647727272727,0.659090909091,0.670454545455,
    0.681818181818,0.693181818182,0.704545454545,0.715909090909,
    0.727272727273,0.738636363636,0.75,0.761363636364,0.772727272727,
    0.784090909091,0.795454545455,0.806818181818,0.818181818182,
    0.829545454545,0.840909090909,0.852272727273,0.863636363636,0.875,
    0.886363636364,0.897727272727,0.909090909091,0.920454545455,
    0.931818181818,0.943181818182,0.954545454545,0.965909090909,
    0.977272727273,0.988636363636,1.),.UNSPECIFIED.);
#6950 = CARTESIAN_POINT('',(0.637131182797,1.321155730999));
#6951 = CARTESIAN_POINT('',(0.641576064206,1.309719080528));
#6952 = CARTESIAN_POINT('',(0.650553796829,1.287136002561));
#6953 = CARTESIAN_POINT('',(0.664281132387,1.254133439901));
#6954 = CARTESIAN_POINT('',(0.678266365889,1.222004487529));
#6955 = CARTESIAN_POINT('',(0.692505489242,1.190750104244));
#6956 = CARTESIAN_POINT('',(0.706993666403,1.160370802083));
#6957 = CARTESIAN_POINT('',(0.721725083879,1.130866549309));
#6958 = CARTESIAN_POINT('',(0.73669293707,1.102236738423));
#6959 = CARTESIAN_POINT('',(0.751889386192,1.074480137116));
#6960 = CARTESIAN_POINT('',(0.767305525366,1.047594840347));
#6961 = CARTESIAN_POINT('',(0.782931362233,1.021578235566));
#6962 = CARTESIAN_POINT('',(0.798755780563,0.99642691776));
#6963 = CARTESIAN_POINT('',(0.814766604022,0.972136798858));
#6964 = CARTESIAN_POINT('',(0.830950659438,0.948703081302));
#6965 = CARTESIAN_POINT('',(0.847293470654,0.926120096171));
#6966 = CARTESIAN_POINT('',(0.863779949267,0.904380881532));
#6967 = CARTESIAN_POINT('',(0.880392206902,0.88347909087));
#6968 = CARTESIAN_POINT('',(0.897117788358,0.863401603076));
#6969 = CARTESIAN_POINT('',(0.913919185396,0.844156064025));
#6970 = CARTESIAN_POINT('',(0.930848028529,0.825668344406));
#6971 = CARTESIAN_POINT('',(0.947619019619,0.808164817872));
#6972 = CARTESIAN_POINT('',(0.965200389551,0.790745656258));
#6973 = CARTESIAN_POINT('',(0.979878712914,0.776709558494));
#6974 = CARTESIAN_POINT('',(1.005409700091,0.753681529836));
#6975 = CARTESIAN_POINT('',(1.028660853682,0.734234308));
#6976 = CARTESIAN_POINT('',(1.053135173431,0.715017304198));
#6977 = CARTESIAN_POINT('',(1.077874643334,0.696945500723));
#6978 = CARTESIAN_POINT('',(1.103112906359,0.679789654216));
#6979 = CARTESIAN_POINT('',(1.128760557608,0.663625643597));
#6980 = CARTESIAN_POINT('',(1.154810979796,0.648445914007));
#6981 = CARTESIAN_POINT('',(1.181231625063,0.634263387448));
#6982 = CARTESIAN_POINT('',(1.207993230023,0.621083423081));
#6983 = CARTESIAN_POINT('',(1.23506213421,0.608911143375));
#6984 = CARTESIAN_POINT('',(1.262402549402,0.597749298191));
#6985 = CARTESIAN_POINT('',(1.289976226628,0.5875986827));
#6986 = CARTESIAN_POINT('',(1.317742883667,0.578457893647));
#6987 = CARTESIAN_POINT('',(1.345660482203,0.570323289351));
#6988 = CARTESIAN_POINT('',(1.373685611956,0.563188924868));
#6989 = CARTESIAN_POINT('',(1.401773829789,0.557046526206));
#6990 = CARTESIAN_POINT('',(1.429880261483,0.551885488315));
#6991 = CARTESIAN_POINT('',(1.45795933653,0.547692901855));
#6992 = CARTESIAN_POINT('',(1.485967809901,0.544453607496));
#6993 = CARTESIAN_POINT('',(1.513855524204,0.542150276609));
#6994 = CARTESIAN_POINT('',(1.54160188312,0.540763518481));
#6995 = CARTESIAN_POINT('',(1.569081639571,0.540272004618));
#6996 = CARTESIAN_POINT('',(1.596567558554,0.540652633698));
#6997 = CARTESIAN_POINT('',(1.624332197374,0.541929279503));
#6998 = CARTESIAN_POINT('',(1.652250009029,0.544124012251));
#6999 = CARTESIAN_POINT('',(1.680300005929,0.547256945549));
#7000 = CARTESIAN_POINT('',(1.708431551355,0.551346099741));
#7001 = CARTESIAN_POINT('',(1.736600838342,0.556407289176));
#7002 = CARTESIAN_POINT('',(1.764761659501,0.562454034231));
#7003 = CARTESIAN_POINT('',(1.792868437932,0.569497502406));
#7004 = CARTESIAN_POINT('',(1.820875974183,0.577546471477));
#7005 = CARTESIAN_POINT('',(1.848740055932,0.586607345134));
#7006 = CARTESIAN_POINT('',(1.876417826042,0.596684108263));
#7007 = CARTESIAN_POINT('',(1.903868120234,0.607778639952));
#7008 = CARTESIAN_POINT('',(1.931051715417,0.619890811845));
#7009 = CARTESIAN_POINT('',(1.957931887043,0.63301826375));
#7010 = CARTESIAN_POINT('',(1.984474039802,0.647156242829));
#7011 = CARTESIAN_POINT('',(2.010647974312,0.662299646482));
#7012 = CARTESIAN_POINT('',(2.036420332813,0.67843581475));
#7013 = CARTESIAN_POINT('',(2.061783357989,0.69557225805));
#7014 = CARTESIAN_POINT('',(2.086647730761,0.713634404506));
#7015 = CARTESIAN_POINT('',(2.111242824482,0.732847395741));
#7016 = CARTESIAN_POINT('',(2.134622864927,0.752311995825));
#7017 = CARTESIAN_POINT('',(2.160241641749,0.775320407167));
#7018 = CARTESIAN_POINT('',(2.175147034287,0.789517964218));
#7019 = CARTESIAN_POINT('',(2.192898016386,0.807048258004));
#7020 = CARTESIAN_POINT('',(2.209834328831,0.824673886508));
#7021 = CARTESIAN_POINT('',(2.22691046887,0.843277506762));
#7022 = CARTESIAN_POINT('',(2.243845403114,0.86263653856));
#7023 = CARTESIAN_POINT('',(2.260690248086,0.882823282293));
#7024 = CARTESIAN_POINT('',(2.277408299437,0.903829770975));
#7025 = CARTESIAN_POINT('',(2.293987637206,0.925668311297));
#7026 = CARTESIAN_POINT('',(2.310411013851,0.948344571508));
#7027 = CARTESIAN_POINT('',(2.326663969264,0.971864826852));
#7028 = CARTESIAN_POINT('',(2.342732689101,0.996234058303));
#7029 = CARTESIAN_POINT('',(2.358604597994,1.021456507136));
#7030 = CARTESIAN_POINT('',(2.374268207206,1.047535575609));
#7031 = CARTESIAN_POINT('',(2.389713150123,1.074473906192));
#7032 = CARTESIAN_POINT('',(2.404930156377,1.102273415503));
#7033 = CARTESIAN_POINT('',(2.419911032623,1.130935342097));
#7034 = CARTESIAN_POINT('',(2.434648632109,1.160460291891));
#7035 = CARTESIAN_POINT('',(2.449136821857,1.190848283558));
#7036 = CARTESIAN_POINT('',(2.463370435495,1.222098797776));
#7037 = CARTESIAN_POINT('',(2.477345256266,1.254210809693));
#7038 = CARTESIAN_POINT('',(2.491057869531,1.287182880821));
#7039 = CARTESIAN_POINT('',(2.500023281922,1.309736309626));
#7040 = CARTESIAN_POINT('',(2.504461470785,1.321155730979));
#7041 = ( GEOMETRIC_REPRESENTATION_CONTEXT(2) 
PARAMETRIC_REPRESENTATION_CONTEXT() REPRESENTATION_CONTEXT('2D SPACE',''
  ) );
#7042 = ADVANCED_FACE('',(#7043),#906,.F.);
#7043 = FACE_BOUND('',#7044,.F.);
#7044 = EDGE_LOOP('',(#7045,#7046,#7047,#7117));
#7045 = ORIENTED_EDGE('',*,*,#867,.T.);
#7046 = ORIENTED_EDGE('',*,*,#1648,.T.);
#7047 = ORIENTED_EDGE('',*,*,#7048,.T.);
#7048 = EDGE_CURVE('',#1477,#7049,#7051,.T.);
#7049 = VERTEX_POINT('',#7050);
#7050 = CARTESIAN_POINT('',(7.544003031697,-267.2852702259,
    -397.0607686922));
#7051 = SURFACE_CURVE('',#7052,(#7059,#7088),.PCURVE_S1.);
#7052 = B_SPLINE_CURVE_WITH_KNOTS('',3,(#7053,#7054,#7055,#7056,#7057,
    #7058),.UNSPECIFIED.,.F.,.F.,(4,2,4),(0.,0.5,1.),.UNSPECIFIED.);
#7053 = CARTESIAN_POINT('',(6.77195195206,-271.2798074964,
    -397.0607686922));
#7054 = CARTESIAN_POINT('',(7.093843490437,-270.6879990768,
    -397.285812023));
#7055 = CARTESIAN_POINT('',(7.33220486114,-270.0348972448,-397.398339153
    ));
#7056 = CARTESIAN_POINT('',(7.599699793584,-268.6524567107,
    -397.3983612038));
#7057 = CARTESIAN_POINT('',(7.622191571186,-267.9544688037,
    -397.2858340418));
#7058 = CARTESIAN_POINT('',(7.544003031697,-267.2852702259,
    -397.0607686922));
#7059 = PCURVE('',#906,#7060);
#7060 = DEFINITIONAL_REPRESENTATION('',(#7061),#7087);
#7061 = B_SPLINE_CURVE_WITH_KNOTS('',3,(#7062,#7063,#7064,#7065,#7066,
    #7067,#7068,#7069,#7070,#7071,#7072,#7073,#7074,#7075,#7076,#7077,
    #7078,#7079,#7080,#7081,#7082,#7083,#7084,#7085,#7086),
  .UNSPECIFIED.,.F.,.F.,(4,1,1,1,1,1,1,1,1,1,1,1,1,1,1,1,1,1,1,1,1,1,4),
  (0.,4.545454545455E-02,9.090909090909E-02,0.136363636364,
    0.181818181818,0.227272727273,0.272727272727,0.318181818182,
    0.363636363636,0.409090909091,0.454545454545,0.5,0.545454545455,
    0.590909090909,0.636363636364,0.681818181818,0.727272727273,
    0.772727272727,0.818181818182,0.863636363636,0.909090909091,
    0.954545454545,1.),.UNSPECIFIED.);
#7062 = CARTESIAN_POINT('',(0.835044887969,-5.509688981014));
#7063 = CARTESIAN_POINT('',(0.833435815894,-5.451312735977));
#7064 = CARTESIAN_POINT('',(0.830358627098,-5.333827541514));
#7065 = CARTESIAN_POINT('',(0.826168551042,-5.155522246883));
#7066 = CARTESIAN_POINT('',(0.822407021005,-4.975260049801));
#7067 = CARTESIAN_POINT('',(0.819076883517,-4.793161584867));
#7068 = CARTESIAN_POINT('',(0.816180999318,-4.609347359977));
#7069 = CARTESIAN_POINT('',(0.81372224873,-4.42393835572));
#7070 = CARTESIAN_POINT('',(0.811703532666,-4.237053788617));
#7071 = CARTESIAN_POINT('',(0.810127779287,-4.048819458773));
#7072 = CARTESIAN_POINT('',(0.808997918729,-3.85933659602));
#7073 = CARTESIAN_POINT('',(0.80831696555,-3.668798127698));
#7074 = CARTESIAN_POINT('',(0.808087687169,-3.47705476139));
#7075 = CARTESIAN_POINT('',(0.808313804831,-3.2852343862));
#7076 = CARTESIAN_POINT('',(0.808992956784,-3.094492611239));
#7077 = CARTESIAN_POINT('',(0.810121821815,-2.904707864096));
#7078 = CARTESIAN_POINT('',(0.811697341869,-2.716100792116));
#7079 = CARTESIAN_POINT('',(0.813716405158,-2.528800345138));
#7080 = CARTESIAN_POINT('',(0.816175938372,-2.342960043273));
#7081 = CARTESIAN_POINT('',(0.81907288606,-2.158726823047));
#7082 = CARTESIAN_POINT('',(0.822404217109,-1.976249385054));
#7083 = CARTESIAN_POINT('',(0.826166921221,-1.795675957198));
#7084 = CARTESIAN_POINT('',(0.83035800464,-1.617154894082));
#7085 = CARTESIAN_POINT('',(0.833435658775,-1.499607975493));
#7086 = CARTESIAN_POINT('',(0.835044887969,-1.441226018777));
#7087 = ( GEOMETRIC_REPRESENTATION_CONTEXT(2) 
PARAMETRIC_REPRESENTATION_CONTEXT() REPRESENTATION_CONTEXT('2D SPACE',''
  ) );
#7088 = PCURVE('',#45,#7089);
#7089 = DEFINITIONAL_REPRESENTATION('',(#7090),#7116);
#7090 = B_SPLINE_CURVE_WITH_KNOTS('',3,(#7091,#7092,#7093,#7094,#7095,
    #7096,#7097,#7098,#7099,#7100,#7101,#7102,#7103,#7104,#7105,#7106,
    #7107,#7108,#7109,#7110,#7111,#7112,#7113,#7114,#7115),
  .UNSPECIFIED.,.F.,.F.,(4,1,1,1,1,1,1,1,1,1,1,1,1,1,1,1,1,1,1,1,1,1,4),
  (0.,4.545454545455E-02,9.090909090909E-02,0.136363636364,
    0.181818181818,0.227272727273,0.272727272727,0.318181818182,
    0.363636363636,0.409090909091,0.454545454545,0.5,0.545454545455,
    0.590909090909,0.636363636364,0.681818181818,0.727272727273,
    0.772727272727,0.818181818182,0.863636363636,0.909090909091,
    0.954545454545,1.),.UNSPECIFIED.);
#7091 = CARTESIAN_POINT('',(6.031867123357,24.5107686923));
#7092 = CARTESIAN_POINT('',(6.023775483557,24.53122715204));
#7093 = CARTESIAN_POINT('',(6.00756774143,24.570283617449));
#7094 = CARTESIAN_POINT('',(5.983180434788,24.623287870404));
#7095 = CARTESIAN_POINT('',(5.958715221816,24.670712708656));
#7096 = CARTESIAN_POINT('',(5.934169564152,24.712558765725));
#7097 = CARTESIAN_POINT('',(5.9095406372,24.748826438297));
#7098 = CARTESIAN_POINT('',(5.884825340416,24.779515867879));
#7099 = CARTESIAN_POINT('',(5.860019970161,24.804626979826));
#7100 = CARTESIAN_POINT('',(5.835121276182,24.824159485563));
#7101 = CARTESIAN_POINT('',(5.810122326355,24.838112989064));
#7102 = CARTESIAN_POINT('',(5.785027760644,24.846486727683));
#7103 = CARTESIAN_POINT('',(5.759796686304,24.849280686165));
#7104 = CARTESIAN_POINT('',(5.73455562586,24.846491598655));
#7105 = CARTESIAN_POINT('',(5.709434523154,24.838119149289));
#7106 = CARTESIAN_POINT('',(5.684396005292,24.82416584708));
#7107 = CARTESIAN_POINT('',(5.659448308557,24.804632952891));
#7108 = CARTESIAN_POINT('',(5.634588152925,24.779521528071));
#7109 = CARTESIAN_POINT('',(5.609815975464,24.748832115323));
#7110 = CARTESIAN_POINT('',(5.585131774689,24.71256478854));
#7111 = CARTESIAN_POINT('',(5.560536147907,24.670719113938));
#7112 = CARTESIAN_POINT('',(5.536029942117,24.62329411637));
#7113 = CARTESIAN_POINT('',(5.511614254946,24.570288332735));
#7114 = CARTESIAN_POINT('',(5.495398365019,24.531229131426));
#7115 = CARTESIAN_POINT('',(5.487305939806,24.5107686923));
#7116 = ( GEOMETRIC_REPRESENTATION_CONTEXT(2) 
PARAMETRIC_REPRESENTATION_CONTEXT() REPRESENTATION_CONTEXT('2D SPACE',''
  ) );
#7117 = ORIENTED_EDGE('',*,*,#7118,.F.);
#7118 = EDGE_CURVE('',#795,#7049,#7119,.T.);
#7119 = SURFACE_CURVE('',#7120,(#7125,#7132),.PCURVE_S1.);
#7120 = CIRCLE('',#7121,17.150956750156);
#7121 = AXIS2_PLACEMENT_3D('',#7122,#7123,#7124);
#7122 = CARTESIAN_POINT('',(20.02743701837,-269.6980274576,-385.55));
#7123 = DIRECTION('',(0.189764804744,0.98182957731,9.097473209655E-16));
#7124 = DIRECTION('',(1.245642963491E-17,9.241762012448E-16,-1.));
#7125 = PCURVE('',#906,#7126);
#7126 = DEFINITIONAL_REPRESENTATION('',(#7127),#7131);
#7127 = LINE('',#7128,#7129);
#7128 = CARTESIAN_POINT('',(2.2226664953E-13,-1.441226018779));
#7129 = VECTOR('',#7130,1.);
#7130 = DIRECTION('',(1.,-1.317905341494E-14));
#7131 = ( GEOMETRIC_REPRESENTATION_CONTEXT(2) 
PARAMETRIC_REPRESENTATION_CONTEXT() REPRESENTATION_CONTEXT('2D SPACE',''
  ) );
#7132 = PCURVE('',#833,#7133);
#7133 = DEFINITIONAL_REPRESENTATION('',(#7134),#7138);
#7134 = LINE('',#7135,#7136);
#7135 = CARTESIAN_POINT('',(3.14159265359,1.441226018782));
#7136 = VECTOR('',#7137,1.);
#7137 = DIRECTION('',(-1.,4.191979950462E-13));
#7138 = ( GEOMETRIC_REPRESENTATION_CONTEXT(2) 
PARAMETRIC_REPRESENTATION_CONTEXT() REPRESENTATION_CONTEXT('2D SPACE',''
  ) );
#7139 = ADVANCED_FACE('',(#7140),#833,.F.);
#7140 = FACE_BOUND('',#7141,.F.);
#7141 = EDGE_LOOP('',(#7142,#7143,#7144,#7269,#7270,#7271,#7272,#7273));
#7142 = ORIENTED_EDGE('',*,*,#794,.T.);
#7143 = ORIENTED_EDGE('',*,*,#7118,.T.);
#7144 = ORIENTED_EDGE('',*,*,#7145,.T.);
#7145 = EDGE_CURVE('',#7049,#1742,#7146,.T.);
#7146 = SURFACE_CURVE('',#7147,(#7167,#7218),.PCURVE_S1.);
#7147 = B_SPLINE_CURVE_WITH_KNOTS('',3,(#7148,#7149,#7150,#7151,#7152,
    #7153,#7154,#7155,#7156,#7157,#7158,#7159,#7160,#7161,#7162,#7163,
    #7164,#7165,#7166),.UNSPECIFIED.,.F.,.F.,(4,2,2,2,1,1,1,1,1,2,2,4),(
    0.,0.249999999999,0.374999999999,0.437499999999,0.468749999999,
    0.484374999999,0.492187499999,0.496093749999,0.498046874999,
    0.499023437499,0.499999999999,1.),.UNSPECIFIED.);
#7148 = CARTESIAN_POINT('',(7.544003031697,-267.2852702259,
    -397.0607686922));
#7149 = CARTESIAN_POINT('',(7.314139352501,-267.0938114269,
    -395.0195409604));
#7150 = CARTESIAN_POINT('',(7.100342638571,-266.9557485268,
    -393.1682136402));
#7151 = CARTESIAN_POINT('',(6.814537766041,-266.8090628938,
    -390.676073277));
#7152 = CARTESIAN_POINT('',(6.724992708859,-266.7702825718,
    -389.8928349255));
#7153 = CARTESIAN_POINT('',(6.599925289966,-266.7253024517,
    -388.7891900525));
#7154 = CARTESIAN_POINT('',(6.559773861518,-266.7125110902,
    -388.4331772039));
#7155 = CARTESIAN_POINT('',(6.50190419106,-266.6964127552,
    -387.9169610946));
#7156 = CARTESIAN_POINT('',(6.473558416682,-266.6891361196,
    -387.6633038308));
#7157 = CARTESIAN_POINT('',(6.44152726632,-266.6819555421,
    -387.3751592405));
#7158 = CARTESIAN_POINT('',(6.425772214675,-266.6786873579,
    -387.2330341663));
#7159 = CARTESIAN_POINT('',(6.417959913648,-266.6771331619,
    -387.1624584345));
#7160 = CARTESIAN_POINT('',(6.414070080371,-266.6763759602,
    -387.1272922699));
#7161 = CARTESIAN_POINT('',(6.412406506664,-266.6760557004,
    -387.1122471354));
#7162 = CARTESIAN_POINT('',(6.411298234916,-266.6758431385,
    -387.102222841));
#7163 = CARTESIAN_POINT('',(6.410904528508,-266.6757677951,
    -387.0986615145));
#7164 = CARTESIAN_POINT('',(6.044930744164,-266.6061014277,
    -383.7876184683));
#7165 = CARTESIAN_POINT('',(5.705873206421,-266.6912515318,
    -380.4524448278));
#7166 = CARTESIAN_POINT('',(5.381131439261,-266.8672374889,
    -377.0866863179));
#7167 = PCURVE('',#833,#7168);
#7168 = DEFINITIONAL_REPRESENTATION('',(#7169),#7217);
#7169 = B_SPLINE_CURVE_WITH_KNOTS('',3,(#7170,#7171,#7172,#7173,#7174,
    #7175,#7176,#7177,#7178,#7179,#7180,#7181,#7182,#7183,#7184,#7185,
    #7186,#7187,#7188,#7189,#7190,#7191,#7192,#7193,#7194,#7195,#7196,
    #7197,#7198,#7199,#7200,#7201,#7202,#7203,#7204,#7205,#7206,#7207,
    #7208,#7209,#7210,#7211,#7212,#7213,#7214,#7215,#7216),
  .UNSPECIFIED.,.F.,.F.,(4,1,1,1,1,1,1,1,1,1,1,1,1,1,1,1,1,1,1,1,1,1,1,1
    ,1,1,1,1,1,1,1,1,1,1,1,1,1,1,1,1,1,1,1,1,4),(0.,2.272727272727E-02,
    4.545454545455E-02,6.818181818182E-02,9.090909090909E-02,
    0.113636363636,0.136363636364,0.159090909091,0.181818181818,
    0.204545454545,0.227272727273,0.25,0.272727272727,0.295454545455,
    0.318181818182,0.340909090909,0.363636363636,0.386363636364,
    0.409090909091,0.431818181818,0.454545454545,0.477272727273,0.5,
    0.522727272727,0.545454545455,0.568181818182,0.590909090909,
    0.613636363636,0.636363636364,0.659090909091,0.681818181818,
    0.704545454545,0.727272727273,0.75,0.772727272727,0.795454545455,
    0.818181818182,0.840909090909,0.863636363636,0.886363636364,
    0.909090909091,0.931818181818,0.954545454545,0.977272727273,1.),
  .UNSPECIFIED.);
#7170 = CARTESIAN_POINT('',(2.30654776562,1.441226018778));
#7171 = CARTESIAN_POINT('',(2.297595250536,1.428101984907));
#7172 = CARTESIAN_POINT('',(2.27950621426,1.402582868614));
#7173 = CARTESIAN_POINT('',(2.251863194384,1.36648812423));
#7174 = CARTESIAN_POINT('',(2.223751218717,1.332576409032));
#7175 = CARTESIAN_POINT('',(2.195217948081,1.300839740168));
#7176 = CARTESIAN_POINT('',(2.166315458938,1.271264994213));
#7177 = CARTESIAN_POINT('',(2.13710055241,1.243832956926));
#7178 = CARTESIAN_POINT('',(2.107634096329,1.218518228963));
#7179 = CARTESIAN_POINT('',(2.077980478441,1.195289014233));
#7180 = CARTESIAN_POINT('',(2.048206908506,1.174107007312));
#7181 = CARTESIAN_POINT('',(2.018382612006,1.154927546023));
#7182 = CARTESIAN_POINT('',(1.988578110138,1.137699190577));
#7183 = CARTESIAN_POINT('',(1.958863895307,1.122365940283));
#7184 = CARTESIAN_POINT('',(1.929309602576,1.108867832762));
#7185 = CARTESIAN_POINT('',(1.899984058927,1.097137966726));
#7186 = CARTESIAN_POINT('',(1.870953308844,1.087104982402));
#7187 = CARTESIAN_POINT('',(1.842282595485,1.0786930355));
#7188 = CARTESIAN_POINT('',(1.814025948173,1.071822648001));
#7189 = CARTESIAN_POINT('',(1.786261868206,1.066411224665));
#7190 = CARTESIAN_POINT('',(1.758957378053,1.062376861336));
#7191 = CARTESIAN_POINT('',(1.73247396772,1.059623902136));
#7192 = CARTESIAN_POINT('',(1.70567790537,1.058100220037));
#7193 = CARTESIAN_POINT('',(1.682991730905,1.057587585075));
#7194 = CARTESIAN_POINT('',(1.648077513043,1.058486028583));
#7195 = CARTESIAN_POINT('',(1.616480056302,1.061180728924));
#7196 = CARTESIAN_POINT('',(1.584113085046,1.065565793049));
#7197 = CARTESIAN_POINT('',(1.552149209214,1.071660638036));
#7198 = CARTESIAN_POINT('',(1.52034978287,1.079444985307));
#7199 = CARTESIAN_POINT('',(1.48885132988,1.08890331316));
#7200 = CARTESIAN_POINT('',(1.457686123173,1.100013263152));
#7201 = CARTESIAN_POINT('',(1.426909997304,1.112749131599));
#7202 = CARTESIAN_POINT('',(1.396567567618,1.127081374516));
#7203 = CARTESIAN_POINT('',(1.36670113783,1.142977223129));
#7204 = CARTESIAN_POINT('',(1.337348025131,1.160401030688));
#7205 = CARTESIAN_POINT('',(1.308541109929,1.179314706934));
#7206 = CARTESIAN_POINT('',(1.280308635861,1.199678132269));
#7207 = CARTESIAN_POINT('',(1.25267431477,1.221449569343));
#7208 = CARTESIAN_POINT('',(1.225657441619,1.244586057493));
#7209 = CARTESIAN_POINT('',(1.199273083704,1.269043786131));
#7210 = CARTESIAN_POINT('',(1.17353231438,1.294778440984));
#7211 = CARTESIAN_POINT('',(1.148442476389,1.321745523474));
#7212 = CARTESIAN_POINT('',(1.124007495566,1.349900628216));
#7213 = CARTESIAN_POINT('',(1.100228111905,1.379199726032));
#7214 = CARTESIAN_POINT('',(1.077102480086,1.409599272212));
#7215 = CARTESIAN_POINT('',(1.062117768054,1.430570966549));
#7216 = CARTESIAN_POINT('',(1.0547328005,1.441226018781));
#7217 = ( GEOMETRIC_REPRESENTATION_CONTEXT(2) 
PARAMETRIC_REPRESENTATION_CONTEXT() REPRESENTATION_CONTEXT('2D SPACE',''
  ) );
#7218 = PCURVE('',#45,#7219);
#7219 = DEFINITIONAL_REPRESENTATION('',(#7220),#7268);
#7220 = B_SPLINE_CURVE_WITH_KNOTS('',3,(#7221,#7222,#7223,#7224,#7225,
    #7226,#7227,#7228,#7229,#7230,#7231,#7232,#7233,#7234,#7235,#7236,
    #7237,#7238,#7239,#7240,#7241,#7242,#7243,#7244,#7245,#7246,#7247,
    #7248,#7249,#7250,#7251,#7252,#7253,#7254,#7255,#7256,#7257,#7258,
    #7259,#7260,#7261,#7262,#7263,#7264,#7265,#7266,#7267),
  .UNSPECIFIED.,.F.,.F.,(4,1,1,1,1,1,1,1,1,1,1,1,1,1,1,1,1,1,1,1,1,1,1,1
    ,1,1,1,1,1,1,1,1,1,1,1,1,1,1,1,1,1,1,1,1,4),(0.,2.272727272727E-02,
    4.545454545455E-02,6.818181818182E-02,9.090909090909E-02,
    0.113636363636,0.136363636364,0.159090909091,0.181818181818,
    0.204545454545,0.227272727273,0.25,0.272727272727,0.295454545455,
    0.318181818182,0.340909090909,0.363636363636,0.386363636364,
    0.409090909091,0.431818181818,0.454545454545,0.477272727273,0.5,
    0.522727272727,0.545454545455,0.568181818182,0.590909090909,
    0.613636363636,0.636363636364,0.659090909091,0.681818181818,
    0.704545454545,0.727272727273,0.75,0.772727272727,0.795454545455,
    0.818181818182,0.840909090909,0.863636363636,0.886363636364,
    0.909090909091,0.931818181818,0.954545454545,0.977272727273,1.),
  .UNSPECIFIED.);
#7221 = CARTESIAN_POINT('',(5.487305939806,24.5107686923));
#7222 = CARTESIAN_POINT('',(5.484788015282,24.325202558059));
#7223 = CARTESIAN_POINT('',(5.47983258028,23.957209926845));
#7224 = CARTESIAN_POINT('',(5.472641180696,23.414638872433));
#7225 = CARTESIAN_POINT('',(5.465692095441,22.88148458306));
#7226 = CARTESIAN_POINT('',(5.458985708712,22.357746309262));
#7227 = CARTESIAN_POINT('',(5.452522289126,21.843423542622));
#7228 = CARTESIAN_POINT('',(5.446301973156,21.33851604476));
#7229 = CARTESIAN_POINT('',(5.44032476691,20.84302383473));
#7230 = CARTESIAN_POINT('',(5.434590547644,20.356947176146));
#7231 = CARTESIAN_POINT('',(5.429099042837,19.880286606251));
#7232 = CARTESIAN_POINT('',(5.423849894011,19.413042796771));
#7233 = CARTESIAN_POINT('',(5.418842398802,18.955217045095));
#7234 = CARTESIAN_POINT('',(5.414076449985,18.506809411741));
#7235 = CARTESIAN_POINT('',(5.409553030172,18.067817749894));
#7236 = CARTESIAN_POINT('',(5.405272220391,17.638243781885));
#7237 = CARTESIAN_POINT('',(5.401234065973,17.218081315931));
#7238 = CARTESIAN_POINT('',(5.397438593076,16.807353123366));
#7239 = CARTESIAN_POINT('',(5.393884848493,16.405975187135));
#7240 = CARTESIAN_POINT('',(5.390575044324,16.014262429742));
#7241 = CARTESIAN_POINT('',(5.387502079053,15.631038335397));
#7242 = CARTESIAN_POINT('',(5.384692749724,15.26069348116));
#7243 = CARTESIAN_POINT('',(5.382046556566,14.886842421808));
#7244 = CARTESIAN_POINT('',(5.379938853293,14.570636235796));
#7245 = CARTESIAN_POINT('',(5.37696869913,14.083856072824));
#7246 = CARTESIAN_POINT('',(5.374555169918,13.642305643494));
#7247 = CARTESIAN_POINT('',(5.372317939317,13.18815878595));
#7248 = CARTESIAN_POINT('',(5.370358818674,12.736908454902));
#7249 = CARTESIAN_POINT('',(5.368650426232,12.284402013947));
#7250 = CARTESIAN_POINT('',(5.367199998046,11.831751047653));
#7251 = CARTESIAN_POINT('',(5.366005499678,11.378656791259));
#7252 = CARTESIAN_POINT('',(5.365067390094,10.925198570127));
#7253 = CARTESIAN_POINT('',(5.364385472973,10.471354582584));
#7254 = CARTESIAN_POINT('',(5.363959743205,10.017130299532));
#7255 = CARTESIAN_POINT('',(5.363790162252,9.562524053653));
#7256 = CARTESIAN_POINT('',(5.363876719905,9.107536253565));
#7257 = CARTESIAN_POINT('',(5.364219418682,8.652166908718));
#7258 = CARTESIAN_POINT('',(5.364818278334,8.196416286454));
#7259 = CARTESIAN_POINT('',(5.365673334347,7.740284729819));
#7260 = CARTESIAN_POINT('',(5.36678463744,7.283772700291));
#7261 = CARTESIAN_POINT('',(5.36815225218,6.826880760206));
#7262 = CARTESIAN_POINT('',(5.369776255213,6.369609571568));
#7263 = CARTESIAN_POINT('',(5.371656733015,5.911959889674));
#7264 = CARTESIAN_POINT('',(5.373793779025,5.453932561167));
#7265 = CARTESIAN_POINT('',(5.376187490808,4.995528509569));
#7266 = CARTESIAN_POINT('',(5.377954473474,4.689675347499));
#7267 = CARTESIAN_POINT('',(5.378880774637,4.536686317999));
#7268 = ( GEOMETRIC_REPRESENTATION_CONTEXT(2) 
PARAMETRIC_REPRESENTATION_CONTEXT() REPRESENTATION_CONTEXT('2D SPACE',''
  ) );
#7269 = ORIENTED_EDGE('',*,*,#1741,.T.);
#7270 = ORIENTED_EDGE('',*,*,#1843,.T.);
#7271 = ORIENTED_EDGE('',*,*,#6172,.T.);
#7272 = ORIENTED_EDGE('',*,*,#6221,.T.);
#7273 = ORIENTED_EDGE('',*,*,#7274,.T.);
#7274 = EDGE_CURVE('',#6222,#762,#7275,.T.);
#7275 = SURFACE_CURVE('',#7276,(#7281,#7310),.PCURVE_S1.);
#7276 = B_SPLINE_CURVE_WITH_KNOTS('',3,(#7277,#7278,#7279,#7280),
  .UNSPECIFIED.,.F.,.F.,(4,4),(1.5877494092E-02,1.628090825257E-02),
  .PIECEWISE_BEZIER_KNOTS.);
#7277 = CARTESIAN_POINT('',(10.60381949138,-267.7543691366,
    -398.5499999999));
#7278 = CARTESIAN_POINT('',(10.73735679336,-267.7702012396,
    -398.5499999999));
#7279 = CARTESIAN_POINT('',(10.87087910218,-267.7861644647,
    -398.5499999999));
#7280 = CARTESIAN_POINT('',(11.00438573421,-267.8022647905,
    -398.5499999999));
#7281 = PCURVE('',#833,#7282);
#7282 = DEFINITIONAL_REPRESENTATION('',(#7283),#7309);
#7283 = B_SPLINE_CURVE_WITH_KNOTS('',3,(#7284,#7285,#7286,#7287,#7288,
    #7289,#7290,#7291,#7292,#7293,#7294,#7295,#7296,#7297,#7298,#7299,
    #7300,#7301,#7302,#7303,#7304,#7305,#7306,#7307,#7308),
  .UNSPECIFIED.,.F.,.F.,(4,1,1,1,1,1,1,1,1,1,1,1,1,1,1,1,1,1,1,1,1,1,4),
  (1.5877494092E-02,1.58958310993E-02,1.59141681066E-02,
    1.59325051139E-02,1.595084212119E-02,1.596917912849E-02,
    1.598751613579E-02,1.600585314309E-02,1.602419015039E-02,
    1.604252715769E-02,1.606086416499E-02,1.607920117229E-02,
    1.609753817958E-02,1.611587518688E-02,1.613421219418E-02,
    1.615254920148E-02,1.617088620878E-02,1.618922321608E-02,
    1.620756022338E-02,1.622589723067E-02,1.624423423797E-02,
    1.626257124527E-02,1.628090825257E-02),.UNSPECIFIED.);
#7284 = CARTESIAN_POINT('',(2.504461470785,1.321155730979));
#7285 = CARTESIAN_POINT('',(2.504764451013,1.320710446754));
#7286 = CARTESIAN_POINT('',(2.505370821188,1.319820422105));
#7287 = CARTESIAN_POINT('',(2.506281606605,1.318487019874));
#7288 = CARTESIAN_POINT('',(2.507193623172,1.317155255717));
#7289 = CARTESIAN_POINT('',(2.508106871881,1.315825132975));
#7290 = CARTESIAN_POINT('',(2.509021353717,1.314496654991));
#7291 = CARTESIAN_POINT('',(2.509937069659,1.313169825114));
#7292 = CARTESIAN_POINT('',(2.510854020682,1.311844646698));
#7293 = CARTESIAN_POINT('',(2.511772207754,1.310521123102));
#7294 = CARTESIAN_POINT('',(2.512691631837,1.30919925769));
#7295 = CARTESIAN_POINT('',(2.51361229389,1.30787905383));
#7296 = CARTESIAN_POINT('',(2.514534194862,1.306560514896));
#7297 = CARTESIAN_POINT('',(2.515457335699,1.305243644266));
#7298 = CARTESIAN_POINT('',(2.516381717341,1.303928445325));
#7299 = CARTESIAN_POINT('',(2.517307340721,1.302614921459));
#7300 = CARTESIAN_POINT('',(2.518234206767,1.301303076063));
#7301 = CARTESIAN_POINT('',(2.519162316401,1.299992912533));
#7302 = CARTESIAN_POINT('',(2.520091670538,1.298684434273));
#7303 = CARTESIAN_POINT('',(2.521022270087,1.297377644691));
#7304 = CARTESIAN_POINT('',(2.521954115953,1.296072547198));
#7305 = CARTESIAN_POINT('',(2.522887209031,1.294769145212));
#7306 = CARTESIAN_POINT('',(2.523821550213,1.293467442154));
#7307 = CARTESIAN_POINT('',(2.524445276992,1.292600775021));
#7308 = CARTESIAN_POINT('',(2.524757348694,1.292167725751));
#7309 = ( GEOMETRIC_REPRESENTATION_CONTEXT(2) 
PARAMETRIC_REPRESENTATION_CONTEXT() REPRESENTATION_CONTEXT('2D SPACE',''
  ) );
#7310 = PCURVE('',#778,#7311);
#7311 = DEFINITIONAL_REPRESENTATION('',(#7312),#7317);
#7312 = B_SPLINE_CURVE_WITH_KNOTS('',3,(#7313,#7314,#7315,#7316),
  .UNSPECIFIED.,.F.,.F.,(4,4),(1.5877494092E-02,1.628090825257E-02),
  .PIECEWISE_BEZIER_KNOTS.);
#7313 = CARTESIAN_POINT('',(-7.05506788177,-18.51113248425));
#7314 = CARTESIAN_POINT('',(-7.130609310062,-18.62238157018));
#7315 = CARTESIAN_POINT('',(-7.206041863512,-18.73370524864));
#7316 = CARTESIAN_POINT('',(-7.28136057785,-18.84510692079));
#7317 = ( GEOMETRIC_REPRESENTATION_CONTEXT(2) 
PARAMETRIC_REPRESENTATION_CONTEXT() REPRESENTATION_CONTEXT('2D SPACE',''
  ) );
#7318 = ADVANCED_FACE('',(#7319),#778,.F.);
#7319 = FACE_BOUND('',#7320,.T.);
#7320 = EDGE_LOOP('',(#7321,#7322,#7323,#7324));
#7321 = ORIENTED_EDGE('',*,*,#6451,.F.);
#7322 = ORIENTED_EDGE('',*,*,#7274,.T.);
#7323 = ORIENTED_EDGE('',*,*,#761,.T.);
#7324 = ORIENTED_EDGE('',*,*,#7325,.T.);
#7325 = EDGE_CURVE('',#689,#6452,#7326,.T.);
#7326 = SURFACE_CURVE('',#7327,(#7332,#7340),.PCURVE_S1.);
#7327 = B_SPLINE_CURVE_WITH_KNOTS('',3,(#7328,#7329,#7330,#7331),
  .UNSPECIFIED.,.F.,.F.,(4,4),(8.503206181615E-03,8.906572434379E-03),
  .PIECEWISE_BEZIER_KNOTS.);
#7328 = CARTESIAN_POINT('',(8.718506215676,-261.1864561234,
    -398.5499999999));
#7329 = CARTESIAN_POINT('',(8.623418016043,-261.2815386807,
    -398.5499999999));
#7330 = CARTESIAN_POINT('',(8.528230761639,-261.3765251515,
    -398.5499999999));
#7331 = CARTESIAN_POINT('',(8.4329487598,-261.471419714,-398.5499999999)
  );
#7332 = PCURVE('',#778,#7333);
#7333 = DEFINITIONAL_REPRESENTATION('',(#7334),#7339);
#7334 = B_SPLINE_CURVE_WITH_KNOTS('',3,(#7335,#7336,#7337,#7338),
  .UNSPECIFIED.,.F.,.F.,(4,4),(8.503206181615E-03,8.906572434379E-03),
  .PIECEWISE_BEZIER_KNOTS.);
#7335 = CARTESIAN_POINT('',(-10.78115233924,-12.78328977414));
#7336 = CARTESIAN_POINT('',(-10.64701920758,-12.77376289644));
#7337 = CARTESIAN_POINT('',(-10.51289375411,-12.76409823082));
#7338 = CARTESIAN_POINT('',(-10.37877564496,-12.75430176891));
#7339 = ( GEOMETRIC_REPRESENTATION_CONTEXT(2) 
PARAMETRIC_REPRESENTATION_CONTEXT() REPRESENTATION_CONTEXT('2D SPACE',''
  ) );
#7340 = PCURVE('',#727,#7341);
#7341 = DEFINITIONAL_REPRESENTATION('',(#7342),#7368);
#7342 = B_SPLINE_CURVE_WITH_KNOTS('',3,(#7343,#7344,#7345,#7346,#7347,
    #7348,#7349,#7350,#7351,#7352,#7353,#7354,#7355,#7356,#7357,#7358,
    #7359,#7360,#7361,#7362,#7363,#7364,#7365,#7366,#7367),
  .UNSPECIFIED.,.F.,.F.,(4,1,1,1,1,1,1,1,1,1,1,1,1,1,1,1,1,1,1,1,1,1,4),
  (8.503206181615E-03,8.521541011286E-03,8.539875840957E-03,
    8.558210670628E-03,8.576545500299E-03,8.59488032997E-03,
    8.613215159642E-03,8.631549989313E-03,8.649884818984E-03,
    8.668219648655E-03,8.686554478326E-03,8.704889307997E-03,
    8.723224137668E-03,8.741558967339E-03,8.75989379701E-03,
    8.778228626681E-03,8.796563456352E-03,8.814898286024E-03,
    8.833233115695E-03,8.851567945366E-03,8.869902775037E-03,
    8.888237604708E-03,8.906572434379E-03),.UNSPECIFIED.);
#7343 = CARTESIAN_POINT('',(0.616835304896,-0.149058293032));
#7344 = CARTESIAN_POINT('',(0.617147369842,-0.148625253136));
#7345 = CARTESIAN_POINT('',(0.617771083752,-0.14775860391));
#7346 = CARTESIAN_POINT('',(0.618705407542,-0.146456925189));
#7347 = CARTESIAN_POINT('',(0.61963848513,-0.145153545009));
#7348 = CARTESIAN_POINT('',(0.620570317394,-0.143848466786));
#7349 = CARTESIAN_POINT('',(0.621500905222,-0.142541693932));
#7350 = CARTESIAN_POINT('',(0.622430249504,-0.141233229855));
#7351 = CARTESIAN_POINT('',(0.623358351141,-0.139923077957));
#7352 = CARTESIAN_POINT('',(0.624285211035,-0.138611241636));
#7353 = CARTESIAN_POINT('',(0.625210830098,-0.137297724285));
#7354 = CARTESIAN_POINT('',(0.626135209246,-0.135982529293));
#7355 = CARTESIAN_POINT('',(0.627058349403,-0.134665660043));
#7356 = CARTESIAN_POINT('',(0.627980251496,-0.133347119915));
#7357 = CARTESIAN_POINT('',(0.628900916459,-0.13202691228));
#7358 = CARTESIAN_POINT('',(0.629820345235,-0.13070504051));
#7359 = CARTESIAN_POINT('',(0.630738538767,-0.129381507968));
#7360 = CARTESIAN_POINT('',(0.631655498009,-0.128056318014));
#7361 = CARTESIAN_POINT('',(0.632571223918,-0.126729474002));
#7362 = CARTESIAN_POINT('',(0.633485717458,-0.125400979281));
#7363 = CARTESIAN_POINT('',(0.634398979597,-0.124070837198));
#7364 = CARTESIAN_POINT('',(0.63531101131,-0.122739051091));
#7365 = CARTESIAN_POINT('',(0.636221813576,-0.121405624296));
#7366 = CARTESIAN_POINT('',(0.636828196114,-0.120515581526));
#7367 = CARTESIAN_POINT('',(0.637131182804,-0.120070287803));
#7368 = ( GEOMETRIC_REPRESENTATION_CONTEXT(2) 
PARAMETRIC_REPRESENTATION_CONTEXT() REPRESENTATION_CONTEXT('2D SPACE',''
  ) );
#7369 = ADVANCED_FACE('',(#7370),#727,.F.);
#7370 = FACE_BOUND('',#7371,.F.);
#7371 = EDGE_LOOP('',(#7372,#7373,#7374,#7375,#7376,#7377,#7378,#7550));
#7372 = ORIENTED_EDGE('',*,*,#688,.T.);
#7373 = ORIENTED_EDGE('',*,*,#7325,.T.);
#7374 = ORIENTED_EDGE('',*,*,#6479,.T.);
#7375 = ORIENTED_EDGE('',*,*,#6126,.T.);
#7376 = ORIENTED_EDGE('',*,*,#1944,.T.);
#7377 = ORIENTED_EDGE('',*,*,#6066,.F.);
#7378 = ORIENTED_EDGE('',*,*,#7379,.T.);
#7379 = EDGE_CURVE('',#5993,#7380,#7382,.T.);
#7380 = VERTEX_POINT('',#7381);
#7381 = CARTESIAN_POINT('',(6.3153850957,-263.7293955074,-397.0607686922
    ));
#7382 = SURFACE_CURVE('',#7383,(#7404,#7477),.PCURVE_S1.);
#7383 = B_SPLINE_CURVE_WITH_KNOTS('',3,(#7384,#7385,#7386,#7387,#7388,
    #7389,#7390,#7391,#7392,#7393,#7394,#7395,#7396,#7397,#7398,#7399,
    #7400,#7401,#7402,#7403),.UNSPECIFIED.,.F.,.F.,(4,2,2,1,1,1,1,1,1,2,
    2,2,4),(0.,0.25,0.375,0.4375,0.46875,0.484375,0.4921875,0.49609375,
    0.498046875,0.4990234375,0.5,0.75,1.),.UNSPECIFIED.);
#7384 = CARTESIAN_POINT('',(4.871922329667,-265.3934808831,
    -377.0866863179));
#7385 = CARTESIAN_POINT('',(5.053969528041,-265.3624693413,
    -378.7694626948));
#7386 = CARTESIAN_POINT('',(5.224179668248,-265.3117621865,
    -380.4442873228));
#7387 = CARTESIAN_POINT('',(5.457910482088,-265.1943272182,
    -382.9445966415));
#7388 = CARTESIAN_POINT('',(5.532194787605,-265.1483041842,
    -383.7760451438));
#7389 = CARTESIAN_POINT('',(5.637373348154,-265.0676649613,
    -385.0202359915));
#7390 = CARTESIAN_POINT('',(5.688396622252,-265.0244464399,
    -385.6415859389));
#7391 = CARTESIAN_POINT('',(5.744960176388,-264.9686965422,
    -386.365189627));
#7392 = CARTESIAN_POINT('',(5.772469423955,-264.9394598452,
    -386.7266653251));
#7393 = CARTESIAN_POINT('',(5.786026844156,-264.9244974256,
    -386.9073216377));
#7394 = CARTESIAN_POINT('',(5.792755731262,-264.9169297519,
    -386.9976294099));
#7395 = CARTESIAN_POINT('',(5.796107652961,-264.9131242438,
    -387.0427781999));
#7396 = CARTESIAN_POINT('',(5.797541500449,-264.9114886621,
    -387.0621265894));
#7397 = CARTESIAN_POINT('',(5.798496800117,-264.9103972403,
    -387.075025273));
#7398 = CARTESIAN_POINT('',(5.799080501273,-264.9097291246,
    -387.0829122144));
#7399 = CARTESIAN_POINT('',(5.894350434454,-264.8005408062,
    -388.3708364188));
#7400 = CARTESIAN_POINT('',(5.99059687269,-264.6518177974,
    -389.8433632569));
#7401 = CARTESIAN_POINT('',(6.169752523395,-264.2625812399,
    -393.1676449568));
#7402 = CARTESIAN_POINT('',(6.252741648721,-264.0219394492,
    -395.0193998186));
#7403 = CARTESIAN_POINT('',(6.3153850957,-263.7293955074,-397.0607686922
    ));
#7404 = PCURVE('',#727,#7405);
#7405 = DEFINITIONAL_REPRESENTATION('',(#7406),#7476);
#7406 = B_SPLINE_CURVE_WITH_KNOTS('',3,(#7407,#7408,#7409,#7410,#7411,
    #7412,#7413,#7414,#7415,#7416,#7417,#7418,#7419,#7420,#7421,#7422,
    #7423,#7424,#7425,#7426,#7427,#7428,#7429,#7430,#7431,#7432,#7433,
    #7434,#7435,#7436,#7437,#7438,#7439,#7440,#7441,#7442,#7443,#7444,
    #7445,#7446,#7447,#7448,#7449,#7450,#7451,#7452,#7453,#7454,#7455,
    #7456,#7457,#7458,#7459,#7460,#7461,#7462,#7463,#7464,#7465,#7466,
    #7467,#7468,#7469,#7470,#7471,#7472,#7473,#7474,#7475),
  .UNSPECIFIED.,.F.,.F.,(4,1,1,1,1,1,1,1,1,1,1,1,1,1,1,1,1,1,1,1,1,1,1,1
    ,1,1,1,1,1,1,1,1,1,1,1,1,1,1,1,1,1,1,1,1,1,1,1,1,1,1,1,1,1,1,1,1,1,1
    ,1,1,1,1,1,1,1,1,4),(0.,1.515151515152E-02,3.030303030303E-02,
    4.545454545455E-02,6.060606060606E-02,7.575757575758E-02,
    9.090909090909E-02,0.106060606061,0.121212121212,0.136363636364,
    0.151515151515,0.166666666667,0.181818181818,0.19696969697,
    0.212121212121,0.227272727273,0.242424242424,0.257575757576,
    0.272727272727,0.287878787879,0.30303030303,0.318181818182,
    0.333333333333,0.348484848485,0.363636363636,0.378787878788,
    0.393939393939,0.409090909091,0.424242424242,0.439393939394,
    0.454545454545,0.469696969697,0.484848484848,0.5,0.515151515152,
    0.530303030303,0.545454545455,0.560606060606,0.575757575758,
    0.590909090909,0.606060606061,0.621212121212,0.636363636364,
    0.651515151515,0.666666666667,0.681818181818,0.69696969697,
    0.712121212121,0.727272727273,0.742424242424,0.757575757576,
    0.772727272727,0.787878787879,0.80303030303,0.818181818182,
    0.833333333333,0.848484848485,0.863636363636,0.878787878788,
    0.893939393939,0.909090909091,0.924242424242,0.939393939394,
    0.954545454545,0.969696969697,0.984848484848,1.),
  .QUASI_UNIFORM_KNOTS.);
#7407 = CARTESIAN_POINT('',(2.08685985309,-1.176816290342E-12));
#7408 = CARTESIAN_POINT('',(2.081936752174,-7.102968344629E-03));
#7409 = CARTESIAN_POINT('',(2.071995253054,-2.115774822088E-02));
#7410 = CARTESIAN_POINT('',(2.056795579274,-4.177410986201E-02));
#7411 = CARTESIAN_POINT('',(2.041306772937,-6.191239118885E-02));
#7412 = CARTESIAN_POINT('',(2.025527736336,-8.15600904596E-02));
#7413 = CARTESIAN_POINT('',(2.009457821524,-0.100704582069));
#7414 = CARTESIAN_POINT('',(1.99309692408,-0.119333118129));
#7415 = CARTESIAN_POINT('',(1.976445509302,-0.137432861348));
#7416 = CARTESIAN_POINT('',(1.959504656436,-0.154990912984));
#7417 = CARTESIAN_POINT('',(1.942276097459,-0.171994345652));
#7418 = CARTESIAN_POINT('',(1.924762256093,-0.188430238351));
#7419 = CARTESIAN_POINT('',(1.906966284882,-0.204285714448));
#7420 = CARTESIAN_POINT('',(1.888892100149,-0.219547982116));
#7421 = CARTESIAN_POINT('',(1.870544414217,-0.234204378123));
#7422 = CARTESIAN_POINT('',(1.851928763882,-0.248242411195));
#7423 = CARTESIAN_POINT('',(1.833051535953,-0.261649818191));
#7424 = CARTESIAN_POINT('',(1.813919983653,-0.2744145827));
#7425 = CARTESIAN_POINT('',(1.794542253869,-0.286525102796));
#7426 = CARTESIAN_POINT('',(1.774927311064,-0.297969510176));
#7427 = CARTESIAN_POINT('',(1.755085064549,-0.30873661818));
#7428 = CARTESIAN_POINT('',(1.735026323594,-0.318815709605));
#7429 = CARTESIAN_POINT('',(1.714762787617,-0.328196604932));
#7430 = CARTESIAN_POINT('',(1.694307027134,-0.336869712159));
#7431 = CARTESIAN_POINT('',(1.673672446757,-0.344826085645));
#7432 = CARTESIAN_POINT('',(1.652873278835,-0.352057460382));
#7433 = CARTESIAN_POINT('',(1.631924421186,-0.35855636493));
#7434 = CARTESIAN_POINT('',(1.610841815637,-0.364315902576));
#7435 = CARTESIAN_POINT('',(1.589640752043,-0.369329919903));
#7436 = CARTESIAN_POINT('',(1.568341956881,-0.373593259015));
#7437 = CARTESIAN_POINT('',(1.546948541654,-0.377101386915));
#7438 = CARTESIAN_POINT('',(1.525531653987,-0.379851701755));
#7439 = CARTESIAN_POINT('',(1.503910431443,-0.3818386623));
#7440 = CARTESIAN_POINT('',(1.482846029348,-0.383071768727));
#7441 = CARTESIAN_POINT('',(1.45958501224,-0.383509016479));
#7442 = CARTESIAN_POINT('',(1.444491196214,-0.3833051298));
#7443 = CARTESIAN_POINT('',(1.426834161835,-0.382668243319));
#7444 = CARTESIAN_POINT('',(1.409501594412,-0.381509453906));
#7445 = CARTESIAN_POINT('',(1.391733505358,-0.379819471776));
#7446 = CARTESIAN_POINT('',(1.373748584885,-0.377567795142));
#7447 = CARTESIAN_POINT('',(1.35550456429,-0.37472982826));
#7448 = CARTESIAN_POINT('',(1.337030353412,-0.371279720349));
#7449 = CARTESIAN_POINT('',(1.318337009447,-0.367192391857));
#7450 = CARTESIAN_POINT('',(1.299441544442,-0.362443100299));
#7451 = CARTESIAN_POINT('',(1.280360484535,-0.357007665581));
#7452 = CARTESIAN_POINT('',(1.261111521073,-0.350862517728));
#7453 = CARTESIAN_POINT('',(1.241712980814,-0.343984790019));
#7454 = CARTESIAN_POINT('',(1.222183868406,-0.336352396885));
#7455 = CARTESIAN_POINT('',(1.202543744493,-0.327944110473));
#7456 = CARTESIAN_POINT('',(1.182812637527,-0.318739635185));
#7457 = CARTESIAN_POINT('',(1.163010939436,-0.308719663516));
#7458 = CARTESIAN_POINT('',(1.14315929344,-0.297865975366));
#7459 = CARTESIAN_POINT('',(1.123278446982,-0.286161529091));
#7460 = CARTESIAN_POINT('',(1.103389391993,-0.273589599352));
#7461 = CARTESIAN_POINT('',(1.083513024124,-0.260134810821));
#7462 = CARTESIAN_POINT('',(1.063670064389,-0.245782995813));
#7463 = CARTESIAN_POINT('',(1.043880935661,-0.230521262188));
#7464 = CARTESIAN_POINT('',(1.024165655938,-0.214337993482));
#7465 = CARTESIAN_POINT('',(1.004543733676,-0.1972228558));
#7466 = CARTESIAN_POINT('',(0.985034070827,-0.179166791716));
#7467 = CARTESIAN_POINT('',(0.965654873658,-0.160162006801));
#7468 = CARTESIAN_POINT('',(0.946423572331,-0.140201948054));
#7469 = CARTESIAN_POINT('',(0.927356751019,-0.119281274192));
#7470 = CARTESIAN_POINT('',(0.908470084989,-9.739582202025E-02));
#7471 = CARTESIAN_POINT('',(0.889778300337,-7.454255594219E-02));
#7472 = CARTESIAN_POINT('',(0.871295099158,-5.071955240267E-02));
#7473 = CARTESIAN_POINT('',(0.853033263933,-2.592582966394E-02));
#7474 = CARTESIAN_POINT('',(0.841013849756,-8.74976607022E-03));
#7475 = CARTESIAN_POINT('',(0.835044887969,-4.2723808585E-12));
#7476 = ( GEOMETRIC_REPRESENTATION_CONTEXT(2) 
PARAMETRIC_REPRESENTATION_CONTEXT() REPRESENTATION_CONTEXT('2D SPACE',''
  ) );
#7477 = PCURVE('',#45,#7478);
#7478 = DEFINITIONAL_REPRESENTATION('',(#7479),#7549);
#7479 = B_SPLINE_CURVE_WITH_KNOTS('',3,(#7480,#7481,#7482,#7483,#7484,
    #7485,#7486,#7487,#7488,#7489,#7490,#7491,#7492,#7493,#7494,#7495,
    #7496,#7497,#7498,#7499,#7500,#7501,#7502,#7503,#7504,#7505,#7506,
    #7507,#7508,#7509,#7510,#7511,#7512,#7513,#7514,#7515,#7516,#7517,
    #7518,#7519,#7520,#7521,#7522,#7523,#7524,#7525,#7526,#7527,#7528,
    #7529,#7530,#7531,#7532,#7533,#7534,#7535,#7536,#7537,#7538,#7539,
    #7540,#7541,#7542,#7543,#7544,#7545,#7546,#7547,#7548),
  .UNSPECIFIED.,.F.,.F.,(4,1,1,1,1,1,1,1,1,1,1,1,1,1,1,1,1,1,1,1,1,1,1,1
    ,1,1,1,1,1,1,1,1,1,1,1,1,1,1,1,1,1,1,1,1,1,1,1,1,1,1,1,1,1,1,1,1,1,1
    ,1,1,1,1,1,1,1,1,4),(0.,1.515151515152E-02,3.030303030303E-02,
    4.545454545455E-02,6.060606060606E-02,7.575757575758E-02,
    9.090909090909E-02,0.106060606061,0.121212121212,0.136363636364,
    0.151515151515,0.166666666667,0.181818181818,0.19696969697,
    0.212121212121,0.227272727273,0.242424242424,0.257575757576,
    0.272727272727,0.287878787879,0.30303030303,0.318181818182,
    0.333333333333,0.348484848485,0.363636363636,0.378787878788,
    0.393939393939,0.409090909091,0.424242424242,0.439393939394,
    0.454545454545,0.469696969697,0.484848484848,0.5,0.515151515152,
    0.530303030303,0.545454545455,0.560606060606,0.575757575758,
    0.590909090909,0.606060606061,0.621212121212,0.636363636364,
    0.651515151515,0.666666666667,0.681818181818,0.69696969697,
    0.712121212121,0.727272727273,0.742424242424,0.757575757576,
    0.772727272727,0.787878787879,0.80303030303,0.818181818182,
    0.833333333333,0.848484848485,0.863636363636,0.878787878788,
    0.893939393939,0.909090909091,0.924242424242,0.939393939394,
    0.954545454545,0.969696969697,0.984848484848,1.),.UNSPECIFIED.);
#7480 = CARTESIAN_POINT('',(5.093094737329,4.536686317999));
#7481 = CARTESIAN_POINT('',(5.093712233262,4.638672766292));
#7482 = CARTESIAN_POINT('',(5.094909237074,4.842587378839));
#7483 = CARTESIAN_POINT('',(5.096590798154,5.148284329147));
#7484 = CARTESIAN_POINT('',(5.098158435272,5.453806188722));
#7485 = CARTESIAN_POINT('',(5.099612165081,5.759152855756));
#7486 = CARTESIAN_POINT('',(5.100952001499,6.064324242631));
#7487 = CARTESIAN_POINT('',(5.102177955301,6.369320278378));
#7488 = CARTESIAN_POINT('',(5.103290034204,6.67414090883));
#7489 = CARTESIAN_POINT('',(5.104288242849,6.978786097381));
#7490 = CARTESIAN_POINT('',(5.105172582846,7.283255825594));
#7491 = CARTESIAN_POINT('',(5.105943052843,7.58755009384));
#7492 = CARTESIAN_POINT('',(5.106599648615,7.891668921975));
#7493 = CARTESIAN_POINT('',(5.107142363213,8.195612349838));
#7494 = CARTESIAN_POINT('',(5.107571187048,8.499380438427));
#7495 = CARTESIAN_POINT('',(5.107886108334,8.802973268577));
#7496 = CARTESIAN_POINT('',(5.108087112363,9.106390948951));
#7497 = CARTESIAN_POINT('',(5.108174185276,9.409633589275));
#7498 = CARTESIAN_POINT('',(5.10814730121,9.712701403304));
#7499 = CARTESIAN_POINT('',(5.108006509611,10.015594063746));
#7500 = CARTESIAN_POINT('',(5.107751815141,10.318311496077));
#7501 = CARTESIAN_POINT('',(5.107383223317,10.620853640051));
#7502 = CARTESIAN_POINT('',(5.106900736423,10.92322047068));
#7503 = CARTESIAN_POINT('',(5.106304354865,11.225411962923));
#7504 = CARTESIAN_POINT('',(5.10559407587,11.527428215757));
#7505 = CARTESIAN_POINT('',(5.104769897681,11.829268995035));
#7506 = CARTESIAN_POINT('',(5.103831804699,12.130935441803));
#7507 = CARTESIAN_POINT('',(5.102779825359,12.432423676173));
#7508 = CARTESIAN_POINT('',(5.101613873613,12.733747920652));
#7509 = CARTESIAN_POINT('',(5.100334296839,13.034854803784));
#7510 = CARTESIAN_POINT('',(5.09893979764,13.335943523372));
#7511 = CARTESIAN_POINT('',(5.097435206251,13.636270779531));
#7512 = CARTESIAN_POINT('',(5.095802486082,13.938610717447));
#7513 = CARTESIAN_POINT('',(5.094108965556,14.232609934624));
#7514 = CARTESIAN_POINT('',(5.092103369815,14.556907856769));
#7515 = CARTESIAN_POINT('',(5.090723469332,14.76730019466));
#7516 = CARTESIAN_POINT('',(5.08904013633,15.013512688779));
#7517 = CARTESIAN_POINT('',(5.08730197818,15.255426153418));
#7518 = CARTESIAN_POINT('',(5.085442083751,15.503790236878));
#7519 = CARTESIAN_POINT('',(5.083478138334,15.755724364625));
#7520 = CARTESIAN_POINT('',(5.081405212034,16.012000210277));
#7521 = CARTESIAN_POINT('',(5.079224485937,16.272410872222));
#7522 = CARTESIAN_POINT('',(5.07693555391,16.537011699745));
#7523 = CARTESIAN_POINT('',(5.07453848434,16.805787815384));
#7524 = CARTESIAN_POINT('',(5.07203326674,17.078743202735));
#7525 = CARTESIAN_POINT('',(5.069419959185,17.355876836132));
#7526 = CARTESIAN_POINT('',(5.066698647815,17.637189077249));
#7527 = CARTESIAN_POINT('',(5.063869457518,17.92267996202));
#7528 = CARTESIAN_POINT('',(5.060932546078,18.21234965926));
#7529 = CARTESIAN_POINT('',(5.057888113565,18.50619835203));
#7530 = CARTESIAN_POINT('',(5.05473636755,18.804226256206));
#7531 = CARTESIAN_POINT('',(5.051477650039,19.106433667373));
#7532 = CARTESIAN_POINT('',(5.048111725523,19.41282089765));
#7533 = CARTESIAN_POINT('',(5.044638369889,19.723387493429));
#7534 = CARTESIAN_POINT('',(5.041057421854,20.038133178863));
#7535 = CARTESIAN_POINT('',(5.037368739983,20.357057688164));
#7536 = CARTESIAN_POINT('',(5.033572213311,20.680160811584));
#7537 = CARTESIAN_POINT('',(5.029667757701,21.007442384117));
#7538 = CARTESIAN_POINT('',(5.025655316122,21.338902289543));
#7539 = CARTESIAN_POINT('',(5.021534857965,21.674540460354));
#7540 = CARTESIAN_POINT('',(5.017306378728,22.014356878761));
#7541 = CARTESIAN_POINT('',(5.012969899695,22.358351577415));
#7542 = CARTESIAN_POINT('',(5.008525467694,22.706524640151));
#7543 = CARTESIAN_POINT('',(5.003973155006,23.058876202866));
#7544 = CARTESIAN_POINT('',(4.999313059054,23.415406453754));
#7545 = CARTESIAN_POINT('',(4.994545303271,23.776115635916));
#7546 = CARTESIAN_POINT('',(4.989670033904,24.14100404105));
#7547 = CARTESIAN_POINT('',(4.986348299509,24.387049371242));
#7548 = CARTESIAN_POINT('',(4.984669572161,24.5107686923));
#7549 = ( GEOMETRIC_REPRESENTATION_CONTEXT(2) 
PARAMETRIC_REPRESENTATION_CONTEXT() REPRESENTATION_CONTEXT('2D SPACE',''
  ) );
#7550 = ORIENTED_EDGE('',*,*,#7551,.F.);
#7551 = EDGE_CURVE('',#616,#7380,#7552,.T.);
#7552 = SURFACE_CURVE('',#7553,(#7558,#7565),.PCURVE_S1.);
#7553 = CIRCLE('',#7554,17.150956750156);
#7554 = AXIS2_PLACEMENT_3D('',#7555,#7556,#7557);
#7555 = CARTESIAN_POINT('',(14.64661114491,-254.1248031643,-385.55));
#7556 = DIRECTION('',(-0.755406953765,0.655255930307,3.368793651059E-16)
  );
#7557 = DIRECTION('',(1.961035928902E-16,7.401953349831E-16,-1.));
#7558 = PCURVE('',#727,#7559);
#7559 = DEFINITIONAL_REPRESENTATION('',(#7560),#7564);
#7560 = LINE('',#7561,#7562);
#7561 = CARTESIAN_POINT('',(-7.771561172376E-16,6.903588128344E-15));
#7562 = VECTOR('',#7563,1.);
#7563 = DIRECTION('',(1.,-8.781956332942E-15));
#7564 = ( GEOMETRIC_REPRESENTATION_CONTEXT(2) 
PARAMETRIC_REPRESENTATION_CONTEXT() REPRESENTATION_CONTEXT('2D SPACE',''
  ) );
#7565 = PCURVE('',#654,#7566);
#7566 = DEFINITIONAL_REPRESENTATION('',(#7567),#7571);
#7567 = LINE('',#7568,#7569);
#7568 = CARTESIAN_POINT('',(1.397770788003E-13,-5.509688981013));
#7569 = VECTOR('',#7570,1.);
#7570 = DIRECTION('',(1.,5.27162136597E-14));
#7571 = ( GEOMETRIC_REPRESENTATION_CONTEXT(2) 
PARAMETRIC_REPRESENTATION_CONTEXT() REPRESENTATION_CONTEXT('2D SPACE',''
  ) );
#7572 = ADVANCED_FACE('',(#7573),#654,.F.);
#7573 = FACE_BOUND('',#7574,.F.);
#7574 = EDGE_LOOP('',(#7575,#7576,#7577,#7647));
#7575 = ORIENTED_EDGE('',*,*,#615,.T.);
#7576 = ORIENTED_EDGE('',*,*,#7551,.T.);
#7577 = ORIENTED_EDGE('',*,*,#7578,.T.);
#7578 = EDGE_CURVE('',#7380,#7579,#7581,.T.);
#7579 = VERTEX_POINT('',#7580);
#7580 = CARTESIAN_POINT('',(3.24203988289,-261.0635110241,
    -397.0607686922));
#7581 = SURFACE_CURVE('',#7582,(#7589,#7618),.PCURVE_S1.);
#7582 = B_SPLINE_CURVE_WITH_KNOTS('',3,(#7583,#7584,#7585,#7586,#7587,
    #7588),.UNSPECIFIED.,.F.,.F.,(4,2,4),(0.,0.5,1.),.UNSPECIFIED.);
#7583 = CARTESIAN_POINT('',(6.3153850957,-263.7293955074,-397.0607686922
    ));
#7584 = CARTESIAN_POINT('',(5.963809739296,-263.154725048,-397.285812023
    ));
#7585 = CARTESIAN_POINT('',(5.517387646992,-262.6217471298,
    -397.398339153));
#7586 = CARTESIAN_POINT('',(4.453906491355,-261.6988694558,
    -397.3983612038));
#7587 = CARTESIAN_POINT('',(3.860677121148,-261.3303970515,
    -397.2858340418));
#7588 = CARTESIAN_POINT('',(3.24203988289,-261.0635110241,
    -397.0607686922));
#7589 = PCURVE('',#654,#7590);
#7590 = DEFINITIONAL_REPRESENTATION('',(#7591),#7617);
#7591 = B_SPLINE_CURVE_WITH_KNOTS('',3,(#7592,#7593,#7594,#7595,#7596,
    #7597,#7598,#7599,#7600,#7601,#7602,#7603,#7604,#7605,#7606,#7607,
    #7608,#7609,#7610,#7611,#7612,#7613,#7614,#7615,#7616),
  .UNSPECIFIED.,.F.,.F.,(4,1,1,1,1,1,1,1,1,1,1,1,1,1,1,1,1,1,1,1,1,1,4),
  (0.,4.545454545455E-02,9.090909090909E-02,0.136363636364,
    0.181818181818,0.227272727273,0.272727272727,0.318181818182,
    0.363636363636,0.409090909091,0.454545454545,0.5,0.545454545455,
    0.590909090909,0.636363636364,0.681818181818,0.727272727273,
    0.772727272727,0.818181818182,0.863636363636,0.909090909091,
    0.954545454545,1.),.UNSPECIFIED.);
#7592 = CARTESIAN_POINT('',(0.83504488797,-5.509688981016));
#7593 = CARTESIAN_POINT('',(0.833435815894,-5.451312735973));
#7594 = CARTESIAN_POINT('',(0.830358627098,-5.333827541501));
#7595 = CARTESIAN_POINT('',(0.826168551041,-5.155522246866));
#7596 = CARTESIAN_POINT('',(0.822407021004,-4.975260049785));
#7597 = CARTESIAN_POINT('',(0.819076883517,-4.793161584857));
#7598 = CARTESIAN_POINT('',(0.816180999318,-4.609347359976));
#7599 = CARTESIAN_POINT('',(0.81372224873,-4.423938355729));
#7600 = CARTESIAN_POINT('',(0.811703532666,-4.237053788634));
#7601 = CARTESIAN_POINT('',(0.810127779287,-4.048819458796));
#7602 = CARTESIAN_POINT('',(0.808997918729,-3.859336596044));
#7603 = CARTESIAN_POINT('',(0.80831696555,-3.668798127717));
#7604 = CARTESIAN_POINT('',(0.808087687169,-3.477054761393));
#7605 = CARTESIAN_POINT('',(0.808313804831,-3.285234386184));
#7606 = CARTESIAN_POINT('',(0.808992956784,-3.094492611211));
#7607 = CARTESIAN_POINT('',(0.810121821815,-2.904707864057));
#7608 = CARTESIAN_POINT('',(0.81169734187,-2.716100792071));
#7609 = CARTESIAN_POINT('',(0.813716405158,-2.52880034509));
#7610 = CARTESIAN_POINT('',(0.816175938373,-2.342960043225));
#7611 = CARTESIAN_POINT('',(0.81907288606,-2.158726823002));
#7612 = CARTESIAN_POINT('',(0.82240421711,-1.976249385016));
#7613 = CARTESIAN_POINT('',(0.826166921222,-1.79567595717));
#7614 = CARTESIAN_POINT('',(0.83035800464,-1.617154894067));
#7615 = CARTESIAN_POINT('',(0.833435658775,-1.499607975489));
#7616 = CARTESIAN_POINT('',(0.83504488797,-1.441226018779));
#7617 = ( GEOMETRIC_REPRESENTATION_CONTEXT(2) 
PARAMETRIC_REPRESENTATION_CONTEXT() REPRESENTATION_CONTEXT('2D SPACE',''
  ) );
#7618 = PCURVE('',#45,#7619);
#7619 = DEFINITIONAL_REPRESENTATION('',(#7620),#7646);
#7620 = B_SPLINE_CURVE_WITH_KNOTS('',3,(#7621,#7622,#7623,#7624,#7625,
    #7626,#7627,#7628,#7629,#7630,#7631,#7632,#7633,#7634,#7635,#7636,
    #7637,#7638,#7639,#7640,#7641,#7642,#7643,#7644,#7645),
  .UNSPECIFIED.,.F.,.F.,(4,1,1,1,1,1,1,1,1,1,1,1,1,1,1,1,1,1,1,1,1,1,4),
  (0.,4.545454545455E-02,9.090909090909E-02,0.136363636364,
    0.181818181818,0.227272727273,0.272727272727,0.318181818182,
    0.363636363636,0.409090909091,0.454545454545,0.5,0.545454545455,
    0.590909090909,0.636363636364,0.681818181818,0.727272727273,
    0.772727272727,0.818181818182,0.863636363636,0.909090909091,
    0.954545454545,1.),.UNSPECIFIED.);
#7621 = CARTESIAN_POINT('',(4.984669572161,24.5107686923));
#7622 = CARTESIAN_POINT('',(4.97657793236,24.53122715204));
#7623 = CARTESIAN_POINT('',(4.960370190232,24.57028361745));
#7624 = CARTESIAN_POINT('',(4.935982883589,24.623287870405));
#7625 = CARTESIAN_POINT('',(4.911517670616,24.670712708657));
#7626 = CARTESIAN_POINT('',(4.886972012954,24.712558765726));
#7627 = CARTESIAN_POINT('',(4.862343086002,24.748826438298));
#7628 = CARTESIAN_POINT('',(4.83762778922,24.779515867879));
#7629 = CARTESIAN_POINT('',(4.812822418966,24.804626979827));
#7630 = CARTESIAN_POINT('',(4.787923724988,24.824159485564));
#7631 = CARTESIAN_POINT('',(4.762924775161,24.838112989064));
#7632 = CARTESIAN_POINT('',(4.73783020945,24.846486727684));
#7633 = CARTESIAN_POINT('',(4.712599135108,24.849280686165));
#7634 = CARTESIAN_POINT('',(4.687358074661,24.846491598655));
#7635 = CARTESIAN_POINT('',(4.662236971953,24.838119149289));
#7636 = CARTESIAN_POINT('',(4.63719845409,24.82416584708));
#7637 = CARTESIAN_POINT('',(4.612250757354,24.804632952891));
#7638 = CARTESIAN_POINT('',(4.587390601722,24.779521528071));
#7639 = CARTESIAN_POINT('',(4.56261842426,24.748832115322));
#7640 = CARTESIAN_POINT('',(4.537934223486,24.71256478854));
#7641 = CARTESIAN_POINT('',(4.513338596705,24.670719113938));
#7642 = CARTESIAN_POINT('',(4.488832390916,24.62329411637));
#7643 = CARTESIAN_POINT('',(4.464416703747,24.570288332734));
#7644 = CARTESIAN_POINT('',(4.448200813821,24.531229131426));
#7645 = CARTESIAN_POINT('',(4.440108388609,24.5107686923));
#7646 = ( GEOMETRIC_REPRESENTATION_CONTEXT(2) 
PARAMETRIC_REPRESENTATION_CONTEXT() REPRESENTATION_CONTEXT('2D SPACE',''
  ) );
#7647 = ORIENTED_EDGE('',*,*,#7648,.F.);
#7648 = EDGE_CURVE('',#543,#7579,#7649,.T.);
#7649 = SURFACE_CURVE('',#7650,(#7655,#7662),.PCURVE_S1.);
#7650 = CIRCLE('',#7651,17.150956750156);
#7651 = AXIS2_PLACEMENT_3D('',#7652,#7653,#7654);
#7652 = CARTESIAN_POINT('',(11.5732659321,-251.4589186811,-385.55));
#7653 = DIRECTION('',(-0.755406953765,0.655255930307,3.368793651059E-16)
  );
#7654 = DIRECTION('',(1.961035928902E-16,7.401953349831E-16,-1.));
#7655 = PCURVE('',#654,#7656);
#7656 = DEFINITIONAL_REPRESENTATION('',(#7657),#7661);
#7657 = LINE('',#7658,#7659);
#7658 = CARTESIAN_POINT('',(9.89208714941E-14,-1.441226018776));
#7659 = VECTOR('',#7660,1.);
#7660 = DIRECTION('',(1.,-5.27162136597E-14));
#7661 = ( GEOMETRIC_REPRESENTATION_CONTEXT(2) 
PARAMETRIC_REPRESENTATION_CONTEXT() REPRESENTATION_CONTEXT('2D SPACE',''
  ) );
#7662 = PCURVE('',#581,#7663);
#7663 = DEFINITIONAL_REPRESENTATION('',(#7664),#7667);
#7664 = B_SPLINE_CURVE_WITH_KNOTS('',1,(#7665,#7666),.UNSPECIFIED.,.F.,
  .F.,(2,2),(0.565472137412,0.835044887969),.PIECEWISE_BEZIER_KNOTS.);
#7665 = CARTESIAN_POINT('',(5.717707620797,3.912340008795E-06));
#7666 = CARTESIAN_POINT('',(5.448135984862,9.62802994816E-06));
#7667 = ( GEOMETRIC_REPRESENTATION_CONTEXT(2) 
PARAMETRIC_REPRESENTATION_CONTEXT() REPRESENTATION_CONTEXT('2D SPACE',''
  ) );
#7668 = ADVANCED_FACE('',(#7669),#581,.F.);
#7669 = FACE_BOUND('',#7670,.F.);
#7670 = EDGE_LOOP('',(#7671,#7672,#7797,#7798,#7799,#7800,#7801,#7846));
#7671 = ORIENTED_EDGE('',*,*,#7648,.T.);
#7672 = ORIENTED_EDGE('',*,*,#7673,.T.);
#7673 = EDGE_CURVE('',#7579,#5970,#7674,.T.);
#7674 = SURFACE_CURVE('',#7675,(#7695,#7746),.PCURVE_S1.);
#7675 = B_SPLINE_CURVE_WITH_KNOTS('',3,(#7676,#7677,#7678,#7679,#7680,
    #7681,#7682,#7683,#7684,#7685,#7686,#7687,#7688,#7689,#7690,#7691,
    #7692,#7693,#7694),.UNSPECIFIED.,.F.,.F.,(4,2,2,2,1,1,1,1,1,2,2,4),(
    0.,0.25,0.375,0.4375,0.46875,0.484375,0.4921875,0.49609375,
    0.498046875,0.4990234375,0.5,1.),.UNSPECIFIED.);
#7676 = CARTESIAN_POINT('',(3.24203988289,-261.0635110241,
    -397.0607686922));
#7677 = CARTESIAN_POINT('',(2.961299859642,-261.1668494102,
    -395.0195409605));
#7678 = CARTESIAN_POINT('',(2.734835523886,-261.2829713457,
    -393.1682136402));
#7679 = CARTESIAN_POINT('',(2.464899603076,-261.4571428093,
    -390.6760732771));
#7680 = CARTESIAN_POINT('',(2.386542330471,-261.5153009427,
    -389.8928349256));
#7681 = CARTESIAN_POINT('',(2.285054694338,-261.6011224445,
    -388.7891900526));
#7682 = CARTESIAN_POINT('',(2.253901336083,-261.6294989208,
    -388.433177204));
#7683 = CARTESIAN_POINT('',(2.211024933752,-261.671566358,
    -387.9169610946));
#7684 = CARTESIAN_POINT('',(2.190550295281,-261.6924762009,
    -387.6633038308));
#7685 = CARTESIAN_POINT('',(2.168316157619,-261.7166257021,
    -387.3751592405));
#7686 = CARTESIAN_POINT('',(2.157608301185,-261.728635885,
    -387.2330341664));
#7687 = CARTESIAN_POINT('',(2.152356177496,-261.7346244381,
    -387.1624584345));
#7688 = CARTESIAN_POINT('',(2.149755504949,-261.7376145317,
    -387.1272922699));
#7689 = CARTESIAN_POINT('',(2.148646364966,-261.7388950989,
    -387.1122471354));
#7690 = CARTESIAN_POINT('',(2.147908145126,-261.7397486095,
    -387.102222841));
#7691 = CARTESIAN_POINT('',(2.147646042623,-261.7400518975,
    -387.0986615145));
#7692 = CARTESIAN_POINT('',(1.904326306467,-262.0221613082,
    -383.7876184684));
#7693 = CARTESIAN_POINT('',(1.808539690853,-262.3583688012,
    -380.4524448279));
#7694 = CARTESIAN_POINT('',(1.798577116857,-262.7275963998,
    -377.0866863179));
#7695 = PCURVE('',#581,#7696);
#7696 = DEFINITIONAL_REPRESENTATION('',(#7697),#7745);
#7697 = B_SPLINE_CURVE_WITH_KNOTS('',3,(#7698,#7699,#7700,#7701,#7702,
    #7703,#7704,#7705,#7706,#7707,#7708,#7709,#7710,#7711,#7712,#7713,
    #7714,#7715,#7716,#7717,#7718,#7719,#7720,#7721,#7722,#7723,#7724,
    #7725,#7726,#7727,#7728,#7729,#7730,#7731,#7732,#7733,#7734,#7735,
    #7736,#7737,#7738,#7739,#7740,#7741,#7742,#7743,#7744),
  .UNSPECIFIED.,.F.,.F.,(4,1,1,1,1,1,1,1,1,1,1,1,1,1,1,1,1,1,1,1,1,1,1,1
    ,1,1,1,1,1,1,1,1,1,1,1,1,1,1,1,1,1,1,1,1,4),(0.,2.272727272727E-02,
    4.545454545455E-02,6.818181818182E-02,9.090909090909E-02,
    0.113636363636,0.136363636364,0.159090909091,0.181818181818,
    0.204545454545,0.227272727273,0.25,0.272727272727,0.295454545455,
    0.318181818182,0.340909090909,0.363636363636,0.386363636364,
    0.409090909091,0.431818181818,0.454545454545,0.477272727273,0.5,
    0.522727272727,0.545454545455,0.568181818182,0.590909090909,
    0.613636363636,0.636363636364,0.659090909091,0.681818181818,
    0.704545454545,0.727272727273,0.75,0.772727272727,0.795454545455,
    0.818181818182,0.840909090909,0.863636363636,0.886363636364,
    0.909090909091,0.931818181818,0.954545454545,0.977272727273,1.),
  .QUASI_UNIFORM_KNOTS.);
#7698 = CARTESIAN_POINT('',(5.448135984865,9.628031482052E-06));
#7699 = CARTESIAN_POINT('',(5.439183456372,-1.311423821961E-02));
#7700 = CARTESIAN_POINT('',(5.421094399738,-3.863302114404E-02));
#7701 = CARTESIAN_POINT('',(5.393451369319,-7.472727281262E-02));
#7702 = CARTESIAN_POINT('',(5.365339403798,-0.108638504345));
#7703 = CARTESIAN_POINT('',(5.336806164419,-0.14037470034));
#7704 = CARTESIAN_POINT('',(5.307903727856,-0.16994898596));
#7705 = CARTESIAN_POINT('',(5.27868889519,-0.197380577158));
#7706 = CARTESIAN_POINT('',(5.249222533951,-0.222694874925));
#7707 = CARTESIAN_POINT('',(5.219569031314,-0.245923676913));
#7708 = CARTESIAN_POINT('',(5.189795596202,-0.267105289987));
#7709 = CARTESIAN_POINT('',(5.159971452999,-0.286284377627));
#7710 = CARTESIAN_POINT('',(5.130167121565,-0.303512380742));
#7711 = CARTESIAN_POINT('',(5.100453092774,-0.31884530101));
#7712 = CARTESIAN_POINT('',(5.070899000003,-0.332343101669));
#7713 = CARTESIAN_POINT('',(5.041573668379,-0.344072684616));
#7714 = CARTESIAN_POINT('',(5.012543140436,-0.354105410031));
#7715 = CARTESIAN_POINT('',(4.9838726573,-0.362517122402));
#7716 = CARTESIAN_POINT('',(4.955616246319,-0.369387299709));
#7717 = CARTESIAN_POINT('',(4.927852406575,-0.374798537094));
#7718 = CARTESIAN_POINT('',(4.900548159394,-0.378832738121));
#7719 = CARTESIAN_POINT('',(4.874064989955,-0.381585559071));
#7720 = CARTESIAN_POINT('',(4.847269175822,-0.383109122892));
#7721 = CARTESIAN_POINT('',(4.824583213813,-0.383621671639));
#7722 = CARTESIAN_POINT('',(4.789669326072,-0.382723125174));
#7723 = CARTESIAN_POINT('',(4.758072169596,-0.380028363465));
#7724 = CARTESIAN_POINT('',(4.725705505097,-0.375643263715));
#7725 = CARTESIAN_POINT('',(4.693741929674,-0.369548412594));
#7726 = CARTESIAN_POINT('',(4.66194279786,-0.36176408691));
#7727 = CARTESIAN_POINT('',(4.630444630617,-0.352305807822));
#7728 = CARTESIAN_POINT('',(4.599279699102,-0.341195932669));
#7729 = CARTESIAN_POINT('',(4.568503836071,-0.32846016398));
#7730 = CARTESIAN_POINT('',(4.538161655374,-0.314128044423));
#7731 = CARTESIAN_POINT('',(4.508295459464,-0.298232341356));
#7732 = CARTESIAN_POINT('',(4.478942564534,-0.280808700032));
#7733 = CARTESIAN_POINT('',(4.450135850246,-0.261895209154));
#7734 = CARTESIAN_POINT('',(4.421903559733,-0.241531986731));
#7735 = CARTESIAN_POINT('',(4.394269404565,-0.219760768516));
#7736 = CARTESIAN_POINT('',(4.367252679646,-0.196624513587));
#7737 = CARTESIAN_POINT('',(4.3408684524,-0.17216703097));
#7738 = CARTESIAN_POINT('',(4.315127796479,-0.146432633421));
#7739 = CARTESIAN_POINT('',(4.290038055066,-0.119465818057));
#7740 = CARTESIAN_POINT('',(4.265603154555,-9.131098886624E-02));
#7741 = CARTESIAN_POINT('',(4.241823835599,-6.201217370523E-02));
#7742 = CARTESIAN_POINT('',(4.218698253606,-3.16129160319E-02));
#7743 = CARTESIAN_POINT('',(4.203713565407,-1.064141717273E-02));
#7744 = CARTESIAN_POINT('',(4.196328607554,1.353673084502E-05));
#7745 = ( GEOMETRIC_REPRESENTATION_CONTEXT(2) 
PARAMETRIC_REPRESENTATION_CONTEXT() REPRESENTATION_CONTEXT('2D SPACE',''
  ) );
#7746 = PCURVE('',#45,#7747);
#7747 = DEFINITIONAL_REPRESENTATION('',(#7748),#7796);
#7748 = B_SPLINE_CURVE_WITH_KNOTS('',3,(#7749,#7750,#7751,#7752,#7753,
    #7754,#7755,#7756,#7757,#7758,#7759,#7760,#7761,#7762,#7763,#7764,
    #7765,#7766,#7767,#7768,#7769,#7770,#7771,#7772,#7773,#7774,#7775,
    #7776,#7777,#7778,#7779,#7780,#7781,#7782,#7783,#7784,#7785,#7786,
    #7787,#7788,#7789,#7790,#7791,#7792,#7793,#7794,#7795),
  .UNSPECIFIED.,.F.,.F.,(4,1,1,1,1,1,1,1,1,1,1,1,1,1,1,1,1,1,1,1,1,1,1,1
    ,1,1,1,1,1,1,1,1,1,1,1,1,1,1,1,1,1,1,1,1,4),(0.,2.272727272727E-02,
    4.545454545455E-02,6.818181818182E-02,9.090909090909E-02,
    0.113636363636,0.136363636364,0.159090909091,0.181818181818,
    0.204545454545,0.227272727273,0.25,0.272727272727,0.295454545455,
    0.318181818182,0.340909090909,0.363636363636,0.386363636364,
    0.409090909091,0.431818181818,0.454545454545,0.477272727273,0.5,
    0.522727272727,0.545454545455,0.568181818182,0.590909090909,
    0.613636363636,0.636363636364,0.659090909091,0.681818181818,
    0.704545454545,0.727272727273,0.75,0.772727272727,0.795454545455,
    0.818181818182,0.840909090909,0.863636363636,0.886363636364,
    0.909090909091,0.931818181818,0.954545454545,0.977272727273,1.),
  .UNSPECIFIED.);
#7749 = CARTESIAN_POINT('',(4.440108388609,24.5107686923));
#7750 = CARTESIAN_POINT('',(4.437590464085,24.325202558069));
#7751 = CARTESIAN_POINT('',(4.432635029084,23.957209926871));
#7752 = CARTESIAN_POINT('',(4.4254436295,23.414638872476));
#7753 = CARTESIAN_POINT('',(4.418494544245,22.881484583112));
#7754 = CARTESIAN_POINT('',(4.411788157516,22.357746309319));
#7755 = CARTESIAN_POINT('',(4.40532473793,21.84342354268));
#7756 = CARTESIAN_POINT('',(4.39910442196,21.338516044817));
#7757 = CARTESIAN_POINT('',(4.393127215715,20.843023834786));
#7758 = CARTESIAN_POINT('',(4.387392996448,20.356947176202));
#7759 = CARTESIAN_POINT('',(4.381901491642,19.880286606311));
#7760 = CARTESIAN_POINT('',(4.376652342816,19.413042796839));
#7761 = CARTESIAN_POINT('',(4.371644847606,18.95521704518));
#7762 = CARTESIAN_POINT('',(4.36687889879,18.506809411842));
#7763 = CARTESIAN_POINT('',(4.362355478977,18.067817750005));
#7764 = CARTESIAN_POINT('',(4.358074669196,17.638243782001));
#7765 = CARTESIAN_POINT('',(4.354036514777,17.218081316049));
#7766 = CARTESIAN_POINT('',(4.35024104188,16.807353123483));
#7767 = CARTESIAN_POINT('',(4.346687297298,16.405975187253));
#7768 = CARTESIAN_POINT('',(4.343377493128,16.014262429853));
#7769 = CARTESIAN_POINT('',(4.340304527857,15.631038335468));
#7770 = CARTESIAN_POINT('',(4.337495198528,15.260693481165));
#7771 = CARTESIAN_POINT('',(4.33484900537,14.886842421837));
#7772 = CARTESIAN_POINT('',(4.332741302096,14.57063623581));
#7773 = CARTESIAN_POINT('',(4.329771147933,14.083856072858));
#7774 = CARTESIAN_POINT('',(4.327357618722,13.642305643536));
#7775 = CARTESIAN_POINT('',(4.32512038812,13.188158786003));
#7776 = CARTESIAN_POINT('',(4.323161267478,12.736908454963));
#7777 = CARTESIAN_POINT('',(4.321452875035,12.284402014015));
#7778 = CARTESIAN_POINT('',(4.320002446849,11.831751047727));
#7779 = CARTESIAN_POINT('',(4.318807948481,11.378656791337));
#7780 = CARTESIAN_POINT('',(4.317869838897,10.925198570209));
#7781 = CARTESIAN_POINT('',(4.317187921776,10.471354582669));
#7782 = CARTESIAN_POINT('',(4.316762192008,10.017130299617));
#7783 = CARTESIAN_POINT('',(4.316592611055,9.562524053738));
#7784 = CARTESIAN_POINT('',(4.316679168708,9.107536253648));
#7785 = CARTESIAN_POINT('',(4.317021867485,8.652166908799));
#7786 = CARTESIAN_POINT('',(4.317620727137,8.196416286531));
#7787 = CARTESIAN_POINT('',(4.31847578315,7.74028472989));
#7788 = CARTESIAN_POINT('',(4.319587086243,7.283772700356));
#7789 = CARTESIAN_POINT('',(4.320954700983,6.826880760263));
#7790 = CARTESIAN_POINT('',(4.322578704016,6.369609571616));
#7791 = CARTESIAN_POINT('',(4.324459181818,5.911959889712));
#7792 = CARTESIAN_POINT('',(4.326596227828,5.453932561194));
#7793 = CARTESIAN_POINT('',(4.328989939611,4.995528509583));
#7794 = CARTESIAN_POINT('',(4.330756922278,4.689675347504));
#7795 = CARTESIAN_POINT('',(4.331683223441,4.536686317999));
#7796 = ( GEOMETRIC_REPRESENTATION_CONTEXT(2) 
PARAMETRIC_REPRESENTATION_CONTEXT() REPRESENTATION_CONTEXT('2D SPACE',''
  ) );
#7797 = ORIENTED_EDGE('',*,*,#5969,.T.);
#7798 = ORIENTED_EDGE('',*,*,#2085,.T.);
#7799 = ORIENTED_EDGE('',*,*,#5397,.F.);
#7800 = ORIENTED_EDGE('',*,*,#5479,.T.);
#7801 = ORIENTED_EDGE('',*,*,#7802,.F.);
#7802 = EDGE_CURVE('',#510,#5480,#7803,.T.);
#7803 = SURFACE_CURVE('',#7804,(#7809,#7838),.PCURVE_S1.);
#7804 = B_SPLINE_CURVE_WITH_KNOTS('',3,(#7805,#7806,#7807,#7808),
  .UNSPECIFIED.,.F.,.F.,(4,4),(8.503206181615E-03,8.906572434379E-03),
  .PIECEWISE_BEZIER_KNOTS.);
#7805 = CARTESIAN_POINT('',(5.420201575452,-258.3252781235,
    -398.5500013892));
#7806 = CARTESIAN_POINT('',(5.339500798718,-258.4328413284,
    -398.5500013832));
#7807 = CARTESIAN_POINT('',(5.258909134472,-258.5404890254,
    -398.550001377));
#7808 = CARTESIAN_POINT('',(5.178421838022,-258.6482175406,
    -398.5500013708));
#7809 = PCURVE('',#581,#7810);
#7810 = DEFINITIONAL_REPRESENTATION('',(#7811),#7837);
#7811 = B_SPLINE_CURVE_WITH_KNOTS('',3,(#7812,#7813,#7814,#7815,#7816,
    #7817,#7818,#7819,#7820,#7821,#7822,#7823,#7824,#7825,#7826,#7827,
    #7828,#7829,#7830,#7831,#7832,#7833,#7834,#7835,#7836),
  .UNSPECIFIED.,.F.,.F.,(4,1,1,1,1,1,1,1,1,1,1,1,1,1,1,1,1,1,1,1,1,1,4),
  (8.503310840148E-03,8.521640912613E-03,8.539970985078E-03,
    8.558301057543E-03,8.576631130008E-03,8.594961202473E-03,
    8.613291274938E-03,8.631621347403E-03,8.649951419868E-03,
    8.668281492333E-03,8.686611564798E-03,8.704941637263E-03,
    8.723271709728E-03,8.741601782193E-03,8.759931854658E-03,
    8.778261927124E-03,8.796591999589E-03,8.814922072054E-03,
    8.833252144519E-03,8.851582216984E-03,8.869912289449E-03,
    8.888242361914E-03,8.906572434379E-03),.UNSPECIFIED.);
#7812 = CARTESIAN_POINT('',(5.666344658334,-0.149050877393));
#7813 = CARTESIAN_POINT('',(5.666032676731,-0.148617946606));
#7814 = CARTESIAN_POINT('',(5.66540912929,-0.147751515898));
#7815 = CARTESIAN_POINT('',(5.664475054551,-0.146450165858));
#7816 = CARTESIAN_POINT('',(5.663542225364,-0.145147115259));
#7817 = CARTESIAN_POINT('',(5.662610640849,-0.143842367515));
#7818 = CARTESIAN_POINT('',(5.661680300121,-0.142535926035));
#7819 = CARTESIAN_POINT('',(5.660751202289,-0.141227794225));
#7820 = CARTESIAN_POINT('',(5.659823346455,-0.139917975483));
#7821 = CARTESIAN_POINT('',(5.658896731715,-0.138606473206));
#7822 = CARTESIAN_POINT('',(5.657971357159,-0.137293290784));
#7823 = CARTESIAN_POINT('',(5.657047221872,-0.135978431602));
#7824 = CARTESIAN_POINT('',(5.65612432493,-0.134661899042));
#7825 = CARTESIAN_POINT('',(5.655202665408,-0.133343696479));
#7826 = CARTESIAN_POINT('',(5.65428224237,-0.132023827285));
#7827 = CARTESIAN_POINT('',(5.653363054876,-0.130702294826));
#7828 = CARTESIAN_POINT('',(5.652445101983,-0.129379102464));
#7829 = CARTESIAN_POINT('',(5.651528382738,-0.128054253555));
#7830 = CARTESIAN_POINT('',(5.650612896184,-0.126727751453));
#7831 = CARTESIAN_POINT('',(5.64969864136,-0.125399599503));
#7832 = CARTESIAN_POINT('',(5.648785617296,-0.124069801048));
#7833 = CARTESIAN_POINT('',(5.647873823019,-0.122738359425));
#7834 = CARTESIAN_POINT('',(5.64696325755,-0.121405277967));
#7835 = CARTESIAN_POINT('',(5.646357032452,-0.120515465989));
#7836 = CARTESIAN_POINT('',(5.646054124375,-0.120070287803));
#7837 = ( GEOMETRIC_REPRESENTATION_CONTEXT(2) 
PARAMETRIC_REPRESENTATION_CONTEXT() REPRESENTATION_CONTEXT('2D SPACE',''
  ) );
#7838 = PCURVE('',#526,#7839);
#7839 = DEFINITIONAL_REPRESENTATION('',(#7840),#7845);
#7840 = B_SPLINE_CURVE_WITH_KNOTS('',3,(#7841,#7842,#7843,#7844),
  .UNSPECIFIED.,.F.,.F.,(4,4),(8.503206181615E-03,8.906572434379E-03),
  .PIECEWISE_BEZIER_KNOTS.);
#7841 = CARTESIAN_POINT('',(-10.78115233924,12.783289774144));
#7842 = CARTESIAN_POINT('',(-10.64701920758,12.773762896446));
#7843 = CARTESIAN_POINT('',(-10.51289375411,12.764098230828));
#7844 = CARTESIAN_POINT('',(-10.37877564495,12.754301768915));
#7845 = ( GEOMETRIC_REPRESENTATION_CONTEXT(2) 
PARAMETRIC_REPRESENTATION_CONTEXT() REPRESENTATION_CONTEXT('2D SPACE',''
  ) );
#7846 = ORIENTED_EDGE('',*,*,#542,.T.);
#7847 = ADVANCED_FACE('',(#7848),#526,.F.);
#7848 = FACE_BOUND('',#7849,.F.);
#7849 = EDGE_LOOP('',(#7850,#7851,#7896,#7897));
#7850 = ORIENTED_EDGE('',*,*,#5709,.T.);
#7851 = ORIENTED_EDGE('',*,*,#7852,.F.);
#7852 = EDGE_CURVE('',#437,#5710,#7853,.T.);
#7853 = SURFACE_CURVE('',#7854,(#7859,#7867),.PCURVE_S1.);
#7854 = B_SPLINE_CURVE_WITH_KNOTS('',3,(#7855,#7856,#7857,#7858),
  .UNSPECIFIED.,.F.,.F.,(4,4),(8.503206181615E-03,8.906572434379E-03),
  .PIECEWISE_BEZIER_KNOTS.);
#7855 = CARTESIAN_POINT('',(-1.452436470794,-256.9969543788,
    -398.5499999999));
#7856 = CARTESIAN_POINT('',(-1.41763666055,-257.1268444539,
    -398.5499999999));
#7857 = CARTESIAN_POINT('',(-1.382969591052,-257.2567722697,
    -398.5499999999));
#7858 = CARTESIAN_POINT('',(-1.348429490149,-257.3867361851,
    -398.5499999999));
#7859 = PCURVE('',#526,#7860);
#7860 = DEFINITIONAL_REPRESENTATION('',(#7861),#7866);
#7861 = B_SPLINE_CURVE_WITH_KNOTS('',3,(#7862,#7863,#7864,#7865),
  .UNSPECIFIED.,.F.,.F.,(4,4),(8.503206181615E-03,8.906572434379E-03),
  .PIECEWISE_BEZIER_KNOTS.);
#7862 = CARTESIAN_POINT('',(-7.280907071598,18.84512784125));
#7863 = CARTESIAN_POINT('',(-7.20559611507,18.733724438094));
#7864 = CARTESIAN_POINT('',(-7.130169665644,18.622396572054));
#7865 = CARTESIAN_POINT('',(-7.054632745461,18.511140958446));
#7866 = ( GEOMETRIC_REPRESENTATION_CONTEXT(2) 
PARAMETRIC_REPRESENTATION_CONTEXT() REPRESENTATION_CONTEXT('2D SPACE',''
  ) );
#7867 = PCURVE('',#475,#7868);
#7868 = DEFINITIONAL_REPRESENTATION('',(#7869),#7895);
#7869 = B_SPLINE_CURVE_WITH_KNOTS('',3,(#7870,#7871,#7872,#7873,#7874,
    #7875,#7876,#7877,#7878,#7879,#7880,#7881,#7882,#7883,#7884,#7885,
    #7886,#7887,#7888,#7889,#7890,#7891,#7892,#7893,#7894),
  .UNSPECIFIED.,.F.,.F.,(4,1,1,1,1,1,1,1,1,1,1,1,1,1,1,1,1,1,1,1,1,1,4),
  (8.503206181615E-03,8.521541011286E-03,8.539875840957E-03,
    8.558210670628E-03,8.576545500299E-03,8.59488032997E-03,
    8.613215159642E-03,8.631549989313E-03,8.649884818984E-03,
    8.668219648655E-03,8.686554478326E-03,8.704889307997E-03,
    8.723224137668E-03,8.741558967339E-03,8.75989379701E-03,
    8.778228626681E-03,8.796563456352E-03,8.814898286024E-03,
    8.833233115695E-03,8.851567945366E-03,8.869902775037E-03,
    8.888237604708E-03,8.906572434379E-03),.UNSPECIFIED.);
#7870 = CARTESIAN_POINT('',(0.616835304896,-0.149058293031));
#7871 = CARTESIAN_POINT('',(0.617147369842,-0.148625253136));
#7872 = CARTESIAN_POINT('',(0.617771083752,-0.14775860391));
#7873 = CARTESIAN_POINT('',(0.618705407542,-0.146456925189));
#7874 = CARTESIAN_POINT('',(0.61963848513,-0.145153545009));
#7875 = CARTESIAN_POINT('',(0.620570317394,-0.143848466785));
#7876 = CARTESIAN_POINT('',(0.621500905222,-0.142541693932));
#7877 = CARTESIAN_POINT('',(0.622430249505,-0.141233229854));
#7878 = CARTESIAN_POINT('',(0.623358351141,-0.139923077956));
#7879 = CARTESIAN_POINT('',(0.624285211035,-0.138611241636));
#7880 = CARTESIAN_POINT('',(0.625210830098,-0.137297724285));
#7881 = CARTESIAN_POINT('',(0.626135209247,-0.135982529293));
#7882 = CARTESIAN_POINT('',(0.627058349403,-0.134665660043));
#7883 = CARTESIAN_POINT('',(0.627980251496,-0.133347119914));
#7884 = CARTESIAN_POINT('',(0.62890091646,-0.13202691228));
#7885 = CARTESIAN_POINT('',(0.629820345235,-0.13070504051));
#7886 = CARTESIAN_POINT('',(0.630738538767,-0.129381507968));
#7887 = CARTESIAN_POINT('',(0.63165549801,-0.128056318013));
#7888 = CARTESIAN_POINT('',(0.632571223919,-0.126729474001));
#7889 = CARTESIAN_POINT('',(0.633485717458,-0.125400979281));
#7890 = CARTESIAN_POINT('',(0.634398979597,-0.124070837197));
#7891 = CARTESIAN_POINT('',(0.63531101131,-0.12273905109));
#7892 = CARTESIAN_POINT('',(0.636221813576,-0.121405624295));
#7893 = CARTESIAN_POINT('',(0.636828196115,-0.120515581526));
#7894 = CARTESIAN_POINT('',(0.637131182805,-0.120070287803));
#7895 = ( GEOMETRIC_REPRESENTATION_CONTEXT(2) 
PARAMETRIC_REPRESENTATION_CONTEXT() REPRESENTATION_CONTEXT('2D SPACE',''
  ) );
#7896 = ORIENTED_EDGE('',*,*,#509,.F.);
#7897 = ORIENTED_EDGE('',*,*,#7802,.T.);
#7898 = ADVANCED_FACE('',(#7899),#475,.F.);
#7899 = FACE_BOUND('',#7900,.F.);
#7900 = EDGE_LOOP('',(#7901,#7902,#7903,#7904,#7905,#7906,#7907,#8080));
#7901 = ORIENTED_EDGE('',*,*,#436,.T.);
#7902 = ORIENTED_EDGE('',*,*,#7852,.T.);
#7903 = ORIENTED_EDGE('',*,*,#5737,.T.);
#7904 = ORIENTED_EDGE('',*,*,#5349,.T.);
#7905 = ORIENTED_EDGE('',*,*,#2186,.T.);
#7906 = ORIENTED_EDGE('',*,*,#5324,.F.);
#7907 = ORIENTED_EDGE('',*,*,#7908,.T.);
#7908 = EDGE_CURVE('',#5251,#7909,#7911,.T.);
#7909 = VERTEX_POINT('',#7910);
#7910 = CARTESIAN_POINT('',(-0.451746923997,-260.349588009,
    -397.0607686922));
#7911 = SURFACE_CURVE('',#7912,(#7934,#8007),.PCURVE_S1.);
#7912 = B_SPLINE_CURVE_WITH_KNOTS('',3,(#7913,#7914,#7915,#7916,#7917,
    #7918,#7919,#7920,#7921,#7922,#7923,#7924,#7925,#7926,#7927,#7928,
    #7929,#7930,#7931,#7932,#7933),.UNSPECIFIED.,.F.,.F.,(4,2,2,2,1,1,1,
    1,1,2,2,2,4),(0.,0.25,0.375,0.4375,0.468750000001,0.484375000001,
    0.492187500001,0.496093750001,0.498046875001,0.499023437501,
    0.500000000001,0.75,1.),.UNSPECIFIED.);
#7913 = CARTESIAN_POINT('',(0.267661902406,-262.4317061216,
    -377.0866863179));
#7914 = CARTESIAN_POINT('',(0.33182871858,-262.2585428523,
    -378.7694626948));
#7915 = CARTESIAN_POINT('',(0.373020104547,-262.0857829695,
    -380.4442873228));
#7916 = CARTESIAN_POINT('',(0.388183845585,-261.8246486629,
    -382.9445966415));
#7917 = CARTESIAN_POINT('',(0.385468881745,-261.7373050502,
    -383.7760451438));
#7918 = CARTESIAN_POINT('',(0.368222546463,-261.6058981334,
    -385.0202359915));
#7919 = CARTESIAN_POINT('',(0.360278079536,-261.5620336586,
    -385.4344692898));
#7920 = CARTESIAN_POINT('',(0.344877816262,-261.4961809878,
    -386.0550737607));
#7921 = CARTESIAN_POINT('',(0.336306795454,-261.4632409975,
    -386.365189627));
#7922 = CARTESIAN_POINT('',(0.324741696927,-261.4247989418,
    -386.7266653251));
#7923 = CARTESIAN_POINT('',(0.318562571551,-261.4055766617,
    -386.9073216377));
#7924 = CARTESIAN_POINT('',(0.315373217413,-261.3959654376,
    -386.9976294099));
#7925 = CARTESIAN_POINT('',(0.313753511587,-261.3911598342,
    -387.0427781999));
#7926 = CARTESIAN_POINT('',(0.313053979977,-261.389100295,
    -387.0621265894));
#7927 = CARTESIAN_POINT('',(0.312586430836,-261.3877272704,
    -387.075025273));
#7928 = CARTESIAN_POINT('',(0.312299676238,-261.3868877125,
    -387.0829122144));
#7929 = CARTESIAN_POINT('',(0.265374785302,-261.2497873709,
    -388.3708364189));
#7930 = CARTESIAN_POINT('',(0.184700100706,-261.092074006,
    -389.8433632569));
#7931 = CARTESIAN_POINT('',(-6.2810820869E-02,-260.7423023825,
    -393.1676449568));
#7932 = CARTESIAN_POINT('',(-0.22971816217,-260.5501107964,
    -395.0193998186));
#7933 = CARTESIAN_POINT('',(-0.451746923997,-260.349588009,
    -397.0607686922));
#7934 = PCURVE('',#475,#7935);
#7935 = DEFINITIONAL_REPRESENTATION('',(#7936),#8006);
#7936 = B_SPLINE_CURVE_WITH_KNOTS('',3,(#7937,#7938,#7939,#7940,#7941,
    #7942,#7943,#7944,#7945,#7946,#7947,#7948,#7949,#7950,#7951,#7952,
    #7953,#7954,#7955,#7956,#7957,#7958,#7959,#7960,#7961,#7962,#7963,
    #7964,#7965,#7966,#7967,#7968,#7969,#7970,#7971,#7972,#7973,#7974,
    #7975,#7976,#7977,#7978,#7979,#7980,#7981,#7982,#7983,#7984,#7985,
    #7986,#7987,#7988,#7989,#7990,#7991,#7992,#7993,#7994,#7995,#7996,
    #7997,#7998,#7999,#8000,#8001,#8002,#8003,#8004,#8005),
  .UNSPECIFIED.,.F.,.F.,(4,1,1,1,1,1,1,1,1,1,1,1,1,1,1,1,1,1,1,1,1,1,1,1
    ,1,1,1,1,1,1,1,1,1,1,1,1,1,1,1,1,1,1,1,1,1,1,1,1,1,1,1,1,1,1,1,1,1,1
    ,1,1,1,1,1,1,1,1,4),(0.,1.515151515152E-02,3.030303030303E-02,
    4.545454545455E-02,6.060606060606E-02,7.575757575758E-02,
    9.090909090909E-02,0.106060606061,0.121212121212,0.136363636364,
    0.151515151515,0.166666666667,0.181818181818,0.19696969697,
    0.212121212121,0.227272727273,0.242424242424,0.257575757576,
    0.272727272727,0.287878787879,0.30303030303,0.318181818182,
    0.333333333333,0.348484848485,0.363636363636,0.378787878788,
    0.393939393939,0.409090909091,0.424242424242,0.439393939394,
    0.454545454545,0.469696969697,0.484848484848,0.5,0.515151515152,
    0.530303030303,0.545454545455,0.560606060606,0.575757575758,
    0.590909090909,0.606060606061,0.621212121212,0.636363636364,
    0.651515151515,0.666666666667,0.681818181818,0.69696969697,
    0.712121212121,0.727272727273,0.742424242424,0.757575757576,
    0.772727272727,0.787878787879,0.80303030303,0.818181818182,
    0.833333333333,0.848484848485,0.863636363636,0.878787878788,
    0.893939393939,0.909090909091,0.924242424242,0.939393939394,
    0.954545454545,0.969696969697,0.984848484848,1.),
  .QUASI_UNIFORM_KNOTS.);
#7937 = CARTESIAN_POINT('',(2.08685985309,-7.602777561409E-13));
#7938 = CARTESIAN_POINT('',(2.081936752174,-7.102968344222E-03));
#7939 = CARTESIAN_POINT('',(2.071995253054,-2.115774822049E-02));
#7940 = CARTESIAN_POINT('',(2.056795579274,-4.177410986164E-02));
#7941 = CARTESIAN_POINT('',(2.041306772936,-6.19123911885E-02));
#7942 = CARTESIAN_POINT('',(2.025527736336,-8.156009045927E-02));
#7943 = CARTESIAN_POINT('',(2.009457821524,-0.100704582069));
#7944 = CARTESIAN_POINT('',(1.993096924079,-0.119333118129));
#7945 = CARTESIAN_POINT('',(1.976445509302,-0.137432861347));
#7946 = CARTESIAN_POINT('',(1.959504656436,-0.154990912983));
#7947 = CARTESIAN_POINT('',(1.942276097459,-0.171994345652));
#7948 = CARTESIAN_POINT('',(1.924762256093,-0.188430238351));
#7949 = CARTESIAN_POINT('',(1.906966284882,-0.204285714448));
#7950 = CARTESIAN_POINT('',(1.888892100149,-0.219547982116));
#7951 = CARTESIAN_POINT('',(1.870544414217,-0.234204378123));
#7952 = CARTESIAN_POINT('',(1.851928763882,-0.248242411195));
#7953 = CARTESIAN_POINT('',(1.833051535953,-0.26164981819));
#7954 = CARTESIAN_POINT('',(1.813919983653,-0.2744145827));
#7955 = CARTESIAN_POINT('',(1.794542253869,-0.286525102796));
#7956 = CARTESIAN_POINT('',(1.774927311064,-0.297969510176));
#7957 = CARTESIAN_POINT('',(1.755085064549,-0.308736618179));
#7958 = CARTESIAN_POINT('',(1.735026323594,-0.318815709605));
#7959 = CARTESIAN_POINT('',(1.714762787617,-0.328196604932));
#7960 = CARTESIAN_POINT('',(1.694307027134,-0.336869712159));
#7961 = CARTESIAN_POINT('',(1.673672446757,-0.344826085644));
#7962 = CARTESIAN_POINT('',(1.652873278835,-0.352057460386));
#7963 = CARTESIAN_POINT('',(1.631924421185,-0.358556364916));
#7964 = CARTESIAN_POINT('',(1.610841815644,-0.364315902649));
#7965 = CARTESIAN_POINT('',(1.58964075207,-0.369329922159));
#7966 = CARTESIAN_POINT('',(1.568341956915,-0.373593264721));
#7967 = CARTESIAN_POINT('',(1.546948541419,-0.377101406463));
#7968 = CARTESIAN_POINT('',(1.525531653563,-0.37985171591));
#7969 = CARTESIAN_POINT('',(1.50391043143,-0.381838661877));
#7970 = CARTESIAN_POINT('',(1.482846029354,-0.38307176884));
#7971 = CARTESIAN_POINT('',(1.45958501224,-0.383509016449));
#7972 = CARTESIAN_POINT('',(1.444491196214,-0.383305129808));
#7973 = CARTESIAN_POINT('',(1.426834161834,-0.382668243316));
#7974 = CARTESIAN_POINT('',(1.40950159441,-0.381509453905));
#7975 = CARTESIAN_POINT('',(1.391733505356,-0.379819471775));
#7976 = CARTESIAN_POINT('',(1.373748584883,-0.377567795141));
#7977 = CARTESIAN_POINT('',(1.355504564288,-0.374729828259));
#7978 = CARTESIAN_POINT('',(1.33703035341,-0.371279720348));
#7979 = CARTESIAN_POINT('',(1.318337009445,-0.367192391856));
#7980 = CARTESIAN_POINT('',(1.299441544441,-0.362443100297));
#7981 = CARTESIAN_POINT('',(1.280360484534,-0.35700766558));
#7982 = CARTESIAN_POINT('',(1.261111521073,-0.350862517727));
#7983 = CARTESIAN_POINT('',(1.241712980814,-0.343984790018));
#7984 = CARTESIAN_POINT('',(1.222183868406,-0.336352396884));
#7985 = CARTESIAN_POINT('',(1.202543744493,-0.327944110473));
#7986 = CARTESIAN_POINT('',(1.182812637527,-0.318739635185));
#7987 = CARTESIAN_POINT('',(1.163010939437,-0.308719663516));
#7988 = CARTESIAN_POINT('',(1.14315929344,-0.297865975366));
#7989 = CARTESIAN_POINT('',(1.123278446982,-0.286161529091));
#7990 = CARTESIAN_POINT('',(1.103389391993,-0.273589599352));
#7991 = CARTESIAN_POINT('',(1.083513024124,-0.260134810821));
#7992 = CARTESIAN_POINT('',(1.063670064389,-0.245782995813));
#7993 = CARTESIAN_POINT('',(1.043880935661,-0.230521262188));
#7994 = CARTESIAN_POINT('',(1.024165655938,-0.214337993482));
#7995 = CARTESIAN_POINT('',(1.004543733676,-0.1972228558));
#7996 = CARTESIAN_POINT('',(0.985034070827,-0.179166791715));
#7997 = CARTESIAN_POINT('',(0.965654873658,-0.160162006801));
#7998 = CARTESIAN_POINT('',(0.946423572332,-0.140201948054));
#7999 = CARTESIAN_POINT('',(0.927356751019,-0.119281274192));
#8000 = CARTESIAN_POINT('',(0.908470084989,-9.739582202005E-02));
#8001 = CARTESIAN_POINT('',(0.889778300337,-7.454255594195E-02));
#8002 = CARTESIAN_POINT('',(0.871295099158,-5.071955240241E-02));
#8003 = CARTESIAN_POINT('',(0.853033263933,-2.592582966365E-02));
#8004 = CARTESIAN_POINT('',(0.841013849756,-8.749766069914E-03));
#8005 = CARTESIAN_POINT('',(0.83504488797,-3.955281938315E-12));
#8006 = ( GEOMETRIC_REPRESENTATION_CONTEXT(2) 
PARAMETRIC_REPRESENTATION_CONTEXT() REPRESENTATION_CONTEXT('2D SPACE',''
  ) );
#8007 = PCURVE('',#45,#8008);
#8008 = DEFINITIONAL_REPRESENTATION('',(#8009),#8079);
#8009 = B_SPLINE_CURVE_WITH_KNOTS('',3,(#8010,#8011,#8012,#8013,#8014,
    #8015,#8016,#8017,#8018,#8019,#8020,#8021,#8022,#8023,#8024,#8025,
    #8026,#8027,#8028,#8029,#8030,#8031,#8032,#8033,#8034,#8035,#8036,
    #8037,#8038,#8039,#8040,#8041,#8042,#8043,#8044,#8045,#8046,#8047,
    #8048,#8049,#8050,#8051,#8052,#8053,#8054,#8055,#8056,#8057,#8058,
    #8059,#8060,#8061,#8062,#8063,#8064,#8065,#8066,#8067,#8068,#8069,
    #8070,#8071,#8072,#8073,#8074,#8075,#8076,#8077,#8078),
  .UNSPECIFIED.,.F.,.F.,(4,1,1,1,1,1,1,1,1,1,1,1,1,1,1,1,1,1,1,1,1,1,1,1
    ,1,1,1,1,1,1,1,1,1,1,1,1,1,1,1,1,1,1,1,1,1,1,1,1,1,1,1,1,1,1,1,1,1,1
    ,1,1,1,1,1,1,1,1,4),(0.,1.515151515152E-02,3.030303030303E-02,
    4.545454545455E-02,6.060606060606E-02,7.575757575758E-02,
    9.090909090909E-02,0.106060606061,0.121212121212,0.136363636364,
    0.151515151515,0.166666666667,0.181818181818,0.19696969697,
    0.212121212121,0.227272727273,0.242424242424,0.257575757576,
    0.272727272727,0.287878787879,0.30303030303,0.318181818182,
    0.333333333333,0.348484848485,0.363636363636,0.378787878788,
    0.393939393939,0.409090909091,0.424242424242,0.439393939394,
    0.454545454545,0.469696969697,0.484848484848,0.5,0.515151515152,
    0.530303030303,0.545454545455,0.560606060606,0.575757575758,
    0.590909090909,0.606060606061,0.621212121212,0.636363636364,
    0.651515151515,0.666666666667,0.681818181818,0.69696969697,
    0.712121212121,0.727272727273,0.742424242424,0.757575757576,
    0.772727272727,0.787878787879,0.80303030303,0.818181818182,
    0.833333333333,0.848484848485,0.863636363636,0.878787878788,
    0.893939393939,0.909090909091,0.924242424242,0.939393939394,
    0.954545454545,0.969696969697,0.984848484848,1.),.UNSPECIFIED.);
#8010 = CARTESIAN_POINT('',(4.045897186132,4.536686317999));
#8011 = CARTESIAN_POINT('',(4.046514682066,4.638672766292));
#8012 = CARTESIAN_POINT('',(4.047711685878,4.842587378839));
#8013 = CARTESIAN_POINT('',(4.049393246957,5.148284329147));
#8014 = CARTESIAN_POINT('',(4.050960884076,5.453806188722));
#8015 = CARTESIAN_POINT('',(4.052414613885,5.759152855757));
#8016 = CARTESIAN_POINT('',(4.053754450302,6.064324242631));
#8017 = CARTESIAN_POINT('',(4.054980404105,6.369320278378));
#8018 = CARTESIAN_POINT('',(4.056092483008,6.67414090883));
#8019 = CARTESIAN_POINT('',(4.057090691653,6.978786097381));
#8020 = CARTESIAN_POINT('',(4.05797503165,7.283255825594));
#8021 = CARTESIAN_POINT('',(4.058745501646,7.587550093841));
#8022 = CARTESIAN_POINT('',(4.059402097419,7.891668921975));
#8023 = CARTESIAN_POINT('',(4.059944812016,8.195612349838));
#8024 = CARTESIAN_POINT('',(4.060373635851,8.499380438427));
#8025 = CARTESIAN_POINT('',(4.060688557137,8.802973268577));
#8026 = CARTESIAN_POINT('',(4.060889561167,9.106390948951));
#8027 = CARTESIAN_POINT('',(4.060976634079,9.409633589275));
#8028 = CARTESIAN_POINT('',(4.060949750014,9.712701403304));
#8029 = CARTESIAN_POINT('',(4.060808958414,10.015594063746));
#8030 = CARTESIAN_POINT('',(4.060554263944,10.318311496077));
#8031 = CARTESIAN_POINT('',(4.060185672121,10.620853640051));
#8032 = CARTESIAN_POINT('',(4.059703185226,10.92322047068));
#8033 = CARTESIAN_POINT('',(4.059106803668,11.225411962924));
#8034 = CARTESIAN_POINT('',(4.058396524673,11.527428215756));
#8035 = CARTESIAN_POINT('',(4.057572346484,11.829268995039));
#8036 = CARTESIAN_POINT('',(4.056634253504,12.130935441789));
#8037 = CARTESIAN_POINT('',(4.055582274155,12.432423676243));
#8038 = CARTESIAN_POINT('',(4.054416322233,12.733747922624));
#8039 = CARTESIAN_POINT('',(4.053136745185,13.03485480875));
#8040 = CARTESIAN_POINT('',(4.051742244939,13.33594354033));
#8041 = CARTESIAN_POINT('',(4.050237654014,13.636270791813));
#8042 = CARTESIAN_POINT('',(4.048604934922,13.938610717067));
#8043 = CARTESIAN_POINT('',(4.04691141435,14.232609934701));
#8044 = CARTESIAN_POINT('',(4.044905818621,14.556907856725));
#8045 = CARTESIAN_POINT('',(4.043525918135,14.76730019467));
#8046 = CARTESIAN_POINT('',(4.041842585134,15.013512688791));
#8047 = CARTESIAN_POINT('',(4.040104426983,15.255426153442));
#8048 = CARTESIAN_POINT('',(4.038244532554,15.503790236907));
#8049 = CARTESIAN_POINT('',(4.036280587138,15.755724364657));
#8050 = CARTESIAN_POINT('',(4.034207660838,16.01200021031));
#8051 = CARTESIAN_POINT('',(4.03202693474,16.272410872254));
#8052 = CARTESIAN_POINT('',(4.029738002713,16.537011699774));
#8053 = CARTESIAN_POINT('',(4.027340933144,16.805787815409));
#8054 = CARTESIAN_POINT('',(4.024835715543,17.078743202755));
#8055 = CARTESIAN_POINT('',(4.022222407989,17.355876836147));
#8056 = CARTESIAN_POINT('',(4.019501096618,17.637189077259));
#8057 = CARTESIAN_POINT('',(4.016671906321,17.922679962026));
#8058 = CARTESIAN_POINT('',(4.013734994881,18.212349659261));
#8059 = CARTESIAN_POINT('',(4.010690562368,18.506198352028));
#8060 = CARTESIAN_POINT('',(4.007538816353,18.804226256202));
#8061 = CARTESIAN_POINT('',(4.004280098842,19.10643366737));
#8062 = CARTESIAN_POINT('',(4.000914174326,19.412820897647));
#8063 = CARTESIAN_POINT('',(3.997440818692,19.723387493428));
#8064 = CARTESIAN_POINT('',(3.993859870657,20.038133178861));
#8065 = CARTESIAN_POINT('',(3.990171188786,20.357057688163));
#8066 = CARTESIAN_POINT('',(3.986374662114,20.680160811583));
#8067 = CARTESIAN_POINT('',(3.982470206505,21.007442384116));
#8068 = CARTESIAN_POINT('',(3.978457764925,21.338902289543));
#8069 = CARTESIAN_POINT('',(3.974337306768,21.674540460354));
#8070 = CARTESIAN_POINT('',(3.970108827532,22.014356878761));
#8071 = CARTESIAN_POINT('',(3.965772348498,22.358351577415));
#8072 = CARTESIAN_POINT('',(3.961327916497,22.706524640151));
#8073 = CARTESIAN_POINT('',(3.956775603809,23.058876202866));
#8074 = CARTESIAN_POINT('',(3.952115507858,23.415406453754));
#8075 = CARTESIAN_POINT('',(3.947347752074,23.776115635916));
#8076 = CARTESIAN_POINT('',(3.942472482708,24.14100404105));
#8077 = CARTESIAN_POINT('',(3.939150748312,24.387049371242));
#8078 = CARTESIAN_POINT('',(3.937472020964,24.5107686923));
#8079 = ( GEOMETRIC_REPRESENTATION_CONTEXT(2) 
PARAMETRIC_REPRESENTATION_CONTEXT() REPRESENTATION_CONTEXT('2D SPACE',''
  ) );
#8080 = ORIENTED_EDGE('',*,*,#8081,.F.);
#8081 = EDGE_CURVE('',#364,#7909,#8082,.T.);
#8082 = SURFACE_CURVE('',#8083,(#8088,#8095),.PCURVE_S1.);
#8083 = CIRCLE('',#8084,17.150956750156);
#8084 = AXIS2_PLACEMENT_3D('',#8085,#8086,#8087);
#8085 = CARTESIAN_POINT('',(-4.603954861463,-248.3322384342,-385.55));
#8086 = DIRECTION('',(-0.945171758509,-0.326573647002,
    -5.728679558641E-16));
#8087 = DIRECTION('',(2.916981082385E-16,9.0994219734E-16,-1.));
#8088 = PCURVE('',#475,#8089);
#8089 = DEFINITIONAL_REPRESENTATION('',(#8090),#8094);
#8090 = LINE('',#8091,#8092);
#8091 = CARTESIAN_POINT('',(-8.881784197001E-16,1.064949975729E-14));
#8092 = VECTOR('',#8093,1.);
#8093 = DIRECTION('',(1.,-1.275320633742E-14));
#8094 = ( GEOMETRIC_REPRESENTATION_CONTEXT(2) 
PARAMETRIC_REPRESENTATION_CONTEXT() REPRESENTATION_CONTEXT('2D SPACE',''
  ) );
#8095 = PCURVE('',#402,#8096);
#8096 = DEFINITIONAL_REPRESENTATION('',(#8097),#8101);
#8097 = LINE('',#8098,#8099);
#8098 = CARTESIAN_POINT('',(-1.270095140171E-13,-5.509688981015));
#8099 = VECTOR('',#8100,1.);
#8100 = DIRECTION('',(1.,0.));
#8101 = ( GEOMETRIC_REPRESENTATION_CONTEXT(2) 
PARAMETRIC_REPRESENTATION_CONTEXT() REPRESENTATION_CONTEXT('2D SPACE',''
  ) );
#8102 = ADVANCED_FACE('',(#8103),#402,.F.);
#8103 = FACE_BOUND('',#8104,.F.);
#8104 = EDGE_LOOP('',(#8105,#8106,#8107,#8177));
#8105 = ORIENTED_EDGE('',*,*,#363,.T.);
#8106 = ORIENTED_EDGE('',*,*,#8081,.T.);
#8107 = ORIENTED_EDGE('',*,*,#8108,.T.);
#8108 = EDGE_CURVE('',#7909,#8109,#8111,.T.);
#8109 = VERTEX_POINT('',#8110);
#8110 = CARTESIAN_POINT('',(-4.297143216444,-261.6782407963,
    -397.0607686922));
#8111 = SURFACE_CURVE('',#8112,(#8119,#8148),.PCURVE_S1.);
#8112 = B_SPLINE_CURVE_WITH_KNOTS('',3,(#8113,#8114,#8115,#8116,#8117,
    #8118),.UNSPECIFIED.,.F.,.F.,(4,2,4),(0.,0.5,1.),.UNSPECIFIED.);
#8113 = CARTESIAN_POINT('',(-0.451746923997,-260.349588009,
    -397.0607686922));
#8114 = CARTESIAN_POINT('',(-1.125213818743,-260.3667259693,
    -397.285812023));
#8115 = CARTESIAN_POINT('',(-1.80999728184,-260.486849883,-397.398339153
    ));
#8116 = CARTESIAN_POINT('',(-3.140973369813,-260.9464127432,
    -397.3983612038));
#8117 = CARTESIAN_POINT('',(-3.756694517612,-261.2759282459,
    -397.2858340418));
#8118 = CARTESIAN_POINT('',(-4.297143216444,-261.6782407963,
    -397.0607686922));
#8119 = PCURVE('',#402,#8120);
#8120 = DEFINITIONAL_REPRESENTATION('',(#8121),#8147);
#8121 = B_SPLINE_CURVE_WITH_KNOTS('',3,(#8122,#8123,#8124,#8125,#8126,
    #8127,#8128,#8129,#8130,#8131,#8132,#8133,#8134,#8135,#8136,#8137,
    #8138,#8139,#8140,#8141,#8142,#8143,#8144,#8145,#8146),
  .UNSPECIFIED.,.F.,.F.,(4,1,1,1,1,1,1,1,1,1,1,1,1,1,1,1,1,1,1,1,1,1,4),
  (0.,4.545454545455E-02,9.090909090909E-02,0.136363636364,
    0.181818181818,0.227272727273,0.272727272727,0.318181818182,
    0.363636363636,0.409090909091,0.454545454545,0.5,0.545454545455,
    0.590909090909,0.636363636364,0.681818181818,0.727272727273,
    0.772727272727,0.818181818182,0.863636363636,0.909090909091,
    0.954545454545,1.),.UNSPECIFIED.);
#8122 = CARTESIAN_POINT('',(0.835044887969,-5.509688981019));
#8123 = CARTESIAN_POINT('',(0.833435815894,-5.451312735982));
#8124 = CARTESIAN_POINT('',(0.830358627099,-5.333827541519));
#8125 = CARTESIAN_POINT('',(0.826168551042,-5.155522246888));
#8126 = CARTESIAN_POINT('',(0.822407021005,-4.975260049806));
#8127 = CARTESIAN_POINT('',(0.819076883517,-4.793161584872));
#8128 = CARTESIAN_POINT('',(0.816180999318,-4.609347359982));
#8129 = CARTESIAN_POINT('',(0.81372224873,-4.423938355726));
#8130 = CARTESIAN_POINT('',(0.811703532666,-4.237053788623));
#8131 = CARTESIAN_POINT('',(0.810127779287,-4.048819458779));
#8132 = CARTESIAN_POINT('',(0.808997918729,-3.859336596026));
#8133 = CARTESIAN_POINT('',(0.80831696555,-3.668798127704));
#8134 = CARTESIAN_POINT('',(0.808087687169,-3.477054761395));
#8135 = CARTESIAN_POINT('',(0.808313804831,-3.285234386205));
#8136 = CARTESIAN_POINT('',(0.808992956784,-3.094492611245));
#8137 = CARTESIAN_POINT('',(0.810121821815,-2.904707864102));
#8138 = CARTESIAN_POINT('',(0.811697341869,-2.716100792122));
#8139 = CARTESIAN_POINT('',(0.813716405158,-2.528800345144));
#8140 = CARTESIAN_POINT('',(0.816175938372,-2.342960043279));
#8141 = CARTESIAN_POINT('',(0.81907288606,-2.158726823052));
#8142 = CARTESIAN_POINT('',(0.822404217109,-1.97624938506));
#8143 = CARTESIAN_POINT('',(0.826166921221,-1.795675957203));
#8144 = CARTESIAN_POINT('',(0.83035800464,-1.617154894088));
#8145 = CARTESIAN_POINT('',(0.833435658775,-1.499607975499));
#8146 = CARTESIAN_POINT('',(0.83504488797,-1.441226018783));
#8147 = ( GEOMETRIC_REPRESENTATION_CONTEXT(2) 
PARAMETRIC_REPRESENTATION_CONTEXT() REPRESENTATION_CONTEXT('2D SPACE',''
  ) );
#8148 = PCURVE('',#45,#8149);
#8149 = DEFINITIONAL_REPRESENTATION('',(#8150),#8176);
#8150 = B_SPLINE_CURVE_WITH_KNOTS('',3,(#8151,#8152,#8153,#8154,#8155,
    #8156,#8157,#8158,#8159,#8160,#8161,#8162,#8163,#8164,#8165,#8166,
    #8167,#8168,#8169,#8170,#8171,#8172,#8173,#8174,#8175),
  .UNSPECIFIED.,.F.,.F.,(4,1,1,1,1,1,1,1,1,1,1,1,1,1,1,1,1,1,1,1,1,1,4),
  (0.,4.545454545455E-02,9.090909090909E-02,0.136363636364,
    0.181818181818,0.227272727273,0.272727272727,0.318181818182,
    0.363636363636,0.409090909091,0.454545454545,0.5,0.545454545455,
    0.590909090909,0.636363636364,0.681818181818,0.727272727273,
    0.772727272727,0.818181818182,0.863636363636,0.909090909091,
    0.954545454545,1.),.UNSPECIFIED.);
#8151 = CARTESIAN_POINT('',(3.937472020964,24.5107686923));
#8152 = CARTESIAN_POINT('',(3.929380381164,24.53122715204));
#8153 = CARTESIAN_POINT('',(3.913172639037,24.570283617449));
#8154 = CARTESIAN_POINT('',(3.888785332395,24.623287870404));
#8155 = CARTESIAN_POINT('',(3.864320119422,24.670712708656));
#8156 = CARTESIAN_POINT('',(3.839774461759,24.712558765725));
#8157 = CARTESIAN_POINT('',(3.815145534806,24.748826438297));
#8158 = CARTESIAN_POINT('',(3.790430238023,24.779515867879));
#8159 = CARTESIAN_POINT('',(3.765624867768,24.804626979826));
#8160 = CARTESIAN_POINT('',(3.740726173789,24.824159485563));
#8161 = CARTESIAN_POINT('',(3.715727223961,24.838112989064));
#8162 = CARTESIAN_POINT('',(3.690632658251,24.846486727683));
#8163 = CARTESIAN_POINT('',(3.665401583911,24.849280686165));
#8164 = CARTESIAN_POINT('',(3.640160523467,24.846491598655));
#8165 = CARTESIAN_POINT('',(3.61503942076,24.838119149289));
#8166 = CARTESIAN_POINT('',(3.590000902899,24.82416584708));
#8167 = CARTESIAN_POINT('',(3.565053206164,24.804632952891));
#8168 = CARTESIAN_POINT('',(3.540193050532,24.779521528071));
#8169 = CARTESIAN_POINT('',(3.515420873071,24.748832115323));
#8170 = CARTESIAN_POINT('',(3.490736672296,24.71256478854));
#8171 = CARTESIAN_POINT('',(3.466141045514,24.670719113938));
#8172 = CARTESIAN_POINT('',(3.441634839724,24.62329411637));
#8173 = CARTESIAN_POINT('',(3.417219152553,24.570288332735));
#8174 = CARTESIAN_POINT('',(3.401003262625,24.531229131426));
#8175 = CARTESIAN_POINT('',(3.392910837412,24.5107686923));
#8176 = ( GEOMETRIC_REPRESENTATION_CONTEXT(2) 
PARAMETRIC_REPRESENTATION_CONTEXT() REPRESENTATION_CONTEXT('2D SPACE',''
  ) );
#8177 = ORIENTED_EDGE('',*,*,#8178,.F.);
#8178 = EDGE_CURVE('',#291,#8109,#8179,.T.);
#8179 = SURFACE_CURVE('',#8180,(#8185,#8192),.PCURVE_S1.);
#8180 = CIRCLE('',#8181,17.150956750156);
#8181 = AXIS2_PLACEMENT_3D('',#8182,#8183,#8184);
#8182 = CARTESIAN_POINT('',(-8.44935115391,-249.6608912215,-385.55));
#8183 = DIRECTION('',(-0.945171758509,-0.326573647002,
    -5.728679558641E-16));
#8184 = DIRECTION('',(2.916981082385E-16,9.0994219734E-16,-1.));
#8185 = PCURVE('',#402,#8186);
#8186 = DEFINITIONAL_REPRESENTATION('',(#8187),#8191);
#8187 = LINE('',#8188,#8189);
#8188 = CARTESIAN_POINT('',(-5.961897642237E-14,-1.441226018779));
#8189 = VECTOR('',#8190,1.);
#8190 = DIRECTION('',(1.,0.));
#8191 = ( GEOMETRIC_REPRESENTATION_CONTEXT(2) 
PARAMETRIC_REPRESENTATION_CONTEXT() REPRESENTATION_CONTEXT('2D SPACE',''
  ) );
#8192 = PCURVE('',#329,#8193);
#8193 = DEFINITIONAL_REPRESENTATION('',(#8194),#8198);
#8194 = LINE('',#8195,#8196);
#8195 = CARTESIAN_POINT('',(3.14159265359,1.441226018782));
#8196 = VECTOR('',#8197,1.);
#8197 = DIRECTION('',(-1.,-1.244745004446E-13));
#8198 = ( GEOMETRIC_REPRESENTATION_CONTEXT(2) 
PARAMETRIC_REPRESENTATION_CONTEXT() REPRESENTATION_CONTEXT('2D SPACE',''
  ) );
#8199 = ADVANCED_FACE('',(#8200),#329,.F.);
#8200 = FACE_BOUND('',#8201,.F.);
#8201 = EDGE_LOOP('',(#8202,#8203,#8204,#8329,#8330,#8331,#8332,#8333));
#8202 = ORIENTED_EDGE('',*,*,#290,.T.);
#8203 = ORIENTED_EDGE('',*,*,#8178,.T.);
#8204 = ORIENTED_EDGE('',*,*,#8205,.T.);
#8205 = EDGE_CURVE('',#8109,#5227,#8206,.T.);
#8206 = SURFACE_CURVE('',#8207,(#8227,#8278),.PCURVE_S1.);
#8207 = B_SPLINE_CURVE_WITH_KNOTS('',3,(#8208,#8209,#8210,#8211,#8212,
    #8213,#8214,#8215,#8216,#8217,#8218,#8219,#8220,#8221,#8222,#8223,
    #8224,#8225,#8226),.UNSPECIFIED.,.F.,.F.,(4,2,2,2,1,1,1,1,1,2,2,4),(
    0.,0.25,0.375,0.4375,0.46875,0.484375,0.4921875,0.49609375,
    0.498046875,0.4990234375,0.5,1.),.UNSPECIFIED.);
#8208 = CARTESIAN_POINT('',(-4.297143216444,-261.6782407963,
    -397.0607686922));
#8209 = CARTESIAN_POINT('',(-4.348019560509,-261.9730379814,
    -395.0195409603));
#8210 = CARTESIAN_POINT('',(-4.360687182336,-262.2272228169,
    -393.1682136399));
#8211 = CARTESIAN_POINT('',(-4.344818230616,-262.5480799135,
    -390.6760732768));
#8212 = CARTESIAN_POINT('',(-4.333630446037,-262.6450183688,
    -389.8928349253));
#8213 = CARTESIAN_POINT('',(-4.310050663273,-262.7758199908,
    -388.7891900524));
#8214 = CARTESIAN_POINT('',(-4.301052593079,-262.8169878286,
    -388.4331772038));
#8215 = CARTESIAN_POINT('',(-4.28605932495,-262.8751536009,
    -387.9169610945));
#8216 = CARTESIAN_POINT('',(-4.278188189042,-262.9033400794,
    -387.6633038308));
#8217 = CARTESIAN_POINT('',(-4.26839117634,-262.934670158,
    -387.3751592405));
#8218 = CARTESIAN_POINT('',(-4.263343981129,-262.9499485251,
    -387.2330341663));
#8219 = CARTESIAN_POINT('',(-4.26078380379,-262.9574912742,
    -387.1624584345));
#8220 = CARTESIAN_POINT('',(-4.25949464306,-262.9612385695,
    -387.1272922699));
#8221 = CARTESIAN_POINT('',(-4.258940209335,-262.9628393965,
    -387.1122471354));
#8222 = CARTESIAN_POINT('',(-4.258570157428,-262.9639054689,
    -387.102222841));
#8223 = CARTESIAN_POINT('',(-4.258438553522,-262.9642841004,
    -387.0986615145));
#8224 = CARTESIAN_POINT('',(-4.135784505313,-263.3160598785,
    -383.7876184681));
#8225 = CARTESIAN_POINT('',(-3.892513583186,-263.5671172675,
    -380.4524448276));
#8226 = CARTESIAN_POINT('',(-3.577734390041,-263.7603589089,
    -377.0866863179));
#8227 = PCURVE('',#329,#8228);
#8228 = DEFINITIONAL_REPRESENTATION('',(#8229),#8277);
#8229 = B_SPLINE_CURVE_WITH_KNOTS('',3,(#8230,#8231,#8232,#8233,#8234,
    #8235,#8236,#8237,#8238,#8239,#8240,#8241,#8242,#8243,#8244,#8245,
    #8246,#8247,#8248,#8249,#8250,#8251,#8252,#8253,#8254,#8255,#8256,
    #8257,#8258,#8259,#8260,#8261,#8262,#8263,#8264,#8265,#8266,#8267,
    #8268,#8269,#8270,#8271,#8272,#8273,#8274,#8275,#8276),
  .UNSPECIFIED.,.F.,.F.,(4,1,1,1,1,1,1,1,1,1,1,1,1,1,1,1,1,1,1,1,1,1,1,1
    ,1,1,1,1,1,1,1,1,1,1,1,1,1,1,1,1,1,1,1,1,4),(0.,2.272727272727E-02,
    4.545454545455E-02,6.818181818182E-02,9.090909090909E-02,
    0.113636363636,0.136363636364,0.159090909091,0.181818181818,
    0.204545454545,0.227272727273,0.25,0.272727272727,0.295454545455,
    0.318181818182,0.340909090909,0.363636363636,0.386363636364,
    0.409090909091,0.431818181818,0.454545454545,0.477272727273,0.5,
    0.522727272727,0.545454545455,0.568181818182,0.590909090909,
    0.613636363636,0.636363636364,0.659090909091,0.681818181818,
    0.704545454545,0.727272727273,0.75,0.772727272727,0.795454545455,
    0.818181818182,0.840909090909,0.863636363636,0.886363636364,
    0.909090909091,0.931818181818,0.954545454545,0.977272727273,1.),
  .QUASI_UNIFORM_KNOTS.);
#8230 = CARTESIAN_POINT('',(2.30654776562,1.441226018778));
#8231 = CARTESIAN_POINT('',(2.297595250536,1.428101984906));
#8232 = CARTESIAN_POINT('',(2.279506214259,1.402582868612));
#8233 = CARTESIAN_POINT('',(2.25186319438,1.366488124227));
#8234 = CARTESIAN_POINT('',(2.223751218712,1.332576409027));
#8235 = CARTESIAN_POINT('',(2.195217948074,1.300839740161));
#8236 = CARTESIAN_POINT('',(2.166315458929,1.271264994205));
#8237 = CARTESIAN_POINT('',(2.1371005524,1.243832956917));
#8238 = CARTESIAN_POINT('',(2.107634096317,1.218518228953));
#8239 = CARTESIAN_POINT('',(2.077980478427,1.195289014223));
#8240 = CARTESIAN_POINT('',(2.048206908492,1.174107007302));
#8241 = CARTESIAN_POINT('',(2.018382611991,1.154927546014));
#8242 = CARTESIAN_POINT('',(1.988578110124,1.13769919057));
#8243 = CARTESIAN_POINT('',(1.958863895294,1.122365940277));
#8244 = CARTESIAN_POINT('',(1.929309602563,1.108867832757));
#8245 = CARTESIAN_POINT('',(1.899984058914,1.097137966722));
#8246 = CARTESIAN_POINT('',(1.870953308833,1.087104982399));
#8247 = CARTESIAN_POINT('',(1.842282595475,1.078693035498));
#8248 = CARTESIAN_POINT('',(1.814025948166,1.071822648));
#8249 = CARTESIAN_POINT('',(1.7862618682,1.066411224665));
#8250 = CARTESIAN_POINT('',(1.758957378047,1.062376861335));
#8251 = CARTESIAN_POINT('',(1.732473967717,1.059623902137));
#8252 = CARTESIAN_POINT('',(1.705677905372,1.058100220038));
#8253 = CARTESIAN_POINT('',(1.682991730906,1.057587585075));
#8254 = CARTESIAN_POINT('',(1.648077513042,1.058486028584));
#8255 = CARTESIAN_POINT('',(1.6164800563,1.061180728924));
#8256 = CARTESIAN_POINT('',(1.584113085042,1.06556579305));
#8257 = CARTESIAN_POINT('',(1.552149209209,1.071660638037));
#8258 = CARTESIAN_POINT('',(1.520349782864,1.079444985309));
#8259 = CARTESIAN_POINT('',(1.488851329873,1.088903313163));
#8260 = CARTESIAN_POINT('',(1.457686123165,1.100013263156));
#8261 = CARTESIAN_POINT('',(1.426909997295,1.112749131603));
#8262 = CARTESIAN_POINT('',(1.396567567609,1.127081374521));
#8263 = CARTESIAN_POINT('',(1.366701137821,1.142977223135));
#8264 = CARTESIAN_POINT('',(1.337348025122,1.160401030694));
#8265 = CARTESIAN_POINT('',(1.308541109921,1.17931470694));
#8266 = CARTESIAN_POINT('',(1.280308635853,1.199678132276));
#8267 = CARTESIAN_POINT('',(1.252674314762,1.22144956935));
#8268 = CARTESIAN_POINT('',(1.225657441612,1.2445860575));
#8269 = CARTESIAN_POINT('',(1.199273083698,1.269043786137));
#8270 = CARTESIAN_POINT('',(1.173532314374,1.29477844099));
#8271 = CARTESIAN_POINT('',(1.148442476385,1.321745523479));
#8272 = CARTESIAN_POINT('',(1.124007495563,1.349900628221));
#8273 = CARTESIAN_POINT('',(1.100228111903,1.379199726036));
#8274 = CARTESIAN_POINT('',(1.077102480085,1.409599272214));
#8275 = CARTESIAN_POINT('',(1.062117768053,1.43057096655));
#8276 = CARTESIAN_POINT('',(1.0547328005,1.441226018781));
#8277 = ( GEOMETRIC_REPRESENTATION_CONTEXT(2) 
PARAMETRIC_REPRESENTATION_CONTEXT() REPRESENTATION_CONTEXT('2D SPACE',''
  ) );
#8278 = PCURVE('',#45,#8279);
#8279 = DEFINITIONAL_REPRESENTATION('',(#8280),#8328);
#8280 = B_SPLINE_CURVE_WITH_KNOTS('',3,(#8281,#8282,#8283,#8284,#8285,
    #8286,#8287,#8288,#8289,#8290,#8291,#8292,#8293,#8294,#8295,#8296,
    #8297,#8298,#8299,#8300,#8301,#8302,#8303,#8304,#8305,#8306,#8307,
    #8308,#8309,#8310,#8311,#8312,#8313,#8314,#8315,#8316,#8317,#8318,
    #8319,#8320,#8321,#8322,#8323,#8324,#8325,#8326,#8327),
  .UNSPECIFIED.,.F.,.F.,(4,1,1,1,1,1,1,1,1,1,1,1,1,1,1,1,1,1,1,1,1,1,1,1
    ,1,1,1,1,1,1,1,1,1,1,1,1,1,1,1,1,1,1,1,1,4),(0.,2.272727272727E-02,
    4.545454545455E-02,6.818181818182E-02,9.090909090909E-02,
    0.113636363636,0.136363636364,0.159090909091,0.181818181818,
    0.204545454545,0.227272727273,0.25,0.272727272727,0.295454545455,
    0.318181818182,0.340909090909,0.363636363636,0.386363636364,
    0.409090909091,0.431818181818,0.454545454545,0.477272727273,0.5,
    0.522727272727,0.545454545455,0.568181818182,0.590909090909,
    0.613636363636,0.636363636364,0.659090909091,0.681818181818,
    0.704545454545,0.727272727273,0.75,0.772727272727,0.795454545455,
    0.818181818182,0.840909090909,0.863636363636,0.886363636364,
    0.909090909091,0.931818181818,0.954545454545,0.977272727273,1.),
  .UNSPECIFIED.);
#8281 = CARTESIAN_POINT('',(3.392910837412,24.5107686923));
#8282 = CARTESIAN_POINT('',(3.390392912888,24.325202558051));
#8283 = CARTESIAN_POINT('',(3.385437477887,23.957209926819));
#8284 = CARTESIAN_POINT('',(3.378246078302,23.414638872376));
#8285 = CARTESIAN_POINT('',(3.371296993046,22.881484582969));
#8286 = CARTESIAN_POINT('',(3.364590606317,22.357746309139));
#8287 = CARTESIAN_POINT('',(3.358127186731,21.843423542468));
#8288 = CARTESIAN_POINT('',(3.35190687076,21.338516044578));
#8289 = CARTESIAN_POINT('',(3.345929664515,20.843023834525));
#8290 = CARTESIAN_POINT('',(3.340195445248,20.356947175924));
#8291 = CARTESIAN_POINT('',(3.334703940442,19.88028660602));
#8292 = CARTESIAN_POINT('',(3.329454791615,19.41304279654));
#8293 = CARTESIAN_POINT('',(3.324447296406,18.955217044879));
#8294 = CARTESIAN_POINT('',(3.319681347589,18.506809411542));
#8295 = CARTESIAN_POINT('',(3.315157927777,18.067817749707));
#8296 = CARTESIAN_POINT('',(3.310877117995,17.63824378171));
#8297 = CARTESIAN_POINT('',(3.306838963577,17.218081315773));
#8298 = CARTESIAN_POINT('',(3.30304349068,16.807353123231));
#8299 = CARTESIAN_POINT('',(3.299489746098,16.405975187038));
#8300 = CARTESIAN_POINT('',(3.296179941929,16.01426242966));
#8301 = CARTESIAN_POINT('',(3.293106976658,15.631038335305));
#8302 = CARTESIAN_POINT('',(3.29029764733,15.260693481113));
#8303 = CARTESIAN_POINT('',(3.287651454173,14.886842421835));
#8304 = CARTESIAN_POINT('',(3.2855437509,14.570636235821));
#8305 = CARTESIAN_POINT('',(3.282573596737,14.083856072814));
#8306 = CARTESIAN_POINT('',(3.280160067526,13.642305643462));
#8307 = CARTESIAN_POINT('',(3.277922836924,13.188158785896));
#8308 = CARTESIAN_POINT('',(3.275963716282,12.736908454828));
#8309 = CARTESIAN_POINT('',(3.27425532384,12.284402013856));
#8310 = CARTESIAN_POINT('',(3.272804895654,11.831751047548));
#8311 = CARTESIAN_POINT('',(3.271610397285,11.378656791141));
#8312 = CARTESIAN_POINT('',(3.270672287701,10.92519857));
#8313 = CARTESIAN_POINT('',(3.269990370581,10.47135458245));
#8314 = CARTESIAN_POINT('',(3.269564640813,10.017130299393));
#8315 = CARTESIAN_POINT('',(3.269395059859,9.562524053513));
#8316 = CARTESIAN_POINT('',(3.269481617513,9.107536253425));
#8317 = CARTESIAN_POINT('',(3.26982431629,8.652166908581));
#8318 = CARTESIAN_POINT('',(3.270423175942,8.196416286322));
#8319 = CARTESIAN_POINT('',(3.271278231955,7.740284729694));
#8320 = CARTESIAN_POINT('',(3.272389535047,7.283772700177));
#8321 = CARTESIAN_POINT('',(3.273757149787,6.826880760104));
#8322 = CARTESIAN_POINT('',(3.27538115282,6.369609571482));
#8323 = CARTESIAN_POINT('',(3.277261630622,5.911959889606));
#8324 = CARTESIAN_POINT('',(3.279398676632,5.453932561119));
#8325 = CARTESIAN_POINT('',(3.281792388415,4.995528509543));
#8326 = CARTESIAN_POINT('',(3.283559371081,4.689675347491));
#8327 = CARTESIAN_POINT('',(3.284485672244,4.536686317999));
#8328 = ( GEOMETRIC_REPRESENTATION_CONTEXT(2) 
PARAMETRIC_REPRESENTATION_CONTEXT() REPRESENTATION_CONTEXT('2D SPACE',''
  ) );
#8329 = ORIENTED_EDGE('',*,*,#5226,.T.);
#8330 = ORIENTED_EDGE('',*,*,#2327,.T.);
#8331 = ORIENTED_EDGE('',*,*,#6737,.T.);
#8332 = ORIENTED_EDGE('',*,*,#6815,.T.);
#8333 = ORIENTED_EDGE('',*,*,#8334,.T.);
#8334 = EDGE_CURVE('',#6786,#258,#8335,.T.);
#8335 = SURFACE_CURVE('',#8336,(#8341,#8370),.PCURVE_S1.);
#8336 = B_SPLINE_CURVE_WITH_KNOTS('',3,(#8337,#8338,#8339,#8340),
  .UNSPECIFIED.,.F.,.F.,(4,4),(1.5877494092E-02,1.628090825257E-02),
  .PIECEWISE_BEZIER_KNOTS.);
#8337 = CARTESIAN_POINT('',(-5.420799872716,-258.7938125559,
    -398.5499999999));
#8338 = CARTESIAN_POINT('',(-5.473857520254,-258.6702498085,
    -398.5499999999));
#8339 = CARTESIAN_POINT('',(-5.526794116215,-258.5466344846,
    -398.5499999999));
#8340 = CARTESIAN_POINT('',(-5.579604141116,-258.4229641868,
    -398.5499999999));
#8341 = PCURVE('',#329,#8342);
#8342 = DEFINITIONAL_REPRESENTATION('',(#8343),#8369);
#8343 = B_SPLINE_CURVE_WITH_KNOTS('',3,(#8344,#8345,#8346,#8347,#8348,
    #8349,#8350,#8351,#8352,#8353,#8354,#8355,#8356,#8357,#8358,#8359,
    #8360,#8361,#8362,#8363,#8364,#8365,#8366,#8367,#8368),
  .UNSPECIFIED.,.F.,.F.,(4,1,1,1,1,1,1,1,1,1,1,1,1,1,1,1,1,1,1,1,1,1,4),
  (1.5877494092E-02,1.58958310993E-02,1.59141681066E-02,
    1.59325051139E-02,1.595084212119E-02,1.596917912849E-02,
    1.598751613579E-02,1.600585314309E-02,1.602419015039E-02,
    1.604252715769E-02,1.606086416499E-02,1.607920117229E-02,
    1.609753817958E-02,1.611587518688E-02,1.613421219418E-02,
    1.615254920148E-02,1.617088620878E-02,1.618922321608E-02,
    1.620756022338E-02,1.622589723067E-02,1.624423423797E-02,
    1.626257124527E-02,1.628090825257E-02),.UNSPECIFIED.);
#8344 = CARTESIAN_POINT('',(2.504461470785,1.321155730979));
#8345 = CARTESIAN_POINT('',(2.504764451013,1.320710446754));
#8346 = CARTESIAN_POINT('',(2.505370821188,1.319820422105));
#8347 = CARTESIAN_POINT('',(2.506281606605,1.318487019873));
#8348 = CARTESIAN_POINT('',(2.507193623172,1.317155255717));
#8349 = CARTESIAN_POINT('',(2.508106871881,1.315825132975));
#8350 = CARTESIAN_POINT('',(2.509021353717,1.314496654991));
#8351 = CARTESIAN_POINT('',(2.509937069659,1.313169825114));
#8352 = CARTESIAN_POINT('',(2.510854020682,1.311844646698));
#8353 = CARTESIAN_POINT('',(2.511772207754,1.310521123102));
#8354 = CARTESIAN_POINT('',(2.512691631837,1.30919925769));
#8355 = CARTESIAN_POINT('',(2.51361229389,1.30787905383));
#8356 = CARTESIAN_POINT('',(2.514534194861,1.306560514896));
#8357 = CARTESIAN_POINT('',(2.515457335699,1.305243644267));
#8358 = CARTESIAN_POINT('',(2.516381717341,1.303928445325));
#8359 = CARTESIAN_POINT('',(2.517307340721,1.302614921459));
#8360 = CARTESIAN_POINT('',(2.518234206767,1.301303076063));
#8361 = CARTESIAN_POINT('',(2.519162316401,1.299992912533));
#8362 = CARTESIAN_POINT('',(2.520091670538,1.298684434273));
#8363 = CARTESIAN_POINT('',(2.521022270087,1.297377644691));
#8364 = CARTESIAN_POINT('',(2.521954115953,1.296072547198));
#8365 = CARTESIAN_POINT('',(2.522887209031,1.294769145212));
#8366 = CARTESIAN_POINT('',(2.523821550213,1.293467442155));
#8367 = CARTESIAN_POINT('',(2.524445276992,1.292600775021));
#8368 = CARTESIAN_POINT('',(2.524757348694,1.292167725751));
#8369 = ( GEOMETRIC_REPRESENTATION_CONTEXT(2) 
PARAMETRIC_REPRESENTATION_CONTEXT() REPRESENTATION_CONTEXT('2D SPACE',''
  ) );
#8370 = PCURVE('',#274,#8371);
#8371 = DEFINITIONAL_REPRESENTATION('',(#8372),#8377);
#8372 = B_SPLINE_CURVE_WITH_KNOTS('',3,(#8373,#8374,#8375,#8376),
  .UNSPECIFIED.,.F.,.F.,(4,4),(1.5877494092E-02,1.628090825257E-02),
  .PIECEWISE_BEZIER_KNOTS.);
#8373 = CARTESIAN_POINT('',(-3.323707763184,-0.534565746828));
#8374 = CARTESIAN_POINT('',(-3.382281583596,-0.413520407931));
#8375 = CARTESIAN_POINT('',(-3.440974440466,-0.292532061138));
#8376 = CARTESIAN_POINT('',(-3.499791761396,-0.171603305068));
#8377 = ( GEOMETRIC_REPRESENTATION_CONTEXT(2) 
PARAMETRIC_REPRESENTATION_CONTEXT() REPRESENTATION_CONTEXT('2D SPACE',''
  ) );
#8378 = ADVANCED_FACE('',(#8379),#274,.F.);
#8379 = FACE_BOUND('',#8380,.T.);
#8380 = EDGE_LOOP('',(#8381,#8382,#8383,#8384,#8385));
#8381 = ORIENTED_EDGE('',*,*,#257,.T.);
#8382 = ORIENTED_EDGE('',*,*,#1013,.F.);
#8383 = ORIENTED_EDGE('',*,*,#1040,.T.);
#8384 = ORIENTED_EDGE('',*,*,#6785,.F.);
#8385 = ORIENTED_EDGE('',*,*,#8334,.T.);
#8386 = ADVANCED_FACE('',(#8387,#8446,#8452,#8458),#45,.F.);
#8387 = FACE_BOUND('',#8388,.F.);
#8388 = EDGE_LOOP('',(#8389,#8390,#8413,#8444,#8445));
#8389 = ORIENTED_EDGE('',*,*,#21,.T.);
#8390 = ORIENTED_EDGE('',*,*,#8391,.F.);
#8391 = EDGE_CURVE('',#8392,#24,#8394,.T.);
#8392 = VERTEX_POINT('',#8393);
#8393 = CARTESIAN_POINT('',(3.781854701189,-271.1762796495,
    -372.5499999999));
#8394 = SEAM_CURVE('',#8395,(#8399,#8406),.PCURVE_S1.);
#8395 = LINE('',#8396,#8397);
#8396 = CARTESIAN_POINT('',(3.781854701189,-271.1762796495,
    -372.5499999999));
#8397 = VECTOR('',#8398,1.);
#8398 = DIRECTION('',(7.859825488695E-02,-6.817778466269E-02,
    -0.99457232216));
#8399 = PCURVE('',#45,#8400);
#8400 = DEFINITIONAL_REPRESENTATION('',(#8401),#8405);
#8401 = LINE('',#8402,#8403);
#8402 = CARTESIAN_POINT('',(0.,1.505181322799E-14));
#8403 = VECTOR('',#8404,1.);
#8404 = DIRECTION('',(0.,1.));
#8405 = ( GEOMETRIC_REPRESENTATION_CONTEXT(2) 
PARAMETRIC_REPRESENTATION_CONTEXT() REPRESENTATION_CONTEXT('2D SPACE',''
  ) );
#8406 = PCURVE('',#45,#8407);
#8407 = DEFINITIONAL_REPRESENTATION('',(#8408),#8412);
#8408 = LINE('',#8409,#8410);
#8409 = CARTESIAN_POINT('',(6.28318530718,1.505181322799E-14));
#8410 = VECTOR('',#8411,1.);
#8411 = DIRECTION('',(0.,1.));
#8412 = ( GEOMETRIC_REPRESENTATION_CONTEXT(2) 
PARAMETRIC_REPRESENTATION_CONTEXT() REPRESENTATION_CONTEXT('2D SPACE',''
  ) );
#8413 = ORIENTED_EDGE('',*,*,#8414,.F.);
#8414 = EDGE_CURVE('',#8392,#8392,#8415,.T.);
#8415 = SURFACE_CURVE('',#8416,(#8421,#8428),.PCURVE_S1.);
#8416 = CIRCLE('',#8417,5.);
#8417 = AXIS2_PLACEMENT_3D('',#8418,#8419,#8420);
#8418 = CARTESIAN_POINT('',(4.81993236302E-03,-267.899999998,
    -372.5499999999));
#8419 = DIRECTION('',(0.,0.,1.));
#8420 = DIRECTION('',(0.755406953765,-0.655255930307,0.));
#8421 = PCURVE('',#45,#8422);
#8422 = DEFINITIONAL_REPRESENTATION('',(#8423),#8427);
#8423 = LINE('',#8424,#8425);
#8424 = CARTESIAN_POINT('',(6.283185307179,5.622803792035E-14));
#8425 = VECTOR('',#8426,1.);
#8426 = DIRECTION('',(-1.,-1.836604032917E-14));
#8427 = ( GEOMETRIC_REPRESENTATION_CONTEXT(2) 
PARAMETRIC_REPRESENTATION_CONTEXT() REPRESENTATION_CONTEXT('2D SPACE',''
  ) );
#8428 = PCURVE('',#8429,#8434);
#8429 = PLANE('',#8430);
#8430 = AXIS2_PLACEMENT_3D('',#8431,#8432,#8433);
#8431 = CARTESIAN_POINT('',(4.819932363006E-03,-267.899999998,
    -372.5499999999));
#8432 = DIRECTION('',(0.,0.,-1.));
#8433 = DIRECTION('',(0.,1.,0.));
#8434 = DEFINITIONAL_REPRESENTATION('',(#8435),#8443);
#8435 = ( BOUNDED_CURVE() B_SPLINE_CURVE(2,(#8436,#8437,#8438,#8439,
#8440,#8441,#8442),.UNSPECIFIED.,.T.,.F.) B_SPLINE_CURVE_WITH_KNOTS((1,2
    ,2,2,2,1),(-2.094395102393,0.,2.094395102393,4.188790204786,
6.28318530718,8.377580409573),.UNSPECIFIED.) CURVE() 
GEOMETRIC_REPRESENTATION_ITEM() RATIONAL_B_SPLINE_CURVE((1.,0.5,1.,0.5,
1.,0.5,1.)) REPRESENTATION_ITEM('') );
#8436 = CARTESIAN_POINT('',(-3.276279651537,3.777034768827));
#8437 = CARTESIAN_POINT('',(3.265736470026,9.451717585092));
#8438 = CARTESIAN_POINT('',(4.909147886549,0.948824023719));
#8439 = CARTESIAN_POINT('',(6.552559303073,-7.554069537654));
#8440 = CARTESIAN_POINT('',(-1.632868235013,-4.725858792546));
#8441 = CARTESIAN_POINT('',(-9.818295773099,-1.897648047439));
#8442 = CARTESIAN_POINT('',(-3.276279651537,3.777034768827));
#8443 = ( GEOMETRIC_REPRESENTATION_CONTEXT(2) 
PARAMETRIC_REPRESENTATION_CONTEXT() REPRESENTATION_CONTEXT('2D SPACE',''
  ) );
#8444 = ORIENTED_EDGE('',*,*,#8391,.T.);
#8445 = ORIENTED_EDGE('',*,*,#57,.T.);
#8446 = FACE_BOUND('',#8447,.F.);
#8447 = EDGE_LOOP('',(#8448,#8449,#8450,#8451));
#8448 = ORIENTED_EDGE('',*,*,#7379,.F.);
#8449 = ORIENTED_EDGE('',*,*,#5992,.F.);
#8450 = ORIENTED_EDGE('',*,*,#7673,.F.);
#8451 = ORIENTED_EDGE('',*,*,#7578,.F.);
#8452 = FACE_BOUND('',#8453,.F.);
#8453 = EDGE_LOOP('',(#8454,#8455,#8456,#8457));
#8454 = ORIENTED_EDGE('',*,*,#7908,.F.);
#8455 = ORIENTED_EDGE('',*,*,#5250,.F.);
#8456 = ORIENTED_EDGE('',*,*,#8205,.F.);
#8457 = ORIENTED_EDGE('',*,*,#8108,.F.);
#8458 = FACE_BOUND('',#8459,.F.);
#8459 = EDGE_LOOP('',(#8460,#8461,#8462,#8463));
#8460 = ORIENTED_EDGE('',*,*,#1476,.F.);
#8461 = ORIENTED_EDGE('',*,*,#1765,.F.);
#8462 = ORIENTED_EDGE('',*,*,#7145,.F.);
#8463 = ORIENTED_EDGE('',*,*,#7048,.F.);
#8464 = ADVANCED_FACE('',(#8465),#8429,.T.);
#8465 = FACE_BOUND('',#8466,.T.);
#8466 = EDGE_LOOP('',(#8467));
#8467 = ORIENTED_EDGE('',*,*,#8414,.F.);
#8468 = ( GEOMETRIC_REPRESENTATION_CONTEXT(3) 
GLOBAL_UNCERTAINTY_ASSIGNED_CONTEXT((#8472)) 
GLOBAL_UNIT_ASSIGNED_CONTEXT((#8469,#8470,#8471)) REPRESENTATION_CONTEXT
('Context #1','3D Context with UNIT and UNCERTAINTY') );
#8469 = ( LENGTH_UNIT() NAMED_UNIT(*) SI_UNIT(.MILLI.,.METRE.) );
#8470 = ( NAMED_UNIT(*) PLANE_ANGLE_UNIT() SI_UNIT($,.RADIAN.) );
#8471 = ( NAMED_UNIT(*) SI_UNIT($,.STERADIAN.) SOLID_ANGLE_UNIT() );
#8472 = UNCERTAINTY_MEASURE_WITH_UNIT(LENGTH_MEASURE(5.E-04),#8469,
  'distance_accuracy_value','confusion accuracy');
#8473 = PRODUCT_RELATED_PRODUCT_CATEGORY('part',$,(#7));
ENDSEC;
END-ISO-10303-21;
