ISO-10303-21;
HEADER;
FILE_DESCRIPTION(('Open CASCADE Model'),'2;1');
FILE_NAME('Open CASCADE Shape Model','2026-10-07T01:48:45',('Author'),(
    'Open CASCADE'),'Open CASCADE STEP processor 7.9','Open CASCADE 7.9'
  ,'Unknown');
FILE_SCHEMA(('AUTOMOTIVE_DESIGN { 1 0 10303 214 1 1 1 1 }'));
ENDSEC;
DATA;
#1 = APPLICATION_PROTOCOL_DEFINITION('international standard',
  'automotive_design',2000,#2);
#2 = APPLICATION_CONTEXT(
  'core data for automotive mechanical design processes');
#3 = SHAPE_DEFINITION_REPRESENTATION(#4,#10);
#4 = PRODUCT_DEFINITION_SHAPE('','',#5);
#5 = PRODUCT_DEFINITION('design','',#6,#9);
#6 = PRODUCT_DEFINITION_FORMATION('','',#7);
#7 = PRODUCT('Open CASCADE STEP translator 7.9 1',
  'Open CASCADE STEP translator 7.9 1','',(#8));
#8 = PRODUCT_CONTEXT('',#2,'mechanical');
#9 = PRODUCT_DEFINITION_CONTEXT('part definition',#2,'design');
#10 = ADVANCED_BREP_SHAPE_REPRESENTATION('',(#11,#15),#13909);
#11 = AXIS2_PLACEMENT_3D('',#12,#13,#14);
#12 = CARTESIAN_POINT('',(0.,0.,0.));
#13 = DIRECTION('',(0.,0.,1.));
#14 = DIRECTION('',(1.,0.,-0.));
#15 = MANIFOLD_SOLID_BREP('',#16);
#16 = CLOSED_SHELL('',(#17,#129,#185,#240,#319,#399,#455,#1078,#1199,
    #1772,#2353,#2412,#2416,#2492,#2568,#2931,#3652,#3657,#3728,#3799,
    #3870,#3946,#4064,#4091,#4118,#4146,#4173,#4201,#4228,#4944,#5499,
    #6120,#6196,#6454,#6481,#6508,#6535,#6562,#6589,#6616,#6643,#6670,
    #6697,#6724,#6731,#6930,#7387,#7482,#7555,#7628,#7739,#7790,#7842,
    #8077,#8155,#8231,#8307,#8383,#8459,#8530,#8562,#8590,#8601,#8660,
    #8688,#8840,#8948,#9029,#9346,#9441,#9514,#9542,#9569,#9598,#9626,
    #9653,#9684,#9712,#9739,#9767,#9794,#9924,#10083,#10114,#10201,
    #10256,#10291,#10350,#10389,#10448,#10452,#10480,#10507,#10534,
    #10562,#10659,#11636,#11641,#13173,#13180,#13207,#13234,#13267,
    #13294,#13321,#13352,#13379,#13406,#13437,#13467,#13494,#13521,
    #13531,#13566,#13621,#13656,#13735,#13791,#13846,#13905));
#17 = ADVANCED_FACE('',(#18),#31,.T.);
#18 = FACE_BOUND('',#19,.T.);
#19 = EDGE_LOOP('',(#20,#54,#77,#106,#128));
#20 = ORIENTED_EDGE('',*,*,#21,.T.);
#21 = EDGE_CURVE('',#22,#22,#24,.T.);
#22 = VERTEX_POINT('',#23);
#23 = CARTESIAN_POINT('',(4.819932119005E-03,-276.899999998,
    -186.121258451));
#24 = SURFACE_CURVE('',#25,(#30,#42),.PCURVE_S1.);
#25 = CIRCLE('',#26,9.);
#26 = AXIS2_PLACEMENT_3D('',#27,#28,#29);
#27 = CARTESIAN_POINT('',(4.819932361997E-03,-267.899999998,
    -186.121258451));
#28 = DIRECTION('',(0.,0.,-1.));
#29 = DIRECTION('',(-2.629008122312E-11,-1.,-0.));
#30 = PCURVE('',#31,#36);
#31 = CONICAL_SURFACE('',#32,9.5,0.785398163397);
#32 = AXIS2_PLACEMENT_3D('',#33,#34,#35);
#33 = CARTESIAN_POINT('',(4.819932361997E-03,-267.899999998,
    -186.621258451));
#34 = DIRECTION('',(3.064104139938E-16,9.898264179031E-16,-1.));
#35 = DIRECTION('',(-2.628599092777E-11,-1.,-9.898264179112E-16));
#36 = DEFINITIONAL_REPRESENTATION('',(#37),#41);
#37 = LINE('',#38,#39);
#38 = CARTESIAN_POINT('',(3.10862446895E-15,-0.5));
#39 = VECTOR('',#40,1.);
#40 = DIRECTION('',(1.,2.74876773502E-16));
#41 = ( GEOMETRIC_REPRESENTATION_CONTEXT(2) 
PARAMETRIC_REPRESENTATION_CONTEXT() REPRESENTATION_CONTEXT('2D SPACE',''
  ) );
#42 = PCURVE('',#43,#48);
#43 = PLANE('',#44);
#44 = AXIS2_PLACEMENT_3D('',#45,#46,#47);
#45 = CARTESIAN_POINT('',(4.819932599005E-03,-258.899999998,
    -186.121258451));
#46 = DIRECTION('',(3.064104139938E-16,9.898264179031E-16,-1.));
#47 = DIRECTION('',(-2.628618675401E-11,-1.,-9.898264179112E-16));
#48 = DEFINITIONAL_REPRESENTATION('',(#49),#53);
#49 = CIRCLE('',#50,9.);
#50 = AXIS2_PLACEMENT_2D('',#51,#52);
#51 = CARTESIAN_POINT('',(9.,4.329541540493E-13));
#52 = DIRECTION('',(1.,3.894469113705E-15));
#53 = ( GEOMETRIC_REPRESENTATION_CONTEXT(2) 
PARAMETRIC_REPRESENTATION_CONTEXT() REPRESENTATION_CONTEXT('2D SPACE',''
  ) );
#54 = ORIENTED_EDGE('',*,*,#55,.T.);
#55 = EDGE_CURVE('',#22,#56,#58,.T.);
#56 = VERTEX_POINT('',#57);
#57 = CARTESIAN_POINT('',(4.819932113008E-03,-277.399999998,
    -186.621258451));
#58 = SEAM_CURVE('',#59,(#63,#70),.PCURVE_S1.);
#59 = LINE('',#60,#61);
#60 = CARTESIAN_POINT('',(4.819932113008E-03,-277.399999998,
    -186.621258451));
#61 = VECTOR('',#62,1.);
#62 = DIRECTION('',(-1.858692424031E-11,-0.707106781187,-0.707106781187)
  );
#63 = PCURVE('',#31,#64);
#64 = DEFINITIONAL_REPRESENTATION('',(#65),#69);
#65 = LINE('',#66,#67);
#66 = CARTESIAN_POINT('',(6.28318530718,-2.499351680357E-12));
#67 = VECTOR('',#68,1.);
#68 = DIRECTION('',(0.,1.));
#69 = ( GEOMETRIC_REPRESENTATION_CONTEXT(2) 
PARAMETRIC_REPRESENTATION_CONTEXT() REPRESENTATION_CONTEXT('2D SPACE',''
  ) );
#70 = PCURVE('',#31,#71);
#71 = DEFINITIONAL_REPRESENTATION('',(#72),#76);
#72 = LINE('',#73,#74);
#73 = CARTESIAN_POINT('',(0.,-2.499351680357E-12));
#74 = VECTOR('',#75,1.);
#75 = DIRECTION('',(0.,1.));
#76 = ( GEOMETRIC_REPRESENTATION_CONTEXT(2) 
PARAMETRIC_REPRESENTATION_CONTEXT() REPRESENTATION_CONTEXT('2D SPACE',''
  ) );
#77 = ORIENTED_EDGE('',*,*,#78,.T.);
#78 = EDGE_CURVE('',#56,#79,#81,.T.);
#79 = VERTEX_POINT('',#80);
#80 = CARTESIAN_POINT('',(4.819932612008E-03,-258.399999998,
    -186.621258451));
#81 = SURFACE_CURVE('',#82,(#87,#94),.PCURVE_S1.);
#82 = CIRCLE('',#83,9.5);
#83 = AXIS2_PLACEMENT_3D('',#84,#85,#86);
#84 = CARTESIAN_POINT('',(4.819932361997E-03,-267.899999998,
    -186.621258451));
#85 = DIRECTION('',(-3.064104139938E-16,-9.898264179031E-16,1.));
#86 = DIRECTION('',(2.628599092777E-11,1.,9.898264179112E-16));
#87 = PCURVE('',#31,#88);
#88 = DEFINITIONAL_REPRESENTATION('',(#89),#93);
#89 = LINE('',#90,#91);
#90 = CARTESIAN_POINT('',(9.424777960769,0.));
#91 = VECTOR('',#92,1.);
#92 = DIRECTION('',(-1.,0.));
#93 = ( GEOMETRIC_REPRESENTATION_CONTEXT(2) 
PARAMETRIC_REPRESENTATION_CONTEXT() REPRESENTATION_CONTEXT('2D SPACE',''
  ) );
#94 = PCURVE('',#95,#100);
#95 = CYLINDRICAL_SURFACE('',#96,9.5);
#96 = AXIS2_PLACEMENT_3D('',#97,#98,#99);
#97 = CARTESIAN_POINT('',(4.819932363006E-03,-267.899999998,
    -366.0499999999));
#98 = DIRECTION('',(-3.064104139938E-16,-9.898264179031E-16,1.));
#99 = DIRECTION('',(2.628599092777E-11,1.,9.898264179112E-16));
#100 = DEFINITIONAL_REPRESENTATION('',(#101),#105);
#101 = LINE('',#102,#103);
#102 = CARTESIAN_POINT('',(-9.858780458671E-14,179.4287415489));
#103 = VECTOR('',#104,1.);
#104 = DIRECTION('',(1.,0.));
#105 = ( GEOMETRIC_REPRESENTATION_CONTEXT(2) 
PARAMETRIC_REPRESENTATION_CONTEXT() REPRESENTATION_CONTEXT('2D SPACE',''
  ) );
#106 = ORIENTED_EDGE('',*,*,#107,.T.);
#107 = EDGE_CURVE('',#79,#56,#108,.T.);
#108 = SURFACE_CURVE('',#109,(#114,#121),.PCURVE_S1.);
#109 = CIRCLE('',#110,9.5);
#110 = AXIS2_PLACEMENT_3D('',#111,#112,#113);
#111 = CARTESIAN_POINT('',(4.819932361997E-03,-267.899999998,
    -186.621258451));
#112 = DIRECTION('',(-3.064104139938E-16,-9.898264179031E-16,1.));
#113 = DIRECTION('',(2.628599092777E-11,1.,9.898264179112E-16));
#114 = PCURVE('',#31,#115);
#115 = DEFINITIONAL_REPRESENTATION('',(#116),#120);
#116 = LINE('',#117,#118);
#117 = CARTESIAN_POINT('',(3.14159265359,0.));
#118 = VECTOR('',#119,1.);
#119 = DIRECTION('',(-1.,0.));
#120 = ( GEOMETRIC_REPRESENTATION_CONTEXT(2) 
PARAMETRIC_REPRESENTATION_CONTEXT() REPRESENTATION_CONTEXT('2D SPACE',''
  ) );
#121 = PCURVE('',#95,#122);
#122 = DEFINITIONAL_REPRESENTATION('',(#123),#127);
#123 = LINE('',#124,#125);
#124 = CARTESIAN_POINT('',(0.,179.4287415489));
#125 = VECTOR('',#126,1.);
#126 = DIRECTION('',(1.,0.));
#127 = ( GEOMETRIC_REPRESENTATION_CONTEXT(2) 
PARAMETRIC_REPRESENTATION_CONTEXT() REPRESENTATION_CONTEXT('2D SPACE',''
  ) );
#128 = ORIENTED_EDGE('',*,*,#55,.F.);
#129 = ADVANCED_FACE('',(#130),#95,.T.);
#130 = FACE_BOUND('',#131,.T.);
#131 = EDGE_LOOP('',(#132,#161,#182,#183,#184));
#132 = ORIENTED_EDGE('',*,*,#133,.T.);
#133 = EDGE_CURVE('',#134,#134,#136,.T.);
#134 = VERTEX_POINT('',#135);
#135 = CARTESIAN_POINT('',(4.819932612008E-03,-258.399999998,
    -188.621258451));
#136 = SURFACE_CURVE('',#137,(#142,#149),.PCURVE_S1.);
#137 = CIRCLE('',#138,9.5);
#138 = AXIS2_PLACEMENT_3D('',#139,#140,#141);
#139 = CARTESIAN_POINT('',(4.819932361997E-03,-267.899999998,
    -188.621258451));
#140 = DIRECTION('',(-3.064104139938E-16,-9.898264179031E-16,1.));
#141 = DIRECTION('',(2.628599092777E-11,1.,9.898264179112E-16));
#142 = PCURVE('',#95,#143);
#143 = DEFINITIONAL_REPRESENTATION('',(#144),#148);
#144 = LINE('',#145,#146);
#145 = CARTESIAN_POINT('',(0.,177.4287415489));
#146 = VECTOR('',#147,1.);
#147 = DIRECTION('',(1.,0.));
#148 = ( GEOMETRIC_REPRESENTATION_CONTEXT(2) 
PARAMETRIC_REPRESENTATION_CONTEXT() REPRESENTATION_CONTEXT('2D SPACE',''
  ) );
#149 = PCURVE('',#150,#155);
#150 = CONICAL_SURFACE('',#151,8.1,0.273008703087);
#151 = AXIS2_PLACEMENT_3D('',#152,#153,#154);
#152 = CARTESIAN_POINT('',(4.819932361997E-03,-267.899999998,
    -193.621258451));
#153 = DIRECTION('',(-3.064104139938E-16,-9.898264179031E-16,1.));
#154 = DIRECTION('',(2.628555809228E-11,1.,9.898264179112E-16));
#155 = DEFINITIONAL_REPRESENTATION('',(#156),#160);
#156 = LINE('',#157,#158);
#157 = CARTESIAN_POINT('',(0.,5.));
#158 = VECTOR('',#159,1.);
#159 = DIRECTION('',(1.,-8.167359255954E-16));
#160 = ( GEOMETRIC_REPRESENTATION_CONTEXT(2) 
PARAMETRIC_REPRESENTATION_CONTEXT() REPRESENTATION_CONTEXT('2D SPACE',''
  ) );
#161 = ORIENTED_EDGE('',*,*,#162,.T.);
#162 = EDGE_CURVE('',#134,#79,#163,.T.);
#163 = SEAM_CURVE('',#164,(#168,#175),.PCURVE_S1.);
#164 = LINE('',#165,#166);
#165 = CARTESIAN_POINT('',(4.819932612008E-03,-258.399999998,
    -366.0499999999));
#166 = VECTOR('',#167,1.);
#167 = DIRECTION('',(-3.064104139938E-16,-9.898264179031E-16,1.));
#168 = PCURVE('',#95,#169);
#169 = DEFINITIONAL_REPRESENTATION('',(#170),#174);
#170 = LINE('',#171,#172);
#171 = CARTESIAN_POINT('',(6.28318530718,-2.84217094304E-14));
#172 = VECTOR('',#173,1.);
#173 = DIRECTION('',(0.,1.));
#174 = ( GEOMETRIC_REPRESENTATION_CONTEXT(2) 
PARAMETRIC_REPRESENTATION_CONTEXT() REPRESENTATION_CONTEXT('2D SPACE',''
  ) );
#175 = PCURVE('',#95,#176);
#176 = DEFINITIONAL_REPRESENTATION('',(#177),#181);
#177 = LINE('',#178,#179);
#178 = CARTESIAN_POINT('',(0.,-2.84217094304E-14));
#179 = VECTOR('',#180,1.);
#180 = DIRECTION('',(0.,1.));
#181 = ( GEOMETRIC_REPRESENTATION_CONTEXT(2) 
PARAMETRIC_REPRESENTATION_CONTEXT() REPRESENTATION_CONTEXT('2D SPACE',''
  ) );
#182 = ORIENTED_EDGE('',*,*,#78,.F.);
#183 = ORIENTED_EDGE('',*,*,#107,.F.);
#184 = ORIENTED_EDGE('',*,*,#162,.F.);
#185 = ADVANCED_FACE('',(#186),#150,.T.);
#186 = FACE_BOUND('',#187,.T.);
#187 = EDGE_LOOP('',(#188,#217,#238,#239));
#188 = ORIENTED_EDGE('',*,*,#189,.T.);
#189 = EDGE_CURVE('',#190,#190,#192,.T.);
#190 = VERTEX_POINT('',#191);
#191 = CARTESIAN_POINT('',(4.819932575003E-03,-259.799999998,
    -193.621258451));
#192 = SURFACE_CURVE('',#193,(#198,#205),.PCURVE_S1.);
#193 = CIRCLE('',#194,8.1);
#194 = AXIS2_PLACEMENT_3D('',#195,#196,#197);
#195 = CARTESIAN_POINT('',(4.819932361997E-03,-267.899999998,
    -193.621258451));
#196 = DIRECTION('',(-3.064104139938E-16,-9.898264179031E-16,1.));
#197 = DIRECTION('',(2.628555809228E-11,1.,9.898264179112E-16));
#198 = PCURVE('',#150,#199);
#199 = DEFINITIONAL_REPRESENTATION('',(#200),#204);
#200 = LINE('',#201,#202);
#201 = CARTESIAN_POINT('',(0.,0.));
#202 = VECTOR('',#203,1.);
#203 = DIRECTION('',(1.,0.));
#204 = ( GEOMETRIC_REPRESENTATION_CONTEXT(2) 
PARAMETRIC_REPRESENTATION_CONTEXT() REPRESENTATION_CONTEXT('2D SPACE',''
  ) );
#205 = PCURVE('',#206,#211);
#206 = CYLINDRICAL_SURFACE('',#207,8.1);
#207 = AXIS2_PLACEMENT_3D('',#208,#209,#210);
#208 = CARTESIAN_POINT('',(4.819932363006E-03,-267.899999998,
    -366.0499999999));
#209 = DIRECTION('',(-3.064104139938E-16,-9.898264179031E-16,1.));
#210 = DIRECTION('',(2.628555809228E-11,1.,9.898264179112E-16));
#211 = DEFINITIONAL_REPRESENTATION('',(#212),#216);
#212 = LINE('',#213,#214);
#213 = CARTESIAN_POINT('',(0.,172.4287415489));
#214 = VECTOR('',#215,1.);
#215 = DIRECTION('',(1.,0.));
#216 = ( GEOMETRIC_REPRESENTATION_CONTEXT(2) 
PARAMETRIC_REPRESENTATION_CONTEXT() REPRESENTATION_CONTEXT('2D SPACE',''
  ) );
#217 = ORIENTED_EDGE('',*,*,#218,.T.);
#218 = EDGE_CURVE('',#190,#134,#219,.T.);
#219 = SEAM_CURVE('',#220,(#224,#231),.PCURVE_S1.);
#220 = LINE('',#221,#222);
#221 = CARTESIAN_POINT('',(4.819932575003E-03,-259.799999998,
    -193.621258451));
#222 = VECTOR('',#223,1.);
#223 = DIRECTION('',(7.087247514493E-12,0.26962992552,0.962964019714));
#224 = PCURVE('',#150,#225);
#225 = DEFINITIONAL_REPRESENTATION('',(#226),#230);
#226 = LINE('',#227,#228);
#227 = CARTESIAN_POINT('',(6.28318530718,0.));
#228 = VECTOR('',#229,1.);
#229 = DIRECTION('',(0.,1.));
#230 = ( GEOMETRIC_REPRESENTATION_CONTEXT(2) 
PARAMETRIC_REPRESENTATION_CONTEXT() REPRESENTATION_CONTEXT('2D SPACE',''
  ) );
#231 = PCURVE('',#150,#232);
#232 = DEFINITIONAL_REPRESENTATION('',(#233),#237);
#233 = LINE('',#234,#235);
#234 = CARTESIAN_POINT('',(0.,0.));
#235 = VECTOR('',#236,1.);
#236 = DIRECTION('',(0.,1.));
#237 = ( GEOMETRIC_REPRESENTATION_CONTEXT(2) 
PARAMETRIC_REPRESENTATION_CONTEXT() REPRESENTATION_CONTEXT('2D SPACE',''
  ) );
#238 = ORIENTED_EDGE('',*,*,#133,.F.);
#239 = ORIENTED_EDGE('',*,*,#218,.F.);
#240 = ADVANCED_FACE('',(#241),#206,.T.);
#241 = FACE_BOUND('',#242,.T.);
#242 = EDGE_LOOP('',(#243,#274,#296,#317,#318));
#243 = ORIENTED_EDGE('',*,*,#244,.T.);
#244 = EDGE_CURVE('',#245,#247,#249,.T.);
#245 = VERTEX_POINT('',#246);
#246 = CARTESIAN_POINT('',(4.819932594003E-03,-259.799999998,
    -208.9249999999));
#247 = VERTEX_POINT('',#248);
#248 = CARTESIAN_POINT('',(4.819932130999E-03,-275.999999998,
    -208.9249999999));
#249 = SURFACE_CURVE('',#250,(#255,#262),.PCURVE_S1.);
#250 = CIRCLE('',#251,8.1);
#251 = AXIS2_PLACEMENT_3D('',#252,#253,#254);
#252 = CARTESIAN_POINT('',(4.819932361997E-03,-267.899999998,
    -208.9249999999));
#253 = DIRECTION('',(-3.064104139938E-16,-9.898264179031E-16,1.));
#254 = DIRECTION('',(2.628555809228E-11,1.,9.898264179112E-16));
#255 = PCURVE('',#206,#256);
#256 = DEFINITIONAL_REPRESENTATION('',(#257),#261);
#257 = LINE('',#258,#259);
#258 = CARTESIAN_POINT('',(0.,157.125));
#259 = VECTOR('',#260,1.);
#260 = DIRECTION('',(1.,0.));
#261 = ( GEOMETRIC_REPRESENTATION_CONTEXT(2) 
PARAMETRIC_REPRESENTATION_CONTEXT() REPRESENTATION_CONTEXT('2D SPACE',''
  ) );
#262 = PCURVE('',#263,#268);
#263 = CONICAL_SURFACE('',#264,9.5,0.348771003584);
#264 = AXIS2_PLACEMENT_3D('',#265,#266,#267);
#265 = CARTESIAN_POINT('',(4.819932361997E-03,-267.899999998,
    -212.7749999999));
#266 = DIRECTION('',(3.064104139938E-16,9.898264179031E-16,-1.));
#267 = DIRECTION('',(-2.628599092777E-11,-1.,-9.898264179112E-16));
#268 = DEFINITIONAL_REPRESENTATION('',(#269),#273);
#269 = LINE('',#270,#271);
#270 = CARTESIAN_POINT('',(3.14159265359,-3.85));
#271 = VECTOR('',#272,1.);
#272 = DIRECTION('',(-1.,-7.970838327159E-16));
#273 = ( GEOMETRIC_REPRESENTATION_CONTEXT(2) 
PARAMETRIC_REPRESENTATION_CONTEXT() REPRESENTATION_CONTEXT('2D SPACE',''
  ) );
#274 = ORIENTED_EDGE('',*,*,#275,.T.);
#275 = EDGE_CURVE('',#247,#245,#276,.T.);
#276 = SURFACE_CURVE('',#277,(#282,#289),.PCURVE_S1.);
#277 = CIRCLE('',#278,8.1);
#278 = AXIS2_PLACEMENT_3D('',#279,#280,#281);
#279 = CARTESIAN_POINT('',(4.819932361997E-03,-267.899999998,
    -208.9249999999));
#280 = DIRECTION('',(-3.064104139938E-16,-9.898264179031E-16,1.));
#281 = DIRECTION('',(2.628555809228E-11,1.,9.898264179112E-16));
#282 = PCURVE('',#206,#283);
#283 = DEFINITIONAL_REPRESENTATION('',(#284),#288);
#284 = LINE('',#285,#286);
#285 = CARTESIAN_POINT('',(-1.1857181903E-13,157.125));
#286 = VECTOR('',#287,1.);
#287 = DIRECTION('',(1.,0.));
#288 = ( GEOMETRIC_REPRESENTATION_CONTEXT(2) 
PARAMETRIC_REPRESENTATION_CONTEXT() REPRESENTATION_CONTEXT('2D SPACE',''
  ) );
#289 = PCURVE('',#263,#290);
#290 = DEFINITIONAL_REPRESENTATION('',(#291),#295);
#291 = LINE('',#292,#293);
#292 = CARTESIAN_POINT('',(9.424777960767,-3.85));
#293 = VECTOR('',#294,1.);
#294 = DIRECTION('',(-1.,7.970838327159E-16));
#295 = ( GEOMETRIC_REPRESENTATION_CONTEXT(2) 
PARAMETRIC_REPRESENTATION_CONTEXT() REPRESENTATION_CONTEXT('2D SPACE',''
  ) );
#296 = ORIENTED_EDGE('',*,*,#297,.T.);
#297 = EDGE_CURVE('',#245,#190,#298,.T.);
#298 = SEAM_CURVE('',#299,(#303,#310),.PCURVE_S1.);
#299 = LINE('',#300,#301);
#300 = CARTESIAN_POINT('',(4.819932575003E-03,-259.799999998,
    -366.0499999999));
#301 = VECTOR('',#302,1.);
#302 = DIRECTION('',(-3.064104139938E-16,-9.898264179031E-16,1.));
#303 = PCURVE('',#206,#304);
#304 = DEFINITIONAL_REPRESENTATION('',(#305),#309);
#305 = LINE('',#306,#307);
#306 = CARTESIAN_POINT('',(6.28318530718,-2.84217094304E-14));
#307 = VECTOR('',#308,1.);
#308 = DIRECTION('',(0.,1.));
#309 = ( GEOMETRIC_REPRESENTATION_CONTEXT(2) 
PARAMETRIC_REPRESENTATION_CONTEXT() REPRESENTATION_CONTEXT('2D SPACE',''
  ) );
#310 = PCURVE('',#206,#311);
#311 = DEFINITIONAL_REPRESENTATION('',(#312),#316);
#312 = LINE('',#313,#314);
#313 = CARTESIAN_POINT('',(0.,-2.84217094304E-14));
#314 = VECTOR('',#315,1.);
#315 = DIRECTION('',(0.,1.));
#316 = ( GEOMETRIC_REPRESENTATION_CONTEXT(2) 
PARAMETRIC_REPRESENTATION_CONTEXT() REPRESENTATION_CONTEXT('2D SPACE',''
  ) );
#317 = ORIENTED_EDGE('',*,*,#189,.F.);
#318 = ORIENTED_EDGE('',*,*,#297,.F.);
#319 = ADVANCED_FACE('',(#320),#263,.T.);
#320 = FACE_BOUND('',#321,.T.);
#321 = EDGE_LOOP('',(#322,#323,#324,#347,#376,#398));
#322 = ORIENTED_EDGE('',*,*,#244,.F.);
#323 = ORIENTED_EDGE('',*,*,#275,.F.);
#324 = ORIENTED_EDGE('',*,*,#325,.T.);
#325 = EDGE_CURVE('',#247,#326,#328,.T.);
#326 = VERTEX_POINT('',#327);
#327 = CARTESIAN_POINT('',(4.819932113008E-03,-277.399999998,
    -212.7749999999));
#328 = SEAM_CURVE('',#329,(#333,#340),.PCURVE_S1.);
#329 = LINE('',#330,#331);
#330 = CARTESIAN_POINT('',(4.819932113008E-03,-277.399999998,
    -212.7749999999));
#331 = VECTOR('',#332,1.);
#332 = DIRECTION('',(-8.982834015721E-12,-0.341743063087,-0.939793423488
    ));
#333 = PCURVE('',#263,#334);
#334 = DEFINITIONAL_REPRESENTATION('',(#335),#339);
#335 = LINE('',#336,#337);
#336 = CARTESIAN_POINT('',(6.28318530718,-1.606805657608E-12));
#337 = VECTOR('',#338,1.);
#338 = DIRECTION('',(0.,1.));
#339 = ( GEOMETRIC_REPRESENTATION_CONTEXT(2) 
PARAMETRIC_REPRESENTATION_CONTEXT() REPRESENTATION_CONTEXT('2D SPACE',''
  ) );
#340 = PCURVE('',#263,#341);
#341 = DEFINITIONAL_REPRESENTATION('',(#342),#346);
#342 = LINE('',#343,#344);
#343 = CARTESIAN_POINT('',(0.,-1.606805657608E-12));
#344 = VECTOR('',#345,1.);
#345 = DIRECTION('',(0.,1.));
#346 = ( GEOMETRIC_REPRESENTATION_CONTEXT(2) 
PARAMETRIC_REPRESENTATION_CONTEXT() REPRESENTATION_CONTEXT('2D SPACE',''
  ) );
#347 = ORIENTED_EDGE('',*,*,#348,.T.);
#348 = EDGE_CURVE('',#326,#349,#351,.T.);
#349 = VERTEX_POINT('',#350);
#350 = CARTESIAN_POINT('',(4.819932612008E-03,-258.399999998,
    -212.7749999999));
#351 = SURFACE_CURVE('',#352,(#357,#364),.PCURVE_S1.);
#352 = CIRCLE('',#353,9.5);
#353 = AXIS2_PLACEMENT_3D('',#354,#355,#356);
#354 = CARTESIAN_POINT('',(4.819932361997E-03,-267.899999998,
    -212.7749999999));
#355 = DIRECTION('',(-3.064104139938E-16,-9.898264179031E-16,1.));
#356 = DIRECTION('',(2.628599092777E-11,1.,9.898264179112E-16));
#357 = PCURVE('',#263,#358);
#358 = DEFINITIONAL_REPRESENTATION('',(#359),#363);
#359 = LINE('',#360,#361);
#360 = CARTESIAN_POINT('',(9.424777960769,1.141017531878E-15));
#361 = VECTOR('',#362,1.);
#362 = DIRECTION('',(-1.,-1.815985803529E-16));
#363 = ( GEOMETRIC_REPRESENTATION_CONTEXT(2) 
PARAMETRIC_REPRESENTATION_CONTEXT() REPRESENTATION_CONTEXT('2D SPACE',''
  ) );
#364 = PCURVE('',#365,#370);
#365 = CYLINDRICAL_SURFACE('',#366,9.5);
#366 = AXIS2_PLACEMENT_3D('',#367,#368,#369);
#367 = CARTESIAN_POINT('',(4.819932363006E-03,-267.899999998,
    -366.0499999999));
#368 = DIRECTION('',(-3.064104139938E-16,-9.898264179031E-16,1.));
#369 = DIRECTION('',(2.628599092777E-11,1.,9.898264179112E-16));
#370 = DEFINITIONAL_REPRESENTATION('',(#371),#375);
#371 = LINE('',#372,#373);
#372 = CARTESIAN_POINT('',(-9.992007221626E-14,153.275));
#373 = VECTOR('',#374,1.);
#374 = DIRECTION('',(1.,0.));
#375 = ( GEOMETRIC_REPRESENTATION_CONTEXT(2) 
PARAMETRIC_REPRESENTATION_CONTEXT() REPRESENTATION_CONTEXT('2D SPACE',''
  ) );
#376 = ORIENTED_EDGE('',*,*,#377,.T.);
#377 = EDGE_CURVE('',#349,#326,#378,.T.);
#378 = SURFACE_CURVE('',#379,(#384,#391),.PCURVE_S1.);
#379 = CIRCLE('',#380,9.5);
#380 = AXIS2_PLACEMENT_3D('',#381,#382,#383);
#381 = CARTESIAN_POINT('',(4.819932361997E-03,-267.899999998,
    -212.7749999999));
#382 = DIRECTION('',(-3.064104139938E-16,-9.898264179031E-16,1.));
#383 = DIRECTION('',(2.628599092777E-11,1.,9.898264179112E-16));
#384 = PCURVE('',#263,#385);
#385 = DEFINITIONAL_REPRESENTATION('',(#386),#390);
#386 = LINE('',#387,#388);
#387 = CARTESIAN_POINT('',(3.14159265359,0.));
#388 = VECTOR('',#389,1.);
#389 = DIRECTION('',(-1.,1.815985803529E-16));
#390 = ( GEOMETRIC_REPRESENTATION_CONTEXT(2) 
PARAMETRIC_REPRESENTATION_CONTEXT() REPRESENTATION_CONTEXT('2D SPACE',''
  ) );
#391 = PCURVE('',#365,#392);
#392 = DEFINITIONAL_REPRESENTATION('',(#393),#397);
#393 = LINE('',#394,#395);
#394 = CARTESIAN_POINT('',(0.,153.275));
#395 = VECTOR('',#396,1.);
#396 = DIRECTION('',(1.,0.));
#397 = ( GEOMETRIC_REPRESENTATION_CONTEXT(2) 
PARAMETRIC_REPRESENTATION_CONTEXT() REPRESENTATION_CONTEXT('2D SPACE',''
  ) );
#398 = ORIENTED_EDGE('',*,*,#325,.F.);
#399 = ADVANCED_FACE('',(#400),#365,.T.);
#400 = FACE_BOUND('',#401,.T.);
#401 = EDGE_LOOP('',(#402,#431,#452,#453,#454));
#402 = ORIENTED_EDGE('',*,*,#403,.T.);
#403 = EDGE_CURVE('',#404,#404,#406,.T.);
#404 = VERTEX_POINT('',#405);
#405 = CARTESIAN_POINT('',(4.819932612008E-03,-258.399999998,
    -214.9999999999));
#406 = SURFACE_CURVE('',#407,(#412,#419),.PCURVE_S1.);
#407 = CIRCLE('',#408,9.5);
#408 = AXIS2_PLACEMENT_3D('',#409,#410,#411);
#409 = CARTESIAN_POINT('',(4.819932361997E-03,-267.899999998,
    -214.9999999999));
#410 = DIRECTION('',(-3.064104139938E-16,-9.898264179031E-16,1.));
#411 = DIRECTION('',(2.628599092777E-11,1.,9.898264179112E-16));
#412 = PCURVE('',#365,#413);
#413 = DEFINITIONAL_REPRESENTATION('',(#414),#418);
#414 = LINE('',#415,#416);
#415 = CARTESIAN_POINT('',(0.,151.05));
#416 = VECTOR('',#417,1.);
#417 = DIRECTION('',(1.,0.));
#418 = ( GEOMETRIC_REPRESENTATION_CONTEXT(2) 
PARAMETRIC_REPRESENTATION_CONTEXT() REPRESENTATION_CONTEXT('2D SPACE',''
  ) );
#419 = PCURVE('',#420,#425);
#420 = PLANE('',#421);
#421 = AXIS2_PLACEMENT_3D('',#422,#423,#424);
#422 = CARTESIAN_POINT('',(-33.95364042865,-229.9819335763,
    -214.9999999999));
#423 = DIRECTION('',(-3.064104139906E-16,-8.673617379884E-16,1.));
#424 = DIRECTION('',(-1.,2.435520001868E-07,-3.064102027429E-16));
#425 = DEFINITIONAL_REPRESENTATION('',(#426),#430);
#426 = CIRCLE('',#427,9.5);
#427 = AXIS2_PLACEMENT_2D('',#428,#429);
#428 = CARTESIAN_POINT('',(-33.95846959603,37.918058151026));
#429 = DIRECTION('',(2.435257141959E-07,-1.));
#430 = ( GEOMETRIC_REPRESENTATION_CONTEXT(2) 
PARAMETRIC_REPRESENTATION_CONTEXT() REPRESENTATION_CONTEXT('2D SPACE',''
  ) );
#431 = ORIENTED_EDGE('',*,*,#432,.T.);
#432 = EDGE_CURVE('',#404,#349,#433,.T.);
#433 = SEAM_CURVE('',#434,(#438,#445),.PCURVE_S1.);
#434 = LINE('',#435,#436);
#435 = CARTESIAN_POINT('',(4.819932612008E-03,-258.399999998,
    -366.0499999999));
#436 = VECTOR('',#437,1.);
#437 = DIRECTION('',(-3.064104139938E-16,-9.898264179031E-16,1.));
#438 = PCURVE('',#365,#439);
#439 = DEFINITIONAL_REPRESENTATION('',(#440),#444);
#440 = LINE('',#441,#442);
#441 = CARTESIAN_POINT('',(6.28318530718,-2.84217094304E-14));
#442 = VECTOR('',#443,1.);
#443 = DIRECTION('',(0.,1.));
#444 = ( GEOMETRIC_REPRESENTATION_CONTEXT(2) 
PARAMETRIC_REPRESENTATION_CONTEXT() REPRESENTATION_CONTEXT('2D SPACE',''
  ) );
#445 = PCURVE('',#365,#446);
#446 = DEFINITIONAL_REPRESENTATION('',(#447),#451);
#447 = LINE('',#448,#449);
#448 = CARTESIAN_POINT('',(0.,-2.84217094304E-14));
#449 = VECTOR('',#450,1.);
#450 = DIRECTION('',(0.,1.));
#451 = ( GEOMETRIC_REPRESENTATION_CONTEXT(2) 
PARAMETRIC_REPRESENTATION_CONTEXT() REPRESENTATION_CONTEXT('2D SPACE',''
  ) );
#452 = ORIENTED_EDGE('',*,*,#348,.F.);
#453 = ORIENTED_EDGE('',*,*,#377,.F.);
#454 = ORIENTED_EDGE('',*,*,#432,.F.);
#455 = ADVANCED_FACE('',(#456,#1075),#420,.T.);
#456 = FACE_BOUND('',#457,.T.);
#457 = EDGE_LOOP('',(#458,#488,#516,#544,#572,#600,#628,#661,#689,#722,
    #751,#780,#813,#841,#870,#899,#932,#960,#993,#1021,#1049));
#458 = ORIENTED_EDGE('',*,*,#459,.F.);
#459 = EDGE_CURVE('',#460,#462,#464,.T.);
#460 = VERTEX_POINT('',#461);
#461 = CARTESIAN_POINT('',(-5.695185134205,-288.6982257118,
    -214.9999999999));
#462 = VERTEX_POINT('',#463);
#463 = CARTESIAN_POINT('',(-5.695184208707,-284.8982257072,
    -214.9999999999));
#464 = SURFACE_CURVE('',#465,(#469,#476),.PCURVE_S1.);
#465 = LINE('',#466,#467);
#466 = CARTESIAN_POINT('',(-5.695185889216,-291.7982257072,
    -214.9999999999));
#467 = VECTOR('',#468,1.);
#468 = DIRECTION('',(2.435520001868E-07,1.,8.673618126152E-16));
#469 = PCURVE('',#420,#470);
#470 = DEFINITIONAL_REPRESENTATION('',(#471),#475);
#471 = LINE('',#472,#473);
#472 = CARTESIAN_POINT('',(-28.25846959491,61.816285248508));
#473 = VECTOR('',#474,1.);
#474 = DIRECTION('',(0.,-1.));
#475 = ( GEOMETRIC_REPRESENTATION_CONTEXT(2) 
PARAMETRIC_REPRESENTATION_CONTEXT() REPRESENTATION_CONTEXT('2D SPACE',''
  ) );
#476 = PCURVE('',#477,#482);
#477 = PLANE('',#478);
#478 = AXIS2_PLACEMENT_3D('',#479,#480,#481);
#479 = CARTESIAN_POINT('',(-5.695185889216,-291.7982257072,
    -214.9999999999));
#480 = DIRECTION('',(-1.,2.435520001868E-07,-3.064102027429E-16));
#481 = DIRECTION('',(-3.064104139906E-16,-8.673617379884E-16,1.));
#482 = DEFINITIONAL_REPRESENTATION('',(#483),#487);
#483 = LINE('',#484,#485);
#484 = CARTESIAN_POINT('',(0.,0.));
#485 = VECTOR('',#486,1.);
#486 = DIRECTION('',(-6.876221904686E-29,1.));
#487 = ( GEOMETRIC_REPRESENTATION_CONTEXT(2) 
PARAMETRIC_REPRESENTATION_CONTEXT() REPRESENTATION_CONTEXT('2D SPACE',''
  ) );
#488 = ORIENTED_EDGE('',*,*,#489,.T.);
#489 = EDGE_CURVE('',#460,#490,#492,.T.);
#490 = VERTEX_POINT('',#491);
#491 = CARTESIAN_POINT('',(5.704814865795,-288.6982284883,
    -214.9999999999));
#492 = SURFACE_CURVE('',#493,(#497,#504),.PCURVE_S1.);
#493 = LINE('',#494,#495);
#494 = CARTESIAN_POINT('',(-495.701706947,-288.6981063698,
    -214.9999999999));
#495 = VECTOR('',#496,1.);
#496 = DIRECTION('',(1.,-2.435520001868E-07,3.064102027429E-16));
#497 = PCURVE('',#420,#498);
#498 = DEFINITIONAL_REPRESENTATION('',(#499),#503);
#499 = LINE('',#500,#501);
#500 = CARTESIAN_POINT('',(461.74805221789,58.716285253086));
#501 = VECTOR('',#502,1.);
#502 = DIRECTION('',(-1.,0.));
#503 = ( GEOMETRIC_REPRESENTATION_CONTEXT(2) 
PARAMETRIC_REPRESENTATION_CONTEXT() REPRESENTATION_CONTEXT('2D SPACE',''
  ) );
#504 = PCURVE('',#505,#510);
#505 = PLANE('',#506);
#506 = AXIS2_PLACEMENT_3D('',#507,#508,#509);
#507 = CARTESIAN_POINT('',(-495.701706947,-288.6981063698,
    -214.9999999999));
#508 = DIRECTION('',(-1.722172711192E-07,-0.707106781187,0.707106781187)
  );
#509 = DIRECTION('',(1.,-2.435520001858E-07,3.057872319394E-16));
#510 = DEFINITIONAL_REPRESENTATION('',(#511),#515);
#511 = LINE('',#512,#513);
#512 = CARTESIAN_POINT('',(0.,0.));
#513 = VECTOR('',#514,1.);
#514 = DIRECTION('',(1.,-2.274283463378E-19));
#515 = ( GEOMETRIC_REPRESENTATION_CONTEXT(2) 
PARAMETRIC_REPRESENTATION_CONTEXT() REPRESENTATION_CONTEXT('2D SPACE',''
  ) );
#516 = ORIENTED_EDGE('',*,*,#517,.F.);
#517 = EDGE_CURVE('',#518,#490,#520,.T.);
#518 = VERTEX_POINT('',#519);
#519 = CARTESIAN_POINT('',(5.704815791293,-284.8982284837,
    -214.9999999999));
#520 = SURFACE_CURVE('',#521,(#525,#532),.PCURVE_S1.);
#521 = LINE('',#522,#523);
#522 = CARTESIAN_POINT('',(5.704815791293,-284.8982284837,
    -214.9999999999));
#523 = VECTOR('',#524,1.);
#524 = DIRECTION('',(-2.435520001868E-07,-1.,-8.673618126152E-16));
#525 = PCURVE('',#420,#526);
#526 = DEFINITIONAL_REPRESENTATION('',(#527),#531);
#527 = LINE('',#528,#529);
#528 = CARTESIAN_POINT('',(-39.65846959491,54.916285248515));
#529 = VECTOR('',#530,1.);
#530 = DIRECTION('',(0.,1.));
#531 = ( GEOMETRIC_REPRESENTATION_CONTEXT(2) 
PARAMETRIC_REPRESENTATION_CONTEXT() REPRESENTATION_CONTEXT('2D SPACE',''
  ) );
#532 = PCURVE('',#533,#538);
#533 = PLANE('',#534);
#534 = AXIS2_PLACEMENT_3D('',#535,#536,#537);
#535 = CARTESIAN_POINT('',(5.704815791293,-284.8982284837,
    -214.9999999999));
#536 = DIRECTION('',(1.,-2.435520001868E-07,3.064102027429E-16));
#537 = DIRECTION('',(2.435520001868E-07,1.,8.673618126152E-16));
#538 = DEFINITIONAL_REPRESENTATION('',(#539),#543);
#539 = LINE('',#540,#541);
#540 = CARTESIAN_POINT('',(0.,0.));
#541 = VECTOR('',#542,1.);
#542 = DIRECTION('',(-1.,-4.603253862884E-31));
#543 = ( GEOMETRIC_REPRESENTATION_CONTEXT(2) 
PARAMETRIC_REPRESENTATION_CONTEXT() REPRESENTATION_CONTEXT('2D SPACE',''
  ) );
#544 = ORIENTED_EDGE('',*,*,#545,.F.);
#545 = EDGE_CURVE('',#546,#518,#548,.T.);
#546 = VERTEX_POINT('',#547);
#547 = CARTESIAN_POINT('',(3.504815791293,-284.8982279479,
    -214.9999999999));
#548 = SURFACE_CURVE('',#549,(#553,#560),.PCURVE_S1.);
#549 = LINE('',#550,#551);
#550 = CARTESIAN_POINT('',(3.504815791293,-284.8982279479,
    -214.9999999999));
#551 = VECTOR('',#552,1.);
#552 = DIRECTION('',(1.,-2.435520001868E-07,3.064102027429E-16));
#553 = PCURVE('',#420,#554);
#554 = DEFINITIONAL_REPRESENTATION('',(#555),#559);
#555 = LINE('',#556,#557);
#556 = CARTESIAN_POINT('',(-37.45846959491,54.916285248509));
#557 = VECTOR('',#558,1.);
#558 = DIRECTION('',(-1.,0.));
#559 = ( GEOMETRIC_REPRESENTATION_CONTEXT(2) 
PARAMETRIC_REPRESENTATION_CONTEXT() REPRESENTATION_CONTEXT('2D SPACE',''
  ) );
#560 = PCURVE('',#561,#566);
#561 = PLANE('',#562);
#562 = AXIS2_PLACEMENT_3D('',#563,#564,#565);
#563 = CARTESIAN_POINT('',(3.504815791293,-284.8982279479,
    -214.9999999999));
#564 = DIRECTION('',(2.435520001868E-07,1.,8.673618126152E-16));
#565 = DIRECTION('',(-1.,2.435520001868E-07,-3.064102027429E-16));
#566 = DEFINITIONAL_REPRESENTATION('',(#567),#571);
#567 = LINE('',#568,#569);
#568 = CARTESIAN_POINT('',(0.,0.));
#569 = VECTOR('',#570,1.);
#570 = DIRECTION('',(-1.,2.465190328816E-31));
#571 = ( GEOMETRIC_REPRESENTATION_CONTEXT(2) 
PARAMETRIC_REPRESENTATION_CONTEXT() REPRESENTATION_CONTEXT('2D SPACE',''
  ) );
#572 = ORIENTED_EDGE('',*,*,#573,.F.);
#573 = EDGE_CURVE('',#574,#546,#576,.T.);
#574 = VERTEX_POINT('',#575);
#575 = CARTESIAN_POINT('',(3.504817009053,-279.8982279479,
    -214.9999999999));
#576 = SURFACE_CURVE('',#577,(#581,#588),.PCURVE_S1.);
#577 = LINE('',#578,#579);
#578 = CARTESIAN_POINT('',(3.504815791293,-284.8982279479,
    -214.9999999999));
#579 = VECTOR('',#580,1.);
#580 = DIRECTION('',(-2.435520029623E-07,-1.,-8.673618126152E-16));
#581 = PCURVE('',#420,#582);
#582 = DEFINITIONAL_REPRESENTATION('',(#583),#587);
#583 = LINE('',#584,#585);
#584 = CARTESIAN_POINT('',(-37.45846959491,54.916285248509));
#585 = VECTOR('',#586,1.);
#586 = DIRECTION('',(2.775499963322E-15,1.));
#587 = ( GEOMETRIC_REPRESENTATION_CONTEXT(2) 
PARAMETRIC_REPRESENTATION_CONTEXT() REPRESENTATION_CONTEXT('2D SPACE',''
  ) );
#588 = PCURVE('',#589,#594);
#589 = PLANE('',#590);
#590 = AXIS2_PLACEMENT_3D('',#591,#592,#593);
#591 = CARTESIAN_POINT('',(3.504815791293,-284.8982279479,
    -214.9999999999));
#592 = DIRECTION('',(1.,-2.435520029623E-07,3.064102027429E-16));
#593 = DIRECTION('',(2.435520029623E-07,1.,8.673618126152E-16));
#594 = DEFINITIONAL_REPRESENTATION('',(#595),#599);
#595 = LINE('',#596,#597);
#596 = CARTESIAN_POINT('',(0.,0.));
#597 = VECTOR('',#598,1.);
#598 = DIRECTION('',(-1.,-4.313159136868E-33));
#599 = ( GEOMETRIC_REPRESENTATION_CONTEXT(2) 
PARAMETRIC_REPRESENTATION_CONTEXT() REPRESENTATION_CONTEXT('2D SPACE',''
  ) );
#600 = ORIENTED_EDGE('',*,*,#601,.F.);
#601 = EDGE_CURVE('',#602,#574,#604,.T.);
#602 = VERTEX_POINT('',#603);
#603 = CARTESIAN_POINT('',(7.10481701038,-279.8982288247,-214.9999999999
    ));
#604 = SURFACE_CURVE('',#605,(#609,#616),.PCURVE_S1.);
#605 = LINE('',#606,#607);
#606 = CARTESIAN_POINT('',(7.10481701038,-279.8982288247,-214.9999999999
    ));
#607 = VECTOR('',#608,1.);
#608 = DIRECTION('',(-1.,2.43551984767E-07,-3.064102027429E-16));
#609 = PCURVE('',#420,#610);
#610 = DEFINITIONAL_REPRESENTATION('',(#611),#615);
#611 = LINE('',#612,#613);
#612 = CARTESIAN_POINT('',(-41.05846959624,49.916285248512));
#613 = VECTOR('',#614,1.);
#614 = DIRECTION('',(1.,1.541980001216E-14));
#615 = ( GEOMETRIC_REPRESENTATION_CONTEXT(2) 
PARAMETRIC_REPRESENTATION_CONTEXT() REPRESENTATION_CONTEXT('2D SPACE',''
  ) );
#616 = PCURVE('',#617,#622);
#617 = PLANE('',#618);
#618 = AXIS2_PLACEMENT_3D('',#619,#620,#621);
#619 = CARTESIAN_POINT('',(7.10481701038,-279.8982288247,-214.9999999999
    ));
#620 = DIRECTION('',(-2.43551984767E-07,-1.,-8.673618126152E-16));
#621 = DIRECTION('',(1.,-2.43551984767E-07,3.064102027429E-16));
#622 = DEFINITIONAL_REPRESENTATION('',(#623),#627);
#623 = LINE('',#624,#625);
#624 = CARTESIAN_POINT('',(0.,0.));
#625 = VECTOR('',#626,1.);
#626 = DIRECTION('',(-1.,-2.465190328816E-31));
#627 = ( GEOMETRIC_REPRESENTATION_CONTEXT(2) 
PARAMETRIC_REPRESENTATION_CONTEXT() REPRESENTATION_CONTEXT('2D SPACE',''
  ) );
#628 = ORIENTED_EDGE('',*,*,#629,.F.);
#629 = EDGE_CURVE('',#630,#602,#632,.T.);
#630 = VERTEX_POINT('',#631);
#631 = CARTESIAN_POINT('',(9.104817497484,-277.8982293118,
    -214.9999999999));
#632 = SURFACE_CURVE('',#633,(#638,#649),.PCURVE_S1.);
#633 = CIRCLE('',#634,2.);
#634 = AXIS2_PLACEMENT_3D('',#635,#636,#637);
#635 = CARTESIAN_POINT('',(7.104817497484,-277.8982288247,
    -214.9999999999));
#636 = DIRECTION('',(3.064104139906E-16,8.673617379884E-16,-1.));
#637 = DIRECTION('',(-1.,2.435520006158E-07,-3.064102027429E-16));
#638 = PCURVE('',#420,#639);
#639 = DEFINITIONAL_REPRESENTATION('',(#640),#648);
#640 = ( BOUNDED_CURVE() B_SPLINE_CURVE(2,(#641,#642,#643,#644,#645,#646
,#647),.UNSPECIFIED.,.T.,.F.) B_SPLINE_CURVE_WITH_KNOTS((1,2,2,2,2,1),(
    -2.094395102393,0.,2.094395102393,4.188790204786,6.28318530718,
8.377580409573),.UNSPECIFIED.) CURVE() GEOMETRIC_REPRESENTATION_ITEM() 
RATIONAL_B_SPLINE_CURVE((1.,0.5,1.,0.5,1.,0.5,1.)) REPRESENTATION_ITEM(
  '') );
#641 = CARTESIAN_POINT('',(-39.05846959624,47.916285248512));
#642 = CARTESIAN_POINT('',(-39.05846959624,44.452183633374));
#643 = CARTESIAN_POINT('',(-42.05846959624,46.184234440943));
#644 = CARTESIAN_POINT('',(-45.05846959624,47.916285248512));
#645 = CARTESIAN_POINT('',(-42.05846959624,49.648336056081));
#646 = CARTESIAN_POINT('',(-39.05846959624,51.38038686365));
#647 = CARTESIAN_POINT('',(-39.05846959624,47.916285248512));
#648 = ( GEOMETRIC_REPRESENTATION_CONTEXT(2) 
PARAMETRIC_REPRESENTATION_CONTEXT() REPRESENTATION_CONTEXT('2D SPACE',''
  ) );
#649 = PCURVE('',#650,#655);
#650 = CYLINDRICAL_SURFACE('',#651,2.);
#651 = AXIS2_PLACEMENT_3D('',#652,#653,#654);
#652 = CARTESIAN_POINT('',(7.104817497484,-277.8982288247,
    -214.9999999999));
#653 = DIRECTION('',(3.064104139906E-16,8.673617379884E-16,-1.));
#654 = DIRECTION('',(-2.435519980137E-07,-1.,-8.673618126152E-16));
#655 = DEFINITIONAL_REPRESENTATION('',(#656),#660);
#656 = LINE('',#657,#658);
#657 = CARTESIAN_POINT('',(1.570796326795,0.));
#658 = VECTOR('',#659,1.);
#659 = DIRECTION('',(1.,0.));
#660 = ( GEOMETRIC_REPRESENTATION_CONTEXT(2) 
PARAMETRIC_REPRESENTATION_CONTEXT() REPRESENTATION_CONTEXT('2D SPACE',''
  ) );
#661 = ORIENTED_EDGE('',*,*,#662,.F.);
#662 = EDGE_CURVE('',#663,#630,#665,.T.);
#663 = VERTEX_POINT('',#664);
#664 = CARTESIAN_POINT('',(9.104818381621,-274.2561016453,
    -214.9999999999));
#665 = SURFACE_CURVE('',#666,(#670,#677),.PCURVE_S1.);
#666 = LINE('',#667,#668);
#667 = CARTESIAN_POINT('',(9.104818384532,-274.2561016473,
    -214.9999999999));
#668 = VECTOR('',#669,1.);
#669 = DIRECTION('',(-2.435520111415E-07,-1.,-8.673618126152E-16));
#670 = PCURVE('',#420,#671);
#671 = DEFINITIONAL_REPRESENTATION('',(#672),#676);
#672 = LINE('',#673,#674);
#673 = CARTESIAN_POINT('',(-43.05846959624,44.27415758399));
#674 = VECTOR('',#675,1.);
#675 = DIRECTION('',(1.095469997673E-14,1.));
#676 = ( GEOMETRIC_REPRESENTATION_CONTEXT(2) 
PARAMETRIC_REPRESENTATION_CONTEXT() REPRESENTATION_CONTEXT('2D SPACE',''
  ) );
#677 = PCURVE('',#678,#683);
#678 = PLANE('',#679);
#679 = AXIS2_PLACEMENT_3D('',#680,#681,#682);
#680 = CARTESIAN_POINT('',(9.104818384532,-274.2561016473,
    -214.9999999999));
#681 = DIRECTION('',(1.,-2.435520111415E-07,3.064102027429E-16));
#682 = DIRECTION('',(2.435520111415E-07,1.,8.673618126152E-16));
#683 = DEFINITIONAL_REPRESENTATION('',(#684),#688);
#684 = LINE('',#685,#686);
#685 = CARTESIAN_POINT('',(0.,0.));
#686 = VECTOR('',#687,1.);
#687 = DIRECTION('',(-1.,-3.577401471064E-31));
#688 = ( GEOMETRIC_REPRESENTATION_CONTEXT(2) 
PARAMETRIC_REPRESENTATION_CONTEXT() REPRESENTATION_CONTEXT('2D SPACE',''
  ) );
#689 = ORIENTED_EDGE('',*,*,#690,.F.);
#690 = EDGE_CURVE('',#691,#663,#693,.T.);
#691 = VERTEX_POINT('',#692);
#692 = CARTESIAN_POINT('',(8.177136691782,-260.3884596235,
    -214.9999999999));
#693 = SURFACE_CURVE('',#694,(#699,#710),.PCURVE_S1.);
#694 = CIRCLE('',#695,11.1);
#695 = AXIS2_PLACEMENT_3D('',#696,#697,#698);
#696 = CARTESIAN_POINT('',(4.819929576996E-03,-267.8999999962,
    -214.9999999999));
#697 = DIRECTION('',(3.064104139906E-16,8.673617379884E-16,-1.));
#698 = DIRECTION('',(-1.,2.435520001939E-07,-3.064102027429E-16));
#699 = PCURVE('',#420,#700);
#700 = DEFINITIONAL_REPRESENTATION('',(#701),#709);
#701 = ( BOUNDED_CURVE() B_SPLINE_CURVE(2,(#702,#703,#704,#705,#706,#707
,#708),.UNSPECIFIED.,.T.,.F.) B_SPLINE_CURVE_WITH_KNOTS((1,2,2,2,2,1),(
    -2.094395102393,0.,2.094395102393,4.188790204786,6.28318530718,
8.377580409573),.UNSPECIFIED.) CURVE() GEOMETRIC_REPRESENTATION_ITEM() 
RATIONAL_B_SPLINE_CURVE((1.,0.5,1.,0.5,1.,0.5,1.)) REPRESENTATION_ITEM(
  '') );
#702 = CARTESIAN_POINT('',(-22.85846959324,37.91805814925));
#703 = CARTESIAN_POINT('',(-22.85846959324,18.692294185235));
#704 = CARTESIAN_POINT('',(-39.50846959324,28.305176167243));
#705 = CARTESIAN_POINT('',(-56.15846959324,37.91805814925));
#706 = CARTESIAN_POINT('',(-39.50846959324,47.530940131257));
#707 = CARTESIAN_POINT('',(-22.85846959324,57.143822113264));
#708 = CARTESIAN_POINT('',(-22.85846959324,37.91805814925));
#709 = ( GEOMETRIC_REPRESENTATION_CONTEXT(2) 
PARAMETRIC_REPRESENTATION_CONTEXT() REPRESENTATION_CONTEXT('2D SPACE',''
  ) );
#710 = PCURVE('',#711,#716);
#711 = CYLINDRICAL_SURFACE('',#712,11.1);
#712 = AXIS2_PLACEMENT_3D('',#713,#714,#715);
#713 = CARTESIAN_POINT('',(4.819929576996E-03,-267.8999999962,
    -214.9999999999));
#714 = DIRECTION('',(3.064104139906E-16,8.673617379884E-16,-1.));
#715 = DIRECTION('',(-2.435520003892E-07,-1.,-8.673618126152E-16));
#716 = DEFINITIONAL_REPRESENTATION('',(#717),#721);
#717 = LINE('',#718,#719);
#718 = CARTESIAN_POINT('',(1.570796326795,0.));
#719 = VECTOR('',#720,1.);
#720 = DIRECTION('',(1.,0.));
#721 = ( GEOMETRIC_REPRESENTATION_CONTEXT(2) 
PARAMETRIC_REPRESENTATION_CONTEXT() REPRESENTATION_CONTEXT('2D SPACE',''
  ) );
#722 = ORIENTED_EDGE('',*,*,#723,.F.);
#723 = EDGE_CURVE('',#724,#691,#726,.T.);
#724 = VERTEX_POINT('',#725);
#725 = CARTESIAN_POINT('',(6.696775507317,-251.4155645497,
    -214.9999999999));
#726 = SURFACE_CURVE('',#727,(#732,#739),.PCURVE_S1.);
#727 = CIRCLE('',#728,8.29999999706);
#728 = AXIS2_PLACEMENT_3D('',#729,#730,#731);
#729 = CARTESIAN_POINT('',(14.28796813994,-254.7717222286,
    -214.9999999999));
#730 = DIRECTION('',(-3.064104139906E-16,-8.673617379884E-16,1.));
#731 = DIRECTION('',(1.,-2.435520001064E-07,3.064102027429E-16));
#732 = PCURVE('',#420,#733);
#733 = DEFINITIONAL_REPRESENTATION('',(#734),#738);
#734 = CIRCLE('',#735,8.29999999706);
#735 = AXIS2_PLACEMENT_2D('',#736,#737);
#736 = CARTESIAN_POINT('',(-48.24161460619,24.789776902913));
#737 = DIRECTION('',(-1.,-8.040004971602E-17));
#738 = ( GEOMETRIC_REPRESENTATION_CONTEXT(2) 
PARAMETRIC_REPRESENTATION_CONTEXT() REPRESENTATION_CONTEXT('2D SPACE',''
  ) );
#739 = PCURVE('',#740,#745);
#740 = CYLINDRICAL_SURFACE('',#741,8.29999999706);
#741 = AXIS2_PLACEMENT_3D('',#742,#743,#744);
#742 = CARTESIAN_POINT('',(14.28796813994,-254.7717222286,
    -214.9999999999));
#743 = DIRECTION('',(3.064104139906E-16,8.673617379884E-16,-1.));
#744 = DIRECTION('',(-2.435520009424E-07,-1.,-8.673618126152E-16));
#745 = DEFINITIONAL_REPRESENTATION('',(#746),#750);
#746 = LINE('',#747,#748);
#747 = CARTESIAN_POINT('',(4.712388980385,0.));
#748 = VECTOR('',#749,1.);
#749 = DIRECTION('',(-1.,0.));
#750 = ( GEOMETRIC_REPRESENTATION_CONTEXT(2) 
PARAMETRIC_REPRESENTATION_CONTEXT() REPRESENTATION_CONTEXT('2D SPACE',''
  ) );
#751 = ORIENTED_EDGE('',*,*,#752,.F.);
#752 = EDGE_CURVE('',#753,#724,#755,.T.);
#753 = VERTEX_POINT('',#754);
#754 = CARTESIAN_POINT('',(7.300176559302,-250.2927972709,
    -214.9999999999));
#755 = SURFACE_CURVE('',#756,(#761,#768),.PCURVE_S1.);
#756 = CIRCLE('',#757,8.263964562602);
#757 = AXIS2_PLACEMENT_3D('',#758,#759,#760);
#758 = CARTESIAN_POINT('',(14.2561318295,-254.7546126605,-214.9999999999
    ));
#759 = DIRECTION('',(-3.064104139906E-16,-8.673617379884E-16,1.));
#760 = DIRECTION('',(-1.,2.435520001116E-07,-3.064102027429E-16));
#761 = PCURVE('',#420,#762);
#762 = DEFINITIONAL_REPRESENTATION('',(#763),#767);
#763 = CIRCLE('',#764,8.263964562602);
#764 = AXIS2_PLACEMENT_2D('',#765,#766);
#765 = CARTESIAN_POINT('',(-48.20977829158,24.772667342572));
#766 = DIRECTION('',(1.,7.520000857371E-17));
#767 = ( GEOMETRIC_REPRESENTATION_CONTEXT(2) 
PARAMETRIC_REPRESENTATION_CONTEXT() REPRESENTATION_CONTEXT('2D SPACE',''
  ) );
#768 = PCURVE('',#769,#774);
#769 = CYLINDRICAL_SURFACE('',#770,8.263964562602);
#770 = AXIS2_PLACEMENT_3D('',#771,#772,#773);
#771 = CARTESIAN_POINT('',(14.2561318295,-254.7546126605,-214.9999999999
    ));
#772 = DIRECTION('',(3.064104139906E-16,8.673617379884E-16,-1.));
#773 = DIRECTION('',(-2.435520003215E-07,-1.,-8.673618126152E-16));
#774 = DEFINITIONAL_REPRESENTATION('',(#775),#779);
#775 = LINE('',#776,#777);
#776 = CARTESIAN_POINT('',(7.853981633974,0.));
#777 = VECTOR('',#778,1.);
#778 = DIRECTION('',(-1.,0.));
#779 = ( GEOMETRIC_REPRESENTATION_CONTEXT(2) 
PARAMETRIC_REPRESENTATION_CONTEXT() REPRESENTATION_CONTEXT('2D SPACE',''
  ) );
#780 = ORIENTED_EDGE('',*,*,#781,.T.);
#781 = EDGE_CURVE('',#753,#782,#784,.T.);
#782 = VERTEX_POINT('',#783);
#783 = CARTESIAN_POINT('',(4.823415155997E-03,-253.599999998,
    -214.9999999999));
#784 = SURFACE_CURVE('',#785,(#790,#801),.PCURVE_S1.);
#785 = CIRCLE('',#786,9.7);
#786 = AXIS2_PLACEMENT_3D('',#787,#788,#789);
#787 = CARTESIAN_POINT('',(4.825777611003E-03,-243.899999998,
    -214.9999999999));
#788 = DIRECTION('',(3.064104139906E-16,8.673617379884E-16,-1.));
#789 = DIRECTION('',(-2.435519998736E-07,-1.,-8.673618126152E-16));
#790 = PCURVE('',#420,#791);
#791 = DEFINITIONAL_REPRESENTATION('',(#792),#800);
#792 = ( BOUNDED_CURVE() B_SPLINE_CURVE(2,(#793,#794,#795,#796,#797,#798
,#799),.UNSPECIFIED.,.T.,.F.) B_SPLINE_CURVE_WITH_KNOTS((1,2,2,2,2,1),(
    -2.094395102393,0.,2.094395102393,4.188790204786,6.28318530718,
8.377580409573),.UNSPECIFIED.) CURVE() GEOMETRIC_REPRESENTATION_ITEM() 
RATIONAL_B_SPLINE_CURVE((1.,0.5,1.,0.5,1.,0.5,1.)) REPRESENTATION_ITEM(
  '') );
#793 = CARTESIAN_POINT('',(-33.95846959603,23.618058151026));
#794 = CARTESIAN_POINT('',(-17.15757676261,23.618058151026));
#795 = CARTESIAN_POINT('',(-25.55802317932,9.068058151026));
#796 = CARTESIAN_POINT('',(-33.95846959603,-5.481941848974));
#797 = CARTESIAN_POINT('',(-42.35891601274,9.068058151026));
#798 = CARTESIAN_POINT('',(-50.75936242945,23.618058151026));
#799 = CARTESIAN_POINT('',(-33.95846959603,23.618058151026));
#800 = ( GEOMETRIC_REPRESENTATION_CONTEXT(2) 
PARAMETRIC_REPRESENTATION_CONTEXT() REPRESENTATION_CONTEXT('2D SPACE',''
  ) );
#801 = PCURVE('',#802,#807);
#802 = CYLINDRICAL_SURFACE('',#803,9.7);
#803 = AXIS2_PLACEMENT_3D('',#804,#805,#806);
#804 = CARTESIAN_POINT('',(4.825777610009E-03,-243.899999998,
    -214.9999999999));
#805 = DIRECTION('',(3.064104139906E-16,8.673617379884E-16,-1.));
#806 = DIRECTION('',(-2.435519998737E-07,-1.,-8.673618126152E-16));
#807 = DEFINITIONAL_REPRESENTATION('',(#808),#812);
#808 = LINE('',#809,#810);
#809 = CARTESIAN_POINT('',(-6.750155989721E-14,-2.84217094304E-14));
#810 = VECTOR('',#811,1.);
#811 = DIRECTION('',(1.,0.));
#812 = ( GEOMETRIC_REPRESENTATION_CONTEXT(2) 
PARAMETRIC_REPRESENTATION_CONTEXT() REPRESENTATION_CONTEXT('2D SPACE',''
  ) );
#813 = ORIENTED_EDGE('',*,*,#814,.T.);
#814 = EDGE_CURVE('',#782,#815,#817,.T.);
#815 = VERTEX_POINT('',#816);
#816 = CARTESIAN_POINT('',(-7.29052812709,-250.292793707,-214.9999999999
    ));
#817 = SURFACE_CURVE('',#818,(#823,#834),.PCURVE_S1.);
#818 = CIRCLE('',#819,9.7);
#819 = AXIS2_PLACEMENT_3D('',#820,#821,#822);
#820 = CARTESIAN_POINT('',(4.825777611003E-03,-243.899999998,
    -214.9999999999));
#821 = DIRECTION('',(3.064104139906E-16,8.673617379884E-16,-1.));
#822 = DIRECTION('',(-2.435519998736E-07,-1.,-8.673618126152E-16));
#823 = PCURVE('',#420,#824);
#824 = DEFINITIONAL_REPRESENTATION('',(#825),#833);
#825 = ( BOUNDED_CURVE() B_SPLINE_CURVE(2,(#826,#827,#828,#829,#830,#831
,#832),.UNSPECIFIED.,.T.,.F.) B_SPLINE_CURVE_WITH_KNOTS((1,2,2,2,2,1),(
    -2.094395102393,0.,2.094395102393,4.188790204786,6.28318530718,
8.377580409573),.UNSPECIFIED.) CURVE() GEOMETRIC_REPRESENTATION_ITEM() 
RATIONAL_B_SPLINE_CURVE((1.,0.5,1.,0.5,1.,0.5,1.)) REPRESENTATION_ITEM(
  '') );
#826 = CARTESIAN_POINT('',(-33.95846959603,23.618058151026));
#827 = CARTESIAN_POINT('',(-17.15757676261,23.618058151026));
#828 = CARTESIAN_POINT('',(-25.55802317932,9.068058151026));
#829 = CARTESIAN_POINT('',(-33.95846959603,-5.481941848974));
#830 = CARTESIAN_POINT('',(-42.35891601274,9.068058151026));
#831 = CARTESIAN_POINT('',(-50.75936242945,23.618058151026));
#832 = CARTESIAN_POINT('',(-33.95846959603,23.618058151026));
#833 = ( GEOMETRIC_REPRESENTATION_CONTEXT(2) 
PARAMETRIC_REPRESENTATION_CONTEXT() REPRESENTATION_CONTEXT('2D SPACE',''
  ) );
#834 = PCURVE('',#802,#835);
#835 = DEFINITIONAL_REPRESENTATION('',(#836),#840);
#836 = LINE('',#837,#838);
#837 = CARTESIAN_POINT('',(0.,-2.84217094304E-14));
#838 = VECTOR('',#839,1.);
#839 = DIRECTION('',(1.,0.));
#840 = ( GEOMETRIC_REPRESENTATION_CONTEXT(2) 
PARAMETRIC_REPRESENTATION_CONTEXT() REPRESENTATION_CONTEXT('2D SPACE',''
  ) );
#841 = ORIENTED_EDGE('',*,*,#842,.F.);
#842 = EDGE_CURVE('',#843,#815,#845,.T.);
#843 = VERTEX_POINT('',#844);
#844 = CARTESIAN_POINT('',(-6.686179644185,-251.4177063,-214.9999999999)
  );
#845 = SURFACE_CURVE('',#846,(#851,#858),.PCURVE_S1.);
#846 = CIRCLE('',#847,8.263868230517);
#847 = AXIS2_PLACEMENT_3D('',#848,#849,#850);
#848 = CARTESIAN_POINT('',(-14.24639768394,-254.7545643016,
    -214.9999999999));
#849 = DIRECTION('',(-3.064104139906E-16,-8.673617379884E-16,1.));
#850 = DIRECTION('',(-1.,2.435520002897E-07,-3.064102027429E-16));
#851 = PCURVE('',#420,#852);
#852 = DEFINITIONAL_REPRESENTATION('',(#853),#857);
#853 = CIRCLE('',#854,8.263868230517);
#854 = AXIS2_PLACEMENT_2D('',#855,#856);
#855 = CARTESIAN_POINT('',(-19.70724877812,24.772625925546));
#856 = DIRECTION('',(1.,-1.028999976522E-16));
#857 = ( GEOMETRIC_REPRESENTATION_CONTEXT(2) 
PARAMETRIC_REPRESENTATION_CONTEXT() REPRESENTATION_CONTEXT('2D SPACE',''
  ) );
#858 = PCURVE('',#859,#864);
#859 = CYLINDRICAL_SURFACE('',#860,8.263868230517);
#860 = AXIS2_PLACEMENT_3D('',#861,#862,#863);
#861 = CARTESIAN_POINT('',(-14.24639768394,-254.7545643016,
    -214.9999999999));
#862 = DIRECTION('',(3.064104139906E-16,8.673617379884E-16,-1.));
#863 = DIRECTION('',(-2.435519996599E-07,-1.,-8.673618126152E-16));
#864 = DEFINITIONAL_REPRESENTATION('',(#865),#869);
#865 = LINE('',#866,#867);
#866 = CARTESIAN_POINT('',(7.853981633974,0.));
#867 = VECTOR('',#868,1.);
#868 = DIRECTION('',(-1.,0.));
#869 = ( GEOMETRIC_REPRESENTATION_CONTEXT(2) 
PARAMETRIC_REPRESENTATION_CONTEXT() REPRESENTATION_CONTEXT('2D SPACE',''
  ) );
#870 = ORIENTED_EDGE('',*,*,#871,.F.);
#871 = EDGE_CURVE('',#872,#843,#874,.T.);
#872 = VERTEX_POINT('',#873);
#873 = CARTESIAN_POINT('',(-8.167493170577,-260.3884556415,
    -214.9999999999));
#874 = SURFACE_CURVE('',#875,(#880,#887),.PCURVE_S1.);
#875 = CIRCLE('',#876,8.299999996433);
#876 = AXIS2_PLACEMENT_3D('',#877,#878,#879);
#877 = CARTESIAN_POINT('',(-14.27832188247,-254.7717152706,
    -214.9999999999));
#878 = DIRECTION('',(-3.064104139906E-16,-8.673617379884E-16,1.));
#879 = DIRECTION('',(-1.,2.435520001248E-07,-3.064102027429E-16));
#880 = PCURVE('',#420,#881);
#881 = DEFINITIONAL_REPRESENTATION('',(#882),#886);
#882 = CIRCLE('',#883,8.299999996433);
#883 = AXIS2_PLACEMENT_2D('',#884,#885);
#884 = CARTESIAN_POINT('',(-19.67532458377,24.789776902267));
#885 = DIRECTION('',(1.,6.200000594238E-17));
#886 = ( GEOMETRIC_REPRESENTATION_CONTEXT(2) 
PARAMETRIC_REPRESENTATION_CONTEXT() REPRESENTATION_CONTEXT('2D SPACE',''
  ) );
#887 = PCURVE('',#888,#893);
#888 = CYLINDRICAL_SURFACE('',#889,8.299999996433);
#889 = AXIS2_PLACEMENT_3D('',#890,#891,#892);
#890 = CARTESIAN_POINT('',(-14.27832188247,-254.7717152706,
    -214.9999999999));
#891 = DIRECTION('',(3.064104139906E-16,8.673617379884E-16,-1.));
#892 = DIRECTION('',(-2.435520009609E-07,-1.,-8.673618126152E-16));
#893 = DEFINITIONAL_REPRESENTATION('',(#894),#898);
#894 = LINE('',#895,#896);
#895 = CARTESIAN_POINT('',(7.853981633974,0.));
#896 = VECTOR('',#897,1.);
#897 = DIRECTION('',(-1.,0.));
#898 = ( GEOMETRIC_REPRESENTATION_CONTEXT(2) 
PARAMETRIC_REPRESENTATION_CONTEXT() REPRESENTATION_CONTEXT('2D SPACE',''
  ) );
#899 = ORIENTED_EDGE('',*,*,#900,.F.);
#900 = EDGE_CURVE('',#901,#872,#903,.T.);
#901 = VERTEX_POINT('',#902);
#902 = CARTESIAN_POINT('',(-9.095181616742,-274.2560972152,
    -214.9999999999));
#903 = SURFACE_CURVE('',#904,(#909,#920),.PCURVE_S1.);
#904 = CIRCLE('',#905,11.1);
#905 = AXIS2_PLACEMENT_3D('',#906,#907,#908);
#906 = CARTESIAN_POINT('',(4.819929576996E-03,-267.8999999962,
    -214.9999999999));
#907 = DIRECTION('',(3.064104139906E-16,8.673617379884E-16,-1.));
#908 = DIRECTION('',(1.,-2.435520001939E-07,3.064102027429E-16));
#909 = PCURVE('',#420,#910);
#910 = DEFINITIONAL_REPRESENTATION('',(#911),#919);
#911 = ( BOUNDED_CURVE() B_SPLINE_CURVE(2,(#912,#913,#914,#915,#916,#917
,#918),.UNSPECIFIED.,.T.,.F.) B_SPLINE_CURVE_WITH_KNOTS((1,2,2,2,2,1),(
    -2.094395102393,0.,2.094395102393,4.188790204786,6.28318530718,
8.377580409573),.UNSPECIFIED.) CURVE() GEOMETRIC_REPRESENTATION_ITEM() 
RATIONAL_B_SPLINE_CURVE((1.,0.5,1.,0.5,1.,0.5,1.)) REPRESENTATION_ITEM(
  '') );
#912 = CARTESIAN_POINT('',(-45.05846959324,37.91805814925));
#913 = CARTESIAN_POINT('',(-45.05846959324,57.143822113264));
#914 = CARTESIAN_POINT('',(-28.40846959324,47.530940131257));
#915 = CARTESIAN_POINT('',(-11.75846959324,37.91805814925));
#916 = CARTESIAN_POINT('',(-28.40846959324,28.305176167243));
#917 = CARTESIAN_POINT('',(-45.05846959324,18.692294185235));
#918 = CARTESIAN_POINT('',(-45.05846959324,37.91805814925));
#919 = ( GEOMETRIC_REPRESENTATION_CONTEXT(2) 
PARAMETRIC_REPRESENTATION_CONTEXT() REPRESENTATION_CONTEXT('2D SPACE',''
  ) );
#920 = PCURVE('',#921,#926);
#921 = CYLINDRICAL_SURFACE('',#922,11.1);
#922 = AXIS2_PLACEMENT_3D('',#923,#924,#925);
#923 = CARTESIAN_POINT('',(4.819929576996E-03,-267.8999999962,
    -214.9999999999));
#924 = DIRECTION('',(3.064104139906E-16,8.673617379884E-16,-1.));
#925 = DIRECTION('',(-2.435520003892E-07,-1.,-8.673618126152E-16));
#926 = DEFINITIONAL_REPRESENTATION('',(#927),#931);
#927 = LINE('',#928,#929);
#928 = CARTESIAN_POINT('',(-1.570796326795,0.));
#929 = VECTOR('',#930,1.);
#930 = DIRECTION('',(1.,0.));
#931 = ( GEOMETRIC_REPRESENTATION_CONTEXT(2) 
PARAMETRIC_REPRESENTATION_CONTEXT() REPRESENTATION_CONTEXT('2D SPACE',''
  ) );
#932 = ORIENTED_EDGE('',*,*,#933,.F.);
#933 = EDGE_CURVE('',#934,#901,#936,.T.);
#934 = VERTEX_POINT('',#935);
#935 = CARTESIAN_POINT('',(-9.095182503789,-277.8982248792,
    -214.9999999999));
#936 = SURFACE_CURVE('',#937,(#941,#948),.PCURVE_S1.);
#937 = LINE('',#938,#939);
#938 = CARTESIAN_POINT('',(-9.095182503789,-277.8982248792,
    -214.9999999999));
#939 = VECTOR('',#940,1.);
#940 = DIRECTION('',(2.435519997105E-07,1.,8.673618126152E-16));
#941 = PCURVE('',#420,#942);
#942 = DEFINITIONAL_REPRESENTATION('',(#943),#947);
#943 = LINE('',#944,#945);
#944 = CARTESIAN_POINT('',(-24.85846959496,47.916285248514));
#945 = VECTOR('',#946,1.);
#946 = DIRECTION('',(4.763000199496E-16,-1.));
#947 = ( GEOMETRIC_REPRESENTATION_CONTEXT(2) 
PARAMETRIC_REPRESENTATION_CONTEXT() REPRESENTATION_CONTEXT('2D SPACE',''
  ) );
#948 = PCURVE('',#949,#954);
#949 = PLANE('',#950);
#950 = AXIS2_PLACEMENT_3D('',#951,#952,#953);
#951 = CARTESIAN_POINT('',(-9.095182503789,-277.8982248792,
    -214.9999999999));
#952 = DIRECTION('',(-1.,2.435519997105E-07,-3.064102027429E-16));
#953 = DIRECTION('',(-2.435519997105E-07,-1.,-8.673618126152E-16));
#954 = DEFINITIONAL_REPRESENTATION('',(#955),#959);
#955 = LINE('',#956,#957);
#956 = CARTESIAN_POINT('',(-0.,0.));
#957 = VECTOR('',#958,1.);
#958 = DIRECTION('',(-1.,1.462309094951E-32));
#959 = ( GEOMETRIC_REPRESENTATION_CONTEXT(2) 
PARAMETRIC_REPRESENTATION_CONTEXT() REPRESENTATION_CONTEXT('2D SPACE',''
  ) );
#960 = ORIENTED_EDGE('',*,*,#961,.F.);
#961 = EDGE_CURVE('',#962,#934,#964,.T.);
#962 = VERTEX_POINT('',#963);
#963 = CARTESIAN_POINT('',(-7.095182990893,-279.8982253663,
    -214.9999999999));
#964 = SURFACE_CURVE('',#965,(#970,#981),.PCURVE_S1.);
#965 = CIRCLE('',#966,2.);
#966 = AXIS2_PLACEMENT_3D('',#967,#968,#969);
#967 = CARTESIAN_POINT('',(-7.095182503789,-277.8982253663,
    -214.9999999999));
#968 = DIRECTION('',(3.064104139906E-16,8.673617379884E-16,-1.));
#969 = DIRECTION('',(1.,-2.435520006158E-07,3.064102027429E-16));
#970 = PCURVE('',#420,#971);
#971 = DEFINITIONAL_REPRESENTATION('',(#972),#980);
#972 = ( BOUNDED_CURVE() B_SPLINE_CURVE(2,(#973,#974,#975,#976,#977,#978
,#979),.UNSPECIFIED.,.T.,.F.) B_SPLINE_CURVE_WITH_KNOTS((1,2,2,2,2,1),(
    -2.094395102393,0.,2.094395102393,4.188790204786,6.28318530718,
8.377580409573),.UNSPECIFIED.) CURVE() GEOMETRIC_REPRESENTATION_ITEM() 
RATIONAL_B_SPLINE_CURVE((1.,0.5,1.,0.5,1.,0.5,1.)) REPRESENTATION_ITEM(
  '') );
#973 = CARTESIAN_POINT('',(-28.85846959496,47.91628524851));
#974 = CARTESIAN_POINT('',(-28.85846959496,51.380386863648));
#975 = CARTESIAN_POINT('',(-25.85846959496,49.648336056079));
#976 = CARTESIAN_POINT('',(-22.85846959496,47.91628524851));
#977 = CARTESIAN_POINT('',(-25.85846959496,46.184234440942));
#978 = CARTESIAN_POINT('',(-28.85846959496,44.452183633373));
#979 = CARTESIAN_POINT('',(-28.85846959496,47.91628524851));
#980 = ( GEOMETRIC_REPRESENTATION_CONTEXT(2) 
PARAMETRIC_REPRESENTATION_CONTEXT() REPRESENTATION_CONTEXT('2D SPACE',''
  ) );
#981 = PCURVE('',#982,#987);
#982 = CYLINDRICAL_SURFACE('',#983,2.);
#983 = AXIS2_PLACEMENT_3D('',#984,#985,#986);
#984 = CARTESIAN_POINT('',(-7.095182503789,-277.8982253663,
    -214.9999999999));
#985 = DIRECTION('',(3.064104139906E-16,8.673617379884E-16,-1.));
#986 = DIRECTION('',(-2.435519980137E-07,-1.,-8.673618126152E-16));
#987 = DEFINITIONAL_REPRESENTATION('',(#988),#992);
#988 = LINE('',#989,#990);
#989 = CARTESIAN_POINT('',(-1.570796326795,0.));
#990 = VECTOR('',#991,1.);
#991 = DIRECTION('',(1.,0.));
#992 = ( GEOMETRIC_REPRESENTATION_CONTEXT(2) 
PARAMETRIC_REPRESENTATION_CONTEXT() REPRESENTATION_CONTEXT('2D SPACE',''
  ) );
#993 = ORIENTED_EDGE('',*,*,#994,.F.);
#994 = EDGE_CURVE('',#995,#962,#997,.T.);
#995 = VERTEX_POINT('',#996);
#996 = CARTESIAN_POINT('',(-3.495182990947,-279.8982262431,
    -214.9999999999));
#997 = SURFACE_CURVE('',#998,(#1002,#1009),.PCURVE_S1.);
#998 = LINE('',#999,#1000);
#999 = CARTESIAN_POINT('',(-3.495182990947,-279.8982262431,
    -214.9999999999));
#1000 = VECTOR('',#1001,1.);
#1001 = DIRECTION('',(-1.,2.435520001868E-07,-3.064102027429E-16));
#1002 = PCURVE('',#420,#1003);
#1003 = DEFINITIONAL_REPRESENTATION('',(#1004),#1008);
#1004 = LINE('',#1005,#1006);
#1005 = CARTESIAN_POINT('',(-30.45846959491,49.916285248513));
#1006 = VECTOR('',#1007,1.);
#1007 = DIRECTION('',(1.,0.));
#1008 = ( GEOMETRIC_REPRESENTATION_CONTEXT(2) 
PARAMETRIC_REPRESENTATION_CONTEXT() REPRESENTATION_CONTEXT('2D SPACE',''
  ) );
#1009 = PCURVE('',#1010,#1015);
#1010 = PLANE('',#1011);
#1011 = AXIS2_PLACEMENT_3D('',#1012,#1013,#1014);
#1012 = CARTESIAN_POINT('',(-3.495182990947,-279.8982262431,
    -214.9999999999));
#1013 = DIRECTION('',(-2.435520001868E-07,-1.,-8.673618126152E-16));
#1014 = DIRECTION('',(3.064104139906E-16,8.673617379883E-16,-1.));
#1015 = DEFINITIONAL_REPRESENTATION('',(#1016),#1020);
#1016 = LINE('',#1017,#1018);
#1017 = CARTESIAN_POINT('',(0.,0.));
#1018 = VECTOR('',#1019,1.);
#1019 = DIRECTION('',(-1.365715442164E-29,-1.));
#1020 = ( GEOMETRIC_REPRESENTATION_CONTEXT(2) 
PARAMETRIC_REPRESENTATION_CONTEXT() REPRESENTATION_CONTEXT('2D SPACE',''
  ) );
#1021 = ORIENTED_EDGE('',*,*,#1022,.F.);
#1022 = EDGE_CURVE('',#1023,#995,#1025,.T.);
#1023 = VERTEX_POINT('',#1024);
#1024 = CARTESIAN_POINT('',(-3.495184208707,-284.8982262431,
    -214.9999999999));
#1025 = SURFACE_CURVE('',#1026,(#1030,#1037),.PCURVE_S1.);
#1026 = LINE('',#1027,#1028);
#1027 = CARTESIAN_POINT('',(-3.495182990947,-279.8982262431,
    -214.9999999999));
#1028 = VECTOR('',#1029,1.);
#1029 = DIRECTION('',(2.435520001868E-07,1.,8.673618126152E-16));
#1030 = PCURVE('',#420,#1031);
#1031 = DEFINITIONAL_REPRESENTATION('',(#1032),#1036);
#1032 = LINE('',#1033,#1034);
#1033 = CARTESIAN_POINT('',(-30.45846959491,49.916285248513));
#1034 = VECTOR('',#1035,1.);
#1035 = DIRECTION('',(0.,-1.));
#1036 = ( GEOMETRIC_REPRESENTATION_CONTEXT(2) 
PARAMETRIC_REPRESENTATION_CONTEXT() REPRESENTATION_CONTEXT('2D SPACE',''
  ) );
#1037 = PCURVE('',#1038,#1043);
#1038 = PLANE('',#1039);
#1039 = AXIS2_PLACEMENT_3D('',#1040,#1041,#1042);
#1040 = CARTESIAN_POINT('',(-3.495182990947,-279.8982262431,
    -214.9999999999));
#1041 = DIRECTION('',(-1.,2.435520001868E-07,-3.064102027429E-16));
#1042 = DIRECTION('',(-3.064104139906E-16,-8.673617379884E-16,1.));
#1043 = DEFINITIONAL_REPRESENTATION('',(#1044),#1048);
#1044 = LINE('',#1045,#1046);
#1045 = CARTESIAN_POINT('',(0.,0.));
#1046 = VECTOR('',#1047,1.);
#1047 = DIRECTION('',(-6.876221904686E-29,1.));
#1048 = ( GEOMETRIC_REPRESENTATION_CONTEXT(2) 
PARAMETRIC_REPRESENTATION_CONTEXT() REPRESENTATION_CONTEXT('2D SPACE',''
  ) );
#1049 = ORIENTED_EDGE('',*,*,#1050,.F.);
#1050 = EDGE_CURVE('',#462,#1023,#1051,.T.);
#1051 = SURFACE_CURVE('',#1052,(#1056,#1063),.PCURVE_S1.);
#1052 = LINE('',#1053,#1054);
#1053 = CARTESIAN_POINT('',(-3.495184208707,-284.8982262431,
    -214.9999999999));
#1054 = VECTOR('',#1055,1.);
#1055 = DIRECTION('',(1.,-2.435520001868E-07,3.064102027429E-16));
#1056 = PCURVE('',#420,#1057);
#1057 = DEFINITIONAL_REPRESENTATION('',(#1058),#1062);
#1058 = LINE('',#1059,#1060);
#1059 = CARTESIAN_POINT('',(-30.45846959491,54.916285248513));
#1060 = VECTOR('',#1061,1.);
#1061 = DIRECTION('',(-1.,0.));
#1062 = ( GEOMETRIC_REPRESENTATION_CONTEXT(2) 
PARAMETRIC_REPRESENTATION_CONTEXT() REPRESENTATION_CONTEXT('2D SPACE',''
  ) );
#1063 = PCURVE('',#1064,#1069);
#1064 = PLANE('',#1065);
#1065 = AXIS2_PLACEMENT_3D('',#1066,#1067,#1068);
#1066 = CARTESIAN_POINT('',(-3.495184208707,-284.8982262431,
    -214.9999999999));
#1067 = DIRECTION('',(2.435520001868E-07,1.,8.673618126152E-16));
#1068 = DIRECTION('',(-1.,2.435520001868E-07,-3.064102027429E-16));
#1069 = DEFINITIONAL_REPRESENTATION('',(#1070),#1074);
#1070 = LINE('',#1071,#1072);
#1071 = CARTESIAN_POINT('',(0.,0.));
#1072 = VECTOR('',#1073,1.);
#1073 = DIRECTION('',(-1.,2.465190328816E-31));
#1074 = ( GEOMETRIC_REPRESENTATION_CONTEXT(2) 
PARAMETRIC_REPRESENTATION_CONTEXT() REPRESENTATION_CONTEXT('2D SPACE',''
  ) );
#1075 = FACE_BOUND('',#1076,.T.);
#1076 = EDGE_LOOP('',(#1077));
#1077 = ORIENTED_EDGE('',*,*,#403,.F.);
#1078 = ADVANCED_FACE('',(#1079),#769,.F.);
#1079 = FACE_BOUND('',#1080,.F.);
#1080 = EDGE_LOOP('',(#1081,#1082,#1105,#1178));
#1081 = ORIENTED_EDGE('',*,*,#752,.F.);
#1082 = ORIENTED_EDGE('',*,*,#1083,.T.);
#1083 = EDGE_CURVE('',#753,#1084,#1086,.T.);
#1084 = VERTEX_POINT('',#1085);
#1085 = CARTESIAN_POINT('',(7.300176559302,-250.2927972709,
    -233.7155871665));
#1086 = SURFACE_CURVE('',#1087,(#1091,#1098),.PCURVE_S1.);
#1087 = LINE('',#1088,#1089);
#1088 = CARTESIAN_POINT('',(7.300176559302,-250.2927972709,
    -214.9999999999));
#1089 = VECTOR('',#1090,1.);
#1090 = DIRECTION('',(3.064104139906E-16,8.673617379884E-16,-1.));
#1091 = PCURVE('',#769,#1092);
#1092 = DEFINITIONAL_REPRESENTATION('',(#1093),#1097);
#1093 = LINE('',#1094,#1095);
#1094 = CARTESIAN_POINT('',(2.141128893745,8.67438846952E-28));
#1095 = VECTOR('',#1096,1.);
#1096 = DIRECTION('',(-4.745661526907E-17,1.));
#1097 = ( GEOMETRIC_REPRESENTATION_CONTEXT(2) 
PARAMETRIC_REPRESENTATION_CONTEXT() REPRESENTATION_CONTEXT('2D SPACE',''
  ) );
#1098 = PCURVE('',#802,#1099);
#1099 = DEFINITIONAL_REPRESENTATION('',(#1100),#1104);
#1100 = LINE('',#1101,#1102);
#1101 = CARTESIAN_POINT('',(5.431945348455,-2.84217094304E-14));
#1102 = VECTOR('',#1103,1.);
#1103 = DIRECTION('',(0.,1.));
#1104 = ( GEOMETRIC_REPRESENTATION_CONTEXT(2) 
PARAMETRIC_REPRESENTATION_CONTEXT() REPRESENTATION_CONTEXT('2D SPACE',''
  ) );
#1105 = ORIENTED_EDGE('',*,*,#1106,.F.);
#1106 = EDGE_CURVE('',#1107,#1084,#1109,.T.);
#1107 = VERTEX_POINT('',#1108);
#1108 = CARTESIAN_POINT('',(6.696775507317,-251.4155645497,
    -234.5990051925));
#1109 = SURFACE_CURVE('',#1110,(#1115,#1144),.PCURVE_S1.);
#1110 = B_SPLINE_CURVE_WITH_KNOTS('',3,(#1111,#1112,#1113,#1114),
  .UNSPECIFIED.,.F.,.F.,(4,4),(0.,1.),.PIECEWISE_BEZIER_KNOTS.);
#1111 = CARTESIAN_POINT('',(6.696775507317,-251.4155645497,
    -234.5990051925));
#1112 = CARTESIAN_POINT('',(6.848959551657,-251.0710312038,
    -234.2289957984));
#1113 = CARTESIAN_POINT('',(7.044282367268,-250.6917354604,
    -233.9345231231));
#1114 = CARTESIAN_POINT('',(7.300176559302,-250.2927972709,
    -233.7155871665));
#1115 = PCURVE('',#769,#1116);
#1116 = DEFINITIONAL_REPRESENTATION('',(#1117),#1143);
#1117 = B_SPLINE_CURVE_WITH_KNOTS('',3,(#1118,#1119,#1120,#1121,#1122,
    #1123,#1124,#1125,#1126,#1127,#1128,#1129,#1130,#1131,#1132,#1133,
    #1134,#1135,#1136,#1137,#1138,#1139,#1140,#1141,#1142),
  .UNSPECIFIED.,.F.,.F.,(4,1,1,1,1,1,1,1,1,1,1,1,1,1,1,1,1,1,1,1,1,1,4),
  (0.,4.545454545455E-02,9.090909090909E-02,0.136363636364,
    0.181818181818,0.227272727273,0.272727272727,0.318181818182,
    0.363636363636,0.409090909091,0.454545454545,0.5,0.545454545455,
    0.590909090909,0.636363636364,0.681818181818,0.727272727273,
    0.772727272727,0.818181818182,0.863636363636,0.909090909091,
    0.954545454545,1.),.UNSPECIFIED.);
#1118 = CARTESIAN_POINT('',(1.986735229688,19.5990051926));
#1119 = CARTESIAN_POINT('',(1.988806916582,19.582186583777));
#1120 = CARTESIAN_POINT('',(1.992974899758,19.548861501333));
#1121 = CARTESIAN_POINT('',(1.999300502943,19.499810283273));
#1122 = CARTESIAN_POINT('',(2.005699526795,19.451695470817));
#1123 = CARTESIAN_POINT('',(2.012171791603,19.404517063966));
#1124 = CARTESIAN_POINT('',(2.018717136284,19.358275062719));
#1125 = CARTESIAN_POINT('',(2.025335421137,19.312969467077));
#1126 = CARTESIAN_POINT('',(2.032026527322,19.26860027704));
#1127 = CARTESIAN_POINT('',(2.038790357199,19.225167492608));
#1128 = CARTESIAN_POINT('',(2.045626834421,19.18267111378));
#1129 = CARTESIAN_POINT('',(2.052535904076,19.141111140556));
#1130 = CARTESIAN_POINT('',(2.059517532799,19.100487572937));
#1131 = CARTESIAN_POINT('',(2.066571708867,19.060800410922));
#1132 = CARTESIAN_POINT('',(2.073698442286,19.022049654511));
#1133 = CARTESIAN_POINT('',(2.080897764857,18.984235303705));
#1134 = CARTESIAN_POINT('',(2.088169730222,18.947357358503));
#1135 = CARTESIAN_POINT('',(2.095514413899,18.911415818905));
#1136 = CARTESIAN_POINT('',(2.102931913284,18.876410684911));
#1137 = CARTESIAN_POINT('',(2.110422347687,18.842341956521));
#1138 = CARTESIAN_POINT('',(2.117985858113,18.809209633734));
#1139 = CARTESIAN_POINT('',(2.12562260794,18.777013716552));
#1140 = CARTESIAN_POINT('',(2.133332780114,18.745754204974));
#1141 = CARTESIAN_POINT('',(2.13852198486,18.725538800991));
#1142 = CARTESIAN_POINT('',(2.141128893745,18.7155871666));
#1143 = ( GEOMETRIC_REPRESENTATION_CONTEXT(2) 
PARAMETRIC_REPRESENTATION_CONTEXT() REPRESENTATION_CONTEXT('2D SPACE',''
  ) );
#1144 = PCURVE('',#1145,#1150);
#1145 = CYLINDRICAL_SURFACE('',#1146,4.5);
#1146 = AXIS2_PLACEMENT_3D('',#1147,#1148,#1149);
#1147 = CARTESIAN_POINT('',(-10.28100841101,-237.9643031138,
    -237.7999999999));
#1148 = DIRECTION('',(0.866086291565,-0.499894524438,-1.68211524377E-16)
  );
#1149 = DIRECTION('',(0.499894524438,0.866086291565,1.232595164408E-32)
  );
#1150 = DEFINITIONAL_REPRESENTATION('',(#1151),#1177);
#1151 = B_SPLINE_CURVE_WITH_KNOTS('',3,(#1152,#1153,#1154,#1155,#1156,
    #1157,#1158,#1159,#1160,#1161,#1162,#1163,#1164,#1165,#1166,#1167,
    #1168,#1169,#1170,#1171,#1172,#1173,#1174,#1175,#1176),
  .UNSPECIFIED.,.F.,.F.,(4,1,1,1,1,1,1,1,1,1,1,1,1,1,1,1,1,1,1,1,1,1,4),
  (0.,4.545454545455E-02,9.090909090909E-02,0.136363636364,
    0.181818181818,0.227272727273,0.272727272727,0.318181818182,
    0.363636363636,0.409090909091,0.454545454545,0.5,0.545454545455,
    0.590909090909,0.636363636364,0.681818181818,0.727272727273,
    0.772727272727,0.818181818182,0.863636363636,0.909090909091,
    0.954545454545,1.),.UNSPECIFIED.);
#1152 = CARTESIAN_POINT('',(2.350200877157,21.428437851381));
#1153 = CARTESIAN_POINT('',(2.344883328466,21.426600314176));
#1154 = CARTESIAN_POINT('',(2.334263243931,21.423007819793));
#1155 = CARTESIAN_POINT('',(2.318374728226,21.417879584931));
#1156 = CARTESIAN_POINT('',(2.302524410111,21.413024623416));
#1157 = CARTESIAN_POINT('',(2.286708827292,21.408455701884));
#1158 = CARTESIAN_POINT('',(2.270924492482,21.404185586968));
#1159 = CARTESIAN_POINT('',(2.255167893786,21.400227045305));
#1160 = CARTESIAN_POINT('',(2.239435501165,21.396592843528));
#1161 = CARTESIAN_POINT('',(2.223723771097,21.393295748272));
#1162 = CARTESIAN_POINT('',(2.208029151558,21.390348526173));
#1163 = CARTESIAN_POINT('',(2.192348086784,21.387763943865));
#1164 = CARTESIAN_POINT('',(2.176677021985,21.385554767982));
#1165 = CARTESIAN_POINT('',(2.161012407976,21.38373376516));
#1166 = CARTESIAN_POINT('',(2.145350705765,21.382313702033));
#1167 = CARTESIAN_POINT('',(2.129688391105,21.381307345236));
#1168 = CARTESIAN_POINT('',(2.114021959033,21.380727461404));
#1169 = CARTESIAN_POINT('',(2.09834792842,21.380586817171));
#1170 = CARTESIAN_POINT('',(2.082662846492,21.380898179173));
#1171 = CARTESIAN_POINT('',(2.066963293558,21.381674314044));
#1172 = CARTESIAN_POINT('',(2.051245887147,21.38292798842));
#1173 = CARTESIAN_POINT('',(2.035507288607,21.384671968934));
#1174 = CARTESIAN_POINT('',(2.019744200814,21.386919022221));
#1175 = CARTESIAN_POINT('',(2.009216999912,21.388760950685));
#1176 = CARTESIAN_POINT('',(2.003948239683,21.389770015924));
#1177 = ( GEOMETRIC_REPRESENTATION_CONTEXT(2) 
PARAMETRIC_REPRESENTATION_CONTEXT() REPRESENTATION_CONTEXT('2D SPACE',''
  ) );
#1178 = ORIENTED_EDGE('',*,*,#1179,.F.);
#1179 = EDGE_CURVE('',#724,#1107,#1180,.T.);
#1180 = SURFACE_CURVE('',#1181,(#1185,#1192),.PCURVE_S1.);
#1181 = LINE('',#1182,#1183);
#1182 = CARTESIAN_POINT('',(6.696775507317,-251.4155645497,
    -214.9999999999));
#1183 = VECTOR('',#1184,1.);
#1184 = DIRECTION('',(3.064104139906E-16,8.673617379884E-16,-1.));
#1185 = PCURVE('',#769,#1186);
#1186 = DEFINITIONAL_REPRESENTATION('',(#1187),#1191);
#1187 = LINE('',#1188,#1189);
#1188 = CARTESIAN_POINT('',(1.986735229688,0.));
#1189 = VECTOR('',#1190,1.);
#1190 = DIRECTION('',(0.,1.));
#1191 = ( GEOMETRIC_REPRESENTATION_CONTEXT(2) 
PARAMETRIC_REPRESENTATION_CONTEXT() REPRESENTATION_CONTEXT('2D SPACE',''
  ) );
#1192 = PCURVE('',#740,#1193);
#1193 = DEFINITIONAL_REPRESENTATION('',(#1194),#1198);
#1194 = LINE('',#1195,#1196);
#1195 = CARTESIAN_POINT('',(1.987071051904,0.));
#1196 = VECTOR('',#1197,1.);
#1197 = DIRECTION('',(0.,1.));
#1198 = ( GEOMETRIC_REPRESENTATION_CONTEXT(2) 
PARAMETRIC_REPRESENTATION_CONTEXT() REPRESENTATION_CONTEXT('2D SPACE',''
  ) );
#1199 = ADVANCED_FACE('',(#1200),#1145,.F.);
#1200 = FACE_BOUND('',#1201,.F.);
#1201 = EDGE_LOOP('',(#1202,#1203,#1325,#1353,#1426,#1553,#1605,#1678,
    #1706));
#1202 = ORIENTED_EDGE('',*,*,#1106,.T.);
#1203 = ORIENTED_EDGE('',*,*,#1204,.T.);
#1204 = EDGE_CURVE('',#1084,#1205,#1207,.T.);
#1205 = VERTEX_POINT('',#1206);
#1206 = CARTESIAN_POINT('',(9.59310934888,-245.3679298862,
    -234.9999999999));
#1207 = SURFACE_CURVE('',#1208,(#1223,#1274),.PCURVE_S1.);
#1208 = B_SPLINE_CURVE_WITH_KNOTS('',3,(#1209,#1210,#1211,#1212,#1213,
    #1214,#1215,#1216,#1217,#1218,#1219,#1220,#1221,#1222),
  .UNSPECIFIED.,.F.,.F.,(4,2,2,2,2,2,4),(0.,0.25,0.375,0.5,0.625,0.75,1.
    ),.UNSPECIFIED.);
#1209 = CARTESIAN_POINT('',(7.300176559302,-250.2927972709,
    -233.7155871665));
#1210 = CARTESIAN_POINT('',(7.602048505376,-249.9483061751,
    -233.5078292765));
#1211 = CARTESIAN_POINT('',(7.897908425983,-249.5615248262,
    -233.3788436267));
#1212 = CARTESIAN_POINT('',(8.313083851231,-248.9128586685,
    -233.303475836));
#1213 = CARTESIAN_POINT('',(8.441285044694,-248.6936467077,
    -233.2990572025));
#1214 = CARTESIAN_POINT('',(8.677720732046,-248.2512971439,
    -233.3316278622));
#1215 = CARTESIAN_POINT('',(8.786787841878,-248.0262680633,
    -233.3691040881));
#1216 = CARTESIAN_POINT('',(8.98222002887,-247.5817574999,
    -233.4835167359));
#1217 = CARTESIAN_POINT('',(9.069348833869,-247.3609379268,
    -233.5606459204));
#1218 = CARTESIAN_POINT('',(9.224236046921,-246.9242592247,
    -233.7547500104));
#1219 = CARTESIAN_POINT('',(9.292498042368,-246.7065923844,
    -233.8728890652));
#1220 = CARTESIAN_POINT('',(9.46805897544,-246.0745080175,
    -234.2800899163));
#1221 = CARTESIAN_POINT('',(9.54283417991,-245.69631926,-234.6105490223)
  );
#1222 = CARTESIAN_POINT('',(9.59310934888,-245.3679298862,
    -234.9999999999));
#1223 = PCURVE('',#1145,#1224);
#1224 = DEFINITIONAL_REPRESENTATION('',(#1225),#1273);
#1225 = B_SPLINE_CURVE_WITH_KNOTS('',3,(#1226,#1227,#1228,#1229,#1230,
    #1231,#1232,#1233,#1234,#1235,#1236,#1237,#1238,#1239,#1240,#1241,
    #1242,#1243,#1244,#1245,#1246,#1247,#1248,#1249,#1250,#1251,#1252,
    #1253,#1254,#1255,#1256,#1257,#1258,#1259,#1260,#1261,#1262,#1263,
    #1264,#1265,#1266,#1267,#1268,#1269,#1270,#1271,#1272),
  .UNSPECIFIED.,.F.,.F.,(4,1,1,1,1,1,1,1,1,1,1,1,1,1,1,1,1,1,1,1,1,1,1,1
    ,1,1,1,1,1,1,1,1,1,1,1,1,1,1,1,1,1,1,1,1,4),(0.,2.272727272727E-02,
    4.545454545455E-02,6.818181818182E-02,9.090909090909E-02,
    0.113636363636,0.136363636364,0.159090909091,0.181818181818,
    0.204545454545,0.227272727273,0.25,0.272727272727,0.295454545455,
    0.318181818182,0.340909090909,0.363636363636,0.386363636364,
    0.409090909091,0.431818181818,0.454545454545,0.477272727273,0.5,
    0.522727272727,0.545454545455,0.568181818182,0.590909090909,
    0.613636363636,0.636363636364,0.659090909091,0.681818181818,
    0.704545454545,0.727272727273,0.75,0.772727272727,0.795454545455,
    0.818181818182,0.840909090909,0.863636363636,0.886363636364,
    0.909090909091,0.931818181818,0.954545454545,0.977272727273,1.),
  .UNSPECIFIED.);
#1226 = CARTESIAN_POINT('',(2.003948239683,21.389770015924));
#1227 = CARTESIAN_POINT('',(1.993948750225,21.397882556087));
#1228 = CARTESIAN_POINT('',(1.973959071883,21.413672138929));
#1229 = CARTESIAN_POINT('',(1.943975050935,21.435991414936));
#1230 = CARTESIAN_POINT('',(1.913964021224,21.45688698747));
#1231 = CARTESIAN_POINT('',(1.883898828025,21.476300249257));
#1232 = CARTESIAN_POINT('',(1.853752653611,21.494172600671));
#1233 = CARTESIAN_POINT('',(1.823499329826,21.51044541355));
#1234 = CARTESIAN_POINT('',(1.79311283401,21.525060166222));
#1235 = CARTESIAN_POINT('',(1.762569759755,21.537957939595));
#1236 = CARTESIAN_POINT('',(1.731840749162,21.549081297766));
#1237 = CARTESIAN_POINT('',(1.700923157027,21.558367269502));
#1238 = CARTESIAN_POINT('',(1.669719885666,21.565773541695));
#1239 = CARTESIAN_POINT('',(1.638492370322,21.571180704065));
#1240 = CARTESIAN_POINT('',(1.607504907488,21.574552958559));
#1241 = CARTESIAN_POINT('',(1.576663472573,21.575931536993));
#1242 = CARTESIAN_POINT('',(1.545969342688,21.575337248617));
#1243 = CARTESIAN_POINT('',(1.51539538514,21.572795563085));
#1244 = CARTESIAN_POINT('',(1.484928029381,21.568333730989));
#1245 = CARTESIAN_POINT('',(1.454460871122,21.561937055784));
#1246 = CARTESIAN_POINT('',(1.42403662653,21.553664031462));
#1247 = CARTESIAN_POINT('',(1.393679759163,21.54356337093));
#1248 = CARTESIAN_POINT('',(1.36341617332,21.531686328087));
#1249 = CARTESIAN_POINT('',(1.333284736992,21.518083773957));
#1250 = CARTESIAN_POINT('',(1.303269360801,21.502805570072));
#1251 = CARTESIAN_POINT('',(1.273301439943,21.485897805196));
#1252 = CARTESIAN_POINT('',(1.243366563589,21.467407625893));
#1253 = CARTESIAN_POINT('',(1.213435952599,21.447382392525));
#1254 = CARTESIAN_POINT('',(1.183482562375,21.42586755246));
#1255 = CARTESIAN_POINT('',(1.153485920261,21.402915991246));
#1256 = CARTESIAN_POINT('',(1.123333116344,21.378489340462));
#1257 = CARTESIAN_POINT('',(1.093064400359,21.35270013999));
#1258 = CARTESIAN_POINT('',(1.062698191201,21.325637357747));
#1259 = CARTESIAN_POINT('',(1.032271103292,21.297409022312));
#1260 = CARTESIAN_POINT('',(1.001774567011,21.268070491584));
#1261 = CARTESIAN_POINT('',(0.971366321588,21.237868745517));
#1262 = CARTESIAN_POINT('',(0.941148697268,21.2070388178));
#1263 = CARTESIAN_POINT('',(0.91105769198,21.175624530237));
#1264 = CARTESIAN_POINT('',(0.881073174592,21.143720939702));
#1265 = CARTESIAN_POINT('',(0.851162794626,21.111409374674));
#1266 = CARTESIAN_POINT('',(0.821297233026,21.078774842144));
#1267 = CARTESIAN_POINT('',(0.791446331093,21.045901363448));
#1268 = CARTESIAN_POINT('',(0.761580329268,21.012873224029));
#1269 = CARTESIAN_POINT('',(0.731669766922,20.979774638562));
#1270 = CARTESIAN_POINT('',(0.701685621947,20.946689840687));
#1271 = CARTESIAN_POINT('',(0.681628432904,20.924698652857));
#1272 = CARTESIAN_POINT('',(0.671578176617,20.913733433296));
#1273 = ( GEOMETRIC_REPRESENTATION_CONTEXT(2) 
PARAMETRIC_REPRESENTATION_CONTEXT() REPRESENTATION_CONTEXT('2D SPACE',''
  ) );
#1274 = PCURVE('',#802,#1275);
#1275 = DEFINITIONAL_REPRESENTATION('',(#1276),#1324);
#1276 = B_SPLINE_CURVE_WITH_KNOTS('',3,(#1277,#1278,#1279,#1280,#1281,
    #1282,#1283,#1284,#1285,#1286,#1287,#1288,#1289,#1290,#1291,#1292,
    #1293,#1294,#1295,#1296,#1297,#1298,#1299,#1300,#1301,#1302,#1303,
    #1304,#1305,#1306,#1307,#1308,#1309,#1310,#1311,#1312,#1313,#1314,
    #1315,#1316,#1317,#1318,#1319,#1320,#1321,#1322,#1323),
  .UNSPECIFIED.,.F.,.F.,(4,1,1,1,1,1,1,1,1,1,1,1,1,1,1,1,1,1,1,1,1,1,1,1
    ,1,1,1,1,1,1,1,1,1,1,1,1,1,1,1,1,1,1,1,1,4),(0.,2.272727272727E-02,
    4.545454545455E-02,6.818181818182E-02,9.090909090909E-02,
    0.113636363636,0.136363636364,0.159090909091,0.181818181818,
    0.204545454545,0.227272727273,0.25,0.272727272727,0.295454545455,
    0.318181818182,0.340909090909,0.363636363636,0.386363636364,
    0.409090909091,0.431818181818,0.454545454545,0.477272727273,0.5,
    0.522727272727,0.545454545455,0.568181818182,0.590909090909,
    0.613636363636,0.636363636364,0.659090909091,0.681818181818,
    0.704545454545,0.727272727273,0.75,0.772727272727,0.795454545455,
    0.818181818182,0.840909090909,0.863636363636,0.886363636364,
    0.909090909091,0.931818181818,0.954545454545,0.977272727273,1.),
  .UNSPECIFIED.);
#1277 = CARTESIAN_POINT('',(5.431945348455,18.7155871666));
#1278 = CARTESIAN_POINT('',(5.427652550989,18.696700085691));
#1279 = CARTESIAN_POINT('',(5.419019556476,18.660227944337));
#1280 = CARTESIAN_POINT('',(5.405928324945,18.609425650732));
#1281 = CARTESIAN_POINT('',(5.39269587068,18.562529131341));
#1282 = CARTESIAN_POINT('',(5.379322507546,18.519538246295));
#1283 = CARTESIAN_POINT('',(5.365808394049,18.480452839607));
#1284 = CARTESIAN_POINT('',(5.352153589518,18.445272815417));
#1285 = CARTESIAN_POINT('',(5.338357768895,18.413997853474));
#1286 = CARTESIAN_POINT('',(5.324421295984,18.386628470959));
#1287 = CARTESIAN_POINT('',(5.31034120571,18.363162059728));
#1288 = CARTESIAN_POINT('',(5.296126193416,18.343607675495));
#1289 = CARTESIAN_POINT('',(5.281740668702,18.327930843872));
#1290 = CARTESIAN_POINT('',(5.267313545936,18.316259547017));
#1291 = CARTESIAN_POINT('',(5.252974541266,18.30872187178));
#1292 = CARTESIAN_POINT('',(5.238688712179,18.305283602809));
#1293 = CARTESIAN_POINT('',(5.224465554818,18.305953514654));
#1294 = CARTESIAN_POINT('',(5.210301924486,18.310730724453));
#1295 = CARTESIAN_POINT('',(5.196201242236,18.319609989095));
#1296 = CARTESIAN_POINT('',(5.182124939858,18.332679015025));
#1297 = CARTESIAN_POINT('',(5.168102954834,18.349868794427));
#1298 = CARTESIAN_POINT('',(5.154156746021,18.371130587973));
#1299 = CARTESIAN_POINT('',(5.140308511954,18.396412275265));
#1300 = CARTESIAN_POINT('',(5.126586608457,18.425654991693));
#1301 = CARTESIAN_POINT('',(5.112994379121,18.458830230563));
#1302 = CARTESIAN_POINT('',(5.099511678755,18.495962180369));
#1303 = CARTESIAN_POINT('',(5.086143636053,18.537044614597));
#1304 = CARTESIAN_POINT('',(5.072888969411,18.582078250787));
#1305 = CARTESIAN_POINT('',(5.059747500484,18.631066445275));
#1306 = CARTESIAN_POINT('',(5.046721774223,18.683995055153));
#1307 = CARTESIAN_POINT('',(5.033776861816,18.741074731367));
#1308 = CARTESIAN_POINT('',(5.020940147566,18.802138242871));
#1309 = CARTESIAN_POINT('',(5.008229767827,18.867077094569));
#1310 = CARTESIAN_POINT('',(4.995670801121,18.935736806755));
#1311 = CARTESIAN_POINT('',(4.983270624811,19.008088102217));
#1312 = CARTESIAN_POINT('',(4.971101089068,19.083646878376));
#1313 = CARTESIAN_POINT('',(4.95921191129,19.162055238938));
#1314 = CARTESIAN_POINT('',(4.947588758704,19.243409081923));
#1315 = CARTESIAN_POINT('',(4.936234699004,19.327682711533));
#1316 = CARTESIAN_POINT('',(4.925148377961,19.414883012935));
#1317 = CARTESIAN_POINT('',(4.914329867794,19.505008141251));
#1318 = CARTESIAN_POINT('',(4.903779100751,19.598058590813));
#1319 = CARTESIAN_POINT('',(4.893496286627,19.694034229162));
#1320 = CARTESIAN_POINT('',(4.8834818051,19.792935091793));
#1321 = CARTESIAN_POINT('',(4.873736210875,19.89476116918));
#1322 = CARTESIAN_POINT('',(4.867418942973,19.964595365673));
#1323 = CARTESIAN_POINT('',(4.864305380007,20.));
#1324 = ( GEOMETRIC_REPRESENTATION_CONTEXT(2) 
PARAMETRIC_REPRESENTATION_CONTEXT() REPRESENTATION_CONTEXT('2D SPACE',''
  ) );
#1325 = ORIENTED_EDGE('',*,*,#1326,.F.);
#1326 = EDGE_CURVE('',#1327,#1205,#1329,.T.);
#1327 = VERTEX_POINT('',#1328);
#1328 = CARTESIAN_POINT('',(7.010061910437,-243.8770261698,
    -234.9999999999));
#1329 = SURFACE_CURVE('',#1330,(#1334,#1341),.PCURVE_S1.);
#1330 = LINE('',#1331,#1332);
#1331 = CARTESIAN_POINT('',(-8.519988483147,-234.9132690574,
    -234.9999999999));
#1332 = VECTOR('',#1333,1.);
#1333 = DIRECTION('',(0.866086291565,-0.499894524438,-1.68211524377E-16)
  );
#1334 = PCURVE('',#1145,#1335);
#1335 = DEFINITIONAL_REPRESENTATION('',(#1336),#1340);
#1336 = LINE('',#1337,#1338);
#1337 = CARTESIAN_POINT('',(0.671578176618,-1.435296326235E-12));
#1338 = VECTOR('',#1339,1.);
#1339 = DIRECTION('',(-6.700566432556E-16,1.));
#1340 = ( GEOMETRIC_REPRESENTATION_CONTEXT(2) 
PARAMETRIC_REPRESENTATION_CONTEXT() REPRESENTATION_CONTEXT('2D SPACE',''
  ) );
#1341 = PCURVE('',#1342,#1347);
#1342 = PLANE('',#1343);
#1343 = AXIS2_PLACEMENT_3D('',#1344,#1345,#1346);
#1344 = CARTESIAN_POINT('',(-33.95364042865,-229.9819335763,
    -234.9999999999));
#1345 = DIRECTION('',(-3.064104139906E-16,-8.673617379884E-16,1.));
#1346 = DIRECTION('',(-1.,2.435520001868E-07,-3.064102027429E-16));
#1347 = DEFINITIONAL_REPRESENTATION('',(#1348),#1352);
#1348 = LINE('',#1349,#1350);
#1349 = CARTESIAN_POINT('',(-25.43365314653,4.931329286645));
#1350 = VECTOR('',#1351,1.);
#1351 = DIRECTION('',(-0.866086413315,0.499894313501));
#1352 = ( GEOMETRIC_REPRESENTATION_CONTEXT(2) 
PARAMETRIC_REPRESENTATION_CONTEXT() REPRESENTATION_CONTEXT('2D SPACE',''
  ) );
#1353 = ORIENTED_EDGE('',*,*,#1354,.F.);
#1354 = EDGE_CURVE('',#1355,#1327,#1357,.T.);
#1355 = VERTEX_POINT('',#1356);
#1356 = CARTESIAN_POINT('',(5.754723491727,-243.8657031001,
    -234.3633348445));
#1357 = SURFACE_CURVE('',#1358,(#1363,#1392),.PCURVE_S1.);
#1358 = B_SPLINE_CURVE_WITH_KNOTS('',3,(#1359,#1360,#1361,#1362),
  .UNSPECIFIED.,.F.,.F.,(4,4),(0.,1.),.PIECEWISE_BEZIER_KNOTS.);
#1359 = CARTESIAN_POINT('',(5.754723491727,-243.8657031001,
    -234.3633348445));
#1360 = CARTESIAN_POINT('',(6.226844936401,-243.8704678096,
    -234.559349314));
#1361 = CARTESIAN_POINT('',(6.645433244811,-243.8739958533,
    -234.7739740187));
#1362 = CARTESIAN_POINT('',(7.010061910437,-243.8770261698,
    -234.9999999999));
#1363 = PCURVE('',#1145,#1364);
#1364 = DEFINITIONAL_REPRESENTATION('',(#1365),#1391);
#1365 = B_SPLINE_CURVE_WITH_KNOTS('',3,(#1366,#1367,#1368,#1369,#1370,
    #1371,#1372,#1373,#1374,#1375,#1376,#1377,#1378,#1379,#1380,#1381,
    #1382,#1383,#1384,#1385,#1386,#1387,#1388,#1389,#1390),
  .UNSPECIFIED.,.F.,.F.,(4,1,1,1,1,1,1,1,1,1,1,1,1,1,1,1,1,1,1,1,1,1,4),
  (0.,4.545454545455E-02,9.090909090909E-02,0.136363636364,
    0.181818181818,0.227272727273,0.272727272727,0.318181818182,
    0.363636363636,0.409090909091,0.454545454545,0.5,0.545454545455,
    0.590909090909,0.636363636364,0.681818181818,0.727272727273,
    0.772727272727,0.818181818182,0.863636363636,0.909090909091,
    0.954545454545,1.),.UNSPECIFIED.);
#1366 = CARTESIAN_POINT('',(0.86903042145,16.838405115842));
#1367 = CARTESIAN_POINT('',(0.865963439237,16.857099650541));
#1368 = CARTESIAN_POINT('',(0.859836454732,16.894294577302));
#1369 = CARTESIAN_POINT('',(0.850666817356,16.949504539534));
#1370 = CARTESIAN_POINT('',(0.841517914316,17.004132073859));
#1371 = CARTESIAN_POINT('',(0.832389656894,17.058177180275));
#1372 = CARTESIAN_POINT('',(0.823281966835,17.111639858782));
#1373 = CARTESIAN_POINT('',(0.814194777675,17.164520109381));
#1374 = CARTESIAN_POINT('',(0.805128034126,17.216817932072));
#1375 = CARTESIAN_POINT('',(0.796081691979,17.268533326854));
#1376 = CARTESIAN_POINT('',(0.787055717865,17.319666293727));
#1377 = CARTESIAN_POINT('',(0.778050089041,17.370216832692));
#1378 = CARTESIAN_POINT('',(0.769064793167,17.420184943748));
#1379 = CARTESIAN_POINT('',(0.760099828075,17.469570626896));
#1380 = CARTESIAN_POINT('',(0.751155201544,17.518373882136));
#1381 = CARTESIAN_POINT('',(0.742230931056,17.566594709467));
#1382 = CARTESIAN_POINT('',(0.733327043558,17.614233108889));
#1383 = CARTESIAN_POINT('',(0.724443575222,17.661289080403));
#1384 = CARTESIAN_POINT('',(0.715580571186,17.707762624009));
#1385 = CARTESIAN_POINT('',(0.706738085325,17.753653739706));
#1386 = CARTESIAN_POINT('',(0.69791617993,17.798962427494));
#1387 = CARTESIAN_POINT('',(0.689114925698,17.843688687374));
#1388 = CARTESIAN_POINT('',(0.680334400532,17.887832519346));
#1389 = CARTESIAN_POINT('',(0.674494595385,17.916873455388));
#1390 = CARTESIAN_POINT('',(0.671578176617,17.931296852091));
#1391 = ( GEOMETRIC_REPRESENTATION_CONTEXT(2) 
PARAMETRIC_REPRESENTATION_CONTEXT() REPRESENTATION_CONTEXT('2D SPACE',''
  ) );
#1392 = PCURVE('',#1393,#1398);
#1393 = CYLINDRICAL_SURFACE('',#1394,4.5);
#1394 = AXIS2_PLACEMENT_3D('',#1395,#1396,#1397);
#1395 = CARTESIAN_POINT('',(9.99624223901,-238.1309925588,
    -237.8499999999));
#1396 = DIRECTION('',(0.865964503158,0.500105468146,6.99112889946E-16));
#1397 = DIRECTION('',(-0.500105468146,0.865964503158,-9.3677232495E-31)
  );
#1398 = DEFINITIONAL_REPRESENTATION('',(#1399),#1425);
#1399 = B_SPLINE_CURVE_WITH_KNOTS('',3,(#1400,#1401,#1402,#1403,#1404,
    #1405,#1406,#1407,#1408,#1409,#1410,#1411,#1412,#1413,#1414,#1415,
    #1416,#1417,#1418,#1419,#1420,#1421,#1422,#1423,#1424),
  .UNSPECIFIED.,.F.,.F.,(4,1,1,1,1,1,1,1,1,1,1,1,1,1,1,1,1,1,1,1,1,1,4),
  (0.,4.545454545455E-02,9.090909090909E-02,0.136363636364,
    0.181818181818,0.227272727273,0.272727272727,0.318181818182,
    0.363636363636,0.409090909091,0.454545454545,0.5,0.545454545455,
    0.590909090909,0.636363636364,0.681818181818,0.727272727273,
    0.772727272727,0.818181818182,0.863636363636,0.909090909091,
    0.954545454545,1.),.UNSPECIFIED.);
#1400 = CARTESIAN_POINT('',(2.255171069694,-6.540964774571));
#1401 = CARTESIAN_POINT('',(2.258302956603,-6.522489431162));
#1402 = CARTESIAN_POINT('',(2.264557728102,-6.48572774985));
#1403 = CARTESIAN_POINT('',(2.273913155607,-6.431152660751));
#1404 = CARTESIAN_POINT('',(2.283242135754,-6.377145420874));
#1405 = CARTESIAN_POINT('',(2.29254493283,-6.323706446572));
#1406 = CARTESIAN_POINT('',(2.301821799321,-6.270836154197));
#1407 = CARTESIAN_POINT('',(2.311072974292,-6.218534960102));
#1408 = CARTESIAN_POINT('',(2.320298683907,-6.166803280638));
#1409 = CARTESIAN_POINT('',(2.32949914138,-6.115641532159));
#1410 = CARTESIAN_POINT('',(2.338674547098,-6.065050131017));
#1411 = CARTESIAN_POINT('',(2.347825088702,-6.015029493564));
#1412 = CARTESIAN_POINT('',(2.356950941198,-5.965580036153));
#1413 = CARTESIAN_POINT('',(2.366052267064,-5.916702175137));
#1414 = CARTESIAN_POINT('',(2.375129216368,-5.868396326867));
#1415 = CARTESIAN_POINT('',(2.3841819269,-5.820662907696));
#1416 = CARTESIAN_POINT('',(2.393210524303,-5.773502333977));
#1417 = CARTESIAN_POINT('',(2.402215122213,-5.726915022063));
#1418 = CARTESIAN_POINT('',(2.411195822414,-5.680901388304));
#1419 = CARTESIAN_POINT('',(2.420152714969,-5.635461849055));
#1420 = CARTESIAN_POINT('',(2.429085878477,-5.590596820668));
#1421 = CARTESIAN_POINT('',(2.437995379875,-5.546306719494));
#1422 = CARTESIAN_POINT('',(2.446881275985,-5.502591961887));
#1423 = CARTESIAN_POINT('',(2.452789497697,-5.473832630094));
#1424 = CARTESIAN_POINT('',(2.455739688971,-5.459548993577));
#1425 = ( GEOMETRIC_REPRESENTATION_CONTEXT(2) 
PARAMETRIC_REPRESENTATION_CONTEXT() REPRESENTATION_CONTEXT('2D SPACE',''
  ) );
#1426 = ORIENTED_EDGE('',*,*,#1427,.T.);
#1427 = EDGE_CURVE('',#1355,#1428,#1430,.T.);
#1428 = VERTEX_POINT('',#1429);
#1429 = CARTESIAN_POINT('',(3.404824644228,-248.5370796509,
    -233.9414215936));
#1430 = SURFACE_CURVE('',#1431,(#1446,#1497),.PCURVE_S1.);
#1431 = B_SPLINE_CURVE_WITH_KNOTS('',3,(#1432,#1433,#1434,#1435,#1436,
    #1437,#1438,#1439,#1440,#1441,#1442,#1443,#1444,#1445),
  .UNSPECIFIED.,.F.,.F.,(4,2,2,2,2,2,4),(0.,0.25,0.375,0.4375,0.46875,
    0.5,1.),.UNSPECIFIED.);
#1432 = CARTESIAN_POINT('',(5.754723491727,-243.8657031001,
    -234.3633348445));
#1433 = CARTESIAN_POINT('',(5.757240030371,-244.2876024759,
    -234.0555203187));
#1434 = CARTESIAN_POINT('',(5.713182848893,-244.7197936309,
    -233.8144575383));
#1435 = CARTESIAN_POINT('',(5.569142224256,-245.3661541492,
    -233.5529909857));
#1436 = CARTESIAN_POINT('',(5.508173044909,-245.5812430679,
    -233.4825234045));
#1437 = CARTESIAN_POINT('',(5.396675244834,-245.9007965079,
    -233.4018539372));
#1438 = CARTESIAN_POINT('',(5.356171803645,-246.0067986442,
    -233.3791360989));
#1439 = CARTESIAN_POINT('',(5.290364704373,-246.1646919109,
    -233.3513173175));
#1440 = CARTESIAN_POINT('',(5.267587239573,-246.2171378803,
    -233.3430873864));
#1441 = CARTESIAN_POINT('',(5.220343950482,-246.3216020214,
    -233.3287135163));
#1442 = CARTESIAN_POINT('',(5.196469806322,-246.3724098945,
    -233.3226888172));
#1443 = CARTESIAN_POINT('',(4.756116508234,-247.273160407,
    -233.2339457055));
#1444 = CARTESIAN_POINT('',(4.138239790775,-247.9993251041,
    -233.4419300254));
#1445 = CARTESIAN_POINT('',(3.404824644228,-248.5370796509,
    -233.9414215936));
#1446 = PCURVE('',#1145,#1447);
#1447 = DEFINITIONAL_REPRESENTATION('',(#1448),#1496);
#1448 = B_SPLINE_CURVE_WITH_KNOTS('',3,(#1449,#1450,#1451,#1452,#1453,
    #1454,#1455,#1456,#1457,#1458,#1459,#1460,#1461,#1462,#1463,#1464,
    #1465,#1466,#1467,#1468,#1469,#1470,#1471,#1472,#1473,#1474,#1475,
    #1476,#1477,#1478,#1479,#1480,#1481,#1482,#1483,#1484,#1485,#1486,
    #1487,#1488,#1489,#1490,#1491,#1492,#1493,#1494,#1495),
  .UNSPECIFIED.,.F.,.F.,(4,1,1,1,1,1,1,1,1,1,1,1,1,1,1,1,1,1,1,1,1,1,1,1
    ,1,1,1,1,1,1,1,1,1,1,1,1,1,1,1,1,1,1,1,1,4),(0.,2.272727272727E-02,
    4.545454545455E-02,6.818181818182E-02,9.090909090909E-02,
    0.113636363636,0.136363636364,0.159090909091,0.181818181818,
    0.204545454545,0.227272727273,0.25,0.272727272727,0.295454545455,
    0.318181818182,0.340909090909,0.363636363636,0.386363636364,
    0.409090909091,0.431818181818,0.454545454545,0.477272727273,0.5,
    0.522727272727,0.545454545455,0.568181818182,0.590909090909,
    0.613636363636,0.636363636364,0.659090909091,0.681818181818,
    0.704545454545,0.727272727273,0.75,0.772727272727,0.795454545455,
    0.818181818182,0.840909090909,0.863636363636,0.886363636364,
    0.909090909091,0.931818181818,0.954545454545,0.977272727273,1.),
  .UNSPECIFIED.);
#1449 = CARTESIAN_POINT('',(0.86903042145,16.838405115842));
#1450 = CARTESIAN_POINT('',(0.878663030774,16.857776454701));
#1451 = CARTESIAN_POINT('',(0.897860144177,16.895937445535));
#1452 = CARTESIAN_POINT('',(0.926466896738,16.951386717271));
#1453 = CARTESIAN_POINT('',(0.95489998549,17.004996620619));
#1454 = CARTESIAN_POINT('',(0.983175169761,17.05672000175));
#1455 = CARTESIAN_POINT('',(1.011308439116,17.106509706674));
#1456 = CARTESIAN_POINT('',(1.039315993018,17.154318581996));
#1457 = CARTESIAN_POINT('',(1.067214163257,17.200099472094));
#1458 = CARTESIAN_POINT('',(1.095019344194,17.243805229676));
#1459 = CARTESIAN_POINT('',(1.122747979139,17.285388676347));
#1460 = CARTESIAN_POINT('',(1.150416340609,17.324802749791));
#1461 = CARTESIAN_POINT('',(1.178041101284,17.361999954484));
#1462 = CARTESIAN_POINT('',(1.205636966614,17.396934411659));
#1463 = CARTESIAN_POINT('',(1.233215788855,17.429564235079));
#1464 = CARTESIAN_POINT('',(1.260790937688,17.459845938132));
#1465 = CARTESIAN_POINT('',(1.288374934979,17.487736410066));
#1466 = CARTESIAN_POINT('',(1.315980130949,17.513192637057));
#1467 = CARTESIAN_POINT('',(1.343618217963,17.536170841716));
#1468 = CARTESIAN_POINT('',(1.371300718747,17.556631534635));
#1469 = CARTESIAN_POINT('',(1.399031739529,17.574532696382));
#1470 = CARTESIAN_POINT('',(1.42684087839,17.589842694267));
#1471 = CARTESIAN_POINT('',(1.45466003691,17.602491853803));
#1472 = CARTESIAN_POINT('',(1.48248867049,17.612470276099));
#1473 = CARTESIAN_POINT('',(1.511316225865,17.619932896247));
#1474 = CARTESIAN_POINT('',(1.53978223996,17.624368874807));
#1475 = CARTESIAN_POINT('',(1.568263071077,17.625945613682));
#1476 = CARTESIAN_POINT('',(1.596670024314,17.624648780557));
#1477 = CARTESIAN_POINT('',(1.625039328483,17.620512738652));
#1478 = CARTESIAN_POINT('',(1.653374039671,17.61355880326));
#1479 = CARTESIAN_POINT('',(1.681686391189,17.603811785853));
#1480 = CARTESIAN_POINT('',(1.709986434567,17.591295561107));
#1481 = CARTESIAN_POINT('',(1.738285072017,17.57603425471));
#1482 = CARTESIAN_POINT('',(1.766593232636,17.558051925092));
#1483 = CARTESIAN_POINT('',(1.794922081488,17.537372648706));
#1484 = CARTESIAN_POINT('',(1.8232829512,17.514020497175));
#1485 = CARTESIAN_POINT('',(1.851687346831,17.488019543414));
#1486 = CARTESIAN_POINT('',(1.880146929652,17.459393859995));
#1487 = CARTESIAN_POINT('',(1.908673504733,17.42816751958));
#1488 = CARTESIAN_POINT('',(1.937279005235,17.394364594808));
#1489 = CARTESIAN_POINT('',(1.965975474921,17.358009158323));
#1490 = CARTESIAN_POINT('',(1.99477504782,17.319125282769));
#1491 = CARTESIAN_POINT('',(2.023689925581,17.27773704079));
#1492 = CARTESIAN_POINT('',(2.052732349099,17.233868505027));
#1493 = CARTESIAN_POINT('',(2.08191457513,17.187543748126));
#1494 = CARTESIAN_POINT('',(2.101470735672,17.155039144529));
#1495 = CARTESIAN_POINT('',(2.111276189237,17.138385496754));
#1496 = ( GEOMETRIC_REPRESENTATION_CONTEXT(2) 
PARAMETRIC_REPRESENTATION_CONTEXT() REPRESENTATION_CONTEXT('2D SPACE',''
  ) );
#1497 = PCURVE('',#1498,#1503);
#1498 = CYLINDRICAL_SURFACE('',#1499,5.75);
#1499 = AXIS2_PLACEMENT_3D('',#1500,#1501,#1502);
#1500 = CARTESIAN_POINT('',(4.825777610009E-03,-243.899999998,
    -231.3999999999));
#1501 = DIRECTION('',(3.064104139906E-16,8.673617379884E-16,-1.));
#1502 = DIRECTION('',(-2.435519998239E-07,-1.,-8.673618126152E-16));
#1503 = DEFINITIONAL_REPRESENTATION('',(#1504),#1552);
#1504 = B_SPLINE_CURVE_WITH_KNOTS('',3,(#1505,#1506,#1507,#1508,#1509,
    #1510,#1511,#1512,#1513,#1514,#1515,#1516,#1517,#1518,#1519,#1520,
    #1521,#1522,#1523,#1524,#1525,#1526,#1527,#1528,#1529,#1530,#1531,
    #1532,#1533,#1534,#1535,#1536,#1537,#1538,#1539,#1540,#1541,#1542,
    #1543,#1544,#1545,#1546,#1547,#1548,#1549,#1550,#1551),
  .UNSPECIFIED.,.F.,.F.,(4,1,1,1,1,1,1,1,1,1,1,1,1,1,1,1,1,1,1,1,1,1,1,1
    ,1,1,1,1,1,1,1,1,1,1,1,1,1,1,1,1,1,1,1,1,4),(0.,2.272727272727E-02,
    4.545454545455E-02,6.818181818182E-02,9.090909090909E-02,
    0.113636363636,0.136363636364,0.159090909091,0.181818181818,
    0.204545454545,0.227272727273,0.25,0.272727272727,0.295454545455,
    0.318181818182,0.340909090909,0.363636363636,0.386363636364,
    0.409090909091,0.431818181818,0.454545454545,0.477272727273,0.5,
    0.522727272727,0.545454545455,0.568181818182,0.590909090909,
    0.613636363636,0.636363636364,0.659090909091,0.681818181818,
    0.704545454545,0.727272727273,0.75,0.772727272727,0.795454545455,
    0.818181818182,0.840909090909,0.863636363636,0.886363636364,
    0.909090909091,0.931818181818,0.954545454545,0.977272727273,1.),
  .UNSPECIFIED.);
#1505 = CARTESIAN_POINT('',(4.706424023575,2.9633348446));
#1506 = CARTESIAN_POINT('',(4.713094500342,2.935351705891));
#1507 = CARTESIAN_POINT('',(4.726464193433,2.880488763107));
#1508 = CARTESIAN_POINT('',(4.746604194529,2.801504352836));
#1509 = CARTESIAN_POINT('',(4.766828838574,2.725829946468));
#1510 = CARTESIAN_POINT('',(4.787137521621,2.653465544004));
#1511 = CARTESIAN_POINT('',(4.807529800403,2.584411145442));
#1512 = CARTESIAN_POINT('',(4.828005425641,2.518666750783));
#1513 = CARTESIAN_POINT('',(4.848564354403,2.456232360026));
#1514 = CARTESIAN_POINT('',(4.869206756811,2.397107973171));
#1515 = CARTESIAN_POINT('',(4.889933063666,2.341293590221));
#1516 = CARTESIAN_POINT('',(4.910743853109,2.288789211157));
#1517 = CARTESIAN_POINT('',(4.931640336934,2.239594836055));
#1518 = CARTESIAN_POINT('',(4.952622605664,2.193710464623));
#1519 = CARTESIAN_POINT('',(4.973689078782,2.151136097954));
#1520 = CARTESIAN_POINT('',(4.994839769805,2.11187173197));
#1521 = CARTESIAN_POINT('',(5.016074518865,2.07591738189));
#1522 = CARTESIAN_POINT('',(5.037393550121,2.043272990911));
#1523 = CARTESIAN_POINT('',(5.058797112471,2.013938771028));
#1524 = CARTESIAN_POINT('',(5.080285997309,1.987913931094));
#1525 = CARTESIAN_POINT('',(5.101855796403,1.965201423788));
#1526 = CARTESIAN_POINT('',(5.123522608443,1.945790229405));
#1527 = CARTESIAN_POINT('',(5.145226936328,1.929721474076));
#1528 = CARTESIAN_POINT('',(5.166962424871,1.916957777749));
#1529 = CARTESIAN_POINT('',(5.189498215013,1.90725922048));
#1530 = CARTESIAN_POINT('',(5.211767148451,1.90132138292));
#1531 = CARTESIAN_POINT('',(5.234057348277,1.898957884795));
#1532 = CARTESIAN_POINT('',(5.256293435071,1.900218666549));
#1533 = CARTESIAN_POINT('',(5.278497094526,1.90509034668));
#1534 = CARTESIAN_POINT('',(5.300663690423,1.913576510751));
#1535 = CARTESIAN_POINT('',(5.322795348579,1.925676198013));
#1536 = CARTESIAN_POINT('',(5.344892115268,1.941389665897));
#1537 = CARTESIAN_POINT('',(5.366954350244,1.960716845425));
#1538 = CARTESIAN_POINT('',(5.388982110079,1.983657755079));
#1539 = CARTESIAN_POINT('',(5.410975338523,2.010212389907));
#1540 = CARTESIAN_POINT('',(5.432933841114,2.040380751236));
#1541 = CARTESIAN_POINT('',(5.454857318025,2.07416283871));
#1542 = CARTESIAN_POINT('',(5.476745381672,2.111558652423));
#1543 = CARTESIAN_POINT('',(5.498597578668,2.152568192351));
#1544 = CARTESIAN_POINT('',(5.520413410846,2.1971914585));
#1545 = CARTESIAN_POINT('',(5.542192356579,2.245428450869));
#1546 = CARTESIAN_POINT('',(5.563933892356,2.297279169456));
#1547 = CARTESIAN_POINT('',(5.585637513213,2.352743614263));
#1548 = CARTESIAN_POINT('',(5.607302757307,2.411821785289));
#1549 = CARTESIAN_POINT('',(5.628929214525,2.474513682534));
#1550 = CARTESIAN_POINT('',(5.643320800851,2.518717431509));
#1551 = CARTESIAN_POINT('',(5.650510026905,2.5414215937));
#1552 = ( GEOMETRIC_REPRESENTATION_CONTEXT(2) 
PARAMETRIC_REPRESENTATION_CONTEXT() REPRESENTATION_CONTEXT('2D SPACE',''
  ) );
#1553 = ORIENTED_EDGE('',*,*,#1554,.T.);
#1554 = EDGE_CURVE('',#1428,#1555,#1557,.T.);
#1555 = VERTEX_POINT('',#1556);
#1556 = CARTESIAN_POINT('',(3.40482445345,-249.3293408012,
    -234.4473570508));
#1557 = SURFACE_CURVE('',#1558,(#1563,#1592),.PCURVE_S1.);
#1558 = ( BOUNDED_CURVE() B_SPLINE_CURVE(3,(#1559,#1560,#1561,#1562),
.UNSPECIFIED.,.F.,.F.) B_SPLINE_CURVE_WITH_KNOTS((4,4),(5.252868842605,
5.44260284351),.PIECEWISE_BEZIER_KNOTS.) CURVE() 
GEOMETRIC_REPRESENTATION_ITEM() RATIONAL_B_SPLINE_CURVE((1.,
0.997002333274,0.997002333274,1.)) REPRESENTATION_ITEM('') );
#1559 = CARTESIAN_POINT('',(3.404824644228,-248.5370796509,
    -233.9414215936));
#1560 = CARTESIAN_POINT('',(3.404824577679,-248.8192700415,
    -234.0880824151));
#1561 = CARTESIAN_POINT('',(3.404824513167,-249.0841511167,
    -234.2572346296));
#1562 = CARTESIAN_POINT('',(3.40482445345,-249.3293408012,
    -234.4473570508));
#1563 = PCURVE('',#1145,#1564);
#1564 = DEFINITIONAL_REPRESENTATION('',(#1565),#1591);
#1565 = B_SPLINE_CURVE_WITH_KNOTS('',3,(#1566,#1567,#1568,#1569,#1570,
    #1571,#1572,#1573,#1574,#1575,#1576,#1577,#1578,#1579,#1580,#1581,
    #1582,#1583,#1584,#1585,#1586,#1587,#1588,#1589,#1590),
  .UNSPECIFIED.,.F.,.F.,(4,1,1,1,1,1,1,1,1,1,1,1,1,1,1,1,1,1,1,1,1,1,4),
  (5.252868842605,5.261493115373,5.270117388142,5.27874166091,
    5.287365933679,5.295990206447,5.304614479215,5.313238751984,
    5.321863024752,5.330487297521,5.339111570289,5.347735843057,
    5.356360115826,5.364984388594,5.373608661363,5.382232934131,
    5.3908572069,5.399481479668,5.408105752436,5.416730025205,
    5.425354297973,5.433978570742,5.44260284351),.UNSPECIFIED.);
#1566 = CARTESIAN_POINT('',(2.111276189237,17.138385496754));
#1567 = CARTESIAN_POINT('',(2.114146636683,17.144778339434));
#1568 = CARTESIAN_POINT('',(2.119888705159,17.157533597338));
#1569 = CARTESIAN_POINT('',(2.128505010346,17.176572979691));
#1570 = CARTESIAN_POINT('',(2.137124199986,17.195516628264));
#1571 = CARTESIAN_POINT('',(2.145745955155,17.214362338784));
#1572 = CARTESIAN_POINT('',(2.154369956428,17.233107924455));
#1573 = CARTESIAN_POINT('',(2.162995883863,17.251751219042));
#1574 = CARTESIAN_POINT('',(2.17162341709,17.270290077098));
#1575 = CARTESIAN_POINT('',(2.180252235383,17.288722374949));
#1576 = CARTESIAN_POINT('',(2.188882017725,17.307046011459));
#1577 = CARTESIAN_POINT('',(2.197512442888,17.325258908839));
#1578 = CARTESIAN_POINT('',(2.206143189498,17.343359013427));
#1579 = CARTESIAN_POINT('',(2.214773936108,17.361344296464));
#1580 = CARTESIAN_POINT('',(2.223404361276,17.379212754848));
#1581 = CARTESIAN_POINT('',(2.232034143625,17.39696241188));
#1582 = CARTESIAN_POINT('',(2.240662961927,17.414591317989));
#1583 = CARTESIAN_POINT('',(2.249290495167,17.432097551456));
#1584 = CARTESIAN_POINT('',(2.257916422617,17.449479219084));
#1585 = CARTESIAN_POINT('',(2.266540423909,17.466734456961));
#1586 = CARTESIAN_POINT('',(2.275162179099,17.483861430828));
#1587 = CARTESIAN_POINT('',(2.283781368762,17.500858337822));
#1588 = CARTESIAN_POINT('',(2.292397673976,17.517723403016));
#1589 = CARTESIAN_POINT('',(2.298139742472,17.528877731191));
#1590 = CARTESIAN_POINT('',(2.301010189928,17.534432342515));
#1591 = ( GEOMETRIC_REPRESENTATION_CONTEXT(2) 
PARAMETRIC_REPRESENTATION_CONTEXT() REPRESENTATION_CONTEXT('2D SPACE',''
  ) );
#1592 = PCURVE('',#1593,#1598);
#1593 = PLANE('',#1594);
#1594 = AXIS2_PLACEMENT_3D('',#1595,#1596,#1597);
#1595 = CARTESIAN_POINT('',(3.404824369713,-249.6731568759,
    -231.3999999999));
#1596 = DIRECTION('',(-1.,2.435520001868E-07,-3.064102027429E-16));
#1597 = DIRECTION('',(-3.064104139906E-16,-8.673617379884E-16,1.));
#1598 = DEFINITIONAL_REPRESENTATION('',(#1599),#1604);
#1599 = ( BOUNDED_CURVE() B_SPLINE_CURVE(3,(#1600,#1601,#1602,#1603),
.UNSPECIFIED.,.F.,.F.) B_SPLINE_CURVE_WITH_KNOTS((4,4),(5.252868842605,
5.44260284351),.PIECEWISE_BEZIER_KNOTS.) CURVE() 
GEOMETRIC_REPRESENTATION_ITEM() RATIONAL_B_SPLINE_CURVE((1.,
0.997002333274,0.997002333274,1.)) REPRESENTATION_ITEM('') );
#1600 = CARTESIAN_POINT('',(-2.5414215937,1.136077225054));
#1601 = CARTESIAN_POINT('',(-2.6880824152,0.853886834469));
#1602 = CARTESIAN_POINT('',(-2.8572346297,0.589005759252));
#1603 = CARTESIAN_POINT('',(-3.0473570509,0.343816074692));
#1604 = ( GEOMETRIC_REPRESENTATION_CONTEXT(2) 
PARAMETRIC_REPRESENTATION_CONTEXT() REPRESENTATION_CONTEXT('2D SPACE',''
  ) );
#1605 = ORIENTED_EDGE('',*,*,#1606,.T.);
#1606 = EDGE_CURVE('',#1555,#1607,#1609,.T.);
#1607 = VERTEX_POINT('',#1608);
#1608 = CARTESIAN_POINT('',(3.303087082937,-249.8723520555,
    -234.9999999999));
#1609 = SURFACE_CURVE('',#1610,(#1615,#1644),.PCURVE_S1.);
#1610 = B_SPLINE_CURVE_WITH_KNOTS('',3,(#1611,#1612,#1613,#1614),
  .UNSPECIFIED.,.F.,.F.,(4,4),(0.,1.),.PIECEWISE_BEZIER_KNOTS.);
#1611 = CARTESIAN_POINT('',(3.40482445345,-249.3293408012,
    -234.4473570508));
#1612 = CARTESIAN_POINT('',(3.40482440549,-249.5262621755,
    -234.6000517635));
#1613 = CARTESIAN_POINT('',(3.365895139851,-249.7106204172,
    -234.7842660799));
#1614 = CARTESIAN_POINT('',(3.303087082937,-249.8723520555,
    -234.9999999999));
#1615 = PCURVE('',#1145,#1616);
#1616 = DEFINITIONAL_REPRESENTATION('',(#1617),#1643);
#1617 = B_SPLINE_CURVE_WITH_KNOTS('',3,(#1618,#1619,#1620,#1621,#1622,
    #1623,#1624,#1625,#1626,#1627,#1628,#1629,#1630,#1631,#1632,#1633,
    #1634,#1635,#1636,#1637,#1638,#1639,#1640,#1641,#1642),
  .UNSPECIFIED.,.F.,.F.,(4,1,1,1,1,1,1,1,1,1,1,1,1,1,1,1,1,1,1,1,1,1,4),
  (0.,4.545454545455E-02,9.090909090909E-02,0.136363636364,
    0.181818181818,0.227272727273,0.272727272727,0.318181818182,
    0.363636363636,0.409090909091,0.454545454545,0.5,0.545454545455,
    0.590909090909,0.636363636364,0.681818181818,0.727272727273,
    0.772727272727,0.818181818182,0.863636363636,0.909090909091,
    0.954545454545,1.),.UNSPECIFIED.);
#1618 = CARTESIAN_POINT('',(2.301010189928,17.534432342515));
#1619 = CARTESIAN_POINT('',(2.303322490895,17.538906882297));
#1620 = CARTESIAN_POINT('',(2.307972263545,17.547690687881));
#1621 = CARTESIAN_POINT('',(2.315021296778,17.560375084628));
#1622 = CARTESIAN_POINT('',(2.32214355969,17.572572680055));
#1623 = CARTESIAN_POINT('',(2.329337931119,17.584287984471));
#1624 = CARTESIAN_POINT('',(2.336603305908,17.595525508182));
#1625 = CARTESIAN_POINT('',(2.343938597566,17.606289761499));
#1626 = CARTESIAN_POINT('',(2.351342738265,17.616585254729));
#1627 = CARTESIAN_POINT('',(2.358814679572,17.626416498181));
#1628 = CARTESIAN_POINT('',(2.366353393014,17.635788002162));
#1629 = CARTESIAN_POINT('',(2.373957870703,17.644704276983));
#1630 = CARTESIAN_POINT('',(2.381627125976,17.653169832949));
#1631 = CARTESIAN_POINT('',(2.389360194042,17.661189180371));
#1632 = CARTESIAN_POINT('',(2.397156132654,17.668766829557));
#1633 = CARTESIAN_POINT('',(2.405014022788,17.675907290814));
#1634 = CARTESIAN_POINT('',(2.412932969333,17.682615074452));
#1635 = CARTESIAN_POINT('',(2.420912101799,17.688894690778));
#1636 = CARTESIAN_POINT('',(2.428950575015,17.694750650101));
#1637 = CARTESIAN_POINT('',(2.437047569917,17.70018746273));
#1638 = CARTESIAN_POINT('',(2.44520229401,17.705209638972));
#1639 = CARTESIAN_POINT('',(2.453413983109,17.709821689137));
#1640 = CARTESIAN_POINT('',(2.461681898326,17.714028123532));
#1641 = CARTESIAN_POINT('',(2.467230859981,17.716565009488));
#1642 = CARTESIAN_POINT('',(2.470014476971,17.717767353274));
#1643 = ( GEOMETRIC_REPRESENTATION_CONTEXT(2) 
PARAMETRIC_REPRESENTATION_CONTEXT() REPRESENTATION_CONTEXT('2D SPACE',''
  ) );
#1644 = PCURVE('',#1645,#1650);
#1645 = CYLINDRICAL_SURFACE('',#1646,1.5);
#1646 = AXIS2_PLACEMENT_3D('',#1647,#1648,#1649);
#1647 = CARTESIAN_POINT('',(1.90482445345,-249.3293404359,
    -231.3999999999));
#1648 = DIRECTION('',(3.064104139906E-16,8.673617379884E-16,-1.));
#1649 = DIRECTION('',(-2.435520026397E-07,-1.,-8.673618126152E-16));
#1650 = DEFINITIONAL_REPRESENTATION('',(#1651),#1677);
#1651 = B_SPLINE_CURVE_WITH_KNOTS('',3,(#1652,#1653,#1654,#1655,#1656,
    #1657,#1658,#1659,#1660,#1661,#1662,#1663,#1664,#1665,#1666,#1667,
    #1668,#1669,#1670,#1671,#1672,#1673,#1674,#1675,#1676),
  .UNSPECIFIED.,.F.,.F.,(4,1,1,1,1,1,1,1,1,1,1,1,1,1,1,1,1,1,1,1,1,1,4),
  (0.,4.545454545455E-02,9.090909090909E-02,0.136363636364,
    0.181818181818,0.227272727273,0.272727272727,0.318181818182,
    0.363636363636,0.409090909091,0.454545454545,0.5,0.545454545455,
    0.590909090909,0.636363636364,0.681818181818,0.727272727273,
    0.772727272727,0.818181818182,0.863636363636,0.909090909091,
    0.954545454545,1.),.UNSPECIFIED.);
#1652 = CARTESIAN_POINT('',(4.712388980385,3.0473570509));
#1653 = CARTESIAN_POINT('',(4.718356277741,3.054297719659));
#1654 = CARTESIAN_POINT('',(4.730256327956,3.068309303474));
#1655 = CARTESIAN_POINT('',(4.748004466603,3.089717418084));
#1656 = CARTESIAN_POINT('',(4.765652445051,3.111516271583));
#1657 = CARTESIAN_POINT('',(4.783201760967,3.133705863971));
#1658 = CARTESIAN_POINT('',(4.800653732229,3.156286195248));
#1659 = CARTESIAN_POINT('',(4.81800947397,3.179257265413));
#1660 = CARTESIAN_POINT('',(4.835269908882,3.202619074466));
#1661 = CARTESIAN_POINT('',(4.852435769143,3.226371622408));
#1662 = CARTESIAN_POINT('',(4.869507601084,3.250514909239));
#1663 = CARTESIAN_POINT('',(4.886485769594,3.275048934957));
#1664 = CARTESIAN_POINT('',(4.903370463023,3.299973699564));
#1665 = CARTESIAN_POINT('',(4.920161698358,3.32528920306));
#1666 = CARTESIAN_POINT('',(4.936859326692,3.350995445443));
#1667 = CARTESIAN_POINT('',(4.953463038945,3.377092426715));
#1668 = CARTESIAN_POINT('',(4.969972371835,3.403580146874));
#1669 = CARTESIAN_POINT('',(4.986386714026,3.430458605922));
#1670 = CARTESIAN_POINT('',(5.002705312547,3.457727803857));
#1671 = CARTESIAN_POINT('',(5.018927279053,3.485387740681));
#1672 = CARTESIAN_POINT('',(5.035051597391,3.513438416392));
#1673 = CARTESIAN_POINT('',(5.051077126853,3.541879830991));
#1674 = CARTESIAN_POINT('',(5.067002622016,3.570711984478));
#1675 = CARTESIAN_POINT('',(5.077552001325,3.590193912727));
#1676 = CARTESIAN_POINT('',(5.082809561604,3.6));
#1677 = ( GEOMETRIC_REPRESENTATION_CONTEXT(2) 
PARAMETRIC_REPRESENTATION_CONTEXT() REPRESENTATION_CONTEXT('2D SPACE',''
  ) );
#1678 = ORIENTED_EDGE('',*,*,#1679,.F.);
#1679 = EDGE_CURVE('',#1680,#1607,#1682,.T.);
#1680 = VERTEX_POINT('',#1681);
#1681 = CARTESIAN_POINT('',(6.557307462864,-251.7506486699,
    -234.9999999999));
#1682 = SURFACE_CURVE('',#1683,(#1687,#1694),.PCURVE_S1.);
#1683 = LINE('',#1684,#1685);
#1684 = CARTESIAN_POINT('',(-12.04202833887,-241.0153371703,
    -234.9999999999));
#1685 = VECTOR('',#1686,1.);
#1686 = DIRECTION('',(-0.866086291565,0.499894524438,1.68211524377E-16)
  );
#1687 = PCURVE('',#1145,#1688);
#1688 = DEFINITIONAL_REPRESENTATION('',(#1689),#1693);
#1689 = LINE('',#1690,#1691);
#1690 = CARTESIAN_POINT('',(2.470014476972,1.424638185199E-12));
#1691 = VECTOR('',#1692,1.);
#1692 = DIRECTION('',(0.,-1.));
#1693 = ( GEOMETRIC_REPRESENTATION_CONTEXT(2) 
PARAMETRIC_REPRESENTATION_CONTEXT() REPRESENTATION_CONTEXT('2D SPACE',''
  ) );
#1694 = PCURVE('',#1695,#1700);
#1695 = PLANE('',#1696);
#1696 = AXIS2_PLACEMENT_3D('',#1697,#1698,#1699);
#1697 = CARTESIAN_POINT('',(-33.95364042865,-229.9819335763,
    -234.9999999999));
#1698 = DIRECTION('',(-3.064104139906E-16,-8.673617379884E-16,1.));
#1699 = DIRECTION('',(-1.,2.435520001868E-07,-3.064102027429E-16));
#1700 = DEFINITIONAL_REPRESENTATION('',(#1701),#1705);
#1701 = LINE('',#1702,#1703);
#1702 = CARTESIAN_POINT('',(-21.91161477698,11.033398257361));
#1703 = VECTOR('',#1704,1.);
#1704 = DIRECTION('',(0.866086413315,-0.499894313501));
#1705 = ( GEOMETRIC_REPRESENTATION_CONTEXT(2) 
PARAMETRIC_REPRESENTATION_CONTEXT() REPRESENTATION_CONTEXT('2D SPACE',''
  ) );
#1706 = ORIENTED_EDGE('',*,*,#1707,.T.);
#1707 = EDGE_CURVE('',#1680,#1107,#1708,.T.);
#1708 = SURFACE_CURVE('',#1709,(#1714,#1743),.PCURVE_S1.);
#1709 = B_SPLINE_CURVE_WITH_KNOTS('',3,(#1710,#1711,#1712,#1713),
  .UNSPECIFIED.,.F.,.F.,(4,4),(3.316452151872E-19,5.40859999125E-04),
  .PIECEWISE_BEZIER_KNOTS.);
#1710 = CARTESIAN_POINT('',(6.557307462864,-251.7506486699,
    -234.9999999999));
#1711 = CARTESIAN_POINT('',(6.598499089266,-251.6452429324,
    -234.859237225));
#1712 = CARTESIAN_POINT('',(6.644676603469,-251.5334055014,
    -234.7255830967));
#1713 = CARTESIAN_POINT('',(6.696775507317,-251.4155645497,
    -234.5990051925));
#1714 = PCURVE('',#1145,#1715);
#1715 = DEFINITIONAL_REPRESENTATION('',(#1716),#1742);
#1716 = B_SPLINE_CURVE_WITH_KNOTS('',3,(#1717,#1718,#1719,#1720,#1721,
    #1722,#1723,#1724,#1725,#1726,#1727,#1728,#1729,#1730,#1731,#1732,
    #1733,#1734,#1735,#1736,#1737,#1738,#1739,#1740,#1741),
  .UNSPECIFIED.,.F.,.F.,(4,1,1,1,1,1,1,1,1,1,1,1,1,1,1,1,1,1,1,1,1,1,4),
  (3.316452151872E-19,2.458454541477E-05,4.916909082955E-05,
    7.375363624432E-05,9.833818165909E-05,1.229227270739E-04,
    1.475072724886E-04,1.720918179034E-04,1.966763633182E-04,
    2.21260908733E-04,2.458454541477E-04,2.704299995625E-04,
    2.950145449773E-04,3.19599090392E-04,3.441836358068E-04,
    3.687681812216E-04,3.933527266364E-04,4.179372720511E-04,
    4.425218174659E-04,4.671063628807E-04,4.916909082955E-04,
    5.162754537102E-04,5.40859999125E-04),.UNSPECIFIED.);
#1717 = CARTESIAN_POINT('',(2.470014476971,21.475153206878));
#1718 = CARTESIAN_POINT('',(2.468198211796,21.474379741057));
#1719 = CARTESIAN_POINT('',(2.46456618485,21.472837367434));
#1720 = CARTESIAN_POINT('',(2.459119483416,21.47053805822));
#1721 = CARTESIAN_POINT('',(2.453673949888,21.468253577383));
#1722 = CARTESIAN_POINT('',(2.448229412688,21.465984502085));
#1723 = CARTESIAN_POINT('',(2.442785699952,21.463731409485));
#1724 = CARTESIAN_POINT('',(2.437342639511,21.461494876744));
#1725 = CARTESIAN_POINT('',(2.431900058939,21.459275481021));
#1726 = CARTESIAN_POINT('',(2.426457785581,21.457073799475));
#1727 = CARTESIAN_POINT('',(2.421015646585,21.454890409268));
#1728 = CARTESIAN_POINT('',(2.415573468934,21.452725887559));
#1729 = CARTESIAN_POINT('',(2.410131079479,21.450580811508));
#1730 = CARTESIAN_POINT('',(2.404688304969,21.448455758275));
#1731 = CARTESIAN_POINT('',(2.399244972084,21.44635130502));
#1732 = CARTESIAN_POINT('',(2.393800907467,21.444268028902));
#1733 = CARTESIAN_POINT('',(2.388355937757,21.442206507083));
#1734 = CARTESIAN_POINT('',(2.382909889618,21.440167316721));
#1735 = CARTESIAN_POINT('',(2.377462589775,21.438151034976));
#1736 = CARTESIAN_POINT('',(2.372013865043,21.43615823901));
#1737 = CARTESIAN_POINT('',(2.366563542359,21.434189505981));
#1738 = CARTESIAN_POINT('',(2.361111448825,21.432245413049));
#1739 = CARTESIAN_POINT('',(2.355657411705,21.430326537375));
#1740 = CARTESIAN_POINT('',(2.352019976286,21.429064483204));
#1741 = CARTESIAN_POINT('',(2.350200877157,21.428437851381));
#1742 = ( GEOMETRIC_REPRESENTATION_CONTEXT(2) 
PARAMETRIC_REPRESENTATION_CONTEXT() REPRESENTATION_CONTEXT('2D SPACE',''
  ) );
#1743 = PCURVE('',#740,#1744);
#1744 = DEFINITIONAL_REPRESENTATION('',(#1745),#1771);
#1745 = B_SPLINE_CURVE_WITH_KNOTS('',3,(#1746,#1747,#1748,#1749,#1750,
    #1751,#1752,#1753,#1754,#1755,#1756,#1757,#1758,#1759,#1760,#1761,
    #1762,#1763,#1764,#1765,#1766,#1767,#1768,#1769,#1770),
  .UNSPECIFIED.,.F.,.F.,(4,1,1,1,1,1,1,1,1,1,1,1,1,1,1,1,1,1,1,1,1,1,4),
  (3.316452151872E-19,2.458454541477E-05,4.916909082955E-05,
    7.375363624432E-05,9.833818165909E-05,1.229227270739E-04,
    1.475072724886E-04,1.720918179034E-04,1.966763633182E-04,
    2.21260908733E-04,2.458454541477E-04,2.704299995625E-04,
    2.950145449773E-04,3.19599090392E-04,3.441836358068E-04,
    3.687681812216E-04,3.933527266364E-04,4.179372720511E-04,
    4.425218174659E-04,4.671063628807E-04,4.916909082955E-04,
    5.162754537102E-04,5.40859999125E-04),.UNSPECIFIED.);
#1746 = CARTESIAN_POINT('',(1.943338651254,20.));
#1747 = CARTESIAN_POINT('',(1.943958413298,19.99360169205));
#1748 = CARTESIAN_POINT('',(1.945201823238,19.980834450723));
#1749 = CARTESIAN_POINT('',(1.947078598519,19.96177169418));
#1750 = CARTESIAN_POINT('',(1.948967036874,19.942797024817));
#1751 = CARTESIAN_POINT('',(1.950867141389,19.923910424363));
#1752 = CARTESIAN_POINT('',(1.952778915398,19.905111874548));
#1753 = CARTESIAN_POINT('',(1.954702362521,19.886401357104));
#1754 = CARTESIAN_POINT('',(1.95663748665,19.86777885376));
#1755 = CARTESIAN_POINT('',(1.958584291961,19.849244346247));
#1756 = CARTESIAN_POINT('',(1.960542782903,19.830797816295));
#1757 = CARTESIAN_POINT('',(1.962512964206,19.812439245634));
#1758 = CARTESIAN_POINT('',(1.964494840878,19.794168615995));
#1759 = CARTESIAN_POINT('',(1.966488418205,19.775985909109));
#1760 = CARTESIAN_POINT('',(1.96849370175,19.757891106705));
#1761 = CARTESIAN_POINT('',(1.970510697357,19.739884190515));
#1762 = CARTESIAN_POINT('',(1.972539411144,19.721965142267));
#1763 = CARTESIAN_POINT('',(1.97457984951,19.704133943694));
#1764 = CARTESIAN_POINT('',(1.976632019131,19.686390576524));
#1765 = CARTESIAN_POINT('',(1.978695926959,19.668735022489));
#1766 = CARTESIAN_POINT('',(1.980771580221,19.651167263319));
#1767 = CARTESIAN_POINT('',(1.982858986428,19.633687280745));
#1768 = CARTESIAN_POINT('',(1.98495815334,19.616295056495));
#1769 = CARTESIAN_POINT('',(1.986365443841,19.6047587337));
#1770 = CARTESIAN_POINT('',(1.987071051904,19.5990051926));
#1771 = ( GEOMETRIC_REPRESENTATION_CONTEXT(2) 
PARAMETRIC_REPRESENTATION_CONTEXT() REPRESENTATION_CONTEXT('2D SPACE',''
  ) );
#1772 = ADVANCED_FACE('',(#1773,#2322),#1695,.F.);
#1773 = FACE_BOUND('',#1774,.F.);
#1774 = EDGE_LOOP('',(#1775,#1776,#1800,#1829,#1858,#1886,#1910,#1938,
    #1961,#1989,#2012,#2035,#2063,#2091,#2119,#2147,#2175,#2198,#2221,
    #2249,#2272,#2300));
#1775 = ORIENTED_EDGE('',*,*,#1679,.T.);
#1776 = ORIENTED_EDGE('',*,*,#1777,.F.);
#1777 = EDGE_CURVE('',#1778,#1607,#1780,.T.);
#1778 = VERTEX_POINT('',#1779);
#1779 = CARTESIAN_POINT('',(2.400476282123,-250.7450837971,
    -234.9999999999));
#1780 = SURFACE_CURVE('',#1781,(#1786,#1793),.PCURVE_S1.);
#1781 = CIRCLE('',#1782,1.5);
#1782 = AXIS2_PLACEMENT_3D('',#1783,#1784,#1785);
#1783 = CARTESIAN_POINT('',(1.90482445345,-249.3293404359,
    -234.9999999999));
#1784 = DIRECTION('',(-3.064104139906E-16,-8.673617379884E-16,1.));
#1785 = DIRECTION('',(-2.435520026397E-07,-1.,-8.673618126152E-16));
#1786 = PCURVE('',#1695,#1787);
#1787 = DEFINITIONAL_REPRESENTATION('',(#1788),#1792);
#1788 = CIRCLE('',#1789,1.5);
#1789 = AXIS2_PLACEMENT_2D('',#1790,#1791);
#1790 = CARTESIAN_POINT('',(-35.85846959419,19.347398126175));
#1791 = DIRECTION('',(2.452900000883E-15,1.));
#1792 = ( GEOMETRIC_REPRESENTATION_CONTEXT(2) 
PARAMETRIC_REPRESENTATION_CONTEXT() REPRESENTATION_CONTEXT('2D SPACE',''
  ) );
#1793 = PCURVE('',#1645,#1794);
#1794 = DEFINITIONAL_REPRESENTATION('',(#1795),#1799);
#1795 = LINE('',#1796,#1797);
#1796 = CARTESIAN_POINT('',(6.28318530718,3.6));
#1797 = VECTOR('',#1798,1.);
#1798 = DIRECTION('',(-1.,0.));
#1799 = ( GEOMETRIC_REPRESENTATION_CONTEXT(2) 
PARAMETRIC_REPRESENTATION_CONTEXT() REPRESENTATION_CONTEXT('2D SPACE',''
  ) );
#1800 = ORIENTED_EDGE('',*,*,#1801,.F.);
#1801 = EDGE_CURVE('',#1802,#1778,#1804,.T.);
#1802 = VERTEX_POINT('',#1803);
#1803 = CARTESIAN_POINT('',(-2.390828064967,-250.7450826288,
    -234.9999999999));
#1804 = SURFACE_CURVE('',#1805,(#1810,#1817),.PCURVE_S1.);
#1805 = CIRCLE('',#1806,7.249999999476);
#1806 = AXIS2_PLACEMENT_3D('',#1807,#1808,#1809);
#1807 = CARTESIAN_POINT('',(4.825777044005E-03,-243.9023242185,
    -234.9999999999));
#1808 = DIRECTION('',(-3.064104139906E-16,-8.673617379884E-16,1.));
#1809 = DIRECTION('',(2.435520004241E-07,1.,8.673618126152E-16));
#1810 = PCURVE('',#1695,#1811);
#1811 = DEFINITIONAL_REPRESENTATION('',(#1812),#1816);
#1812 = CIRCLE('',#1813,7.249999999476);
#1813 = AXIS2_PLACEMENT_2D('',#1814,#1815);
#1814 = CARTESIAN_POINT('',(-33.95846959603,13.92038237155));
#1815 = DIRECTION('',(-2.372999859424E-16,-1.));
#1816 = ( GEOMETRIC_REPRESENTATION_CONTEXT(2) 
PARAMETRIC_REPRESENTATION_CONTEXT() REPRESENTATION_CONTEXT('2D SPACE',''
  ) );
#1817 = PCURVE('',#1818,#1823);
#1818 = CYLINDRICAL_SURFACE('',#1819,7.249999999476);
#1819 = AXIS2_PLACEMENT_3D('',#1820,#1821,#1822);
#1820 = CARTESIAN_POINT('',(4.825777044005E-03,-243.9023242185,
    -1.740130216234E-13));
#1821 = DIRECTION('',(0.,0.,1.));
#1822 = DIRECTION('',(0.,1.,0.));
#1823 = DEFINITIONAL_REPRESENTATION('',(#1824),#1828);
#1824 = LINE('',#1825,#1826);
#1825 = CARTESIAN_POINT('',(-2.435519963484E-07,-234.9999999999));
#1826 = VECTOR('',#1827,1.);
#1827 = DIRECTION('',(1.,0.));
#1828 = ( GEOMETRIC_REPRESENTATION_CONTEXT(2) 
PARAMETRIC_REPRESENTATION_CONTEXT() REPRESENTATION_CONTEXT('2D SPACE',''
  ) );
#1829 = ORIENTED_EDGE('',*,*,#1830,.F.);
#1830 = EDGE_CURVE('',#1831,#1802,#1833,.T.);
#1831 = VERTEX_POINT('',#1832);
#1832 = CARTESIAN_POINT('',(-3.307233569208,-249.8353949794,
    -234.9999999999));
#1833 = SURFACE_CURVE('',#1834,(#1839,#1846),.PCURVE_S1.);
#1834 = CIRCLE('',#1835,1.5);
#1835 = AXIS2_PLACEMENT_3D('',#1836,#1837,#1838);
#1836 = CARTESIAN_POINT('',(-1.895175545894,-249.3293395094,
    -234.9999999999));
#1837 = DIRECTION('',(-3.064104139906E-16,-8.673617379884E-16,1.));
#1838 = DIRECTION('',(-2.435520026397E-07,-1.,-8.673618126152E-16));
#1839 = PCURVE('',#1695,#1840);
#1840 = DEFINITIONAL_REPRESENTATION('',(#1841),#1845);
#1841 = CIRCLE('',#1842,1.5);
#1842 = AXIS2_PLACEMENT_2D('',#1843,#1844);
#1843 = CARTESIAN_POINT('',(-32.05846959485,19.34739812512));
#1844 = DIRECTION('',(2.452900000883E-15,1.));
#1845 = ( GEOMETRIC_REPRESENTATION_CONTEXT(2) 
PARAMETRIC_REPRESENTATION_CONTEXT() REPRESENTATION_CONTEXT('2D SPACE',''
  ) );
#1846 = PCURVE('',#1847,#1852);
#1847 = CYLINDRICAL_SURFACE('',#1848,1.5);
#1848 = AXIS2_PLACEMENT_3D('',#1849,#1850,#1851);
#1849 = CARTESIAN_POINT('',(-1.895175545894,-249.3293395094,
    -231.3999999999));
#1850 = DIRECTION('',(3.064104139906E-16,8.673617379884E-16,-1.));
#1851 = DIRECTION('',(-2.435520026397E-07,-1.,-8.673618126152E-16));
#1852 = DEFINITIONAL_REPRESENTATION('',(#1853),#1857);
#1853 = LINE('',#1854,#1855);
#1854 = CARTESIAN_POINT('',(6.28318530718,3.6));
#1855 = VECTOR('',#1856,1.);
#1856 = DIRECTION('',(-1.,0.));
#1857 = ( GEOMETRIC_REPRESENTATION_CONTEXT(2) 
PARAMETRIC_REPRESENTATION_CONTEXT() REPRESENTATION_CONTEXT('2D SPACE',''
  ) );
#1858 = ORIENTED_EDGE('',*,*,#1859,.F.);
#1859 = EDGE_CURVE('',#1860,#1831,#1862,.T.);
#1860 = VERTEX_POINT('',#1861);
#1861 = CARTESIAN_POINT('',(-6.561722708283,-251.7149036758,
    -234.9999999999));
#1862 = SURFACE_CURVE('',#1863,(#1867,#1874),.PCURVE_S1.);
#1863 = LINE('',#1864,#1865);
#1864 = CARTESIAN_POINT('',(11.73783754212,-241.1466758645,
    -234.9999999999));
#1865 = VECTOR('',#1866,1.);
#1866 = DIRECTION('',(0.865964503158,0.500105468146,6.99112889946E-16));
#1867 = PCURVE('',#1695,#1868);
#1868 = DEFINITIONAL_REPRESENTATION('',(#1869),#1873);
#1869 = LINE('',#1870,#1871);
#1870 = CARTESIAN_POINT('',(-45.69148068996,11.164731159938));
#1871 = VECTOR('',#1872,1.);
#1872 = DIRECTION('',(-0.865964381357,-0.500105679054));
#1873 = ( GEOMETRIC_REPRESENTATION_CONTEXT(2) 
PARAMETRIC_REPRESENTATION_CONTEXT() REPRESENTATION_CONTEXT('2D SPACE',''
  ) );
#1874 = PCURVE('',#1875,#1880);
#1875 = CYLINDRICAL_SURFACE('',#1876,4.5);
#1876 = AXIS2_PLACEMENT_3D('',#1877,#1878,#1879);
#1877 = CARTESIAN_POINT('',(9.99624223901,-238.1309925588,
    -237.8499999999));
#1878 = DIRECTION('',(0.865964503158,0.500105468146,6.99112889946E-16));
#1879 = DIRECTION('',(-0.500105468146,0.865964503158,-9.3677232495E-31)
  );
#1880 = DEFINITIONAL_REPRESENTATION('',(#1881),#1885);
#1881 = LINE('',#1882,#1883);
#1882 = CARTESIAN_POINT('',(2.45573968897,-7.212008767965E-12));
#1883 = VECTOR('',#1884,1.);
#1884 = DIRECTION('',(-1.18164626008E-15,1.));
#1885 = ( GEOMETRIC_REPRESENTATION_CONTEXT(2) 
PARAMETRIC_REPRESENTATION_CONTEXT() REPRESENTATION_CONTEXT('2D SPACE',''
  ) );
#1886 = ORIENTED_EDGE('',*,*,#1887,.F.);
#1887 = EDGE_CURVE('',#1888,#1860,#1890,.T.);
#1888 = VERTEX_POINT('',#1889);
#1889 = CARTESIAN_POINT('',(-8.167493170577,-260.3884556415,
    -234.9999999999));
#1890 = SURFACE_CURVE('',#1891,(#1896,#1903),.PCURVE_S1.);
#1891 = CIRCLE('',#1892,8.299999996433);
#1892 = AXIS2_PLACEMENT_3D('',#1893,#1894,#1895);
#1893 = CARTESIAN_POINT('',(-14.27832188247,-254.7717152706,
    -234.9999999999));
#1894 = DIRECTION('',(-3.064104139906E-16,-8.673617379884E-16,1.));
#1895 = DIRECTION('',(-1.,2.435520001248E-07,-3.064102027429E-16));
#1896 = PCURVE('',#1695,#1897);
#1897 = DEFINITIONAL_REPRESENTATION('',(#1898),#1902);
#1898 = CIRCLE('',#1899,8.299999996433);
#1899 = AXIS2_PLACEMENT_2D('',#1900,#1901);
#1900 = CARTESIAN_POINT('',(-19.67532458377,24.789776902267));
#1901 = DIRECTION('',(1.,6.200000594238E-17));
#1902 = ( GEOMETRIC_REPRESENTATION_CONTEXT(2) 
PARAMETRIC_REPRESENTATION_CONTEXT() REPRESENTATION_CONTEXT('2D SPACE',''
  ) );
#1903 = PCURVE('',#888,#1904);
#1904 = DEFINITIONAL_REPRESENTATION('',(#1905),#1909);
#1905 = LINE('',#1906,#1907);
#1906 = CARTESIAN_POINT('',(7.853981633974,20.));
#1907 = VECTOR('',#1908,1.);
#1908 = DIRECTION('',(-1.,0.));
#1909 = ( GEOMETRIC_REPRESENTATION_CONTEXT(2) 
PARAMETRIC_REPRESENTATION_CONTEXT() REPRESENTATION_CONTEXT('2D SPACE',''
  ) );
#1910 = ORIENTED_EDGE('',*,*,#1911,.F.);
#1911 = EDGE_CURVE('',#1912,#1888,#1914,.T.);
#1912 = VERTEX_POINT('',#1913);
#1913 = CARTESIAN_POINT('',(-9.095181616742,-274.2560972152,
    -234.9999999999));
#1914 = SURFACE_CURVE('',#1915,(#1920,#1931),.PCURVE_S1.);
#1915 = CIRCLE('',#1916,11.1);
#1916 = AXIS2_PLACEMENT_3D('',#1917,#1918,#1919);
#1917 = CARTESIAN_POINT('',(4.819929576996E-03,-267.8999999962,
    -234.9999999999));
#1918 = DIRECTION('',(3.064104139906E-16,8.673617379884E-16,-1.));
#1919 = DIRECTION('',(1.,-2.435520001939E-07,3.064102027429E-16));
#1920 = PCURVE('',#1695,#1921);
#1921 = DEFINITIONAL_REPRESENTATION('',(#1922),#1930);
#1922 = ( BOUNDED_CURVE() B_SPLINE_CURVE(2,(#1923,#1924,#1925,#1926,
#1927,#1928,#1929),.UNSPECIFIED.,.T.,.F.) B_SPLINE_CURVE_WITH_KNOTS((1,2
    ,2,2,2,1),(-2.094395102393,0.,2.094395102393,4.188790204786,
6.28318530718,8.377580409573),.UNSPECIFIED.) CURVE() 
GEOMETRIC_REPRESENTATION_ITEM() RATIONAL_B_SPLINE_CURVE((1.,0.5,1.,0.5,
1.,0.5,1.)) REPRESENTATION_ITEM('') );
#1923 = CARTESIAN_POINT('',(-45.05846959324,37.91805814925));
#1924 = CARTESIAN_POINT('',(-45.05846959324,57.143822113264));
#1925 = CARTESIAN_POINT('',(-28.40846959324,47.530940131257));
#1926 = CARTESIAN_POINT('',(-11.75846959324,37.91805814925));
#1927 = CARTESIAN_POINT('',(-28.40846959324,28.305176167243));
#1928 = CARTESIAN_POINT('',(-45.05846959324,18.692294185235));
#1929 = CARTESIAN_POINT('',(-45.05846959324,37.91805814925));
#1930 = ( GEOMETRIC_REPRESENTATION_CONTEXT(2) 
PARAMETRIC_REPRESENTATION_CONTEXT() REPRESENTATION_CONTEXT('2D SPACE',''
  ) );
#1931 = PCURVE('',#921,#1932);
#1932 = DEFINITIONAL_REPRESENTATION('',(#1933),#1937);
#1933 = LINE('',#1934,#1935);
#1934 = CARTESIAN_POINT('',(-1.570796326795,20.));
#1935 = VECTOR('',#1936,1.);
#1936 = DIRECTION('',(1.,0.));
#1937 = ( GEOMETRIC_REPRESENTATION_CONTEXT(2) 
PARAMETRIC_REPRESENTATION_CONTEXT() REPRESENTATION_CONTEXT('2D SPACE',''
  ) );
#1938 = ORIENTED_EDGE('',*,*,#1939,.F.);
#1939 = EDGE_CURVE('',#1940,#1912,#1942,.T.);
#1940 = VERTEX_POINT('',#1941);
#1941 = CARTESIAN_POINT('',(-9.095182503789,-277.8982248792,
    -234.9999999999));
#1942 = SURFACE_CURVE('',#1943,(#1947,#1954),.PCURVE_S1.);
#1943 = LINE('',#1944,#1945);
#1944 = CARTESIAN_POINT('',(-9.095182503789,-277.8982248792,
    -234.9999999999));
#1945 = VECTOR('',#1946,1.);
#1946 = DIRECTION('',(2.435519997105E-07,1.,8.673618126152E-16));
#1947 = PCURVE('',#1695,#1948);
#1948 = DEFINITIONAL_REPRESENTATION('',(#1949),#1953);
#1949 = LINE('',#1950,#1951);
#1950 = CARTESIAN_POINT('',(-24.85846959496,47.916285248514));
#1951 = VECTOR('',#1952,1.);
#1952 = DIRECTION('',(4.763000199496E-16,-1.));
#1953 = ( GEOMETRIC_REPRESENTATION_CONTEXT(2) 
PARAMETRIC_REPRESENTATION_CONTEXT() REPRESENTATION_CONTEXT('2D SPACE',''
  ) );
#1954 = PCURVE('',#949,#1955);
#1955 = DEFINITIONAL_REPRESENTATION('',(#1956),#1960);
#1956 = LINE('',#1957,#1958);
#1957 = CARTESIAN_POINT('',(1.73472362523E-14,-20.));
#1958 = VECTOR('',#1959,1.);
#1959 = DIRECTION('',(-1.,1.462309094951E-32));
#1960 = ( GEOMETRIC_REPRESENTATION_CONTEXT(2) 
PARAMETRIC_REPRESENTATION_CONTEXT() REPRESENTATION_CONTEXT('2D SPACE',''
  ) );
#1961 = ORIENTED_EDGE('',*,*,#1962,.F.);
#1962 = EDGE_CURVE('',#1963,#1940,#1965,.T.);
#1963 = VERTEX_POINT('',#1964);
#1964 = CARTESIAN_POINT('',(-7.095182990893,-279.8982253663,
    -234.9999999999));
#1965 = SURFACE_CURVE('',#1966,(#1971,#1982),.PCURVE_S1.);
#1966 = CIRCLE('',#1967,2.);
#1967 = AXIS2_PLACEMENT_3D('',#1968,#1969,#1970);
#1968 = CARTESIAN_POINT('',(-7.095182503789,-277.8982253663,
    -234.9999999999));
#1969 = DIRECTION('',(3.064104139906E-16,8.673617379884E-16,-1.));
#1970 = DIRECTION('',(1.,-2.435520006158E-07,3.064102027429E-16));
#1971 = PCURVE('',#1695,#1972);
#1972 = DEFINITIONAL_REPRESENTATION('',(#1973),#1981);
#1973 = ( BOUNDED_CURVE() B_SPLINE_CURVE(2,(#1974,#1975,#1976,#1977,
#1978,#1979,#1980),.UNSPECIFIED.,.T.,.F.) B_SPLINE_CURVE_WITH_KNOTS((1,2
    ,2,2,2,1),(-2.094395102393,0.,2.094395102393,4.188790204786,
6.28318530718,8.377580409573),.UNSPECIFIED.) CURVE() 
GEOMETRIC_REPRESENTATION_ITEM() RATIONAL_B_SPLINE_CURVE((1.,0.5,1.,0.5,
1.,0.5,1.)) REPRESENTATION_ITEM('') );
#1974 = CARTESIAN_POINT('',(-28.85846959496,47.91628524851));
#1975 = CARTESIAN_POINT('',(-28.85846959496,51.380386863648));
#1976 = CARTESIAN_POINT('',(-25.85846959496,49.648336056079));
#1977 = CARTESIAN_POINT('',(-22.85846959496,47.91628524851));
#1978 = CARTESIAN_POINT('',(-25.85846959496,46.184234440942));
#1979 = CARTESIAN_POINT('',(-28.85846959496,44.452183633373));
#1980 = CARTESIAN_POINT('',(-28.85846959496,47.91628524851));
#1981 = ( GEOMETRIC_REPRESENTATION_CONTEXT(2) 
PARAMETRIC_REPRESENTATION_CONTEXT() REPRESENTATION_CONTEXT('2D SPACE',''
  ) );
#1982 = PCURVE('',#982,#1983);
#1983 = DEFINITIONAL_REPRESENTATION('',(#1984),#1988);
#1984 = LINE('',#1985,#1986);
#1985 = CARTESIAN_POINT('',(-1.570796326795,20.));
#1986 = VECTOR('',#1987,1.);
#1987 = DIRECTION('',(1.,0.));
#1988 = ( GEOMETRIC_REPRESENTATION_CONTEXT(2) 
PARAMETRIC_REPRESENTATION_CONTEXT() REPRESENTATION_CONTEXT('2D SPACE',''
  ) );
#1989 = ORIENTED_EDGE('',*,*,#1990,.F.);
#1990 = EDGE_CURVE('',#1991,#1963,#1993,.T.);
#1991 = VERTEX_POINT('',#1992);
#1992 = CARTESIAN_POINT('',(-3.495182990947,-279.8982262431,
    -234.9999999999));
#1993 = SURFACE_CURVE('',#1994,(#1998,#2005),.PCURVE_S1.);
#1994 = LINE('',#1995,#1996);
#1995 = CARTESIAN_POINT('',(-3.495182990947,-279.8982262431,
    -234.9999999999));
#1996 = VECTOR('',#1997,1.);
#1997 = DIRECTION('',(-1.,2.435520001868E-07,-3.064102027429E-16));
#1998 = PCURVE('',#1695,#1999);
#1999 = DEFINITIONAL_REPRESENTATION('',(#2000),#2004);
#2000 = LINE('',#2001,#2002);
#2001 = CARTESIAN_POINT('',(-30.45846959491,49.916285248513));
#2002 = VECTOR('',#2003,1.);
#2003 = DIRECTION('',(1.,2.657685088549E-31));
#2004 = ( GEOMETRIC_REPRESENTATION_CONTEXT(2) 
PARAMETRIC_REPRESENTATION_CONTEXT() REPRESENTATION_CONTEXT('2D SPACE',''
  ) );
#2005 = PCURVE('',#1010,#2006);
#2006 = DEFINITIONAL_REPRESENTATION('',(#2007),#2011);
#2007 = LINE('',#2008,#2009);
#2008 = CARTESIAN_POINT('',(20.,-6.128208381211E-15));
#2009 = VECTOR('',#2010,1.);
#2010 = DIRECTION('',(-1.365715442164E-29,-1.));
#2011 = ( GEOMETRIC_REPRESENTATION_CONTEXT(2) 
PARAMETRIC_REPRESENTATION_CONTEXT() REPRESENTATION_CONTEXT('2D SPACE',''
  ) );
#2012 = ORIENTED_EDGE('',*,*,#2013,.F.);
#2013 = EDGE_CURVE('',#2014,#1991,#2016,.T.);
#2014 = VERTEX_POINT('',#2015);
#2015 = CARTESIAN_POINT('',(-3.495184208707,-284.8982262431,
    -234.9999999999));
#2016 = SURFACE_CURVE('',#2017,(#2021,#2028),.PCURVE_S1.);
#2017 = LINE('',#2018,#2019);
#2018 = CARTESIAN_POINT('',(-3.495182990947,-279.8982262431,
    -234.9999999999));
#2019 = VECTOR('',#2020,1.);
#2020 = DIRECTION('',(2.435520001868E-07,1.,8.673618126152E-16));
#2021 = PCURVE('',#1695,#2022);
#2022 = DEFINITIONAL_REPRESENTATION('',(#2023),#2027);
#2023 = LINE('',#2024,#2025);
#2024 = CARTESIAN_POINT('',(-30.45846959491,49.916285248513));
#2025 = VECTOR('',#2026,1.);
#2026 = DIRECTION('',(-2.657685088549E-31,-1.));
#2027 = ( GEOMETRIC_REPRESENTATION_CONTEXT(2) 
PARAMETRIC_REPRESENTATION_CONTEXT() REPRESENTATION_CONTEXT('2D SPACE',''
  ) );
#2028 = PCURVE('',#1038,#2029);
#2029 = DEFINITIONAL_REPRESENTATION('',(#2030),#2034);
#2030 = LINE('',#2031,#2032);
#2031 = CARTESIAN_POINT('',(-20.,-1.73472362523E-14));
#2032 = VECTOR('',#2033,1.);
#2033 = DIRECTION('',(-6.876221904686E-29,1.));
#2034 = ( GEOMETRIC_REPRESENTATION_CONTEXT(2) 
PARAMETRIC_REPRESENTATION_CONTEXT() REPRESENTATION_CONTEXT('2D SPACE',''
  ) );
#2035 = ORIENTED_EDGE('',*,*,#2036,.F.);
#2036 = EDGE_CURVE('',#2037,#2014,#2039,.T.);
#2037 = VERTEX_POINT('',#2038);
#2038 = CARTESIAN_POINT('',(-5.695184208707,-284.8982257072,
    -234.9999999999));
#2039 = SURFACE_CURVE('',#2040,(#2044,#2051),.PCURVE_S1.);
#2040 = LINE('',#2041,#2042);
#2041 = CARTESIAN_POINT('',(-3.495184208707,-284.8982262431,
    -234.9999999999));
#2042 = VECTOR('',#2043,1.);
#2043 = DIRECTION('',(1.,-2.435520001868E-07,3.064102027429E-16));
#2044 = PCURVE('',#1695,#2045);
#2045 = DEFINITIONAL_REPRESENTATION('',(#2046),#2050);
#2046 = LINE('',#2047,#2048);
#2047 = CARTESIAN_POINT('',(-30.45846959491,54.916285248513));
#2048 = VECTOR('',#2049,1.);
#2049 = DIRECTION('',(-1.,-2.657685088549E-31));
#2050 = ( GEOMETRIC_REPRESENTATION_CONTEXT(2) 
PARAMETRIC_REPRESENTATION_CONTEXT() REPRESENTATION_CONTEXT('2D SPACE',''
  ) );
#2051 = PCURVE('',#2052,#2057);
#2052 = PLANE('',#2053);
#2053 = AXIS2_PLACEMENT_3D('',#2054,#2055,#2056);
#2054 = CARTESIAN_POINT('',(-3.495184208707,-284.8982262431,
    -214.9999999999));
#2055 = DIRECTION('',(2.435520001868E-07,1.,8.673618126152E-16));
#2056 = DIRECTION('',(-1.,2.435520001868E-07,-3.064102027429E-16));
#2057 = DEFINITIONAL_REPRESENTATION('',(#2058),#2062);
#2058 = LINE('',#2059,#2060);
#2059 = CARTESIAN_POINT('',(6.12820838121E-15,-20.));
#2060 = VECTOR('',#2061,1.);
#2061 = DIRECTION('',(-1.,2.465190328816E-31));
#2062 = ( GEOMETRIC_REPRESENTATION_CONTEXT(2) 
PARAMETRIC_REPRESENTATION_CONTEXT() REPRESENTATION_CONTEXT('2D SPACE',''
  ) );
#2063 = ORIENTED_EDGE('',*,*,#2064,.F.);
#2064 = EDGE_CURVE('',#2065,#2037,#2067,.T.);
#2065 = VERTEX_POINT('',#2066);
#2066 = CARTESIAN_POINT('',(-5.695184659278,-286.7482257118,
    -234.9999999999));
#2067 = SURFACE_CURVE('',#2068,(#2072,#2079),.PCURVE_S1.);
#2068 = LINE('',#2069,#2070);
#2069 = CARTESIAN_POINT('',(-5.695185889216,-291.7982257072,
    -234.9999999999));
#2070 = VECTOR('',#2071,1.);
#2071 = DIRECTION('',(2.435520001868E-07,1.,8.673618126152E-16));
#2072 = PCURVE('',#1695,#2073);
#2073 = DEFINITIONAL_REPRESENTATION('',(#2074),#2078);
#2074 = LINE('',#2075,#2076);
#2075 = CARTESIAN_POINT('',(-28.25846959491,61.816285248508));
#2076 = VECTOR('',#2077,1.);
#2077 = DIRECTION('',(-2.657685088549E-31,-1.));
#2078 = ( GEOMETRIC_REPRESENTATION_CONTEXT(2) 
PARAMETRIC_REPRESENTATION_CONTEXT() REPRESENTATION_CONTEXT('2D SPACE',''
  ) );
#2079 = PCURVE('',#2080,#2085);
#2080 = PLANE('',#2081);
#2081 = AXIS2_PLACEMENT_3D('',#2082,#2083,#2084);
#2082 = CARTESIAN_POINT('',(-5.695185889216,-291.7982257072,
    -214.9999999999));
#2083 = DIRECTION('',(-1.,2.435520001868E-07,-3.064102027429E-16));
#2084 = DIRECTION('',(-3.064104139906E-16,-8.673617379884E-16,1.));
#2085 = DEFINITIONAL_REPRESENTATION('',(#2086),#2090);
#2086 = LINE('',#2087,#2088);
#2087 = CARTESIAN_POINT('',(-20.,-1.73472362523E-14));
#2088 = VECTOR('',#2089,1.);
#2089 = DIRECTION('',(-6.876221904686E-29,1.));
#2090 = ( GEOMETRIC_REPRESENTATION_CONTEXT(2) 
PARAMETRIC_REPRESENTATION_CONTEXT() REPRESENTATION_CONTEXT('2D SPACE',''
  ) );
#2091 = ORIENTED_EDGE('',*,*,#2092,.T.);
#2092 = EDGE_CURVE('',#2065,#2093,#2095,.T.);
#2093 = VERTEX_POINT('',#2094);
#2094 = CARTESIAN_POINT('',(5.704815340721,-286.7482284883,
    -234.9999999999));
#2095 = SURFACE_CURVE('',#2096,(#2100,#2107),.PCURVE_S1.);
#2096 = LINE('',#2097,#2098);
#2097 = CARTESIAN_POINT('',(-495.7017064721,-286.7481063698,
    -234.9999999999));
#2098 = VECTOR('',#2099,1.);
#2099 = DIRECTION('',(1.,-2.435520001868E-07,3.064102027429E-16));
#2100 = PCURVE('',#1695,#2101);
#2101 = DEFINITIONAL_REPRESENTATION('',(#2102),#2106);
#2102 = LINE('',#2103,#2104);
#2103 = CARTESIAN_POINT('',(461.74805221792,56.766285253086));
#2104 = VECTOR('',#2105,1.);
#2105 = DIRECTION('',(-1.,-2.657685088549E-31));
#2106 = ( GEOMETRIC_REPRESENTATION_CONTEXT(2) 
PARAMETRIC_REPRESENTATION_CONTEXT() REPRESENTATION_CONTEXT('2D SPACE',''
  ) );
#2107 = PCURVE('',#2108,#2113);
#2108 = PLANE('',#2109);
#2109 = AXIS2_PLACEMENT_3D('',#2110,#2111,#2112);
#2110 = CARTESIAN_POINT('',(-495.7017064721,-286.7481063698,
    -234.9999999999));
#2111 = DIRECTION('',(1.722172706858E-07,0.707106781187,0.707106781187)
  );
#2112 = DIRECTION('',(-1.,2.435520001858E-07,-3.071298321003E-16));
#2113 = DEFINITIONAL_REPRESENTATION('',(#2114),#2118);
#2114 = LINE('',#2115,#2116);
#2115 = CARTESIAN_POINT('',(0.,0.));
#2116 = VECTOR('',#2117,1.);
#2117 = DIRECTION('',(-1.,1.613068368927E-19));
#2118 = ( GEOMETRIC_REPRESENTATION_CONTEXT(2) 
PARAMETRIC_REPRESENTATION_CONTEXT() REPRESENTATION_CONTEXT('2D SPACE',''
  ) );
#2119 = ORIENTED_EDGE('',*,*,#2120,.F.);
#2120 = EDGE_CURVE('',#2121,#2093,#2123,.T.);
#2121 = VERTEX_POINT('',#2122);
#2122 = CARTESIAN_POINT('',(5.704815791293,-284.8982284837,
    -234.9999999999));
#2123 = SURFACE_CURVE('',#2124,(#2128,#2135),.PCURVE_S1.);
#2124 = LINE('',#2125,#2126);
#2125 = CARTESIAN_POINT('',(5.704815791293,-284.8982284837,
    -234.9999999999));
#2126 = VECTOR('',#2127,1.);
#2127 = DIRECTION('',(-2.435520001868E-07,-1.,-8.673618126152E-16));
#2128 = PCURVE('',#1695,#2129);
#2129 = DEFINITIONAL_REPRESENTATION('',(#2130),#2134);
#2130 = LINE('',#2131,#2132);
#2131 = CARTESIAN_POINT('',(-39.65846959491,54.916285248515));
#2132 = VECTOR('',#2133,1.);
#2133 = DIRECTION('',(2.657685088549E-31,1.));
#2134 = ( GEOMETRIC_REPRESENTATION_CONTEXT(2) 
PARAMETRIC_REPRESENTATION_CONTEXT() REPRESENTATION_CONTEXT('2D SPACE',''
  ) );
#2135 = PCURVE('',#2136,#2141);
#2136 = PLANE('',#2137);
#2137 = AXIS2_PLACEMENT_3D('',#2138,#2139,#2140);
#2138 = CARTESIAN_POINT('',(5.704815791293,-284.8982284837,
    -214.9999999999));
#2139 = DIRECTION('',(1.,-2.435520001868E-07,3.064102027429E-16));
#2140 = DIRECTION('',(2.435520001868E-07,1.,8.673618126152E-16));
#2141 = DEFINITIONAL_REPRESENTATION('',(#2142),#2146);
#2142 = LINE('',#2143,#2144);
#2143 = CARTESIAN_POINT('',(-1.73472362523E-14,-20.));
#2144 = VECTOR('',#2145,1.);
#2145 = DIRECTION('',(-1.,-4.603253862884E-31));
#2146 = ( GEOMETRIC_REPRESENTATION_CONTEXT(2) 
PARAMETRIC_REPRESENTATION_CONTEXT() REPRESENTATION_CONTEXT('2D SPACE',''
  ) );
#2147 = ORIENTED_EDGE('',*,*,#2148,.F.);
#2148 = EDGE_CURVE('',#2149,#2121,#2151,.T.);
#2149 = VERTEX_POINT('',#2150);
#2150 = CARTESIAN_POINT('',(3.504815791293,-284.8982279479,
    -234.9999999999));
#2151 = SURFACE_CURVE('',#2152,(#2156,#2163),.PCURVE_S1.);
#2152 = LINE('',#2153,#2154);
#2153 = CARTESIAN_POINT('',(3.504815791293,-284.8982279479,
    -234.9999999999));
#2154 = VECTOR('',#2155,1.);
#2155 = DIRECTION('',(1.,-2.435520001868E-07,3.064102027429E-16));
#2156 = PCURVE('',#1695,#2157);
#2157 = DEFINITIONAL_REPRESENTATION('',(#2158),#2162);
#2158 = LINE('',#2159,#2160);
#2159 = CARTESIAN_POINT('',(-37.45846959491,54.916285248509));
#2160 = VECTOR('',#2161,1.);
#2161 = DIRECTION('',(-1.,-2.657685088549E-31));
#2162 = ( GEOMETRIC_REPRESENTATION_CONTEXT(2) 
PARAMETRIC_REPRESENTATION_CONTEXT() REPRESENTATION_CONTEXT('2D SPACE',''
  ) );
#2163 = PCURVE('',#2164,#2169);
#2164 = PLANE('',#2165);
#2165 = AXIS2_PLACEMENT_3D('',#2166,#2167,#2168);
#2166 = CARTESIAN_POINT('',(3.504815791293,-284.8982279479,
    -214.9999999999));
#2167 = DIRECTION('',(2.435520001868E-07,1.,8.673618126152E-16));
#2168 = DIRECTION('',(-1.,2.435520001868E-07,-3.064102027429E-16));
#2169 = DEFINITIONAL_REPRESENTATION('',(#2170),#2174);
#2170 = LINE('',#2171,#2172);
#2171 = CARTESIAN_POINT('',(6.12820838121E-15,-20.));
#2172 = VECTOR('',#2173,1.);
#2173 = DIRECTION('',(-1.,2.465190328816E-31));
#2174 = ( GEOMETRIC_REPRESENTATION_CONTEXT(2) 
PARAMETRIC_REPRESENTATION_CONTEXT() REPRESENTATION_CONTEXT('2D SPACE',''
  ) );
#2175 = ORIENTED_EDGE('',*,*,#2176,.F.);
#2176 = EDGE_CURVE('',#2177,#2149,#2179,.T.);
#2177 = VERTEX_POINT('',#2178);
#2178 = CARTESIAN_POINT('',(3.504817009053,-279.8982279479,
    -234.9999999999));
#2179 = SURFACE_CURVE('',#2180,(#2184,#2191),.PCURVE_S1.);
#2180 = LINE('',#2181,#2182);
#2181 = CARTESIAN_POINT('',(3.504815791293,-284.8982279479,
    -234.9999999999));
#2182 = VECTOR('',#2183,1.);
#2183 = DIRECTION('',(-2.435520029623E-07,-1.,-8.673618126152E-16));
#2184 = PCURVE('',#1695,#2185);
#2185 = DEFINITIONAL_REPRESENTATION('',(#2186),#2190);
#2186 = LINE('',#2187,#2188);
#2187 = CARTESIAN_POINT('',(-37.45846959491,54.916285248509));
#2188 = VECTOR('',#2189,1.);
#2189 = DIRECTION('',(2.775499963322E-15,1.));
#2190 = ( GEOMETRIC_REPRESENTATION_CONTEXT(2) 
PARAMETRIC_REPRESENTATION_CONTEXT() REPRESENTATION_CONTEXT('2D SPACE',''
  ) );
#2191 = PCURVE('',#589,#2192);
#2192 = DEFINITIONAL_REPRESENTATION('',(#2193),#2197);
#2193 = LINE('',#2194,#2195);
#2194 = CARTESIAN_POINT('',(-1.73472362523E-14,-20.));
#2195 = VECTOR('',#2196,1.);
#2196 = DIRECTION('',(-1.,-4.313159136868E-33));
#2197 = ( GEOMETRIC_REPRESENTATION_CONTEXT(2) 
PARAMETRIC_REPRESENTATION_CONTEXT() REPRESENTATION_CONTEXT('2D SPACE',''
  ) );
#2198 = ORIENTED_EDGE('',*,*,#2199,.F.);
#2199 = EDGE_CURVE('',#2200,#2177,#2202,.T.);
#2200 = VERTEX_POINT('',#2201);
#2201 = CARTESIAN_POINT('',(7.10481701038,-279.8982288247,
    -234.9999999999));
#2202 = SURFACE_CURVE('',#2203,(#2207,#2214),.PCURVE_S1.);
#2203 = LINE('',#2204,#2205);
#2204 = CARTESIAN_POINT('',(7.10481701038,-279.8982288247,
    -234.9999999999));
#2205 = VECTOR('',#2206,1.);
#2206 = DIRECTION('',(-1.,2.43551984767E-07,-3.064102027429E-16));
#2207 = PCURVE('',#1695,#2208);
#2208 = DEFINITIONAL_REPRESENTATION('',(#2209),#2213);
#2209 = LINE('',#2210,#2211);
#2210 = CARTESIAN_POINT('',(-41.05846959624,49.916285248512));
#2211 = VECTOR('',#2212,1.);
#2212 = DIRECTION('',(1.,1.541980001216E-14));
#2213 = ( GEOMETRIC_REPRESENTATION_CONTEXT(2) 
PARAMETRIC_REPRESENTATION_CONTEXT() REPRESENTATION_CONTEXT('2D SPACE',''
  ) );
#2214 = PCURVE('',#617,#2215);
#2215 = DEFINITIONAL_REPRESENTATION('',(#2216),#2220);
#2216 = LINE('',#2217,#2218);
#2217 = CARTESIAN_POINT('',(-6.12820838121E-15,-20.));
#2218 = VECTOR('',#2219,1.);
#2219 = DIRECTION('',(-1.,-2.465190328816E-31));
#2220 = ( GEOMETRIC_REPRESENTATION_CONTEXT(2) 
PARAMETRIC_REPRESENTATION_CONTEXT() REPRESENTATION_CONTEXT('2D SPACE',''
  ) );
#2221 = ORIENTED_EDGE('',*,*,#2222,.F.);
#2222 = EDGE_CURVE('',#2223,#2200,#2225,.T.);
#2223 = VERTEX_POINT('',#2224);
#2224 = CARTESIAN_POINT('',(9.104817497484,-277.8982293118,
    -234.9999999999));
#2225 = SURFACE_CURVE('',#2226,(#2231,#2242),.PCURVE_S1.);
#2226 = CIRCLE('',#2227,2.);
#2227 = AXIS2_PLACEMENT_3D('',#2228,#2229,#2230);
#2228 = CARTESIAN_POINT('',(7.104817497484,-277.8982288247,
    -234.9999999999));
#2229 = DIRECTION('',(3.064104139906E-16,8.673617379884E-16,-1.));
#2230 = DIRECTION('',(-1.,2.435520006158E-07,-3.064102027429E-16));
#2231 = PCURVE('',#1695,#2232);
#2232 = DEFINITIONAL_REPRESENTATION('',(#2233),#2241);
#2233 = ( BOUNDED_CURVE() B_SPLINE_CURVE(2,(#2234,#2235,#2236,#2237,
#2238,#2239,#2240),.UNSPECIFIED.,.T.,.F.) B_SPLINE_CURVE_WITH_KNOTS((1,2
    ,2,2,2,1),(-2.094395102393,0.,2.094395102393,4.188790204786,
6.28318530718,8.377580409573),.UNSPECIFIED.) CURVE() 
GEOMETRIC_REPRESENTATION_ITEM() RATIONAL_B_SPLINE_CURVE((1.,0.5,1.,0.5,
1.,0.5,1.)) REPRESENTATION_ITEM('') );
#2234 = CARTESIAN_POINT('',(-39.05846959624,47.916285248512));
#2235 = CARTESIAN_POINT('',(-39.05846959624,44.452183633374));
#2236 = CARTESIAN_POINT('',(-42.05846959624,46.184234440943));
#2237 = CARTESIAN_POINT('',(-45.05846959624,47.916285248512));
#2238 = CARTESIAN_POINT('',(-42.05846959624,49.648336056081));
#2239 = CARTESIAN_POINT('',(-39.05846959624,51.38038686365));
#2240 = CARTESIAN_POINT('',(-39.05846959624,47.916285248512));
#2241 = ( GEOMETRIC_REPRESENTATION_CONTEXT(2) 
PARAMETRIC_REPRESENTATION_CONTEXT() REPRESENTATION_CONTEXT('2D SPACE',''
  ) );
#2242 = PCURVE('',#650,#2243);
#2243 = DEFINITIONAL_REPRESENTATION('',(#2244),#2248);
#2244 = LINE('',#2245,#2246);
#2245 = CARTESIAN_POINT('',(1.570796326795,20.));
#2246 = VECTOR('',#2247,1.);
#2247 = DIRECTION('',(1.,0.));
#2248 = ( GEOMETRIC_REPRESENTATION_CONTEXT(2) 
PARAMETRIC_REPRESENTATION_CONTEXT() REPRESENTATION_CONTEXT('2D SPACE',''
  ) );
#2249 = ORIENTED_EDGE('',*,*,#2250,.F.);
#2250 = EDGE_CURVE('',#2251,#2223,#2253,.T.);
#2251 = VERTEX_POINT('',#2252);
#2252 = CARTESIAN_POINT('',(9.104818381621,-274.2561016453,
    -234.9999999999));
#2253 = SURFACE_CURVE('',#2254,(#2258,#2265),.PCURVE_S1.);
#2254 = LINE('',#2255,#2256);
#2255 = CARTESIAN_POINT('',(9.104818384532,-274.2561016473,
    -234.9999999999));
#2256 = VECTOR('',#2257,1.);
#2257 = DIRECTION('',(-2.435520111415E-07,-1.,-8.673618126152E-16));
#2258 = PCURVE('',#1695,#2259);
#2259 = DEFINITIONAL_REPRESENTATION('',(#2260),#2264);
#2260 = LINE('',#2261,#2262);
#2261 = CARTESIAN_POINT('',(-43.05846959624,44.27415758399));
#2262 = VECTOR('',#2263,1.);
#2263 = DIRECTION('',(1.095469997673E-14,1.));
#2264 = ( GEOMETRIC_REPRESENTATION_CONTEXT(2) 
PARAMETRIC_REPRESENTATION_CONTEXT() REPRESENTATION_CONTEXT('2D SPACE',''
  ) );
#2265 = PCURVE('',#678,#2266);
#2266 = DEFINITIONAL_REPRESENTATION('',(#2267),#2271);
#2267 = LINE('',#2268,#2269);
#2268 = CARTESIAN_POINT('',(-1.73472362523E-14,-20.));
#2269 = VECTOR('',#2270,1.);
#2270 = DIRECTION('',(-1.,-3.577401471064E-31));
#2271 = ( GEOMETRIC_REPRESENTATION_CONTEXT(2) 
PARAMETRIC_REPRESENTATION_CONTEXT() REPRESENTATION_CONTEXT('2D SPACE',''
  ) );
#2272 = ORIENTED_EDGE('',*,*,#2273,.F.);
#2273 = EDGE_CURVE('',#2274,#2251,#2276,.T.);
#2274 = VERTEX_POINT('',#2275);
#2275 = CARTESIAN_POINT('',(8.177136691782,-260.3884596235,
    -234.9999999999));
#2276 = SURFACE_CURVE('',#2277,(#2282,#2293),.PCURVE_S1.);
#2277 = CIRCLE('',#2278,11.1);
#2278 = AXIS2_PLACEMENT_3D('',#2279,#2280,#2281);
#2279 = CARTESIAN_POINT('',(4.819929576996E-03,-267.8999999962,
    -234.9999999999));
#2280 = DIRECTION('',(3.064104139906E-16,8.673617379884E-16,-1.));
#2281 = DIRECTION('',(-1.,2.435520001939E-07,-3.064102027429E-16));
#2282 = PCURVE('',#1695,#2283);
#2283 = DEFINITIONAL_REPRESENTATION('',(#2284),#2292);
#2284 = ( BOUNDED_CURVE() B_SPLINE_CURVE(2,(#2285,#2286,#2287,#2288,
#2289,#2290,#2291),.UNSPECIFIED.,.T.,.F.) B_SPLINE_CURVE_WITH_KNOTS((1,2
    ,2,2,2,1),(-2.094395102393,0.,2.094395102393,4.188790204786,
6.28318530718,8.377580409573),.UNSPECIFIED.) CURVE() 
GEOMETRIC_REPRESENTATION_ITEM() RATIONAL_B_SPLINE_CURVE((1.,0.5,1.,0.5,
1.,0.5,1.)) REPRESENTATION_ITEM('') );
#2285 = CARTESIAN_POINT('',(-22.85846959324,37.91805814925));
#2286 = CARTESIAN_POINT('',(-22.85846959324,18.692294185235));
#2287 = CARTESIAN_POINT('',(-39.50846959324,28.305176167243));
#2288 = CARTESIAN_POINT('',(-56.15846959324,37.91805814925));
#2289 = CARTESIAN_POINT('',(-39.50846959324,47.530940131257));
#2290 = CARTESIAN_POINT('',(-22.85846959324,57.143822113264));
#2291 = CARTESIAN_POINT('',(-22.85846959324,37.91805814925));
#2292 = ( GEOMETRIC_REPRESENTATION_CONTEXT(2) 
PARAMETRIC_REPRESENTATION_CONTEXT() REPRESENTATION_CONTEXT('2D SPACE',''
  ) );
#2293 = PCURVE('',#711,#2294);
#2294 = DEFINITIONAL_REPRESENTATION('',(#2295),#2299);
#2295 = LINE('',#2296,#2297);
#2296 = CARTESIAN_POINT('',(1.570796326795,20.));
#2297 = VECTOR('',#2298,1.);
#2298 = DIRECTION('',(1.,0.));
#2299 = ( GEOMETRIC_REPRESENTATION_CONTEXT(2) 
PARAMETRIC_REPRESENTATION_CONTEXT() REPRESENTATION_CONTEXT('2D SPACE',''
  ) );
#2300 = ORIENTED_EDGE('',*,*,#2301,.F.);
#2301 = EDGE_CURVE('',#1680,#2274,#2302,.T.);
#2302 = SURFACE_CURVE('',#2303,(#2308,#2315),.PCURVE_S1.);
#2303 = CIRCLE('',#2304,8.29999999706);
#2304 = AXIS2_PLACEMENT_3D('',#2305,#2306,#2307);
#2305 = CARTESIAN_POINT('',(14.28796813994,-254.7717222286,
    -234.9999999999));
#2306 = DIRECTION('',(-3.064104139906E-16,-8.673617379884E-16,1.));
#2307 = DIRECTION('',(1.,-2.435520001064E-07,3.064102027429E-16));
#2308 = PCURVE('',#1695,#2309);
#2309 = DEFINITIONAL_REPRESENTATION('',(#2310),#2314);
#2310 = CIRCLE('',#2311,8.29999999706);
#2311 = AXIS2_PLACEMENT_2D('',#2312,#2313);
#2312 = CARTESIAN_POINT('',(-48.24161460619,24.789776902913));
#2313 = DIRECTION('',(-1.,-8.040004971602E-17));
#2314 = ( GEOMETRIC_REPRESENTATION_CONTEXT(2) 
PARAMETRIC_REPRESENTATION_CONTEXT() REPRESENTATION_CONTEXT('2D SPACE',''
  ) );
#2315 = PCURVE('',#740,#2316);
#2316 = DEFINITIONAL_REPRESENTATION('',(#2317),#2321);
#2317 = LINE('',#2318,#2319);
#2318 = CARTESIAN_POINT('',(4.712388980385,20.));
#2319 = VECTOR('',#2320,1.);
#2320 = DIRECTION('',(-1.,0.));
#2321 = ( GEOMETRIC_REPRESENTATION_CONTEXT(2) 
PARAMETRIC_REPRESENTATION_CONTEXT() REPRESENTATION_CONTEXT('2D SPACE',''
  ) );
#2322 = FACE_BOUND('',#2323,.F.);
#2323 = EDGE_LOOP('',(#2324));
#2324 = ORIENTED_EDGE('',*,*,#2325,.F.);
#2325 = EDGE_CURVE('',#2326,#2326,#2328,.T.);
#2326 = VERTEX_POINT('',#2327);
#2327 = CARTESIAN_POINT('',(4.819932564004E-03,-260.249999998,
    -234.9999720141));
#2328 = SURFACE_CURVE('',#2329,(#2334,#2341),.PCURVE_S1.);
#2329 = CIRCLE('',#2330,7.65);
#2330 = AXIS2_PLACEMENT_3D('',#2331,#2332,#2333);
#2331 = CARTESIAN_POINT('',(4.819932361997E-03,-267.899999998,
    -234.9999720141));
#2332 = DIRECTION('',(-3.064104139938E-16,-9.898264179031E-16,1.));
#2333 = DIRECTION('',(2.628616278892E-11,1.,9.898264179112E-16));
#2334 = PCURVE('',#1695,#2335);
#2335 = DEFINITIONAL_REPRESENTATION('',(#2336),#2340);
#2336 = CIRCLE('',#2337,7.65);
#2337 = AXIS2_PLACEMENT_2D('',#2338,#2339);
#2338 = CARTESIAN_POINT('',(-33.95846959603,37.918058151026));
#2339 = DIRECTION('',(2.43525714024E-07,-1.));
#2340 = ( GEOMETRIC_REPRESENTATION_CONTEXT(2) 
PARAMETRIC_REPRESENTATION_CONTEXT() REPRESENTATION_CONTEXT('2D SPACE',''
  ) );
#2341 = PCURVE('',#2342,#2347);
#2342 = CYLINDRICAL_SURFACE('',#2343,7.65);
#2343 = AXIS2_PLACEMENT_3D('',#2344,#2345,#2346);
#2344 = CARTESIAN_POINT('',(4.819932363006E-03,-267.899999998,
    -366.0499999999));
#2345 = DIRECTION('',(-3.064104139938E-16,-9.898264179031E-16,1.));
#2346 = DIRECTION('',(2.628616278892E-11,1.,9.898264179112E-16));
#2347 = DEFINITIONAL_REPRESENTATION('',(#2348),#2352);
#2348 = LINE('',#2349,#2350);
#2349 = CARTESIAN_POINT('',(0.,131.0500279858));
#2350 = VECTOR('',#2351,1.);
#2351 = DIRECTION('',(1.,0.));
#2352 = ( GEOMETRIC_REPRESENTATION_CONTEXT(2) 
PARAMETRIC_REPRESENTATION_CONTEXT() REPRESENTATION_CONTEXT('2D SPACE',''
  ) );
#2353 = ADVANCED_FACE('',(#2354),#2342,.T.);
#2354 = FACE_BOUND('',#2355,.T.);
#2355 = EDGE_LOOP('',(#2356,#2389,#2410,#2411));
#2356 = ORIENTED_EDGE('',*,*,#2357,.T.);
#2357 = EDGE_CURVE('',#2358,#2358,#2360,.T.);
#2358 = VERTEX_POINT('',#2359);
#2359 = CARTESIAN_POINT('',(4.819932564004E-03,-260.249999998,
    -344.0499999999));
#2360 = SURFACE_CURVE('',#2361,(#2366,#2373),.PCURVE_S1.);
#2361 = CIRCLE('',#2362,7.65);
#2362 = AXIS2_PLACEMENT_3D('',#2363,#2364,#2365);
#2363 = CARTESIAN_POINT('',(4.819932363006E-03,-267.899999998,
    -344.0499999999));
#2364 = DIRECTION('',(-3.064104139938E-16,-9.898264179031E-16,1.));
#2365 = DIRECTION('',(2.628616278892E-11,1.,9.898264179112E-16));
#2366 = PCURVE('',#2342,#2367);
#2367 = DEFINITIONAL_REPRESENTATION('',(#2368),#2372);
#2368 = LINE('',#2369,#2370);
#2369 = CARTESIAN_POINT('',(0.,22.));
#2370 = VECTOR('',#2371,1.);
#2371 = DIRECTION('',(1.,0.));
#2372 = ( GEOMETRIC_REPRESENTATION_CONTEXT(2) 
PARAMETRIC_REPRESENTATION_CONTEXT() REPRESENTATION_CONTEXT('2D SPACE',''
  ) );
#2373 = PCURVE('',#2374,#2379);
#2374 = PLANE('',#2375);
#2375 = AXIS2_PLACEMENT_3D('',#2376,#2377,#2378);
#2376 = CARTESIAN_POINT('',(4.819932363006E-03,-267.899999998,
    -344.0499999999));
#2377 = DIRECTION('',(0.,0.,-1.));
#2378 = DIRECTION('',(0.,1.,0.));
#2379 = DEFINITIONAL_REPRESENTATION('',(#2380),#2388);
#2380 = ( BOUNDED_CURVE() B_SPLINE_CURVE(2,(#2381,#2382,#2383,#2384,
#2385,#2386,#2387),.UNSPECIFIED.,.T.,.F.) B_SPLINE_CURVE_WITH_KNOTS((1,2
    ,2,2,2,1),(-2.094395102393,0.,2.094395102393,4.188790204786,
6.28318530718,8.377580409573),.UNSPECIFIED.) CURVE() 
GEOMETRIC_REPRESENTATION_ITEM() RATIONAL_B_SPLINE_CURVE((1.,0.5,1.,0.5,
1.,0.5,1.)) REPRESENTATION_ITEM('') );
#2381 = CARTESIAN_POINT('',(7.65,2.010891453352E-10));
#2382 = CARTESIAN_POINT('',(7.650000000348,-13.2501886777));
#2383 = CARTESIAN_POINT('',(-3.824999999826,-6.625094339052));
#2384 = CARTESIAN_POINT('',(-15.3,-4.021801643801E-10));
#2385 = CARTESIAN_POINT('',(-3.825000000174,6.62509433885));
#2386 = CARTESIAN_POINT('',(7.649999999652,13.250188678103));
#2387 = CARTESIAN_POINT('',(7.65,2.010891453352E-10));
#2388 = ( GEOMETRIC_REPRESENTATION_CONTEXT(2) 
PARAMETRIC_REPRESENTATION_CONTEXT() REPRESENTATION_CONTEXT('2D SPACE',''
  ) );
#2389 = ORIENTED_EDGE('',*,*,#2390,.T.);
#2390 = EDGE_CURVE('',#2358,#2326,#2391,.T.);
#2391 = SEAM_CURVE('',#2392,(#2396,#2403),.PCURVE_S1.);
#2392 = LINE('',#2393,#2394);
#2393 = CARTESIAN_POINT('',(4.819932564004E-03,-260.249999998,
    -366.0499999999));
#2394 = VECTOR('',#2395,1.);
#2395 = DIRECTION('',(-3.064104139938E-16,-9.898264179031E-16,1.));
#2396 = PCURVE('',#2342,#2397);
#2397 = DEFINITIONAL_REPRESENTATION('',(#2398),#2402);
#2398 = LINE('',#2399,#2400);
#2399 = CARTESIAN_POINT('',(6.28318530718,0.));
#2400 = VECTOR('',#2401,1.);
#2401 = DIRECTION('',(0.,1.));
#2402 = ( GEOMETRIC_REPRESENTATION_CONTEXT(2) 
PARAMETRIC_REPRESENTATION_CONTEXT() REPRESENTATION_CONTEXT('2D SPACE',''
  ) );
#2403 = PCURVE('',#2342,#2404);
#2404 = DEFINITIONAL_REPRESENTATION('',(#2405),#2409);
#2405 = LINE('',#2406,#2407);
#2406 = CARTESIAN_POINT('',(0.,0.));
#2407 = VECTOR('',#2408,1.);
#2408 = DIRECTION('',(0.,1.));
#2409 = ( GEOMETRIC_REPRESENTATION_CONTEXT(2) 
PARAMETRIC_REPRESENTATION_CONTEXT() REPRESENTATION_CONTEXT('2D SPACE',''
  ) );
#2410 = ORIENTED_EDGE('',*,*,#2325,.F.);
#2411 = ORIENTED_EDGE('',*,*,#2390,.F.);
#2412 = ADVANCED_FACE('',(#2413),#2374,.T.);
#2413 = FACE_BOUND('',#2414,.T.);
#2414 = EDGE_LOOP('',(#2415));
#2415 = ORIENTED_EDGE('',*,*,#2357,.F.);
#2416 = ADVANCED_FACE('',(#2417),#2164,.T.);
#2417 = FACE_BOUND('',#2418,.T.);
#2418 = EDGE_LOOP('',(#2419,#2449,#2470,#2471));
#2419 = ORIENTED_EDGE('',*,*,#2420,.F.);
#2420 = EDGE_CURVE('',#2421,#2423,#2425,.T.);
#2421 = VERTEX_POINT('',#2422);
#2422 = CARTESIAN_POINT('',(5.704815791293,-284.8982284837,
    -231.0999999999));
#2423 = VERTEX_POINT('',#2424);
#2424 = CARTESIAN_POINT('',(3.504815791293,-284.8982279479,
    -231.0999999999));
#2425 = SURFACE_CURVE('',#2426,(#2430,#2437),.PCURVE_S1.);
#2426 = LINE('',#2427,#2428);
#2427 = CARTESIAN_POINT('',(3.504815791293,-284.8982279479,
    -231.0999999999));
#2428 = VECTOR('',#2429,1.);
#2429 = DIRECTION('',(-1.,2.435520001868E-07,-3.064102027429E-16));
#2430 = PCURVE('',#2164,#2431);
#2431 = DEFINITIONAL_REPRESENTATION('',(#2432),#2436);
#2432 = LINE('',#2433,#2434);
#2433 = CARTESIAN_POINT('',(4.933207725243E-15,-16.1));
#2434 = VECTOR('',#2435,1.);
#2435 = DIRECTION('',(1.,-2.465190328816E-31));
#2436 = ( GEOMETRIC_REPRESENTATION_CONTEXT(2) 
PARAMETRIC_REPRESENTATION_CONTEXT() REPRESENTATION_CONTEXT('2D SPACE',''
  ) );
#2437 = PCURVE('',#2438,#2443);
#2438 = PLANE('',#2439);
#2439 = AXIS2_PLACEMENT_3D('',#2440,#2441,#2442);
#2440 = CARTESIAN_POINT('',(17.77401715523,-284.4560439232,
    -231.0999999999));
#2441 = DIRECTION('',(3.064104139906E-16,8.673617379884E-16,-1.));
#2442 = DIRECTION('',(-2.435520001868E-07,-1.,-8.673618126152E-16));
#2443 = DEFINITIONAL_REPRESENTATION('',(#2444),#2448);
#2444 = LINE('',#2445,#2446);
#2445 = CARTESIAN_POINT('',(0.442187499993,14.269201256242));
#2446 = VECTOR('',#2447,1.);
#2447 = DIRECTION('',(0.,1.));
#2448 = ( GEOMETRIC_REPRESENTATION_CONTEXT(2) 
PARAMETRIC_REPRESENTATION_CONTEXT() REPRESENTATION_CONTEXT('2D SPACE',''
  ) );
#2449 = ORIENTED_EDGE('',*,*,#2450,.T.);
#2450 = EDGE_CURVE('',#2421,#2121,#2451,.T.);
#2451 = SURFACE_CURVE('',#2452,(#2456,#2463),.PCURVE_S1.);
#2452 = LINE('',#2453,#2454);
#2453 = CARTESIAN_POINT('',(5.704815791293,-284.8982284837,
    -214.9999999999));
#2454 = VECTOR('',#2455,1.);
#2455 = DIRECTION('',(3.064104139906E-16,8.673617379884E-16,-1.));
#2456 = PCURVE('',#2164,#2457);
#2457 = DEFINITIONAL_REPRESENTATION('',(#2458),#2462);
#2458 = LINE('',#2459,#2460);
#2459 = CARTESIAN_POINT('',(-2.2,-6.741024460344E-16));
#2460 = VECTOR('',#2461,1.);
#2461 = DIRECTION('',(-1.405158487425E-29,-1.));
#2462 = ( GEOMETRIC_REPRESENTATION_CONTEXT(2) 
PARAMETRIC_REPRESENTATION_CONTEXT() REPRESENTATION_CONTEXT('2D SPACE',''
  ) );
#2463 = PCURVE('',#2136,#2464);
#2464 = DEFINITIONAL_REPRESENTATION('',(#2465),#2469);
#2465 = LINE('',#2466,#2467);
#2466 = CARTESIAN_POINT('',(0.,0.));
#2467 = VECTOR('',#2468,1.);
#2468 = DIRECTION('',(6.955107996383E-29,-1.));
#2469 = ( GEOMETRIC_REPRESENTATION_CONTEXT(2) 
PARAMETRIC_REPRESENTATION_CONTEXT() REPRESENTATION_CONTEXT('2D SPACE',''
  ) );
#2470 = ORIENTED_EDGE('',*,*,#2148,.F.);
#2471 = ORIENTED_EDGE('',*,*,#2472,.F.);
#2472 = EDGE_CURVE('',#2423,#2149,#2473,.T.);
#2473 = SURFACE_CURVE('',#2474,(#2478,#2485),.PCURVE_S1.);
#2474 = LINE('',#2475,#2476);
#2475 = CARTESIAN_POINT('',(3.504815791293,-284.8982279479,
    -214.9999999999));
#2476 = VECTOR('',#2477,1.);
#2477 = DIRECTION('',(3.064104139906E-16,8.673617379884E-16,-1.));
#2478 = PCURVE('',#2164,#2479);
#2479 = DEFINITIONAL_REPRESENTATION('',(#2480),#2484);
#2480 = LINE('',#2481,#2482);
#2481 = CARTESIAN_POINT('',(0.,0.));
#2482 = VECTOR('',#2483,1.);
#2483 = DIRECTION('',(-1.405158487425E-29,-1.));
#2484 = ( GEOMETRIC_REPRESENTATION_CONTEXT(2) 
PARAMETRIC_REPRESENTATION_CONTEXT() REPRESENTATION_CONTEXT('2D SPACE',''
  ) );
#2485 = PCURVE('',#589,#2486);
#2486 = DEFINITIONAL_REPRESENTATION('',(#2487),#2491);
#2487 = LINE('',#2488,#2489);
#2488 = CARTESIAN_POINT('',(0.,0.));
#2489 = VECTOR('',#2490,1.);
#2490 = DIRECTION('',(7.000709219098E-29,-1.));
#2491 = ( GEOMETRIC_REPRESENTATION_CONTEXT(2) 
PARAMETRIC_REPRESENTATION_CONTEXT() REPRESENTATION_CONTEXT('2D SPACE',''
  ) );
#2492 = ADVANCED_FACE('',(#2493),#2438,.F.);
#2493 = FACE_BOUND('',#2494,.T.);
#2494 = EDGE_LOOP('',(#2495,#2496,#2519,#2547));
#2495 = ORIENTED_EDGE('',*,*,#2420,.T.);
#2496 = ORIENTED_EDGE('',*,*,#2497,.T.);
#2497 = EDGE_CURVE('',#2423,#2498,#2500,.T.);
#2498 = VERTEX_POINT('',#2499);
#2499 = CARTESIAN_POINT('',(3.50481489015,-288.5982279525,
    -231.0999999999));
#2500 = SURFACE_CURVE('',#2501,(#2505,#2512),.PCURVE_S1.);
#2501 = LINE('',#2502,#2503);
#2502 = CARTESIAN_POINT('',(3.504815898988,-284.4560404479,
    -231.0999999999));
#2503 = VECTOR('',#2504,1.);
#2504 = DIRECTION('',(-2.435520029623E-07,-1.,-8.673618126152E-16));
#2505 = PCURVE('',#2438,#2506);
#2506 = DEFINITIONAL_REPRESENTATION('',(#2507),#2511);
#2507 = LINE('',#2508,#2509);
#2508 = CARTESIAN_POINT('',(-7.494528421795E-12,14.269201256242));
#2509 = VECTOR('',#2510,1.);
#2510 = DIRECTION('',(1.,2.775499963322E-15));
#2511 = ( GEOMETRIC_REPRESENTATION_CONTEXT(2) 
PARAMETRIC_REPRESENTATION_CONTEXT() REPRESENTATION_CONTEXT('2D SPACE',''
  ) );
#2512 = PCURVE('',#589,#2513);
#2513 = DEFINITIONAL_REPRESENTATION('',(#2514),#2518);
#2514 = LINE('',#2515,#2516);
#2515 = CARTESIAN_POINT('',(0.4421875,-16.1));
#2516 = VECTOR('',#2517,1.);
#2517 = DIRECTION('',(-1.,-4.313159136868E-33));
#2518 = ( GEOMETRIC_REPRESENTATION_CONTEXT(2) 
PARAMETRIC_REPRESENTATION_CONTEXT() REPRESENTATION_CONTEXT('2D SPACE',''
  ) );
#2519 = ORIENTED_EDGE('',*,*,#2520,.F.);
#2520 = EDGE_CURVE('',#2521,#2498,#2523,.T.);
#2521 = VERTEX_POINT('',#2522);
#2522 = CARTESIAN_POINT('',(5.70481489015,-288.5982284883,
    -231.0999999999));
#2523 = SURFACE_CURVE('',#2524,(#2528,#2535),.PCURVE_S1.);
#2524 = LINE('',#2525,#2526);
#2525 = CARTESIAN_POINT('',(-495.7017069226,-288.5981063698,
    -231.0999999999));
#2526 = VECTOR('',#2527,1.);
#2527 = DIRECTION('',(-1.,2.435520001868E-07,-3.064102027429E-16));
#2528 = PCURVE('',#2438,#2529);
#2529 = DEFINITIONAL_REPRESENTATION('',(#2530),#2534);
#2530 = LINE('',#2531,#2532);
#2531 = CARTESIAN_POINT('',(4.14218750457,513.475723069));
#2532 = VECTOR('',#2533,1.);
#2533 = DIRECTION('',(0.,1.));
#2534 = ( GEOMETRIC_REPRESENTATION_CONTEXT(2) 
PARAMETRIC_REPRESENTATION_CONTEXT() REPRESENTATION_CONTEXT('2D SPACE',''
  ) );
#2535 = PCURVE('',#2536,#2541);
#2536 = PLANE('',#2537);
#2537 = AXIS2_PLACEMENT_3D('',#2538,#2539,#2540);
#2538 = CARTESIAN_POINT('',(-495.7017069226,-288.5981063698,
    -233.1499999999));
#2539 = DIRECTION('',(2.435520001868E-07,1.,8.673618126152E-16));
#2540 = DIRECTION('',(-1.,2.435520001868E-07,-3.064102027429E-16));
#2541 = DEFINITIONAL_REPRESENTATION('',(#2542),#2546);
#2542 = LINE('',#2543,#2544);
#2543 = CARTESIAN_POINT('',(-6.281417808934E-16,2.05));
#2544 = VECTOR('',#2545,1.);
#2545 = DIRECTION('',(1.,-2.465190328816E-31));
#2546 = ( GEOMETRIC_REPRESENTATION_CONTEXT(2) 
PARAMETRIC_REPRESENTATION_CONTEXT() REPRESENTATION_CONTEXT('2D SPACE',''
  ) );
#2547 = ORIENTED_EDGE('',*,*,#2548,.T.);
#2548 = EDGE_CURVE('',#2521,#2421,#2549,.T.);
#2549 = SURFACE_CURVE('',#2550,(#2554,#2561),.PCURVE_S1.);
#2550 = LINE('',#2551,#2552);
#2551 = CARTESIAN_POINT('',(5.704815791293,-284.8982284837,
    -231.0999999999));
#2552 = VECTOR('',#2553,1.);
#2553 = DIRECTION('',(2.435520001868E-07,1.,8.673618126152E-16));
#2554 = PCURVE('',#2438,#2555);
#2555 = DEFINITIONAL_REPRESENTATION('',(#2556),#2560);
#2556 = LINE('',#2557,#2558);
#2557 = CARTESIAN_POINT('',(0.442187499998,12.069201256242));
#2558 = VECTOR('',#2559,1.);
#2559 = DIRECTION('',(-1.,0.));
#2560 = ( GEOMETRIC_REPRESENTATION_CONTEXT(2) 
PARAMETRIC_REPRESENTATION_CONTEXT() REPRESENTATION_CONTEXT('2D SPACE',''
  ) );
#2561 = PCURVE('',#2136,#2562);
#2562 = DEFINITIONAL_REPRESENTATION('',(#2563),#2567);
#2563 = LINE('',#2564,#2565);
#2564 = CARTESIAN_POINT('',(-1.39645251831E-14,-16.1));
#2565 = VECTOR('',#2566,1.);
#2566 = DIRECTION('',(1.,4.603253862884E-31));
#2567 = ( GEOMETRIC_REPRESENTATION_CONTEXT(2) 
PARAMETRIC_REPRESENTATION_CONTEXT() REPRESENTATION_CONTEXT('2D SPACE',''
  ) );
#2568 = ADVANCED_FACE('',(#2569,#2900),#2536,.F.);
#2569 = FACE_BOUND('',#2570,.T.);
#2570 = EDGE_LOOP('',(#2571,#2601,#2630,#2658,#2681,#2709,#2732,#2760,
    #2783,#2806,#2827,#2828,#2851,#2879));
#2571 = ORIENTED_EDGE('',*,*,#2572,.F.);
#2572 = EDGE_CURVE('',#2573,#2575,#2577,.T.);
#2573 = VERTEX_POINT('',#2574);
#2574 = CARTESIAN_POINT('',(2.032744870335,-288.598227594,
    -224.6999999999));
#2575 = VERTEX_POINT('',#2576);
#2576 = CARTESIAN_POINT('',(5.70481489015,-288.5982284883,
    -224.6999999999));
#2577 = SURFACE_CURVE('',#2578,(#2582,#2589),.PCURVE_S1.);
#2578 = LINE('',#2579,#2580);
#2579 = CARTESIAN_POINT('',(-495.7017069226,-288.5981063698,
    -224.6999999999));
#2580 = VECTOR('',#2581,1.);
#2581 = DIRECTION('',(1.,-2.435520001868E-07,3.064102027429E-16));
#2582 = PCURVE('',#2536,#2583);
#2583 = DEFINITIONAL_REPRESENTATION('',(#2584),#2588);
#2584 = LINE('',#2585,#2586);
#2585 = CARTESIAN_POINT('',(-2.589167943718E-15,8.45));
#2586 = VECTOR('',#2587,1.);
#2587 = DIRECTION('',(-1.,2.465190328816E-31));
#2588 = ( GEOMETRIC_REPRESENTATION_CONTEXT(2) 
PARAMETRIC_REPRESENTATION_CONTEXT() REPRESENTATION_CONTEXT('2D SPACE',''
  ) );
#2589 = PCURVE('',#2590,#2595);
#2590 = PLANE('',#2591);
#2591 = AXIS2_PLACEMENT_3D('',#2592,#2593,#2594);
#2592 = CARTESIAN_POINT('',(-495.701707702,-291.7981063652,
    -224.6999999999));
#2593 = DIRECTION('',(-3.064104139906E-16,-8.673617379884E-16,1.));
#2594 = DIRECTION('',(-1.,2.435520001868E-07,-3.064102027429E-16));
#2595 = DEFINITIONAL_REPRESENTATION('',(#2596),#2600);
#2596 = LINE('',#2597,#2598);
#2597 = CARTESIAN_POINT('',(-3.36117124131E-11,-3.19999999543));
#2598 = VECTOR('',#2599,1.);
#2599 = DIRECTION('',(-1.,0.));
#2600 = ( GEOMETRIC_REPRESENTATION_CONTEXT(2) 
PARAMETRIC_REPRESENTATION_CONTEXT() REPRESENTATION_CONTEXT('2D SPACE',''
  ) );
#2601 = ORIENTED_EDGE('',*,*,#2602,.F.);
#2602 = EDGE_CURVE('',#2603,#2573,#2605,.T.);
#2603 = VERTEX_POINT('',#2604);
#2604 = CARTESIAN_POINT('',(-2.023115087799,-288.5982266062,
    -224.6999999999));
#2605 = SURFACE_CURVE('',#2606,(#2611,#2618),.PCURVE_S1.);
#2606 = CIRCLE('',#2607,2.05);
#2607 = AXIS2_PLACEMENT_3D('',#2608,#2609,#2610);
#2608 = CARTESIAN_POINT('',(4.814891267998E-03,-288.5982271001,
    -224.9999999999));
#2609 = DIRECTION('',(2.435520001868E-07,1.,8.673618126152E-16));
#2610 = DIRECTION('',(-2.009429028179E-22,8.673618126152E-16,-1.));
#2611 = PCURVE('',#2536,#2612);
#2612 = DEFINITIONAL_REPRESENTATION('',(#2613),#2617);
#2613 = CIRCLE('',#2614,2.05);
#2614 = AXIS2_PLACEMENT_2D('',#2615,#2616);
#2615 = CARTESIAN_POINT('',(-495.7065218138,8.15));
#2616 = DIRECTION('',(3.064106149335E-16,-1.));
#2617 = ( GEOMETRIC_REPRESENTATION_CONTEXT(2) 
PARAMETRIC_REPRESENTATION_CONTEXT() REPRESENTATION_CONTEXT('2D SPACE',''
  ) );
#2618 = PCURVE('',#2619,#2624);
#2619 = CYLINDRICAL_SURFACE('',#2620,2.05);
#2620 = AXIS2_PLACEMENT_3D('',#2621,#2622,#2623);
#2621 = CARTESIAN_POINT('',(4.813624231005E-03,-293.8005528942,
    -224.9999999999));
#2622 = DIRECTION('',(2.435520001868E-07,1.,8.673618126152E-16));
#2623 = DIRECTION('',(-1.,2.435520001868E-07,7.104450171412E-31));
#2624 = DEFINITIONAL_REPRESENTATION('',(#2625),#2629);
#2625 = LINE('',#2626,#2627);
#2626 = CARTESIAN_POINT('',(-1.570796326795,5.20232579415));
#2627 = VECTOR('',#2628,1.);
#2628 = DIRECTION('',(1.,0.));
#2629 = ( GEOMETRIC_REPRESENTATION_CONTEXT(2) 
PARAMETRIC_REPRESENTATION_CONTEXT() REPRESENTATION_CONTEXT('2D SPACE',''
  ) );
#2630 = ORIENTED_EDGE('',*,*,#2631,.F.);
#2631 = EDGE_CURVE('',#2632,#2603,#2634,.T.);
#2632 = VERTEX_POINT('',#2633);
#2633 = CARTESIAN_POINT('',(-5.69518510985,-288.5982257118,
    -224.6999999999));
#2634 = SURFACE_CURVE('',#2635,(#2639,#2646),.PCURVE_S1.);
#2635 = LINE('',#2636,#2637);
#2636 = CARTESIAN_POINT('',(-495.7017069226,-288.5981063698,
    -224.6999999999));
#2637 = VECTOR('',#2638,1.);
#2638 = DIRECTION('',(1.,-2.435520001868E-07,3.064102027429E-16));
#2639 = PCURVE('',#2536,#2640);
#2640 = DEFINITIONAL_REPRESENTATION('',(#2641),#2645);
#2641 = LINE('',#2642,#2643);
#2642 = CARTESIAN_POINT('',(-2.589167943718E-15,8.45));
#2643 = VECTOR('',#2644,1.);
#2644 = DIRECTION('',(-1.,2.465190328816E-31));
#2645 = ( GEOMETRIC_REPRESENTATION_CONTEXT(2) 
PARAMETRIC_REPRESENTATION_CONTEXT() REPRESENTATION_CONTEXT('2D SPACE',''
  ) );
#2646 = PCURVE('',#2647,#2652);
#2647 = PLANE('',#2648);
#2648 = AXIS2_PLACEMENT_3D('',#2649,#2650,#2651);
#2649 = CARTESIAN_POINT('',(-495.701707702,-291.7981063652,
    -224.6999999999));
#2650 = DIRECTION('',(-3.064104139906E-16,-8.673617379884E-16,1.));
#2651 = DIRECTION('',(-1.,2.435520001868E-07,-3.064102027429E-16));
#2652 = DEFINITIONAL_REPRESENTATION('',(#2653),#2657);
#2653 = LINE('',#2654,#2655);
#2654 = CARTESIAN_POINT('',(-3.36117124131E-11,-3.19999999543));
#2655 = VECTOR('',#2656,1.);
#2656 = DIRECTION('',(-1.,0.));
#2657 = ( GEOMETRIC_REPRESENTATION_CONTEXT(2) 
PARAMETRIC_REPRESENTATION_CONTEXT() REPRESENTATION_CONTEXT('2D SPACE',''
  ) );
#2658 = ORIENTED_EDGE('',*,*,#2659,.T.);
#2659 = EDGE_CURVE('',#2632,#2660,#2662,.T.);
#2660 = VERTEX_POINT('',#2661);
#2661 = CARTESIAN_POINT('',(-5.69518510985,-288.5982257118,
    -227.0999999999));
#2662 = SURFACE_CURVE('',#2663,(#2667,#2674),.PCURVE_S1.);
#2663 = LINE('',#2664,#2665);
#2664 = CARTESIAN_POINT('',(-5.69518510985,-288.5982257118,
    -214.9999999999));
#2665 = VECTOR('',#2666,1.);
#2666 = DIRECTION('',(3.064104139906E-16,8.673617379884E-16,-1.));
#2667 = PCURVE('',#2536,#2668);
#2668 = DEFINITIONAL_REPRESENTATION('',(#2669),#2673);
#2669 = LINE('',#2670,#2671);
#2670 = CARTESIAN_POINT('',(-490.0065218127,18.15));
#2671 = VECTOR('',#2672,1.);
#2672 = DIRECTION('',(-1.405158487425E-29,-1.));
#2673 = ( GEOMETRIC_REPRESENTATION_CONTEXT(2) 
PARAMETRIC_REPRESENTATION_CONTEXT() REPRESENTATION_CONTEXT('2D SPACE',''
  ) );
#2674 = PCURVE('',#477,#2675);
#2675 = DEFINITIONAL_REPRESENTATION('',(#2676),#2680);
#2676 = LINE('',#2677,#2678);
#2677 = CARTESIAN_POINT('',(-2.775557796405E-15,3.19999999543));
#2678 = VECTOR('',#2679,1.);
#2679 = DIRECTION('',(-1.,4.271431438402E-31));
#2680 = ( GEOMETRIC_REPRESENTATION_CONTEXT(2) 
PARAMETRIC_REPRESENTATION_CONTEXT() REPRESENTATION_CONTEXT('2D SPACE',''
  ) );
#2681 = ORIENTED_EDGE('',*,*,#2682,.T.);
#2682 = EDGE_CURVE('',#2660,#2683,#2685,.T.);
#2683 = VERTEX_POINT('',#2684);
#2684 = CARTESIAN_POINT('',(-3.49518510985,-288.5982262476,
    -227.0999999999));
#2685 = SURFACE_CURVE('',#2686,(#2690,#2697),.PCURVE_S1.);
#2686 = LINE('',#2687,#2688);
#2687 = CARTESIAN_POINT('',(-495.7017069226,-288.5981063698,
    -227.0999999999));
#2688 = VECTOR('',#2689,1.);
#2689 = DIRECTION('',(1.,-2.435520001868E-07,3.064102027429E-16));
#2690 = PCURVE('',#2536,#2691);
#2691 = DEFINITIONAL_REPRESENTATION('',(#2692),#2696);
#2692 = LINE('',#2693,#2694);
#2693 = CARTESIAN_POINT('',(-1.853782591865E-15,6.05));
#2694 = VECTOR('',#2695,1.);
#2695 = DIRECTION('',(-1.,2.465190328816E-31));
#2696 = ( GEOMETRIC_REPRESENTATION_CONTEXT(2) 
PARAMETRIC_REPRESENTATION_CONTEXT() REPRESENTATION_CONTEXT('2D SPACE',''
  ) );
#2697 = PCURVE('',#2698,#2703);
#2698 = PLANE('',#2699);
#2699 = AXIS2_PLACEMENT_3D('',#2700,#2701,#2702);
#2700 = CARTESIAN_POINT('',(-74.95069746358,-284.1139622646,
    -227.0999999999));
#2701 = DIRECTION('',(-3.064104139906E-16,-8.673617379884E-16,1.));
#2702 = DIRECTION('',(-1.,2.435520001868E-07,-3.064102027429E-16));
#2703 = DEFINITIONAL_REPRESENTATION('',(#2704),#2708);
#2704 = LINE('',#2705,#2706);
#2705 = CARTESIAN_POINT('',(420.75100836687,4.48424657992));
#2706 = VECTOR('',#2707,1.);
#2707 = DIRECTION('',(-1.,0.));
#2708 = ( GEOMETRIC_REPRESENTATION_CONTEXT(2) 
PARAMETRIC_REPRESENTATION_CONTEXT() REPRESENTATION_CONTEXT('2D SPACE',''
  ) );
#2709 = ORIENTED_EDGE('',*,*,#2710,.T.);
#2710 = EDGE_CURVE('',#2683,#2711,#2713,.T.);
#2711 = VERTEX_POINT('',#2712);
#2712 = CARTESIAN_POINT('',(-3.49518510985,-288.5982262476,
    -231.0999999999));
#2713 = SURFACE_CURVE('',#2714,(#2718,#2725),.PCURVE_S1.);
#2714 = LINE('',#2715,#2716);
#2715 = CARTESIAN_POINT('',(-3.49518510985,-288.5982262476,
    -233.1499999999));
#2716 = VECTOR('',#2717,1.);
#2717 = DIRECTION('',(3.064104139906E-16,8.673617379884E-16,-1.));
#2718 = PCURVE('',#2536,#2719);
#2719 = DEFINITIONAL_REPRESENTATION('',(#2720),#2724);
#2720 = LINE('',#2721,#2722);
#2721 = CARTESIAN_POINT('',(-492.2065218127,-1.5081710014E-13));
#2722 = VECTOR('',#2723,1.);
#2723 = DIRECTION('',(-1.405158487425E-29,-1.));
#2724 = ( GEOMETRIC_REPRESENTATION_CONTEXT(2) 
PARAMETRIC_REPRESENTATION_CONTEXT() REPRESENTATION_CONTEXT('2D SPACE',''
  ) );
#2725 = PCURVE('',#1038,#2726);
#2726 = DEFINITIONAL_REPRESENTATION('',(#2727),#2731);
#2727 = LINE('',#2728,#2729);
#2728 = CARTESIAN_POINT('',(-18.15,-8.70000000457));
#2729 = VECTOR('',#2730,1.);
#2730 = DIRECTION('',(-1.,4.271431438402E-31));
#2731 = ( GEOMETRIC_REPRESENTATION_CONTEXT(2) 
PARAMETRIC_REPRESENTATION_CONTEXT() REPRESENTATION_CONTEXT('2D SPACE',''
  ) );
#2732 = ORIENTED_EDGE('',*,*,#2733,.T.);
#2733 = EDGE_CURVE('',#2711,#2734,#2736,.T.);
#2734 = VERTEX_POINT('',#2735);
#2735 = CARTESIAN_POINT('',(-5.69518510985,-288.5982257118,
    -231.0999999999));
#2736 = SURFACE_CURVE('',#2737,(#2741,#2748),.PCURVE_S1.);
#2737 = LINE('',#2738,#2739);
#2738 = CARTESIAN_POINT('',(-495.7017069226,-288.5981063698,
    -231.0999999999));
#2739 = VECTOR('',#2740,1.);
#2740 = DIRECTION('',(-1.,2.435520001868E-07,-3.064102027429E-16));
#2741 = PCURVE('',#2536,#2742);
#2742 = DEFINITIONAL_REPRESENTATION('',(#2743),#2747);
#2743 = LINE('',#2744,#2745);
#2744 = CARTESIAN_POINT('',(-6.281417808934E-16,2.05));
#2745 = VECTOR('',#2746,1.);
#2746 = DIRECTION('',(1.,-2.465190328816E-31));
#2747 = ( GEOMETRIC_REPRESENTATION_CONTEXT(2) 
PARAMETRIC_REPRESENTATION_CONTEXT() REPRESENTATION_CONTEXT('2D SPACE',''
  ) );
#2748 = PCURVE('',#2749,#2754);
#2749 = PLANE('',#2750);
#2750 = AXIS2_PLACEMENT_3D('',#2751,#2752,#2753);
#2751 = CARTESIAN_POINT('',(-74.95069887735,-289.9187567851,
    -231.0999999999));
#2752 = DIRECTION('',(3.064104139906E-16,8.673617379884E-16,-1.));
#2753 = DIRECTION('',(-2.435520001868E-07,-1.,-8.673618126152E-16));
#2754 = DEFINITIONAL_REPRESENTATION('',(#2755),#2759);
#2755 = LINE('',#2756,#2757);
#2756 = CARTESIAN_POINT('',(-1.32054794063,420.75100836687));
#2757 = VECTOR('',#2758,1.);
#2758 = DIRECTION('',(0.,1.));
#2759 = ( GEOMETRIC_REPRESENTATION_CONTEXT(2) 
PARAMETRIC_REPRESENTATION_CONTEXT() REPRESENTATION_CONTEXT('2D SPACE',''
  ) );
#2760 = ORIENTED_EDGE('',*,*,#2761,.T.);
#2761 = EDGE_CURVE('',#2734,#2762,#2764,.T.);
#2762 = VERTEX_POINT('',#2763);
#2763 = CARTESIAN_POINT('',(-5.69518510985,-288.5982257118,
    -233.1499999999));
#2764 = SURFACE_CURVE('',#2765,(#2769,#2776),.PCURVE_S1.);
#2765 = LINE('',#2766,#2767);
#2766 = CARTESIAN_POINT('',(-5.69518510985,-288.5982257118,
    -214.9999999999));
#2767 = VECTOR('',#2768,1.);
#2768 = DIRECTION('',(3.064104139906E-16,8.673617379884E-16,-1.));
#2769 = PCURVE('',#2536,#2770);
#2770 = DEFINITIONAL_REPRESENTATION('',(#2771),#2775);
#2771 = LINE('',#2772,#2773);
#2772 = CARTESIAN_POINT('',(-490.0065218127,18.15));
#2773 = VECTOR('',#2774,1.);
#2774 = DIRECTION('',(-1.405158487425E-29,-1.));
#2775 = ( GEOMETRIC_REPRESENTATION_CONTEXT(2) 
PARAMETRIC_REPRESENTATION_CONTEXT() REPRESENTATION_CONTEXT('2D SPACE',''
  ) );
#2776 = PCURVE('',#2080,#2777);
#2777 = DEFINITIONAL_REPRESENTATION('',(#2778),#2782);
#2778 = LINE('',#2779,#2780);
#2779 = CARTESIAN_POINT('',(-2.775557796405E-15,3.19999999543));
#2780 = VECTOR('',#2781,1.);
#2781 = DIRECTION('',(-1.,4.271431438402E-31));
#2782 = ( GEOMETRIC_REPRESENTATION_CONTEXT(2) 
PARAMETRIC_REPRESENTATION_CONTEXT() REPRESENTATION_CONTEXT('2D SPACE',''
  ) );
#2783 = ORIENTED_EDGE('',*,*,#2784,.T.);
#2784 = EDGE_CURVE('',#2762,#2785,#2787,.T.);
#2785 = VERTEX_POINT('',#2786);
#2786 = CARTESIAN_POINT('',(5.70481489015,-288.5982284883,
    -233.1499999999));
#2787 = SURFACE_CURVE('',#2788,(#2792,#2799),.PCURVE_S1.);
#2788 = LINE('',#2789,#2790);
#2789 = CARTESIAN_POINT('',(-495.7017069226,-288.5981063698,
    -233.1499999999));
#2790 = VECTOR('',#2791,1.);
#2791 = DIRECTION('',(1.,-2.435520001868E-07,3.064102027429E-16));
#2792 = PCURVE('',#2536,#2793);
#2793 = DEFINITIONAL_REPRESENTATION('',(#2794),#2798);
#2794 = LINE('',#2795,#2796);
#2795 = CARTESIAN_POINT('',(0.,0.));
#2796 = VECTOR('',#2797,1.);
#2797 = DIRECTION('',(-1.,2.465190328816E-31));
#2798 = ( GEOMETRIC_REPRESENTATION_CONTEXT(2) 
PARAMETRIC_REPRESENTATION_CONTEXT() REPRESENTATION_CONTEXT('2D SPACE',''
  ) );
#2799 = PCURVE('',#2108,#2800);
#2800 = DEFINITIONAL_REPRESENTATION('',(#2801),#2805);
#2801 = LINE('',#2802,#2803);
#2802 = CARTESIAN_POINT('',(-7.119028282224E-11,2.61629509039));
#2803 = VECTOR('',#2804,1.);
#2804 = DIRECTION('',(-1.,1.613068368927E-19));
#2805 = ( GEOMETRIC_REPRESENTATION_CONTEXT(2) 
PARAMETRIC_REPRESENTATION_CONTEXT() REPRESENTATION_CONTEXT('2D SPACE',''
  ) );
#2806 = ORIENTED_EDGE('',*,*,#2807,.T.);
#2807 = EDGE_CURVE('',#2785,#2521,#2808,.T.);
#2808 = SURFACE_CURVE('',#2809,(#2813,#2820),.PCURVE_S1.);
#2809 = LINE('',#2810,#2811);
#2810 = CARTESIAN_POINT('',(5.70481489015,-288.5982284883,
    -214.9999999999));
#2811 = VECTOR('',#2812,1.);
#2812 = DIRECTION('',(-3.064104139906E-16,-8.673617379884E-16,1.));
#2813 = PCURVE('',#2536,#2814);
#2814 = DEFINITIONAL_REPRESENTATION('',(#2815),#2819);
#2815 = LINE('',#2816,#2817);
#2816 = CARTESIAN_POINT('',(-501.4065218127,18.15));
#2817 = VECTOR('',#2818,1.);
#2818 = DIRECTION('',(1.405158487425E-29,1.));
#2819 = ( GEOMETRIC_REPRESENTATION_CONTEXT(2) 
PARAMETRIC_REPRESENTATION_CONTEXT() REPRESENTATION_CONTEXT('2D SPACE',''
  ) );
#2820 = PCURVE('',#2136,#2821);
#2821 = DEFINITIONAL_REPRESENTATION('',(#2822),#2826);
#2822 = LINE('',#2823,#2824);
#2823 = CARTESIAN_POINT('',(-3.70000000457,3.20923871064E-15));
#2824 = VECTOR('',#2825,1.);
#2825 = DIRECTION('',(-6.955107996383E-29,1.));
#2826 = ( GEOMETRIC_REPRESENTATION_CONTEXT(2) 
PARAMETRIC_REPRESENTATION_CONTEXT() REPRESENTATION_CONTEXT('2D SPACE',''
  ) );
#2827 = ORIENTED_EDGE('',*,*,#2520,.T.);
#2828 = ORIENTED_EDGE('',*,*,#2829,.T.);
#2829 = EDGE_CURVE('',#2498,#2830,#2832,.T.);
#2830 = VERTEX_POINT('',#2831);
#2831 = CARTESIAN_POINT('',(3.50481489015,-288.5982279525,
    -227.0999999999));
#2832 = SURFACE_CURVE('',#2833,(#2837,#2844),.PCURVE_S1.);
#2833 = LINE('',#2834,#2835);
#2834 = CARTESIAN_POINT('',(3.50481489015,-288.5982279525,
    -233.1499999999));
#2835 = VECTOR('',#2836,1.);
#2836 = DIRECTION('',(-3.064104139906E-16,-8.673617379884E-16,1.));
#2837 = PCURVE('',#2536,#2838);
#2838 = DEFINITIONAL_REPRESENTATION('',(#2839),#2843);
#2839 = LINE('',#2840,#2841);
#2840 = CARTESIAN_POINT('',(-499.2065218127,-1.529619715592E-13));
#2841 = VECTOR('',#2842,1.);
#2842 = DIRECTION('',(1.405158487425E-29,1.));
#2843 = ( GEOMETRIC_REPRESENTATION_CONTEXT(2) 
PARAMETRIC_REPRESENTATION_CONTEXT() REPRESENTATION_CONTEXT('2D SPACE',''
  ) );
#2844 = PCURVE('',#589,#2845);
#2845 = DEFINITIONAL_REPRESENTATION('',(#2846),#2850);
#2846 = LINE('',#2847,#2848);
#2847 = CARTESIAN_POINT('',(-3.70000000457,-18.15));
#2848 = VECTOR('',#2849,1.);
#2849 = DIRECTION('',(-7.000709219098E-29,1.));
#2850 = ( GEOMETRIC_REPRESENTATION_CONTEXT(2) 
PARAMETRIC_REPRESENTATION_CONTEXT() REPRESENTATION_CONTEXT('2D SPACE',''
  ) );
#2851 = ORIENTED_EDGE('',*,*,#2852,.T.);
#2852 = EDGE_CURVE('',#2830,#2853,#2855,.T.);
#2853 = VERTEX_POINT('',#2854);
#2854 = CARTESIAN_POINT('',(5.70481489015,-288.5982284883,
    -227.0999999999));
#2855 = SURFACE_CURVE('',#2856,(#2860,#2867),.PCURVE_S1.);
#2856 = LINE('',#2857,#2858);
#2857 = CARTESIAN_POINT('',(-495.7017069226,-288.5981063698,
    -227.0999999999));
#2858 = VECTOR('',#2859,1.);
#2859 = DIRECTION('',(1.,-2.435520001868E-07,3.064102027429E-16));
#2860 = PCURVE('',#2536,#2861);
#2861 = DEFINITIONAL_REPRESENTATION('',(#2862),#2866);
#2862 = LINE('',#2863,#2864);
#2863 = CARTESIAN_POINT('',(-1.853782591865E-15,6.05));
#2864 = VECTOR('',#2865,1.);
#2865 = DIRECTION('',(-1.,2.465190328816E-31));
#2866 = ( GEOMETRIC_REPRESENTATION_CONTEXT(2) 
PARAMETRIC_REPRESENTATION_CONTEXT() REPRESENTATION_CONTEXT('2D SPACE',''
  ) );
#2867 = PCURVE('',#2868,#2873);
#2868 = PLANE('',#2869);
#2869 = AXIS2_PLACEMENT_3D('',#2870,#2871,#2872);
#2870 = CARTESIAN_POINT('',(17.77401595415,-289.3875507725,
    -227.0999999999));
#2871 = DIRECTION('',(-3.064104139906E-16,-8.673617379884E-16,1.));
#2872 = DIRECTION('',(-1.,2.435520001868E-07,-3.064102027429E-16));
#2873 = DEFINITIONAL_REPRESENTATION('',(#2874),#2878);
#2874 = LINE('',#2875,#2876);
#2875 = CARTESIAN_POINT('',(513.475723069,-0.789319344741));
#2876 = VECTOR('',#2877,1.);
#2877 = DIRECTION('',(-1.,0.));
#2878 = ( GEOMETRIC_REPRESENTATION_CONTEXT(2) 
PARAMETRIC_REPRESENTATION_CONTEXT() REPRESENTATION_CONTEXT('2D SPACE',''
  ) );
#2879 = ORIENTED_EDGE('',*,*,#2880,.T.);
#2880 = EDGE_CURVE('',#2853,#2575,#2881,.T.);
#2881 = SURFACE_CURVE('',#2882,(#2886,#2893),.PCURVE_S1.);
#2882 = LINE('',#2883,#2884);
#2883 = CARTESIAN_POINT('',(5.70481489015,-288.5982284883,
    -214.9999999999));
#2884 = VECTOR('',#2885,1.);
#2885 = DIRECTION('',(-3.064104139906E-16,-8.673617379884E-16,1.));
#2886 = PCURVE('',#2536,#2887);
#2887 = DEFINITIONAL_REPRESENTATION('',(#2888),#2892);
#2888 = LINE('',#2889,#2890);
#2889 = CARTESIAN_POINT('',(-501.4065218127,18.15));
#2890 = VECTOR('',#2891,1.);
#2891 = DIRECTION('',(1.405158487425E-29,1.));
#2892 = ( GEOMETRIC_REPRESENTATION_CONTEXT(2) 
PARAMETRIC_REPRESENTATION_CONTEXT() REPRESENTATION_CONTEXT('2D SPACE',''
  ) );
#2893 = PCURVE('',#533,#2894);
#2894 = DEFINITIONAL_REPRESENTATION('',(#2895),#2899);
#2895 = LINE('',#2896,#2897);
#2896 = CARTESIAN_POINT('',(-3.70000000457,3.20923871064E-15));
#2897 = VECTOR('',#2898,1.);
#2898 = DIRECTION('',(-6.955107996383E-29,1.));
#2899 = ( GEOMETRIC_REPRESENTATION_CONTEXT(2) 
PARAMETRIC_REPRESENTATION_CONTEXT() REPRESENTATION_CONTEXT('2D SPACE',''
  ) );
#2900 = FACE_BOUND('',#2901,.T.);
#2901 = EDGE_LOOP('',(#2902));
#2902 = ORIENTED_EDGE('',*,*,#2903,.T.);
#2903 = EDGE_CURVE('',#2904,#2904,#2906,.T.);
#2904 = VERTEX_POINT('',#2905);
#2905 = CARTESIAN_POINT('',(1.654814891268,-288.5982275019,
    -224.9999999999));
#2906 = SURFACE_CURVE('',#2907,(#2912,#2919),.PCURVE_S1.);
#2907 = CIRCLE('',#2908,1.65);
#2908 = AXIS2_PLACEMENT_3D('',#2909,#2910,#2911);
#2909 = CARTESIAN_POINT('',(4.814891267998E-03,-288.5982271001,
    -224.9999999999));
#2910 = DIRECTION('',(2.435520014622E-07,1.,0.));
#2911 = DIRECTION('',(1.,-2.435520014622E-07,0.));
#2912 = PCURVE('',#2536,#2913);
#2913 = DEFINITIONAL_REPRESENTATION('',(#2914),#2918);
#2914 = CIRCLE('',#2915,1.65);
#2915 = AXIS2_PLACEMENT_2D('',#2916,#2917);
#2916 = CARTESIAN_POINT('',(-495.7065218138,8.15));
#2917 = DIRECTION('',(-1.,-3.064102027429E-16));
#2918 = ( GEOMETRIC_REPRESENTATION_CONTEXT(2) 
PARAMETRIC_REPRESENTATION_CONTEXT() REPRESENTATION_CONTEXT('2D SPACE',''
  ) );
#2919 = PCURVE('',#2920,#2925);
#2920 = CYLINDRICAL_SURFACE('',#2921,1.65);
#2921 = AXIS2_PLACEMENT_3D('',#2922,#2923,#2924);
#2922 = CARTESIAN_POINT('',(4.820016180005E-03,-267.555854649,
    -224.9999999999));
#2923 = DIRECTION('',(-2.435520001868E-07,-1.,-8.673618126152E-16));
#2924 = DIRECTION('',(1.,-2.435520001868E-07,-1.540085678673E-32));
#2925 = DEFINITIONAL_REPRESENTATION('',(#2926),#2930);
#2926 = LINE('',#2927,#2928);
#2927 = CARTESIAN_POINT('',(6.28318530718,21.042372451077));
#2928 = VECTOR('',#2929,1.);
#2929 = DIRECTION('',(-1.,1.130863886743E-15));
#2930 = ( GEOMETRIC_REPRESENTATION_CONTEXT(2) 
PARAMETRIC_REPRESENTATION_CONTEXT() REPRESENTATION_CONTEXT('2D SPACE',''
  ) );
#2931 = ADVANCED_FACE('',(#2932),#2920,.F.);
#2932 = FACE_BOUND('',#2933,.F.);
#2933 = EDGE_LOOP('',(#2934,#2957,#3307,#3650,#3651));
#2934 = ORIENTED_EDGE('',*,*,#2935,.F.);
#2935 = EDGE_CURVE('',#2936,#2904,#2938,.T.);
#2936 = VERTEX_POINT('',#2937);
#2937 = CARTESIAN_POINT('',(1.65481802628,-275.7261831141,
    -224.9999999986));
#2938 = SEAM_CURVE('',#2939,(#2943,#2950),.PCURVE_S1.);
#2939 = LINE('',#2940,#2941);
#2940 = CARTESIAN_POINT('',(1.65482001618,-267.5558550508,
    -224.9999999999));
#2941 = VECTOR('',#2942,1.);
#2942 = DIRECTION('',(-2.435520001868E-07,-1.,-8.673618126152E-16));
#2943 = PCURVE('',#2920,#2944);
#2944 = DEFINITIONAL_REPRESENTATION('',(#2945),#2949);
#2945 = LINE('',#2946,#2947);
#2946 = CARTESIAN_POINT('',(0.,2.025046796916E-13));
#2947 = VECTOR('',#2948,1.);
#2948 = DIRECTION('',(0.,1.));
#2949 = ( GEOMETRIC_REPRESENTATION_CONTEXT(2) 
PARAMETRIC_REPRESENTATION_CONTEXT() REPRESENTATION_CONTEXT('2D SPACE',''
  ) );
#2950 = PCURVE('',#2920,#2951);
#2951 = DEFINITIONAL_REPRESENTATION('',(#2952),#2956);
#2952 = LINE('',#2953,#2954);
#2953 = CARTESIAN_POINT('',(6.28318530718,2.025046796916E-13));
#2954 = VECTOR('',#2955,1.);
#2955 = DIRECTION('',(0.,1.));
#2956 = ( GEOMETRIC_REPRESENTATION_CONTEXT(2) 
PARAMETRIC_REPRESENTATION_CONTEXT() REPRESENTATION_CONTEXT('2D SPACE',''
  ) );
#2957 = ORIENTED_EDGE('',*,*,#2958,.T.);
#2958 = EDGE_CURVE('',#2936,#2959,#2961,.T.);
#2959 = VERTEX_POINT('',#2960);
#2960 = CARTESIAN_POINT('',(-1.64518197372,-275.7261824919,
    -225.0000000008));
#2961 = SURFACE_CURVE('',#2962,(#3024,#3163),.PCURVE_S1.);
#2962 = B_SPLINE_CURVE_WITH_KNOTS('',3,(#2963,#2964,#2965,#2966,#2967,
    #2968,#2969,#2970,#2971,#2972,#2973,#2974,#2975,#2976,#2977,#2978,
    #2979,#2980,#2981,#2982,#2983,#2984,#2985,#2986,#2987,#2988,#2989,
    #2990,#2991,#2992,#2993,#2994,#2995,#2996,#2997,#2998,#2999,#3000,
    #3001,#3002,#3003,#3004,#3005,#3006,#3007,#3008,#3009,#3010,#3011,
    #3012,#3013,#3014,#3015,#3016,#3017,#3018,#3019,#3020,#3021,#3022,
    #3023),.UNSPECIFIED.,.F.,.F.,(4,2,2,1,1,1,2,2,2,2,2,2,2,2,1,2,2,2,2,
    2,1,1,2,2,2,2,2,2,2,2,1,2,2,4),(0.750106811675,0.781356868155,
    0.796981896395,0.804794410515,0.808700667574,0.810653796104,
    0.811630360369,0.812606924634,0.843856981114,0.859482009354,
    0.875107037594,0.906357094074,0.921982122314,0.929794636434,
    0.933700893494,0.935654022024,0.937607150554,1.000107263514,
    1.031357319994,1.046982348234,1.054794862354,1.058701119414,
    1.060654247944,1.062607376474,1.093857432953,1.109482461193,
    1.125107489433,1.156357545913,1.171982574153,1.179795088273,
    1.183701345333,1.185654473863,1.187607602393,1.250107715352),
  .UNSPECIFIED.);
#2963 = CARTESIAN_POINT('',(1.65481802628,-275.7261831141,
    -224.9999999986));
#2964 = CARTESIAN_POINT('',(1.654818026199,-275.7261854954,
    -224.9043582093));
#2965 = CARTESIAN_POINT('',(1.646503527218,-275.7284456838,
    -224.8024434211));
#2966 = CARTESIAN_POINT('',(1.616691674813,-275.735222676,
    -224.6432391473));
#2967 = CARTESIAN_POINT('',(1.603863900308,-275.738046125,
    -224.5891352165));
#2968 = CARTESIAN_POINT('',(1.579704436242,-275.7431279758,
    -224.5070018464));
#2969 = CARTESIAN_POINT('',(1.566395782731,-275.7458805705,
    -224.4656929177));
#2970 = CARTESIAN_POINT('',(1.548598781575,-275.7494623522,
    -224.417224344));
#2971 = CARTESIAN_POINT('',(1.539118536882,-275.7513458484,
    -224.3929417536));
#2972 = CARTESIAN_POINT('',(1.534929422412,-275.7521729051,
    -224.3825268076));
#2973 = CARTESIAN_POINT('',(1.532108482071,-275.7527286859,
    -224.375581958));
#2974 = CARTESIAN_POINT('',(1.530195333455,-275.7531046047,
    -224.3709300227));
#2975 = CARTESIAN_POINT('',(1.502010997561,-275.7586361495,
    -224.3028498048));
#2976 = CARTESIAN_POINT('',(1.463547223173,-275.7662699097,
    -224.2213521504));
#2977 = CARTESIAN_POINT('',(1.378011753386,-275.7811253044,
    -224.0836159134));
#2978 = CARTESIAN_POINT('',(1.344827305507,-275.7866445617,
    -224.0351840037));
#2979 = CARTESIAN_POINT('',(1.267092816584,-275.7988179939,
    -223.9355014684));
#2980 = CARTESIAN_POINT('',(1.221493918265,-275.8056218907,
    -223.8832092275));
#2981 = CARTESIAN_POINT('',(1.071144239489,-275.8268286785,
    -223.732902543));
#2982 = CARTESIAN_POINT('',(0.970408669103,-275.8388040143,
    -223.657690795));
#2983 = CARTESIAN_POINT('',(0.833030108268,-275.8535232371,
    -223.5718965261));
#2984 = CARTESIAN_POINT('',(0.789434879124,-275.8578890146,
    -223.5477771347));
#2985 = CARTESIAN_POINT('',(0.728447650258,-275.8636267358,
    -223.5169697085));
#2986 = CARTESIAN_POINT('',(0.708848581846,-275.8654041521,
    -223.5075965643));
#2987 = CARTESIAN_POINT('',(0.680649082074,-275.8678675403,
    -223.4947229129));
#2988 = CARTESIAN_POINT('',(0.666848778771,-275.8690485503,
    -223.4885827422));
#2989 = CARTESIAN_POINT('',(0.653514362046,-275.8701535343,
    -223.4828593405));
#2990 = CARTESIAN_POINT('',(0.644729959147,-275.8708732955,
    -223.4791333275));
#2991 = CARTESIAN_POINT('',(0.642609380045,-275.8710473597,
    -223.4782317579));
#2992 = CARTESIAN_POINT('',(0.413530562008,-275.8893722806,
    -223.3834459538));
#2993 = CARTESIAN_POINT('',(0.19588433044,-275.8982470612,-223.349885225
    ));
#2994 = CARTESIAN_POINT('',(-9.2198101977E-02,-275.8982170137,
    -223.3500578317));
#2995 = CARTESIAN_POINT('',(-0.194346459297,-275.8959835061,
    -223.3585024958));
#2996 = CARTESIAN_POINT('',(-0.3536605892,-275.8892980079,-223.388505897
    ));
#2997 = CARTESIAN_POINT('',(-0.407761433886,-275.8865136357,
    -223.4013965526));
#2998 = CARTESIAN_POINT('',(-0.489833580696,-275.8815032683,
    -223.4256323443));
#2999 = CARTESIAN_POINT('',(-0.531097805075,-275.8787896323,
    -223.4389746433));
#3000 = CARTESIAN_POINT('',(-0.579490856622,-275.8752589323,
    -223.4567992257));
#3001 = CARTESIAN_POINT('',(-0.600267317593,-275.8736676055,
    -223.4649340622));
#3002 = CARTESIAN_POINT('',(-0.614124457783,-275.87258935,-223.470468729
    ));
#3003 = CARTESIAN_POINT('',(-0.623250658983,-275.8718652621,
    -223.4742046345));
#3004 = CARTESIAN_POINT('',(-0.696439255814,-275.8659932565,
    -223.5045735876));
#3005 = CARTESIAN_POINT('',(-0.779167877441,-275.8583116025,
    -223.5441313794));
#3006 = CARTESIAN_POINT('',(-0.916611991479,-275.8435565327,
    -223.6301866562));
#3007 = CARTESIAN_POINT('',(-0.964595786915,-275.8380994113,
    -223.6633492586));
#3008 = CARTESIAN_POINT('',(-1.062837176496,-275.8261076395,
    -223.740432331));
#3009 = CARTESIAN_POINT('',(-1.112086874486,-275.8197128812,
    -223.7833454665));
#3010 = CARTESIAN_POINT('',(-1.265258610844,-275.7980636349,
    -223.9368422406));
#3011 = CARTESIAN_POINT('',(-1.340780319836,-275.7859080384,
    -224.0390227759));
#3012 = CARTESIAN_POINT('',(-1.425948446456,-275.7710904922,
    -224.1764040095));
#3013 = CARTESIAN_POINT('',(-1.449676469901,-275.7667206182,
    -224.2196526787));
#3014 = CARTESIAN_POINT('',(-1.479749852011,-275.761019769,
    -224.2795437014));
#3015 = CARTESIAN_POINT('',(-1.488853411558,-275.7592618129,
    -224.2986818027));
#3016 = CARTESIAN_POINT('',(-1.501297098248,-275.7568383691,
    -224.3260432931));
#3017 = CARTESIAN_POINT('',(-1.507215843216,-275.7556800199,
    -224.3393879843));
#3018 = CARTESIAN_POINT('',(-1.512709926412,-275.7546017295,
    -224.3522115349));
#3019 = CARTESIAN_POINT('',(-1.516281472191,-275.7539006601,
    -224.360643059));
#3020 = CARTESIAN_POINT('',(-1.517040072547,-275.7537518559,
    -224.3624230057));
#3021 = CARTESIAN_POINT('',(-1.611824843696,-275.7351477805,
    -224.5915917017));
#3022 = CARTESIAN_POINT('',(-1.645181973814,-275.7261459394,
    -224.8086599568));
#3023 = CARTESIAN_POINT('',(-1.64518197372,-275.7261824919,
    -225.0000000008));
#3024 = PCURVE('',#2920,#3025);
#3025 = DEFINITIONAL_REPRESENTATION('',(#3026),#3162);
#3026 = B_SPLINE_CURVE_WITH_KNOTS('',3,(#3027,#3028,#3029,#3030,#3031,
    #3032,#3033,#3034,#3035,#3036,#3037,#3038,#3039,#3040,#3041,#3042,
    #3043,#3044,#3045,#3046,#3047,#3048,#3049,#3050,#3051,#3052,#3053,
    #3054,#3055,#3056,#3057,#3058,#3059,#3060,#3061,#3062,#3063,#3064,
    #3065,#3066,#3067,#3068,#3069,#3070,#3071,#3072,#3073,#3074,#3075,
    #3076,#3077,#3078,#3079,#3080,#3081,#3082,#3083,#3084,#3085,#3086,
    #3087,#3088,#3089,#3090,#3091,#3092,#3093,#3094,#3095,#3096,#3097,
    #3098,#3099,#3100,#3101,#3102,#3103,#3104,#3105,#3106,#3107,#3108,
    #3109,#3110,#3111,#3112,#3113,#3114,#3115,#3116,#3117,#3118,#3119,
    #3120,#3121,#3122,#3123,#3124,#3125,#3126,#3127,#3128,#3129,#3130,
    #3131,#3132,#3133,#3134,#3135,#3136,#3137,#3138,#3139,#3140,#3141,
    #3142,#3143,#3144,#3145,#3146,#3147,#3148,#3149,#3150,#3151,#3152,
    #3153,#3154,#3155,#3156,#3157,#3158,#3159,#3160,#3161),
  .UNSPECIFIED.,.F.,.F.,(4,1,1,1,1,1,1,1,1,1,1,1,1,1,1,1,1,1,1,1,1,1,1,1
    ,1,1,1,1,1,1,1,1,1,1,1,1,1,1,1,1,1,1,1,1,1,1,1,1,1,1,1,1,1,1,1,1,1,1
    ,1,1,1,1,1,1,1,1,1,1,1,1,1,1,1,1,1,1,1,1,1,1,1,1,1,1,1,1,1,1,1,1,1,1
    ,1,1,1,1,1,1,1,1,1,1,1,1,1,1,1,1,1,1,1,1,1,1,1,1,1,1,1,1,1,1,1,1,1,1
    ,1,1,1,1,1,1,4),(0.750106811675,0.753894697309,0.757682582943,
    0.761470468577,0.765258354211,0.769046239845,0.772834125479,
    0.776622011112,0.780409896746,0.78419778238,0.787985668014,
    0.791773553648,0.795561439282,0.799349324916,0.80313721055,
    0.806925096184,0.810712981818,0.814500867452,0.818288753086,
    0.822076638719,0.825864524353,0.829652409987,0.833440295621,
    0.837228181255,0.841016066889,0.844803952523,0.848591838157,
    0.852379723791,0.856167609425,0.859955495059,0.863743380693,
    0.867531266326,0.87131915196,0.875107037594,0.878894923228,
    0.882682808862,0.886470694496,0.89025858013,0.894046465764,
    0.897834351398,0.901622237032,0.905410122666,0.9091980083,
    0.912985893933,0.916773779567,0.920561665201,0.924349550835,
    0.928137436469,0.931925322103,0.935713207737,0.939501093371,
    0.943288979005,0.947076864639,0.950864750273,0.954652635906,
    0.95844052154,0.962228407174,0.966016292808,0.969804178442,
    0.973592064076,0.97737994971,0.981167835344,0.984955720978,
    0.988743606612,0.992531492246,0.99631937788,1.000107263513,
    1.003895149147,1.007683034781,1.011470920415,1.015258806049,
    1.019046691683,1.022834577317,1.026622462951,1.030410348585,
    1.034198234219,1.037986119853,1.041774005487,1.045561891121,
    1.049349776754,1.053137662388,1.056925548022,1.060713433656,
    1.06450131929,1.068289204924,1.072077090558,1.075864976192,
    1.079652861826,1.08344074746,1.087228633094,1.091016518728,
    1.094804404361,1.098592289995,1.102380175629,1.106168061263,
    1.109955946897,1.113743832531,1.117531718165,1.121319603799,
    1.125107489433,1.128895375067,1.132683260701,1.136471146334,
    1.140259031968,1.144046917602,1.147834803236,1.15162268887,
    1.155410574504,1.159198460138,1.162986345772,1.166774231406,
    1.17056211704,1.174350002674,1.178137888308,1.181925773941,
    1.185713659575,1.189501545209,1.193289430843,1.197077316477,
    1.200865202111,1.204653087745,1.208440973379,1.212228859013,
    1.216016744647,1.219804630281,1.223592515915,1.227380401548,
    1.231168287182,1.234956172816,1.23874405845,1.242531944084,
    1.246319829718,1.250107715352),.UNSPECIFIED.);
#3027 = CARTESIAN_POINT('',(0.,8.170328063265));
#3028 = CARTESIAN_POINT('',(7.026103690413E-03,8.170328351902));
#3029 = CARTESIAN_POINT('',(2.1189736595E-02,8.170395274348));
#3030 = CARTESIAN_POINT('',(4.276698769743E-02,8.170694693541));
#3031 = CARTESIAN_POINT('',(6.467319893554E-02,8.171193148247));
#3032 = CARTESIAN_POINT('',(8.690681244395E-02,8.171890638508));
#3033 = CARTESIAN_POINT('',(0.109467147445,8.172787164169));
#3034 = CARTESIAN_POINT('',(0.132354550985,8.173882725807));
#3035 = CARTESIAN_POINT('',(0.15557035399,8.175177321274));
#3036 = CARTESIAN_POINT('',(0.179117027788,8.176670958582));
#3037 = CARTESIAN_POINT('',(0.202997709135,8.178363607832));
#3038 = CARTESIAN_POINT('',(0.227208353707,8.180255380614));
#3039 = CARTESIAN_POINT('',(0.251745218518,8.182345860459));
#3040 = CARTESIAN_POINT('',(0.276620888626,8.184636601655));
#3041 = CARTESIAN_POINT('',(0.301790040451,8.187121803508));
#3042 = CARTESIAN_POINT('',(0.32742751002,8.189823114514));
#3043 = CARTESIAN_POINT('',(0.352876102435,8.192659741402));
#3044 = CARTESIAN_POINT('',(0.380589592262,8.195933208743));
#3045 = CARTESIAN_POINT('',(0.401410459437,8.198518211502));
#3046 = CARTESIAN_POINT('',(0.416786202901,8.200498818002));
#3047 = CARTESIAN_POINT('',(0.434865502767,8.202895083731));
#3048 = CARTESIAN_POINT('',(0.453458078549,8.205433685716));
#3049 = CARTESIAN_POINT('',(0.473146853647,8.208187860367));
#3050 = CARTESIAN_POINT('',(0.493774564005,8.211137985014));
#3051 = CARTESIAN_POINT('',(0.515385453995,8.214289313931));
#3052 = CARTESIAN_POINT('',(0.537971999345,8.217640452689));
#3053 = CARTESIAN_POINT('',(0.561546236831,8.221191724729));
#3054 = CARTESIAN_POINT('',(0.586105735707,8.224943230721));
#3055 = CARTESIAN_POINT('',(0.611638060915,8.228894244541));
#3056 = CARTESIAN_POINT('',(0.63815941766,8.233047570014));
#3057 = CARTESIAN_POINT('',(0.665609982596,8.237392717967));
#3058 = CARTESIAN_POINT('',(0.694243236509,8.241971240523));
#3059 = CARTESIAN_POINT('',(0.723944106289,8.246765642682));
#3060 = CARTESIAN_POINT('',(0.754394020026,8.251719602057));
#3061 = CARTESIAN_POINT('',(0.785589014878,8.256843997199));
#3062 = CARTESIAN_POINT('',(0.816496806791,8.2619197303));
#3063 = CARTESIAN_POINT('',(0.846324071278,8.266766786082));
#3064 = CARTESIAN_POINT('',(0.875298287002,8.271433399504));
#3065 = CARTESIAN_POINT('',(0.903368095951,8.275906646011));
#3066 = CARTESIAN_POINT('',(0.930551540208,8.280189988865));
#3067 = CARTESIAN_POINT('',(0.956842760626,8.284282499569));
#3068 = CARTESIAN_POINT('',(0.982237242411,8.288184428854));
#3069 = CARTESIAN_POINT('',(1.006724634086,8.291895702286));
#3070 = CARTESIAN_POINT('',(1.030292908411,8.295416366871));
#3071 = CARTESIAN_POINT('',(1.052961224553,8.298746309026));
#3072 = CARTESIAN_POINT('',(1.07473172135,8.301885936081));
#3073 = CARTESIAN_POINT('',(1.095592648695,8.304833732289));
#3074 = CARTESIAN_POINT('',(1.115585896834,8.307595353308));
#3075 = CARTESIAN_POINT('',(1.134542456404,8.310149692256));
#3076 = CARTESIAN_POINT('',(1.153102877455,8.312575521007));
#3077 = CARTESIAN_POINT('',(1.168874775056,8.314578858941));
#3078 = CARTESIAN_POINT('',(1.19076359684,8.317254019601));
#3079 = CARTESIAN_POINT('',(1.218137144625,8.320437736422));
#3080 = CARTESIAN_POINT('',(1.243608209249,8.323236630574));
#3081 = CARTESIAN_POINT('',(1.269166316704,8.325890082229));
#3082 = CARTESIAN_POINT('',(1.294286990951,8.328333949702));
#3083 = CARTESIAN_POINT('',(1.319117862779,8.330585419743));
#3084 = CARTESIAN_POINT('',(1.343624959716,8.332639887214));
#3085 = CARTESIAN_POINT('',(1.367821472703,8.334498586094));
#3086 = CARTESIAN_POINT('',(1.391706476263,8.336161185778));
#3087 = CARTESIAN_POINT('',(1.415281394734,8.337627774888));
#3088 = CARTESIAN_POINT('',(1.438545563103,8.338898329715));
#3089 = CARTESIAN_POINT('',(1.461497691624,8.339972856653));
#3090 = CARTESIAN_POINT('',(1.484134645121,8.340851354011));
#3091 = CARTESIAN_POINT('',(1.506455080455,8.341533822337));
#3092 = CARTESIAN_POINT('',(1.528446353818,8.342020261307));
#3093 = CARTESIAN_POINT('',(1.550133504187,8.342310671844));
#3094 = CARTESIAN_POINT('',(1.571396672445,8.342405050759));
#3095 = CARTESIAN_POINT('',(1.592652708392,8.342303410064));
#3096 = CARTESIAN_POINT('',(1.61432213425,8.342005761738));
#3097 = CARTESIAN_POINT('',(1.636288833841,8.341512102582));
#3098 = CARTESIAN_POINT('',(1.658581645102,8.340822433416));
#3099 = CARTESIAN_POINT('',(1.681191762391,8.339936754159));
#3100 = CARTESIAN_POINT('',(1.704121705262,8.338855064317));
#3101 = CARTESIAN_POINT('',(1.727372194509,8.33757736595));
#3102 = CARTESIAN_POINT('',(1.750945812465,8.336103651307));
#3103 = CARTESIAN_POINT('',(1.774845595412,8.334433949339));
#3104 = CARTESIAN_POINT('',(1.799067583803,8.332568151987));
#3105 = CARTESIAN_POINT('',(1.823608110637,8.330506662531));
#3106 = CARTESIAN_POINT('',(1.848479516213,8.328247975907));
#3107 = CARTESIAN_POINT('',(1.873637349142,8.325797709095));
#3108 = CARTESIAN_POINT('',(1.899253060394,8.32313489925));
#3109 = CARTESIAN_POINT('',(1.924682197692,8.32033778078));
#3110 = CARTESIAN_POINT('',(1.952330953521,8.317114378869));
#3111 = CARTESIAN_POINT('',(1.973242424062,8.31455153887));
#3112 = CARTESIAN_POINT('',(1.989384181119,8.3125001201));
#3113 = CARTESIAN_POINT('',(2.00794301389,8.310070784616));
#3114 = CARTESIAN_POINT('',(2.026986751974,8.307501829871));
#3115 = CARTESIAN_POINT('',(2.047029379365,8.304729403996));
#3116 = CARTESIAN_POINT('',(2.067932148499,8.301770617011));
#3117 = CARTESIAN_POINT('',(2.089734266942,8.298620880705));
#3118 = CARTESIAN_POINT('',(2.112429151299,8.295281437901));
#3119 = CARTESIAN_POINT('',(2.13602868146,8.29175190552));
#3120 = CARTESIAN_POINT('',(2.160528070764,8.288032573053));
#3121 = CARTESIAN_POINT('',(2.185924598557,8.284122665619));
#3122 = CARTESIAN_POINT('',(2.212200644775,8.280024993249));
#3123 = CARTESIAN_POINT('',(2.239422689363,8.2757290907));
#3124 = CARTESIAN_POINT('',(2.26734326696,8.271276250586));
#3125 = CARTESIAN_POINT('',(2.296105806628,8.266640877645));
#3126 = CARTESIAN_POINT('',(2.325845122886,8.2618047277));
#3127 = CARTESIAN_POINT('',(2.35721161663,8.256649527657));
#3128 = CARTESIAN_POINT('',(2.388834642329,8.25144976901));
#3129 = CARTESIAN_POINT('',(2.419126406941,8.246516487256));
#3130 = CARTESIAN_POINT('',(2.448528950428,8.241766340673));
#3131 = CARTESIAN_POINT('',(2.476934521702,8.237221660649));
#3132 = CARTESIAN_POINT('',(2.504376771119,8.232876463354));
#3133 = CARTESIAN_POINT('',(2.530845545831,8.228732352718));
#3134 = CARTESIAN_POINT('',(2.556336790079,8.224788896855));
#3135 = CARTESIAN_POINT('',(2.580838696333,8.221046219376));
#3136 = CARTESIAN_POINT('',(2.604337972457,8.217504257725));
#3137 = CARTESIAN_POINT('',(2.626855991392,8.214163138508));
#3138 = CARTESIAN_POINT('',(2.648394860088,8.211022417854));
#3139 = CARTESIAN_POINT('',(2.668942030838,8.208083744645));
#3140 = CARTESIAN_POINT('',(2.688542413393,8.205340967233));
#3141 = CARTESIAN_POINT('',(2.70701481287,8.202817043337));
#3142 = CARTESIAN_POINT('',(2.725045916021,8.200426293732));
#3143 = CARTESIAN_POINT('',(2.740071048116,8.198488477582));
#3144 = CARTESIAN_POINT('',(2.761637011788,8.195813321831));
#3145 = CARTESIAN_POINT('',(2.789099284533,8.192570381416));
#3146 = CARTESIAN_POINT('',(2.814537975317,8.189732147056));
#3147 = CARTESIAN_POINT('',(2.840085962647,8.187038040521));
#3148 = CARTESIAN_POINT('',(2.865180987361,8.184557883412));
#3149 = CARTESIAN_POINT('',(2.889981433734,8.18227296696));
#3150 = CARTESIAN_POINT('',(2.914451074076,8.180188304038));
#3151 = CARTESIAN_POINT('',(2.93860432057,8.178302551325));
#3152 = CARTESIAN_POINT('',(2.962440528511,8.176616068637));
#3153 = CARTESIAN_POINT('',(2.985961625425,8.175128759434));
#3154 = CARTESIAN_POINT('',(3.009167419404,8.173840649459));
#3155 = CARTESIAN_POINT('',(3.032056894582,8.172751731687));
#3156 = CARTESIAN_POINT('',(3.054627904743,8.171862007874));
#3157 = CARTESIAN_POINT('',(3.076877309442,8.171171477424));
#3158 = CARTESIAN_POINT('',(3.098800960521,8.170680140369));
#3159 = CARTESIAN_POINT('',(3.12039385959,8.170387996575));
#3160 = CARTESIAN_POINT('',(3.134564481769,8.170326029493));
#3161 = CARTESIAN_POINT('',(3.141592654135,8.170328244797));
#3162 = ( GEOMETRIC_REPRESENTATION_CONTEXT(2) 
PARAMETRIC_REPRESENTATION_CONTEXT() REPRESENTATION_CONTEXT('2D SPACE',''
  ) );
#3163 = PCURVE('',#3164,#3169);
#3164 = CYLINDRICAL_SURFACE('',#3165,8.);
#3165 = AXIS2_PLACEMENT_3D('',#3166,#3167,#3168);
#3166 = CARTESIAN_POINT('',(5.E-03,-267.9,-300.));
#3167 = DIRECTION('',(0.,0.,1.));
#3168 = DIRECTION('',(1.,0.,-0.));
#3169 = DEFINITIONAL_REPRESENTATION('',(#3170),#3306);
#3170 = B_SPLINE_CURVE_WITH_KNOTS('',3,(#3171,#3172,#3173,#3174,#3175,
    #3176,#3177,#3178,#3179,#3180,#3181,#3182,#3183,#3184,#3185,#3186,
    #3187,#3188,#3189,#3190,#3191,#3192,#3193,#3194,#3195,#3196,#3197,
    #3198,#3199,#3200,#3201,#3202,#3203,#3204,#3205,#3206,#3207,#3208,
    #3209,#3210,#3211,#3212,#3213,#3214,#3215,#3216,#3217,#3218,#3219,
    #3220,#3221,#3222,#3223,#3224,#3225,#3226,#3227,#3228,#3229,#3230,
    #3231,#3232,#3233,#3234,#3235,#3236,#3237,#3238,#3239,#3240,#3241,
    #3242,#3243,#3244,#3245,#3246,#3247,#3248,#3249,#3250,#3251,#3252,
    #3253,#3254,#3255,#3256,#3257,#3258,#3259,#3260,#3261,#3262,#3263,
    #3264,#3265,#3266,#3267,#3268,#3269,#3270,#3271,#3272,#3273,#3274,
    #3275,#3276,#3277,#3278,#3279,#3280,#3281,#3282,#3283,#3284,#3285,
    #3286,#3287,#3288,#3289,#3290,#3291,#3292,#3293,#3294,#3295,#3296,
    #3297,#3298,#3299,#3300,#3301,#3302,#3303,#3304,#3305),
  .UNSPECIFIED.,.F.,.F.,(4,1,1,1,1,1,1,1,1,1,1,1,1,1,1,1,1,1,1,1,1,1,1,1
    ,1,1,1,1,1,1,1,1,1,1,1,1,1,1,1,1,1,1,1,1,1,1,1,1,1,1,1,1,1,1,1,1,1,1
    ,1,1,1,1,1,1,1,1,1,1,1,1,1,1,1,1,1,1,1,1,1,1,1,1,1,1,1,1,1,1,1,1,1,1
    ,1,1,1,1,1,1,1,1,1,1,1,1,1,1,1,1,1,1,1,1,1,1,1,1,1,1,1,1,1,1,1,1,1,1
    ,1,1,1,1,1,1,4),(0.750106811675,0.753894697309,0.757682582943,
    0.761470468577,0.765258354211,0.769046239845,0.772834125479,
    0.776622011112,0.780409896746,0.78419778238,0.787985668014,
    0.791773553648,0.795561439282,0.799349324916,0.80313721055,
    0.806925096184,0.810712981818,0.814500867452,0.818288753086,
    0.822076638719,0.825864524353,0.829652409987,0.833440295621,
    0.837228181255,0.841016066889,0.844803952523,0.848591838157,
    0.852379723791,0.856167609425,0.859955495059,0.863743380693,
    0.867531266326,0.87131915196,0.875107037594,0.878894923228,
    0.882682808862,0.886470694496,0.89025858013,0.894046465764,
    0.897834351398,0.901622237032,0.905410122666,0.9091980083,
    0.912985893933,0.916773779567,0.920561665201,0.924349550835,
    0.928137436469,0.931925322103,0.935713207737,0.939501093371,
    0.943288979005,0.947076864639,0.950864750273,0.954652635906,
    0.95844052154,0.962228407174,0.966016292808,0.969804178442,
    0.973592064076,0.97737994971,0.981167835344,0.984955720978,
    0.988743606612,0.992531492246,0.99631937788,1.000107263513,
    1.003895149147,1.007683034781,1.011470920415,1.015258806049,
    1.019046691683,1.022834577317,1.026622462951,1.030410348585,
    1.034198234219,1.037986119853,1.041774005487,1.045561891121,
    1.049349776754,1.053137662388,1.056925548022,1.060713433656,
    1.06450131929,1.068289204924,1.072077090558,1.075864976192,
    1.079652861826,1.08344074746,1.087228633094,1.091016518728,
    1.094804404361,1.098592289995,1.102380175629,1.106168061263,
    1.109955946897,1.113743832531,1.117531718165,1.121319603799,
    1.125107489433,1.128895375067,1.132683260701,1.136471146334,
    1.140259031968,1.144046917602,1.147834803236,1.15162268887,
    1.155410574504,1.159198460138,1.162986345772,1.166774231406,
    1.17056211704,1.174350002674,1.178137888308,1.181925773941,
    1.185713659575,1.189501545209,1.193289430843,1.197077316477,
    1.200865202111,1.204653087745,1.208440973379,1.212228859013,
    1.216016744647,1.219804630281,1.223592515915,1.227380401548,
    1.231168287182,1.234956172816,1.23874405845,1.242531944084,
    1.246319829718,1.250107715352),.QUASI_UNIFORM_KNOTS.);
#3171 = CARTESIAN_POINT('',(4.920154433583,75.0000000014));
#3172 = CARTESIAN_POINT('',(4.920154426331,75.011592945557));
#3173 = CARTESIAN_POINT('',(4.920122810109,75.034963164412));
#3174 = CARTESIAN_POINT('',(4.919976341939,75.070549562227));
#3175 = CARTESIAN_POINT('',(4.919726590493,75.106645107245));
#3176 = CARTESIAN_POINT('',(4.919369318977,75.143227878));
#3177 = CARTESIAN_POINT('',(4.91890029141,75.180275949814));
#3178 = CARTESIAN_POINT('',(4.918315272258,75.217767409986));
#3179 = CARTESIAN_POINT('',(4.917610025337,75.255680301125));
#3180 = CARTESIAN_POINT('',(4.91678031408,75.293992832618));
#3181 = CARTESIAN_POINT('',(4.91582189714,75.332682591438));
#3182 = CARTESIAN_POINT('',(4.914730584828,75.371713272047));
#3183 = CARTESIAN_POINT('',(4.913502598886,75.411047897987));
#3184 = CARTESIAN_POINT('',(4.912132874865,75.450672511135));
#3185 = CARTESIAN_POINT('',(4.910621066859,75.490482870193));
#3186 = CARTESIAN_POINT('',(4.908949348322,75.530709041366));
#3187 = CARTESIAN_POINT('',(4.907166083271,75.570307786845));
#3188 = CARTESIAN_POINT('',(4.905072707972,75.612987745683));
#3189 = CARTESIAN_POINT('',(4.903392760772,75.644712343378));
#3190 = CARTESIAN_POINT('',(4.902109149518,75.667996327334));
#3191 = CARTESIAN_POINT('',(4.900544694164,75.695182314435));
#3192 = CARTESIAN_POINT('',(4.898868492333,75.722893273203));
#3193 = CARTESIAN_POINT('',(4.897022872767,75.751964280337));
#3194 = CARTESIAN_POINT('',(4.895010903364,75.782101628199));
#3195 = CARTESIAN_POINT('',(4.89281939689,75.813314638313));
#3196 = CARTESIAN_POINT('',(4.89043937196,75.8455292999));
#3197 = CARTESIAN_POINT('',(4.887861196291,75.87870190223));
#3198 = CARTESIAN_POINT('',(4.885073267996,75.912746158317));
#3199 = CARTESIAN_POINT('',(4.882065209321,75.947554638117));
#3200 = CARTESIAN_POINT('',(4.878823899214,75.983053832895));
#3201 = CARTESIAN_POINT('',(4.875347890203,76.019075648863));
#3202 = CARTESIAN_POINT('',(4.871589565878,76.055813038462));
#3203 = CARTESIAN_POINT('',(4.867554931364,76.093007694925));
#3204 = CARTESIAN_POINT('',(4.863281150848,76.130165346242));
#3205 = CARTESIAN_POINT('',(4.858757718999,76.167141036781));
#3206 = CARTESIAN_POINT('',(4.854133710939,76.202628510646));
#3207 = CARTESIAN_POINT('',(4.849546407786,76.235795740792));
#3208 = CARTESIAN_POINT('',(4.844975077384,76.266960198484));
#3209 = CARTESIAN_POINT('',(4.840441367525,76.296131345452));
#3210 = CARTESIAN_POINT('',(4.835955605005,76.323401183254));
#3211 = CARTESIAN_POINT('',(4.831531187417,76.348839563671));
#3212 = CARTESIAN_POINT('',(4.827180697011,76.372522397771));
#3213 = CARTESIAN_POINT('',(4.822917032989,76.394523509244));
#3214 = CARTESIAN_POINT('',(4.818752747998,76.414919011999));
#3215 = CARTESIAN_POINT('',(4.814692807711,76.433793855653));
#3216 = CARTESIAN_POINT('',(4.81074507937,76.45122499892));
#3217 = CARTESIAN_POINT('',(4.806919533146,76.467281661273));
#3218 = CARTESIAN_POINT('',(4.803215485684,76.482070378337));
#3219 = CARTESIAN_POINT('',(4.79967140282,76.495553814703));
#3220 = CARTESIAN_POINT('',(4.796170869446,76.508213848968));
#3221 = CARTESIAN_POINT('',(4.793175820087,76.518591036958));
#3222 = CARTESIAN_POINT('',(4.788991063969,76.532444782591));
#3223 = CARTESIAN_POINT('',(4.783703272667,76.548647319332));
#3224 = CARTESIAN_POINT('',(4.778734777248,76.562643758294));
#3225 = CARTESIAN_POINT('',(4.773708802811,76.575696370284));
#3226 = CARTESIAN_POINT('',(4.768730644733,76.587508722868));
#3227 = CARTESIAN_POINT('',(4.763776428161,76.598202036886));
#3228 = CARTESIAN_POINT('',(4.758856888378,76.60778562332));
#3229 = CARTESIAN_POINT('',(4.753973484688,76.616298779313));
#3230 = CARTESIAN_POINT('',(4.74913015961,76.623772767223));
#3231 = CARTESIAN_POINT('',(4.74433018364,76.63024100238));
#3232 = CARTESIAN_POINT('',(4.739577012811,76.635736323019));
#3233 = CARTESIAN_POINT('',(4.734874009875,76.64029172278));
#3234 = CARTESIAN_POINT('',(4.730224698681,76.643940150773));
#3235 = CARTESIAN_POINT('',(4.72563202261,76.64671457883));
#3236 = CARTESIAN_POINT('',(4.721101054108,76.648647932426));
#3237 = CARTESIAN_POINT('',(4.71662889633,76.649773299733));
#3238 = CARTESIAN_POINT('',(4.712242365853,76.650123164498));
#3239 = CARTESIAN_POINT('',(4.707857359577,76.649732265474));
#3240 = CARTESIAN_POINT('',(4.703389002805,76.648568503398));
#3241 = CARTESIAN_POINT('',(4.698863340326,76.646597524054));
#3242 = CARTESIAN_POINT('',(4.694276703365,76.643785577468));
#3243 = CARTESIAN_POINT('',(4.689633392614,76.640098751643));
#3244 = CARTESIAN_POINT('',(4.684935579293,76.635503178437));
#3245 = CARTESIAN_POINT('',(4.680186017543,76.629964976312));
#3246 = CARTESIAN_POINT('',(4.675387293035,76.623450273459));
#3247 = CARTESIAN_POINT('',(4.670542114911,76.61592517254));
#3248 = CARTESIAN_POINT('',(4.665654882008,76.607356492342));
#3249 = CARTESIAN_POINT('',(4.660730082613,76.597714164195));
#3250 = CARTESIAN_POINT('',(4.655769376016,76.586958239111));
#3251 = CARTESIAN_POINT('',(4.650785524487,76.575085210612));
#3252 = CARTESIAN_POINT('',(4.645750177893,76.561956786489));
#3253 = CARTESIAN_POINT('',(4.640791532314,76.547945820393));
#3254 = CARTESIAN_POINT('',(4.635453552924,76.53151848178));
#3255 = CARTESIAN_POINT('',(4.631457491993,76.518246902067));
#3256 = CARTESIAN_POINT('',(4.628391929023,76.507631923351));
#3257 = CARTESIAN_POINT('',(4.624892398185,76.494958977303));
#3258 = CARTESIAN_POINT('',(4.621332801394,76.481398693314));
#3259 = CARTESIAN_POINT('',(4.617621244353,76.466544777764));
#3260 = CARTESIAN_POINT('',(4.613790665293,76.450413431356));
#3261 = CARTESIAN_POINT('',(4.609840485434,76.432907800517));
#3262 = CARTESIAN_POINT('',(4.605779378495,76.413960754448));
#3263 = CARTESIAN_POINT('',(4.60161254094,76.393499325537));
#3264 = CARTESIAN_POINT('',(4.597350368638,76.371442494149));
#3265 = CARTESIAN_POINT('',(4.593003936662,76.347705830784));
#3266 = CARTESIAN_POINT('',(4.588586520272,76.322232896006));
#3267 = CARTESIAN_POINT('',(4.584099554077,76.294871539045));
#3268 = CARTESIAN_POINT('',(4.579591598077,76.265840617128));
#3269 = CARTESIAN_POINT('',(4.57505486994,76.234892082967));
#3270 = CARTESIAN_POINT('',(4.57048400592,76.201795267119));
#3271 = CARTESIAN_POINT('',(4.565797436068,76.165730412737));
#3272 = CARTESIAN_POINT('',(4.561215824306,76.128216734748));
#3273 = CARTESIAN_POINT('',(4.556968275863,76.091219687528));
#3274 = CARTESIAN_POINT('',(4.552980140549,76.054354107248));
#3275 = CARTESIAN_POINT('',(4.549258158596,76.017864679973));
#3276 = CARTESIAN_POINT('',(4.545787267276,75.981827310394));
#3277 = CARTESIAN_POINT('',(4.542558263065,75.946363178797));
#3278 = CARTESIAN_POINT('',(4.539560372042,75.911581144475));
#3279 = CARTESIAN_POINT('',(4.536783324218,75.87759407509));
#3280 = CARTESIAN_POINT('',(4.534216497466,75.844511125826));
#3281 = CARTESIAN_POINT('',(4.53184848393,75.812371813989));
#3282 = CARTESIAN_POINT('',(4.529668858072,75.781243170885));
#3283 = CARTESIAN_POINT('',(4.527668298606,75.751209572781));
#3284 = CARTESIAN_POINT('',(4.525832376714,75.722264617683));
#3285 = CARTESIAN_POINT('',(4.524166502671,75.694735551689));
#3286 = CARTESIAN_POINT('',(4.522605232089,75.667626314416));
#3287 = CARTESIAN_POINT('',(4.521348102354,75.644882895781));
#3288 = CARTESIAN_POINT('',(4.519609648984,75.612017806669));
#3289 = CARTESIAN_POINT('',(4.517537911446,75.569716269955));
#3290 = CARTESIAN_POINT('',(4.515755482698,75.530132196095));
#3291 = CARTESIAN_POINT('',(4.514090288869,75.490043795036));
#3292 = CARTESIAN_POINT('',(4.512583192304,75.450349183259));
#3293 = CARTESIAN_POINT('',(4.511218005076,75.410842551616));
#3294 = CARTESIAN_POINT('',(4.509993831399,75.371613886942));
#3295 = CARTESIAN_POINT('',(4.508905683125,75.332673917776));
#3296 = CARTESIAN_POINT('',(4.50794967325,75.294054609853));
#3297 = CARTESIAN_POINT('',(4.507121623656,75.255782238418));
#3298 = CARTESIAN_POINT('',(4.506417437414,75.21788460348));
#3299 = CARTESIAN_POINT('',(4.505832998207,75.180389096487));
#3300 = CARTESIAN_POINT('',(4.505364196409,75.143323218361));
#3301 = CARTESIAN_POINT('',(4.505006921223,75.106714440692));
#3302 = CARTESIAN_POINT('',(4.50475706181,75.070590242928));
#3303 = CARTESIAN_POINT('',(4.504610506358,75.03497810241));
#3304 = CARTESIAN_POINT('',(4.504578929081,75.011596365503));
#3305 = CARTESIAN_POINT('',(4.504578986419,74.9999999992));
#3306 = ( GEOMETRIC_REPRESENTATION_CONTEXT(2) 
PARAMETRIC_REPRESENTATION_CONTEXT() REPRESENTATION_CONTEXT('2D SPACE',''
  ) );
#3307 = ORIENTED_EDGE('',*,*,#3308,.T.);
#3308 = EDGE_CURVE('',#2959,#2936,#3309,.T.);
#3309 = SURFACE_CURVE('',#3310,(#3372,#3511),.PCURVE_S1.);
#3310 = B_SPLINE_CURVE_WITH_KNOTS('',3,(#3311,#3312,#3313,#3314,#3315,
    #3316,#3317,#3318,#3319,#3320,#3321,#3322,#3323,#3324,#3325,#3326,
    #3327,#3328,#3329,#3330,#3331,#3332,#3333,#3334,#3335,#3336,#3337,
    #3338,#3339,#3340,#3341,#3342,#3343,#3344,#3345,#3346,#3347,#3348,
    #3349,#3350,#3351,#3352,#3353,#3354,#3355,#3356,#3357,#3358,#3359,
    #3360,#3361,#3362,#3363,#3364,#3365,#3366,#3367,#3368,#3369,#3370,
    #3371),.UNSPECIFIED.,.F.,.F.,(4,2,2,1,1,2,2,2,2,2,2,2,2,1,2,2,2,2,2,
    1,1,2,2,2,2,2,2,2,2,1,1,2,2,4),(0.250107715352,0.281357658873,
    0.296982630633,0.304795116513,0.308701359453,0.310654480923,
    0.312607602393,0.343857545913,0.359482517673,0.375107489433,
    0.406357432953,0.421982404713,0.429794890593,0.433701133533,
    0.435654255003,0.437607376473,0.500107263514,0.531357207034,
    0.546982178794,0.554794664674,0.558700907614,0.560654029084,
    0.562607150554,0.593857094074,0.609482065834,0.625107037594,
    0.656356981115,0.671981952875,0.679794438755,0.683700681695,
    0.685653803165,0.6866303639,0.687606924635,0.750106811675),
  .UNSPECIFIED.);
#3311 = CARTESIAN_POINT('',(-1.64518197372,-275.7261824919,
    -225.0000000008));
#3312 = CARTESIAN_POINT('',(-1.645181973673,-275.7262007681,
    -225.095669677));
#3313 = CARTESIAN_POINT('',(-1.636862911338,-275.7284763046,
    -225.197648885));
#3314 = CARTESIAN_POINT('',(-1.607005147781,-275.735275501,
    -225.3569963696));
#3315 = CARTESIAN_POINT('',(-1.594155501682,-275.7381062151,
    -225.4111556617));
#3316 = CARTESIAN_POINT('',(-1.56994911534,-275.7431987592,
    -225.4933809792));
#3317 = CARTESIAN_POINT('',(-1.556613471813,-275.7459566496,
    -225.5347380903));
#3318 = CARTESIAN_POINT('',(-1.538777893975,-275.7495445203,
    -225.5832659895));
#3319 = CARTESIAN_POINT('',(-1.530633822542,-275.7511615361,
    -225.6041056383));
#3320 = CARTESIAN_POINT('',(-1.525091938519,-275.7522571814,
    -225.61800607));
#3321 = CARTESIAN_POINT('',(-1.521289406355,-275.7530048778,
    -225.6273087158));
#3322 = CARTESIAN_POINT('',(-1.492121005222,-275.7587265913,
    -225.6977244436));
#3323 = CARTESIAN_POINT('',(-1.453531590671,-275.7663728242,
    -225.7793710808));
#3324 = CARTESIAN_POINT('',(-1.367849251619,-275.7812338124,
    -225.9171751717));
#3325 = CARTESIAN_POINT('',(-1.334623378563,-275.7867527483,
    -225.9656040349));
#3326 = CARTESIAN_POINT('',(-1.256834606606,-275.7989211668,
    -226.0652356868));
#3327 = CARTESIAN_POINT('',(-1.21124973212,-275.8057164932,
    -226.1174521885));
#3328 = CARTESIAN_POINT('',(-1.060845847211,-275.8269144921,
    -226.2676518133));
#3329 = CARTESIAN_POINT('',(-0.960127249613,-275.8388815461,
    -226.3427636387));
#3330 = CARTESIAN_POINT('',(-0.822866197569,-275.8535847057,
    -226.4284072449));
#3331 = CARTESIAN_POINT('',(-0.779325158798,-275.857944522,-226.4524761)
  );
#3332 = CARTESIAN_POINT('',(-0.718441289707,-275.8636723908,
    -226.4832103143));
#3333 = CARTESIAN_POINT('',(-0.698880344437,-275.8654463712,
    -226.4925594688));
#3334 = CARTESIAN_POINT('',(-0.670743416389,-275.8679043778,
    -226.505397975));
#3335 = CARTESIAN_POINT('',(-0.656975745241,-275.8690826401,
    -226.5115207811));
#3336 = CARTESIAN_POINT('',(-0.643675954698,-275.8701847909,
    -226.5172271551));
#3337 = CARTESIAN_POINT('',(-0.634915076048,-275.8709026445,
    -226.5209418926));
#3338 = CARTESIAN_POINT('',(-0.632807634896,-275.8710756503,
    -226.5218376513));
#3339 = CARTESIAN_POINT('',(-0.404049444223,-275.8893751309,
    -226.616463373));
#3340 = CARTESIAN_POINT('',(-0.186875324242,-275.8982406964,
    -226.6500366745));
#3341 = CARTESIAN_POINT('',(0.101137764117,-275.8982202023,
    -226.6499816174));
#3342 = CARTESIAN_POINT('',(0.203223685516,-275.8959959035,
    -226.6415823486));
#3343 = CARTESIAN_POINT('',(0.362395942139,-275.8893332534,
    -226.6116923909));
#3344 = CARTESIAN_POINT('',(0.416441618225,-275.886558003,
    -226.5988471663));
#3345 = CARTESIAN_POINT('',(0.498422246462,-275.8815635768,
    -226.5746956547));
#3346 = CARTESIAN_POINT('',(0.53963854012,-275.8788584761,
    -226.5613995286));
#3347 = CARTESIAN_POINT('',(0.587972762943,-275.8753387218,
    -226.5436368725));
#3348 = CARTESIAN_POINT('',(0.608723498625,-275.8737522978,
    -226.5355304058));
#3349 = CARTESIAN_POINT('',(0.622563387344,-275.8726773578,
    -226.5300150702));
#3350 = CARTESIAN_POINT('',(0.631672715969,-275.8719559273,
    -226.5262944956));
#3351 = CARTESIAN_POINT('',(0.704898427973,-275.8660915545,
    -226.4959783556));
#3352 = CARTESIAN_POINT('',(0.787635178094,-275.85842048,-226.4564928979
    ));
#3353 = CARTESIAN_POINT('',(0.92507492967,-275.8436863692,-226.370600509
    ));
#3354 = CARTESIAN_POINT('',(0.973054713968,-275.8382370824,
    -226.3375013723));
#3355 = CARTESIAN_POINT('',(1.071289986025,-275.8262626754,
    -226.2605672391));
#3356 = CARTESIAN_POINT('',(1.120430282821,-275.8198923967,
    -226.2178450437));
#3357 = CARTESIAN_POINT('',(1.27394122929,-275.7982285352,
    -226.0643192588));
#3358 = CARTESIAN_POINT('',(1.349637511176,-275.7860636047,
    -225.9620804543));
#3359 = CARTESIAN_POINT('',(1.435003862333,-275.7712326775,
    -225.8246077944));
#3360 = CARTESIAN_POINT('',(1.458787588973,-275.7668584465,
    -225.7813276527));
#3361 = CARTESIAN_POINT('',(1.488931748817,-275.7611512176,
    -225.7213920834));
#3362 = CARTESIAN_POINT('',(1.498056773385,-275.7593911609,
    -225.7022395605));
#3363 = CARTESIAN_POINT('',(1.510529810272,-275.7569646052,
    -225.6748574635));
#3364 = CARTESIAN_POINT('',(1.516462518301,-275.7558047098,
    -225.6615027242));
#3365 = CARTESIAN_POINT('',(1.522887395385,-275.7545449175,
    -225.6465307062));
#3366 = CARTESIAN_POINT('',(1.525538101857,-275.7540250249,
    -225.6402464511));
#3367 = CARTESIAN_POINT('',(1.527282788345,-275.7536828784,
    -225.6360865625));
#3368 = CARTESIAN_POINT('',(1.527747180378,-275.7535919153,
    -225.634981061));
#3369 = CARTESIAN_POINT('',(1.621414935736,-275.7352224483,
    -225.4088785281));
#3370 = CARTESIAN_POINT('',(1.654818026442,-275.7261783516,
    -225.1912828856));
#3371 = CARTESIAN_POINT('',(1.65481802628,-275.7261831141,
    -224.9999999986));
#3372 = PCURVE('',#2920,#3373);
#3373 = DEFINITIONAL_REPRESENTATION('',(#3374),#3510);
#3374 = B_SPLINE_CURVE_WITH_KNOTS('',3,(#3375,#3376,#3377,#3378,#3379,
    #3380,#3381,#3382,#3383,#3384,#3385,#3386,#3387,#3388,#3389,#3390,
    #3391,#3392,#3393,#3394,#3395,#3396,#3397,#3398,#3399,#3400,#3401,
    #3402,#3403,#3404,#3405,#3406,#3407,#3408,#3409,#3410,#3411,#3412,
    #3413,#3414,#3415,#3416,#3417,#3418,#3419,#3420,#3421,#3422,#3423,
    #3424,#3425,#3426,#3427,#3428,#3429,#3430,#3431,#3432,#3433,#3434,
    #3435,#3436,#3437,#3438,#3439,#3440,#3441,#3442,#3443,#3444,#3445,
    #3446,#3447,#3448,#3449,#3450,#3451,#3452,#3453,#3454,#3455,#3456,
    #3457,#3458,#3459,#3460,#3461,#3462,#3463,#3464,#3465,#3466,#3467,
    #3468,#3469,#3470,#3471,#3472,#3473,#3474,#3475,#3476,#3477,#3478,
    #3479,#3480,#3481,#3482,#3483,#3484,#3485,#3486,#3487,#3488,#3489,
    #3490,#3491,#3492,#3493,#3494,#3495,#3496,#3497,#3498,#3499,#3500,
    #3501,#3502,#3503,#3504,#3505,#3506,#3507,#3508,#3509),
  .UNSPECIFIED.,.F.,.F.,(4,1,1,1,1,1,1,1,1,1,1,1,1,1,1,1,1,1,1,1,1,1,1,1
    ,1,1,1,1,1,1,1,1,1,1,1,1,1,1,1,1,1,1,1,1,1,1,1,1,1,1,1,1,1,1,1,1,1,1
    ,1,1,1,1,1,1,1,1,1,1,1,1,1,1,1,1,1,1,1,1,1,1,1,1,1,1,1,1,1,1,1,1,1,1
    ,1,1,1,1,1,1,1,1,1,1,1,1,1,1,1,1,1,1,1,1,1,1,1,1,1,1,1,1,1,1,1,1,1,1
    ,1,1,1,1,1,1,4),(0.250107715352,0.253895587294,0.257683459236,
    0.261471331178,0.265259203119,0.269047075061,0.272834947003,
    0.276622818945,0.280410690887,0.284198562829,0.28798643477,
    0.291774306712,0.295562178654,0.299350050596,0.303137922538,
    0.30692579448,0.310713666421,0.314501538363,0.318289410305,
    0.322077282247,0.325865154189,0.329653026131,0.333440898072,
    0.337228770014,0.341016641956,0.344804513898,0.34859238584,
    0.352380257782,0.356168129724,0.359956001665,0.363743873607,
    0.367531745549,0.371319617491,0.375107489433,0.378895361375,
    0.382683233316,0.386471105258,0.3902589772,0.394046849142,
    0.397834721084,0.401622593026,0.405410464967,0.409198336909,
    0.412986208851,0.416774080793,0.420561952735,0.424349824677,
    0.428137696619,0.43192556856,0.435713440502,0.439501312444,
    0.443289184386,0.447077056328,0.45086492827,0.454652800211,
    0.458440672153,0.462228544095,0.466016416037,0.469804287979,
    0.473592159921,0.477380031862,0.481167903804,0.484955775746,
    0.488743647688,0.49253151963,0.496319391572,0.500107263513,
    0.503895135455,0.507683007397,0.511470879339,0.515258751281,
    0.519046623223,0.522834495165,0.526622367106,0.530410239048,
    0.53419811099,0.537985982932,0.541773854874,0.545561726816,
    0.549349598757,0.553137470699,0.556925342641,0.560713214583,
    0.564501086525,0.568288958467,0.572076830408,0.57586470235,
    0.579652574292,0.583440446234,0.587228318176,0.591016190118,
    0.59480406206,0.598591934001,0.602379805943,0.606167677885,
    0.609955549827,0.613743421769,0.617531293711,0.621319165652,
    0.625107037594,0.628894909536,0.632682781478,0.63647065342,
    0.640258525362,0.644046397303,0.647834269245,0.651622141187,
    0.655410013129,0.659197885071,0.662985757013,0.666773628955,
    0.670561500896,0.674349372838,0.67813724478,0.681925116722,
    0.685712988664,0.689500860606,0.693288732547,0.697076604489,
    0.700864476431,0.704652348373,0.708440220315,0.712228092257,
    0.716015964198,0.71980383614,0.723591708082,0.727379580024,
    0.731167451966,0.734955323908,0.738743195849,0.742531067791,
    0.746318939733,0.750106811675),.UNSPECIFIED.);
#3375 = CARTESIAN_POINT('',(3.141592654135,8.170328244797));
#3376 = CARTESIAN_POINT('',(3.148620806527,8.170330460092));
#3377 = CARTESIAN_POINT('',(3.162789185845,8.170401219666));
#3378 = CARTESIAN_POINT('',(3.18437548528,8.170706345987));
#3379 = CARTESIAN_POINT('',(3.206292652181,8.171210459255));
#3380 = CARTESIAN_POINT('',(3.228539118019,8.171913559514));
#3381 = CARTESIAN_POINT('',(3.251114197198,8.172815646601));
#3382 = CARTESIAN_POINT('',(3.274018239584,8.173916721121));
#3383 = CARTESIAN_POINT('',(3.297252584862,8.175216780817));
#3384 = CARTESIAN_POINT('',(3.320819724442,8.176715834109));
#3385 = CARTESIAN_POINT('',(3.344722806759,8.178413849573));
#3386 = CARTESIAN_POINT('',(3.368957798511,8.180310944483));
#3387 = CARTESIAN_POINT('',(3.393520782611,8.182406681172));
#3388 = CARTESIAN_POINT('',(3.418424979484,8.184702693035));
#3389 = CARTESIAN_POINT('',(3.44362270849,8.187192884163));
#3390 = CARTESIAN_POINT('',(3.469297647171,8.189900004803));
#3391 = CARTESIAN_POINT('',(3.49475956618,8.192739149869));
#3392 = CARTESIAN_POINT('',(3.522585535498,8.196027189445));
#3393 = CARTESIAN_POINT('',(3.543182543468,8.198584604202));
#3394 = CARTESIAN_POINT('',(3.558692373761,8.200581609052));
#3395 = CARTESIAN_POINT('',(3.576803285495,8.202981508694));
#3396 = CARTESIAN_POINT('',(3.595448376502,8.205526186479));
#3397 = CARTESIAN_POINT('',(3.615177516412,8.208284804304));
#3398 = CARTESIAN_POINT('',(3.635842298912,8.211238831233));
#3399 = CARTESIAN_POINT('',(3.657484592519,8.214393229108));
#3400 = CARTESIAN_POINT('',(3.680097500722,8.217746681499));
#3401 = CARTESIAN_POINT('',(3.703692890841,8.221299492287));
#3402 = CARTESIAN_POINT('',(3.72826833577,8.225051762378));
#3403 = CARTESIAN_POINT('',(3.75381153595,8.229002784257));
#3404 = CARTESIAN_POINT('',(3.780338253423,8.233155287082));
#3405 = CARTESIAN_POINT('',(3.807790335807,8.237499061746));
#3406 = CARTESIAN_POINT('',(3.836414575576,8.242074552625));
#3407 = CARTESIAN_POINT('',(3.866099333243,8.246864833831));
#3408 = CARTESIAN_POINT('',(3.896532201795,8.251814606186));
#3409 = CARTESIAN_POINT('',(3.927717459046,8.256936089974));
#3410 = CARTESIAN_POINT('',(3.958619967877,8.262009800924));
#3411 = CARTESIAN_POINT('',(3.988437522465,8.266854325501));
#3412 = CARTESIAN_POINT('',(4.017400005161,8.271518273324));
#3413 = CARTESIAN_POINT('',(4.045455430058,8.275988619448));
#3414 = CARTESIAN_POINT('',(4.072622015232,8.280268854037));
#3415 = CARTESIAN_POINT('',(4.098893853187,8.284358041381));
#3416 = CARTESIAN_POINT('',(4.124266432231,8.28825643415));
#3417 = CARTESIAN_POINT('',(4.14872937996,8.291963957382));
#3418 = CARTESIAN_POINT('',(4.17227065077,8.295480658251));
#3419 = CARTESIAN_POINT('',(4.194909437191,8.29880642302));
#3420 = CARTESIAN_POINT('',(4.216647874027,8.301941659466));
#3421 = CARTESIAN_POINT('',(4.237474200064,8.304884850219));
#3422 = CARTESIAN_POINT('',(4.257430354418,8.307641656989));
#3423 = CARTESIAN_POINT('',(4.276347144544,8.310190950296));
#3424 = CARTESIAN_POINT('',(4.29486580275,8.312611586338));
#3425 = CARTESIAN_POINT('',(4.310591398914,8.314609269827));
#3426 = CARTESIAN_POINT('',(4.332438868252,8.317279487152));
#3427 = CARTESIAN_POINT('',(4.359774093803,8.320459157145));
#3428 = CARTESIAN_POINT('',(4.385205134743,8.323254196464));
#3429 = CARTESIAN_POINT('',(4.410723181389,8.325904174293));
#3430 = CARTESIAN_POINT('',(4.43580374066,8.328344898537));
#3431 = CARTESIAN_POINT('',(4.46059490532,8.330593569692));
#3432 = CARTESIAN_POINT('',(4.485063061215,8.332645579173));
#3433 = CARTESIAN_POINT('',(4.50922180641,8.334502162122));
#3434 = CARTESIAN_POINT('',(4.53307062703,8.336162987858));
#3435 = CARTESIAN_POINT('',(4.556611371783,8.337628145264));
#3436 = CARTESIAN_POINT('',(4.579843808051,8.338897610788));
#3437 = CARTESIAN_POINT('',(4.602767081939,8.339971391061));
#3438 = CARTESIAN_POINT('',(4.625378506041,8.340849484412));
#3439 = CARTESIAN_POINT('',(4.647677153884,8.341531892189));
#3440 = CARTESIAN_POINT('',(4.669650917936,8.342018611974));
#3441 = CARTESIAN_POINT('',(4.691324921333,8.342309653393));
#3442 = CARTESIAN_POINT('',(4.712581062387,8.342404981663));
#3443 = CARTESIAN_POINT('',(4.733831682158,8.34230472759));
#3444 = CARTESIAN_POINT('',(4.755492393929,8.342009021756));
#3445 = CARTESIAN_POINT('',(4.777448425474,8.341517829182));
#3446 = CARTESIAN_POINT('',(4.799728273359,8.340831159203));
#3447 = CARTESIAN_POINT('',(4.8223232321,8.339949009455));
#3448 = CARTESIAN_POINT('',(4.845235792881,8.338871380057));
#3449 = CARTESIAN_POINT('',(4.868466672362,8.337598272896));
#3450 = CARTESIAN_POINT('',(4.892018431571,8.336129680308));
#3451 = CARTESIAN_POINT('',(4.915894081105,8.334465631058));
#3452 = CARTESIAN_POINT('',(4.940089696677,8.332606017752));
#3453 = CARTESIAN_POINT('',(4.964601631002,8.330551241207));
#3454 = CARTESIAN_POINT('',(4.989442167249,8.328299805547));
#3455 = CARTESIAN_POINT('',(5.014567051142,8.325857293458));
#3456 = CARTESIAN_POINT('',(5.040146947059,8.323202870076));
#3457 = CARTESIAN_POINT('',(5.065540380932,8.320414292157));
#3458 = CARTESIAN_POINT('',(5.093142420305,8.31720136755));
#3459 = CARTESIAN_POINT('',(5.114037585866,8.314644304184));
#3460 = CARTESIAN_POINT('',(5.13018542699,8.312594933109));
#3461 = CARTESIAN_POINT('',(5.148741852999,8.310169023278));
#3462 = CARTESIAN_POINT('',(5.16778298535,8.307603503763));
#3463 = CARTESIAN_POINT('',(5.187820596664,8.304834889325));
#3464 = CARTESIAN_POINT('',(5.208716534075,8.301880191846));
#3465 = CARTESIAN_POINT('',(5.230509842543,8.298734849038));
#3466 = CARTESIAN_POINT('',(5.253193962649,8.295400098164));
#3467 = CARTESIAN_POINT('',(5.276780773306,8.291875552461));
#3468 = CARTESIAN_POINT('',(5.301265369568,8.288161521716));
#3469 = CARTESIAN_POINT('',(5.326645525053,8.284257153538));
#3470 = CARTESIAN_POINT('',(5.352901864011,8.280165547706));
#3471 = CARTESIAN_POINT('',(5.380107418595,8.275875157505));
#3472 = CARTESIAN_POINT('',(5.407988767766,8.271431551273));
#3473 = CARTESIAN_POINT('',(5.436702715893,8.266806914005));
#3474 = CARTESIAN_POINT('',(5.466407585192,8.261979141495));
#3475 = CARTESIAN_POINT('',(5.497787601772,8.256824463425));
#3476 = CARTESIAN_POINT('',(5.529454940866,8.251620063127));
#3477 = CARTESIAN_POINT('',(5.559780946421,8.246683570533));
#3478 = CARTESIAN_POINT('',(5.589218670272,8.241929876949));
#3479 = CARTESIAN_POINT('',(5.617657450923,8.23738178722));
#3480 = CARTESIAN_POINT('',(5.645131736299,8.233033190655));
#3481 = CARTESIAN_POINT('',(5.671631155273,8.228885725175));
#3482 = CARTESIAN_POINT('',(5.697151684794,8.22493894979));
#3483 = CARTESIAN_POINT('',(5.721681460645,8.221192990533));
#3484 = CARTESIAN_POINT('',(5.745207143477,8.217647784263));
#3485 = CARTESIAN_POINT('',(5.76775019115,8.214303457511));
#3486 = CARTESIAN_POINT('',(5.789312695456,8.211159567305));
#3487 = CARTESIAN_POINT('',(5.80988214729,8.208217759001));
#3488 = CARTESIAN_POINT('',(5.829503305564,8.205471894146));
#3489 = CARTESIAN_POINT('',(5.847995489105,8.202944881197));
#3490 = CARTESIAN_POINT('',(5.866043505232,8.200551224776));
#3491 = CARTESIAN_POINT('',(5.881089687539,8.198609997924));
#3492 = CARTESIAN_POINT('',(5.902679614273,8.195930403854));
#3493 = CARTESIAN_POINT('',(5.930203587121,8.192678010152));
#3494 = CARTESIAN_POINT('',(5.955693143562,8.189831800358));
#3495 = CARTESIAN_POINT('',(5.981293753059,8.187129466935));
#3496 = CARTESIAN_POINT('',(6.006439316222,8.184641305291));
#3497 = CARTESIAN_POINT('',(6.03128874141,8.182348490141));
#3498 = CARTESIAN_POINT('',(6.055805121422,8.180256076019));
#3499 = CARTESIAN_POINT('',(6.080002481377,8.17836271888));
#3500 = CARTESIAN_POINT('',(6.103879685111,8.176668789173));
#3501 = CARTESIAN_POINT('',(6.12743817453,8.17517419795));
#3502 = CARTESIAN_POINT('',(6.150677252183,8.173878979359));
#3503 = CARTESIAN_POINT('',(6.173595387271,8.172783134563));
#3504 = CARTESIAN_POINT('',(6.196189909892,8.171886673563));
#3505 = CARTESIAN_POINT('',(6.218457150273,8.171189603995));
#3506 = CARTESIAN_POINT('',(6.240392427449,8.170691934125));
#3507 = CARTESIAN_POINT('',(6.261990209154,8.170393672052));
#3508 = CARTESIAN_POINT('',(6.276159234891,8.170327774631));
#3509 = CARTESIAN_POINT('',(6.28318530718,8.170328063265));
#3510 = ( GEOMETRIC_REPRESENTATION_CONTEXT(2) 
PARAMETRIC_REPRESENTATION_CONTEXT() REPRESENTATION_CONTEXT('2D SPACE',''
  ) );
#3511 = PCURVE('',#3164,#3512);
#3512 = DEFINITIONAL_REPRESENTATION('',(#3513),#3649);
#3513 = B_SPLINE_CURVE_WITH_KNOTS('',3,(#3514,#3515,#3516,#3517,#3518,
    #3519,#3520,#3521,#3522,#3523,#3524,#3525,#3526,#3527,#3528,#3529,
    #3530,#3531,#3532,#3533,#3534,#3535,#3536,#3537,#3538,#3539,#3540,
    #3541,#3542,#3543,#3544,#3545,#3546,#3547,#3548,#3549,#3550,#3551,
    #3552,#3553,#3554,#3555,#3556,#3557,#3558,#3559,#3560,#3561,#3562,
    #3563,#3564,#3565,#3566,#3567,#3568,#3569,#3570,#3571,#3572,#3573,
    #3574,#3575,#3576,#3577,#3578,#3579,#3580,#3581,#3582,#3583,#3584,
    #3585,#3586,#3587,#3588,#3589,#3590,#3591,#3592,#3593,#3594,#3595,
    #3596,#3597,#3598,#3599,#3600,#3601,#3602,#3603,#3604,#3605,#3606,
    #3607,#3608,#3609,#3610,#3611,#3612,#3613,#3614,#3615,#3616,#3617,
    #3618,#3619,#3620,#3621,#3622,#3623,#3624,#3625,#3626,#3627,#3628,
    #3629,#3630,#3631,#3632,#3633,#3634,#3635,#3636,#3637,#3638,#3639,
    #3640,#3641,#3642,#3643,#3644,#3645,#3646,#3647,#3648),
  .UNSPECIFIED.,.F.,.F.,(4,1,1,1,1,1,1,1,1,1,1,1,1,1,1,1,1,1,1,1,1,1,1,1
    ,1,1,1,1,1,1,1,1,1,1,1,1,1,1,1,1,1,1,1,1,1,1,1,1,1,1,1,1,1,1,1,1,1,1
    ,1,1,1,1,1,1,1,1,1,1,1,1,1,1,1,1,1,1,1,1,1,1,1,1,1,1,1,1,1,1,1,1,1,1
    ,1,1,1,1,1,1,1,1,1,1,1,1,1,1,1,1,1,1,1,1,1,1,1,1,1,1,1,1,1,1,1,1,1,1
    ,1,1,1,1,1,1,4),(0.250107715352,0.253895587294,0.257683459236,
    0.261471331178,0.265259203119,0.269047075061,0.272834947003,
    0.276622818945,0.280410690887,0.284198562829,0.28798643477,
    0.291774306712,0.295562178654,0.299350050596,0.303137922538,
    0.30692579448,0.310713666421,0.314501538363,0.318289410305,
    0.322077282247,0.325865154189,0.329653026131,0.333440898072,
    0.337228770014,0.341016641956,0.344804513898,0.34859238584,
    0.352380257782,0.356168129724,0.359956001665,0.363743873607,
    0.367531745549,0.371319617491,0.375107489433,0.378895361375,
    0.382683233316,0.386471105258,0.3902589772,0.394046849142,
    0.397834721084,0.401622593026,0.405410464967,0.409198336909,
    0.412986208851,0.416774080793,0.420561952735,0.424349824677,
    0.428137696619,0.43192556856,0.435713440502,0.439501312444,
    0.443289184386,0.447077056328,0.45086492827,0.454652800211,
    0.458440672153,0.462228544095,0.466016416037,0.469804287979,
    0.473592159921,0.477380031862,0.481167903804,0.484955775746,
    0.488743647688,0.49253151963,0.496319391572,0.500107263513,
    0.503895135455,0.507683007397,0.511470879339,0.515258751281,
    0.519046623223,0.522834495165,0.526622367106,0.530410239048,
    0.53419811099,0.537985982932,0.541773854874,0.545561726816,
    0.549349598757,0.553137470699,0.556925342641,0.560713214583,
    0.564501086525,0.568288958467,0.572076830408,0.57586470235,
    0.579652574292,0.583440446234,0.587228318176,0.591016190118,
    0.59480406206,0.598591934001,0.602379805943,0.606167677885,
    0.609955549827,0.613743421769,0.617531293711,0.621319165652,
    0.625107037594,0.628894909536,0.632682781478,0.63647065342,
    0.640258525362,0.644046397303,0.647834269245,0.651622141187,
    0.655410013129,0.659197885071,0.662985757013,0.666773628955,
    0.670561500896,0.674349372838,0.67813724478,0.681925116722,
    0.685712988664,0.689500860606,0.693288732547,0.697076604489,
    0.700864476431,0.704652348373,0.708440220315,0.712228092257,
    0.716015964198,0.71980383614,0.723591708082,0.727379580024,
    0.731167451966,0.734955323908,0.738743195849,0.742531067791,
    0.746318939733,0.750106811675),.QUASI_UNIFORM_KNOTS.);
#3514 = CARTESIAN_POINT('',(4.504578986419,74.9999999992));
#3515 = CARTESIAN_POINT('',(4.504579043371,74.988403674812));
#3516 = CARTESIAN_POINT('',(4.504610774768,74.965025621988));
#3517 = CARTESIAN_POINT('',(4.504757490831,74.929424311227));
#3518 = CARTESIAN_POINT('',(4.505007593097,74.893310749825));
#3519 = CARTESIAN_POINT('',(4.505365346176,74.856706917766));
#3520 = CARTESIAN_POINT('',(4.505835013878,74.819634798364));
#3521 = CARTESIAN_POINT('',(4.506420859612,74.782116362509));
#3522 = CARTESIAN_POINT('',(4.507127147405,74.744173627469));
#3523 = CARTESIAN_POINT('',(4.507958141966,74.70582843741));
#3524 = CARTESIAN_POINT('',(4.508918111896,74.667103282536));
#3525 = CARTESIAN_POINT('',(4.510011282576,74.628034576336));
#3526 = CARTESIAN_POINT('',(4.511241447519,74.588659690786));
#3527 = CARTESIAN_POINT('',(4.512613753654,74.548991767307));
#3528 = CARTESIAN_POINT('',(4.514128381007,74.509138783954));
#3529 = CARTESIAN_POINT('',(4.515803916904,74.468857441773));
#3530 = CARTESIAN_POINT('',(4.517589298462,74.429241295811));
#3531 = CARTESIAN_POINT('',(4.519693301459,74.386394856432));
#3532 = CARTESIAN_POINT('',(4.521356400659,74.355015497991));
#3533 = CARTESIAN_POINT('',(4.522651661208,74.331530227364));
#3534 = CARTESIAN_POINT('',(4.524220084076,74.304301341529));
#3535 = CARTESIAN_POINT('',(4.525902214601,74.276516940492));
#3536 = CARTESIAN_POINT('',(4.527753089142,74.247392521368));
#3537 = CARTESIAN_POINT('',(4.529770294596,74.217208189804));
#3538 = CARTESIAN_POINT('',(4.531966792311,74.185958220216));
#3539 = CARTESIAN_POINT('',(4.534351570978,74.153715603405));
#3540 = CARTESIAN_POINT('',(4.536934218149,74.120524295868));
#3541 = CARTESIAN_POINT('',(4.539726260573,74.086470361544));
#3542 = CARTESIAN_POINT('',(4.542738014646,74.051660785633));
#3543 = CARTESIAN_POINT('',(4.545982467095,74.016169341642));
#3544 = CARTESIAN_POINT('',(4.549461239559,73.980161832323));
#3545 = CARTESIAN_POINT('',(4.553220906285,73.943452974464));
#3546 = CARTESIAN_POINT('',(4.557255877548,73.906296430108));
#3547 = CARTESIAN_POINT('',(4.561529798016,73.869178625973));
#3548 = CARTESIAN_POINT('',(4.566054279824,73.83223420322));
#3549 = CARTESIAN_POINT('',(4.570679769317,73.796772180558));
#3550 = CARTESIAN_POINT('',(4.575267692426,73.763634851771));
#3551 = CARTESIAN_POINT('',(4.579839112778,73.73250161486));
#3552 = CARTESIAN_POINT('',(4.584372278848,73.703363467207));
#3553 = CARTESIAN_POINT('',(4.588856876806,73.676127904461));
#3554 = CARTESIAN_POINT('',(4.59327949083,73.650724829815));
#3555 = CARTESIAN_POINT('',(4.597627528998,73.627078018021));
#3556 = CARTESIAN_POINT('',(4.601888079917,73.605113350058));
#3557 = CARTESIAN_POINT('',(4.606048580814,73.58475441043));
#3558 = CARTESIAN_POINT('',(4.610104080392,73.565916117211));
#3559 = CARTESIAN_POINT('',(4.614046712668,73.548521326321));
#3560 = CARTESIAN_POINT('',(4.617866508749,73.532500654133));
#3561 = CARTESIAN_POINT('',(4.621564164361,73.51774735877));
#3562 = CARTESIAN_POINT('',(4.625101184707,73.504298764408));
#3563 = CARTESIAN_POINT('',(4.628594127018,73.491672574285));
#3564 = CARTESIAN_POINT('',(4.631580558245,73.481329340381));
#3565 = CARTESIAN_POINT('',(4.635757563361,73.467505215501));
#3566 = CARTESIAN_POINT('',(4.641037999434,73.451326876736));
#3567 = CARTESIAN_POINT('',(4.645998636422,73.43735162233));
#3568 = CARTESIAN_POINT('',(4.651016613788,73.42431670865));
#3569 = CARTESIAN_POINT('',(4.655986662352,73.412518867587));
#3570 = CARTESIAN_POINT('',(4.660932773976,73.40183697082));
#3571 = CARTESIAN_POINT('',(4.665844306171,73.39226185534));
#3572 = CARTESIAN_POINT('',(4.670719898986,73.383754357116));
#3573 = CARTESIAN_POINT('',(4.675555707542,73.376283350879));
#3574 = CARTESIAN_POINT('',(4.680348559417,73.369815557342));
#3575 = CARTESIAN_POINT('',(4.685095096618,73.364318274526));
#3576 = CARTESIAN_POINT('',(4.689792053945,73.359758645239));
#3577 = CARTESIAN_POINT('',(4.694436006805,73.356103855836));
#3578 = CARTESIAN_POINT('',(4.699024104332,73.353321073688));
#3579 = CARTESIAN_POINT('',(4.703551391348,73.351377498564));
#3580 = CARTESIAN_POINT('',(4.708020789127,73.350240219619));
#3581 = CARTESIAN_POINT('',(4.712405851522,73.34987673607));
#3582 = CARTESIAN_POINT('',(4.716789760269,73.350253017499));
#3583 = CARTESIAN_POINT('',(4.721256380308,73.351401478572));
#3584 = CARTESIAN_POINT('',(4.725779948795,73.353356063538));
#3585 = CARTESIAN_POINT('',(4.730364070365,73.356150306765));
#3586 = CARTESIAN_POINT('',(4.735004472957,73.359817852557));
#3587 = CARTESIAN_POINT('',(4.739698989156,73.364392315354));
#3588 = CARTESIAN_POINT('',(4.744444875344,73.369907319123));
#3589 = CARTESIAN_POINT('',(4.74923955455,73.376396479583));
#3590 = CARTESIAN_POINT('',(4.754080327133,73.38389343592));
#3591 = CARTESIAN_POINT('',(4.758962819559,73.392431078488));
#3592 = CARTESIAN_POINT('',(4.763882566644,73.402039225222));
#3593 = CARTESIAN_POINT('',(4.76883792072,73.412757505137));
#3594 = CARTESIAN_POINT('',(4.773816178268,73.424589345237));
#3595 = CARTESIAN_POINT('',(4.778845575738,73.437672067988));
#3596 = CARTESIAN_POINT('',(4.783798477598,73.451635197823));
#3597 = CARTESIAN_POINT('',(4.78912896345,73.468002460425));
#3598 = CARTESIAN_POINT('',(4.793123211799,73.481238146512));
#3599 = CARTESIAN_POINT('',(4.796190960737,73.491837780158));
#3600 = CARTESIAN_POINT('',(4.799691262565,73.504487107994));
#3601 = CARTESIAN_POINT('',(4.803251692563,73.518023038649));
#3602 = CARTESIAN_POINT('',(4.806963775837,73.532849661498));
#3603 = CARTESIAN_POINT('',(4.810794699616,73.548951180932));
#3604 = CARTESIAN_POINT('',(4.814745035737,73.566424160538));
#3605 = CARTESIAN_POINT('',(4.818806138291,73.585335612104));
#3606 = CARTESIAN_POINT('',(4.822972831805,73.605758395414));
#3607 = CARTESIAN_POINT('',(4.827234735576,73.627773199423));
#3608 = CARTESIAN_POINT('',(4.831580884787,73.651464835949));
#3609 = CARTESIAN_POINT('',(4.835997777456,73.676887547157));
#3610 = CARTESIAN_POINT('',(4.84048499637,73.704200949836));
#3611 = CARTESIAN_POINT('',(4.844990141621,73.733155889221));
#3612 = CARTESIAN_POINT('',(4.849523070138,73.764015878884));
#3613 = CARTESIAN_POINT('',(4.854092645188,73.797038968181));
#3614 = CARTESIAN_POINT('',(4.858785644137,73.833082558027));
#3615 = CARTESIAN_POINT('',(4.86337834928,73.870612107317));
#3616 = CARTESIAN_POINT('',(4.867635030367,73.907619039264));
#3617 = CARTESIAN_POINT('',(4.871632128583,73.944499581223));
#3618 = CARTESIAN_POINT('',(4.875362439864,73.981005591568));
#3619 = CARTESIAN_POINT('',(4.87884116746,74.017061600447));
#3620 = CARTESIAN_POINT('',(4.882077493557,74.052545819897));
#3621 = CARTESIAN_POINT('',(4.885082214246,74.087349062626));
#3622 = CARTESIAN_POINT('',(4.887865609718,74.12135805677));
#3623 = CARTESIAN_POINT('',(4.890438316669,74.15446326808));
#3624 = CARTESIAN_POINT('',(4.892811772241,74.18662503364));
#3625 = CARTESIAN_POINT('',(4.894996419965,74.217776050469));
#3626 = CARTESIAN_POINT('',(4.897001603181,74.247831772198));
#3627 = CARTESIAN_POINT('',(4.898841765599,74.276798131236));
#3628 = CARTESIAN_POINT('',(4.900511536315,74.304348550411));
#3629 = CARTESIAN_POINT('',(4.90207630827,74.331475783123));
#3630 = CARTESIAN_POINT('',(4.903336828798,74.354245362889));
#3631 = CARTESIAN_POINT('',(4.905079589715,74.38713907301));
#3632 = CARTESIAN_POINT('',(4.907158606835,74.429527604984));
#3633 = CARTESIAN_POINT('',(4.908946654686,74.469185042762));
#3634 = CARTESIAN_POINT('',(4.910617095093,74.509351264268));
#3635 = CARTESIAN_POINT('',(4.912128767123,74.549122100424));
#3636 = CARTESIAN_POINT('',(4.913497985078,74.588703776196));
#3637 = CARTESIAN_POINT('',(4.914725657108,74.628004987364));
#3638 = CARTESIAN_POINT('',(4.915816814147,74.667014152415));
#3639 = CARTESIAN_POINT('',(4.916775377719,74.705698328197));
#3640 = CARTESIAN_POINT('',(4.917605562574,74.744030295396));
#3641 = CARTESIAN_POINT('',(4.918311501624,74.781981300997));
#3642 = CARTESIAN_POINT('',(4.918897347272,74.819523002941));
#3643 = CARTESIAN_POINT('',(4.919367245149,74.856626949053));
#3644 = CARTESIAN_POINT('',(4.919725342038,74.893264716664));
#3645 = CARTESIAN_POINT('',(4.919975784744,74.929407875197));
#3646 = CARTESIAN_POINT('',(4.920122721039,74.965027996197));
#3647 = CARTESIAN_POINT('',(4.920154441222,74.988407099157));
#3648 = CARTESIAN_POINT('',(4.920154433583,75.0000000014));
#3649 = ( GEOMETRIC_REPRESENTATION_CONTEXT(2) 
PARAMETRIC_REPRESENTATION_CONTEXT() REPRESENTATION_CONTEXT('2D SPACE',''
  ) );
#3650 = ORIENTED_EDGE('',*,*,#2935,.T.);
#3651 = ORIENTED_EDGE('',*,*,#2903,.T.);
#3652 = ADVANCED_FACE('',(#3653),#3164,.T.);
#3653 = FACE_BOUND('',#3654,.T.);
#3654 = EDGE_LOOP('',(#3655,#3656));
#3655 = ORIENTED_EDGE('',*,*,#2958,.T.);
#3656 = ORIENTED_EDGE('',*,*,#3308,.T.);
#3657 = ADVANCED_FACE('',(#3658),#2868,.F.);
#3658 = FACE_BOUND('',#3659,.T.);
#3659 = EDGE_LOOP('',(#3660,#3685,#3706,#3707));
#3660 = ORIENTED_EDGE('',*,*,#3661,.T.);
#3661 = EDGE_CURVE('',#3662,#3664,#3666,.T.);
#3662 = VERTEX_POINT('',#3663);
#3663 = CARTESIAN_POINT('',(3.504815791293,-284.8982279479,
    -227.0999999999));
#3664 = VERTEX_POINT('',#3665);
#3665 = CARTESIAN_POINT('',(5.704815791293,-284.8982284837,
    -227.0999999999));
#3666 = SURFACE_CURVE('',#3667,(#3671,#3678),.PCURVE_S1.);
#3667 = LINE('',#3668,#3669);
#3668 = CARTESIAN_POINT('',(3.504815791293,-284.8982279479,
    -227.0999999999));
#3669 = VECTOR('',#3670,1.);
#3670 = DIRECTION('',(1.,-2.435520001868E-07,3.064102027429E-16));
#3671 = PCURVE('',#2868,#3672);
#3672 = DEFINITIONAL_REPRESENTATION('',(#3673),#3677);
#3673 = LINE('',#3674,#3675);
#3674 = CARTESIAN_POINT('',(14.26920125624,-4.489319349318));
#3675 = VECTOR('',#3676,1.);
#3676 = DIRECTION('',(-1.,0.));
#3677 = ( GEOMETRIC_REPRESENTATION_CONTEXT(2) 
PARAMETRIC_REPRESENTATION_CONTEXT() REPRESENTATION_CONTEXT('2D SPACE',''
  ) );
#3678 = PCURVE('',#561,#3679);
#3679 = DEFINITIONAL_REPRESENTATION('',(#3680),#3684);
#3680 = LINE('',#3681,#3682);
#3681 = CARTESIAN_POINT('',(3.707566049001E-15,-12.1));
#3682 = VECTOR('',#3683,1.);
#3683 = DIRECTION('',(-1.,2.465190328816E-31));
#3684 = ( GEOMETRIC_REPRESENTATION_CONTEXT(2) 
PARAMETRIC_REPRESENTATION_CONTEXT() REPRESENTATION_CONTEXT('2D SPACE',''
  ) );
#3685 = ORIENTED_EDGE('',*,*,#3686,.T.);
#3686 = EDGE_CURVE('',#3664,#2853,#3687,.T.);
#3687 = SURFACE_CURVE('',#3688,(#3692,#3699),.PCURVE_S1.);
#3688 = LINE('',#3689,#3690);
#3689 = CARTESIAN_POINT('',(5.704815791293,-284.8982284837,
    -227.0999999999));
#3690 = VECTOR('',#3691,1.);
#3691 = DIRECTION('',(-2.435520001868E-07,-1.,-8.673618126152E-16));
#3692 = PCURVE('',#2868,#3693);
#3693 = DEFINITIONAL_REPRESENTATION('',(#3694),#3698);
#3694 = LINE('',#3695,#3696);
#3695 = CARTESIAN_POINT('',(12.06920125624,-4.489319349312));
#3696 = VECTOR('',#3697,1.);
#3697 = DIRECTION('',(0.,1.));
#3698 = ( GEOMETRIC_REPRESENTATION_CONTEXT(2) 
PARAMETRIC_REPRESENTATION_CONTEXT() REPRESENTATION_CONTEXT('2D SPACE',''
  ) );
#3699 = PCURVE('',#533,#3700);
#3700 = DEFINITIONAL_REPRESENTATION('',(#3701),#3705);
#3701 = LINE('',#3702,#3703);
#3702 = CARTESIAN_POINT('',(-1.049507793264E-14,-12.1));
#3703 = VECTOR('',#3704,1.);
#3704 = DIRECTION('',(-1.,-4.603253862884E-31));
#3705 = ( GEOMETRIC_REPRESENTATION_CONTEXT(2) 
PARAMETRIC_REPRESENTATION_CONTEXT() REPRESENTATION_CONTEXT('2D SPACE',''
  ) );
#3706 = ORIENTED_EDGE('',*,*,#2852,.F.);
#3707 = ORIENTED_EDGE('',*,*,#3708,.T.);
#3708 = EDGE_CURVE('',#2830,#3662,#3709,.T.);
#3709 = SURFACE_CURVE('',#3710,(#3714,#3721),.PCURVE_S1.);
#3710 = LINE('',#3711,#3712);
#3711 = CARTESIAN_POINT('',(3.50481469791,-289.3875472972,
    -227.0999999999));
#3712 = VECTOR('',#3713,1.);
#3713 = DIRECTION('',(2.435520029623E-07,1.,8.673618126152E-16));
#3714 = PCURVE('',#2868,#3715);
#3715 = DEFINITIONAL_REPRESENTATION('',(#3716),#3720);
#3716 = LINE('',#3717,#3718);
#3717 = CARTESIAN_POINT('',(14.26920125624,2.506360095714E-12));
#3718 = VECTOR('',#3719,1.);
#3719 = DIRECTION('',(-2.775499963322E-15,-1.));
#3720 = ( GEOMETRIC_REPRESENTATION_CONTEXT(2) 
PARAMETRIC_REPRESENTATION_CONTEXT() REPRESENTATION_CONTEXT('2D SPACE',''
  ) );
#3721 = PCURVE('',#589,#3722);
#3722 = DEFINITIONAL_REPRESENTATION('',(#3723),#3727);
#3723 = LINE('',#3724,#3725);
#3724 = CARTESIAN_POINT('',(-4.48931934932,-12.1));
#3725 = VECTOR('',#3726,1.);
#3726 = DIRECTION('',(1.,4.313159136868E-33));
#3727 = ( GEOMETRIC_REPRESENTATION_CONTEXT(2) 
PARAMETRIC_REPRESENTATION_CONTEXT() REPRESENTATION_CONTEXT('2D SPACE',''
  ) );
#3728 = ADVANCED_FACE('',(#3729),#2749,.F.);
#3729 = FACE_BOUND('',#3730,.T.);
#3730 = EDGE_LOOP('',(#3731,#3756,#3777,#3778));
#3731 = ORIENTED_EDGE('',*,*,#3732,.T.);
#3732 = EDGE_CURVE('',#3733,#3735,#3737,.T.);
#3733 = VERTEX_POINT('',#3734);
#3734 = CARTESIAN_POINT('',(-3.495184208707,-284.8982262431,
    -231.0999999999));
#3735 = VERTEX_POINT('',#3736);
#3736 = CARTESIAN_POINT('',(-5.695184208707,-284.8982257072,
    -231.0999999999));
#3737 = SURFACE_CURVE('',#3738,(#3742,#3749),.PCURVE_S1.);
#3738 = LINE('',#3739,#3740);
#3739 = CARTESIAN_POINT('',(-3.495184208707,-284.8982262431,
    -231.0999999999));
#3740 = VECTOR('',#3741,1.);
#3741 = DIRECTION('',(-1.,2.435520001868E-07,-3.064102027429E-16));
#3742 = PCURVE('',#2749,#3743);
#3743 = DEFINITIONAL_REPRESENTATION('',(#3744),#3748);
#3744 = LINE('',#3745,#3746);
#3745 = CARTESIAN_POINT('',(-5.020547945203,-71.45551344588));
#3746 = VECTOR('',#3747,1.);
#3747 = DIRECTION('',(0.,1.));
#3748 = ( GEOMETRIC_REPRESENTATION_CONTEXT(2) 
PARAMETRIC_REPRESENTATION_CONTEXT() REPRESENTATION_CONTEXT('2D SPACE',''
  ) );
#3749 = PCURVE('',#2052,#3750);
#3750 = DEFINITIONAL_REPRESENTATION('',(#3751),#3755);
#3751 = LINE('',#3752,#3753);
#3752 = CARTESIAN_POINT('',(4.933207725243E-15,-16.1));
#3753 = VECTOR('',#3754,1.);
#3754 = DIRECTION('',(1.,-2.465190328816E-31));
#3755 = ( GEOMETRIC_REPRESENTATION_CONTEXT(2) 
PARAMETRIC_REPRESENTATION_CONTEXT() REPRESENTATION_CONTEXT('2D SPACE',''
  ) );
#3756 = ORIENTED_EDGE('',*,*,#3757,.T.);
#3757 = EDGE_CURVE('',#3735,#2734,#3758,.T.);
#3758 = SURFACE_CURVE('',#3759,(#3763,#3770),.PCURVE_S1.);
#3759 = LINE('',#3760,#3761);
#3760 = CARTESIAN_POINT('',(-5.695185889216,-291.7982257072,
    -231.0999999999));
#3761 = VECTOR('',#3762,1.);
#3762 = DIRECTION('',(-2.435520001868E-07,-1.,-8.673618126152E-16));
#3763 = PCURVE('',#2749,#3764);
#3764 = DEFINITIONAL_REPRESENTATION('',(#3765),#3769);
#3765 = LINE('',#3766,#3767);
#3766 = CARTESIAN_POINT('',(1.879452054791,-69.25551344588));
#3767 = VECTOR('',#3768,1.);
#3768 = DIRECTION('',(1.,0.));
#3769 = ( GEOMETRIC_REPRESENTATION_CONTEXT(2) 
PARAMETRIC_REPRESENTATION_CONTEXT() REPRESENTATION_CONTEXT('2D SPACE',''
  ) );
#3770 = PCURVE('',#2080,#3771);
#3771 = DEFINITIONAL_REPRESENTATION('',(#3772),#3776);
#3772 = LINE('',#3773,#3774);
#3773 = CARTESIAN_POINT('',(-16.1,-1.396452518311E-14));
#3774 = VECTOR('',#3775,1.);
#3775 = DIRECTION('',(6.876221904686E-29,-1.));
#3776 = ( GEOMETRIC_REPRESENTATION_CONTEXT(2) 
PARAMETRIC_REPRESENTATION_CONTEXT() REPRESENTATION_CONTEXT('2D SPACE',''
  ) );
#3777 = ORIENTED_EDGE('',*,*,#2733,.F.);
#3778 = ORIENTED_EDGE('',*,*,#3779,.T.);
#3779 = EDGE_CURVE('',#2711,#3733,#3780,.T.);
#3780 = SURFACE_CURVE('',#3781,(#3785,#3792),.PCURVE_S1.);
#3781 = LINE('',#3782,#3783);
#3782 = CARTESIAN_POINT('',(-3.495185431472,-289.9187741883,
    -231.0999999999));
#3783 = VECTOR('',#3784,1.);
#3784 = DIRECTION('',(2.435520001868E-07,1.,8.673618126152E-16));
#3785 = PCURVE('',#2749,#3786);
#3786 = DEFINITIONAL_REPRESENTATION('',(#3787),#3791);
#3787 = LINE('',#3788,#3789);
#3788 = CARTESIAN_POINT('',(-3.222139264116E-12,-71.45551344588));
#3789 = VECTOR('',#3790,1.);
#3790 = DIRECTION('',(-1.,0.));
#3791 = ( GEOMETRIC_REPRESENTATION_CONTEXT(2) 
PARAMETRIC_REPRESENTATION_CONTEXT() REPRESENTATION_CONTEXT('2D SPACE',''
  ) );
#3792 = PCURVE('',#1038,#3793);
#3793 = DEFINITIONAL_REPRESENTATION('',(#3794),#3798);
#3794 = LINE('',#3795,#3796);
#3795 = CARTESIAN_POINT('',(-16.1,-10.0205479452));
#3796 = VECTOR('',#3797,1.);
#3797 = DIRECTION('',(-6.876221904686E-29,1.));
#3798 = ( GEOMETRIC_REPRESENTATION_CONTEXT(2) 
PARAMETRIC_REPRESENTATION_CONTEXT() REPRESENTATION_CONTEXT('2D SPACE',''
  ) );
#3799 = ADVANCED_FACE('',(#3800),#2698,.F.);
#3800 = FACE_BOUND('',#3801,.T.);
#3801 = EDGE_LOOP('',(#3802,#3827,#3848,#3849));
#3802 = ORIENTED_EDGE('',*,*,#3803,.T.);
#3803 = EDGE_CURVE('',#3804,#3806,#3808,.T.);
#3804 = VERTEX_POINT('',#3805);
#3805 = CARTESIAN_POINT('',(-5.695184208707,-284.8982257072,
    -227.0999999999));
#3806 = VERTEX_POINT('',#3807);
#3807 = CARTESIAN_POINT('',(-3.495184208707,-284.8982262431,
    -227.0999999999));
#3808 = SURFACE_CURVE('',#3809,(#3813,#3820),.PCURVE_S1.);
#3809 = LINE('',#3810,#3811);
#3810 = CARTESIAN_POINT('',(-3.495184208707,-284.8982262431,
    -227.0999999999));
#3811 = VECTOR('',#3812,1.);
#3812 = DIRECTION('',(1.,-2.435520001868E-07,3.064102027429E-16));
#3813 = PCURVE('',#2698,#3814);
#3814 = DEFINITIONAL_REPRESENTATION('',(#3815),#3819);
#3815 = LINE('',#3816,#3817);
#3816 = CARTESIAN_POINT('',(-71.45551344588,0.784246575347));
#3817 = VECTOR('',#3818,1.);
#3818 = DIRECTION('',(-1.,0.));
#3819 = ( GEOMETRIC_REPRESENTATION_CONTEXT(2) 
PARAMETRIC_REPRESENTATION_CONTEXT() REPRESENTATION_CONTEXT('2D SPACE',''
  ) );
#3820 = PCURVE('',#1064,#3821);
#3821 = DEFINITIONAL_REPRESENTATION('',(#3822),#3826);
#3822 = LINE('',#3823,#3824);
#3823 = CARTESIAN_POINT('',(3.707566049001E-15,-12.1));
#3824 = VECTOR('',#3825,1.);
#3825 = DIRECTION('',(-1.,2.465190328816E-31));
#3826 = ( GEOMETRIC_REPRESENTATION_CONTEXT(2) 
PARAMETRIC_REPRESENTATION_CONTEXT() REPRESENTATION_CONTEXT('2D SPACE',''
  ) );
#3827 = ORIENTED_EDGE('',*,*,#3828,.T.);
#3828 = EDGE_CURVE('',#3806,#2683,#3829,.T.);
#3829 = SURFACE_CURVE('',#3830,(#3834,#3841),.PCURVE_S1.);
#3830 = LINE('',#3831,#3832);
#3831 = CARTESIAN_POINT('',(-3.495184017702,-284.1139796677,
    -227.0999999999));
#3832 = VECTOR('',#3833,1.);
#3833 = DIRECTION('',(-2.435520001868E-07,-1.,-8.673618126152E-16));
#3834 = PCURVE('',#2698,#3835);
#3835 = DEFINITIONAL_REPRESENTATION('',(#3836),#3840);
#3836 = LINE('',#3837,#3838);
#3837 = CARTESIAN_POINT('',(-71.45551344588,6.778749745095E-12));
#3838 = VECTOR('',#3839,1.);
#3839 = DIRECTION('',(0.,1.));
#3840 = ( GEOMETRIC_REPRESENTATION_CONTEXT(2) 
PARAMETRIC_REPRESENTATION_CONTEXT() REPRESENTATION_CONTEXT('2D SPACE',''
  ) );
#3841 = PCURVE('',#1038,#3842);
#3842 = DEFINITIONAL_REPRESENTATION('',(#3843),#3847);
#3843 = LINE('',#3844,#3845);
#3844 = CARTESIAN_POINT('',(-12.1,-4.21575342466));
#3845 = VECTOR('',#3846,1.);
#3846 = DIRECTION('',(6.876221904686E-29,-1.));
#3847 = ( GEOMETRIC_REPRESENTATION_CONTEXT(2) 
PARAMETRIC_REPRESENTATION_CONTEXT() REPRESENTATION_CONTEXT('2D SPACE',''
  ) );
#3848 = ORIENTED_EDGE('',*,*,#2682,.F.);
#3849 = ORIENTED_EDGE('',*,*,#3850,.T.);
#3850 = EDGE_CURVE('',#2660,#3804,#3851,.T.);
#3851 = SURFACE_CURVE('',#3852,(#3856,#3863),.PCURVE_S1.);
#3852 = LINE('',#3853,#3854);
#3853 = CARTESIAN_POINT('',(-5.695185889216,-291.7982257072,
    -227.0999999999));
#3854 = VECTOR('',#3855,1.);
#3855 = DIRECTION('',(2.435520001868E-07,1.,8.673618126152E-16));
#3856 = PCURVE('',#2698,#3857);
#3857 = DEFINITIONAL_REPRESENTATION('',(#3858),#3862);
#3858 = LINE('',#3859,#3860);
#3859 = CARTESIAN_POINT('',(-69.25551344588,7.684246575341));
#3860 = VECTOR('',#3861,1.);
#3861 = DIRECTION('',(0.,-1.));
#3862 = ( GEOMETRIC_REPRESENTATION_CONTEXT(2) 
PARAMETRIC_REPRESENTATION_CONTEXT() REPRESENTATION_CONTEXT('2D SPACE',''
  ) );
#3863 = PCURVE('',#477,#3864);
#3864 = DEFINITIONAL_REPRESENTATION('',(#3865),#3869);
#3865 = LINE('',#3866,#3867);
#3866 = CARTESIAN_POINT('',(-12.1,-1.049507793264E-14));
#3867 = VECTOR('',#3868,1.);
#3868 = DIRECTION('',(-6.876221904686E-29,1.));
#3869 = ( GEOMETRIC_REPRESENTATION_CONTEXT(2) 
PARAMETRIC_REPRESENTATION_CONTEXT() REPRESENTATION_CONTEXT('2D SPACE',''
  ) );
#3870 = ADVANCED_FACE('',(#3871),#2647,.F.);
#3871 = FACE_BOUND('',#3872,.T.);
#3872 = EDGE_LOOP('',(#3873,#3874,#3897,#3925));
#3873 = ORIENTED_EDGE('',*,*,#2631,.T.);
#3874 = ORIENTED_EDGE('',*,*,#3875,.T.);
#3875 = EDGE_CURVE('',#2603,#3876,#3878,.T.);
#3876 = VERTEX_POINT('',#3877);
#3877 = CARTESIAN_POINT('',(-2.023115867166,-291.7982266016,
    -224.6999999999));
#3878 = SURFACE_CURVE('',#3879,(#3883,#3890),.PCURVE_S1.);
#3879 = LINE('',#3880,#3881);
#3880 = CARTESIAN_POINT('',(-2.023116354836,-293.8005524003,
    -224.6999999999));
#3881 = VECTOR('',#3882,1.);
#3882 = DIRECTION('',(-2.435520001868E-07,-1.,-8.673618126152E-16));
#3883 = PCURVE('',#2647,#3884);
#3884 = DEFINITIONAL_REPRESENTATION('',(#3885),#3889);
#3885 = LINE('',#3886,#3887);
#3886 = CARTESIAN_POINT('',(-493.6785918348,2.002325798712));
#3887 = VECTOR('',#3888,1.);
#3888 = DIRECTION('',(0.,1.));
#3889 = ( GEOMETRIC_REPRESENTATION_CONTEXT(2) 
PARAMETRIC_REPRESENTATION_CONTEXT() REPRESENTATION_CONTEXT('2D SPACE',''
  ) );
#3890 = PCURVE('',#2619,#3891);
#3891 = DEFINITIONAL_REPRESENTATION('',(#3892),#3896);
#3892 = LINE('',#3893,#3894);
#3893 = CARTESIAN_POINT('',(0.146868899529,3.597122599786E-12));
#3894 = VECTOR('',#3895,1.);
#3895 = DIRECTION('',(-3.122502261217E-16,-1.));
#3896 = ( GEOMETRIC_REPRESENTATION_CONTEXT(2) 
PARAMETRIC_REPRESENTATION_CONTEXT() REPRESENTATION_CONTEXT('2D SPACE',''
  ) );
#3897 = ORIENTED_EDGE('',*,*,#3898,.F.);
#3898 = EDGE_CURVE('',#3899,#3876,#3901,.T.);
#3899 = VERTEX_POINT('',#3900);
#3900 = CARTESIAN_POINT('',(-5.695185889216,-291.7982257072,
    -224.6999999999));
#3901 = SURFACE_CURVE('',#3902,(#3906,#3913),.PCURVE_S1.);
#3902 = LINE('',#3903,#3904);
#3903 = CARTESIAN_POINT('',(-495.701707702,-291.7981063652,
    -224.6999999999));
#3904 = VECTOR('',#3905,1.);
#3905 = DIRECTION('',(1.,-2.435520001868E-07,3.064102027429E-16));
#3906 = PCURVE('',#2647,#3907);
#3907 = DEFINITIONAL_REPRESENTATION('',(#3908),#3912);
#3908 = LINE('',#3909,#3910);
#3909 = CARTESIAN_POINT('',(0.,-0.));
#3910 = VECTOR('',#3911,1.);
#3911 = DIRECTION('',(-1.,0.));
#3912 = ( GEOMETRIC_REPRESENTATION_CONTEXT(2) 
PARAMETRIC_REPRESENTATION_CONTEXT() REPRESENTATION_CONTEXT('2D SPACE',''
  ) );
#3913 = PCURVE('',#3914,#3919);
#3914 = PLANE('',#3915);
#3915 = AXIS2_PLACEMENT_3D('',#3916,#3917,#3918);
#3916 = CARTESIAN_POINT('',(5.704814110784,-291.7982284837,
    -214.9999999999));
#3917 = DIRECTION('',(-2.435520001868E-07,-1.,-8.673618126152E-16));
#3918 = DIRECTION('',(3.064104139906E-16,8.673617379883E-16,-1.));
#3919 = DEFINITIONAL_REPRESENTATION('',(#3920),#3924);
#3920 = LINE('',#3921,#3922);
#3921 = CARTESIAN_POINT('',(9.7,-501.4065218127));
#3922 = VECTOR('',#3923,1.);
#3923 = DIRECTION('',(1.365715442164E-29,1.));
#3924 = ( GEOMETRIC_REPRESENTATION_CONTEXT(2) 
PARAMETRIC_REPRESENTATION_CONTEXT() REPRESENTATION_CONTEXT('2D SPACE',''
  ) );
#3925 = ORIENTED_EDGE('',*,*,#3926,.T.);
#3926 = EDGE_CURVE('',#3899,#2632,#3927,.T.);
#3927 = SURFACE_CURVE('',#3928,(#3932,#3939),.PCURVE_S1.);
#3928 = LINE('',#3929,#3930);
#3929 = CARTESIAN_POINT('',(-5.695185889216,-291.7982257072,
    -224.6999999999));
#3930 = VECTOR('',#3931,1.);
#3931 = DIRECTION('',(2.435520001868E-07,1.,8.673618126152E-16));
#3932 = PCURVE('',#2647,#3933);
#3933 = DEFINITIONAL_REPRESENTATION('',(#3934),#3938);
#3934 = LINE('',#3935,#3936);
#3935 = CARTESIAN_POINT('',(-490.0065218127,-8.492441762298E-12));
#3936 = VECTOR('',#3937,1.);
#3937 = DIRECTION('',(0.,-1.));
#3938 = ( GEOMETRIC_REPRESENTATION_CONTEXT(2) 
PARAMETRIC_REPRESENTATION_CONTEXT() REPRESENTATION_CONTEXT('2D SPACE',''
  ) );
#3939 = PCURVE('',#477,#3940);
#3940 = DEFINITIONAL_REPRESENTATION('',(#3941),#3945);
#3941 = LINE('',#3942,#3943);
#3942 = CARTESIAN_POINT('',(-9.7,-8.413409582368E-15));
#3943 = VECTOR('',#3944,1.);
#3944 = DIRECTION('',(-6.876221904686E-29,1.));
#3945 = ( GEOMETRIC_REPRESENTATION_CONTEXT(2) 
PARAMETRIC_REPRESENTATION_CONTEXT() REPRESENTATION_CONTEXT('2D SPACE',''
  ) );
#3946 = ADVANCED_FACE('',(#3947),#3914,.T.);
#3947 = FACE_BOUND('',#3948,.T.);
#3948 = EDGE_LOOP('',(#3949,#3973,#3996,#4019,#4042,#4063));
#3949 = ORIENTED_EDGE('',*,*,#3950,.F.);
#3950 = EDGE_CURVE('',#3951,#3876,#3953,.T.);
#3951 = VERTEX_POINT('',#3952);
#3952 = CARTESIAN_POINT('',(2.032744090969,-291.7982275894,
    -224.6999999999));
#3953 = SURFACE_CURVE('',#3954,(#3959,#3966),.PCURVE_S1.);
#3954 = CIRCLE('',#3955,2.05);
#3955 = AXIS2_PLACEMENT_3D('',#3956,#3957,#3958);
#3956 = CARTESIAN_POINT('',(4.814111900998E-03,-291.7982270955,
    -224.9999999999));
#3957 = DIRECTION('',(-2.435520001868E-07,-1.,-8.673618126152E-16));
#3958 = DIRECTION('',(1.,-2.435520001868E-07,-7.104450171412E-31));
#3959 = PCURVE('',#3914,#3960);
#3960 = DEFINITIONAL_REPRESENTATION('',(#3961),#3965);
#3961 = CIRCLE('',#3962,2.05);
#3962 = AXIS2_PLACEMENT_2D('',#3963,#3964);
#3963 = CARTESIAN_POINT('',(10.,-5.699999998883));
#3964 = DIRECTION('',(3.064102027429E-16,1.));
#3965 = ( GEOMETRIC_REPRESENTATION_CONTEXT(2) 
PARAMETRIC_REPRESENTATION_CONTEXT() REPRESENTATION_CONTEXT('2D SPACE',''
  ) );
#3966 = PCURVE('',#2619,#3967);
#3967 = DEFINITIONAL_REPRESENTATION('',(#3968),#3972);
#3968 = LINE('',#3969,#3970);
#3969 = CARTESIAN_POINT('',(3.14159265359,2.00232579872));
#3970 = VECTOR('',#3971,1.);
#3971 = DIRECTION('',(-1.,-1.247505178554E-15));
#3972 = ( GEOMETRIC_REPRESENTATION_CONTEXT(2) 
PARAMETRIC_REPRESENTATION_CONTEXT() REPRESENTATION_CONTEXT('2D SPACE',''
  ) );
#3973 = ORIENTED_EDGE('',*,*,#3974,.T.);
#3974 = EDGE_CURVE('',#3951,#3975,#3977,.T.);
#3975 = VERTEX_POINT('',#3976);
#3976 = CARTESIAN_POINT('',(5.704814110784,-291.7982284837,
    -224.6999999999));
#3977 = SURFACE_CURVE('',#3978,(#3982,#3989),.PCURVE_S1.);
#3978 = LINE('',#3979,#3980);
#3979 = CARTESIAN_POINT('',(-495.701707702,-291.7981063652,
    -224.6999999999));
#3980 = VECTOR('',#3981,1.);
#3981 = DIRECTION('',(1.,-2.435520001868E-07,3.064102027429E-16));
#3982 = PCURVE('',#3914,#3983);
#3983 = DEFINITIONAL_REPRESENTATION('',(#3984),#3988);
#3984 = LINE('',#3985,#3986);
#3985 = CARTESIAN_POINT('',(9.7,-501.4065218127));
#3986 = VECTOR('',#3987,1.);
#3987 = DIRECTION('',(1.365715442164E-29,1.));
#3988 = ( GEOMETRIC_REPRESENTATION_CONTEXT(2) 
PARAMETRIC_REPRESENTATION_CONTEXT() REPRESENTATION_CONTEXT('2D SPACE',''
  ) );
#3989 = PCURVE('',#2590,#3990);
#3990 = DEFINITIONAL_REPRESENTATION('',(#3991),#3995);
#3991 = LINE('',#3992,#3993);
#3992 = CARTESIAN_POINT('',(0.,-0.));
#3993 = VECTOR('',#3994,1.);
#3994 = DIRECTION('',(-1.,0.));
#3995 = ( GEOMETRIC_REPRESENTATION_CONTEXT(2) 
PARAMETRIC_REPRESENTATION_CONTEXT() REPRESENTATION_CONTEXT('2D SPACE',''
  ) );
#3996 = ORIENTED_EDGE('',*,*,#3997,.F.);
#3997 = EDGE_CURVE('',#3998,#3975,#4000,.T.);
#3998 = VERTEX_POINT('',#3999);
#3999 = CARTESIAN_POINT('',(5.704814110784,-291.7982284837,
    -218.0999999954));
#4000 = SURFACE_CURVE('',#4001,(#4005,#4012),.PCURVE_S1.);
#4001 = LINE('',#4002,#4003);
#4002 = CARTESIAN_POINT('',(5.704814110784,-291.7982284837,
    -214.9999999999));
#4003 = VECTOR('',#4004,1.);
#4004 = DIRECTION('',(3.064104139906E-16,8.673617379884E-16,-1.));
#4005 = PCURVE('',#3914,#4006);
#4006 = DEFINITIONAL_REPRESENTATION('',(#4007),#4011);
#4007 = LINE('',#4008,#4009);
#4008 = CARTESIAN_POINT('',(0.,0.));
#4009 = VECTOR('',#4010,1.);
#4010 = DIRECTION('',(1.,1.972152263053E-31));
#4011 = ( GEOMETRIC_REPRESENTATION_CONTEXT(2) 
PARAMETRIC_REPRESENTATION_CONTEXT() REPRESENTATION_CONTEXT('2D SPACE',''
  ) );
#4012 = PCURVE('',#533,#4013);
#4013 = DEFINITIONAL_REPRESENTATION('',(#4014),#4018);
#4014 = LINE('',#4015,#4016);
#4015 = CARTESIAN_POINT('',(-6.9,5.984796507045E-15));
#4016 = VECTOR('',#4017,1.);
#4017 = DIRECTION('',(6.955107996383E-29,-1.));
#4018 = ( GEOMETRIC_REPRESENTATION_CONTEXT(2) 
PARAMETRIC_REPRESENTATION_CONTEXT() REPRESENTATION_CONTEXT('2D SPACE',''
  ) );
#4019 = ORIENTED_EDGE('',*,*,#4020,.F.);
#4020 = EDGE_CURVE('',#4021,#3998,#4023,.T.);
#4021 = VERTEX_POINT('',#4022);
#4022 = CARTESIAN_POINT('',(-5.695185889216,-291.7982257072,
    -218.0999999954));
#4023 = SURFACE_CURVE('',#4024,(#4028,#4035),.PCURVE_S1.);
#4024 = LINE('',#4025,#4026);
#4025 = CARTESIAN_POINT('',(-495.701707702,-291.7981063652,
    -218.0999999954));
#4026 = VECTOR('',#4027,1.);
#4027 = DIRECTION('',(1.,-2.435520001868E-07,3.064102027429E-16));
#4028 = PCURVE('',#3914,#4029);
#4029 = DEFINITIONAL_REPRESENTATION('',(#4030),#4034);
#4030 = LINE('',#4031,#4032);
#4031 = CARTESIAN_POINT('',(3.0999999955,-501.4065218127));
#4032 = VECTOR('',#4033,1.);
#4033 = DIRECTION('',(1.365715442164E-29,1.));
#4034 = ( GEOMETRIC_REPRESENTATION_CONTEXT(2) 
PARAMETRIC_REPRESENTATION_CONTEXT() REPRESENTATION_CONTEXT('2D SPACE',''
  ) );
#4035 = PCURVE('',#505,#4036);
#4036 = DEFINITIONAL_REPRESENTATION('',(#4037),#4041);
#4037 = LINE('',#4038,#4039);
#4038 = CARTESIAN_POINT('',(1.116802912212E-11,-4.384062036943));
#4039 = VECTOR('',#4040,1.);
#4040 = DIRECTION('',(1.,-2.274283463378E-19));
#4041 = ( GEOMETRIC_REPRESENTATION_CONTEXT(2) 
PARAMETRIC_REPRESENTATION_CONTEXT() REPRESENTATION_CONTEXT('2D SPACE',''
  ) );
#4042 = ORIENTED_EDGE('',*,*,#4043,.T.);
#4043 = EDGE_CURVE('',#4021,#3899,#4044,.T.);
#4044 = SURFACE_CURVE('',#4045,(#4049,#4056),.PCURVE_S1.);
#4045 = LINE('',#4046,#4047);
#4046 = CARTESIAN_POINT('',(-5.695185889216,-291.7982257072,
    -214.9999999999));
#4047 = VECTOR('',#4048,1.);
#4048 = DIRECTION('',(3.064104139906E-16,8.673617379884E-16,-1.));
#4049 = PCURVE('',#3914,#4050);
#4050 = DEFINITIONAL_REPRESENTATION('',(#4051),#4055);
#4051 = LINE('',#4052,#4053);
#4052 = CARTESIAN_POINT('',(-3.493076311269E-15,-11.4));
#4053 = VECTOR('',#4054,1.);
#4054 = DIRECTION('',(1.,1.972152263053E-31));
#4055 = ( GEOMETRIC_REPRESENTATION_CONTEXT(2) 
PARAMETRIC_REPRESENTATION_CONTEXT() REPRESENTATION_CONTEXT('2D SPACE',''
  ) );
#4056 = PCURVE('',#477,#4057);
#4057 = DEFINITIONAL_REPRESENTATION('',(#4058),#4062);
#4058 = LINE('',#4059,#4060);
#4059 = CARTESIAN_POINT('',(0.,0.));
#4060 = VECTOR('',#4061,1.);
#4061 = DIRECTION('',(-1.,4.271431438402E-31));
#4062 = ( GEOMETRIC_REPRESENTATION_CONTEXT(2) 
PARAMETRIC_REPRESENTATION_CONTEXT() REPRESENTATION_CONTEXT('2D SPACE',''
  ) );
#4063 = ORIENTED_EDGE('',*,*,#3898,.T.);
#4064 = ADVANCED_FACE('',(#4065),#2619,.F.);
#4065 = FACE_BOUND('',#4066,.F.);
#4066 = EDGE_LOOP('',(#4067,#4068,#4069,#4090));
#4067 = ORIENTED_EDGE('',*,*,#3875,.T.);
#4068 = ORIENTED_EDGE('',*,*,#3950,.F.);
#4069 = ORIENTED_EDGE('',*,*,#4070,.T.);
#4070 = EDGE_CURVE('',#3951,#2573,#4071,.T.);
#4071 = SURFACE_CURVE('',#4072,(#4076,#4083),.PCURVE_S1.);
#4072 = LINE('',#4073,#4074);
#4073 = CARTESIAN_POINT('',(2.032743603298,-293.8005533881,
    -224.6999999999));
#4074 = VECTOR('',#4075,1.);
#4075 = DIRECTION('',(2.435520001868E-07,1.,8.673618126152E-16));
#4076 = PCURVE('',#2619,#4077);
#4077 = DEFINITIONAL_REPRESENTATION('',(#4078),#4082);
#4078 = LINE('',#4079,#4080);
#4079 = CARTESIAN_POINT('',(2.994723754061,6.402878227618E-12));
#4080 = VECTOR('',#4081,1.);
#4081 = DIRECTION('',(0.,1.));
#4082 = ( GEOMETRIC_REPRESENTATION_CONTEXT(2) 
PARAMETRIC_REPRESENTATION_CONTEXT() REPRESENTATION_CONTEXT('2D SPACE',''
  ) );
#4083 = PCURVE('',#2590,#4084);
#4084 = DEFINITIONAL_REPRESENTATION('',(#4085),#4089);
#4085 = LINE('',#4086,#4087);
#4086 = CARTESIAN_POINT('',(-497.7344517929,2.002325798709));
#4087 = VECTOR('',#4088,1.);
#4088 = DIRECTION('',(0.,-1.));
#4089 = ( GEOMETRIC_REPRESENTATION_CONTEXT(2) 
PARAMETRIC_REPRESENTATION_CONTEXT() REPRESENTATION_CONTEXT('2D SPACE',''
  ) );
#4090 = ORIENTED_EDGE('',*,*,#2602,.F.);
#4091 = ADVANCED_FACE('',(#4092),#2590,.F.);
#4092 = FACE_BOUND('',#4093,.T.);
#4093 = EDGE_LOOP('',(#4094,#4095,#4096,#4097));
#4094 = ORIENTED_EDGE('',*,*,#3974,.F.);
#4095 = ORIENTED_EDGE('',*,*,#4070,.T.);
#4096 = ORIENTED_EDGE('',*,*,#2572,.T.);
#4097 = ORIENTED_EDGE('',*,*,#4098,.T.);
#4098 = EDGE_CURVE('',#2575,#3975,#4099,.T.);
#4099 = SURFACE_CURVE('',#4100,(#4104,#4111),.PCURVE_S1.);
#4100 = LINE('',#4101,#4102);
#4101 = CARTESIAN_POINT('',(5.704815791293,-284.8982284837,
    -224.6999999999));
#4102 = VECTOR('',#4103,1.);
#4103 = DIRECTION('',(-2.435520001868E-07,-1.,-8.673618126152E-16));
#4104 = PCURVE('',#2590,#4105);
#4105 = DEFINITIONAL_REPRESENTATION('',(#4106),#4110);
#4106 = LINE('',#4107,#4108);
#4107 = CARTESIAN_POINT('',(-501.4065218127,-6.900000000001));
#4108 = VECTOR('',#4109,1.);
#4109 = DIRECTION('',(0.,1.));
#4110 = ( GEOMETRIC_REPRESENTATION_CONTEXT(2) 
PARAMETRIC_REPRESENTATION_CONTEXT() REPRESENTATION_CONTEXT('2D SPACE',''
  ) );
#4111 = PCURVE('',#533,#4112);
#4112 = DEFINITIONAL_REPRESENTATION('',(#4113),#4117);
#4113 = LINE('',#4114,#4115);
#4114 = CARTESIAN_POINT('',(-8.413409582367E-15,-9.7));
#4115 = VECTOR('',#4116,1.);
#4116 = DIRECTION('',(-1.,-4.603253862884E-31));
#4117 = ( GEOMETRIC_REPRESENTATION_CONTEXT(2) 
PARAMETRIC_REPRESENTATION_CONTEXT() REPRESENTATION_CONTEXT('2D SPACE',''
  ) );
#4118 = ADVANCED_FACE('',(#4119),#2136,.T.);
#4119 = FACE_BOUND('',#4120,.T.);
#4120 = EDGE_LOOP('',(#4121,#4122,#4123,#4144,#4145));
#4121 = ORIENTED_EDGE('',*,*,#2548,.F.);
#4122 = ORIENTED_EDGE('',*,*,#2807,.F.);
#4123 = ORIENTED_EDGE('',*,*,#4124,.F.);
#4124 = EDGE_CURVE('',#2093,#2785,#4125,.T.);
#4125 = SURFACE_CURVE('',#4126,(#4130,#4137),.PCURVE_S1.);
#4126 = LINE('',#4127,#4128);
#4127 = CARTESIAN_POINT('',(5.704813130487,-295.823228486,
    -225.9250000022));
#4128 = VECTOR('',#4129,1.);
#4129 = DIRECTION('',(-1.722172711192E-07,-0.707106781187,0.707106781187
    ));
#4130 = PCURVE('',#2136,#4131);
#4131 = DEFINITIONAL_REPRESENTATION('',(#4132),#4136);
#4132 = LINE('',#4133,#4134);
#4133 = CARTESIAN_POINT('',(-10.92500000228,-10.9250000023));
#4134 = VECTOR('',#4135,1.);
#4135 = DIRECTION('',(-0.707106781187,0.707106781187));
#4136 = ( GEOMETRIC_REPRESENTATION_CONTEXT(2) 
PARAMETRIC_REPRESENTATION_CONTEXT() REPRESENTATION_CONTEXT('2D SPACE',''
  ) );
#4137 = PCURVE('',#2108,#4138);
#4138 = DEFINITIONAL_REPRESENTATION('',(#4139),#4143);
#4139 = LINE('',#4140,#4141);
#4140 = CARTESIAN_POINT('',(-501.4065218128,12.833988075289));
#4141 = VECTOR('',#4142,1.);
#4142 = DIRECTION('',(-9.471681234875E-19,1.));
#4143 = ( GEOMETRIC_REPRESENTATION_CONTEXT(2) 
PARAMETRIC_REPRESENTATION_CONTEXT() REPRESENTATION_CONTEXT('2D SPACE',''
  ) );
#4144 = ORIENTED_EDGE('',*,*,#2120,.F.);
#4145 = ORIENTED_EDGE('',*,*,#2450,.F.);
#4146 = ADVANCED_FACE('',(#4147),#2108,.F.);
#4147 = FACE_BOUND('',#4148,.T.);
#4148 = EDGE_LOOP('',(#4149,#4150,#4151,#4172));
#4149 = ORIENTED_EDGE('',*,*,#4124,.T.);
#4150 = ORIENTED_EDGE('',*,*,#2784,.F.);
#4151 = ORIENTED_EDGE('',*,*,#4152,.T.);
#4152 = EDGE_CURVE('',#2762,#2065,#4153,.T.);
#4153 = SURFACE_CURVE('',#4154,(#4158,#4165),.PCURVE_S1.);
#4154 = LINE('',#4155,#4156);
#4155 = CARTESIAN_POINT('',(-5.695187709767,-299.2732257095,
    -222.4750000022));
#4156 = VECTOR('',#4157,1.);
#4157 = DIRECTION('',(1.722172711192E-07,0.707106781187,-0.707106781187)
  );
#4158 = PCURVE('',#2108,#4159);
#4159 = DEFINITIONAL_REPRESENTATION('',(#4160),#4164);
#4160 = LINE('',#4161,#4162);
#4161 = CARTESIAN_POINT('',(-490.0065218128,17.713024865479));
#4162 = VECTOR('',#4163,1.);
#4163 = DIRECTION('',(9.471681234875E-19,-1.));
#4164 = ( GEOMETRIC_REPRESENTATION_CONTEXT(2) 
PARAMETRIC_REPRESENTATION_CONTEXT() REPRESENTATION_CONTEXT('2D SPACE',''
  ) );
#4165 = PCURVE('',#2080,#4166);
#4166 = DEFINITIONAL_REPRESENTATION('',(#4167),#4171);
#4167 = LINE('',#4168,#4169);
#4168 = CARTESIAN_POINT('',(-7.4750000023,-7.47500000229));
#4169 = VECTOR('',#4170,1.);
#4170 = DIRECTION('',(-0.707106781187,0.707106781187));
#4171 = ( GEOMETRIC_REPRESENTATION_CONTEXT(2) 
PARAMETRIC_REPRESENTATION_CONTEXT() REPRESENTATION_CONTEXT('2D SPACE',''
  ) );
#4172 = ORIENTED_EDGE('',*,*,#2092,.T.);
#4173 = ADVANCED_FACE('',(#4174),#2080,.T.);
#4174 = FACE_BOUND('',#4175,.T.);
#4175 = EDGE_LOOP('',(#4176,#4177,#4198,#4199,#4200));
#4176 = ORIENTED_EDGE('',*,*,#3757,.F.);
#4177 = ORIENTED_EDGE('',*,*,#4178,.T.);
#4178 = EDGE_CURVE('',#3735,#2037,#4179,.T.);
#4179 = SURFACE_CURVE('',#4180,(#4184,#4191),.PCURVE_S1.);
#4180 = LINE('',#4181,#4182);
#4181 = CARTESIAN_POINT('',(-5.695184208707,-284.8982257072,
    -214.9999999999));
#4182 = VECTOR('',#4183,1.);
#4183 = DIRECTION('',(3.064104139906E-16,8.673617379884E-16,-1.));
#4184 = PCURVE('',#2080,#4185);
#4185 = DEFINITIONAL_REPRESENTATION('',(#4186),#4190);
#4186 = LINE('',#4187,#4188);
#4187 = CARTESIAN_POINT('',(-5.984796507045E-15,6.9));
#4188 = VECTOR('',#4189,1.);
#4189 = DIRECTION('',(-1.,4.271431438402E-31));
#4190 = ( GEOMETRIC_REPRESENTATION_CONTEXT(2) 
PARAMETRIC_REPRESENTATION_CONTEXT() REPRESENTATION_CONTEXT('2D SPACE',''
  ) );
#4191 = PCURVE('',#2052,#4192);
#4192 = DEFINITIONAL_REPRESENTATION('',(#4193),#4197);
#4193 = LINE('',#4194,#4195);
#4194 = CARTESIAN_POINT('',(2.2,6.741024460344E-16));
#4195 = VECTOR('',#4196,1.);
#4196 = DIRECTION('',(-1.405158487425E-29,-1.));
#4197 = ( GEOMETRIC_REPRESENTATION_CONTEXT(2) 
PARAMETRIC_REPRESENTATION_CONTEXT() REPRESENTATION_CONTEXT('2D SPACE',''
  ) );
#4198 = ORIENTED_EDGE('',*,*,#2064,.F.);
#4199 = ORIENTED_EDGE('',*,*,#4152,.F.);
#4200 = ORIENTED_EDGE('',*,*,#2761,.F.);
#4201 = ADVANCED_FACE('',(#4202),#2052,.T.);
#4202 = FACE_BOUND('',#4203,.T.);
#4203 = EDGE_LOOP('',(#4204,#4205,#4226,#4227));
#4204 = ORIENTED_EDGE('',*,*,#3732,.F.);
#4205 = ORIENTED_EDGE('',*,*,#4206,.T.);
#4206 = EDGE_CURVE('',#3733,#2014,#4207,.T.);
#4207 = SURFACE_CURVE('',#4208,(#4212,#4219),.PCURVE_S1.);
#4208 = LINE('',#4209,#4210);
#4209 = CARTESIAN_POINT('',(-3.495184208707,-284.8982262431,
    -214.9999999999));
#4210 = VECTOR('',#4211,1.);
#4211 = DIRECTION('',(3.064104139906E-16,8.673617379884E-16,-1.));
#4212 = PCURVE('',#2052,#4213);
#4213 = DEFINITIONAL_REPRESENTATION('',(#4214),#4218);
#4214 = LINE('',#4215,#4216);
#4215 = CARTESIAN_POINT('',(0.,0.));
#4216 = VECTOR('',#4217,1.);
#4217 = DIRECTION('',(-1.405158487425E-29,-1.));
#4218 = ( GEOMETRIC_REPRESENTATION_CONTEXT(2) 
PARAMETRIC_REPRESENTATION_CONTEXT() REPRESENTATION_CONTEXT('2D SPACE',''
  ) );
#4219 = PCURVE('',#1038,#4220);
#4220 = DEFINITIONAL_REPRESENTATION('',(#4221),#4225);
#4221 = LINE('',#4222,#4223);
#4222 = CARTESIAN_POINT('',(4.336809063076E-15,-5.));
#4223 = VECTOR('',#4224,1.);
#4224 = DIRECTION('',(-1.,4.271431438402E-31));
#4225 = ( GEOMETRIC_REPRESENTATION_CONTEXT(2) 
PARAMETRIC_REPRESENTATION_CONTEXT() REPRESENTATION_CONTEXT('2D SPACE',''
  ) );
#4226 = ORIENTED_EDGE('',*,*,#2036,.F.);
#4227 = ORIENTED_EDGE('',*,*,#4178,.F.);
#4228 = ADVANCED_FACE('',(#4229),#1875,.F.);
#4229 = FACE_BOUND('',#4230,.F.);
#4230 = EDGE_LOOP('',(#4231,#4261,#4488,#4556,#4622,#4623,#4691,#4743,
    #4873));
#4231 = ORIENTED_EDGE('',*,*,#4232,.T.);
#4232 = EDGE_CURVE('',#4233,#4235,#4237,.T.);
#4233 = VERTEX_POINT('',#4234);
#4234 = CARTESIAN_POINT('',(-7.000410355782,-243.9252980467,
    -234.9999999999));
#4235 = VERTEX_POINT('',#4236);
#4236 = CARTESIAN_POINT('',(-9.576450235914,-245.4129937034,
    -234.9999999999));
#4237 = SURFACE_CURVE('',#4238,(#4242,#4249),.PCURVE_S1.);
#4238 = LINE('',#4239,#4240);
#4239 = CARTESIAN_POINT('',(8.254646935892,-235.1153092532,
    -234.9999999999));
#4240 = VECTOR('',#4241,1.);
#4241 = DIRECTION('',(-0.865964503158,-0.500105468146,-6.99112889946E-16
    ));
#4242 = PCURVE('',#1875,#4243);
#4243 = DEFINITIONAL_REPRESENTATION('',(#4244),#4248);
#4244 = LINE('',#4245,#4246);
#4245 = CARTESIAN_POINT('',(0.685852964619,2.948752353404E-13));
#4246 = VECTOR('',#4247,1.);
#4247 = DIRECTION('',(-1.828747805077E-15,-1.));
#4248 = ( GEOMETRIC_REPRESENTATION_CONTEXT(2) 
PARAMETRIC_REPRESENTATION_CONTEXT() REPRESENTATION_CONTEXT('2D SPACE',''
  ) );
#4249 = PCURVE('',#4250,#4255);
#4250 = PLANE('',#4251);
#4251 = AXIS2_PLACEMENT_3D('',#4252,#4253,#4254);
#4252 = CARTESIAN_POINT('',(-33.95364042865,-229.9819335763,
    -234.9999999999));
#4253 = DIRECTION('',(-3.064104139906E-16,-8.673617379884E-16,1.));
#4254 = DIRECTION('',(-1.,2.435520001868E-07,-3.064102027429E-16));
#4255 = DEFINITIONAL_REPRESENTATION('',(#4256),#4260);
#4256 = LINE('',#4257,#4258);
#4257 = CARTESIAN_POINT('',(-42.20828861478,5.133365396916));
#4258 = VECTOR('',#4259,1.);
#4259 = DIRECTION('',(0.865964381357,0.500105679054));
#4260 = ( GEOMETRIC_REPRESENTATION_CONTEXT(2) 
PARAMETRIC_REPRESENTATION_CONTEXT() REPRESENTATION_CONTEXT('2D SPACE',''
  ) );
#4261 = ORIENTED_EDGE('',*,*,#4262,.F.);
#4262 = EDGE_CURVE('',#4263,#4235,#4265,.T.);
#4263 = VERTEX_POINT('',#4264);
#4264 = CARTESIAN_POINT('',(-7.29052812709,-250.292793707,
    -233.7645141863));
#4265 = SURFACE_CURVE('',#4266,(#4298,#4393),.PCURVE_S1.);
#4266 = B_SPLINE_CURVE_WITH_KNOTS('',3,(#4267,#4268,#4269,#4270,#4271,
    #4272,#4273,#4274,#4275,#4276,#4277,#4278,#4279,#4280,#4281,#4282,
    #4283,#4284,#4285,#4286,#4287,#4288,#4289,#4290,#4291,#4292,#4293,
    #4294,#4295,#4296,#4297),.UNSPECIFIED.,.F.,.F.,(4,2,2,2,1,1,2,2,2,2,
    1,1,1,1,1,2,2,2,4),(0.,0.25,0.375,0.437499999999,0.468749999999,
    0.484374999999,0.492187499999,0.499999999999,0.624999999999,
    0.687499999999,0.718749999999,0.734374999999,0.742187499999,
    0.746093749999,0.748046874999,0.749023437499,0.749999999999,
    0.874999999999,1.),.UNSPECIFIED.);
#4267 = CARTESIAN_POINT('',(-7.29052812709,-250.292793707,
    -233.7645141863));
#4268 = CARTESIAN_POINT('',(-7.602790432483,-249.9364449598,
    -233.5499153728));
#4269 = CARTESIAN_POINT('',(-7.899503909284,-249.5366487933,
    -233.4185466624));
#4270 = CARTESIAN_POINT('',(-8.299199193637,-248.909967318,
    -233.3469147873));
#4271 = CARTESIAN_POINT('',(-8.424884402689,-248.6965480277,
    -233.3437755214));
#4272 = CARTESIAN_POINT('',(-8.599577365724,-248.3739858152,
    -233.3688974242));
#4273 = CARTESIAN_POINT('',(-8.655504742826,-248.2660557259,
    -233.3822346099));
#4274 = CARTESIAN_POINT('',(-8.735648141535,-248.1040526154,
    -233.4094536936));
#4275 = CARTESIAN_POINT('',(-8.774783173435,-248.0230236343,
    -233.4248658545));
#4276 = CARTESIAN_POINT('',(-8.818740355154,-247.9285477781,
    -233.4459434818));
#4277 = CARTESIAN_POINT('',(-8.83720841275,-247.888081579,
    -233.4556337167));
#4278 = CARTESIAN_POINT('',(-8.849437362884,-247.8611105418,
    -233.4622391185));
#4279 = CARTESIAN_POINT('',(-8.856158702186,-247.8461791397,
    -233.4659850981));
#4280 = CARTESIAN_POINT('',(-8.947663386147,-247.6416795806,
    -233.5182926258));
#4281 = CARTESIAN_POINT('',(-9.031316057627,-247.4345470717,
    -233.5860719142));
#4282 = CARTESIAN_POINT('',(-9.149549892222,-247.1079864392,
    -233.7243549633));
#4283 = CARTESIAN_POINT('',(-9.187736639501,-246.9965186904,
    -233.7765504625));
#4284 = CARTESIAN_POINT('',(-9.24257172694,-246.8264489619,
    -233.8650314322));
#4285 = CARTESIAN_POINT('',(-9.26937618618,-246.7407002332,
    -233.9118177639));
#4286 = CARTESIAN_POINT('',(-9.299422342232,-246.6396753965,
    -233.9710687315));
#4287 = CARTESIAN_POINT('',(-9.314118379109,-246.5889525073,
    -234.0018859683));
#4288 = CARTESIAN_POINT('',(-9.321382017373,-246.5635429815,
    -234.0175955969));
#4289 = CARTESIAN_POINT('',(-9.324992408815,-246.5508267744,
    -234.0255260421));
#4290 = CARTESIAN_POINT('',(-9.326535091867,-246.5453745811,
    -234.0289410513));
#4291 = CARTESIAN_POINT('',(-9.327562514879,-246.5417392614,
    -234.0312213389));
#4292 = CARTESIAN_POINT('',(-9.328370883089,-246.5388745255,
    -234.0330218083));
#4293 = CARTESIAN_POINT('',(-9.356428933082,-246.4393682334,
    -234.0956181242));
#4294 = CARTESIAN_POINT('',(-9.396508037711,-246.2867116805,
    -234.1945601606));
#4295 = CARTESIAN_POINT('',(-9.486663991336,-245.8986272782,
    -234.5022213068));
#4296 = CARTESIAN_POINT('',(-9.537014777113,-245.6627250897,
    -234.7116521465));
#4297 = CARTESIAN_POINT('',(-9.576450235914,-245.4129937034,
    -234.9999999999));
#4298 = PCURVE('',#1875,#4299);
#4299 = DEFINITIONAL_REPRESENTATION('',(#4300),#4392);
#4300 = B_SPLINE_CURVE_WITH_KNOTS('',3,(#4301,#4302,#4303,#4304,#4305,
    #4306,#4307,#4308,#4309,#4310,#4311,#4312,#4313,#4314,#4315,#4316,
    #4317,#4318,#4319,#4320,#4321,#4322,#4323,#4324,#4325,#4326,#4327,
    #4328,#4329,#4330,#4331,#4332,#4333,#4334,#4335,#4336,#4337,#4338,
    #4339,#4340,#4341,#4342,#4343,#4344,#4345,#4346,#4347,#4348,#4349,
    #4350,#4351,#4352,#4353,#4354,#4355,#4356,#4357,#4358,#4359,#4360,
    #4361,#4362,#4363,#4364,#4365,#4366,#4367,#4368,#4369,#4370,#4371,
    #4372,#4373,#4374,#4375,#4376,#4377,#4378,#4379,#4380,#4381,#4382,
    #4383,#4384,#4385,#4386,#4387,#4388,#4389,#4390,#4391),
  .UNSPECIFIED.,.F.,.F.,(4,1,1,1,1,1,1,1,1,1,1,1,1,1,1,1,1,1,1,1,1,1,1,1
    ,1,1,1,1,1,1,1,1,1,1,1,1,1,1,1,1,1,1,1,1,1,1,1,1,1,1,1,1,1,1,1,1,1,1
    ,1,1,1,1,1,1,1,1,1,1,1,1,1,1,1,1,1,1,1,1,1,1,1,1,1,1,1,1,1,1,4),(0.,
    1.136363636364E-02,2.272727272727E-02,3.409090909091E-02,
    4.545454545455E-02,5.681818181818E-02,6.818181818182E-02,
    7.954545454545E-02,9.090909090909E-02,0.102272727273,0.113636363636,
    0.125,0.136363636364,0.147727272727,0.159090909091,0.170454545455,
    0.181818181818,0.193181818182,0.204545454545,0.215909090909,
    0.227272727273,0.238636363636,0.25,0.261363636364,0.272727272727,
    0.284090909091,0.295454545455,0.306818181818,0.318181818182,
    0.329545454545,0.340909090909,0.352272727273,0.363636363636,0.375,
    0.386363636364,0.397727272727,0.409090909091,0.420454545455,
    0.431818181818,0.443181818182,0.454545454545,0.465909090909,
    0.477272727273,0.488636363636,0.5,0.511363636364,0.522727272727,
    0.534090909091,0.545454545455,0.556818181818,0.568181818182,
    0.579545454545,0.590909090909,0.602272727273,0.613636363636,0.625,
    0.636363636364,0.647727272727,0.659090909091,0.670454545455,
    0.681818181818,0.693181818182,0.704545454545,0.715909090909,
    0.727272727273,0.738636363636,0.75,0.761363636364,0.772727272727,
    0.784090909091,0.795454545455,0.806818181818,0.818181818182,
    0.829545454545,0.840909090909,0.852272727273,0.863636363636,0.875,
    0.886363636364,0.897727272727,0.909090909091,0.920454545455,
    0.931818181818,0.943181818182,0.954545454545,0.965909090909,
    0.977272727273,0.988636363636,1.),.UNSPECIFIED.);
#4301 = CARTESIAN_POINT('',(2.003379815715,-21.05191276797));
#4302 = CARTESIAN_POINT('',(1.99820908303,-21.05610350047));
#4303 = CARTESIAN_POINT('',(1.987874755109,-21.06433953976));
#4304 = CARTESIAN_POINT('',(1.972394307192,-21.07625732151));
#4305 = CARTESIAN_POINT('',(1.956934512391,-21.08773882609));
#4306 = CARTESIAN_POINT('',(1.941495058493,-21.09878405348));
#4307 = CARTESIAN_POINT('',(1.926075681141,-21.1093930037));
#4308 = CARTESIAN_POINT('',(1.910676168308,-21.11956567675));
#4309 = CARTESIAN_POINT('',(1.895296355241,-21.12930207261));
#4310 = CARTESIAN_POINT('',(1.879936121887,-21.1386021913));
#4311 = CARTESIAN_POINT('',(1.864595389575,-21.14746603281));
#4312 = CARTESIAN_POINT('',(1.849274117836,-21.15589359714));
#4313 = CARTESIAN_POINT('',(1.833972301128,-21.1638848843));
#4314 = CARTESIAN_POINT('',(1.818689965524,-21.17143989428));
#4315 = CARTESIAN_POINT('',(1.803427165366,-21.17855862708));
#4316 = CARTESIAN_POINT('',(1.788183979886,-21.1852410827));
#4317 = CARTESIAN_POINT('',(1.772960509777,-21.19148726115));
#4318 = CARTESIAN_POINT('',(1.757756873816,-21.19729716242));
#4319 = CARTESIAN_POINT('',(1.74257320521,-21.20267078651));
#4320 = CARTESIAN_POINT('',(1.727409648866,-21.20760813342));
#4321 = CARTESIAN_POINT('',(1.712266355138,-21.21210920316));
#4322 = CARTESIAN_POINT('',(1.697143486712,-21.21617399572));
#4323 = CARTESIAN_POINT('',(1.68204117641,-21.2198025111));
#4324 = CARTESIAN_POINT('',(1.666959668185,-21.22299474931));
#4325 = CARTESIAN_POINT('',(1.651898774446,-21.22575071033));
#4326 = CARTESIAN_POINT('',(1.636857997423,-21.22807039418));
#4327 = CARTESIAN_POINT('',(1.621837304687,-21.22995380086));
#4328 = CARTESIAN_POINT('',(1.606836587113,-21.23140093035));
#4329 = CARTESIAN_POINT('',(1.591855800481,-21.23241178267));
#4330 = CARTESIAN_POINT('',(1.576894923764,-21.23298635781));
#4331 = CARTESIAN_POINT('',(1.561953966769,-21.23312465577));
#4332 = CARTESIAN_POINT('',(1.547032963458,-21.23282667656));
#4333 = CARTESIAN_POINT('',(1.532131973032,-21.23209242018));
#4334 = CARTESIAN_POINT('',(1.51725106408,-21.23092188657));
#4335 = CARTESIAN_POINT('',(1.502390358568,-21.22931507596));
#4336 = CARTESIAN_POINT('',(1.487549853291,-21.22727198754));
#4337 = CARTESIAN_POINT('',(1.472729383173,-21.22479262427));
#4338 = CARTESIAN_POINT('',(1.457928920083,-21.22187697516));
#4339 = CARTESIAN_POINT('',(1.443148541592,-21.21852508121));
#4340 = CARTESIAN_POINT('',(1.428387936251,-21.21473678941));
#4341 = CARTESIAN_POINT('',(1.413648396743,-21.21051267077));
#4342 = CARTESIAN_POINT('',(1.398925278105,-21.20585059427));
#4343 = CARTESIAN_POINT('',(1.384235750122,-21.20075851299));
#4344 = CARTESIAN_POINT('',(1.369515695203,-21.19520674561));
#4345 = CARTESIAN_POINT('',(1.355004480089,-21.18930606434));
#4346 = CARTESIAN_POINT('',(1.339808739926,-21.18264306167));
#4347 = CARTESIAN_POINT('',(1.327262548827,-21.17676059545));
#4348 = CARTESIAN_POINT('',(1.313792261192,-21.17007350295));
#4349 = CARTESIAN_POINT('',(1.300356464511,-21.16300652725));
#4350 = CARTESIAN_POINT('',(1.28669910091,-21.15544585878));
#4351 = CARTESIAN_POINT('',(1.272889334538,-21.14742199272));
#4352 = CARTESIAN_POINT('',(1.258908942216,-21.13892675792));
#4353 = CARTESIAN_POINT('',(1.244762866688,-21.12996234384));
#4354 = CARTESIAN_POINT('',(1.23044959789,-21.12052816376));
#4355 = CARTESIAN_POINT('',(1.215969081429,-21.11062437509));
#4356 = CARTESIAN_POINT('',(1.201320692273,-21.10025093495));
#4357 = CARTESIAN_POINT('',(1.186503422705,-21.08940785741));
#4358 = CARTESIAN_POINT('',(1.171517150507,-21.07809512907));
#4359 = CARTESIAN_POINT('',(1.156363339048,-21.06631278949));
#4360 = CARTESIAN_POINT('',(1.141041899815,-21.05406069378));
#4361 = CARTESIAN_POINT('',(1.125553501815,-21.041339382));
#4362 = CARTESIAN_POINT('',(1.109895926331,-21.0281468388));
#4363 = CARTESIAN_POINT('',(1.094076317253,-21.01449058548));
#4364 = CARTESIAN_POINT('',(1.078066264283,-21.00034255218));
#4365 = CARTESIAN_POINT('',(1.061973325883,-20.98580749704));
#4366 = CARTESIAN_POINT('',(1.045396502159,-20.97049445742));
#4367 = CARTESIAN_POINT('',(1.029831570709,-20.95586252572));
#4368 = CARTESIAN_POINT('',(1.009696569382,-20.93646629493));
#4369 = CARTESIAN_POINT('',(1.005823757496,-20.93262830074));
#4370 = CARTESIAN_POINT('',(0.996697535319,-20.92359235436));
#4371 = CARTESIAN_POINT('',(0.988085697586,-20.91492005983));
#4372 = CARTESIAN_POINT('',(0.978444887614,-20.90512118984));
#4373 = CARTESIAN_POINT('',(0.96819013546,-20.89459504958));
#4374 = CARTESIAN_POINT('',(0.957211058876,-20.88323464556));
#4375 = CARTESIAN_POINT('',(0.945537390243,-20.87106864659));
#4376 = CARTESIAN_POINT('',(0.933160598295,-20.85808937089));
#4377 = CARTESIAN_POINT('',(0.920081867279,-20.84429887679));
#4378 = CARTESIAN_POINT('',(0.906298615731,-20.82969661275));
#4379 = CARTESIAN_POINT('',(0.891810565836,-20.81428272657));
#4380 = CARTESIAN_POINT('',(0.876609140238,-20.79805717864));
#4381 = CARTESIAN_POINT('',(0.860695505229,-20.78101997957));
#4382 = CARTESIAN_POINT('',(0.844077142533,-20.76317112652));
#4383 = CARTESIAN_POINT('',(0.82675807989,-20.74451062026));
#4384 = CARTESIAN_POINT('',(0.808741449639,-20.72503846057));
#4385 = CARTESIAN_POINT('',(0.790028757571,-20.70475464752));
#4386 = CARTESIAN_POINT('',(0.770620042543,-20.68365918108));
#4387 = CARTESIAN_POINT('',(0.75051382733,-20.66175206126));
#4388 = CARTESIAN_POINT('',(0.729707084694,-20.63903328807));
#4389 = CARTESIAN_POINT('',(0.708195430381,-20.61550286149));
#4390 = CARTESIAN_POINT('',(0.69338013157,-20.59927480819));
#4391 = CARTESIAN_POINT('',(0.685852964619,-20.59102550597));
#4392 = ( GEOMETRIC_REPRESENTATION_CONTEXT(2) 
PARAMETRIC_REPRESENTATION_CONTEXT() REPRESENTATION_CONTEXT('2D SPACE',''
  ) );
#4393 = PCURVE('',#802,#4394);
#4394 = DEFINITIONAL_REPRESENTATION('',(#4395),#4487);
#4395 = B_SPLINE_CURVE_WITH_KNOTS('',3,(#4396,#4397,#4398,#4399,#4400,
    #4401,#4402,#4403,#4404,#4405,#4406,#4407,#4408,#4409,#4410,#4411,
    #4412,#4413,#4414,#4415,#4416,#4417,#4418,#4419,#4420,#4421,#4422,
    #4423,#4424,#4425,#4426,#4427,#4428,#4429,#4430,#4431,#4432,#4433,
    #4434,#4435,#4436,#4437,#4438,#4439,#4440,#4441,#4442,#4443,#4444,
    #4445,#4446,#4447,#4448,#4449,#4450,#4451,#4452,#4453,#4454,#4455,
    #4456,#4457,#4458,#4459,#4460,#4461,#4462,#4463,#4464,#4465,#4466,
    #4467,#4468,#4469,#4470,#4471,#4472,#4473,#4474,#4475,#4476,#4477,
    #4478,#4479,#4480,#4481,#4482,#4483,#4484,#4485,#4486),
  .UNSPECIFIED.,.F.,.F.,(4,1,1,1,1,1,1,1,1,1,1,1,1,1,1,1,1,1,1,1,1,1,1,1
    ,1,1,1,1,1,1,1,1,1,1,1,1,1,1,1,1,1,1,1,1,1,1,1,1,1,1,1,1,1,1,1,1,1,1
    ,1,1,1,1,1,1,1,1,1,1,1,1,1,1,1,1,1,1,1,1,1,1,1,1,1,1,1,1,1,1,4),(0.,
    1.136363636364E-02,2.272727272727E-02,3.409090909091E-02,
    4.545454545455E-02,5.681818181818E-02,6.818181818182E-02,
    7.954545454545E-02,9.090909090909E-02,0.102272727273,0.113636363636,
    0.125,0.136363636364,0.147727272727,0.159090909091,0.170454545455,
    0.181818181818,0.193181818182,0.204545454545,0.215909090909,
    0.227272727273,0.238636363636,0.25,0.261363636364,0.272727272727,
    0.284090909091,0.295454545455,0.306818181818,0.318181818182,
    0.329545454545,0.340909090909,0.352272727273,0.363636363636,0.375,
    0.386363636364,0.397727272727,0.409090909091,0.420454545455,
    0.431818181818,0.443181818182,0.454545454545,0.465909090909,
    0.477272727273,0.488636363636,0.5,0.511363636364,0.522727272727,
    0.534090909091,0.545454545455,0.556818181818,0.568181818182,
    0.579545454545,0.590909090909,0.602272727273,0.613636363636,0.625,
    0.636363636364,0.647727272727,0.659090909091,0.670454545455,
    0.681818181818,0.693181818182,0.704545454545,0.715909090909,
    0.727272727273,0.738636363636,0.75,0.761363636364,0.772727272727,
    0.784090909091,0.795454545455,0.806818181818,0.818181818182,
    0.829545454545,0.840909090909,0.852272727273,0.863636363636,0.875,
    0.886363636364,0.897727272727,0.909090909091,0.920454545455,
    0.931818181818,0.943181818182,0.954545454545,0.965909090909,
    0.977272727273,0.988636363636,1.),.QUASI_UNIFORM_KNOTS.);
#4396 = CARTESIAN_POINT('',(0.85123996014,18.7645141864));
#4397 = CARTESIAN_POINT('',(0.853460230946,18.754759694877));
#4398 = CARTESIAN_POINT('',(0.857910332207,18.735594637878));
#4399 = CARTESIAN_POINT('',(0.864612902983,18.707879046908));
#4400 = CARTESIAN_POINT('',(0.871341638325,18.68119566686));
#4401 = CARTESIAN_POINT('',(0.878095263788,18.655544714126));
#4402 = CARTESIAN_POINT('',(0.884872492217,18.630926405099));
#4403 = CARTESIAN_POINT('',(0.891672022291,18.607340956169));
#4404 = CARTESIAN_POINT('',(0.898492539484,18.58478858373));
#4405 = CARTESIAN_POINT('',(0.905332716425,18.563269504174));
#4406 = CARTESIAN_POINT('',(0.912191213458,18.542783933892));
#4407 = CARTESIAN_POINT('',(0.91906667919,18.523332089277));
#4408 = CARTESIAN_POINT('',(0.925957751075,18.50491418672));
#4409 = CARTESIAN_POINT('',(0.932863056027,18.487530442617));
#4410 = CARTESIAN_POINT('',(0.939781211063,18.471181073349));
#4411 = CARTESIAN_POINT('',(0.946710823959,18.455866295345));
#4412 = CARTESIAN_POINT('',(0.953650493942,18.44158632486));
#4413 = CARTESIAN_POINT('',(0.960598812379,18.428341378801));
#4414 = CARTESIAN_POINT('',(0.967554363562,18.416131671635));
#4415 = CARTESIAN_POINT('',(0.974515725219,18.404957426941));
#4416 = CARTESIAN_POINT('',(0.981481470128,18.39481883429));
#4417 = CARTESIAN_POINT('',(0.988450163685,18.385716210169));
#4418 = CARTESIAN_POINT('',(0.9954203766,18.377649397414));
#4419 = CARTESIAN_POINT('',(1.00239064122,18.370620006548));
#4420 = CARTESIAN_POINT('',(1.009359618253,18.364623050994));
#4421 = CARTESIAN_POINT('',(1.016326116407,18.359649492355));
#4422 = CARTESIAN_POINT('',(1.023288812664,18.355696889349));
#4423 = CARTESIAN_POINT('',(1.030246418932,18.352761032967));
#4424 = CARTESIAN_POINT('',(1.037197638287,18.350838187987));
#4425 = CARTESIAN_POINT('',(1.044141177632,18.349924491767));
#4426 = CARTESIAN_POINT('',(1.051075745074,18.350016117558));
#4427 = CARTESIAN_POINT('',(1.058000051957,18.351109222458));
#4428 = CARTESIAN_POINT('',(1.064912811529,18.353199992288));
#4429 = CARTESIAN_POINT('',(1.07181274634,18.356284514124));
#4430 = CARTESIAN_POINT('',(1.078698564006,18.360359241304));
#4431 = CARTESIAN_POINT('',(1.085569050711,18.36541926086));
#4432 = CARTESIAN_POINT('',(1.092423104384,18.371457921195));
#4433 = CARTESIAN_POINT('',(1.099259570975,18.378469968144));
#4434 = CARTESIAN_POINT('',(1.106077270943,18.386449672355));
#4435 = CARTESIAN_POINT('',(1.112875220178,18.395391807785));
#4436 = CARTESIAN_POINT('',(1.119651722944,18.405289610346));
#4437 = CARTESIAN_POINT('',(1.126407810243,18.416141585823));
#4438 = CARTESIAN_POINT('',(1.133134647836,18.42792303177));
#4439 = CARTESIAN_POINT('',(1.139860264551,18.44069594758));
#4440 = CARTESIAN_POINT('',(1.146475160567,18.454198727751));
#4441 = CARTESIAN_POINT('',(1.153383286535,18.469375843936));
#4442 = CARTESIAN_POINT('',(1.159072476896,18.482669966077));
#4443 = CARTESIAN_POINT('',(1.165166523005,18.497661274815));
#4444 = CARTESIAN_POINT('',(1.17122796995,18.513423962288));
#4445 = CARTESIAN_POINT('',(1.177371665759,18.53023959661));
#4446 = CARTESIAN_POINT('',(1.183564463285,18.548066230489));
#4447 = CARTESIAN_POINT('',(1.189812864587,18.566948602274));
#4448 = CARTESIAN_POINT('',(1.196112743037,18.586908223169));
#4449 = CARTESIAN_POINT('',(1.202462812394,18.607972827309));
#4450 = CARTESIAN_POINT('',(1.20886103066,18.630168484251));
#4451 = CARTESIAN_POINT('',(1.215305518197,18.653521698933));
#4452 = CARTESIAN_POINT('',(1.221794484344,18.678058899347));
#4453 = CARTESIAN_POINT('',(1.228325606111,18.703806385892));
#4454 = CARTESIAN_POINT('',(1.234895731593,18.730788818253));
#4455 = CARTESIAN_POINT('',(1.241502338849,18.7590314984));
#4456 = CARTESIAN_POINT('',(1.248142485373,18.788558003812));
#4457 = CARTESIAN_POINT('',(1.254814311318,18.819398167649));
#4458 = CARTESIAN_POINT('',(1.261512084368,18.851558524838));
#4459 = CARTESIAN_POINT('',(1.268244323858,18.885131912508));
#4460 = CARTESIAN_POINT('',(1.274964484274,18.919882386876));
#4461 = CARTESIAN_POINT('',(1.281831575093,18.956800252954));
#4462 = CARTESIAN_POINT('',(1.288237515447,18.992299293414));
#4463 = CARTESIAN_POINT('',(1.296436146898,19.039868475399));
#4464 = CARTESIAN_POINT('',(1.298000155959,19.049269111951));
#4465 = CARTESIAN_POINT('',(1.301693428658,19.071294073065));
#4466 = CARTESIAN_POINT('',(1.305159545925,19.092436663105));
#4467 = CARTESIAN_POINT('',(1.309021780423,19.116419203818));
#4468 = CARTESIAN_POINT('',(1.313105010416,19.142347513047));
#4469 = CARTESIAN_POINT('',(1.317448052675,19.170564406874));
#4470 = CARTESIAN_POINT('',(1.322032402085,19.201081212329));
#4471 = CARTESIAN_POINT('',(1.326854925709,19.233998214407));
#4472 = CARTESIAN_POINT('',(1.331908333002,19.269391355299));
#4473 = CARTESIAN_POINT('',(1.337186587967,19.307344990444));
#4474 = CARTESIAN_POINT('',(1.34268277872,19.347934165093));
#4475 = CARTESIAN_POINT('',(1.348392217048,19.391262752004));
#4476 = CARTESIAN_POINT('',(1.354302243617,19.437458209037));
#4477 = CARTESIAN_POINT('',(1.360398108106,19.486619657217));
#4478 = CARTESIAN_POINT('',(1.366665696771,19.538853810403));
#4479 = CARTESIAN_POINT('',(1.373090812408,19.594265347958));
#4480 = CARTESIAN_POINT('',(1.379659378404,19.652959494387));
#4481 = CARTESIAN_POINT('',(1.386357395865,19.715041328126));
#4482 = CARTESIAN_POINT('',(1.393170965656,19.780615966748));
#4483 = CARTESIAN_POINT('',(1.400086298299,19.849788517341));
#4484 = CARTESIAN_POINT('',(1.407089707393,19.922664089802));
#4485 = CARTESIAN_POINT('',(1.411808355886,19.973786558782));
#4486 = CARTESIAN_POINT('',(1.414177847006,20.));
#4487 = ( GEOMETRIC_REPRESENTATION_CONTEXT(2) 
PARAMETRIC_REPRESENTATION_CONTEXT() REPRESENTATION_CONTEXT('2D SPACE',''
  ) );
#4488 = ORIENTED_EDGE('',*,*,#4489,.F.);
#4489 = EDGE_CURVE('',#4490,#4263,#4492,.T.);
#4490 = VERTEX_POINT('',#4491);
#4491 = CARTESIAN_POINT('',(-6.686179644185,-251.4177063,-234.6490053326
    ));
#4492 = SURFACE_CURVE('',#4493,(#4498,#4527),.PCURVE_S1.);
#4493 = B_SPLINE_CURVE_WITH_KNOTS('',3,(#4494,#4495,#4496,#4497),
  .UNSPECIFIED.,.F.,.F.,(4,4),(0.,1.),.PIECEWISE_BEZIER_KNOTS.);
#4494 = CARTESIAN_POINT('',(-6.686179644185,-251.4177063,-234.6490053326
    ));
#4495 = CARTESIAN_POINT('',(-6.855912873923,-251.0331468657,
    -234.2360856275));
#4496 = CARTESIAN_POINT('',(-7.06824768289,-250.639327385,
    -233.9544093239));
#4497 = CARTESIAN_POINT('',(-7.29052812709,-250.292793707,
    -233.7645141863));
#4498 = PCURVE('',#1875,#4499);
#4499 = DEFINITIONAL_REPRESENTATION('',(#4500),#4526);
#4500 = B_SPLINE_CURVE_WITH_KNOTS('',3,(#4501,#4502,#4503,#4504,#4505,
    #4506,#4507,#4508,#4509,#4510,#4511,#4512,#4513,#4514,#4515,#4516,
    #4517,#4518,#4519,#4520,#4521,#4522,#4523,#4524,#4525),
  .UNSPECIFIED.,.F.,.F.,(4,1,1,1,1,1,1,1,1,1,1,1,1,1,1,1,1,1,1,1,1,1,4),
  (0.,4.545454545455E-02,9.090909090909E-02,0.136363636364,
    0.181818181818,0.227272727273,0.272727272727,0.318181818182,
    0.363636363636,0.409090909091,0.454545454545,0.5,0.545454545455,
    0.590909090909,0.636363636364,0.681818181818,0.727272727273,
    0.772727272727,0.818181818182,0.863636363636,0.909090909091,
    0.954545454545,1.),.UNSPECIFIED.);
#4501 = CARTESIAN_POINT('',(2.350200921458,-21.09114337323));
#4502 = CARTESIAN_POINT('',(2.344266719881,-21.08908258577));
#4503 = CARTESIAN_POINT('',(2.332463777677,-21.08509431853));
#4504 = CARTESIAN_POINT('',(2.314953064452,-21.07951184068));
#4505 = CARTESIAN_POINT('',(2.297633254802,-21.07432928583));
#4506 = CARTESIAN_POINT('',(2.280501950301,-21.06954665398));
#4507 = CARTESIAN_POINT('',(2.263557016854,-21.06516394513));
#4508 = CARTESIAN_POINT('',(2.246796622508,-21.06118115929));
#4509 = CARTESIAN_POINT('',(2.230219227975,-21.05759829645));
#4510 = CARTESIAN_POINT('',(2.213823588628,-21.05441535661));
#4511 = CARTESIAN_POINT('',(2.197608752333,-21.05163233977));
#4512 = CARTESIAN_POINT('',(2.181574057411,-21.04924924594));
#4513 = CARTESIAN_POINT('',(2.165719129652,-21.04726607511));
#4514 = CARTESIAN_POINT('',(2.15004387878,-21.04568282728));
#4515 = CARTESIAN_POINT('',(2.134548494319,-21.04449950245));
#4516 = CARTESIAN_POINT('',(2.119233440974,-21.04371610063));
#4517 = CARTESIAN_POINT('',(2.104099453534,-21.04333262181));
#4518 = CARTESIAN_POINT('',(2.08914753144,-21.04334906599));
#4519 = CARTESIAN_POINT('',(2.074378932816,-21.04376543317));
#4520 = CARTESIAN_POINT('',(2.059795168895,-21.04458172336));
#4521 = CARTESIAN_POINT('',(2.04539799565,-21.04579793655));
#4522 = CARTESIAN_POINT('',(2.031189414741,-21.04741407274));
#4523 = CARTESIAN_POINT('',(2.017171638805,-21.04943013194));
#4524 = CARTESIAN_POINT('',(2.007955339034,-21.05104078674));
#4525 = CARTESIAN_POINT('',(2.003379815715,-21.05191276797));
#4526 = ( GEOMETRIC_REPRESENTATION_CONTEXT(2) 
PARAMETRIC_REPRESENTATION_CONTEXT() REPRESENTATION_CONTEXT('2D SPACE',''
  ) );
#4527 = PCURVE('',#859,#4528);
#4528 = DEFINITIONAL_REPRESENTATION('',(#4529),#4555);
#4529 = B_SPLINE_CURVE_WITH_KNOTS('',3,(#4530,#4531,#4532,#4533,#4534,
    #4535,#4536,#4537,#4538,#4539,#4540,#4541,#4542,#4543,#4544,#4545,
    #4546,#4547,#4548,#4549,#4550,#4551,#4552,#4553,#4554),
  .UNSPECIFIED.,.F.,.F.,(4,1,1,1,1,1,1,1,1,1,1,1,1,1,1,1,1,1,1,1,1,1,4),
  (0.,4.545454545455E-02,9.090909090909E-02,0.136363636364,
    0.181818181818,0.227272727273,0.272727272727,0.318181818182,
    0.363636363636,0.409090909091,0.454545454545,0.5,0.545454545455,
    0.590909090909,0.636363636364,0.681818181818,0.727272727273,
    0.772727272727,0.818181818182,0.863636363636,0.909090909091,
    0.954545454545,1.),.QUASI_UNIFORM_KNOTS.);
#4530 = CARTESIAN_POINT('',(4.29673414851,19.6490053327));
#4531 = CARTESIAN_POINT('',(4.294422051084,19.630236255195));
#4532 = CARTESIAN_POINT('',(4.289785011621,19.593240428292));
#4533 = CARTESIAN_POINT('',(4.282794947903,19.539351435831));
#4534 = CARTESIAN_POINT('',(4.275774400852,19.487044954844));
#4535 = CARTESIAN_POINT('',(4.268727420065,19.43629874891));
#4536 = CARTESIAN_POINT('',(4.261658071624,19.387090581606));
#4537 = CARTESIAN_POINT('',(4.254570438993,19.339398216513));
#4538 = CARTESIAN_POINT('',(4.247468620331,19.293199417209));
#4539 = CARTESIAN_POINT('',(4.240356726653,19.248471947273));
#4540 = CARTESIAN_POINT('',(4.233238879651,19.205193570283));
#4541 = CARTESIAN_POINT('',(4.226119209532,19.163342049818));
#4542 = CARTESIAN_POINT('',(4.219001852793,19.122895149457));
#4543 = CARTESIAN_POINT('',(4.211890949972,19.083830632779));
#4544 = CARTESIAN_POINT('',(4.204790643402,19.046126263363));
#4545 = CARTESIAN_POINT('',(4.19770507496,19.009759804787));
#4546 = CARTESIAN_POINT('',(4.19063838386,18.974709020631));
#4547 = CARTESIAN_POINT('',(4.183594704483,18.940951674472));
#4548 = CARTESIAN_POINT('',(4.176578164285,18.90846552989));
#4549 = CARTESIAN_POINT('',(4.16959288173,18.877228350464));
#4550 = CARTESIAN_POINT('',(4.162642964526,18.847217899772));
#4551 = CARTESIAN_POINT('',(4.155732507235,18.818411941394));
#4552 = CARTESIAN_POINT('',(4.148865591744,18.790788238907));
#4553 = CARTESIAN_POINT('',(4.144319382383,18.773145783564));
#4554 = CARTESIAN_POINT('',(4.142054888945,18.7645141864));
#4555 = ( GEOMETRIC_REPRESENTATION_CONTEXT(2) 
PARAMETRIC_REPRESENTATION_CONTEXT() REPRESENTATION_CONTEXT('2D SPACE',''
  ) );
#4556 = ORIENTED_EDGE('',*,*,#4557,.F.);
#4557 = EDGE_CURVE('',#1860,#4490,#4558,.T.);
#4558 = SURFACE_CURVE('',#4559,(#4564,#4593),.PCURVE_S1.);
#4559 = B_SPLINE_CURVE_WITH_KNOTS('',3,(#4560,#4561,#4562,#4563),
  .UNSPECIFIED.,.F.,.F.,(4,4),(3.338099500801E-19,4.764588813197E-04),
  .PIECEWISE_BEZIER_KNOTS.);
#4560 = CARTESIAN_POINT('',(-6.561722708283,-251.7149036758,
    -234.9999999999));
#4561 = CARTESIAN_POINT('',(-6.599058894373,-251.6206524033,
    -234.8774538542));
#4562 = CARTESIAN_POINT('',(-6.640331128911,-251.5214891022,
    -234.7604625236));
#4563 = CARTESIAN_POINT('',(-6.686179644185,-251.4177063,-234.6490053326
    ));
#4564 = PCURVE('',#1875,#4565);
#4565 = DEFINITIONAL_REPRESENTATION('',(#4566),#4592);
#4566 = B_SPLINE_CURVE_WITH_KNOTS('',3,(#4567,#4568,#4569,#4570,#4571,
    #4572,#4573,#4574,#4575,#4576,#4577,#4578,#4579,#4580,#4581,#4582,
    #4583,#4584,#4585,#4586,#4587,#4588,#4589,#4590,#4591),
  .UNSPECIFIED.,.F.,.F.,(4,1,1,1,1,1,1,1,1,1,1,1,1,1,1,1,1,1,1,1,1,1,4),
  (3.338099500801E-19,2.165722187817E-05,4.331444375634E-05,
    6.49716656345E-05,8.662888751267E-05,1.082861093908E-04,
    1.29943331269E-04,1.516005531472E-04,1.732577750253E-04,
    1.949149969035E-04,2.165722187817E-04,2.382294406599E-04,
    2.59886662538E-04,2.815438844162E-04,3.032011062944E-04,
    3.248583281725E-04,3.465155500507E-04,3.681727719289E-04,
    3.89829993807E-04,4.114872156852E-04,4.331444375634E-04,
    4.548016594415E-04,4.764588813197E-04),.UNSPECIFIED.);
#4567 = CARTESIAN_POINT('',(2.455739688971,-21.13199811732));
#4568 = CARTESIAN_POINT('',(2.454140162842,-21.13132521891));
#4569 = CARTESIAN_POINT('',(2.450941439488,-21.12998335576));
#4570 = CARTESIAN_POINT('',(2.446144224033,-21.12798275686));
#4571 = CARTESIAN_POINT('',(2.441347761094,-21.12599474862));
#4572 = CARTESIAN_POINT('',(2.436551933341,-21.12401972589));
#4573 = CARTESIAN_POINT('',(2.431756623284,-21.12205808351));
#4574 = CARTESIAN_POINT('',(2.426961713268,-21.12011021632));
#4575 = CARTESIAN_POINT('',(2.422167085494,-21.11817651917));
#4576 = CARTESIAN_POINT('',(2.417372622035,-21.11625738689));
#4577 = CARTESIAN_POINT('',(2.412578204855,-21.11435321434));
#4578 = CARTESIAN_POINT('',(2.407783715821,-21.11246439634));
#4579 = CARTESIAN_POINT('',(2.402989036727,-21.11059132775));
#4580 = CARTESIAN_POINT('',(2.398194049306,-21.1087344034));
#4581 = CARTESIAN_POINT('',(2.393398635247,-21.10689401814));
#4582 = CARTESIAN_POINT('',(2.388602676215,-21.10507056681));
#4583 = CARTESIAN_POINT('',(2.383806053864,-21.10326444425));
#4584 = CARTESIAN_POINT('',(2.379008649858,-21.1014760453));
#4585 = CARTESIAN_POINT('',(2.374210345885,-21.09970576481));
#4586 = CARTESIAN_POINT('',(2.369411023675,-21.09795399761));
#4587 = CARTESIAN_POINT('',(2.364610565018,-21.09622113855));
#4588 = CARTESIAN_POINT('',(2.359808851783,-21.09450758248));
#4589 = CARTESIAN_POINT('',(2.355005765919,-21.09281372423));
#4590 = CARTESIAN_POINT('',(2.351802714996,-21.0916978805));
#4591 = CARTESIAN_POINT('',(2.350200921458,-21.09114337323));
#4592 = ( GEOMETRIC_REPRESENTATION_CONTEXT(2) 
PARAMETRIC_REPRESENTATION_CONTEXT() REPRESENTATION_CONTEXT('2D SPACE',''
  ) );
#4593 = PCURVE('',#888,#4594);
#4594 = DEFINITIONAL_REPRESENTATION('',(#4595),#4621);
#4595 = B_SPLINE_CURVE_WITH_KNOTS('',3,(#4596,#4597,#4598,#4599,#4600,
    #4601,#4602,#4603,#4604,#4605,#4606,#4607,#4608,#4609,#4610,#4611,
    #4612,#4613,#4614,#4615,#4616,#4617,#4618,#4619,#4620),
  .UNSPECIFIED.,.F.,.F.,(4,1,1,1,1,1,1,1,1,1,1,1,1,1,1,1,1,1,1,1,1,1,4),
  (3.338099500801E-19,2.165722187817E-05,4.331444375634E-05,
    6.49716656345E-05,8.662888751267E-05,1.082861093908E-04,
    1.29943331269E-04,1.516005531472E-04,1.732577750253E-04,
    1.949149969035E-04,2.165722187817E-04,2.382294406599E-04,
    2.59886662538E-04,2.815438844162E-04,3.032011062944E-04,
    3.248583281725E-04,3.465155500507E-04,3.681727719289E-04,
    3.89829993807E-04,4.114872156852E-04,4.331444375634E-04,
    4.548016594415E-04,4.764588813197E-04),.UNSPECIFIED.);
#4596 = CARTESIAN_POINT('',(4.335219073424,20.));
#4597 = CARTESIAN_POINT('',(4.33466388729,19.99442972065));
#4598 = CARTESIAN_POINT('',(4.333550519769,19.983312115731));
#4599 = CARTESIAN_POINT('',(4.331871480341,19.966704558047));
#4600 = CARTESIAN_POINT('',(4.330183450455,19.950165838407));
#4601 = CARTESIAN_POINT('',(4.328486427563,19.93369594516));
#4602 = CARTESIAN_POINT('',(4.32678040897,19.917294866655));
#4603 = CARTESIAN_POINT('',(4.325065391804,19.900962591243));
#4604 = CARTESIAN_POINT('',(4.323341373027,19.884699107273));
#4605 = CARTESIAN_POINT('',(4.321608349432,19.868504403094));
#4606 = CARTESIAN_POINT('',(4.319866317644,19.852378467057));
#4607 = CARTESIAN_POINT('',(4.318115274117,19.836321287511));
#4608 = CARTESIAN_POINT('',(4.316355215138,19.820332852806));
#4609 = CARTESIAN_POINT('',(4.314586136825,19.804413151291));
#4610 = CARTESIAN_POINT('',(4.312808035124,19.788562171316));
#4611 = CARTESIAN_POINT('',(4.311020905817,19.77277990123));
#4612 = CARTESIAN_POINT('',(4.309224744513,19.757066329384));
#4613 = CARTESIAN_POINT('',(4.307419546655,19.741421444126));
#4614 = CARTESIAN_POINT('',(4.305605307517,19.725845233807));
#4615 = CARTESIAN_POINT('',(4.303782022204,19.710337686776));
#4616 = CARTESIAN_POINT('',(4.301949685654,19.694898791383));
#4617 = CARTESIAN_POINT('',(4.300108292633,19.679528535978));
#4618 = CARTESIAN_POINT('',(4.298257837756,19.664226908909));
#4619 = CARTESIAN_POINT('',(4.297018156192,19.654071568655));
#4620 = CARTESIAN_POINT('',(4.29639680324,19.6490053327));
#4621 = ( GEOMETRIC_REPRESENTATION_CONTEXT(2) 
PARAMETRIC_REPRESENTATION_CONTEXT() REPRESENTATION_CONTEXT('2D SPACE',''
  ) );
#4622 = ORIENTED_EDGE('',*,*,#1859,.T.);
#4623 = ORIENTED_EDGE('',*,*,#4624,.F.);
#4624 = EDGE_CURVE('',#4625,#1831,#4627,.T.);
#4625 = VERTEX_POINT('',#4626);
#4626 = CARTESIAN_POINT('',(-3.395175545894,-249.329339144,
    -234.4961210994));
#4627 = SURFACE_CURVE('',#4628,(#4633,#4662),.PCURVE_S1.);
#4628 = B_SPLINE_CURVE_WITH_KNOTS('',3,(#4629,#4630,#4631,#4632),
  .UNSPECIFIED.,.F.,.F.,(4,4),(0.,1.),.PIECEWISE_BEZIER_KNOTS.);
#4629 = CARTESIAN_POINT('',(-3.395175545894,-249.329339144,
    -234.4961210994));
#4630 = CARTESIAN_POINT('',(-3.395175588712,-249.5051464954,
    -234.6323116693));
#4631 = CARTESIAN_POINT('',(-3.363946235952,-249.6771483428,
    -234.7978974546));
#4632 = CARTESIAN_POINT('',(-3.307233569208,-249.8353949794,
    -234.9999999999));
#4633 = PCURVE('',#1875,#4634);
#4634 = DEFINITIONAL_REPRESENTATION('',(#4635),#4661);
#4635 = B_SPLINE_CURVE_WITH_KNOTS('',3,(#4636,#4637,#4638,#4639,#4640,
    #4641,#4642,#4643,#4644,#4645,#4646,#4647,#4648,#4649,#4650,#4651,
    #4652,#4653,#4654,#4655,#4656,#4657,#4658,#4659,#4660),
  .UNSPECIFIED.,.F.,.F.,(4,1,1,1,1,1,1,1,1,1,1,1,1,1,1,1,1,1,1,1,1,1,4),
  (0.,4.545454545455E-02,9.090909090909E-02,0.136363636364,
    0.181818181818,0.227272727273,0.272727272727,0.318181818182,
    0.363636363636,0.409090909091,0.454545454545,0.5,0.545454545455,
    0.590909090909,0.636363636364,0.681818181818,0.727272727273,
    0.772727272727,0.818181818182,0.863636363636,0.909090909091,
    0.954545454545,1.),.UNSPECIFIED.);
#4636 = CARTESIAN_POINT('',(2.300598335172,-17.19684681013));
#4637 = CARTESIAN_POINT('',(2.302661658973,-17.20084327626));
#4638 = CARTESIAN_POINT('',(2.306814729854,-17.20871659405));
#4639 = CARTESIAN_POINT('',(2.313123389419,-17.22016772734));
#4640 = CARTESIAN_POINT('',(2.319510876946,-17.23126001721));
#4641 = CARTESIAN_POINT('',(2.325976997535,-17.24199346368));
#4642 = CARTESIAN_POINT('',(2.332521576473,-17.25236806674));
#4643 = CARTESIAN_POINT('',(2.339144462233,-17.2623838264));
#4644 = CARTESIAN_POINT('',(2.345845525914,-17.27204074265));
#4645 = CARTESIAN_POINT('',(2.352624661612,-17.28133881549));
#4646 = CARTESIAN_POINT('',(2.359481786529,-17.29027804493));
#4647 = CARTESIAN_POINT('',(2.366416841126,-17.29885843097));
#4648 = CARTESIAN_POINT('',(2.373429789243,-17.30707997359));
#4649 = CARTESIAN_POINT('',(2.380520618209,-17.31494267281));
#4650 = CARTESIAN_POINT('',(2.387689338926,-17.32244652863));
#4651 = CARTESIAN_POINT('',(2.39493598594,-17.32959154104));
#4652 = CARTESIAN_POINT('',(2.402260617482,-17.33637771004));
#4653 = CARTESIAN_POINT('',(2.409663315504,-17.34280503564));
#4654 = CARTESIAN_POINT('',(2.417144185658,-17.34887351783));
#4655 = CARTESIAN_POINT('',(2.42470335734,-17.35458315661));
#4656 = CARTESIAN_POINT('',(2.432340983426,-17.35993395199));
#4657 = CARTESIAN_POINT('',(2.440057240988,-17.36492590397));
#4658 = CARTESIAN_POINT('',(2.447852328256,-17.36955901253));
#4659 = CARTESIAN_POINT('',(2.453101759729,-17.37240852264));
#4660 = CARTESIAN_POINT('',(2.455739688971,-17.37377347046));
#4661 = ( GEOMETRIC_REPRESENTATION_CONTEXT(2) 
PARAMETRIC_REPRESENTATION_CONTEXT() REPRESENTATION_CONTEXT('2D SPACE',''
  ) );
#4662 = PCURVE('',#1847,#4663);
#4663 = DEFINITIONAL_REPRESENTATION('',(#4664),#4690);
#4664 = B_SPLINE_CURVE_WITH_KNOTS('',3,(#4665,#4666,#4667,#4668,#4669,
    #4670,#4671,#4672,#4673,#4674,#4675,#4676,#4677,#4678,#4679,#4680,
    #4681,#4682,#4683,#4684,#4685,#4686,#4687,#4688,#4689),
  .UNSPECIFIED.,.F.,.F.,(4,1,1,1,1,1,1,1,1,1,1,1,1,1,1,1,1,1,1,1,1,1,4),
  (0.,4.545454545455E-02,9.090909090909E-02,0.136363636364,
    0.181818181818,0.227272727273,0.272727272727,0.318181818182,
    0.363636363636,0.409090909091,0.454545454545,0.5,0.545454545455,
    0.590909090909,0.636363636364,0.681818181818,0.727272727273,
    0.772727272727,0.818181818182,0.863636363636,0.909090909091,
    0.954545454545,1.),.UNSPECIFIED.);
#4665 = CARTESIAN_POINT('',(1.570796326795,3.0961210995));
#4666 = CARTESIAN_POINT('',(1.565468838474,3.10231157995));
#4667 = CARTESIAN_POINT('',(1.554824317989,3.114814008682));
#4668 = CARTESIAN_POINT('',(1.538888572927,3.133936068169));
#4669 = CARTESIAN_POINT('',(1.522983497764,3.153430556935));
#4670 = CARTESIAN_POINT('',(1.507108842102,3.173301487871));
#4671 = CARTESIAN_POINT('',(1.491264426526,3.193552873871));
#4672 = CARTESIAN_POINT('',(1.475450149733,3.214188727823));
#4673 = CARTESIAN_POINT('',(1.459665981718,3.235213062621));
#4674 = CARTESIAN_POINT('',(1.443911960592,3.256629891156));
#4675 = CARTESIAN_POINT('',(1.428188188306,3.278443226318));
#4676 = CARTESIAN_POINT('',(1.412494826567,3.300657080999));
#4677 = CARTESIAN_POINT('',(1.396832092608,3.323275468091));
#4678 = CARTESIAN_POINT('',(1.381200254909,3.346302400486));
#4679 = CARTESIAN_POINT('',(1.365599628858,3.369741891073));
#4680 = CARTESIAN_POINT('',(1.35003057235,3.393597952746));
#4681 = CARTESIAN_POINT('',(1.334493481358,3.417874598394));
#4682 = CARTESIAN_POINT('',(1.318988785447,3.442575840911));
#4683 = CARTESIAN_POINT('',(1.303516943277,3.467705693187));
#4684 = CARTESIAN_POINT('',(1.288078438076,3.493268168113));
#4685 = CARTESIAN_POINT('',(1.27267377308,3.51926727858));
#4686 = CARTESIAN_POINT('',(1.257303467082,3.545707037481));
#4687 = CARTESIAN_POINT('',(1.241968049526,3.572591457707));
#4688 = CARTESIAN_POINT('',(1.231768054736,3.590813520668));
#4689 = CARTESIAN_POINT('',(1.226674050702,3.6));
#4690 = ( GEOMETRIC_REPRESENTATION_CONTEXT(2) 
PARAMETRIC_REPRESENTATION_CONTEXT() REPRESENTATION_CONTEXT('2D SPACE',''
  ) );
#4691 = ORIENTED_EDGE('',*,*,#4692,.F.);
#4692 = EDGE_CURVE('',#4693,#4625,#4695,.T.);
#4693 = VERTEX_POINT('',#4694);
#4694 = CARTESIAN_POINT('',(-3.395175350758,-248.5370779925,
    -233.9906511524));
#4695 = SURFACE_CURVE('',#4696,(#4701,#4730),.PCURVE_S1.);
#4696 = ( BOUNDED_CURVE() B_SPLINE_CURVE(3,(#4697,#4698,#4699,#4700),
.UNSPECIFIED.,.F.,.F.) B_SPLINE_CURVE_WITH_KNOTS((4,4),(2.110943359624,
2.300598335165),.PIECEWISE_BEZIER_KNOTS.) CURVE() 
GEOMETRIC_REPRESENTATION_ITEM() RATIONAL_B_SPLINE_CURVE((1.,
0.997004827976,0.997004827976,1.)) REPRESENTATION_ITEM('') );
#4697 = CARTESIAN_POINT('',(-3.395175350758,-248.5370779925,
    -233.9906511524));
#4698 = CARTESIAN_POINT('',(-3.39517542166,-248.8192465746,
    -234.1371693877));
#4699 = CARTESIAN_POINT('',(-3.395175486172,-249.0841269875,
    -234.3061655425));
#4700 = CARTESIAN_POINT('',(-3.395175545894,-249.329339144,
    -234.4961210994));
#4701 = PCURVE('',#1875,#4702);
#4702 = DEFINITIONAL_REPRESENTATION('',(#4703),#4729);
#4703 = B_SPLINE_CURVE_WITH_KNOTS('',3,(#4704,#4705,#4706,#4707,#4708,
    #4709,#4710,#4711,#4712,#4713,#4714,#4715,#4716,#4717,#4718,#4719,
    #4720,#4721,#4722,#4723,#4724,#4725,#4726,#4727,#4728),
  .UNSPECIFIED.,.F.,.F.,(4,1,1,1,1,1,1,1,1,1,1,1,1,1,1,1,1,1,1,1,1,1,4),
  (2.110943359624,2.11956404033,2.128184721037,2.136805401743,
    2.14542608245,2.154046763156,2.162667443862,2.171288124569,
    2.179908805275,2.188529485982,2.197150166688,2.205770847395,
    2.214391528101,2.223012208807,2.231632889514,2.24025357022,
    2.248874250927,2.257494931633,2.266115612339,2.274736293046,
    2.283356973752,2.291977654459,2.300598335165),.UNSPECIFIED.);
#4704 = CARTESIAN_POINT('',(2.110943359832,-16.80063250708));
#4705 = CARTESIAN_POINT('',(2.113812615306,-16.80702757452));
#4706 = CARTESIAN_POINT('',(2.119552298375,-16.81978730782));
#4707 = CARTESIAN_POINT('',(2.128165021456,-16.83883348209));
#4708 = CARTESIAN_POINT('',(2.136780625387,-16.85778400261));
#4709 = CARTESIAN_POINT('',(2.145398791645,-16.87663666623));
#4710 = CARTESIAN_POINT('',(2.1540192012,-16.89538928728));
#4711 = CARTESIAN_POINT('',(2.162641534509,-16.9140397006));
#4712 = CARTESIAN_POINT('',(2.171265471604,-16.9325857618));
#4713 = CARTESIAN_POINT('',(2.179890692156,-16.9510253482));
#4714 = CARTESIAN_POINT('',(2.188516875553,-16.96935635965));
#4715 = CARTESIAN_POINT('',(2.197143700966,-16.98757671928));
#4716 = CARTESIAN_POINT('',(2.205770847423,-17.00568437433));
#4717 = CARTESIAN_POINT('',(2.214397993882,-17.0236772969));
#4718 = CARTESIAN_POINT('',(2.223024819299,-17.0415534847));
#4719 = CARTESIAN_POINT('',(2.231651002702,-17.05931096179));
#4720 = CARTESIAN_POINT('',(2.240276223263,-17.07694777934));
#4721 = CARTESIAN_POINT('',(2.248900160369,-17.09446201631));
#4722 = CARTESIAN_POINT('',(2.257522493692,-17.11185178014));
#4723 = CARTESIAN_POINT('',(2.266142903265,-17.12911520751));
#4724 = CARTESIAN_POINT('',(2.274761069541,-17.14625046471));
#4725 = CARTESIAN_POINT('',(2.283376673495,-17.16325574938));
#4726 = CARTESIAN_POINT('',(2.291989396601,-17.18012928705));
#4727 = CARTESIAN_POINT('',(2.297729079688,-17.19128932699));
#4728 = CARTESIAN_POINT('',(2.300598335172,-17.19684681013));
#4729 = ( GEOMETRIC_REPRESENTATION_CONTEXT(2) 
PARAMETRIC_REPRESENTATION_CONTEXT() REPRESENTATION_CONTEXT('2D SPACE',''
  ) );
#4730 = PCURVE('',#4731,#4736);
#4731 = PLANE('',#4732);
#4732 = AXIS2_PLACEMENT_3D('',#4733,#4734,#4735);
#4733 = CARTESIAN_POINT('',(-3.395175629631,-249.6731552185,
    -231.3999999999));
#4734 = DIRECTION('',(1.,-2.435520001868E-07,3.064102027429E-16));
#4735 = DIRECTION('',(2.435520001868E-07,1.,8.673618126152E-16));
#4736 = DEFINITIONAL_REPRESENTATION('',(#4737),#4742);
#4737 = ( BOUNDED_CURVE() B_SPLINE_CURVE(3,(#4738,#4739,#4740,#4741),
.UNSPECIFIED.,.F.,.F.) B_SPLINE_CURVE_WITH_KNOTS((4,4),(2.110943359624,
2.300598335165),.PIECEWISE_BEZIER_KNOTS.) CURVE() 
GEOMETRIC_REPRESENTATION_ITEM() RATIONAL_B_SPLINE_CURVE((1.,
0.997004827976,0.997004827976,1.)) REPRESENTATION_ITEM('') );
#4738 = CARTESIAN_POINT('',(1.13607722601,-2.5906511525));
#4739 = CARTESIAN_POINT('',(0.85390864395,-2.7371693878));
#4740 = CARTESIAN_POINT('',(0.589028231042,-2.9061655426));
#4741 = CARTESIAN_POINT('',(0.343816074494,-3.0961210995));
#4742 = ( GEOMETRIC_REPRESENTATION_CONTEXT(2) 
PARAMETRIC_REPRESENTATION_CONTEXT() REPRESENTATION_CONTEXT('2D SPACE',''
  ) );
#4743 = ORIENTED_EDGE('',*,*,#4744,.F.);
#4744 = EDGE_CURVE('',#4745,#4693,#4747,.T.);
#4745 = VERTEX_POINT('',#4746);
#4746 = CARTESIAN_POINT('',(-5.745057602345,-243.9366212611,
    -234.3633288931));
#4747 = SURFACE_CURVE('',#4748,(#4766,#4817),.PCURVE_S1.);
#4748 = B_SPLINE_CURVE_WITH_KNOTS('',3,(#4749,#4750,#4751,#4752,#4753,
    #4754,#4755,#4756,#4757,#4758,#4759,#4760,#4761,#4762,#4763,#4764,
    #4765),.UNSPECIFIED.,.F.,.F.,(4,2,2,2,1,2,2,2,4),(0.,0.25,0.375,
    0.4375,0.46875,0.484375,0.5,0.75,1.),.UNSPECIFIED.);
#4749 = CARTESIAN_POINT('',(-5.745057602345,-243.9366212611,
    -234.3633288931));
#4750 = CARTESIAN_POINT('',(-5.742201885091,-244.3849957793,
    -234.0453614632));
#4751 = CARTESIAN_POINT('',(-5.680050975992,-244.8379070598,
    -233.8092264164));
#4752 = CARTESIAN_POINT('',(-5.522394544381,-245.4816337869,
    -233.5658458588));
#4753 = CARTESIAN_POINT('',(-5.45902473039,-245.6904066874,
    -233.5029897468));
#4754 = CARTESIAN_POINT('',(-5.350046535982,-245.9908741791,
    -233.4332758639));
#4755 = CARTESIAN_POINT('',(-5.311394387443,-246.0889242317,
    -233.4141260391));
#4756 = CARTESIAN_POINT('',(-5.250165812472,-246.2324271925,
    -233.3911290629));
#4757 = CARTESIAN_POINT('',(-5.218738429522,-246.3032865219,
    -233.381062093));
#4758 = CARTESIAN_POINT('',(-5.186131640208,-246.3727379523,
    -233.3730632755));
#4759 = CARTESIAN_POINT('',(-5.164135852656,-246.4187188322,
    -233.3681813421));
#4760 = CARTESIAN_POINT('',(-5.153846691556,-246.4398619898,
    -233.366114178));
#4761 = CARTESIAN_POINT('',(-4.948292125325,-246.8538803547,
    -233.3296774551));
#4762 = CARTESIAN_POINT('',(-4.698704351987,-247.2341050991,
    -233.3577396701));
#4763 = CARTESIAN_POINT('',(-4.108335373477,-247.9392158039,
    -233.5613533794));
#4764 = CARTESIAN_POINT('',(-3.767613860604,-248.2639984033,
    -233.7371663148));
#4765 = CARTESIAN_POINT('',(-3.395175350758,-248.5370779925,
    -233.9906511524));
#4766 = PCURVE('',#1875,#4767);
#4767 = DEFINITIONAL_REPRESENTATION('',(#4768),#4816);
#4768 = B_SPLINE_CURVE_WITH_KNOTS('',3,(#4769,#4770,#4771,#4772,#4773,
    #4774,#4775,#4776,#4777,#4778,#4779,#4780,#4781,#4782,#4783,#4784,
    #4785,#4786,#4787,#4788,#4789,#4790,#4791,#4792,#4793,#4794,#4795,
    #4796,#4797,#4798,#4799,#4800,#4801,#4802,#4803,#4804,#4805,#4806,
    #4807,#4808,#4809,#4810,#4811,#4812,#4813,#4814,#4815),
  .UNSPECIFIED.,.F.,.F.,(4,1,1,1,1,1,1,1,1,1,1,1,1,1,1,1,1,1,1,1,1,1,1,1
    ,1,1,1,1,1,1,1,1,1,1,1,1,1,1,1,1,1,1,1,1,4),(0.,2.272727272727E-02,
    4.545454545455E-02,6.818181818182E-02,9.090909090909E-02,
    0.113636363636,0.136363636364,0.159090909091,0.181818181818,
    0.204545454545,0.227272727273,0.25,0.272727272727,0.295454545455,
    0.318181818182,0.340909090909,0.363636363636,0.386363636364,
    0.409090909091,0.431818181818,0.454545454545,0.477272727273,0.5,
    0.522727272727,0.545454545455,0.568181818182,0.590909090909,
    0.613636363636,0.636363636364,0.659090909091,0.681818181818,
    0.704545454545,0.727272727273,0.75,0.772727272727,0.795454545455,
    0.818181818182,0.840909090909,0.863636363636,0.886363636364,
    0.909090909091,0.931818181818,0.954545454545,0.977272727273,1.),
  .UNSPECIFIED.);
#4769 = CARTESIAN_POINT('',(0.886423675901,-16.53483355619));
#4770 = CARTESIAN_POINT('',(0.896584430268,-16.55499370151));
#4771 = CARTESIAN_POINT('',(0.916812016427,-16.59450277445));
#4772 = CARTESIAN_POINT('',(0.946877276469,-16.65133273071));
#4773 = CARTESIAN_POINT('',(0.976672702574,-16.70572903383));
#4774 = CARTESIAN_POINT('',(1.006202351464,-16.7576916838));
#4775 = CARTESIAN_POINT('',(1.035468891971,-16.80722068064));
#4776 = CARTESIAN_POINT('',(1.064473468647,-16.85431602433));
#4777 = CARTESIAN_POINT('',(1.093215821334,-16.89897771488));
#4778 = CARTESIAN_POINT('',(1.121694405125,-16.94120575228));
#4779 = CARTESIAN_POINT('',(1.149906293719,-16.98100013655));
#4780 = CARTESIAN_POINT('',(1.177847983309,-17.01836086765));
#4781 = CARTESIAN_POINT('',(1.205512838984,-17.05328794571));
#4782 = CARTESIAN_POINT('',(1.232901091965,-17.08578137023));
#4783 = CARTESIAN_POINT('',(1.260021597149,-17.11584114311));
#4784 = CARTESIAN_POINT('',(1.28687413457,-17.14346725723));
#4785 = CARTESIAN_POINT('',(1.313459457356,-17.16865973919));
#4786 = CARTESIAN_POINT('',(1.339776311414,-17.1914184897));
#4787 = CARTESIAN_POINT('',(1.36582363363,-17.21174387928));
#4788 = CARTESIAN_POINT('',(1.39159727054,-17.2296345252));
#4789 = CARTESIAN_POINT('',(1.417119963359,-17.24509558784));
#4790 = CARTESIAN_POINT('',(1.442308349081,-17.25810780838));
#4791 = CARTESIAN_POINT('',(1.467470933279,-17.26874306178));
#4792 = CARTESIAN_POINT('',(1.491457848859,-17.27673310698));
#4793 = CARTESIAN_POINT('',(1.5185599709,-17.28307903322));
#4794 = CARTESIAN_POINT('',(1.545032915558,-17.28651291106));
#4795 = CARTESIAN_POINT('',(1.571876700135,-17.28737448115));
#4796 = CARTESIAN_POINT('',(1.598820674951,-17.28557271027));
#4797 = CARTESIAN_POINT('',(1.625935341564,-17.2811319907));
#4798 = CARTESIAN_POINT('',(1.653200550733,-17.27404578654));
#4799 = CARTESIAN_POINT('',(1.68062128525,-17.26431584909));
#4800 = CARTESIAN_POINT('',(1.708196711063,-17.25194170908));
#4801 = CARTESIAN_POINT('',(1.735928555136,-17.23692349226));
#4802 = CARTESIAN_POINT('',(1.763818890254,-17.21926116492));
#4803 = CARTESIAN_POINT('',(1.791870944994,-17.19895473611));
#4804 = CARTESIAN_POINT('',(1.820088383255,-17.17600420339));
#4805 = CARTESIAN_POINT('',(1.848467664428,-17.15040956742));
#4806 = CARTESIAN_POINT('',(1.877006124685,-17.12217082803));
#4807 = CARTESIAN_POINT('',(1.90570146689,-17.09128798526));
#4808 = CARTESIAN_POINT('',(1.934552012804,-17.0577610391));
#4809 = CARTESIAN_POINT('',(1.963556747887,-17.02158998955));
#4810 = CARTESIAN_POINT('',(1.992715421774,-16.98277483661));
#4811 = CARTESIAN_POINT('',(2.022028617991,-16.94131558029));
#4812 = CARTESIAN_POINT('',(2.051497871876,-16.89721222057));
#4813 = CARTESIAN_POINT('',(2.081125603642,-16.85046475747));
#4814 = CARTESIAN_POINT('',(2.100985678829,-16.81753704648));
#4815 = CARTESIAN_POINT('',(2.110943359832,-16.80063250708));
#4816 = ( GEOMETRIC_REPRESENTATION_CONTEXT(2) 
PARAMETRIC_REPRESENTATION_CONTEXT() REPRESENTATION_CONTEXT('2D SPACE',''
  ) );
#4817 = PCURVE('',#4818,#4823);
#4818 = CYLINDRICAL_SURFACE('',#4819,5.75);
#4819 = AXIS2_PLACEMENT_3D('',#4820,#4821,#4822);
#4820 = CARTESIAN_POINT('',(4.825803776995E-03,-243.9011409027,
    -231.3997896313));
#4821 = DIRECTION('',(-2.493649894255E-10,-2.126383144178E-05,
    -0.999999999774));
#4822 = DIRECTION('',(2.489517708712E-07,0.999999999774,
    -2.126383144184E-05));
#4823 = DEFINITIONAL_REPRESENTATION('',(#4824),#4872);
#4824 = B_SPLINE_CURVE_WITH_KNOTS('',3,(#4825,#4826,#4827,#4828,#4829,
    #4830,#4831,#4832,#4833,#4834,#4835,#4836,#4837,#4838,#4839,#4840,
    #4841,#4842,#4843,#4844,#4845,#4846,#4847,#4848,#4849,#4850,#4851,
    #4852,#4853,#4854,#4855,#4856,#4857,#4858,#4859,#4860,#4861,#4862,
    #4863,#4864,#4865,#4866,#4867,#4868,#4869,#4870,#4871),
  .UNSPECIFIED.,.F.,.F.,(4,1,1,1,1,1,1,1,1,1,1,1,1,1,1,1,1,1,1,1,1,1,1,1
    ,1,1,1,1,1,1,1,1,1,1,1,1,1,1,1,1,1,1,1,1,4),(0.,2.272727272727E-02,
    4.545454545455E-02,6.818181818182E-02,9.090909090909E-02,
    0.113636363636,0.136363636364,0.159090909091,0.181818181818,
    0.204545454545,0.227272727273,0.25,0.272727272727,0.295454545455,
    0.318181818182,0.340909090909,0.363636363636,0.386363636364,
    0.409090909091,0.431818181818,0.454545454545,0.477272727273,0.5,
    0.522727272727,0.545454545455,0.568181818182,0.590909090909,
    0.613636363636,0.636363636364,0.659090909091,0.681818181818,
    0.704545454545,0.727272727273,0.75,0.772727272727,0.795454545455,
    0.818181818182,0.840909090909,0.863636363636,0.886363636364,
    0.909090909091,0.931818181818,0.954545454545,0.977272727273,1.),
  .QUASI_UNIFORM_KNOTS.);
#4825 = CARTESIAN_POINT('',(4.706229146672,2.963540017012));
#4826 = CARTESIAN_POINT('',(4.699140053822,2.93463475377));
#4827 = CARTESIAN_POINT('',(4.684947367509,2.878176830259));
#4828 = CARTESIAN_POINT('',(4.663625524621,2.797511908732));
#4829 = CARTESIAN_POINT('',(4.642281137995,2.720833106004));
#4830 = CARTESIAN_POINT('',(4.62092594289,2.648104576283));
#4831 = CARTESIAN_POINT('',(4.599572548323,2.579290476938));
#4832 = CARTESIAN_POINT('',(4.578234499958,2.514354953555));
#4833 = CARTESIAN_POINT('',(4.55692617019,2.453262195681));
#4834 = CARTESIAN_POINT('',(4.535662656607,2.395976228808));
#4835 = CARTESIAN_POINT('',(4.514459794542,2.34246169068));
#4836 = CARTESIAN_POINT('',(4.493333683514,2.292680934097));
#4837 = CARTESIAN_POINT('',(4.47230202742,2.246604839375));
#4838 = CARTESIAN_POINT('',(4.451378694654,2.204172461717));
#4839 = CARTESIAN_POINT('',(4.430571562469,2.165290527734));
#4840 = CARTESIAN_POINT('',(4.40989283705,2.129897559335));
#4841 = CARTESIAN_POINT('',(4.38935356125,2.097923655265));
#4842 = CARTESIAN_POINT('',(4.368965310005,2.06930081162));
#4843 = CARTESIAN_POINT('',(4.348738558852,2.043961858254));
#4844 = CARTESIAN_POINT('',(4.328685658292,2.021829079003));
#4845 = CARTESIAN_POINT('',(4.308796778185,2.002817917876));
#4846 = CARTESIAN_POINT('',(4.289144004301,1.986874658248));
#4847 = CARTESIAN_POINT('',(4.269491924622,1.973829045823));
#4848 = CARTESIAN_POINT('',(4.250744727943,1.963931472365));
#4849 = CARTESIAN_POINT('',(4.229549966362,1.955859334888));
#4850 = CARTESIAN_POINT('',(4.208836307556,1.951269915223));
#4851 = CARTESIAN_POINT('',(4.187825982589,1.949784240941));
#4852 = CARTESIAN_POINT('',(4.166734810956,1.951568952555));
#4853 = CARTESIAN_POINT('',(4.145512789548,1.956644493071));
#4854 = CARTESIAN_POINT('',(4.124181504841,1.965070482579));
#4855 = CARTESIAN_POINT('',(4.102743672716,1.976896030341));
#4856 = CARTESIAN_POINT('',(4.081207329675,1.992173111848));
#4857 = CARTESIAN_POINT('',(4.05957927697,2.010952748501));
#4858 = CARTESIAN_POINT('',(4.037866848944,2.033286911828));
#4859 = CARTESIAN_POINT('',(4.016077120283,2.059224726947));
#4860 = CARTESIAN_POINT('',(3.994218023635,2.088825754485));
#4861 = CARTESIAN_POINT('',(3.972302477832,2.122114735233));
#4862 = CARTESIAN_POINT('',(3.950342386198,2.159105990014));
#4863 = CARTESIAN_POINT('',(3.928349597984,2.199816631675));
#4864 = CARTESIAN_POINT('',(3.906335553735,2.24426302494));
#4865 = CARTESIAN_POINT('',(3.884311285216,2.292461734992));
#4866 = CARTESIAN_POINT('',(3.862287320084,2.344429273303));
#4867 = CARTESIAN_POINT('',(3.840273623529,2.400182165735));
#4868 = CARTESIAN_POINT('',(3.818279500994,2.459736934296));
#4869 = CARTESIAN_POINT('',(3.796313636029,2.523110102025));
#4870 = CARTESIAN_POINT('',(3.781693642116,2.567915495132));
#4871 = CARTESIAN_POINT('',(3.774390944407,2.590960099147));
#4872 = ( GEOMETRIC_REPRESENTATION_CONTEXT(2) 
PARAMETRIC_REPRESENTATION_CONTEXT() REPRESENTATION_CONTEXT('2D SPACE',''
  ) );
#4873 = ORIENTED_EDGE('',*,*,#4874,.T.);
#4874 = EDGE_CURVE('',#4745,#4233,#4875,.T.);
#4875 = SURFACE_CURVE('',#4876,(#4881,#4910),.PCURVE_S1.);
#4876 = B_SPLINE_CURVE_WITH_KNOTS('',3,(#4877,#4878,#4879,#4880),
  .UNSPECIFIED.,.F.,.F.,(4,4),(0.,1.),.PIECEWISE_BEZIER_KNOTS.);
#4877 = CARTESIAN_POINT('',(-5.745057602345,-243.9366212611,
    -234.3633288931));
#4878 = CARTESIAN_POINT('',(-6.217184919528,-243.9318564766,
    -234.5593449747));
#4879 = CARTESIAN_POINT('',(-6.635778011458,-243.9283283938,
    -234.7739717384));
#4880 = CARTESIAN_POINT('',(-7.000410355782,-243.9252980467,
    -234.9999999999));
#4881 = PCURVE('',#1875,#4882);
#4882 = DEFINITIONAL_REPRESENTATION('',(#4883),#4909);
#4883 = B_SPLINE_CURVE_WITH_KNOTS('',3,(#4884,#4885,#4886,#4887,#4888,
    #4889,#4890,#4891,#4892,#4893,#4894,#4895,#4896,#4897,#4898,#4899,
    #4900,#4901,#4902,#4903,#4904,#4905,#4906,#4907,#4908),
  .UNSPECIFIED.,.F.,.F.,(4,1,1,1,1,1,1,1,1,1,1,1,1,1,1,1,1,1,1,1,1,1,4),
  (0.,4.545454545455E-02,9.090909090909E-02,0.136363636364,
    0.181818181818,0.227272727273,0.272727272727,0.318181818182,
    0.363636363636,0.409090909091,0.454545454545,0.5,0.545454545455,
    0.590909090909,0.636363636364,0.681818181818,0.727272727273,
    0.772727272727,0.818181818182,0.863636363636,0.909090909091,
    0.954545454545,1.),.UNSPECIFIED.);
#4884 = CARTESIAN_POINT('',(0.886423675901,-16.53483355619));
#4885 = CARTESIAN_POINT('',(0.883291755204,-16.55330912905));
#4886 = CARTESIAN_POINT('',(0.877036916341,-16.59007126543));
#4887 = CARTESIAN_POINT('',(0.867681388412,-16.64464702566));
#4888 = CARTESIAN_POINT('',(0.858352308454,-16.69865492517));
#4889 = CARTESIAN_POINT('',(0.849049412169,-16.75209454759));
#4890 = CARTESIAN_POINT('',(0.839772447061,-16.80496547655));
#4891 = CARTESIAN_POINT('',(0.830521174055,-16.85726729569));
#4892 = CARTESIAN_POINT('',(0.82129536698,-16.90899958863));
#4893 = CARTESIAN_POINT('',(0.812094812612,-16.96016193902));
#4894 = CARTESIAN_POINT('',(0.802919310557,-17.01075393047));
#4895 = CARTESIAN_POINT('',(0.793768673166,-17.06077514663));
#4896 = CARTESIAN_POINT('',(0.784642725427,-17.11022517113));
#4897 = CARTESIAN_POINT('',(0.775541304857,-17.1591035876));
#4898 = CARTESIAN_POINT('',(0.766464261381,-17.20740997966));
#4899 = CARTESIAN_POINT('',(0.757411457204,-17.25514393096));
#4900 = CARTESIAN_POINT('',(0.74838276668,-17.30230502512));
#4901 = CARTESIAN_POINT('',(0.739378076167,-17.34889284578));
#4902 = CARTESIAN_POINT('',(0.730397283879,-17.39490697656));
#4903 = CARTESIAN_POINT('',(0.72144029975,-17.44034700111));
#4904 = CARTESIAN_POINT('',(0.712507045177,-17.48521250305));
#4905 = CARTESIAN_POINT('',(0.703597453224,-17.52950306601));
#4906 = CARTESIAN_POINT('',(0.694711467064,-17.57321827364));
#4907 = CARTESIAN_POINT('',(0.688803185657,-17.60197789758));
#4908 = CARTESIAN_POINT('',(0.685852964619,-17.6162616782));
#4909 = ( GEOMETRIC_REPRESENTATION_CONTEXT(2) 
PARAMETRIC_REPRESENTATION_CONTEXT() REPRESENTATION_CONTEXT('2D SPACE',''
  ) );
#4910 = PCURVE('',#4911,#4916);
#4911 = CYLINDRICAL_SURFACE('',#4912,4.5);
#4912 = AXIS2_PLACEMENT_3D('',#4913,#4914,#4915);
#4913 = CARTESIAN_POINT('',(-10.28100841101,-237.9643031138,
    -237.7999999999));
#4914 = DIRECTION('',(0.866086291565,-0.499894524438,-1.68211524377E-16)
  );
#4915 = DIRECTION('',(0.499894524438,0.866086291565,1.232595164408E-32)
  );
#4916 = DEFINITIONAL_REPRESENTATION('',(#4917),#4943);
#4917 = B_SPLINE_CURVE_WITH_KNOTS('',3,(#4918,#4919,#4920,#4921,#4922,
    #4923,#4924,#4925,#4926,#4927,#4928,#4929,#4930,#4931,#4932,#4933,
    #4934,#4935,#4936,#4937,#4938,#4939,#4940,#4941,#4942),
  .UNSPECIFIED.,.F.,.F.,(4,1,1,1,1,1,1,1,1,1,1,1,1,1,1,1,1,1,1,1,1,1,4),
  (0.,4.545454545455E-02,9.090909090909E-02,0.136363636364,
    0.181818181818,0.227272727273,0.272727272727,0.318181818182,
    0.363636363636,0.409090909091,0.454545454545,0.5,0.545454545455,
    0.590909090909,0.636363636364,0.681818181818,0.727272727273,
    0.772727272727,0.818181818182,0.863636363636,0.909090909091,
    0.954545454545,1.),.UNSPECIFIED.);
#4918 = CARTESIAN_POINT('',(2.272560183487,6.914053954593));
#4919 = CARTESIAN_POINT('',(2.275627198358,6.895359187003));
#4920 = CARTESIAN_POINT('',(2.281754248024,6.858163798432));
#4921 = CARTESIAN_POINT('',(2.290923982688,6.802953155398));
#4922 = CARTESIAN_POINT('',(2.300072982567,6.748324952188));
#4923 = CARTESIAN_POINT('',(2.309201336382,6.694279188801));
#4924 = CARTESIAN_POINT('',(2.318309122391,6.640815865237));
#4925 = CARTESIAN_POINT('',(2.327396407061,6.587934981497));
#4926 = CARTESIAN_POINT('',(2.336463245684,6.53563653758));
#4927 = CARTESIAN_POINT('',(2.345509682469,6.483920533486));
#4928 = CARTESIAN_POINT('',(2.354535750787,6.432786969215));
#4929 = CARTESIAN_POINT('',(2.363541473382,6.382235844767));
#4930 = CARTESIAN_POINT('',(2.372526862595,6.332267160143));
#4931 = CARTESIAN_POINT('',(2.381491920592,6.282880915342));
#4932 = CARTESIAN_POINT('',(2.390436639596,6.234077110364));
#4933 = CARTESIAN_POINT('',(2.399361002124,6.18585574521));
#4934 = CARTESIAN_POINT('',(2.408264981226,6.138216819878));
#4935 = CARTESIAN_POINT('',(2.41714854073,6.09116033437));
#4936 = CARTESIAN_POINT('',(2.426011635496,6.044686288686));
#4937 = CARTESIAN_POINT('',(2.434854211646,5.998794682824));
#4938 = CARTESIAN_POINT('',(2.443676206887,5.953485516786));
#4939 = CARTESIAN_POINT('',(2.452477550518,5.908758790571));
#4940 = CARTESIAN_POINT('',(2.461258164635,5.864614504179));
#4941 = CARTESIAN_POINT('',(2.46709802878,5.835573273134));
#4942 = CARTESIAN_POINT('',(2.470014476972,5.821149730915));
#4943 = ( GEOMETRIC_REPRESENTATION_CONTEXT(2) 
PARAMETRIC_REPRESENTATION_CONTEXT() REPRESENTATION_CONTEXT('2D SPACE',''
  ) );
#4944 = ADVANCED_FACE('',(#4945),#4911,.F.);
#4945 = FACE_BOUND('',#4946,.F.);
#4946 = EDGE_LOOP('',(#4947,#5028,#5098,#5119,#5120,#5245,#5297,#5370,
    #5398,#5473));
#4947 = ORIENTED_EDGE('',*,*,#4948,.T.);
#4948 = EDGE_CURVE('',#4949,#4951,#4953,.T.);
#4949 = VERTEX_POINT('',#4950);
#4950 = CARTESIAN_POINT('',(-7.883663027007,-237.0073359333,
    -233.782499004));
#4951 = VERTEX_POINT('',#4952);
#4952 = CARTESIAN_POINT('',(-8.970572647477,-240.2213829874,
    -233.4917915995));
#4953 = SURFACE_CURVE('',#4954,(#4965,#4994),.PCURVE_S1.);
#4954 = B_SPLINE_CURVE_WITH_KNOTS('',3,(#4955,#4956,#4957,#4958,#4959,
    #4960,#4961,#4962,#4963,#4964),.UNSPECIFIED.,.F.,.F.,(4,2,2,2,4),(0.
    ,0.25,0.375,0.5,1.),.UNSPECIFIED.);
#4955 = CARTESIAN_POINT('',(-7.883663027007,-237.0073359333,
    -233.782499004));
#4956 = CARTESIAN_POINT('',(-7.952551287458,-237.2629676113,
    -233.6534038631));
#4957 = CARTESIAN_POINT('',(-8.026993712141,-237.5242529718,
    -233.5501851461));
#4958 = CARTESIAN_POINT('',(-8.14783883026,-237.9242255516,
    -233.4341717064));
#4959 = CARTESIAN_POINT('',(-8.189651047445,-238.0588898207,
    -233.4019696658));
#4960 = CARTESIAN_POINT('',(-8.276481105971,-238.3308173416,
    -233.3505037966));
#4961 = CARTESIAN_POINT('',(-8.321082658497,-238.4668456407,
    -233.3313540387));
#4962 = CARTESIAN_POINT('',(-8.556633120176,-239.1656163375,
    -233.2668100717));
#4963 = CARTESIAN_POINT('',(-8.758479785818,-239.7039010285,
    -233.3245921898));
#4964 = CARTESIAN_POINT('',(-8.970572647477,-240.2213829874,
    -233.4917915995));
#4965 = PCURVE('',#4911,#4966);
#4966 = DEFINITIONAL_REPRESENTATION('',(#4967),#4993);
#4967 = B_SPLINE_CURVE_WITH_KNOTS('',3,(#4968,#4969,#4970,#4971,#4972,
    #4973,#4974,#4975,#4976,#4977,#4978,#4979,#4980,#4981,#4982,#4983,
    #4984,#4985,#4986,#4987,#4988,#4989,#4990,#4991,#4992),
  .UNSPECIFIED.,.F.,.F.,(4,1,1,1,1,1,1,1,1,1,1,1,1,1,1,1,1,1,1,1,1,1,4),
  (0.,4.545454545455E-02,9.090909090909E-02,0.136363636364,
    0.181818181818,0.227272727273,0.272727272727,0.318181818182,
    0.363636363636,0.409090909091,0.454545454545,0.5,0.545454545455,
    0.590909090909,0.636363636364,0.681818181818,0.727272727273,
    0.772727272727,0.818181818182,0.863636363636,0.909090909091,
    0.954545454545,1.),.QUASI_UNIFORM_KNOTS.);
#4968 = CARTESIAN_POINT('',(1.103474504149,1.597925319626));
#4969 = CARTESIAN_POINT('',(1.115052852878,1.610311810186));
#4970 = CARTESIAN_POINT('',(1.138138538641,1.634953607701));
#4971 = CARTESIAN_POINT('',(1.17259450309,1.671499816053));
#4972 = CARTESIAN_POINT('',(1.206917953899,1.707606572183));
#4973 = CARTESIAN_POINT('',(1.241150412811,1.743251006997));
#4974 = CARTESIAN_POINT('',(1.275333572959,1.778409897766));
#4975 = CARTESIAN_POINT('',(1.309510789919,1.813061341096));
#4976 = CARTESIAN_POINT('',(1.343720589913,1.847178049308));
#4977 = CARTESIAN_POINT('',(1.378018690978,1.880748455606));
#4978 = CARTESIAN_POINT('',(1.412395272157,1.913702383946));
#4979 = CARTESIAN_POINT('',(1.446805452902,1.94593826969));
#4980 = CARTESIAN_POINT('',(1.481757203883,1.977855868639));
#4981 = CARTESIAN_POINT('',(1.516934530888,2.009102304186));
#4982 = CARTESIAN_POINT('',(1.551796231065,2.039159125342));
#4983 = CARTESIAN_POINT('',(1.586536503313,2.06818069176));
#4984 = CARTESIAN_POINT('',(1.621153972497,2.096141084026));
#4985 = CARTESIAN_POINT('',(1.65570075475,2.123062688355));
#4986 = CARTESIAN_POINT('',(1.690215351958,2.148954947509));
#4987 = CARTESIAN_POINT('',(1.724740273844,2.173830772437));
#4988 = CARTESIAN_POINT('',(1.759316976209,2.19770214479));
#4989 = CARTESIAN_POINT('',(1.793986831339,2.220581295228));
#4990 = CARTESIAN_POINT('',(1.828790645724,2.242480387667));
#4991 = CARTESIAN_POINT('',(1.852108826248,2.256434531885));
#4992 = CARTESIAN_POINT('',(1.863803471117,2.263252320767));
#4993 = ( GEOMETRIC_REPRESENTATION_CONTEXT(2) 
PARAMETRIC_REPRESENTATION_CONTEXT() REPRESENTATION_CONTEXT('2D SPACE',''
  ) );
#4994 = PCURVE('',#4995,#5000);
#4995 = CYLINDRICAL_SURFACE('',#4996,27.);
#4996 = AXIS2_PLACEMENT_3D('',#4997,#4998,#4999);
#4997 = CARTESIAN_POINT('',(-33.95364042865,-229.9819335763,
    -214.9999999999));
#4998 = DIRECTION('',(3.064104139906E-16,8.673617379884E-16,-1.));
#4999 = DIRECTION('',(-2.435520000697E-07,-1.,-8.673618126152E-16));
#5000 = DEFINITIONAL_REPRESENTATION('',(#5001),#5027);
#5001 = B_SPLINE_CURVE_WITH_KNOTS('',3,(#5002,#5003,#5004,#5005,#5006,
    #5007,#5008,#5009,#5010,#5011,#5012,#5013,#5014,#5015,#5016,#5017,
    #5018,#5019,#5020,#5021,#5022,#5023,#5024,#5025,#5026),
  .UNSPECIFIED.,.F.,.F.,(4,1,1,1,1,1,1,1,1,1,1,1,1,1,1,1,1,1,1,1,1,1,4),
  (0.,4.545454545455E-02,9.090909090909E-02,0.136363636364,
    0.181818181818,0.227272727273,0.272727272727,0.318181818182,
    0.363636363636,0.409090909091,0.454545454545,0.5,0.545454545455,
    0.590909090909,0.636363636364,0.681818181818,0.727272727273,
    0.772727272727,0.818181818182,0.863636363636,0.909090909091,
    0.954545454545,1.),.UNSPECIFIED.);
#5002 = CARTESIAN_POINT('',(4.975618159185,18.7824990041));
#5003 = CARTESIAN_POINT('',(4.977400995664,18.7590271603));
#5004 = CARTESIAN_POINT('',(4.980983571968,18.713794310914));
#5005 = CARTESIAN_POINT('',(4.986408137038,18.651077549043));
#5006 = CARTESIAN_POINT('',(4.991883385173,18.593493306682));
#5007 = CARTESIAN_POINT('',(4.997409327296,18.541041557044));
#5008 = CARTESIAN_POINT('',(5.002985923445,18.493722399973));
#5009 = CARTESIAN_POINT('',(5.008613363737,18.451535462869));
#5010 = CARTESIAN_POINT('',(5.014291006445,18.414482136283));
#5011 = CARTESIAN_POINT('',(5.020021188161,18.382557230639));
#5012 = CARTESIAN_POINT('',(5.025795174211,18.355780113743));
#5013 = CARTESIAN_POINT('',(5.031598596924,18.334189575086));
#5014 = CARTESIAN_POINT('',(5.037510694116,18.317580235714));
#5015 = CARTESIAN_POINT('',(5.043471705262,18.306160954457));
#5016 = CARTESIAN_POINT('',(5.049383863511,18.300230450905));
#5017 = CARTESIAN_POINT('',(5.055273395989,18.299708683384));
#5018 = CARTESIAN_POINT('',(5.061133298405,18.304617098996));
#5019 = CARTESIAN_POINT('',(5.066965463496,18.314949951006));
#5020 = CARTESIAN_POINT('',(5.072769392776,18.330708779248));
#5021 = CARTESIAN_POINT('',(5.078545221233,18.351893171122));
#5022 = CARTESIAN_POINT('',(5.084292906942,18.378503237185));
#5023 = CARTESIAN_POINT('',(5.090012448072,18.41053894781));
#5024 = CARTESIAN_POINT('',(5.09570382542,18.448000310946));
#5025 = CARTESIAN_POINT('',(5.099479285427,18.476591653264));
#5026 = CARTESIAN_POINT('',(5.101362313822,18.4917915996));
#5027 = ( GEOMETRIC_REPRESENTATION_CONTEXT(2) 
PARAMETRIC_REPRESENTATION_CONTEXT() REPRESENTATION_CONTEXT('2D SPACE',''
  ) );
#5028 = ORIENTED_EDGE('',*,*,#5029,.T.);
#5029 = EDGE_CURVE('',#4951,#5030,#5032,.T.);
#5030 = VERTEX_POINT('',#5031);
#5031 = CARTESIAN_POINT('',(-9.583784509343,-242.4342057543,
    -234.9999999999));
#5032 = SURFACE_CURVE('',#5033,(#5040,#5069),.PCURVE_S1.);
#5033 = B_SPLINE_CURVE_WITH_KNOTS('',3,(#5034,#5035,#5036,#5037,#5038,
    #5039),.UNSPECIFIED.,.F.,.F.,(4,2,4),(0.,0.5,1.),.UNSPECIFIED.);
#5034 = CARTESIAN_POINT('',(-8.970572647477,-240.2213829874,
    -233.4917915995));
#5035 = CARTESIAN_POINT('',(-9.137894637177,-240.6296292165,
    -233.6236967362));
#5036 = CARTESIAN_POINT('',(-9.268731813537,-241.0282672106,
    -233.8195311861));
#5037 = CARTESIAN_POINT('',(-9.471355246434,-241.7910398756,
    -234.337045769));
#5038 = CARTESIAN_POINT('',(-9.537926960846,-242.1342249329,
    -234.6442829431));
#5039 = CARTESIAN_POINT('',(-9.583784509343,-242.4342057543,
    -234.9999999999));
#5040 = PCURVE('',#4911,#5041);
#5041 = DEFINITIONAL_REPRESENTATION('',(#5042),#5068);
#5042 = B_SPLINE_CURVE_WITH_KNOTS('',3,(#5043,#5044,#5045,#5046,#5047,
    #5048,#5049,#5050,#5051,#5052,#5053,#5054,#5055,#5056,#5057,#5058,
    #5059,#5060,#5061,#5062,#5063,#5064,#5065,#5066,#5067),
  .UNSPECIFIED.,.F.,.F.,(4,1,1,1,1,1,1,1,1,1,1,1,1,1,1,1,1,1,1,1,1,1,4),
  (0.,4.545454545455E-02,9.090909090909E-02,0.136363636364,
    0.181818181818,0.227272727273,0.272727272727,0.318181818182,
    0.363636363636,0.409090909091,0.454545454545,0.5,0.545454545455,
    0.590909090909,0.636363636364,0.681818181818,0.727272727273,
    0.772727272727,0.818181818182,0.863636363636,0.909090909091,
    0.954545454545,1.),.UNSPECIFIED.);
#5043 = CARTESIAN_POINT('',(1.863803471117,2.263252320767));
#5044 = CARTESIAN_POINT('',(1.873029428868,2.268630936493));
#5045 = CARTESIAN_POINT('',(1.891455683477,2.279831075312));
#5046 = CARTESIAN_POINT('',(1.919035844399,2.297915610112));
#5047 = CARTESIAN_POINT('',(1.94657446262,2.317240077765));
#5048 = CARTESIAN_POINT('',(1.974089508332,2.337760078214));
#5049 = CARTESIAN_POINT('',(2.001599078558,2.359431234952));
#5050 = CARTESIAN_POINT('',(2.029121254592,2.382209083603));
#5051 = CARTESIAN_POINT('',(2.056674415656,2.40604948772));
#5052 = CARTESIAN_POINT('',(2.084275706492,2.430907087005));
#5053 = CARTESIAN_POINT('',(2.111946429654,2.456741088644));
#5054 = CARTESIAN_POINT('',(2.139691577104,2.483493653728));
#5055 = CARTESIAN_POINT('',(2.167575867341,2.51117056025));
#5056 = CARTESIAN_POINT('',(2.195439604263,2.539540164691));
#5057 = CARTESIAN_POINT('',(2.223128282791,2.568349184636));
#5058 = CARTESIAN_POINT('',(2.250711899337,2.597581759177));
#5059 = CARTESIAN_POINT('',(2.278200763125,2.627158410504));
#5060 = CARTESIAN_POINT('',(2.305621491451,2.657016706906));
#5061 = CARTESIAN_POINT('',(2.332996501502,2.687089649181));
#5062 = CARTESIAN_POINT('',(2.360349364179,2.717311461986));
#5063 = CARTESIAN_POINT('',(2.387703237371,2.747616042043));
#5064 = CARTESIAN_POINT('',(2.415081134985,2.777937373948));
#5065 = CARTESIAN_POINT('',(2.442505780683,2.80820941874));
#5066 = CARTESIAN_POINT('',(2.460834784209,2.828313902116));
#5067 = CARTESIAN_POINT('',(2.470014476972,2.838335918111));
#5068 = ( GEOMETRIC_REPRESENTATION_CONTEXT(2) 
PARAMETRIC_REPRESENTATION_CONTEXT() REPRESENTATION_CONTEXT('2D SPACE',''
  ) );
#5069 = PCURVE('',#802,#5070);
#5070 = DEFINITIONAL_REPRESENTATION('',(#5071),#5097);
#5071 = B_SPLINE_CURVE_WITH_KNOTS('',3,(#5072,#5073,#5074,#5075,#5076,
    #5077,#5078,#5079,#5080,#5081,#5082,#5083,#5084,#5085,#5086,#5087,
    #5088,#5089,#5090,#5091,#5092,#5093,#5094,#5095,#5096),
  .UNSPECIFIED.,.F.,.F.,(4,1,1,1,1,1,1,1,1,1,1,1,1,1,1,1,1,1,1,1,1,1,4),
  (0.,4.545454545455E-02,9.090909090909E-02,0.136363636364,
    0.181818181818,0.227272727273,0.272727272727,0.318181818182,
    0.363636363636,0.409090909091,0.454545454545,0.5,0.545454545455,
    0.590909090909,0.636363636364,0.681818181818,0.727272727273,
    0.772727272727,0.818181818182,0.863636363636,0.909090909091,
    0.954545454545,1.),.UNSPECIFIED.);
#5072 = CARTESIAN_POINT('',(1.959769660233,18.4917915996));
#5073 = CARTESIAN_POINT('',(1.955634666745,18.503782975664));
#5074 = CARTESIAN_POINT('',(1.94740337308,18.528822410776));
#5075 = CARTESIAN_POINT('',(1.935172832118,18.569547074238));
#5076 = CARTESIAN_POINT('',(1.923058968276,18.613432714727));
#5077 = CARTESIAN_POINT('',(1.911062206203,18.660474783098));
#5078 = CARTESIAN_POINT('',(1.899183054487,18.710668787321));
#5079 = CARTESIAN_POINT('',(1.887422158987,18.764010022292));
#5080 = CARTESIAN_POINT('',(1.875780142038,18.820494578079));
#5081 = CARTESIAN_POINT('',(1.86425818127,18.880115577145));
#5082 = CARTESIAN_POINT('',(1.852855843728,18.942877217194));
#5083 = CARTESIAN_POINT('',(1.841579158821,19.008742362573));
#5084 = CARTESIAN_POINT('',(1.830410480418,19.077828135814));
#5085 = CARTESIAN_POINT('',(1.819420953309,19.149675960069));
#5086 = CARTESIAN_POINT('',(1.808679860543,19.223831795551));
#5087 = CARTESIAN_POINT('',(1.798167916778,19.300417301853));
#5088 = CARTESIAN_POINT('',(1.787889738507,19.379399880386));
#5089 = CARTESIAN_POINT('',(1.777843709204,19.460788265917));
#5090 = CARTESIAN_POINT('',(1.768030054635,19.544580117972));
#5091 = CARTESIAN_POINT('',(1.758448679562,19.630776063679));
#5092 = CARTESIAN_POINT('',(1.749099745895,19.719375934999));
#5093 = CARTESIAN_POINT('',(1.739983520935,19.810379776963));
#5094 = CARTESIAN_POINT('',(1.731100401243,19.90378757749));
#5095 = CARTESIAN_POINT('',(1.725334108054,19.967662085745));
#5096 = CARTESIAN_POINT('',(1.722489995403,20.));
#5097 = ( GEOMETRIC_REPRESENTATION_CONTEXT(2) 
PARAMETRIC_REPRESENTATION_CONTEXT() REPRESENTATION_CONTEXT('2D SPACE',''
  ) );
#5098 = ORIENTED_EDGE('',*,*,#5099,.F.);
#5099 = EDGE_CURVE('',#4233,#5030,#5100,.T.);
#5100 = SURFACE_CURVE('',#5101,(#5105,#5112),.PCURVE_S1.);
#5101 = LINE('',#5102,#5103);
#5102 = CARTESIAN_POINT('',(-12.04202833887,-241.0153371703,
    -234.9999999999));
#5103 = VECTOR('',#5104,1.);
#5104 = DIRECTION('',(-0.866086291565,0.499894524438,1.68211524377E-16)
  );
#5105 = PCURVE('',#4911,#5106);
#5106 = DEFINITIONAL_REPRESENTATION('',(#5107),#5111);
#5107 = LINE('',#5108,#5109);
#5108 = CARTESIAN_POINT('',(2.470014476972,1.412203687323E-12));
#5109 = VECTOR('',#5110,1.);
#5110 = DIRECTION('',(0.,-1.));
#5111 = ( GEOMETRIC_REPRESENTATION_CONTEXT(2) 
PARAMETRIC_REPRESENTATION_CONTEXT() REPRESENTATION_CONTEXT('2D SPACE',''
  ) );
#5112 = PCURVE('',#4250,#5113);
#5113 = DEFINITIONAL_REPRESENTATION('',(#5114),#5118);
#5114 = LINE('',#5115,#5116);
#5115 = CARTESIAN_POINT('',(-21.91161477698,11.033398257361));
#5116 = VECTOR('',#5117,1.);
#5117 = DIRECTION('',(0.866086413315,-0.499894313501));
#5118 = ( GEOMETRIC_REPRESENTATION_CONTEXT(2) 
PARAMETRIC_REPRESENTATION_CONTEXT() REPRESENTATION_CONTEXT('2D SPACE',''
  ) );
#5119 = ORIENTED_EDGE('',*,*,#4874,.F.);
#5120 = ORIENTED_EDGE('',*,*,#5121,.T.);
#5121 = EDGE_CURVE('',#4745,#5122,#5124,.T.);
#5122 = VERTEX_POINT('',#5123);
#5123 = CARTESIAN_POINT('',(-3.395173096377,-239.2629203505,
    -233.9426302537));
#5124 = SURFACE_CURVE('',#5125,(#5143,#5194),.PCURVE_S1.);
#5125 = B_SPLINE_CURVE_WITH_KNOTS('',3,(#5126,#5127,#5128,#5129,#5130,
    #5131,#5132,#5133,#5134,#5135,#5136,#5137,#5138,#5139,#5140,#5141,
    #5142),.UNSPECIFIED.,.F.,.F.,(4,2,2,2,1,2,2,2,4),(0.,0.25,0.375,
    0.4375,0.46875,0.484375,0.5,0.75,1.),.UNSPECIFIED.);
#5126 = CARTESIAN_POINT('',(-5.745057602345,-243.9366212611,
    -234.3633288931));
#5127 = CARTESIAN_POINT('',(-5.747953062711,-243.4820066999,
    -234.0317246591));
#5128 = CARTESIAN_POINT('',(-5.689521940228,-243.0218044148,
    -233.7856702972));
#5129 = CARTESIAN_POINT('',(-5.536307418448,-242.3688965851,
    -233.5313929633));
#5130 = CARTESIAN_POINT('',(-5.474217241816,-242.1573361065,
    -233.4655474166));
#5131 = CARTESIAN_POINT('',(-5.366994239132,-241.8533364401,
    -233.3919991745));
#5132 = CARTESIAN_POINT('',(-5.328899084677,-241.7542159895,
    -233.3716791169));
#5133 = CARTESIAN_POINT('',(-5.268475167748,-241.6092876836,
    -233.347047337));
#5134 = CARTESIAN_POINT('',(-5.23744234719,-241.5377606429,
    -233.336193095));
#5135 = CARTESIAN_POINT('',(-5.205220077272,-241.4677117665,
    -233.3274444655));
#5136 = CARTESIAN_POINT('',(-5.183478549516,-241.4213484597,
    -233.3220701282));
#5137 = CARTESIAN_POINT('',(-5.173454642608,-241.4003398283,
    -233.3198081052));
#5138 = CARTESIAN_POINT('',(-4.967661192706,-240.9779401102,
    -233.2784963865));
#5139 = CARTESIAN_POINT('',(-4.716003723136,-240.589893069,
    -233.3039465918));
#5140 = CARTESIAN_POINT('',(-4.118745421457,-239.8709185931,
    -233.5069930496));
#5141 = CARTESIAN_POINT('',(-3.773210029967,-239.5401045368,
    -233.6848640519));
#5142 = CARTESIAN_POINT('',(-3.395173096377,-239.2629203505,
    -233.9426302537));
#5143 = PCURVE('',#4911,#5144);
#5144 = DEFINITIONAL_REPRESENTATION('',(#5145),#5193);
#5145 = B_SPLINE_CURVE_WITH_KNOTS('',3,(#5146,#5147,#5148,#5149,#5150,
    #5151,#5152,#5153,#5154,#5155,#5156,#5157,#5158,#5159,#5160,#5161,
    #5162,#5163,#5164,#5165,#5166,#5167,#5168,#5169,#5170,#5171,#5172,
    #5173,#5174,#5175,#5176,#5177,#5178,#5179,#5180,#5181,#5182,#5183,
    #5184,#5185,#5186,#5187,#5188,#5189,#5190,#5191,#5192),
  .UNSPECIFIED.,.F.,.F.,(4,1,1,1,1,1,1,1,1,1,1,1,1,1,1,1,1,1,1,1,1,1,1,1
    ,1,1,1,1,1,1,1,1,1,1,1,1,1,1,1,1,1,1,1,1,4),(0.,2.272727272727E-02,
    4.545454545455E-02,6.818181818182E-02,9.090909090909E-02,
    0.113636363636,0.136363636364,0.159090909091,0.181818181818,
    0.204545454545,0.227272727273,0.25,0.272727272727,0.295454545455,
    0.318181818182,0.340909090909,0.363636363636,0.386363636364,
    0.409090909091,0.431818181818,0.454545454545,0.477272727273,0.5,
    0.522727272727,0.545454545455,0.568181818182,0.590909090909,
    0.613636363636,0.636363636364,0.659090909091,0.681818181818,
    0.704545454545,0.727272727273,0.75,0.772727272727,0.795454545455,
    0.818181818182,0.840909090909,0.863636363636,0.886363636364,
    0.909090909091,0.931818181818,0.954545454545,0.977272727273,1.),
  .UNSPECIFIED.);
#5146 = CARTESIAN_POINT('',(2.272560183487,6.914053954593));
#5147 = CARTESIAN_POINT('',(2.262183276478,6.893166041102));
#5148 = CARTESIAN_POINT('',(2.241532160537,6.852221963544));
#5149 = CARTESIAN_POINT('',(2.210857210469,6.79330109548));
#5150 = CARTESIAN_POINT('',(2.180476899296,6.736875475689));
#5151 = CARTESIAN_POINT('',(2.150386643001,6.682945104171));
#5152 = CARTESIAN_POINT('',(2.120583420242,6.631509980926));
#5153 = CARTESIAN_POINT('',(2.091065928279,6.582570105955));
#5154 = CARTESIAN_POINT('',(2.061834451818,6.536125479255));
#5155 = CARTESIAN_POINT('',(2.032890729864,6.492176100832));
#5156 = CARTESIAN_POINT('',(2.004238069204,6.450721970671));
#5157 = CARTESIAN_POINT('',(1.9758804327,6.411763088822));
#5158 = CARTESIAN_POINT('',(1.947825348848,6.3752994551));
#5159 = CARTESIAN_POINT('',(1.920072536595,6.341331070196));
#5160 = CARTESIAN_POINT('',(1.892611979684,6.309857931531));
#5161 = CARTESIAN_POINT('',(1.865443960234,6.28088004873));
#5162 = CARTESIAN_POINT('',(1.838567618467,6.254397385874));
#5163 = CARTESIAN_POINT('',(1.811984381189,6.23041007701));
#5164 = CARTESIAN_POINT('',(1.785695344603,6.208917621869));
#5165 = CARTESIAN_POINT('',(1.759705497945,6.189921887482));
#5166 = CARTESIAN_POINT('',(1.73398813152,6.173415905993));
#5167 = CARTESIAN_POINT('',(1.70864125266,6.159425681799));
#5168 = CARTESIAN_POINT('',(1.683301988325,6.147854165167));
#5169 = CARTESIAN_POINT('',(1.659322945238,6.139063550626));
#5170 = CARTESIAN_POINT('',(1.631656666089,6.1317021098));
#5171 = CARTESIAN_POINT('',(1.604771594158,6.127413151909));
#5172 = CARTESIAN_POINT('',(1.577473806078,6.125756353573));
#5173 = CARTESIAN_POINT('',(1.550086004441,6.126849699086));
#5174 = CARTESIAN_POINT('',(1.522523819875,6.130661574652));
#5175 = CARTESIAN_POINT('',(1.49481117406,6.137200451163));
#5176 = CARTESIAN_POINT('',(1.466942099867,6.146464058849));
#5177 = CARTESIAN_POINT('',(1.438917685392,6.158453005894));
#5178 = CARTESIAN_POINT('',(1.410736081528,6.173167129335));
#5179 = CARTESIAN_POINT('',(1.382395150602,6.190606472838));
#5180 = CARTESIAN_POINT('',(1.353891509085,6.210771024703));
#5181 = CARTESIAN_POINT('',(1.325221377468,6.233660788065));
#5182 = CARTESIAN_POINT('',(1.296388441981,6.259275762083));
#5183 = CARTESIAN_POINT('',(1.267395433764,6.287615946984));
#5184 = CARTESIAN_POINT('',(1.238244733539,6.318681342706));
#5185 = CARTESIAN_POINT('',(1.208938084904,6.352471949266));
#5186 = CARTESIAN_POINT('',(1.17947654977,6.388987766659));
#5187 = CARTESIAN_POINT('',(1.149860398832,6.428228794886));
#5188 = CARTESIAN_POINT('',(1.120089036146,6.470195033948));
#5189 = CARTESIAN_POINT('',(1.090160872696,6.514886483845));
#5190 = CARTESIAN_POINT('',(1.06007339429,6.562303144575));
#5191 = CARTESIAN_POINT('',(1.039906152307,6.595731058952));
#5192 = CARTESIAN_POINT('',(1.029794696353,6.612899217946));
#5193 = ( GEOMETRIC_REPRESENTATION_CONTEXT(2) 
PARAMETRIC_REPRESENTATION_CONTEXT() REPRESENTATION_CONTEXT('2D SPACE',''
  ) );
#5194 = PCURVE('',#4818,#5195);
#5195 = DEFINITIONAL_REPRESENTATION('',(#5196),#5244);
#5196 = B_SPLINE_CURVE_WITH_KNOTS('',3,(#5197,#5198,#5199,#5200,#5201,
    #5202,#5203,#5204,#5205,#5206,#5207,#5208,#5209,#5210,#5211,#5212,
    #5213,#5214,#5215,#5216,#5217,#5218,#5219,#5220,#5221,#5222,#5223,
    #5224,#5225,#5226,#5227,#5228,#5229,#5230,#5231,#5232,#5233,#5234,
    #5235,#5236,#5237,#5238,#5239,#5240,#5241,#5242,#5243),
  .UNSPECIFIED.,.F.,.F.,(4,1,1,1,1,1,1,1,1,1,1,1,1,1,1,1,1,1,1,1,1,1,1,1
    ,1,1,1,1,1,1,1,1,1,1,1,1,1,1,1,1,1,1,1,1,4),(0.,2.272727272727E-02,
    4.545454545455E-02,6.818181818182E-02,9.090909090909E-02,
    0.113636363636,0.136363636364,0.159090909091,0.181818181818,
    0.204545454545,0.227272727273,0.25,0.272727272727,0.295454545455,
    0.318181818182,0.340909090909,0.363636363636,0.386363636364,
    0.409090909091,0.431818181818,0.454545454545,0.477272727273,0.5,
    0.522727272727,0.545454545455,0.568181818182,0.590909090909,
    0.613636363636,0.636363636364,0.659090909091,0.681818181818,
    0.704545454545,0.727272727273,0.75,0.772727272727,0.795454545455,
    0.818181818182,0.840909090909,0.863636363636,0.886363636364,
    0.909090909091,0.931818181818,0.954545454545,0.977272727273,1.),
  .QUASI_UNIFORM_KNOTS.);
#5197 = CARTESIAN_POINT('',(4.706229146672,2.963540017012));
#5198 = CARTESIAN_POINT('',(4.713416669589,2.93339329876));
#5199 = CARTESIAN_POINT('',(4.727807023527,2.874513907772));
#5200 = CARTESIAN_POINT('',(4.749426815341,2.79039632779));
#5201 = CARTESIAN_POINT('',(4.771069671218,2.710439624529));
#5202 = CARTESIAN_POINT('',(4.792722761318,2.634603167272));
#5203 = CARTESIAN_POINT('',(4.814372281739,2.56284632879));
#5204 = CARTESIAN_POINT('',(4.836003384489,2.49512846884));
#5205 = CARTESIAN_POINT('',(4.857600299964,2.431408995738));
#5206 = CARTESIAN_POINT('',(4.879146451251,2.371647136586));
#5207 = CARTESIAN_POINT('',(4.900624438018,2.315802794781));
#5208 = CARTESIAN_POINT('',(4.922016575001,2.263833349752));
#5209 = CARTESIAN_POINT('',(4.943303361633,2.215705600509));
#5210 = CARTESIAN_POINT('',(4.964469685026,2.171351191709));
#5211 = CARTESIAN_POINT('',(4.985507223769,2.130666668088));
#5212 = CARTESIAN_POINT('',(5.006402730471,2.093583701));
#5213 = CARTESIAN_POINT('',(5.027144299273,2.060024639277));
#5214 = CARTESIAN_POINT('',(5.047719405405,2.029913995216));
#5215 = CARTESIAN_POINT('',(5.068116848622,2.003176949779));
#5216 = CARTESIAN_POINT('',(5.088323007993,1.979728239137));
#5217 = CARTESIAN_POINT('',(5.10835031993,1.959473196415));
#5218 = CARTESIAN_POINT('',(5.128114898484,1.942358275721));
#5219 = CARTESIAN_POINT('',(5.147894311479,1.928175006727));
#5220 = CARTESIAN_POINT('',(5.166626027013,1.917278821754));
#5221 = CARTESIAN_POINT('',(5.188252768316,1.907917718452));
#5222 = CARTESIAN_POINT('',(5.209281969601,1.902243001575));
#5223 = CARTESIAN_POINT('',(5.230642242938,1.899745343059));
#5224 = CARTESIAN_POINT('',(5.252077061023,1.900628329527));
#5225 = CARTESIAN_POINT('',(5.27364701194,1.904904521677));
#5226 = CARTESIAN_POINT('',(5.295327320912,1.912637669212));
#5227 = CARTESIAN_POINT('',(5.31711574905,1.923877791743));
#5228 = CARTESIAN_POINT('',(5.339003733331,1.938678640248));
#5229 = CARTESIAN_POINT('',(5.360984199832,1.957092770327));
#5230 = CARTESIAN_POINT('',(5.383049456549,1.979173787721));
#5231 = CARTESIAN_POINT('',(5.405192106941,2.004972292984));
#5232 = CARTESIAN_POINT('',(5.42740381157,2.034549857289));
#5233 = CARTESIAN_POINT('',(5.449671071039,2.067931110677));
#5234 = CARTESIAN_POINT('',(5.471981493107,2.105129732868));
#5235 = CARTESIAN_POINT('',(5.494322736951,2.14616233771));
#5236 = CARTESIAN_POINT('',(5.516682900378,2.191044752856));
#5237 = CARTESIAN_POINT('',(5.539050518211,2.239793016618));
#5238 = CARTESIAN_POINT('',(5.561414664967,2.292423110863));
#5239 = CARTESIAN_POINT('',(5.583765017186,2.34895103258));
#5240 = CARTESIAN_POINT('',(5.60609195738,2.409392774708));
#5241 = CARTESIAN_POINT('',(5.628386533378,2.473764331271));
#5242 = CARTESIAN_POINT('',(5.643222800258,2.519309241092));
#5243 = CARTESIAN_POINT('',(5.650632881519,2.542741996333));
#5244 = ( GEOMETRIC_REPRESENTATION_CONTEXT(2) 
PARAMETRIC_REPRESENTATION_CONTEXT() REPRESENTATION_CONTEXT('2D SPACE',''
  ) );
#5245 = ORIENTED_EDGE('',*,*,#5246,.T.);
#5246 = EDGE_CURVE('',#5122,#5247,#5249,.T.);
#5247 = VERTEX_POINT('',#5248);
#5248 = CARTESIAN_POINT('',(-3.395172901807,-238.4729834164,
    -234.4473570486));
#5249 = SURFACE_CURVE('',#5250,(#5255,#5284),.PCURVE_S1.);
#5250 = ( BOUNDED_CURVE() B_SPLINE_CURVE(3,(#5251,#5252,#5253,#5254),
.UNSPECIFIED.,.F.,.F.) B_SPLINE_CURVE_WITH_KNOTS((4,4),(2.111797957457,
2.301010189199),.PIECEWISE_BEZIER_KNOTS.) CURVE() 
GEOMETRIC_REPRESENTATION_ITEM() RATIONAL_B_SPLINE_CURVE((1.,
0.99701878551,0.99701878551,1.)) REPRESENTATION_ITEM('') );
#5251 = CARTESIAN_POINT('',(-3.395173096377,-239.2629203505,
    -233.9426302537));
#5252 = CARTESIAN_POINT('',(-3.395173025681,-238.9815964585,
    -234.0890136999));
#5253 = CARTESIAN_POINT('',(-3.395172961359,-238.7174968093,
    -234.2577590307));
#5254 = CARTESIAN_POINT('',(-3.395172901807,-238.4729834164,
    -234.4473570486));
#5255 = PCURVE('',#4911,#5256);
#5256 = DEFINITIONAL_REPRESENTATION('',(#5257),#5283);
#5257 = B_SPLINE_CURVE_WITH_KNOTS('',3,(#5258,#5259,#5260,#5261,#5262,
    #5263,#5264,#5265,#5266,#5267,#5268,#5269,#5270,#5271,#5272,#5273,
    #5274,#5275,#5276,#5277,#5278,#5279,#5280,#5281,#5282),
  .UNSPECIFIED.,.F.,.F.,(4,1,1,1,1,1,1,1,1,1,1,1,1,1,1,1,1,1,1,1,1,1,4),
  (2.111797957457,2.120398513445,2.128999069434,2.137599625422,
    2.14620018141,2.154800737398,2.163401293387,2.172001849375,
    2.180602405363,2.189202961351,2.19780351734,2.206404073328,
    2.215004629316,2.223605185305,2.232205741293,2.240806297281,
    2.249406853269,2.258007409258,2.266607965246,2.275208521234,
    2.283809077222,2.292409633211,2.301010189199),.UNSPECIFIED.);
#5258 = CARTESIAN_POINT('',(1.029794696353,6.612899217946));
#5259 = CARTESIAN_POINT('',(1.026932119029,6.606525900247));
#5260 = CARTESIAN_POINT('',(1.021205800442,6.593809562179));
#5261 = CARTESIAN_POINT('',(1.012613146415,6.574828150132));
#5262 = CARTESIAN_POINT('',(1.00401763166,6.555942043288));
#5263 = CARTESIAN_POINT('',(0.995419572487,6.537153427018));
#5264 = CARTESIAN_POINT('',(0.986819285698,6.518464469386));
#5265 = CARTESIAN_POINT('',(0.978217088609,6.499877318093));
#5266 = CARTESIAN_POINT('',(0.969613298955,6.481394100255));
#5267 = CARTESIAN_POINT('',(0.961008234825,6.463016921435));
#5268 = CARTESIAN_POINT('',(0.952402214589,6.444747864887));
#5269 = CARTESIAN_POINT('',(0.943795556833,6.426588990758));
#5270 = CARTESIAN_POINT('',(0.935188580281,6.408542335318));
#5271 = CARTESIAN_POINT('',(0.926581603731,6.390609910199));
#5272 = CARTESIAN_POINT('',(0.917974945979,6.372793701647));
#5273 = CARTESIAN_POINT('',(0.909368925751,6.355095669786));
#5274 = CARTESIAN_POINT('',(0.90076386163,6.337517747906));
#5275 = CARTESIAN_POINT('',(0.892160071989,6.32006184175));
#5276 = CARTESIAN_POINT('',(0.883557874917,6.302729828849));
#5277 = CARTESIAN_POINT('',(0.874957588147,6.285523557771));
#5278 = CARTESIAN_POINT('',(0.866359528996,6.268444847759));
#5279 = CARTESIAN_POINT('',(0.857764014266,6.251495487011));
#5280 = CARTESIAN_POINT('',(0.849171360266,6.234677236096));
#5281 = CARTESIAN_POINT('',(0.843445041699,6.223553620222));
#5282 = CARTESIAN_POINT('',(0.840582464387,6.218014238409));
#5283 = ( GEOMETRIC_REPRESENTATION_CONTEXT(2) 
PARAMETRIC_REPRESENTATION_CONTEXT() REPRESENTATION_CONTEXT('2D SPACE',''
  ) );
#5284 = PCURVE('',#5285,#5290);
#5285 = PLANE('',#5286);
#5286 = AXIS2_PLACEMENT_3D('',#5287,#5288,#5289);
#5287 = CARTESIAN_POINT('',(-3.395172757152,-238.1279840078,
    -231.3999123899));
#5288 = DIRECTION('',(1.,-2.489517764803E-07,-2.440713208684E-10));
#5289 = DIRECTION('',(2.493649894254E-10,2.126383144178E-05,
    0.999999999774));
#5290 = DEFINITIONAL_REPRESENTATION('',(#5291),#5296);
#5291 = ( BOUNDED_CURVE() B_SPLINE_CURVE(3,(#5292,#5293,#5294,#5295),
.UNSPECIFIED.,.F.,.F.) B_SPLINE_CURVE_WITH_KNOTS((4,4),(2.111797957457,
2.301010189199),.PIECEWISE_BEZIER_KNOTS.) CURVE() 
GEOMETRIC_REPRESENTATION_ITEM() RATIONAL_B_SPLINE_CURVE((1.,
0.99701878551,0.99701878551,1.)) REPRESENTATION_ITEM('') );
#5292 = CARTESIAN_POINT('',(-2.54274199632,1.134882274601));
#5293 = CARTESIAN_POINT('',(-2.689119460463,0.853555269974));
#5294 = CARTESIAN_POINT('',(-2.857859175455,0.589452032675));
#5295 = CARTESIAN_POINT('',(-3.04745199402,0.344934608167));
#5296 = ( GEOMETRIC_REPRESENTATION_CONTEXT(2) 
PARAMETRIC_REPRESENTATION_CONTEXT() REPRESENTATION_CONTEXT('2D SPACE',''
  ) );
#5297 = ORIENTED_EDGE('',*,*,#5298,.T.);
#5298 = EDGE_CURVE('',#5247,#5299,#5301,.T.);
#5299 = VERTEX_POINT('',#5300);
#5300 = CARTESIAN_POINT('',(-3.293435530408,-237.9299721598,
    -234.9999999999));
#5301 = SURFACE_CURVE('',#5302,(#5307,#5336),.PCURVE_S1.);
#5302 = B_SPLINE_CURVE_WITH_KNOTS('',3,(#5303,#5304,#5305,#5306),
  .UNSPECIFIED.,.F.,.F.,(4,4),(0.,1.),.PIECEWISE_BEZIER_KNOTS.);
#5303 = CARTESIAN_POINT('',(-3.395172901807,-238.4729834164,
    -234.4473570486));
#5304 = CARTESIAN_POINT('',(-3.395172853846,-238.2760620412,
    -234.6000517618));
#5305 = CARTESIAN_POINT('',(-3.356243587853,-238.0917037987,
    -234.7842660789));
#5306 = CARTESIAN_POINT('',(-3.293435530408,-237.9299721598,
    -234.9999999999));
#5307 = PCURVE('',#4911,#5308);
#5308 = DEFINITIONAL_REPRESENTATION('',(#5309),#5335);
#5309 = B_SPLINE_CURVE_WITH_KNOTS('',3,(#5310,#5311,#5312,#5313,#5314,
    #5315,#5316,#5317,#5318,#5319,#5320,#5321,#5322,#5323,#5324,#5325,
    #5326,#5327,#5328,#5329,#5330,#5331,#5332,#5333,#5334),
  .UNSPECIFIED.,.F.,.F.,(4,1,1,1,1,1,1,1,1,1,1,1,1,1,1,1,1,1,1,1,1,1,4),
  (0.,4.545454545455E-02,9.090909090909E-02,0.136363636364,
    0.181818181818,0.227272727273,0.272727272727,0.318181818182,
    0.363636363636,0.409090909091,0.454545454545,0.5,0.545454545455,
    0.590909090909,0.636363636364,0.681818181818,0.727272727273,
    0.772727272727,0.818181818182,0.863636363636,0.909090909091,
    0.954545454545,1.),.UNSPECIFIED.);
#5310 = CARTESIAN_POINT('',(0.840582464387,6.218014238409));
#5311 = CARTESIAN_POINT('',(0.83827016341,6.213539698607));
#5312 = CARTESIAN_POINT('',(0.833620390741,6.204755892984));
#5313 = CARTESIAN_POINT('',(0.82657135748,6.192071496182));
#5314 = CARTESIAN_POINT('',(0.81944909454,6.179873900705));
#5315 = CARTESIAN_POINT('',(0.812254723081,6.168158596244));
#5316 = CARTESIAN_POINT('',(0.804989348263,6.15692107249));
#5317 = CARTESIAN_POINT('',(0.797654056574,6.146156819136));
#5318 = CARTESIAN_POINT('',(0.790249915845,6.135861325872));
#5319 = CARTESIAN_POINT('',(0.782777974505,6.126030082391));
#5320 = CARTESIAN_POINT('',(0.775239261032,6.116658578384));
#5321 = CARTESIAN_POINT('',(0.76763478331,6.107742303542));
#5322 = CARTESIAN_POINT('',(0.759965528005,6.099276747558));
#5323 = CARTESIAN_POINT('',(0.752232459906,6.091257400122));
#5324 = CARTESIAN_POINT('',(0.74443652126,6.083679750926));
#5325 = CARTESIAN_POINT('',(0.736578631092,6.076539289662));
#5326 = CARTESIAN_POINT('',(0.728659684512,6.069831506021));
#5327 = CARTESIAN_POINT('',(0.72068055201,6.063551889696));
#5328 = CARTESIAN_POINT('',(0.712642078759,6.057695930377));
#5329 = CARTESIAN_POINT('',(0.704545083821,6.052259117756));
#5330 = CARTESIAN_POINT('',(0.696390359691,6.047236941524));
#5331 = CARTESIAN_POINT('',(0.688178670555,6.042624891374));
#5332 = CARTESIAN_POINT('',(0.679910755301,6.038418456997));
#5333 = CARTESIAN_POINT('',(0.67436179362,6.035881571055));
#5334 = CARTESIAN_POINT('',(0.671578176618,6.034679227277));
#5335 = ( GEOMETRIC_REPRESENTATION_CONTEXT(2) 
PARAMETRIC_REPRESENTATION_CONTEXT() REPRESENTATION_CONTEXT('2D SPACE',''
  ) );
#5336 = PCURVE('',#5337,#5342);
#5337 = CYLINDRICAL_SURFACE('',#5338,1.5);
#5338 = AXIS2_PLACEMENT_3D('',#5339,#5340,#5341);
#5339 = CARTESIAN_POINT('',(-1.895172901807,-238.4729837817,
    -231.3999999999));
#5340 = DIRECTION('',(3.064104139906E-16,8.673617379884E-16,-1.));
#5341 = DIRECTION('',(-2.435520026397E-07,-1.,-8.673618126152E-16));
#5342 = DEFINITIONAL_REPRESENTATION('',(#5343),#5369);
#5343 = B_SPLINE_CURVE_WITH_KNOTS('',3,(#5344,#5345,#5346,#5347,#5348,
    #5349,#5350,#5351,#5352,#5353,#5354,#5355,#5356,#5357,#5358,#5359,
    #5360,#5361,#5362,#5363,#5364,#5365,#5366,#5367,#5368),
  .UNSPECIFIED.,.F.,.F.,(4,1,1,1,1,1,1,1,1,1,1,1,1,1,1,1,1,1,1,1,1,1,4),
  (0.,4.545454545455E-02,9.090909090909E-02,0.136363636364,
    0.181818181818,0.227272727273,0.272727272727,0.318181818182,
    0.363636363636,0.409090909091,0.454545454545,0.5,0.545454545455,
    0.590909090909,0.636363636364,0.681818181818,0.727272727273,
    0.772727272727,0.818181818182,0.863636363636,0.909090909091,
    0.954545454545,1.),.UNSPECIFIED.);
#5344 = CARTESIAN_POINT('',(1.570796326795,3.0473570487));
#5345 = CARTESIAN_POINT('',(1.576763624178,3.054297717482));
#5346 = CARTESIAN_POINT('',(1.588663674447,3.068309301343));
#5347 = CARTESIAN_POINT('',(1.606411813174,3.089717416025));
#5348 = CARTESIAN_POINT('',(1.624059791702,3.111516269599));
#5349 = CARTESIAN_POINT('',(1.641609107697,3.133705862064));
#5350 = CARTESIAN_POINT('',(1.659061079036,3.15628619342));
#5351 = CARTESIAN_POINT('',(1.676416820854,3.179257263668));
#5352 = CARTESIAN_POINT('',(1.693677255844,3.202619072807));
#5353 = CARTESIAN_POINT('',(1.710843116181,3.226371620837));
#5354 = CARTESIAN_POINT('',(1.727914948198,3.250514907759));
#5355 = CARTESIAN_POINT('',(1.744893116782,3.275048933572));
#5356 = CARTESIAN_POINT('',(1.761777810286,3.299973698276));
#5357 = CARTESIAN_POINT('',(1.778569045695,3.325289201872));
#5358 = CARTESIAN_POINT('',(1.795266674102,3.350995444359));
#5359 = CARTESIAN_POINT('',(1.811870386428,3.377092425737));
#5360 = CARTESIAN_POINT('',(1.82837971939,3.403580146007));
#5361 = CARTESIAN_POINT('',(1.844794061652,3.430458605168));
#5362 = CARTESIAN_POINT('',(1.861112660244,3.45772780322));
#5363 = CARTESIAN_POINT('',(1.87733462682,3.485387740164));
#5364 = CARTESIAN_POINT('',(1.893458945227,3.513438415999));
#5365 = CARTESIAN_POINT('',(1.909484474759,3.541879830725));
#5366 = CARTESIAN_POINT('',(1.925409969991,3.570711984343));
#5367 = CARTESIAN_POINT('',(1.935959349344,3.590193912682));
#5368 = CARTESIAN_POINT('',(1.941216909645,3.6));
#5369 = ( GEOMETRIC_REPRESENTATION_CONTEXT(2) 
PARAMETRIC_REPRESENTATION_CONTEXT() REPRESENTATION_CONTEXT('2D SPACE',''
  ) );
#5370 = ORIENTED_EDGE('',*,*,#5371,.F.);
#5371 = EDGE_CURVE('',#5372,#5299,#5374,.T.);
#5372 = VERTEX_POINT('',#5373);
#5373 = CARTESIAN_POINT('',(-6.062424213527,-236.3317454076,
    -234.9999999999));
#5374 = SURFACE_CURVE('',#5375,(#5379,#5386),.PCURVE_S1.);
#5375 = LINE('',#5376,#5377);
#5376 = CARTESIAN_POINT('',(-8.519988483147,-234.9132690574,
    -234.9999999999));
#5377 = VECTOR('',#5378,1.);
#5378 = DIRECTION('',(0.866086291565,-0.499894524438,-1.68211524377E-16)
  );
#5379 = PCURVE('',#4911,#5380);
#5380 = DEFINITIONAL_REPRESENTATION('',(#5381),#5385);
#5381 = LINE('',#5382,#5383);
#5382 = CARTESIAN_POINT('',(0.671578176618,-1.426414542038E-12));
#5383 = VECTOR('',#5384,1.);
#5384 = DIRECTION('',(5.903358188926E-16,1.));
#5385 = ( GEOMETRIC_REPRESENTATION_CONTEXT(2) 
PARAMETRIC_REPRESENTATION_CONTEXT() REPRESENTATION_CONTEXT('2D SPACE',''
  ) );
#5386 = PCURVE('',#5387,#5392);
#5387 = PLANE('',#5388);
#5388 = AXIS2_PLACEMENT_3D('',#5389,#5390,#5391);
#5389 = CARTESIAN_POINT('',(-33.95364042865,-229.9819335763,
    -234.9999999999));
#5390 = DIRECTION('',(-3.064104139906E-16,-8.673617379884E-16,1.));
#5391 = DIRECTION('',(-1.,2.435520001868E-07,-3.064102027429E-16));
#5392 = DEFINITIONAL_REPRESENTATION('',(#5393),#5397);
#5393 = LINE('',#5394,#5395);
#5394 = CARTESIAN_POINT('',(-25.43365314653,4.931329286645));
#5395 = VECTOR('',#5396,1.);
#5396 = DIRECTION('',(-0.866086413315,0.499894313501));
#5397 = ( GEOMETRIC_REPRESENTATION_CONTEXT(2) 
PARAMETRIC_REPRESENTATION_CONTEXT() REPRESENTATION_CONTEXT('2D SPACE',''
  ) );
#5398 = ORIENTED_EDGE('',*,*,#5399,.T.);
#5399 = EDGE_CURVE('',#5372,#5400,#5402,.T.);
#5400 = VERTEX_POINT('',#5401);
#5401 = CARTESIAN_POINT('',(-7.197976791833,-237.4031057288,
    -233.782499004));
#5402 = SURFACE_CURVE('',#5403,(#5410,#5439),.PCURVE_S1.);
#5403 = B_SPLINE_CURVE_WITH_KNOTS('',3,(#5404,#5405,#5406,#5407,#5408,
    #5409),.UNSPECIFIED.,.F.,.F.,(4,2,4),(0.,0.5,1.),.UNSPECIFIED.);
#5404 = CARTESIAN_POINT('',(-6.062424213527,-236.3317454076,
    -234.9999999999));
#5405 = CARTESIAN_POINT('',(-6.231651555753,-236.467410055,
    -234.7457392208));
#5406 = CARTESIAN_POINT('',(-6.415905437299,-236.6244609606,
    -234.5147155316));
#5407 = CARTESIAN_POINT('',(-6.800951571925,-236.9833062584,
    -234.1050619474));
#5408 = CARTESIAN_POINT('',(-6.998771704846,-237.1822563732,
    -233.9292653689));
#5409 = CARTESIAN_POINT('',(-7.197976791833,-237.4031057288,
    -233.782499004));
#5410 = PCURVE('',#4911,#5411);
#5411 = DEFINITIONAL_REPRESENTATION('',(#5412),#5438);
#5412 = B_SPLINE_CURVE_WITH_KNOTS('',3,(#5413,#5414,#5415,#5416,#5417,
    #5418,#5419,#5420,#5421,#5422,#5423,#5424,#5425,#5426,#5427,#5428,
    #5429,#5430,#5431,#5432,#5433,#5434,#5435,#5436,#5437),
  .UNSPECIFIED.,.F.,.F.,(4,1,1,1,1,1,1,1,1,1,1,1,1,1,1,1,1,1,1,1,1,1,4),
  (0.,4.545454545455E-02,9.090909090909E-02,0.136363636364,
    0.181818181818,0.227272727273,0.272727272727,0.318181818182,
    0.363636363636,0.409090909091,0.454545454545,0.5,0.545454545455,
    0.590909090909,0.636363636364,0.681818181818,0.727272727273,
    0.772727272727,0.818181818182,0.863636363636,0.909090909091,
    0.954545454545,1.),.UNSPECIFIED.);
#5413 = CARTESIAN_POINT('',(0.671578176618,2.837551285077));
#5414 = CARTESIAN_POINT('',(0.678139644468,2.830392424454));
#5415 = CARTESIAN_POINT('',(0.691255251432,2.816036299787));
#5416 = CARTESIAN_POINT('',(0.710910258658,2.794415505573));
#5417 = CARTESIAN_POINT('',(0.730550431817,2.772736706842));
#5418 = CARTESIAN_POINT('',(0.750179388495,2.751028507517));
#5419 = CARTESIAN_POINT('',(0.769800779765,2.729319506965));
#5420 = CARTESIAN_POINT('',(0.789418272257,2.707638321552));
#5421 = CARTESIAN_POINT('',(0.809035619628,2.686013504206));
#5422 = CARTESIAN_POINT('',(0.828656379503,2.66447384461));
#5423 = CARTESIAN_POINT('',(0.848284959133,2.643047248858));
#5424 = CARTESIAN_POINT('',(0.867922700566,2.621764920656));
#5425 = CARTESIAN_POINT('',(0.887582478769,2.600645756839));
#5426 = CARTESIAN_POINT('',(0.907234208028,2.579754584118));
#5427 = CARTESIAN_POINT('',(0.926851567198,2.559148244715));
#5428 = CARTESIAN_POINT('',(0.946451278863,2.538837650971));
#5429 = CARTESIAN_POINT('',(0.966038599782,2.518846022102));
#5430 = CARTESIAN_POINT('',(0.985621903999,2.499193279708));
#5431 = CARTESIAN_POINT('',(1.005208752935,2.479900228983));
#5432 = CARTESIAN_POINT('',(1.024806925873,2.46098743836));
#5433 = CARTESIAN_POINT('',(1.044424122234,2.442475539715));
#5434 = CARTESIAN_POINT('',(1.064068015986,2.424385147923));
#5435 = CARTESIAN_POINT('',(1.083746228831,2.406736882414));
#5436 = CARTESIAN_POINT('',(1.096892925986,2.395279868402));
#5437 = CARTESIAN_POINT('',(1.103474504149,2.389631921903));
#5438 = ( GEOMETRIC_REPRESENTATION_CONTEXT(2) 
PARAMETRIC_REPRESENTATION_CONTEXT() REPRESENTATION_CONTEXT('2D SPACE',''
  ) );
#5439 = PCURVE('',#5440,#5445);
#5440 = CYLINDRICAL_SURFACE('',#5441,9.7);
#5441 = AXIS2_PLACEMENT_3D('',#5442,#5443,#5444);
#5442 = CARTESIAN_POINT('',(4.825777610009E-03,-243.899999998,
    -214.9999999999));
#5443 = DIRECTION('',(3.064104139906E-16,8.673617379884E-16,-1.));
#5444 = DIRECTION('',(-2.435519998737E-07,-1.,-8.673618126152E-16));
#5445 = DEFINITIONAL_REPRESENTATION('',(#5446),#5472);
#5446 = B_SPLINE_CURVE_WITH_KNOTS('',3,(#5447,#5448,#5449,#5450,#5451,
    #5452,#5453,#5454,#5455,#5456,#5457,#5458,#5459,#5460,#5461,#5462,
    #5463,#5464,#5465,#5466,#5467,#5468,#5469,#5470,#5471),
  .UNSPECIFIED.,.F.,.F.,(4,1,1,1,1,1,1,1,1,1,1,1,1,1,1,1,1,1,1,1,1,1,4),
  (0.,4.545454545455E-02,9.090909090909E-02,0.136363636364,
    0.181818181818,0.227272727273,0.272727272727,0.318181818182,
    0.363636363636,0.409090909091,0.454545454545,0.5,0.545454545455,
    0.590909090909,0.636363636364,0.681818181818,0.727272727273,
    0.772727272727,0.818181818182,0.863636363636,0.909090909091,
    0.954545454545,1.),.UNSPECIFIED.);
#5447 = CARTESIAN_POINT('',(2.465833414451,20.));
#5448 = CARTESIAN_POINT('',(2.463800670718,19.976885383718));
#5449 = CARTESIAN_POINT('',(2.459692419824,19.931040235261));
#5450 = CARTESIAN_POINT('',(2.45340364313,19.863438107593));
#5451 = CARTESIAN_POINT('',(2.446990367412,19.797014916777));
#5452 = CARTESIAN_POINT('',(2.440454454114,19.731784007665));
#5453 = CARTESIAN_POINT('',(2.43379773558,19.667758713906));
#5454 = CARTESIAN_POINT('',(2.427022018505,19.604952410945));
#5455 = CARTESIAN_POINT('',(2.42012905448,19.54337831824));
#5456 = CARTESIAN_POINT('',(2.413120649342,19.483050237409));
#5457 = CARTESIAN_POINT('',(2.405998250041,19.423979797409));
#5458 = CARTESIAN_POINT('',(2.398764482457,19.366186735682));
#5459 = CARTESIAN_POINT('',(2.391417407735,19.309660528399));
#5460 = CARTESIAN_POINT('',(2.38397195343,19.254503588323));
#5461 = CARTESIAN_POINT('',(2.376441612211,19.200804985736));
#5462 = CARTESIAN_POINT('',(2.368822941902,19.148540854329));
#5463 = CARTESIAN_POINT('',(2.361116997388,19.097717589059));
#5464 = CARTESIAN_POINT('',(2.353323587683,19.048333476403));
#5465 = CARTESIAN_POINT('',(2.345442814521,19.000388975498));
#5466 = CARTESIAN_POINT('',(2.337474659818,18.953883963319));
#5467 = CARTESIAN_POINT('',(2.329419096322,18.90881847283));
#5468 = CARTESIAN_POINT('',(2.321276056797,18.865192495198));
#5469 = CARTESIAN_POINT('',(2.31304544607,18.823006032793));
#5470 = CARTESIAN_POINT('',(2.307499897555,18.795841400909));
#5471 = CARTESIAN_POINT('',(2.304712483326,18.7824990041));
#5472 = ( GEOMETRIC_REPRESENTATION_CONTEXT(2) 
PARAMETRIC_REPRESENTATION_CONTEXT() REPRESENTATION_CONTEXT('2D SPACE',''
  ) );
#5473 = ORIENTED_EDGE('',*,*,#5474,.F.);
#5474 = EDGE_CURVE('',#4949,#5400,#5475,.T.);
#5475 = SURFACE_CURVE('',#5476,(#5480,#5487),.PCURVE_S1.);
#5476 = LINE('',#5477,#5478);
#5477 = CARTESIAN_POINT('',(-9.26760424128,-236.2085418156,
    -233.782499004));
#5478 = VECTOR('',#5479,1.);
#5479 = DIRECTION('',(0.866086291565,-0.499894524438,-1.68211524377E-16)
  );
#5480 = PCURVE('',#4911,#5481);
#5481 = DEFINITIONAL_REPRESENTATION('',(#5482),#5486);
#5482 = LINE('',#5483,#5484);
#5483 = CARTESIAN_POINT('',(1.103474504149,-5.044853423897E-13));
#5484 = VECTOR('',#5485,1.);
#5485 = DIRECTION('',(-3.646022220509E-15,1.));
#5486 = ( GEOMETRIC_REPRESENTATION_CONTEXT(2) 
PARAMETRIC_REPRESENTATION_CONTEXT() REPRESENTATION_CONTEXT('2D SPACE',''
  ) );
#5487 = PCURVE('',#5488,#5493);
#5488 = PLANE('',#5489);
#5489 = AXIS2_PLACEMENT_3D('',#5490,#5491,#5492);
#5490 = CARTESIAN_POINT('',(4.397088043007E-03,-204.2401338254,
    -233.782499004));
#5491 = DIRECTION('',(-3.064104139906E-16,-8.673617379884E-16,1.));
#5492 = DIRECTION('',(-1.,2.435520001868E-07,-3.064102027429E-16));
#5493 = DEFINITIONAL_REPRESENTATION('',(#5494),#5498);
#5494 = LINE('',#5495,#5496);
#5495 = CARTESIAN_POINT('',(9.271993543353,31.968410248382));
#5496 = VECTOR('',#5497,1.);
#5497 = DIRECTION('',(-0.866086413315,0.499894313501));
#5498 = ( GEOMETRIC_REPRESENTATION_CONTEXT(2) 
PARAMETRIC_REPRESENTATION_CONTEXT() REPRESENTATION_CONTEXT('2D SPACE',''
  ) );
#5499 = ADVANCED_FACE('',(#5500,#5759),#5488,.F.);
#5500 = FACE_BOUND('',#5501,.T.);
#5501 = EDGE_LOOP('',(#5502,#5503,#5531,#5564,#5592,#5621,#5644,#5677,
    #5710,#5733));
#5502 = ORIENTED_EDGE('',*,*,#5474,.F.);
#5503 = ORIENTED_EDGE('',*,*,#5504,.F.);
#5504 = EDGE_CURVE('',#5505,#4949,#5507,.T.);
#5505 = VERTEX_POINT('',#5506);
#5506 = CARTESIAN_POINT('',(-10.56447876952,-216.4931561342,
    -233.782499004));
#5507 = SURFACE_CURVE('',#5508,(#5513,#5524),.PCURVE_S1.);
#5508 = CIRCLE('',#5509,27.);
#5509 = AXIS2_PLACEMENT_3D('',#5510,#5511,#5512);
#5510 = CARTESIAN_POINT('',(-33.95364042865,-229.9819335763,
    -233.782499004));
#5511 = DIRECTION('',(3.064104139906E-16,8.673617379884E-16,-1.));
#5512 = DIRECTION('',(2.435520000697E-07,1.,8.673618126152E-16));
#5513 = PCURVE('',#5488,#5514);
#5514 = DEFINITIONAL_REPRESENTATION('',(#5515),#5523);
#5515 = ( BOUNDED_CURVE() B_SPLINE_CURVE(2,(#5516,#5517,#5518,#5519,
#5520,#5521,#5522),.UNSPECIFIED.,.T.,.F.) B_SPLINE_CURVE_WITH_KNOTS((1,2
    ,2,2,2,1),(-2.094395102393,0.,2.094395102393,4.188790204786,
6.28318530718,8.377580409573),.UNSPECIFIED.) CURVE() 
GEOMETRIC_REPRESENTATION_ITEM() RATIONAL_B_SPLINE_CURVE((1.,0.5,1.,0.5,
1.,0.5,1.)) REPRESENTATION_ITEM('') );
#5516 = CARTESIAN_POINT('',(33.958031247225,-1.258191978547));
#5517 = CARTESIAN_POINT('',(-12.80734055713,-1.258191978547));
#5518 = CARTESIAN_POINT('',(10.575345345045,39.241808021453));
#5519 = CARTESIAN_POINT('',(33.958031247225,79.741808021453));
#5520 = CARTESIAN_POINT('',(57.340717149405,39.241808021453));
#5521 = CARTESIAN_POINT('',(80.723403051585,-1.258191978547));
#5522 = CARTESIAN_POINT('',(33.958031247225,-1.258191978547));
#5523 = ( GEOMETRIC_REPRESENTATION_CONTEXT(2) 
PARAMETRIC_REPRESENTATION_CONTEXT() REPRESENTATION_CONTEXT('2D SPACE',''
  ) );
#5524 = PCURVE('',#4995,#5525);
#5525 = DEFINITIONAL_REPRESENTATION('',(#5526),#5530);
#5526 = LINE('',#5527,#5528);
#5527 = CARTESIAN_POINT('',(3.14159265359,18.7824990041));
#5528 = VECTOR('',#5529,1.);
#5529 = DIRECTION('',(1.,3.614391862732E-14));
#5530 = ( GEOMETRIC_REPRESENTATION_CONTEXT(2) 
PARAMETRIC_REPRESENTATION_CONTEXT() REPRESENTATION_CONTEXT('2D SPACE',''
  ) );
#5531 = ORIENTED_EDGE('',*,*,#5532,.T.);
#5532 = EDGE_CURVE('',#5505,#5533,#5535,.T.);
#5533 = VERTEX_POINT('',#5534);
#5534 = CARTESIAN_POINT('',(-11.51619488568,-214.4139580118,
    -233.782499004));
#5535 = SURFACE_CURVE('',#5536,(#5541,#5552),.PCURVE_S1.);
#5536 = CIRCLE('',#5537,12.2);
#5537 = AXIS2_PLACEMENT_3D('',#5538,#5539,#5540);
#5538 = CARTESIAN_POINT('',(3.957239412998E-03,-210.3982270678,
    -233.782499004));
#5539 = DIRECTION('',(3.064104139906E-16,8.673617379884E-16,-1.));
#5540 = DIRECTION('',(2.435520000613E-07,1.,8.673618126152E-16));
#5541 = PCURVE('',#5488,#5542);
#5542 = DEFINITIONAL_REPRESENTATION('',(#5543),#5551);
#5543 = ( BOUNDED_CURVE() B_SPLINE_CURVE(2,(#5544,#5545,#5546,#5547,
#5548,#5549,#5550),.UNSPECIFIED.,.T.,.F.) B_SPLINE_CURVE_WITH_KNOTS((1,2
    ,2,2,2,1),(-2.094395102393,0.,2.094395102393,4.188790204786,
6.28318530718,8.377580409573),.UNSPECIFIED.) CURVE() 
GEOMETRIC_REPRESENTATION_ITEM() RATIONAL_B_SPLINE_CURVE((1.,0.5,1.,0.5,
1.,0.5,1.)) REPRESENTATION_ITEM('') );
#5544 = CARTESIAN_POINT('',(4.38348814084E-04,-6.04190675756));
#5545 = CARTESIAN_POINT('',(-21.13058150352,-6.04190675756));
#5546 = CARTESIAN_POINT('',(-10.56507157735,12.25809324244));
#5547 = CARTESIAN_POINT('',(4.383488140764E-04,30.55809324244));
#5548 = CARTESIAN_POINT('',(10.565948274984,12.25809324244));
#5549 = CARTESIAN_POINT('',(21.131458201154,-6.04190675756));
#5550 = CARTESIAN_POINT('',(4.38348814084E-04,-6.04190675756));
#5551 = ( GEOMETRIC_REPRESENTATION_CONTEXT(2) 
PARAMETRIC_REPRESENTATION_CONTEXT() REPRESENTATION_CONTEXT('2D SPACE',''
  ) );
#5552 = PCURVE('',#5553,#5558);
#5553 = CYLINDRICAL_SURFACE('',#5554,12.2);
#5554 = AXIS2_PLACEMENT_3D('',#5555,#5556,#5557);
#5555 = CARTESIAN_POINT('',(3.957239412998E-03,-210.3982270678,
    -214.9999999999));
#5556 = DIRECTION('',(3.064104139906E-16,8.673617379884E-16,-1.));
#5557 = DIRECTION('',(-2.435520000613E-07,-1.,-8.673618126152E-16));
#5558 = DEFINITIONAL_REPRESENTATION('',(#5559),#5563);
#5559 = LINE('',#5560,#5561);
#5560 = CARTESIAN_POINT('',(-3.14159265359,18.782499004099));
#5561 = VECTOR('',#5562,1.);
#5562 = DIRECTION('',(1.,1.514154061692E-13));
#5563 = ( GEOMETRIC_REPRESENTATION_CONTEXT(2) 
PARAMETRIC_REPRESENTATION_CONTEXT() REPRESENTATION_CONTEXT('2D SPACE',''
  ) );
#5564 = ORIENTED_EDGE('',*,*,#5565,.T.);
#5565 = EDGE_CURVE('',#5533,#5566,#5568,.T.);
#5566 = VERTEX_POINT('',#5567);
#5567 = CARTESIAN_POINT('',(-8.605566515825,-214.4139587206,
    -233.782499004));
#5568 = SURFACE_CURVE('',#5569,(#5573,#5580),.PCURVE_S1.);
#5569 = LINE('',#5570,#5571);
#5570 = CARTESIAN_POINT('',(4.394610187006E-03,-214.4139608176,
    -233.782499004));
#5571 = VECTOR('',#5572,1.);
#5572 = DIRECTION('',(1.,-2.435520001868E-07,3.064102027429E-16));
#5573 = PCURVE('',#5488,#5574);
#5574 = DEFINITIONAL_REPRESENTATION('',(#5575),#5579);
#5575 = LINE('',#5576,#5577);
#5576 = CARTESIAN_POINT('',(8.687960019373E-14,10.173826992192));
#5577 = VECTOR('',#5578,1.);
#5578 = DIRECTION('',(-1.,0.));
#5579 = ( GEOMETRIC_REPRESENTATION_CONTEXT(2) 
PARAMETRIC_REPRESENTATION_CONTEXT() REPRESENTATION_CONTEXT('2D SPACE',''
  ) );
#5580 = PCURVE('',#5581,#5586);
#5581 = PLANE('',#5582);
#5582 = AXIS2_PLACEMENT_3D('',#5583,#5584,#5585);
#5583 = CARTESIAN_POINT('',(-27.54152091073,-194.7764751419,
    -229.8555759808));
#5584 = DIRECTION('',(-4.77577793612E-08,-0.196088634149,0.980586175488)
  );
#5585 = DIRECTION('',(1.,-2.435520001868E-07,3.062696767598E-16));
#5586 = DEFINITIONAL_REPRESENTATION('',(#5587),#5591);
#5587 = LINE('',#5588,#5589);
#5588 = CARTESIAN_POINT('',(27.545920303666,-20.02626536832));
#5589 = VECTOR('',#5590,1.);
#5590 = DIRECTION('',(1.,2.546392797683E-20));
#5591 = ( GEOMETRIC_REPRESENTATION_CONTEXT(2) 
PARAMETRIC_REPRESENTATION_CONTEXT() REPRESENTATION_CONTEXT('2D SPACE',''
  ) );
#5592 = ORIENTED_EDGE('',*,*,#5593,.T.);
#5593 = EDGE_CURVE('',#5566,#5594,#5596,.T.);
#5594 = VERTEX_POINT('',#5595);
#5595 = CARTESIAN_POINT('',(8.613479038572,-214.4139629144,
    -233.782499004));
#5596 = SURFACE_CURVE('',#5597,(#5602,#5609),.PCURVE_S1.);
#5597 = CIRCLE('',#5598,9.5);
#5598 = AXIS2_PLACEMENT_3D('',#5599,#5600,#5601);
#5599 = CARTESIAN_POINT('',(3.957239412998E-03,-210.3982270678,
    -233.782499004));
#5600 = DIRECTION('',(0.,0.,1.));
#5601 = DIRECTION('',(-0.906265658446,-0.422708595041,0.));
#5602 = PCURVE('',#5488,#5603);
#5603 = DEFINITIONAL_REPRESENTATION('',(#5604),#5608);
#5604 = CIRCLE('',#5605,9.5);
#5605 = AXIS2_PLACEMENT_2D('',#5606,#5607);
#5606 = CARTESIAN_POINT('',(4.383488140825E-04,6.15809324244));
#5607 = DIRECTION('',(0.906265555495,0.422708815763));
#5608 = ( GEOMETRIC_REPRESENTATION_CONTEXT(2) 
PARAMETRIC_REPRESENTATION_CONTEXT() REPRESENTATION_CONTEXT('2D SPACE',''
  ) );
#5609 = PCURVE('',#5610,#5615);
#5610 = CYLINDRICAL_SURFACE('',#5611,9.5);
#5611 = AXIS2_PLACEMENT_3D('',#5612,#5613,#5614);
#5612 = CARTESIAN_POINT('',(3.957239412998E-03,-210.3982270678,
    -286.1879693898));
#5613 = DIRECTION('',(-3.064104139906E-16,-8.673617379884E-16,1.));
#5614 = DIRECTION('',(2.43552000205E-07,1.,8.673618126152E-16));
#5615 = DEFINITIONAL_REPRESENTATION('',(#5616),#5620);
#5616 = LINE('',#5617,#5618);
#5617 = CARTESIAN_POINT('',(2.007228557431,52.4054703858));
#5618 = VECTOR('',#5619,1.);
#5619 = DIRECTION('',(1.,2.50551912976E-14));
#5620 = ( GEOMETRIC_REPRESENTATION_CONTEXT(2) 
PARAMETRIC_REPRESENTATION_CONTEXT() REPRESENTATION_CONTEXT('2D SPACE',''
  ) );
#5621 = ORIENTED_EDGE('',*,*,#5622,.T.);
#5622 = EDGE_CURVE('',#5594,#5623,#5625,.T.);
#5623 = VERTEX_POINT('',#5624);
#5624 = CARTESIAN_POINT('',(11.52410740843,-214.4139636233,
    -233.782499004));
#5625 = SURFACE_CURVE('',#5626,(#5630,#5637),.PCURVE_S1.);
#5626 = LINE('',#5627,#5628);
#5627 = CARTESIAN_POINT('',(4.394610187006E-03,-214.4139608176,
    -233.782499004));
#5628 = VECTOR('',#5629,1.);
#5629 = DIRECTION('',(1.,-2.435520001868E-07,3.064102027429E-16));
#5630 = PCURVE('',#5488,#5631);
#5631 = DEFINITIONAL_REPRESENTATION('',(#5632),#5636);
#5632 = LINE('',#5633,#5634);
#5633 = CARTESIAN_POINT('',(8.687960019373E-14,10.173826992192));
#5634 = VECTOR('',#5635,1.);
#5635 = DIRECTION('',(-1.,0.));
#5636 = ( GEOMETRIC_REPRESENTATION_CONTEXT(2) 
PARAMETRIC_REPRESENTATION_CONTEXT() REPRESENTATION_CONTEXT('2D SPACE',''
  ) );
#5637 = PCURVE('',#5581,#5638);
#5638 = DEFINITIONAL_REPRESENTATION('',(#5639),#5643);
#5639 = LINE('',#5640,#5641);
#5640 = CARTESIAN_POINT('',(27.545920303666,-20.02626536832));
#5641 = VECTOR('',#5642,1.);
#5642 = DIRECTION('',(1.,2.546392797683E-20));
#5643 = ( GEOMETRIC_REPRESENTATION_CONTEXT(2) 
PARAMETRIC_REPRESENTATION_CONTEXT() REPRESENTATION_CONTEXT('2D SPACE',''
  ) );
#5644 = ORIENTED_EDGE('',*,*,#5645,.T.);
#5645 = EDGE_CURVE('',#5623,#5646,#5648,.T.);
#5646 = VERTEX_POINT('',#5647);
#5647 = CARTESIAN_POINT('',(10.57270925794,-216.4926081496,
    -233.782499004));
#5648 = SURFACE_CURVE('',#5649,(#5654,#5665),.PCURVE_S1.);
#5649 = CIRCLE('',#5650,12.2);
#5650 = AXIS2_PLACEMENT_3D('',#5651,#5652,#5653);
#5651 = CARTESIAN_POINT('',(3.957239412998E-03,-210.3982270678,
    -233.782499004));
#5652 = DIRECTION('',(3.064104139906E-16,8.673617379884E-16,-1.));
#5653 = DIRECTION('',(2.435520000613E-07,1.,8.673618126152E-16));
#5654 = PCURVE('',#5488,#5655);
#5655 = DEFINITIONAL_REPRESENTATION('',(#5656),#5664);
#5656 = ( BOUNDED_CURVE() B_SPLINE_CURVE(2,(#5657,#5658,#5659,#5660,
#5661,#5662,#5663),.UNSPECIFIED.,.T.,.F.) B_SPLINE_CURVE_WITH_KNOTS((1,2
    ,2,2,2,1),(-2.094395102393,0.,2.094395102393,4.188790204786,
6.28318530718,8.377580409573),.UNSPECIFIED.) CURVE() 
GEOMETRIC_REPRESENTATION_ITEM() RATIONAL_B_SPLINE_CURVE((1.,0.5,1.,0.5,
1.,0.5,1.)) REPRESENTATION_ITEM('') );
#5657 = CARTESIAN_POINT('',(4.38348814084E-04,-6.04190675756));
#5658 = CARTESIAN_POINT('',(-21.13058150352,-6.04190675756));
#5659 = CARTESIAN_POINT('',(-10.56507157735,12.25809324244));
#5660 = CARTESIAN_POINT('',(4.383488140764E-04,30.55809324244));
#5661 = CARTESIAN_POINT('',(10.565948274984,12.25809324244));
#5662 = CARTESIAN_POINT('',(21.131458201154,-6.04190675756));
#5663 = CARTESIAN_POINT('',(4.38348814084E-04,-6.04190675756));
#5664 = ( GEOMETRIC_REPRESENTATION_CONTEXT(2) 
PARAMETRIC_REPRESENTATION_CONTEXT() REPRESENTATION_CONTEXT('2D SPACE',''
  ) );
#5665 = PCURVE('',#5666,#5671);
#5666 = CYLINDRICAL_SURFACE('',#5667,12.2);
#5667 = AXIS2_PLACEMENT_3D('',#5668,#5669,#5670);
#5668 = CARTESIAN_POINT('',(3.957239412998E-03,-210.3982270678,
    -214.9999999999));
#5669 = DIRECTION('',(3.064104139906E-16,8.673617379884E-16,-1.));
#5670 = DIRECTION('',(-2.435520000613E-07,-1.,-8.673618126152E-16));
#5671 = DEFINITIONAL_REPRESENTATION('',(#5672),#5676);
#5672 = LINE('',#5673,#5674);
#5673 = CARTESIAN_POINT('',(3.14159265359,18.7824990041));
#5674 = VECTOR('',#5675,1.);
#5675 = DIRECTION('',(1.,-1.514576363633E-13));
#5676 = ( GEOMETRIC_REPRESENTATION_CONTEXT(2) 
PARAMETRIC_REPRESENTATION_CONTEXT() REPRESENTATION_CONTEXT('2D SPACE',''
  ) );
#5677 = ORIENTED_EDGE('',*,*,#5678,.F.);
#5678 = EDGE_CURVE('',#5679,#5646,#5681,.T.);
#5679 = VERTEX_POINT('',#5680);
#5680 = CARTESIAN_POINT('',(7.920153856538,-237.1070618303,
    -233.782499004));
#5681 = SURFACE_CURVE('',#5682,(#5687,#5698),.PCURVE_S1.);
#5682 = CIRCLE('',#5683,27.);
#5683 = AXIS2_PLACEMENT_3D('',#5684,#5685,#5686);
#5684 = CARTESIAN_POINT('',(33.96257028255,-229.980172839,-233.782499004
    ));
#5685 = DIRECTION('',(3.064104139906E-16,8.673617379884E-16,-1.));
#5686 = DIRECTION('',(2.435520000697E-07,1.,8.673618126152E-16));
#5687 = PCURVE('',#5488,#5688);
#5688 = DEFINITIONAL_REPRESENTATION('',(#5689),#5697);
#5689 = ( BOUNDED_CURVE() B_SPLINE_CURVE(2,(#5690,#5691,#5692,#5693,
#5694,#5695,#5696),.UNSPECIFIED.,.T.,.F.) B_SPLINE_CURVE_WITH_KNOTS((1,2
    ,2,2,2,1),(-2.094395102393,0.,2.094395102393,4.188790204786,
6.28318530718,8.377580409573),.UNSPECIFIED.) CURVE() 
GEOMETRIC_REPRESENTATION_ITEM() RATIONAL_B_SPLINE_CURVE((1.,0.5,1.,0.5,
1.,0.5,1.)) REPRESENTATION_ITEM('') );
#5690 = CARTESIAN_POINT('',(-33.95817946354,-1.259969257024));
#5691 = CARTESIAN_POINT('',(-80.7235512679,-1.259969257024));
#5692 = CARTESIAN_POINT('',(-57.34086536572,39.240030742976));
#5693 = CARTESIAN_POINT('',(-33.95817946354,79.740030742976));
#5694 = CARTESIAN_POINT('',(-10.57549356136,39.240030742976));
#5695 = CARTESIAN_POINT('',(12.807192340816,-1.259969257024));
#5696 = CARTESIAN_POINT('',(-33.95817946354,-1.259969257024));
#5697 = ( GEOMETRIC_REPRESENTATION_CONTEXT(2) 
PARAMETRIC_REPRESENTATION_CONTEXT() REPRESENTATION_CONTEXT('2D SPACE',''
  ) );
#5698 = PCURVE('',#5699,#5704);
#5699 = CYLINDRICAL_SURFACE('',#5700,27.);
#5700 = AXIS2_PLACEMENT_3D('',#5701,#5702,#5703);
#5701 = CARTESIAN_POINT('',(33.96257028254,-229.980172839,
    -214.9999999999));
#5702 = DIRECTION('',(3.064104139906E-16,8.673617379884E-16,-1.));
#5703 = DIRECTION('',(-2.435520000697E-07,-1.,-8.673618126152E-16));
#5704 = DEFINITIONAL_REPRESENTATION('',(#5705),#5709);
#5705 = LINE('',#5706,#5707);
#5706 = CARTESIAN_POINT('',(-3.14159265359,18.7824990041));
#5707 = VECTOR('',#5708,1.);
#5708 = DIRECTION('',(1.,0.));
#5709 = ( GEOMETRIC_REPRESENTATION_CONTEXT(2) 
PARAMETRIC_REPRESENTATION_CONTEXT() REPRESENTATION_CONTEXT('2D SPACE',''
  ) );
#5710 = ORIENTED_EDGE('',*,*,#5711,.T.);
#5711 = EDGE_CURVE('',#5679,#5712,#5714,.T.);
#5712 = VERTEX_POINT('',#5713);
#5713 = CARTESIAN_POINT('',(7.275620574265,-237.4792879639,
    -233.782499004));
#5714 = SURFACE_CURVE('',#5715,(#5719,#5726),.PCURVE_S1.);
#5715 = LINE('',#5716,#5717);
#5716 = CARTESIAN_POINT('',(9.033563809487,-236.4640534809,
    -233.782499004));
#5717 = VECTOR('',#5718,1.);
#5718 = DIRECTION('',(-0.865964503158,-0.500105468146,-6.99112889946E-16
    ));
#5719 = PCURVE('',#5488,#5720);
#5720 = DEFINITIONAL_REPRESENTATION('',(#5721),#5725);
#5721 = LINE('',#5722,#5723);
#5722 = CARTESIAN_POINT('',(-9.029174569644,32.223917456444));
#5723 = VECTOR('',#5724,1.);
#5724 = DIRECTION('',(0.865964381357,0.500105679054));
#5725 = ( GEOMETRIC_REPRESENTATION_CONTEXT(2) 
PARAMETRIC_REPRESENTATION_CONTEXT() REPRESENTATION_CONTEXT('2D SPACE',''
  ) );
#5726 = PCURVE('',#1393,#5727);
#5727 = DEFINITIONAL_REPRESENTATION('',(#5728),#5732);
#5728 = LINE('',#5729,#5730);
#5729 = CARTESIAN_POINT('',(1.128775602086,2.522426711948E-13));
#5730 = VECTOR('',#5731,1.);
#5731 = DIRECTION('',(0.,-1.));
#5732 = ( GEOMETRIC_REPRESENTATION_CONTEXT(2) 
PARAMETRIC_REPRESENTATION_CONTEXT() REPRESENTATION_CONTEXT('2D SPACE',''
  ) );
#5733 = ORIENTED_EDGE('',*,*,#5734,.F.);
#5734 = EDGE_CURVE('',#5400,#5712,#5735,.T.);
#5735 = SURFACE_CURVE('',#5736,(#5741,#5752),.PCURVE_S1.);
#5736 = CIRCLE('',#5737,9.7);
#5737 = AXIS2_PLACEMENT_3D('',#5738,#5739,#5740);
#5738 = CARTESIAN_POINT('',(4.825777611003E-03,-243.899999998,
    -233.782499004));
#5739 = DIRECTION('',(3.064104139906E-16,8.673617379884E-16,-1.));
#5740 = DIRECTION('',(-2.435519998736E-07,-1.,-8.673618126152E-16));
#5741 = PCURVE('',#5488,#5742);
#5742 = DEFINITIONAL_REPRESENTATION('',(#5743),#5751);
#5743 = ( BOUNDED_CURVE() B_SPLINE_CURVE(2,(#5744,#5745,#5746,#5747,
#5748,#5749,#5750),.UNSPECIFIED.,.T.,.F.) B_SPLINE_CURVE_WITH_KNOTS((1,2
    ,2,2,2,1),(-2.094395102393,0.,2.094395102393,4.188790204786,
6.28318530718,8.377580409573),.UNSPECIFIED.) CURVE() 
GEOMETRIC_REPRESENTATION_ITEM() RATIONAL_B_SPLINE_CURVE((1.,0.5,1.,0.5,
1.,0.5,1.)) REPRESENTATION_ITEM('') );
#5744 = CARTESIAN_POINT('',(-4.383488077333E-04,49.359866172479));
#5745 = CARTESIAN_POINT('',(16.80045448461,49.359866172479));
#5746 = CARTESIAN_POINT('',(8.400008067901,34.809866172479));
#5747 = CARTESIAN_POINT('',(-4.383488077218E-04,20.259866172479));
#5748 = CARTESIAN_POINT('',(-8.400884765517,34.809866172479));
#5749 = CARTESIAN_POINT('',(-16.80133118222,49.359866172479));
#5750 = CARTESIAN_POINT('',(-4.383488077333E-04,49.359866172479));
#5751 = ( GEOMETRIC_REPRESENTATION_CONTEXT(2) 
PARAMETRIC_REPRESENTATION_CONTEXT() REPRESENTATION_CONTEXT('2D SPACE',''
  ) );
#5752 = PCURVE('',#5440,#5753);
#5753 = DEFINITIONAL_REPRESENTATION('',(#5754),#5758);
#5754 = LINE('',#5755,#5756);
#5755 = CARTESIAN_POINT('',(6.661338147751E-14,18.7824990041));
#5756 = VECTOR('',#5757,1.);
#5757 = DIRECTION('',(1.,0.));
#5758 = ( GEOMETRIC_REPRESENTATION_CONTEXT(2) 
PARAMETRIC_REPRESENTATION_CONTEXT() REPRESENTATION_CONTEXT('2D SPACE',''
  ) );
#5759 = FACE_BOUND('',#5760,.T.);
#5760 = EDGE_LOOP('',(#5761,#5796,#5824,#5856,#5884,#5912,#5945,#5973,
    #6006,#6034,#6062,#6094));
#5761 = ORIENTED_EDGE('',*,*,#5762,.F.);
#5762 = EDGE_CURVE('',#5763,#5765,#5767,.T.);
#5763 = VERTEX_POINT('',#5764);
#5764 = CARTESIAN_POINT('',(0.266985203416,-233.2171458431,
    -233.782499004));
#5765 = VERTEX_POINT('',#5766);
#5766 = CARTESIAN_POINT('',(-0.259670509325,-233.2171389216,
    -233.782499004));
#5767 = SURFACE_CURVE('',#5768,(#5773,#5784),.PCURVE_S1.);
#5768 = CIRCLE('',#5769,0.3);
#5769 = AXIS2_PLACEMENT_3D('',#5770,#5771,#5772);
#5770 = CARTESIAN_POINT('',(3.65923599E-03,-233.0734119401,
    -233.782499004));
#5771 = DIRECTION('',(3.064104139906E-16,8.673617379884E-16,-1.));
#5772 = DIRECTION('',(-1.,2.435520072656E-07,-3.064102027429E-16));
#5773 = PCURVE('',#5488,#5774);
#5774 = DEFINITIONAL_REPRESENTATION('',(#5775),#5783);
#5775 = ( BOUNDED_CURVE() B_SPLINE_CURVE(2,(#5776,#5777,#5778,#5779,
#5780,#5781,#5782),.UNSPECIFIED.,.T.,.F.) B_SPLINE_CURVE_WITH_KNOTS((1,2
    ,2,2,2,1),(-2.094395102393,0.,2.094395102393,4.188790204786,
6.28318530718,8.377580409573),.UNSPECIFIED.) CURVE() 
GEOMETRIC_REPRESENTATION_ITEM() RATIONAL_B_SPLINE_CURVE((1.,0.5,1.,0.5,
1.,0.5,1.)) REPRESENTATION_ITEM('') );
#5776 = CARTESIAN_POINT('',(0.30073082965,28.833278114824));
#5777 = CARTESIAN_POINT('',(0.30073082965,28.313662872553));
#5778 = CARTESIAN_POINT('',(-0.14926917035,28.573470493689));
#5779 = CARTESIAN_POINT('',(-0.59926917035,28.833278114824));
#5780 = CARTESIAN_POINT('',(-0.14926917035,29.093085735959));
#5781 = CARTESIAN_POINT('',(0.30073082965,29.352893357095));
#5782 = CARTESIAN_POINT('',(0.30073082965,28.833278114824));
#5783 = ( GEOMETRIC_REPRESENTATION_CONTEXT(2) 
PARAMETRIC_REPRESENTATION_CONTEXT() REPRESENTATION_CONTEXT('2D SPACE',''
  ) );
#5784 = PCURVE('',#5785,#5790);
#5785 = CYLINDRICAL_SURFACE('',#5786,0.3);
#5786 = AXIS2_PLACEMENT_3D('',#5787,#5788,#5789);
#5787 = CARTESIAN_POINT('',(3.65923599E-03,-233.0734119401,
    -1.740130216234E-13));
#5788 = DIRECTION('',(0.,0.,1.));
#5789 = DIRECTION('',(0.,1.,0.));
#5790 = DEFINITIONAL_REPRESENTATION('',(#5791),#5795);
#5791 = LINE('',#5792,#5793);
#5792 = CARTESIAN_POINT('',(7.853981390423,-233.782499004));
#5793 = VECTOR('',#5794,1.);
#5794 = DIRECTION('',(-1.,0.));
#5795 = ( GEOMETRIC_REPRESENTATION_CONTEXT(2) 
PARAMETRIC_REPRESENTATION_CONTEXT() REPRESENTATION_CONTEXT('2D SPACE',''
  ) );
#5796 = ORIENTED_EDGE('',*,*,#5797,.F.);
#5797 = EDGE_CURVE('',#5798,#5763,#5800,.T.);
#5798 = VERTEX_POINT('',#5799);
#5799 = CARTESIAN_POINT('',(2.561510682105,-229.0134880509,
    -233.782499004));
#5800 = SURFACE_CURVE('',#5801,(#5805,#5812),.PCURVE_S1.);
#5801 = LINE('',#5802,#5803);
#5802 = CARTESIAN_POINT('',(2.561510682105,-229.0134880509,
    -233.782499004));
#5803 = VECTOR('',#5804,1.);
#5804 = DIRECTION('',(-0.479113010087,-0.877753224754,-9.08134778313E-16
    ));
#5805 = PCURVE('',#5488,#5806);
#5806 = DEFINITIONAL_REPRESENTATION('',(#5807),#5811);
#5807 = LINE('',#5808,#5809);
#5808 = CARTESIAN_POINT('',(-2.557119627662,24.773353602674));
#5809 = VECTOR('',#5810,1.);
#5810 = DIRECTION('',(0.479112796308,0.877753341443));
#5811 = ( GEOMETRIC_REPRESENTATION_CONTEXT(2) 
PARAMETRIC_REPRESENTATION_CONTEXT() REPRESENTATION_CONTEXT('2D SPACE',''
  ) );
#5812 = PCURVE('',#5813,#5818);
#5813 = PLANE('',#5814);
#5814 = AXIS2_PLACEMENT_3D('',#5815,#5816,#5817);
#5815 = CARTESIAN_POINT('',(2.561510682105,-229.0134880509,
    -233.282499004));
#5816 = DIRECTION('',(0.877753224754,-0.479113010087,-1.466115641434E-16
    ));
#5817 = DIRECTION('',(0.479113010087,0.877753224754,9.08134778313E-16));
#5818 = DEFINITIONAL_REPRESENTATION('',(#5819),#5823);
#5819 = LINE('',#5820,#5821);
#5820 = CARTESIAN_POINT('',(-4.540673891565E-16,-0.5));
#5821 = VECTOR('',#5822,1.);
#5822 = DIRECTION('',(-1.,-5.669937756276E-31));
#5823 = ( GEOMETRIC_REPRESENTATION_CONTEXT(2) 
PARAMETRIC_REPRESENTATION_CONTEXT() REPRESENTATION_CONTEXT('2D SPACE',''
  ) );
#5824 = ORIENTED_EDGE('',*,*,#5825,.F.);
#5825 = EDGE_CURVE('',#5826,#5798,#5828,.T.);
#5826 = VERTEX_POINT('',#5827);
#5827 = CARTESIAN_POINT('',(2.298184787745,-228.5697541479,
    -233.782499004));
#5828 = SURFACE_CURVE('',#5829,(#5834,#5845),.PCURVE_S1.);
#5829 = CIRCLE('',#5830,0.3);
#5830 = AXIS2_PLACEMENT_3D('',#5831,#5832,#5833);
#5831 = CARTESIAN_POINT('',(2.298184714679,-228.8697541479,
    -233.782499004));
#5832 = DIRECTION('',(3.064104139906E-16,8.673617379884E-16,-1.));
#5833 = DIRECTION('',(-1.,2.435520072656E-07,-3.064102027429E-16));
#5834 = PCURVE('',#5488,#5835);
#5835 = DEFINITIONAL_REPRESENTATION('',(#5836),#5844);
#5836 = ( BOUNDED_CURVE() B_SPLINE_CURVE(2,(#5837,#5838,#5839,#5840,
#5841,#5842,#5843),.UNSPECIFIED.,.T.,.F.) B_SPLINE_CURVE_WITH_KNOTS((1,2
    ,2,2,2,1),(-2.094395102393,0.,2.094395102393,4.188790204786,
6.28318530718,8.377580409573),.UNSPECIFIED.) CURVE() 
GEOMETRIC_REPRESENTATION_ITEM() RATIONAL_B_SPLINE_CURVE((1.,0.5,1.,0.5,
1.,0.5,1.)) REPRESENTATION_ITEM('') );
#5837 = CARTESIAN_POINT('',(-1.993793625229,24.629619763782));
#5838 = CARTESIAN_POINT('',(-1.993793625229,24.110004521511));
#5839 = CARTESIAN_POINT('',(-2.443793625229,24.369812142646));
#5840 = CARTESIAN_POINT('',(-2.893793625229,24.629619763782));
#5841 = CARTESIAN_POINT('',(-2.443793625229,24.889427384917));
#5842 = CARTESIAN_POINT('',(-1.993793625229,25.149235006052));
#5843 = CARTESIAN_POINT('',(-1.993793625229,24.629619763782));
#5844 = ( GEOMETRIC_REPRESENTATION_CONTEXT(2) 
PARAMETRIC_REPRESENTATION_CONTEXT() REPRESENTATION_CONTEXT('2D SPACE',''
  ) );
#5845 = PCURVE('',#5846,#5851);
#5846 = CYLINDRICAL_SURFACE('',#5847,0.3);
#5847 = AXIS2_PLACEMENT_3D('',#5848,#5849,#5850);
#5848 = CARTESIAN_POINT('',(2.298184714679,-228.8697541479,
    -1.740130216234E-13));
#5849 = DIRECTION('',(0.,0.,1.));
#5850 = DIRECTION('',(0.,1.,0.));
#5851 = DEFINITIONAL_REPRESENTATION('',(#5852),#5855);
#5852 = B_SPLINE_CURVE_WITH_KNOTS('',1,(#5853,#5854),.UNSPECIFIED.,.F.,
  .F.,(2,2),(1.570796326796,3.641236320318),.PIECEWISE_BEZIER_KNOTS.);
#5853 = CARTESIAN_POINT('',(6.28318530718,-233.782499004));
#5854 = CARTESIAN_POINT('',(4.212745070104,-233.782499004));
#5855 = ( GEOMETRIC_REPRESENTATION_CONTEXT(2) 
PARAMETRIC_REPRESENTATION_CONTEXT() REPRESENTATION_CONTEXT('2D SPACE',''
  ) );
#5856 = ORIENTED_EDGE('',*,*,#5857,.F.);
#5857 = EDGE_CURVE('',#5858,#5826,#5860,.T.);
#5858 = VERTEX_POINT('',#5859);
#5859 = CARTESIAN_POINT('',(1.003718424355,-228.5697538326,
    -233.782499004));
#5860 = SURFACE_CURVE('',#5861,(#5865,#5872),.PCURVE_S1.);
#5861 = LINE('',#5862,#5863);
#5862 = CARTESIAN_POINT('',(1.003718424355,-228.5697538326,
    -233.782499004));
#5863 = VECTOR('',#5864,1.);
#5864 = DIRECTION('',(1.,-2.43552016268E-07,3.064102027429E-16));
#5865 = PCURVE('',#5488,#5866);
#5866 = DEFINITIONAL_REPRESENTATION('',(#5867),#5871);
#5867 = LINE('',#5868,#5869);
#5868 = CARTESIAN_POINT('',(-0.99932726184,24.329619763782));
#5869 = VECTOR('',#5870,1.);
#5870 = DIRECTION('',(-1.,1.608119997156E-14));
#5871 = ( GEOMETRIC_REPRESENTATION_CONTEXT(2) 
PARAMETRIC_REPRESENTATION_CONTEXT() REPRESENTATION_CONTEXT('2D SPACE',''
  ) );
#5872 = PCURVE('',#5873,#5878);
#5873 = PLANE('',#5874);
#5874 = AXIS2_PLACEMENT_3D('',#5875,#5876,#5877);
#5875 = CARTESIAN_POINT('',(1.003718424355,-228.5697538326,
    -233.282499004));
#5876 = DIRECTION('',(2.43552016268E-07,1.,8.673618126153E-16));
#5877 = DIRECTION('',(-1.,2.43552016268E-07,-3.064102027429E-16));
#5878 = DEFINITIONAL_REPRESENTATION('',(#5879),#5883);
#5879 = LINE('',#5880,#5881);
#5880 = CARTESIAN_POINT('',(1.532051013714E-16,-0.5));
#5881 = VECTOR('',#5882,1.);
#5882 = DIRECTION('',(-1.,2.465190328816E-31));
#5883 = ( GEOMETRIC_REPRESENTATION_CONTEXT(2) 
PARAMETRIC_REPRESENTATION_CONTEXT() REPRESENTATION_CONTEXT('2D SPACE',''
  ) );
#5884 = ORIENTED_EDGE('',*,*,#5885,.F.);
#5885 = EDGE_CURVE('',#5886,#5858,#5888,.T.);
#5886 = VERTEX_POINT('',#5887);
#5887 = CARTESIAN_POINT('',(1.00379324629,-222.8765265652,-233.782499004
    ));
#5888 = SURFACE_CURVE('',#5889,(#5893,#5900),.PCURVE_S1.);
#5889 = LINE('',#5890,#5891);
#5890 = CARTESIAN_POINT('',(1.00379324629,-222.8765265652,-233.782499004
    ));
#5891 = VECTOR('',#5892,1.);
#5892 = DIRECTION('',(-1.314227093834E-05,-0.999999999914,
    -8.673657648389E-16));
#5893 = PCURVE('',#5488,#5894);
#5894 = DEFINITIONAL_REPRESENTATION('',(#5895),#5899);
#5895 = LINE('',#5896,#5897);
#5896 = CARTESIAN_POINT('',(-0.999400697178,18.636392496363));
#5897 = VECTOR('',#5898,1.);
#5898 = DIRECTION('',(1.289871893817E-05,0.999999999917));
#5899 = ( GEOMETRIC_REPRESENTATION_CONTEXT(2) 
PARAMETRIC_REPRESENTATION_CONTEXT() REPRESENTATION_CONTEXT('2D SPACE',''
  ) );
#5900 = PCURVE('',#5901,#5906);
#5901 = PLANE('',#5902);
#5902 = AXIS2_PLACEMENT_3D('',#5903,#5904,#5905);
#5903 = CARTESIAN_POINT('',(1.00379324629,-222.8765265652,-233.282499004
    ));
#5904 = DIRECTION('',(0.999999999914,-1.314227093834E-05,
    3.063990148601E-16));
#5905 = DIRECTION('',(1.314227093834E-05,0.999999999914,
    8.673657648389E-16));
#5906 = DEFINITIONAL_REPRESENTATION('',(#5907),#5911);
#5907 = LINE('',#5908,#5909);
#5908 = CARTESIAN_POINT('',(-4.336828824194E-16,-0.5));
#5909 = VECTOR('',#5910,1.);
#5910 = DIRECTION('',(-1.,-1.395923051488E-32));
#5911 = ( GEOMETRIC_REPRESENTATION_CONTEXT(2) 
PARAMETRIC_REPRESENTATION_CONTEXT() REPRESENTATION_CONTEXT('2D SPACE',''
  ) );
#5912 = ORIENTED_EDGE('',*,*,#5913,.F.);
#5913 = EDGE_CURVE('',#5914,#5886,#5916,.T.);
#5914 = VERTEX_POINT('',#5915);
#5915 = CARTESIAN_POINT('',(0.703796636195,-222.5765226225,
    -233.782499004));
#5916 = SURFACE_CURVE('',#5917,(#5922,#5933),.PCURVE_S1.);
#5917 = CIRCLE('',#5918,0.3);
#5918 = AXIS2_PLACEMENT_3D('',#5919,#5920,#5921);
#5919 = CARTESIAN_POINT('',(0.703793246316,-222.8765226225,
    -233.782499004));
#5920 = DIRECTION('',(3.064104139906E-16,8.673617379884E-16,-1.));
#5921 = DIRECTION('',(-1.,2.435520072656E-07,-3.064102027429E-16));
#5922 = PCURVE('',#5488,#5923);
#5923 = DEFINITIONAL_REPRESENTATION('',(#5924),#5932);
#5924 = ( BOUNDED_CURVE() B_SPLINE_CURVE(2,(#5925,#5926,#5927,#5928,
#5929,#5930,#5931),.UNSPECIFIED.,.T.,.F.) B_SPLINE_CURVE_WITH_KNOTS((1,2
    ,2,2,2,1),(-2.094395102393,0.,2.094395102393,4.188790204786,
6.28318530718,8.377580409573),.UNSPECIFIED.) CURVE() 
GEOMETRIC_REPRESENTATION_ITEM() RATIONAL_B_SPLINE_CURVE((1.,0.5,1.,0.5,
1.,0.5,1.)) REPRESENTATION_ITEM('') );
#5925 = CARTESIAN_POINT('',(-0.399400697203,18.636388626747));
#5926 = CARTESIAN_POINT('',(-0.399400697203,18.116773384476));
#5927 = CARTESIAN_POINT('',(-0.849400697203,18.376581005612));
#5928 = CARTESIAN_POINT('',(-1.299400697203,18.636388626747));
#5929 = CARTESIAN_POINT('',(-0.849400697203,18.896196247882));
#5930 = CARTESIAN_POINT('',(-0.399400697203,19.156003869018));
#5931 = CARTESIAN_POINT('',(-0.399400697203,18.636388626747));
#5932 = ( GEOMETRIC_REPRESENTATION_CONTEXT(2) 
PARAMETRIC_REPRESENTATION_CONTEXT() REPRESENTATION_CONTEXT('2D SPACE',''
  ) );
#5933 = PCURVE('',#5934,#5939);
#5934 = CYLINDRICAL_SURFACE('',#5935,0.3);
#5935 = AXIS2_PLACEMENT_3D('',#5936,#5937,#5938);
#5936 = CARTESIAN_POINT('',(0.703793246316,-222.8765226225,
    -1.740130216234E-13));
#5937 = DIRECTION('',(0.,0.,1.));
#5938 = DIRECTION('',(0.,1.,0.));
#5939 = DEFINITIONAL_REPRESENTATION('',(#5940),#5944);
#5940 = LINE('',#5941,#5942);
#5941 = CARTESIAN_POINT('',(7.853981390422,-233.782499004));
#5942 = VECTOR('',#5943,1.);
#5943 = DIRECTION('',(-1.,0.));
#5944 = ( GEOMETRIC_REPRESENTATION_CONTEXT(2) 
PARAMETRIC_REPRESENTATION_CONTEXT() REPRESENTATION_CONTEXT('2D SPACE',''
  ) );
#5945 = ORIENTED_EDGE('',*,*,#5946,.F.);
#5946 = EDGE_CURVE('',#5947,#5914,#5949,.T.);
#5947 = VERTEX_POINT('',#5948);
#5948 = CARTESIAN_POINT('',(-0.696203363685,-222.5765068031,
    -233.782499004));
#5949 = SURFACE_CURVE('',#5950,(#5954,#5961),.PCURVE_S1.);
#5950 = LINE('',#5951,#5952);
#5951 = CARTESIAN_POINT('',(-0.696203363685,-222.5765068031,
    -233.782499004));
#5952 = VECTOR('',#5953,1.);
#5953 = DIRECTION('',(0.999999999936,-1.129959677059E-05,
    3.064006131332E-16));
#5954 = PCURVE('',#5488,#5955);
#5955 = DEFINITIONAL_REPRESENTATION('',(#5956),#5960);
#5956 = LINE('',#5957,#5958);
#5957 = CARTESIAN_POINT('',(0.700595985868,18.336373148303));
#5958 = VECTOR('',#5959,1.);
#5959 = DIRECTION('',(-0.999999999939,1.105604477042E-05));
#5960 = ( GEOMETRIC_REPRESENTATION_CONTEXT(2) 
PARAMETRIC_REPRESENTATION_CONTEXT() REPRESENTATION_CONTEXT('2D SPACE',''
  ) );
#5961 = PCURVE('',#5962,#5967);
#5962 = PLANE('',#5963);
#5963 = AXIS2_PLACEMENT_3D('',#5964,#5965,#5966);
#5964 = CARTESIAN_POINT('',(-0.696203363685,-222.5765068031,
    -233.282499004));
#5965 = DIRECTION('',(1.129959677059E-05,0.999999999936,
    8.673652002483E-16));
#5966 = DIRECTION('',(-3.064104139906E-16,-8.673617379896E-16,1.));
#5967 = DEFINITIONAL_REPRESENTATION('',(#5968),#5972);
#5968 = LINE('',#5969,#5970);
#5969 = CARTESIAN_POINT('',(-0.5,-1.532003065666E-16));
#5970 = VECTOR('',#5971,1.);
#5971 = DIRECTION('',(1.037352090366E-28,1.));
#5972 = ( GEOMETRIC_REPRESENTATION_CONTEXT(2) 
PARAMETRIC_REPRESENTATION_CONTEXT() REPRESENTATION_CONTEXT('2D SPACE',''
  ) );
#5973 = ORIENTED_EDGE('',*,*,#5974,.F.);
#5974 = EDGE_CURVE('',#5975,#5947,#5977,.T.);
#5975 = VERTEX_POINT('',#5976);
#5976 = CARTESIAN_POINT('',(-0.996206753538,-222.8765028604,
    -233.782499004));
#5977 = SURFACE_CURVE('',#5978,(#5983,#5994),.PCURVE_S1.);
#5978 = CIRCLE('',#5979,0.3);
#5979 = AXIS2_PLACEMENT_3D('',#5980,#5981,#5982);
#5980 = CARTESIAN_POINT('',(-0.696206753564,-222.8765068031,
    -233.782499004));
#5981 = DIRECTION('',(3.064104139906E-16,8.673617379884E-16,-1.));
#5982 = DIRECTION('',(-1.,2.435520072656E-07,-3.064102027429E-16));
#5983 = PCURVE('',#5488,#5984);
#5984 = DEFINITIONAL_REPRESENTATION('',(#5985),#5993);
#5985 = ( BOUNDED_CURVE() B_SPLINE_CURVE(2,(#5986,#5987,#5988,#5989,
#5990,#5991,#5992),.UNSPECIFIED.,.T.,.F.) B_SPLINE_CURVE_WITH_KNOTS((1,2
    ,2,2,2,1),(-2.094395102393,0.,2.094395102393,4.188790204786,
6.28318530718,8.377580409573),.UNSPECIFIED.) CURVE() 
GEOMETRIC_REPRESENTATION_ITEM() RATIONAL_B_SPLINE_CURVE((1.,0.5,1.,0.5,
1.,0.5,1.)) REPRESENTATION_ITEM('') );
#5986 = CARTESIAN_POINT('',(1.000599302681,18.636373148284));
#5987 = CARTESIAN_POINT('',(1.000599302681,18.116757906013));
#5988 = CARTESIAN_POINT('',(0.550599302681,18.376565527149));
#5989 = CARTESIAN_POINT('',(0.100599302681,18.636373148284));
#5990 = CARTESIAN_POINT('',(0.550599302681,18.896180769419));
#5991 = CARTESIAN_POINT('',(1.000599302681,19.155988390555));
#5992 = CARTESIAN_POINT('',(1.000599302681,18.636373148284));
#5993 = ( GEOMETRIC_REPRESENTATION_CONTEXT(2) 
PARAMETRIC_REPRESENTATION_CONTEXT() REPRESENTATION_CONTEXT('2D SPACE',''
  ) );
#5994 = PCURVE('',#5995,#6000);
#5995 = CYLINDRICAL_SURFACE('',#5996,0.3);
#5996 = AXIS2_PLACEMENT_3D('',#5997,#5998,#5999);
#5997 = CARTESIAN_POINT('',(-0.696206753564,-222.8765068031,
    -1.740130216234E-13));
#5998 = DIRECTION('',(0.,0.,1.));
#5999 = DIRECTION('',(0.,1.,0.));
#6000 = DEFINITIONAL_REPRESENTATION('',(#6001),#6005);
#6001 = LINE('',#6002,#6003);
#6002 = CARTESIAN_POINT('',(1.570796083242,-233.782499004));
#6003 = VECTOR('',#6004,1.);
#6004 = DIRECTION('',(-1.,0.));
#6005 = ( GEOMETRIC_REPRESENTATION_CONTEXT(2) 
PARAMETRIC_REPRESENTATION_CONTEXT() REPRESENTATION_CONTEXT('2D SPACE',''
  ) );
#6006 = ORIENTED_EDGE('',*,*,#6007,.F.);
#6007 = EDGE_CURVE('',#6008,#5975,#6010,.T.);
#6008 = VERTEX_POINT('',#6009);
#6009 = CARTESIAN_POINT('',(-0.996281575099,-228.5697028483,
    -233.782499004));
#6010 = SURFACE_CURVE('',#6011,(#6015,#6022),.PCURVE_S1.);
#6011 = LINE('',#6012,#6013);
#6012 = CARTESIAN_POINT('',(-0.996281575099,-228.5697028483,
    -233.782499004));
#6013 = VECTOR('',#6014,1.);
#6014 = DIRECTION('',(1.314226817399E-05,0.999999999914,
    8.67365764838E-16));
#6015 = PCURVE('',#5488,#6016);
#6016 = DEFINITIONAL_REPRESENTATION('',(#6017),#6021);
#6017 = LINE('',#6018,#6019);
#6018 = CARTESIAN_POINT('',(1.000672737627,24.329569266577));
#6019 = VECTOR('',#6020,1.);
#6020 = DIRECTION('',(-1.289871617382E-05,-0.999999999917));
#6021 = ( GEOMETRIC_REPRESENTATION_CONTEXT(2) 
PARAMETRIC_REPRESENTATION_CONTEXT() REPRESENTATION_CONTEXT('2D SPACE',''
  ) );
#6022 = PCURVE('',#6023,#6028);
#6023 = PLANE('',#6024);
#6024 = AXIS2_PLACEMENT_3D('',#6025,#6026,#6027);
#6025 = CARTESIAN_POINT('',(-0.996281575099,-228.5697028483,
    -233.282499004));
#6026 = DIRECTION('',(-0.999999999914,1.314226817399E-05,
    -3.063990148625E-16));
#6027 = DIRECTION('',(3.064104139895E-16,8.673617379884E-16,-1.));
#6028 = DEFINITIONAL_REPRESENTATION('',(#6029),#6033);
#6029 = LINE('',#6030,#6031);
#6030 = CARTESIAN_POINT('',(0.5,4.336828824207E-16));
#6031 = VECTOR('',#6032,1.);
#6032 = DIRECTION('',(3.338853623361E-27,-1.));
#6033 = ( GEOMETRIC_REPRESENTATION_CONTEXT(2) 
PARAMETRIC_REPRESENTATION_CONTEXT() REPRESENTATION_CONTEXT('2D SPACE',''
  ) );
#6034 = ORIENTED_EDGE('',*,*,#6035,.F.);
#6035 = EDGE_CURVE('',#6036,#6008,#6038,.T.);
#6036 = VERTEX_POINT('',#6037);
#6037 = CARTESIAN_POINT('',(-2.290750932247,-228.569702533,
    -233.782499004));
#6038 = SURFACE_CURVE('',#6039,(#6043,#6050),.PCURVE_S1.);
#6039 = LINE('',#6040,#6041);
#6040 = CARTESIAN_POINT('',(-2.290750932247,-228.569702533,
    -233.782499004));
#6041 = VECTOR('',#6042,1.);
#6042 = DIRECTION('',(1.,-2.435520001868E-07,3.064102027429E-16));
#6043 = PCURVE('',#5488,#6044);
#6044 = DEFINITIONAL_REPRESENTATION('',(#6045),#6049);
#6045 = LINE('',#6046,#6047);
#6046 = CARTESIAN_POINT('',(2.295142094775,24.329569266576));
#6047 = VECTOR('',#6048,1.);
#6048 = DIRECTION('',(-1.,0.));
#6049 = ( GEOMETRIC_REPRESENTATION_CONTEXT(2) 
PARAMETRIC_REPRESENTATION_CONTEXT() REPRESENTATION_CONTEXT('2D SPACE',''
  ) );
#6050 = PCURVE('',#6051,#6056);
#6051 = PLANE('',#6052);
#6052 = AXIS2_PLACEMENT_3D('',#6053,#6054,#6055);
#6053 = CARTESIAN_POINT('',(-0.996281575278,-228.569716488,
    -233.782499004));
#6054 = DIRECTION('',(2.604098704437E-05,0.999999999661,0.));
#6055 = DIRECTION('',(0.999999999661,-2.604098704437E-05,0.));
#6056 = DEFINITIONAL_REPRESENTATION('',(#6057),#6061);
#6057 = LINE('',#6058,#6059);
#6058 = CARTESIAN_POINT('',(-1.294469356893,0.));
#6059 = VECTOR('',#6060,1.);
#6060 = DIRECTION('',(1.,-3.064102028448E-16));
#6061 = ( GEOMETRIC_REPRESENTATION_CONTEXT(2) 
PARAMETRIC_REPRESENTATION_CONTEXT() REPRESENTATION_CONTEXT('2D SPACE',''
  ) );
#6062 = ORIENTED_EDGE('',*,*,#6063,.F.);
#6063 = EDGE_CURVE('',#6064,#6036,#6066,.T.);
#6064 = VERTEX_POINT('',#6065);
#6065 = CARTESIAN_POINT('',(-2.554080750627,-229.0134295146,
    -233.782499004));
#6066 = SURFACE_CURVE('',#6067,(#6072,#6083),.PCURVE_S1.);
#6067 = CIRCLE('',#6068,0.3);
#6068 = AXIS2_PLACEMENT_3D('',#6069,#6070,#6071);
#6069 = CARTESIAN_POINT('',(-2.290751005312,-228.869702533,
    -233.782499004));
#6070 = DIRECTION('',(3.064104139906E-16,8.673617379884E-16,-1.));
#6071 = DIRECTION('',(1.,-2.435520072656E-07,3.064102027429E-16));
#6072 = PCURVE('',#5488,#6073);
#6073 = DEFINITIONAL_REPRESENTATION('',(#6074),#6082);
#6074 = ( BOUNDED_CURVE() B_SPLINE_CURVE(2,(#6075,#6076,#6077,#6078,
#6079,#6080,#6081),.UNSPECIFIED.,.T.,.F.) B_SPLINE_CURVE_WITH_KNOTS((1,2
    ,2,2,2,1),(-2.094395102393,0.,2.094395102393,4.188790204786,
6.28318530718,8.377580409573),.UNSPECIFIED.) CURVE() 
GEOMETRIC_REPRESENTATION_ITEM() RATIONAL_B_SPLINE_CURVE((1.,0.5,1.,0.5,
1.,0.5,1.)) REPRESENTATION_ITEM('') );
#6075 = CARTESIAN_POINT('',(1.995142094774,24.629569266576));
#6076 = CARTESIAN_POINT('',(1.995142094774,25.149184508847));
#6077 = CARTESIAN_POINT('',(2.445142094774,24.889376887712));
#6078 = CARTESIAN_POINT('',(2.895142094774,24.629569266576));
#6079 = CARTESIAN_POINT('',(2.445142094774,24.369761645441));
#6080 = CARTESIAN_POINT('',(1.995142094774,24.109954024306));
#6081 = CARTESIAN_POINT('',(1.995142094774,24.629569266576));
#6082 = ( GEOMETRIC_REPRESENTATION_CONTEXT(2) 
PARAMETRIC_REPRESENTATION_CONTEXT() REPRESENTATION_CONTEXT('2D SPACE',''
  ) );
#6083 = PCURVE('',#6084,#6089);
#6084 = CYLINDRICAL_SURFACE('',#6085,0.3);
#6085 = AXIS2_PLACEMENT_3D('',#6086,#6087,#6088);
#6086 = CARTESIAN_POINT('',(-2.290755750525,-228.8696827788,
    -467.064998008));
#6087 = DIRECTION('',(0.,0.,-1.));
#6088 = DIRECTION('',(2.628453906047E-05,0.999999999655,0.));
#6089 = DEFINITIONAL_REPRESENTATION('',(#6090),#6093);
#6090 = B_SPLINE_CURVE_WITH_KNOTS('',1,(#6091,#6092),.UNSPECIFIED.,.F.,
  .F.,(2,2),(2.641974784299,4.712388980383),.PIECEWISE_BEZIER_KNOTS.);
#6091 = CARTESIAN_POINT('',(4.212679694613,-233.282499004));
#6092 = CARTESIAN_POINT('',(6.283175084625,-233.282499004));
#6093 = ( GEOMETRIC_REPRESENTATION_CONTEXT(2) 
PARAMETRIC_REPRESENTATION_CONTEXT() REPRESENTATION_CONTEXT('2D SPACE',''
  ) );
#6094 = ORIENTED_EDGE('',*,*,#6095,.F.);
#6095 = EDGE_CURVE('',#5765,#6064,#6096,.T.);
#6096 = SURFACE_CURVE('',#6097,(#6101,#6108),.PCURVE_S1.);
#6097 = LINE('',#6098,#6099);
#6098 = CARTESIAN_POINT('',(-0.259670509325,-233.2171389216,
    -233.782499004));
#6099 = VECTOR('',#6100,1.);
#6100 = DIRECTION('',(-0.47908993858,0.877765817716,6.145423387846E-16)
  );
#6101 = PCURVE('',#5488,#6102);
#6102 = DEFINITIONAL_REPRESENTATION('',(#6103),#6107);
#6103 = LINE('',#6104,#6105);
#6104 = CARTESIAN_POINT('',(0.26406053996,28.977005160532));
#6105 = VECTOR('',#6106,1.);
#6106 = DIRECTION('',(0.479090152362,-0.877765701033));
#6107 = ( GEOMETRIC_REPRESENTATION_CONTEXT(2) 
PARAMETRIC_REPRESENTATION_CONTEXT() REPRESENTATION_CONTEXT('2D SPACE',''
  ) );
#6108 = PCURVE('',#6109,#6114);
#6109 = PLANE('',#6110);
#6110 = AXIS2_PLACEMENT_3D('',#6111,#6112,#6113);
#6111 = CARTESIAN_POINT('',(-0.259670509325,-233.2171389216,
    -233.282499004));
#6112 = DIRECTION('',(-0.877765817716,-0.47908993858,-6.84500869376E-16)
  );
#6113 = DIRECTION('',(3.064104139933E-16,8.673617379898E-16,-1.));
#6114 = DEFINITIONAL_REPRESENTATION('',(#6115),#6119);
#6115 = LINE('',#6116,#6117);
#6116 = CARTESIAN_POINT('',(0.5,3.07271169391E-16));
#6117 = VECTOR('',#6118,1.);
#6118 = DIRECTION('',(-2.56658360704E-27,-1.));
#6119 = ( GEOMETRIC_REPRESENTATION_CONTEXT(2) 
PARAMETRIC_REPRESENTATION_CONTEXT() REPRESENTATION_CONTEXT('2D SPACE',''
  ) );
#6120 = ADVANCED_FACE('',(#6121),#6109,.F.);
#6121 = FACE_BOUND('',#6122,.T.);
#6122 = EDGE_LOOP('',(#6123,#6124,#6147,#6175));
#6123 = ORIENTED_EDGE('',*,*,#6095,.T.);
#6124 = ORIENTED_EDGE('',*,*,#6125,.F.);
#6125 = EDGE_CURVE('',#6126,#6064,#6128,.T.);
#6126 = VERTEX_POINT('',#6127);
#6127 = CARTESIAN_POINT('',(-2.554080750627,-229.0134295146,
    -233.282499004));
#6128 = SURFACE_CURVE('',#6129,(#6133,#6140),.PCURVE_S1.);
#6129 = LINE('',#6130,#6131);
#6130 = CARTESIAN_POINT('',(-2.554080750627,-229.0134295146,
    -233.282499004));
#6131 = VECTOR('',#6132,1.);
#6132 = DIRECTION('',(3.064104139906E-16,8.673617379884E-16,-1.));
#6133 = PCURVE('',#6109,#6134);
#6134 = DEFINITIONAL_REPRESENTATION('',(#6135),#6139);
#6135 = LINE('',#6136,#6137);
#6136 = CARTESIAN_POINT('',(2.943105505399E-15,-4.78910128671));
#6137 = VECTOR('',#6138,1.);
#6138 = DIRECTION('',(1.,-9.656150517971E-29));
#6139 = ( GEOMETRIC_REPRESENTATION_CONTEXT(2) 
PARAMETRIC_REPRESENTATION_CONTEXT() REPRESENTATION_CONTEXT('2D SPACE',''
  ) );
#6140 = PCURVE('',#6084,#6141);
#6141 = DEFINITIONAL_REPRESENTATION('',(#6142),#6146);
#6142 = LINE('',#6143,#6144);
#6143 = CARTESIAN_POINT('',(4.212679694613,-233.782499004));
#6144 = VECTOR('',#6145,1.);
#6145 = DIRECTION('',(0.,1.));
#6146 = ( GEOMETRIC_REPRESENTATION_CONTEXT(2) 
PARAMETRIC_REPRESENTATION_CONTEXT() REPRESENTATION_CONTEXT('2D SPACE',''
  ) );
#6147 = ORIENTED_EDGE('',*,*,#6148,.F.);
#6148 = EDGE_CURVE('',#6149,#6126,#6151,.T.);
#6149 = VERTEX_POINT('',#6150);
#6150 = CARTESIAN_POINT('',(-0.259670509325,-233.2171389216,
    -233.282499004));
#6151 = SURFACE_CURVE('',#6152,(#6156,#6163),.PCURVE_S1.);
#6152 = LINE('',#6153,#6154);
#6153 = CARTESIAN_POINT('',(-0.259670509325,-233.2171389216,
    -233.282499004));
#6154 = VECTOR('',#6155,1.);
#6155 = DIRECTION('',(-0.47908993858,0.877765817716,6.145423387846E-16)
  );
#6156 = PCURVE('',#6109,#6157);
#6157 = DEFINITIONAL_REPRESENTATION('',(#6158),#6162);
#6158 = LINE('',#6159,#6160);
#6159 = CARTESIAN_POINT('',(0.,0.));
#6160 = VECTOR('',#6161,1.);
#6161 = DIRECTION('',(-2.56658360704E-27,-1.));
#6162 = ( GEOMETRIC_REPRESENTATION_CONTEXT(2) 
PARAMETRIC_REPRESENTATION_CONTEXT() REPRESENTATION_CONTEXT('2D SPACE',''
  ) );
#6163 = PCURVE('',#6164,#6169);
#6164 = PLANE('',#6165);
#6165 = AXIS2_PLACEMENT_3D('',#6166,#6167,#6168);
#6166 = CARTESIAN_POINT('',(3.65923599E-03,-233.0734119401,
    -233.282499004));
#6167 = DIRECTION('',(3.064104139906E-16,8.673617379884E-16,-1.));
#6168 = DIRECTION('',(-2.435520001868E-07,-1.,-8.673618126152E-16));
#6169 = DEFINITIONAL_REPRESENTATION('',(#6170),#6174);
#6170 = LINE('',#6171,#6172);
#6171 = CARTESIAN_POINT('',(0.143727045708,0.26332971031));
#6172 = VECTOR('',#6173,1.);
#6173 = DIRECTION('',(-0.877765701033,0.479090152362));
#6174 = ( GEOMETRIC_REPRESENTATION_CONTEXT(2) 
PARAMETRIC_REPRESENTATION_CONTEXT() REPRESENTATION_CONTEXT('2D SPACE',''
  ) );
#6175 = ORIENTED_EDGE('',*,*,#6176,.T.);
#6176 = EDGE_CURVE('',#6149,#5765,#6177,.T.);
#6177 = SURFACE_CURVE('',#6178,(#6182,#6189),.PCURVE_S1.);
#6178 = LINE('',#6179,#6180);
#6179 = CARTESIAN_POINT('',(-0.259670509325,-233.2171389216,
    -233.282499004));
#6180 = VECTOR('',#6181,1.);
#6181 = DIRECTION('',(3.064104139906E-16,8.673617379884E-16,-1.));
#6182 = PCURVE('',#6109,#6183);
#6183 = DEFINITIONAL_REPRESENTATION('',(#6184),#6188);
#6184 = LINE('',#6185,#6186);
#6185 = CARTESIAN_POINT('',(0.,0.));
#6186 = VECTOR('',#6187,1.);
#6187 = DIRECTION('',(1.,-9.656150517971E-29));
#6188 = ( GEOMETRIC_REPRESENTATION_CONTEXT(2) 
PARAMETRIC_REPRESENTATION_CONTEXT() REPRESENTATION_CONTEXT('2D SPACE',''
  ) );
#6189 = PCURVE('',#5785,#6190);
#6190 = DEFINITIONAL_REPRESENTATION('',(#6191),#6195);
#6191 = LINE('',#6192,#6193);
#6192 = CARTESIAN_POINT('',(2.070413952533,-233.282499004));
#6193 = VECTOR('',#6194,1.);
#6194 = DIRECTION('',(0.,-1.));
#6195 = ( GEOMETRIC_REPRESENTATION_CONTEXT(2) 
PARAMETRIC_REPRESENTATION_CONTEXT() REPRESENTATION_CONTEXT('2D SPACE',''
  ) );
#6196 = ADVANCED_FACE('',(#6197),#6164,.T.);
#6197 = FACE_BOUND('',#6198,.T.);
#6198 = EDGE_LOOP('',(#6199,#6224,#6246,#6247,#6270,#6293,#6316,#6340,
    #6363,#6387,#6410,#6433));
#6199 = ORIENTED_EDGE('',*,*,#6200,.T.);
#6200 = EDGE_CURVE('',#6201,#6203,#6205,.T.);
#6201 = VERTEX_POINT('',#6202);
#6202 = CARTESIAN_POINT('',(2.561510682105,-229.0134880509,
    -233.282499004));
#6203 = VERTEX_POINT('',#6204);
#6204 = CARTESIAN_POINT('',(0.266985203416,-233.2171458431,
    -233.282499004));
#6205 = SURFACE_CURVE('',#6206,(#6210,#6217),.PCURVE_S1.);
#6206 = LINE('',#6207,#6208);
#6207 = CARTESIAN_POINT('',(2.561510682105,-229.0134880509,
    -233.282499004));
#6208 = VECTOR('',#6209,1.);
#6209 = DIRECTION('',(-0.479113010087,-0.877753224754,-9.08134778313E-16
    ));
#6210 = PCURVE('',#6164,#6211);
#6211 = DEFINITIONAL_REPRESENTATION('',(#6212),#6216);
#6212 = LINE('',#6213,#6214);
#6213 = CARTESIAN_POINT('',(-4.05992451215,-2.557850457312));
#6214 = VECTOR('',#6215,1.);
#6215 = DIRECTION('',(0.877753341443,0.479112796308));
#6216 = ( GEOMETRIC_REPRESENTATION_CONTEXT(2) 
PARAMETRIC_REPRESENTATION_CONTEXT() REPRESENTATION_CONTEXT('2D SPACE',''
  ) );
#6217 = PCURVE('',#5813,#6218);
#6218 = DEFINITIONAL_REPRESENTATION('',(#6219),#6223);
#6219 = LINE('',#6220,#6221);
#6220 = CARTESIAN_POINT('',(0.,0.));
#6221 = VECTOR('',#6222,1.);
#6222 = DIRECTION('',(-1.,-5.669937756276E-31));
#6223 = ( GEOMETRIC_REPRESENTATION_CONTEXT(2) 
PARAMETRIC_REPRESENTATION_CONTEXT() REPRESENTATION_CONTEXT('2D SPACE',''
  ) );
#6224 = ORIENTED_EDGE('',*,*,#6225,.T.);
#6225 = EDGE_CURVE('',#6203,#6149,#6226,.T.);
#6226 = SURFACE_CURVE('',#6227,(#6232,#6239),.PCURVE_S1.);
#6227 = CIRCLE('',#6228,0.3);
#6228 = AXIS2_PLACEMENT_3D('',#6229,#6230,#6231);
#6229 = CARTESIAN_POINT('',(3.65923599E-03,-233.0734119401,
    -233.282499004));
#6230 = DIRECTION('',(3.064104139906E-16,8.673617379884E-16,-1.));
#6231 = DIRECTION('',(-1.,2.435520072656E-07,-3.064102027429E-16));
#6232 = PCURVE('',#6164,#6233);
#6233 = DEFINITIONAL_REPRESENTATION('',(#6234),#6238);
#6234 = CIRCLE('',#6235,0.3);
#6235 = AXIS2_PLACEMENT_2D('',#6236,#6237);
#6236 = CARTESIAN_POINT('',(0.,0.));
#6237 = DIRECTION('',(-7.078799976932E-15,1.));
#6238 = ( GEOMETRIC_REPRESENTATION_CONTEXT(2) 
PARAMETRIC_REPRESENTATION_CONTEXT() REPRESENTATION_CONTEXT('2D SPACE',''
  ) );
#6239 = PCURVE('',#5785,#6240);
#6240 = DEFINITIONAL_REPRESENTATION('',(#6241),#6245);
#6241 = LINE('',#6242,#6243);
#6242 = CARTESIAN_POINT('',(7.853981390423,-233.282499004));
#6243 = VECTOR('',#6244,1.);
#6244 = DIRECTION('',(-1.,0.));
#6245 = ( GEOMETRIC_REPRESENTATION_CONTEXT(2) 
PARAMETRIC_REPRESENTATION_CONTEXT() REPRESENTATION_CONTEXT('2D SPACE',''
  ) );
#6246 = ORIENTED_EDGE('',*,*,#6148,.T.);
#6247 = ORIENTED_EDGE('',*,*,#6248,.T.);
#6248 = EDGE_CURVE('',#6126,#6249,#6251,.T.);
#6249 = VERTEX_POINT('',#6250);
#6250 = CARTESIAN_POINT('',(-2.290750932247,-228.569702533,
    -233.282499004));
#6251 = SURFACE_CURVE('',#6252,(#6257,#6264),.PCURVE_S1.);
#6252 = CIRCLE('',#6253,0.3);
#6253 = AXIS2_PLACEMENT_3D('',#6254,#6255,#6256);
#6254 = CARTESIAN_POINT('',(-2.290751005312,-228.869702533,
    -233.282499004));
#6255 = DIRECTION('',(3.064104139906E-16,8.673617379884E-16,-1.));
#6256 = DIRECTION('',(1.,-2.435520072656E-07,3.064102027429E-16));
#6257 = PCURVE('',#6164,#6258);
#6258 = DEFINITIONAL_REPRESENTATION('',(#6259),#6263);
#6259 = CIRCLE('',#6260,0.3);
#6260 = AXIS2_PLACEMENT_2D('',#6261,#6262);
#6261 = CARTESIAN_POINT('',(-4.203708848248,2.294411265124));
#6262 = DIRECTION('',(7.078799976932E-15,-1.));
#6263 = ( GEOMETRIC_REPRESENTATION_CONTEXT(2) 
PARAMETRIC_REPRESENTATION_CONTEXT() REPRESENTATION_CONTEXT('2D SPACE',''
  ) );
#6264 = PCURVE('',#6084,#6265);
#6265 = DEFINITIONAL_REPRESENTATION('',(#6266),#6269);
#6266 = B_SPLINE_CURVE_WITH_KNOTS('',1,(#6267,#6268),.UNSPECIFIED.,.F.,
  .F.,(2,2),(2.641974784299,4.712388980383),.PIECEWISE_BEZIER_KNOTS.);
#6267 = CARTESIAN_POINT('',(4.212679694613,-233.782499004));
#6268 = CARTESIAN_POINT('',(6.283175084625,-233.782499004));
#6269 = ( GEOMETRIC_REPRESENTATION_CONTEXT(2) 
PARAMETRIC_REPRESENTATION_CONTEXT() REPRESENTATION_CONTEXT('2D SPACE',''
  ) );
#6270 = ORIENTED_EDGE('',*,*,#6271,.T.);
#6271 = EDGE_CURVE('',#6249,#6272,#6274,.T.);
#6272 = VERTEX_POINT('',#6273);
#6273 = CARTESIAN_POINT('',(-0.996281575099,-228.5697028483,
    -233.282499004));
#6274 = SURFACE_CURVE('',#6275,(#6279,#6286),.PCURVE_S1.);
#6275 = LINE('',#6276,#6277);
#6276 = CARTESIAN_POINT('',(-2.290750932247,-228.569702533,
    -233.282499004));
#6277 = VECTOR('',#6278,1.);
#6278 = DIRECTION('',(1.,-2.435520001868E-07,3.064102027429E-16));
#6279 = PCURVE('',#6164,#6280);
#6280 = DEFINITIONAL_REPRESENTATION('',(#6281),#6285);
#6281 = LINE('',#6282,#6283);
#6282 = CARTESIAN_POINT('',(-4.503708848248,2.294411265124));
#6283 = VECTOR('',#6284,1.);
#6284 = DIRECTION('',(0.,-1.));
#6285 = ( GEOMETRIC_REPRESENTATION_CONTEXT(2) 
PARAMETRIC_REPRESENTATION_CONTEXT() REPRESENTATION_CONTEXT('2D SPACE',''
  ) );
#6286 = PCURVE('',#6051,#6287);
#6287 = DEFINITIONAL_REPRESENTATION('',(#6288),#6292);
#6288 = LINE('',#6289,#6290);
#6289 = CARTESIAN_POINT('',(-1.294469356893,-0.5));
#6290 = VECTOR('',#6291,1.);
#6291 = DIRECTION('',(1.,-3.064102028448E-16));
#6292 = ( GEOMETRIC_REPRESENTATION_CONTEXT(2) 
PARAMETRIC_REPRESENTATION_CONTEXT() REPRESENTATION_CONTEXT('2D SPACE',''
  ) );
#6293 = ORIENTED_EDGE('',*,*,#6294,.T.);
#6294 = EDGE_CURVE('',#6272,#6295,#6297,.T.);
#6295 = VERTEX_POINT('',#6296);
#6296 = CARTESIAN_POINT('',(-0.996206753538,-222.8765028604,
    -233.282499004));
#6297 = SURFACE_CURVE('',#6298,(#6302,#6309),.PCURVE_S1.);
#6298 = LINE('',#6299,#6300);
#6299 = CARTESIAN_POINT('',(-0.996281575099,-228.5697028483,
    -233.282499004));
#6300 = VECTOR('',#6301,1.);
#6301 = DIRECTION('',(1.314226817399E-05,0.999999999914,
    8.67365764838E-16));
#6302 = PCURVE('',#6164,#6303);
#6303 = DEFINITIONAL_REPRESENTATION('',(#6304),#6308);
#6304 = LINE('',#6305,#6306);
#6305 = CARTESIAN_POINT('',(-4.503708848247,0.999941907976));
#6306 = VECTOR('',#6307,1.);
#6307 = DIRECTION('',(-0.999999999917,-1.289871617382E-05));
#6308 = ( GEOMETRIC_REPRESENTATION_CONTEXT(2) 
PARAMETRIC_REPRESENTATION_CONTEXT() REPRESENTATION_CONTEXT('2D SPACE',''
  ) );
#6309 = PCURVE('',#6023,#6310);
#6310 = DEFINITIONAL_REPRESENTATION('',(#6311),#6315);
#6311 = LINE('',#6312,#6313);
#6312 = CARTESIAN_POINT('',(0.,-0.));
#6313 = VECTOR('',#6314,1.);
#6314 = DIRECTION('',(3.338853623361E-27,-1.));
#6315 = ( GEOMETRIC_REPRESENTATION_CONTEXT(2) 
PARAMETRIC_REPRESENTATION_CONTEXT() REPRESENTATION_CONTEXT('2D SPACE',''
  ) );
#6316 = ORIENTED_EDGE('',*,*,#6317,.T.);
#6317 = EDGE_CURVE('',#6295,#6318,#6320,.T.);
#6318 = VERTEX_POINT('',#6319);
#6319 = CARTESIAN_POINT('',(-0.696203363685,-222.5765068031,
    -233.282499004));
#6320 = SURFACE_CURVE('',#6321,(#6326,#6333),.PCURVE_S1.);
#6321 = CIRCLE('',#6322,0.3);
#6322 = AXIS2_PLACEMENT_3D('',#6323,#6324,#6325);
#6323 = CARTESIAN_POINT('',(-0.696206753564,-222.8765068031,
    -233.282499004));
#6324 = DIRECTION('',(3.064104139906E-16,8.673617379884E-16,-1.));
#6325 = DIRECTION('',(-1.,2.435520072656E-07,-3.064102027429E-16));
#6326 = PCURVE('',#6164,#6327);
#6327 = DEFINITIONAL_REPRESENTATION('',(#6328),#6332);
#6328 = CIRCLE('',#6329,0.3);
#6329 = AXIS2_PLACEMENT_2D('',#6330,#6331);
#6330 = CARTESIAN_POINT('',(-10.19690496654,0.699868473031));
#6331 = DIRECTION('',(-7.078799976932E-15,1.));
#6332 = ( GEOMETRIC_REPRESENTATION_CONTEXT(2) 
PARAMETRIC_REPRESENTATION_CONTEXT() REPRESENTATION_CONTEXT('2D SPACE',''
  ) );
#6333 = PCURVE('',#5995,#6334);
#6334 = DEFINITIONAL_REPRESENTATION('',(#6335),#6339);
#6335 = LINE('',#6336,#6337);
#6336 = CARTESIAN_POINT('',(1.570796083242,-233.282499004));
#6337 = VECTOR('',#6338,1.);
#6338 = DIRECTION('',(-1.,0.));
#6339 = ( GEOMETRIC_REPRESENTATION_CONTEXT(2) 
PARAMETRIC_REPRESENTATION_CONTEXT() REPRESENTATION_CONTEXT('2D SPACE',''
  ) );
#6340 = ORIENTED_EDGE('',*,*,#6341,.T.);
#6341 = EDGE_CURVE('',#6318,#6342,#6344,.T.);
#6342 = VERTEX_POINT('',#6343);
#6343 = CARTESIAN_POINT('',(0.703796636195,-222.5765226225,
    -233.282499004));
#6344 = SURFACE_CURVE('',#6345,(#6349,#6356),.PCURVE_S1.);
#6345 = LINE('',#6346,#6347);
#6346 = CARTESIAN_POINT('',(-0.696203363685,-222.5765068031,
    -233.282499004));
#6347 = VECTOR('',#6348,1.);
#6348 = DIRECTION('',(0.999999999936,-1.129959677059E-05,
    3.064006131332E-16));
#6349 = PCURVE('',#6164,#6350);
#6350 = DEFINITIONAL_REPRESENTATION('',(#6351),#6355);
#6351 = LINE('',#6352,#6353);
#6352 = CARTESIAN_POINT('',(-10.49690496652,0.699865156217));
#6353 = VECTOR('',#6354,1.);
#6354 = DIRECTION('',(1.105604477042E-05,-0.999999999939));
#6355 = ( GEOMETRIC_REPRESENTATION_CONTEXT(2) 
PARAMETRIC_REPRESENTATION_CONTEXT() REPRESENTATION_CONTEXT('2D SPACE',''
  ) );
#6356 = PCURVE('',#5962,#6357);
#6357 = DEFINITIONAL_REPRESENTATION('',(#6358),#6362);
#6358 = LINE('',#6359,#6360);
#6359 = CARTESIAN_POINT('',(0.,0.));
#6360 = VECTOR('',#6361,1.);
#6361 = DIRECTION('',(1.037352090366E-28,1.));
#6362 = ( GEOMETRIC_REPRESENTATION_CONTEXT(2) 
PARAMETRIC_REPRESENTATION_CONTEXT() REPRESENTATION_CONTEXT('2D SPACE',''
  ) );
#6363 = ORIENTED_EDGE('',*,*,#6364,.T.);
#6364 = EDGE_CURVE('',#6342,#6365,#6367,.T.);
#6365 = VERTEX_POINT('',#6366);
#6366 = CARTESIAN_POINT('',(1.00379324629,-222.8765265652,-233.282499004
    ));
#6367 = SURFACE_CURVE('',#6368,(#6373,#6380),.PCURVE_S1.);
#6368 = CIRCLE('',#6369,0.3);
#6369 = AXIS2_PLACEMENT_3D('',#6370,#6371,#6372);
#6370 = CARTESIAN_POINT('',(0.703793246316,-222.8765226225,
    -233.282499004));
#6371 = DIRECTION('',(3.064104139906E-16,8.673617379884E-16,-1.));
#6372 = DIRECTION('',(-1.,2.435520072656E-07,-3.064102027429E-16));
#6373 = PCURVE('',#6164,#6374);
#6374 = DEFINITIONAL_REPRESENTATION('',(#6375),#6379);
#6375 = CIRCLE('',#6376,0.3);
#6376 = AXIS2_PLACEMENT_2D('',#6377,#6378);
#6377 = CARTESIAN_POINT('',(-10.19688948807,-0.700131526853));
#6378 = DIRECTION('',(-7.078799976932E-15,1.));
#6379 = ( GEOMETRIC_REPRESENTATION_CONTEXT(2) 
PARAMETRIC_REPRESENTATION_CONTEXT() REPRESENTATION_CONTEXT('2D SPACE',''
  ) );
#6380 = PCURVE('',#5934,#6381);
#6381 = DEFINITIONAL_REPRESENTATION('',(#6382),#6386);
#6382 = LINE('',#6383,#6384);
#6383 = CARTESIAN_POINT('',(7.853981390422,-233.282499004));
#6384 = VECTOR('',#6385,1.);
#6385 = DIRECTION('',(-1.,0.));
#6386 = ( GEOMETRIC_REPRESENTATION_CONTEXT(2) 
PARAMETRIC_REPRESENTATION_CONTEXT() REPRESENTATION_CONTEXT('2D SPACE',''
  ) );
#6387 = ORIENTED_EDGE('',*,*,#6388,.T.);
#6388 = EDGE_CURVE('',#6365,#6389,#6391,.T.);
#6389 = VERTEX_POINT('',#6390);
#6390 = CARTESIAN_POINT('',(1.003718424355,-228.5697538326,
    -233.282499004));
#6391 = SURFACE_CURVE('',#6392,(#6396,#6403),.PCURVE_S1.);
#6392 = LINE('',#6393,#6394);
#6393 = CARTESIAN_POINT('',(1.00379324629,-222.8765265652,-233.282499004
    ));
#6394 = VECTOR('',#6395,1.);
#6395 = DIRECTION('',(-1.314227093834E-05,-0.999999999914,
    -8.673657648389E-16));
#6396 = PCURVE('',#6164,#6397);
#6397 = DEFINITIONAL_REPRESENTATION('',(#6398),#6402);
#6398 = LINE('',#6399,#6400);
#6399 = CARTESIAN_POINT('',(-10.19688561846,-1.000131526828));
#6400 = VECTOR('',#6401,1.);
#6401 = DIRECTION('',(0.999999999917,1.289871893817E-05));
#6402 = ( GEOMETRIC_REPRESENTATION_CONTEXT(2) 
PARAMETRIC_REPRESENTATION_CONTEXT() REPRESENTATION_CONTEXT('2D SPACE',''
  ) );
#6403 = PCURVE('',#5901,#6404);
#6404 = DEFINITIONAL_REPRESENTATION('',(#6405),#6409);
#6405 = LINE('',#6406,#6407);
#6406 = CARTESIAN_POINT('',(0.,0.));
#6407 = VECTOR('',#6408,1.);
#6408 = DIRECTION('',(-1.,-1.395923051488E-32));
#6409 = ( GEOMETRIC_REPRESENTATION_CONTEXT(2) 
PARAMETRIC_REPRESENTATION_CONTEXT() REPRESENTATION_CONTEXT('2D SPACE',''
  ) );
#6410 = ORIENTED_EDGE('',*,*,#6411,.T.);
#6411 = EDGE_CURVE('',#6389,#6412,#6414,.T.);
#6412 = VERTEX_POINT('',#6413);
#6413 = CARTESIAN_POINT('',(2.298184787745,-228.5697541479,
    -233.282499004));
#6414 = SURFACE_CURVE('',#6415,(#6419,#6426),.PCURVE_S1.);
#6415 = LINE('',#6416,#6417);
#6416 = CARTESIAN_POINT('',(1.003718424355,-228.5697538326,
    -233.282499004));
#6417 = VECTOR('',#6418,1.);
#6418 = DIRECTION('',(1.,-2.43552016268E-07,3.064102027429E-16));
#6419 = PCURVE('',#6164,#6420);
#6420 = DEFINITIONAL_REPRESENTATION('',(#6421),#6425);
#6421 = LINE('',#6422,#6423);
#6422 = CARTESIAN_POINT('',(-4.503658351042,-1.00005809149));
#6423 = VECTOR('',#6424,1.);
#6424 = DIRECTION('',(1.608119997156E-14,-1.));
#6425 = ( GEOMETRIC_REPRESENTATION_CONTEXT(2) 
PARAMETRIC_REPRESENTATION_CONTEXT() REPRESENTATION_CONTEXT('2D SPACE',''
  ) );
#6426 = PCURVE('',#5873,#6427);
#6427 = DEFINITIONAL_REPRESENTATION('',(#6428),#6432);
#6428 = LINE('',#6429,#6430);
#6429 = CARTESIAN_POINT('',(0.,0.));
#6430 = VECTOR('',#6431,1.);
#6431 = DIRECTION('',(-1.,2.465190328816E-31));
#6432 = ( GEOMETRIC_REPRESENTATION_CONTEXT(2) 
PARAMETRIC_REPRESENTATION_CONTEXT() REPRESENTATION_CONTEXT('2D SPACE',''
  ) );
#6433 = ORIENTED_EDGE('',*,*,#6434,.T.);
#6434 = EDGE_CURVE('',#6412,#6201,#6435,.T.);
#6435 = SURFACE_CURVE('',#6436,(#6441,#6448),.PCURVE_S1.);
#6436 = CIRCLE('',#6437,0.3);
#6437 = AXIS2_PLACEMENT_3D('',#6438,#6439,#6440);
#6438 = CARTESIAN_POINT('',(2.298184714679,-228.8697541479,
    -233.282499004));
#6439 = DIRECTION('',(3.064104139906E-16,8.673617379884E-16,-1.));
#6440 = DIRECTION('',(-1.,2.435520072656E-07,-3.064102027429E-16));
#6441 = PCURVE('',#6164,#6442);
#6442 = DEFINITIONAL_REPRESENTATION('',(#6443),#6447);
#6443 = CIRCLE('',#6444,0.3);
#6444 = AXIS2_PLACEMENT_2D('',#6445,#6446);
#6445 = CARTESIAN_POINT('',(-4.203658351042,-2.29452445488));
#6446 = DIRECTION('',(-7.078799976932E-15,1.));
#6447 = ( GEOMETRIC_REPRESENTATION_CONTEXT(2) 
PARAMETRIC_REPRESENTATION_CONTEXT() REPRESENTATION_CONTEXT('2D SPACE',''
  ) );
#6448 = PCURVE('',#5846,#6449);
#6449 = DEFINITIONAL_REPRESENTATION('',(#6450),#6453);
#6450 = B_SPLINE_CURVE_WITH_KNOTS('',1,(#6451,#6452),.UNSPECIFIED.,.F.,
  .F.,(2,2),(1.570796326796,3.641236320318),.PIECEWISE_BEZIER_KNOTS.);
#6451 = CARTESIAN_POINT('',(6.28318530718,-233.282499004));
#6452 = CARTESIAN_POINT('',(4.212745070104,-233.282499004));
#6453 = ( GEOMETRIC_REPRESENTATION_CONTEXT(2) 
PARAMETRIC_REPRESENTATION_CONTEXT() REPRESENTATION_CONTEXT('2D SPACE',''
  ) );
#6454 = ADVANCED_FACE('',(#6455),#6084,.F.);
#6455 = FACE_BOUND('',#6456,.F.);
#6456 = EDGE_LOOP('',(#6457,#6458,#6459,#6460));
#6457 = ORIENTED_EDGE('',*,*,#6063,.F.);
#6458 = ORIENTED_EDGE('',*,*,#6125,.F.);
#6459 = ORIENTED_EDGE('',*,*,#6248,.T.);
#6460 = ORIENTED_EDGE('',*,*,#6461,.F.);
#6461 = EDGE_CURVE('',#6036,#6249,#6462,.T.);
#6462 = SURFACE_CURVE('',#6463,(#6467,#6474),.PCURVE_S1.);
#6463 = LINE('',#6464,#6465);
#6464 = CARTESIAN_POINT('',(-2.290747938229,-228.5696827789,
    -233.782499004));
#6465 = VECTOR('',#6466,1.);
#6466 = DIRECTION('',(0.,0.,1.));
#6467 = PCURVE('',#6084,#6468);
#6468 = DEFINITIONAL_REPRESENTATION('',(#6469),#6473);
#6469 = LINE('',#6470,#6471);
#6470 = CARTESIAN_POINT('',(6.283185063626,-233.282499004));
#6471 = VECTOR('',#6472,1.);
#6472 = DIRECTION('',(0.,-1.));
#6473 = ( GEOMETRIC_REPRESENTATION_CONTEXT(2) 
PARAMETRIC_REPRESENTATION_CONTEXT() REPRESENTATION_CONTEXT('2D SPACE',''
  ) );
#6474 = PCURVE('',#6051,#6475);
#6475 = DEFINITIONAL_REPRESENTATION('',(#6476),#6480);
#6476 = LINE('',#6477,#6478);
#6477 = CARTESIAN_POINT('',(-1.29446636339,0.));
#6478 = VECTOR('',#6479,1.);
#6479 = DIRECTION('',(0.,-1.));
#6480 = ( GEOMETRIC_REPRESENTATION_CONTEXT(2) 
PARAMETRIC_REPRESENTATION_CONTEXT() REPRESENTATION_CONTEXT('2D SPACE',''
  ) );
#6481 = ADVANCED_FACE('',(#6482),#6051,.F.);
#6482 = FACE_BOUND('',#6483,.F.);
#6483 = EDGE_LOOP('',(#6484,#6505,#6506,#6507));
#6484 = ORIENTED_EDGE('',*,*,#6485,.T.);
#6485 = EDGE_CURVE('',#6272,#6008,#6486,.T.);
#6486 = SURFACE_CURVE('',#6487,(#6491,#6498),.PCURVE_S1.);
#6487 = LINE('',#6488,#6489);
#6488 = CARTESIAN_POINT('',(-0.996281575099,-228.5697028483,
    -233.282499004));
#6489 = VECTOR('',#6490,1.);
#6490 = DIRECTION('',(3.064104139906E-16,8.673617379884E-16,-1.));
#6491 = PCURVE('',#6051,#6492);
#6492 = DEFINITIONAL_REPRESENTATION('',(#6493),#6497);
#6493 = LINE('',#6494,#6495);
#6494 = CARTESIAN_POINT('',(-1.761861768844E-10,-0.5));
#6495 = VECTOR('',#6496,1.);
#6496 = DIRECTION('',(3.063878269309E-16,1.));
#6497 = ( GEOMETRIC_REPRESENTATION_CONTEXT(2) 
PARAMETRIC_REPRESENTATION_CONTEXT() REPRESENTATION_CONTEXT('2D SPACE',''
  ) );
#6498 = PCURVE('',#6023,#6499);
#6499 = DEFINITIONAL_REPRESENTATION('',(#6500),#6504);
#6500 = LINE('',#6501,#6502);
#6501 = CARTESIAN_POINT('',(0.,-0.));
#6502 = VECTOR('',#6503,1.);
#6503 = DIRECTION('',(1.,1.58738757135E-34));
#6504 = ( GEOMETRIC_REPRESENTATION_CONTEXT(2) 
PARAMETRIC_REPRESENTATION_CONTEXT() REPRESENTATION_CONTEXT('2D SPACE',''
  ) );
#6505 = ORIENTED_EDGE('',*,*,#6035,.F.);
#6506 = ORIENTED_EDGE('',*,*,#6461,.T.);
#6507 = ORIENTED_EDGE('',*,*,#6271,.T.);
#6508 = ADVANCED_FACE('',(#6509),#6023,.F.);
#6509 = FACE_BOUND('',#6510,.T.);
#6510 = EDGE_LOOP('',(#6511,#6512,#6533,#6534));
#6511 = ORIENTED_EDGE('',*,*,#6007,.T.);
#6512 = ORIENTED_EDGE('',*,*,#6513,.F.);
#6513 = EDGE_CURVE('',#6295,#5975,#6514,.T.);
#6514 = SURFACE_CURVE('',#6515,(#6519,#6526),.PCURVE_S1.);
#6515 = LINE('',#6516,#6517);
#6516 = CARTESIAN_POINT('',(-0.996206753538,-222.8765028604,
    -233.282499004));
#6517 = VECTOR('',#6518,1.);
#6518 = DIRECTION('',(3.064104139906E-16,8.673617379884E-16,-1.));
#6519 = PCURVE('',#6023,#6520);
#6520 = DEFINITIONAL_REPRESENTATION('',(#6521),#6525);
#6521 = LINE('',#6522,#6523);
#6522 = CARTESIAN_POINT('',(4.938086762316E-15,-5.693199988381));
#6523 = VECTOR('',#6524,1.);
#6524 = DIRECTION('',(1.,1.58738757135E-34));
#6525 = ( GEOMETRIC_REPRESENTATION_CONTEXT(2) 
PARAMETRIC_REPRESENTATION_CONTEXT() REPRESENTATION_CONTEXT('2D SPACE',''
  ) );
#6526 = PCURVE('',#5995,#6527);
#6527 = DEFINITIONAL_REPRESENTATION('',(#6528),#6532);
#6528 = LINE('',#6529,#6530);
#6529 = CARTESIAN_POINT('',(1.570783184528,-233.282499004));
#6530 = VECTOR('',#6531,1.);
#6531 = DIRECTION('',(0.,-1.));
#6532 = ( GEOMETRIC_REPRESENTATION_CONTEXT(2) 
PARAMETRIC_REPRESENTATION_CONTEXT() REPRESENTATION_CONTEXT('2D SPACE',''
  ) );
#6533 = ORIENTED_EDGE('',*,*,#6294,.F.);
#6534 = ORIENTED_EDGE('',*,*,#6485,.T.);
#6535 = ADVANCED_FACE('',(#6536),#5995,.F.);
#6536 = FACE_BOUND('',#6537,.F.);
#6537 = EDGE_LOOP('',(#6538,#6539,#6540,#6541));
#6538 = ORIENTED_EDGE('',*,*,#5974,.F.);
#6539 = ORIENTED_EDGE('',*,*,#6513,.F.);
#6540 = ORIENTED_EDGE('',*,*,#6317,.T.);
#6541 = ORIENTED_EDGE('',*,*,#6542,.T.);
#6542 = EDGE_CURVE('',#6318,#5947,#6543,.T.);
#6543 = SURFACE_CURVE('',#6544,(#6548,#6555),.PCURVE_S1.);
#6544 = LINE('',#6545,#6546);
#6545 = CARTESIAN_POINT('',(-0.696203363685,-222.5765068031,
    -233.282499004));
#6546 = VECTOR('',#6547,1.);
#6547 = DIRECTION('',(3.064104139906E-16,8.673617379884E-16,-1.));
#6548 = PCURVE('',#5995,#6549);
#6549 = DEFINITIONAL_REPRESENTATION('',(#6550),#6554);
#6550 = LINE('',#6551,#6552);
#6551 = CARTESIAN_POINT('',(-1.129959699142E-05,-233.282499004));
#6552 = VECTOR('',#6553,1.);
#6553 = DIRECTION('',(0.,-1.));
#6554 = ( GEOMETRIC_REPRESENTATION_CONTEXT(2) 
PARAMETRIC_REPRESENTATION_CONTEXT() REPRESENTATION_CONTEXT('2D SPACE',''
  ) );
#6555 = PCURVE('',#5962,#6556);
#6556 = DEFINITIONAL_REPRESENTATION('',(#6557),#6561);
#6557 = LINE('',#6558,#6559);
#6558 = CARTESIAN_POINT('',(0.,0.));
#6559 = VECTOR('',#6560,1.);
#6560 = DIRECTION('',(-1.,0.));
#6561 = ( GEOMETRIC_REPRESENTATION_CONTEXT(2) 
PARAMETRIC_REPRESENTATION_CONTEXT() REPRESENTATION_CONTEXT('2D SPACE',''
  ) );
#6562 = ADVANCED_FACE('',(#6563),#5962,.F.);
#6563 = FACE_BOUND('',#6564,.T.);
#6564 = EDGE_LOOP('',(#6565,#6566,#6587,#6588));
#6565 = ORIENTED_EDGE('',*,*,#5946,.T.);
#6566 = ORIENTED_EDGE('',*,*,#6567,.F.);
#6567 = EDGE_CURVE('',#6342,#5914,#6568,.T.);
#6568 = SURFACE_CURVE('',#6569,(#6573,#6580),.PCURVE_S1.);
#6569 = LINE('',#6570,#6571);
#6570 = CARTESIAN_POINT('',(0.703796636195,-222.5765226225,
    -233.282499004));
#6571 = VECTOR('',#6572,1.);
#6572 = DIRECTION('',(3.064104139906E-16,8.673617379884E-16,-1.));
#6573 = PCURVE('',#5962,#6574);
#6574 = DEFINITIONAL_REPRESENTATION('',(#6575),#6579);
#6575 = LINE('',#6576,#6577);
#6576 = CARTESIAN_POINT('',(-4.28960858377E-16,1.399999999969));
#6577 = VECTOR('',#6578,1.);
#6578 = DIRECTION('',(-1.,0.));
#6579 = ( GEOMETRIC_REPRESENTATION_CONTEXT(2) 
PARAMETRIC_REPRESENTATION_CONTEXT() REPRESENTATION_CONTEXT('2D SPACE',''
  ) );
#6580 = PCURVE('',#5934,#6581);
#6581 = DEFINITIONAL_REPRESENTATION('',(#6582),#6586);
#6582 = LINE('',#6583,#6584);
#6583 = CARTESIAN_POINT('',(6.283174007583,-233.282499004));
#6584 = VECTOR('',#6585,1.);
#6585 = DIRECTION('',(0.,-1.));
#6586 = ( GEOMETRIC_REPRESENTATION_CONTEXT(2) 
PARAMETRIC_REPRESENTATION_CONTEXT() REPRESENTATION_CONTEXT('2D SPACE',''
  ) );
#6587 = ORIENTED_EDGE('',*,*,#6341,.F.);
#6588 = ORIENTED_EDGE('',*,*,#6542,.T.);
#6589 = ADVANCED_FACE('',(#6590),#5934,.F.);
#6590 = FACE_BOUND('',#6591,.F.);
#6591 = EDGE_LOOP('',(#6592,#6593,#6594,#6595));
#6592 = ORIENTED_EDGE('',*,*,#5913,.F.);
#6593 = ORIENTED_EDGE('',*,*,#6567,.F.);
#6594 = ORIENTED_EDGE('',*,*,#6364,.T.);
#6595 = ORIENTED_EDGE('',*,*,#6596,.T.);
#6596 = EDGE_CURVE('',#6365,#5886,#6597,.T.);
#6597 = SURFACE_CURVE('',#6598,(#6602,#6609),.PCURVE_S1.);
#6598 = LINE('',#6599,#6600);
#6599 = CARTESIAN_POINT('',(1.00379324629,-222.8765265652,-233.282499004
    ));
#6600 = VECTOR('',#6601,1.);
#6601 = DIRECTION('',(3.064104139906E-16,8.673617379884E-16,-1.));
#6602 = PCURVE('',#5934,#6603);
#6603 = DEFINITIONAL_REPRESENTATION('',(#6604),#6608);
#6604 = LINE('',#6605,#6606);
#6605 = CARTESIAN_POINT('',(4.712375838115,-233.282499004));
#6606 = VECTOR('',#6607,1.);
#6607 = DIRECTION('',(0.,-1.));
#6608 = ( GEOMETRIC_REPRESENTATION_CONTEXT(2) 
PARAMETRIC_REPRESENTATION_CONTEXT() REPRESENTATION_CONTEXT('2D SPACE',''
  ) );
#6609 = PCURVE('',#5901,#6610);
#6610 = DEFINITIONAL_REPRESENTATION('',(#6611),#6615);
#6611 = LINE('',#6612,#6613);
#6612 = CARTESIAN_POINT('',(0.,0.));
#6613 = VECTOR('',#6614,1.);
#6614 = DIRECTION('',(3.285887534607E-27,-1.));
#6615 = ( GEOMETRIC_REPRESENTATION_CONTEXT(2) 
PARAMETRIC_REPRESENTATION_CONTEXT() REPRESENTATION_CONTEXT('2D SPACE',''
  ) );
#6616 = ADVANCED_FACE('',(#6617),#5901,.F.);
#6617 = FACE_BOUND('',#6618,.T.);
#6618 = EDGE_LOOP('',(#6619,#6620,#6641,#6642));
#6619 = ORIENTED_EDGE('',*,*,#5885,.T.);
#6620 = ORIENTED_EDGE('',*,*,#6621,.F.);
#6621 = EDGE_CURVE('',#6389,#5858,#6622,.T.);
#6622 = SURFACE_CURVE('',#6623,(#6627,#6634),.PCURVE_S1.);
#6623 = LINE('',#6624,#6625);
#6624 = CARTESIAN_POINT('',(1.003718424355,-228.5697538326,
    -233.282499004));
#6625 = VECTOR('',#6626,1.);
#6626 = DIRECTION('',(3.064104139906E-16,8.673617379884E-16,-1.));
#6627 = PCURVE('',#5901,#6628);
#6628 = DEFINITIONAL_REPRESENTATION('',(#6629),#6633);
#6629 = LINE('',#6630,#6631);
#6630 = CARTESIAN_POINT('',(-5.693227267893,4.938110423617E-15));
#6631 = VECTOR('',#6632,1.);
#6632 = DIRECTION('',(3.285887534607E-27,-1.));
#6633 = ( GEOMETRIC_REPRESENTATION_CONTEXT(2) 
PARAMETRIC_REPRESENTATION_CONTEXT() REPRESENTATION_CONTEXT('2D SPACE',''
  ) );
#6634 = PCURVE('',#5873,#6635);
#6635 = DEFINITIONAL_REPRESENTATION('',(#6636),#6640);
#6636 = LINE('',#6637,#6638);
#6637 = CARTESIAN_POINT('',(0.,0.));
#6638 = VECTOR('',#6639,1.);
#6639 = DIRECTION('',(-9.860761315263E-32,-1.));
#6640 = ( GEOMETRIC_REPRESENTATION_CONTEXT(2) 
PARAMETRIC_REPRESENTATION_CONTEXT() REPRESENTATION_CONTEXT('2D SPACE',''
  ) );
#6641 = ORIENTED_EDGE('',*,*,#6388,.F.);
#6642 = ORIENTED_EDGE('',*,*,#6596,.T.);
#6643 = ADVANCED_FACE('',(#6644),#5873,.F.);
#6644 = FACE_BOUND('',#6645,.T.);
#6645 = EDGE_LOOP('',(#6646,#6647,#6668,#6669));
#6646 = ORIENTED_EDGE('',*,*,#5857,.T.);
#6647 = ORIENTED_EDGE('',*,*,#6648,.F.);
#6648 = EDGE_CURVE('',#6412,#5826,#6649,.T.);
#6649 = SURFACE_CURVE('',#6650,(#6654,#6661),.PCURVE_S1.);
#6650 = LINE('',#6651,#6652);
#6651 = CARTESIAN_POINT('',(2.298184787745,-228.5697541479,
    -233.282499004));
#6652 = VECTOR('',#6653,1.);
#6653 = DIRECTION('',(3.064104139906E-16,8.673617379884E-16,-1.));
#6654 = PCURVE('',#5873,#6655);
#6655 = DEFINITIONAL_REPRESENTATION('',(#6656),#6660);
#6656 = LINE('',#6657,#6658);
#6657 = CARTESIAN_POINT('',(-1.29446636339,-3.966377008502E-16));
#6658 = VECTOR('',#6659,1.);
#6659 = DIRECTION('',(-9.860761315263E-32,-1.));
#6660 = ( GEOMETRIC_REPRESENTATION_CONTEXT(2) 
PARAMETRIC_REPRESENTATION_CONTEXT() REPRESENTATION_CONTEXT('2D SPACE',''
  ) );
#6661 = PCURVE('',#5846,#6662);
#6662 = DEFINITIONAL_REPRESENTATION('',(#6663),#6667);
#6663 = LINE('',#6664,#6665);
#6664 = CARTESIAN_POINT('',(6.283185063626,-233.282499004));
#6665 = VECTOR('',#6666,1.);
#6666 = DIRECTION('',(0.,-1.));
#6667 = ( GEOMETRIC_REPRESENTATION_CONTEXT(2) 
PARAMETRIC_REPRESENTATION_CONTEXT() REPRESENTATION_CONTEXT('2D SPACE',''
  ) );
#6668 = ORIENTED_EDGE('',*,*,#6411,.F.);
#6669 = ORIENTED_EDGE('',*,*,#6621,.T.);
#6670 = ADVANCED_FACE('',(#6671),#5846,.F.);
#6671 = FACE_BOUND('',#6672,.F.);
#6672 = EDGE_LOOP('',(#6673,#6674,#6695,#6696));
#6673 = ORIENTED_EDGE('',*,*,#6434,.T.);
#6674 = ORIENTED_EDGE('',*,*,#6675,.T.);
#6675 = EDGE_CURVE('',#6201,#5798,#6676,.T.);
#6676 = SURFACE_CURVE('',#6677,(#6681,#6688),.PCURVE_S1.);
#6677 = LINE('',#6678,#6679);
#6678 = CARTESIAN_POINT('',(2.561510682105,-229.0134880509,
    -233.282499004));
#6679 = VECTOR('',#6680,1.);
#6680 = DIRECTION('',(3.064104139906E-16,8.673617379884E-16,-1.));
#6681 = PCURVE('',#5846,#6682);
#6682 = DEFINITIONAL_REPRESENTATION('',(#6683),#6687);
#6683 = LINE('',#6684,#6685);
#6684 = CARTESIAN_POINT('',(4.212745070105,-233.282499004));
#6685 = VECTOR('',#6686,1.);
#6686 = DIRECTION('',(0.,-1.));
#6687 = ( GEOMETRIC_REPRESENTATION_CONTEXT(2) 
PARAMETRIC_REPRESENTATION_CONTEXT() REPRESENTATION_CONTEXT('2D SPACE',''
  ) );
#6688 = PCURVE('',#5813,#6689);
#6689 = DEFINITIONAL_REPRESENTATION('',(#6690),#6694);
#6690 = LINE('',#6691,#6692);
#6691 = CARTESIAN_POINT('',(0.,0.));
#6692 = VECTOR('',#6693,1.);
#6693 = DIRECTION('',(3.292656114586E-27,-1.));
#6694 = ( GEOMETRIC_REPRESENTATION_CONTEXT(2) 
PARAMETRIC_REPRESENTATION_CONTEXT() REPRESENTATION_CONTEXT('2D SPACE',''
  ) );
#6695 = ORIENTED_EDGE('',*,*,#5825,.F.);
#6696 = ORIENTED_EDGE('',*,*,#6648,.F.);
#6697 = ADVANCED_FACE('',(#6698),#5813,.F.);
#6698 = FACE_BOUND('',#6699,.T.);
#6699 = EDGE_LOOP('',(#6700,#6701,#6722,#6723));
#6700 = ORIENTED_EDGE('',*,*,#5797,.T.);
#6701 = ORIENTED_EDGE('',*,*,#6702,.F.);
#6702 = EDGE_CURVE('',#6203,#5763,#6703,.T.);
#6703 = SURFACE_CURVE('',#6704,(#6708,#6715),.PCURVE_S1.);
#6704 = LINE('',#6705,#6706);
#6705 = CARTESIAN_POINT('',(0.266985203416,-233.2171458431,
    -233.282499004));
#6706 = VECTOR('',#6707,1.);
#6707 = DIRECTION('',(3.064104139906E-16,8.673617379884E-16,-1.));
#6708 = PCURVE('',#5813,#6709);
#6709 = DEFINITIONAL_REPRESENTATION('',(#6710),#6714);
#6710 = LINE('',#6711,#6712);
#6711 = CARTESIAN_POINT('',(-4.789111191685,4.349158430378E-15));
#6712 = VECTOR('',#6713,1.);
#6713 = DIRECTION('',(3.292656114586E-27,-1.));
#6714 = ( GEOMETRIC_REPRESENTATION_CONTEXT(2) 
PARAMETRIC_REPRESENTATION_CONTEXT() REPRESENTATION_CONTEXT('2D SPACE',''
  ) );
#6715 = PCURVE('',#5785,#6716);
#6716 = DEFINITIONAL_REPRESENTATION('',(#6717),#6721);
#6717 = LINE('',#6718,#6719);
#6718 = CARTESIAN_POINT('',(4.212745070105,-233.282499004));
#6719 = VECTOR('',#6720,1.);
#6720 = DIRECTION('',(0.,-1.));
#6721 = ( GEOMETRIC_REPRESENTATION_CONTEXT(2) 
PARAMETRIC_REPRESENTATION_CONTEXT() REPRESENTATION_CONTEXT('2D SPACE',''
  ) );
#6722 = ORIENTED_EDGE('',*,*,#6200,.F.);
#6723 = ORIENTED_EDGE('',*,*,#6675,.T.);
#6724 = ADVANCED_FACE('',(#6725),#5785,.F.);
#6725 = FACE_BOUND('',#6726,.F.);
#6726 = EDGE_LOOP('',(#6727,#6728,#6729,#6730));
#6727 = ORIENTED_EDGE('',*,*,#5762,.F.);
#6728 = ORIENTED_EDGE('',*,*,#6702,.F.);
#6729 = ORIENTED_EDGE('',*,*,#6225,.T.);
#6730 = ORIENTED_EDGE('',*,*,#6176,.T.);
#6731 = ADVANCED_FACE('',(#6732),#5699,.F.);
#6732 = FACE_BOUND('',#6733,.F.);
#6733 = EDGE_LOOP('',(#6734,#6759,#6788,#6840,#6861,#6862));
#6734 = ORIENTED_EDGE('',*,*,#6735,.F.);
#6735 = EDGE_CURVE('',#6736,#6738,#6740,.T.);
#6736 = VERTEX_POINT('',#6737);
#6737 = CARTESIAN_POINT('',(8.980033453302,-240.2209176154,
    -214.9999999999));
#6738 = VERTEX_POINT('',#6739);
#6739 = CARTESIAN_POINT('',(8.980033453302,-240.2209176154,
    -233.5423480661));
#6740 = SURFACE_CURVE('',#6741,(#6745,#6752),.PCURVE_S1.);
#6741 = LINE('',#6742,#6743);
#6742 = CARTESIAN_POINT('',(8.980033453301,-240.2209176154,
    -214.9999999999));
#6743 = VECTOR('',#6744,1.);
#6744 = DIRECTION('',(3.064104139906E-16,8.673617379884E-16,-1.));
#6745 = PCURVE('',#5699,#6746);
#6746 = DEFINITIONAL_REPRESENTATION('',(#6747),#6751);
#6747 = LINE('',#6748,#6749);
#6748 = CARTESIAN_POINT('',(1.181770655971,-3.048047713512E-28));
#6749 = VECTOR('',#6750,1.);
#6750 = DIRECTION('',(0.,1.));
#6751 = ( GEOMETRIC_REPRESENTATION_CONTEXT(2) 
PARAMETRIC_REPRESENTATION_CONTEXT() REPRESENTATION_CONTEXT('2D SPACE',''
  ) );
#6752 = PCURVE('',#802,#6753);
#6753 = DEFINITIONAL_REPRESENTATION('',(#6754),#6758);
#6754 = LINE('',#6755,#6756);
#6755 = CARTESIAN_POINT('',(4.32336330956,-3.048047713512E-28));
#6756 = VECTOR('',#6757,1.);
#6757 = DIRECTION('',(0.,1.));
#6758 = ( GEOMETRIC_REPRESENTATION_CONTEXT(2) 
PARAMETRIC_REPRESENTATION_CONTEXT() REPRESENTATION_CONTEXT('2D SPACE',''
  ) );
#6759 = ORIENTED_EDGE('',*,*,#6760,.F.);
#6760 = EDGE_CURVE('',#6761,#6736,#6763,.T.);
#6761 = VERTEX_POINT('',#6762);
#6762 = CARTESIAN_POINT('',(8.055341726565,-222.3765218378,
    -214.9999999999));
#6763 = SURFACE_CURVE('',#6764,(#6769,#6776),.PCURVE_S1.);
#6764 = CIRCLE('',#6765,27.);
#6765 = AXIS2_PLACEMENT_3D('',#6766,#6767,#6768);
#6766 = CARTESIAN_POINT('',(33.96257028254,-229.980172839,
    -214.9999999999));
#6767 = DIRECTION('',(-3.064104139906E-16,-8.673617379884E-16,1.));
#6768 = DIRECTION('',(1.,-2.435520000697E-07,3.064102027429E-16));
#6769 = PCURVE('',#5699,#6770);
#6770 = DEFINITIONAL_REPRESENTATION('',(#6771),#6775);
#6771 = LINE('',#6772,#6773);
#6772 = CARTESIAN_POINT('',(4.712388980385,-1.203486544601E-13));
#6773 = VECTOR('',#6774,1.);
#6774 = DIRECTION('',(-1.,4.213719813941E-14));
#6775 = ( GEOMETRIC_REPRESENTATION_CONTEXT(2) 
PARAMETRIC_REPRESENTATION_CONTEXT() REPRESENTATION_CONTEXT('2D SPACE',''
  ) );
#6776 = PCURVE('',#6777,#6782);
#6777 = PLANE('',#6778);
#6778 = AXIS2_PLACEMENT_3D('',#6779,#6780,#6781);
#6779 = CARTESIAN_POINT('',(-33.95364042865,-229.9819335763,
    -214.9999999999));
#6780 = DIRECTION('',(-3.064104139906E-16,-8.673617379884E-16,1.));
#6781 = DIRECTION('',(-1.,2.435520001868E-07,-3.064102027429E-16));
#6782 = DEFINITIONAL_REPRESENTATION('',(#6783),#6787);
#6783 = CIRCLE('',#6784,27.);
#6784 = AXIS2_PLACEMENT_2D('',#6785,#6786);
#6785 = CARTESIAN_POINT('',(-67.91621071075,-1.777278487963E-03));
#6786 = DIRECTION('',(-1.,-1.171000285569E-16));
#6787 = ( GEOMETRIC_REPRESENTATION_CONTEXT(2) 
PARAMETRIC_REPRESENTATION_CONTEXT() REPRESENTATION_CONTEXT('2D SPACE',''
  ) );
#6788 = ORIENTED_EDGE('',*,*,#6789,.T.);
#6789 = EDGE_CURVE('',#6761,#6790,#6792,.T.);
#6790 = VERTEX_POINT('',#6791);
#6791 = CARTESIAN_POINT('',(10.57270925793,-216.4926081496,
    -216.1767114469));
#6792 = SURFACE_CURVE('',#6793,(#6798,#6827),.PCURVE_S1.);
#6793 = ( BOUNDED_CURVE() B_SPLINE_CURVE(3,(#6794,#6795,#6796,#6797),
.UNSPECIFIED.,.F.,.F.) B_SPLINE_CURVE_WITH_KNOTS((4,4),(4.997867327041,
5.235455776994),.PIECEWISE_BEZIER_KNOTS.) CURVE() 
GEOMETRIC_REPRESENTATION_ITEM() RATIONAL_B_SPLINE_CURVE((1.,
0.995301506726,0.995301506726,1.)) REPRESENTATION_ITEM('') );
#6794 = CARTESIAN_POINT('',(8.055341726565,-222.3765218378,
    -214.9999999999));
#6795 = CARTESIAN_POINT('',(8.658942290003,-220.3199285313,
    -215.4112937297));
#6796 = CARTESIAN_POINT('',(9.50202602371,-218.3493652905,
    -215.8053825021));
#6797 = CARTESIAN_POINT('',(10.57270925793,-216.4926081496,
    -216.1767114469));
#6798 = PCURVE('',#5699,#6799);
#6799 = DEFINITIONAL_REPRESENTATION('',(#6800),#6826);
#6800 = B_SPLINE_CURVE_WITH_KNOTS('',3,(#6801,#6802,#6803,#6804,#6805,
    #6806,#6807,#6808,#6809,#6810,#6811,#6812,#6813,#6814,#6815,#6816,
    #6817,#6818,#6819,#6820,#6821,#6822,#6823,#6824,#6825),
  .UNSPECIFIED.,.F.,.F.,(4,1,1,1,1,1,1,1,1,1,1,1,1,1,1,1,1,1,1,1,1,1,4),
  (4.997867327041,5.008666802039,5.019466277037,5.030265752035,
    5.041065227032,5.05186470203,5.062664177028,5.073463652026,
    5.084263127024,5.095062602022,5.10586207702,5.116661552017,
    5.127461027015,5.138260502013,5.149059977011,5.159859452009,
    5.170658927007,5.181458402005,5.192257877003,5.203057352,
    5.213856826998,5.224656301996,5.235455776994),.UNSPECIFIED.);
#6801 = CARTESIAN_POINT('',(1.856274673451,0.));
#6802 = CARTESIAN_POINT('',(1.859866037415,1.860733295747E-02));
#6803 = CARTESIAN_POINT('',(1.867051067026,5.577507209189E-02));
#6804 = CARTESIAN_POINT('',(1.877834894267,0.111375921704));
#6805 = CARTESIAN_POINT('',(1.888624382896,0.166816020114));
#6806 = CARTESIAN_POINT('',(1.899418908708,0.222085421989));
#6807 = CARTESIAN_POINT('',(1.910217845957,0.277174220147));
#6808 = CARTESIAN_POINT('',(1.921020567297,0.33207255532));
#6809 = CARTESIAN_POINT('',(1.931826444076,0.386770620967));
#6810 = CARTESIAN_POINT('',(1.942634846533,0.441258669367));
#6811 = CARTESIAN_POINT('',(1.953445144023,0.495527017321));
#6812 = CARTESIAN_POINT('',(1.964256705239,0.549566051895));
#6813 = CARTESIAN_POINT('',(1.975068898427,0.60336623609));
#6814 = CARTESIAN_POINT('',(1.985881091616,0.656918114448));
#6815 = CARTESIAN_POINT('',(1.996692652831,0.710212318592));
#6816 = CARTESIAN_POINT('',(2.007502950322,0.763239572691));
#6817 = CARTESIAN_POINT('',(2.018311352779,0.815990698829));
#6818 = CARTESIAN_POINT('',(2.029117229558,0.868456622324));
#6819 = CARTESIAN_POINT('',(2.039919950898,0.920628376828));
#6820 = CARTESIAN_POINT('',(2.050718888147,0.972497109754));
#6821 = CARTESIAN_POINT('',(2.061513413959,1.02405408602));
#6822 = CARTESIAN_POINT('',(2.072302902588,1.075290697539));
#6823 = CARTESIAN_POINT('',(2.083086729829,1.126198450714));
#6824 = CARTESIAN_POINT('',(2.09027175944,1.159912173894));
#6825 = CARTESIAN_POINT('',(2.093863123404,1.176711447));
#6826 = ( GEOMETRIC_REPRESENTATION_CONTEXT(2) 
PARAMETRIC_REPRESENTATION_CONTEXT() REPRESENTATION_CONTEXT('2D SPACE',''
  ) );
#6827 = PCURVE('',#6828,#6833);
#6828 = PLANE('',#6829);
#6829 = AXIS2_PLACEMENT_3D('',#6830,#6831,#6832);
#6830 = CARTESIAN_POINT('',(-27.54152981421,-231.3332864631,
    -213.2087540497));
#6831 = DIRECTION('',(-4.776168955826E-08,-0.196104691491,
    -0.980582964351));
#6832 = DIRECTION('',(-2.388229423768E-07,-0.980582964351,0.196104691491
    ));
#6833 = DEFINITIONAL_REPRESENTATION('',(#6834),#6839);
#6834 = ( BOUNDED_CURVE() B_SPLINE_CURVE(3,(#6835,#6836,#6837,#6838),
.UNSPECIFIED.,.F.,.F.) B_SPLINE_CURVE_WITH_KNOTS((4,4),(4.997867327041,
5.235455776994),.PIECEWISE_BEZIER_KNOTS.) CURVE() 
GEOMETRIC_REPRESENTATION_ITEM() RATIONAL_B_SPLINE_CURVE((1.,
0.995301506726,0.995301506726,1.)) REPRESENTATION_ITEM('') );
#6835 = CARTESIAN_POINT('',(-9.13413104308,-35.59686935934));
#6836 = CARTESIAN_POINT('',(-11.23144817811,-36.20046942189));
#6837 = CARTESIAN_POINT('',(-13.24103178074,-37.04355267566));
#6838 = CARTESIAN_POINT('',(-15.13455580588,-38.11423545766));
#6839 = ( GEOMETRIC_REPRESENTATION_CONTEXT(2) 
PARAMETRIC_REPRESENTATION_CONTEXT() REPRESENTATION_CONTEXT('2D SPACE',''
  ) );
#6840 = ORIENTED_EDGE('',*,*,#6841,.T.);
#6841 = EDGE_CURVE('',#6790,#5646,#6842,.T.);
#6842 = SURFACE_CURVE('',#6843,(#6847,#6854),.PCURVE_S1.);
#6843 = LINE('',#6844,#6845);
#6844 = CARTESIAN_POINT('',(10.57270925793,-216.4926081496,
    -214.9999999999));
#6845 = VECTOR('',#6846,1.);
#6846 = DIRECTION('',(3.064104139906E-16,8.673617379884E-16,-1.));
#6847 = PCURVE('',#5699,#6848);
#6848 = DEFINITIONAL_REPRESENTATION('',(#6849),#6853);
#6849 = LINE('',#6850,#6851);
#6850 = CARTESIAN_POINT('',(2.093863123404,0.));
#6851 = VECTOR('',#6852,1.);
#6852 = DIRECTION('',(-2.522404683175E-17,1.));
#6853 = ( GEOMETRIC_REPRESENTATION_CONTEXT(2) 
PARAMETRIC_REPRESENTATION_CONTEXT() REPRESENTATION_CONTEXT('2D SPACE',''
  ) );
#6854 = PCURVE('',#5666,#6855);
#6855 = DEFINITIONAL_REPRESENTATION('',(#6856),#6860);
#6856 = LINE('',#6857,#6858);
#6857 = CARTESIAN_POINT('',(5.235455776994,-2.84217094304E-14));
#6858 = VECTOR('',#6859,1.);
#6859 = DIRECTION('',(0.,1.));
#6860 = ( GEOMETRIC_REPRESENTATION_CONTEXT(2) 
PARAMETRIC_REPRESENTATION_CONTEXT() REPRESENTATION_CONTEXT('2D SPACE',''
  ) );
#6861 = ORIENTED_EDGE('',*,*,#5678,.F.);
#6862 = ORIENTED_EDGE('',*,*,#6863,.T.);
#6863 = EDGE_CURVE('',#5679,#6738,#6864,.T.);
#6864 = SURFACE_CURVE('',#6865,(#6872,#6901),.PCURVE_S1.);
#6865 = B_SPLINE_CURVE_WITH_KNOTS('',3,(#6866,#6867,#6868,#6869,#6870,
    #6871),.UNSPECIFIED.,.F.,.F.,(4,2,4),(0.,0.5,1.),.UNSPECIFIED.);
#6866 = CARTESIAN_POINT('',(7.920153856538,-237.1070618303,
    -233.782499004));
#6867 = CARTESIAN_POINT('',(8.080950120828,-237.6946286185,
    -233.5036464269));
#6868 = CARTESIAN_POINT('',(8.26830841364,-238.2801709076,
    -233.3762903016));
#6869 = CARTESIAN_POINT('',(8.634979048292,-239.3412867188,
    -233.3312228775));
#6870 = CARTESIAN_POINT('',(8.814678802175,-239.8175310696,
    -233.4118120388));
#6871 = CARTESIAN_POINT('',(8.980033453302,-240.2209176154,
    -233.5423480661));
#6872 = PCURVE('',#5699,#6873);
#6873 = DEFINITIONAL_REPRESENTATION('',(#6874),#6900);
#6874 = B_SPLINE_CURVE_WITH_KNOTS('',3,(#6875,#6876,#6877,#6878,#6879,
    #6880,#6881,#6882,#6883,#6884,#6885,#6886,#6887,#6888,#6889,#6890,
    #6891,#6892,#6893,#6894,#6895,#6896,#6897,#6898,#6899),
  .UNSPECIFIED.,.F.,.F.,(4,1,1,1,1,1,1,1,1,1,1,1,1,1,1,1,1,1,1,1,1,1,4),
  (0.,4.545454545455E-02,9.090909090909E-02,0.136363636364,
    0.181818181818,0.227272727273,0.272727272727,0.318181818182,
    0.363636363636,0.409090909091,0.454545454545,0.5,0.545454545455,
    0.590909090909,0.636363636364,0.681818181818,0.727272727273,
    0.772727272727,0.818181818182,0.863636363636,0.909090909091,
    0.954545454545,1.),.UNSPECIFIED.);
#6875 = CARTESIAN_POINT('',(1.303671752269,18.7824990041));
#6876 = CARTESIAN_POINT('',(1.301620674243,18.757148769818));
#6877 = CARTESIAN_POINT('',(1.297515401727,18.708952374852));
#6878 = CARTESIAN_POINT('',(1.29135769968,18.643959601692));
#6879 = CARTESIAN_POINT('',(1.285209736904,18.586058246832));
#6880 = CARTESIAN_POINT('',(1.279081128425,18.535037907474));
#6881 = CARTESIAN_POINT('',(1.272981539004,18.490688187543));
#6882 = CARTESIAN_POINT('',(1.266920686512,18.452798665887));
#6883 = CARTESIAN_POINT('',(1.260908337598,18.421159014927));
#6884 = CARTESIAN_POINT('',(1.254954296538,18.395558557878));
#6885 = CARTESIAN_POINT('',(1.249068427948,18.375787921206));
#6886 = CARTESIAN_POINT('',(1.243260550234,18.361632867575));
#6887 = CARTESIAN_POINT('',(1.237540812064,18.352897311606));
#6888 = CARTESIAN_POINT('',(1.231918266254,18.3493174239));
#6889 = CARTESIAN_POINT('',(1.226395452431,18.350600064905));
#6890 = CARTESIAN_POINT('',(1.220976024433,18.35651983909));
#6891 = CARTESIAN_POINT('',(1.215663328554,18.366833198966));
#6892 = CARTESIAN_POINT('',(1.210460784476,18.381301460848));
#6893 = CARTESIAN_POINT('',(1.205371783368,18.399684637798));
#6894 = CARTESIAN_POINT('',(1.200399715553,18.421743092083));
#6895 = CARTESIAN_POINT('',(1.195547963678,18.447237092402));
#6896 = CARTESIAN_POINT('',(1.190819905214,18.475926932524));
#6897 = CARTESIAN_POINT('',(1.186218913083,18.5075728995));
#6898 = CARTESIAN_POINT('',(1.18323854125,18.530481154627));
#6899 = CARTESIAN_POINT('',(1.181770655971,18.5423480662));
#6900 = ( GEOMETRIC_REPRESENTATION_CONTEXT(2) 
PARAMETRIC_REPRESENTATION_CONTEXT() REPRESENTATION_CONTEXT('2D SPACE',''
  ) );
#6901 = PCURVE('',#1393,#6902);
#6902 = DEFINITIONAL_REPRESENTATION('',(#6903),#6929);
#6903 = B_SPLINE_CURVE_WITH_KNOTS('',3,(#6904,#6905,#6906,#6907,#6908,
    #6909,#6910,#6911,#6912,#6913,#6914,#6915,#6916,#6917,#6918,#6919,
    #6920,#6921,#6922,#6923,#6924,#6925,#6926,#6927,#6928),
  .UNSPECIFIED.,.F.,.F.,(4,1,1,1,1,1,1,1,1,1,1,1,1,1,1,1,1,1,1,1,1,1,4),
  (0.,4.545454545455E-02,9.090909090909E-02,0.136363636364,
    0.181818181818,0.227272727273,0.272727272727,0.318181818182,
    0.363636363636,0.409090909091,0.454545454545,0.5,0.545454545455,
    0.590909090909,0.636363636364,0.681818181818,0.727272727273,
    0.772727272727,0.818181818182,0.863636363636,0.909090909091,
    0.954545454545,1.),.UNSPECIFIED.);
#6904 = CARTESIAN_POINT('',(1.128775602086,-1.285745488282));
#6905 = CARTESIAN_POINT('',(1.141944458056,-1.299800170697));
#6906 = CARTESIAN_POINT('',(1.168084063654,-1.32751260599));
#6907 = CARTESIAN_POINT('',(1.206717407338,-1.367890470324));
#6908 = CARTESIAN_POINT('',(1.244794964945,-1.407077546053));
#6909 = CARTESIAN_POINT('',(1.282329929995,-1.445073833175));
#6910 = CARTESIAN_POINT('',(1.319331005926,-1.481879331692));
#6911 = CARTESIAN_POINT('',(1.355801939606,-1.517494041603));
#6912 = CARTESIAN_POINT('',(1.391741919478,-1.551917962908));
#6913 = CARTESIAN_POINT('',(1.427145849726,-1.585151095607));
#6914 = CARTESIAN_POINT('',(1.462004482016,-1.6171934397));
#6915 = CARTESIAN_POINT('',(1.496305421906,-1.648044995187));
#6916 = CARTESIAN_POINT('',(1.530030914618,-1.677705762069));
#6917 = CARTESIAN_POINT('',(1.563167728135,-1.706175740345));
#6918 = CARTESIAN_POINT('',(1.595737813351,-1.733454930014));
#6919 = CARTESIAN_POINT('',(1.627752272346,-1.759543331078));
#6920 = CARTESIAN_POINT('',(1.659220881122,-1.784440943536));
#6921 = CARTESIAN_POINT('',(1.69014957498,-1.808147767388));
#6922 = CARTESIAN_POINT('',(1.720541199856,-1.830663802635));
#6923 = CARTESIAN_POINT('',(1.750395414059,-1.851989049275));
#6924 = CARTESIAN_POINT('',(1.779708871565,-1.87212350731));
#6925 = CARTESIAN_POINT('',(1.808475252544,-1.891067176738));
#6926 = CARTESIAN_POINT('',(1.836685723836,-1.908820057561));
#6927 = CARTESIAN_POINT('',(1.855113848288,-1.919861452372));
#6928 = CARTESIAN_POINT('',(1.86423130258,-1.92518368501));
#6929 = ( GEOMETRIC_REPRESENTATION_CONTEXT(2) 
PARAMETRIC_REPRESENTATION_CONTEXT() REPRESENTATION_CONTEXT('2D SPACE',''
  ) );
#6930 = ADVANCED_FACE('',(#6931,#7001,#7322),#6828,.F.);
#6931 = FACE_BOUND('',#6932,.T.);
#6932 = EDGE_LOOP('',(#6933));
#6933 = ORIENTED_EDGE('',*,*,#6934,.T.);
#6934 = EDGE_CURVE('',#6935,#6935,#6937,.T.);
#6935 = VERTEX_POINT('',#6936);
#6936 = CARTESIAN_POINT('',(4.685401148009E-03,-199.6482270899,
    -219.5453827031));
#6937 = SURFACE_CURVE('',#6938,(#6951,#6967),.PCURVE_S1.);
#6938 = ( BOUNDED_CURVE() B_SPLINE_CURVE(6,(#6939,#6940,#6941,#6942,
    #6943,#6944,#6945,#6946,#6947,#6948,#6949,#6950),.UNSPECIFIED.,.T.,
.F.) B_SPLINE_CURVE_WITH_KNOTS((7,5,7),(3.14159265359,6.28318530718,
9.42477796077),.UNSPECIFIED.) CURVE() GEOMETRIC_REPRESENTATION_ITEM() 
RATIONAL_B_SPLINE_CURVE((1.,1.,0.733333333333,0.6,0.733333333333,1.,1.,
0.733333333333,0.6,0.733333333333,1.,1.)) REPRESENTATION_ITEM('') );
#6939 = CARTESIAN_POINT('',(4.685401148009E-03,-199.6482270899,
    -219.5453827031));
#6940 = CARTESIAN_POINT('',(-0.411981265518,-199.6482269884,
    -219.5453827031));
#6941 = CARTESIAN_POINT('',(-1.358950907135,-199.4209540305,
    -219.5908344901));
#6942 = CARTESIAN_POINT('',(-2.078647627745,-198.3982265825,
    -219.7953675318));
#6943 = CARTESIAN_POINT('',(-1.35895040896,-197.375499485,
    -219.9999005734));
#6944 = CARTESIAN_POINT('',(-0.411980656638,-197.1482269884,
    -220.0453523605));
#6945 = CARTESIAN_POINT('',(0.421352676694,-197.1482271913,
    -220.0453523605));
#6946 = CARTESIAN_POINT('',(1.368322318311,-197.3755001492,
    -219.9999005734));
#6947 = CARTESIAN_POINT('',(2.088019038921,-198.3982275973,
    -219.7953675318));
#6948 = CARTESIAN_POINT('',(1.368321820136,-199.4209546947,
    -219.5908344901));
#6949 = CARTESIAN_POINT('',(0.421352067814,-199.6482271913,
    -219.5453827031));
#6950 = CARTESIAN_POINT('',(4.685401148009E-03,-199.6482270899,
    -219.5453827031));
#6951 = PCURVE('',#6828,#6952);
#6952 = DEFINITIONAL_REPRESENTATION('',(#6953),#6966);
#6953 = ( BOUNDED_CURVE() B_SPLINE_CURVE(6,(#6954,#6955,#6956,#6957,
    #6958,#6959,#6960,#6961,#6962,#6963,#6964,#6965),.UNSPECIFIED.,.F.,
.F.) B_SPLINE_CURVE_WITH_KNOTS((7,5,7),(3.14159265359,6.28318530718,
9.42477796077),.UNSPECIFIED.) CURVE() GEOMETRIC_REPRESENTATION_ITEM() 
RATIONAL_B_SPLINE_CURVE((1.,1.,0.733333333333,0.6,0.733333333333,1.,1.,
0.733333333333,0.6,0.733333333333,1.,1.)) REPRESENTATION_ITEM('') );
#6954 = CARTESIAN_POINT('',(-32.31247863165,-27.5462074984));
#6955 = CARTESIAN_POINT('',(-32.31247863165,-27.12954083173));
#6956 = CARTESIAN_POINT('',(-32.54425170495,-26.18257113476));
#6957 = CARTESIAN_POINT('',(-33.5872305348,-25.46287416507));
#6958 = CARTESIAN_POINT('',(-34.63020936465,-26.18257113476));
#6959 = CARTESIAN_POINT('',(-34.86198243795,-27.12954083173));
#6960 = CARTESIAN_POINT('',(-34.86198243795,-27.96287416507));
#6961 = CARTESIAN_POINT('',(-34.63020936465,-28.90984386203));
#6962 = CARTESIAN_POINT('',(-33.5872305348,-29.62954083173));
#6963 = CARTESIAN_POINT('',(-32.54425170495,-28.90984386203));
#6964 = CARTESIAN_POINT('',(-32.31247863165,-27.96287416507));
#6965 = CARTESIAN_POINT('',(-32.31247863165,-27.5462074984));
#6966 = ( GEOMETRIC_REPRESENTATION_CONTEXT(2) 
PARAMETRIC_REPRESENTATION_CONTEXT() REPRESENTATION_CONTEXT('2D SPACE',''
  ) );
#6967 = PCURVE('',#6968,#6973);
#6968 = CYLINDRICAL_SURFACE('',#6969,1.25);
#6969 = AXIS2_PLACEMENT_3D('',#6970,#6971,#6972);
#6970 = CARTESIAN_POINT('',(4.685705588003E-03,-198.3982270899,
    -214.9999999999));
#6971 = DIRECTION('',(3.064104139906E-16,8.673617379884E-16,-1.));
#6972 = DIRECTION('',(-2.435520007893E-07,-1.,-8.673618126152E-16));
#6973 = DEFINITIONAL_REPRESENTATION('',(#6974),#7000);
#6974 = B_SPLINE_CURVE_WITH_KNOTS('',3,(#6975,#6976,#6977,#6978,#6979,
    #6980,#6981,#6982,#6983,#6984,#6985,#6986,#6987,#6988,#6989,#6990,
    #6991,#6992,#6993,#6994,#6995,#6996,#6997,#6998,#6999),
  .UNSPECIFIED.,.F.,.F.,(4,1,1,1,1,1,1,1,1,1,1,1,1,1,1,1,1,1,1,1,1,1,4),
  (3.14159265359,3.427191985735,3.712791317879,3.998390650024,
    4.283989982168,4.569589314313,4.855188646457,5.140787978602,
    5.426387310746,5.711986642891,5.997585975035,6.28318530718,
    6.568784639325,6.854383971469,7.139983303614,7.425582635758,
    7.711181967903,7.996781300047,8.282380632192,8.567979964336,
    8.853579296481,9.139178628625,9.42477796077),.QUASI_UNIFORM_KNOTS.);
#6975 = CARTESIAN_POINT('',(-5.329070518201E-15,4.5453827032));
#6976 = CARTESIAN_POINT('',(6.039517472399E-02,4.545417805305));
#6977 = CARTESIAN_POINT('',(0.192941478432,4.548073903944));
#6978 = CARTESIAN_POINT('',(0.430135893294,4.565612015203));
#6979 = CARTESIAN_POINT('',(0.710542298878,4.602942157708));
#6980 = CARTESIAN_POINT('',(1.032942954438,4.66475614165));
#6981 = CARTESIAN_POINT('',(1.387439254326,4.748746219665));
#6982 = CARTESIAN_POINT('',(1.754159342618,4.84198878266));
#6983 = CARTESIAN_POINT('',(2.108619982382,4.925979229524));
#6984 = CARTESIAN_POINT('',(2.431163278438,4.98779173807));
#6985 = CARTESIAN_POINT('',(2.71103478216,5.025127413307));
#6986 = CARTESIAN_POINT('',(2.950226163974,5.042644869036));
#6987 = CARTESIAN_POINT('',(3.14159265359,5.046706106382));
#6988 = CARTESIAN_POINT('',(3.332959143206,5.042644869036));
#6989 = CARTESIAN_POINT('',(3.572150525019,5.025127413307));
#6990 = CARTESIAN_POINT('',(3.852022028742,4.987791738071));
#6991 = CARTESIAN_POINT('',(4.174565324798,4.925979229524));
#6992 = CARTESIAN_POINT('',(4.529025964562,4.84198878266));
#6993 = CARTESIAN_POINT('',(4.895746052854,4.748746219665));
#6994 = CARTESIAN_POINT('',(5.250242352742,4.664756141651));
#6995 = CARTESIAN_POINT('',(5.572643008301,4.602942157708));
#6996 = CARTESIAN_POINT('',(5.853049413886,4.565612015203));
#6997 = CARTESIAN_POINT('',(6.090243828747,4.548073903944));
#6998 = CARTESIAN_POINT('',(6.222790132456,4.545417805305));
#6999 = CARTESIAN_POINT('',(6.28318530718,4.5453827032));
#7000 = ( GEOMETRIC_REPRESENTATION_CONTEXT(2) 
PARAMETRIC_REPRESENTATION_CONTEXT() REPRESENTATION_CONTEXT('2D SPACE',''
  ) );
#7001 = FACE_BOUND('',#7002,.T.);
#7002 = EDGE_LOOP('',(#7003,#7004,#7051,#7103,#7155,#7207,#7254,#7301));
#7003 = ORIENTED_EDGE('',*,*,#6789,.T.);
#7004 = ORIENTED_EDGE('',*,*,#7005,.T.);
#7005 = EDGE_CURVE('',#6790,#7006,#7008,.T.);
#7006 = VERTEX_POINT('',#7007);
#7007 = CARTESIAN_POINT('',(4.140301717036,-198.9208295247,
    -219.6908535891));
#7008 = SURFACE_CURVE('',#7009,(#7014,#7022),.PCURVE_S1.);
#7009 = ( BOUNDED_CURVE() B_SPLINE_CURVE(3,(#7010,#7011,#7012,#7013),
.UNSPECIFIED.,.F.,.F.) B_SPLINE_CURVE_WITH_KNOTS((4,4),(4.189322183776,
5.937284358898),.PIECEWISE_BEZIER_KNOTS.) CURVE() 
GEOMETRIC_REPRESENTATION_ITEM() RATIONAL_B_SPLINE_CURVE((1.,
0.761185723276,0.761185723276,1.)) REPRESENTATION_ITEM('') );
#7010 = CARTESIAN_POINT('',(10.57270925793,-216.4926081496,
    -216.1767114469));
#7011 = CARTESIAN_POINT('',(14.666077161,-209.3939725856,-217.5963526026
    ));
#7012 = CARTESIAN_POINT('',(11.8492405055,-201.6990574519,
    -219.1352420986));
#7013 = CARTESIAN_POINT('',(4.140301717036,-198.9208295247,
    -219.6908535891));
#7014 = PCURVE('',#6828,#7015);
#7015 = DEFINITIONAL_REPRESENTATION('',(#7016),#7021);
#7016 = ( BOUNDED_CURVE() B_SPLINE_CURVE(3,(#7017,#7018,#7019,#7020),
.UNSPECIFIED.,.F.,.F.) B_SPLINE_CURVE_WITH_KNOTS((4,4),(4.189322183776,
5.937284358898),.PIECEWISE_BEZIER_KNOTS.) CURVE() 
GEOMETRIC_REPRESENTATION_ITEM() RATIONAL_B_SPLINE_CURVE((1.,
0.761185723276,0.761185723276,1.)) REPRESENTATION_ITEM('') );
#7017 = CARTESIAN_POINT('',(-15.13455580588,-38.11423545766));
#7018 = CARTESIAN_POINT('',(-22.3737561785,-42.20760163185));
#7019 = CARTESIAN_POINT('',(-30.22104164793,-39.39076310223));
#7020 = CARTESIAN_POINT('',(-33.0542808033,-31.68182363713));
#7021 = ( GEOMETRIC_REPRESENTATION_CONTEXT(2) 
PARAMETRIC_REPRESENTATION_CONTEXT() REPRESENTATION_CONTEXT('2D SPACE',''
  ) );
#7022 = PCURVE('',#5666,#7023);
#7023 = DEFINITIONAL_REPRESENTATION('',(#7024),#7050);
#7024 = B_SPLINE_CURVE_WITH_KNOTS('',3,(#7025,#7026,#7027,#7028,#7029,
    #7030,#7031,#7032,#7033,#7034,#7035,#7036,#7037,#7038,#7039,#7040,
    #7041,#7042,#7043,#7044,#7045,#7046,#7047,#7048,#7049),
  .UNSPECIFIED.,.F.,.F.,(4,1,1,1,1,1,1,1,1,1,1,1,1,1,1,1,1,1,1,1,1,1,4),
  (4.189322183776,4.268775009918,4.34822783606,4.427680662202,
    4.507133488344,4.586586314486,4.666039140627,4.745491966769,
    4.824944792911,4.904397619053,4.983850445195,5.063303271337,
    5.142756097479,5.222208923621,5.301661749763,5.381114575905,
    5.460567402047,5.540020228188,5.61947305433,5.698925880472,
    5.778378706614,5.857831532756,5.937284358898),.UNSPECIFIED.);
#7025 = CARTESIAN_POINT('',(5.235455776994,1.176711447));
#7026 = CARTESIAN_POINT('',(5.212219043178,1.225808924993));
#7027 = CARTESIAN_POINT('',(5.164979883049,1.327657932901));
#7028 = CARTESIAN_POINT('',(5.091926837451,1.490737914587));
#7029 = CARTESIAN_POINT('',(5.016770802594,1.663572864958));
#7030 = CARTESIAN_POINT('',(4.939643190388,1.845246636075));
#7031 = CARTESIAN_POINT('',(4.860702882524,2.034590373548));
#7032 = CARTESIAN_POINT('',(4.780139663747,2.230154641137));
#7033 = CARTESIAN_POINT('',(4.698172029471,2.430237651955));
#7034 = CARTESIAN_POINT('',(4.615045057647,2.632918677675));
#7035 = CARTESIAN_POINT('',(4.531026789089,2.83611009801));
#7036 = CARTESIAN_POINT('',(4.446403609228,3.037622244252));
#7037 = CARTESIAN_POINT('',(4.361474689433,3.235238285149));
#7038 = CARTESIAN_POINT('',(4.276545769638,3.426793806945));
#7039 = CARTESIAN_POINT('',(4.191922589777,3.610255300809));
#7040 = CARTESIAN_POINT('',(4.107904321218,3.783791627041));
#7041 = CARTESIAN_POINT('',(4.024777349394,3.945833227889));
#7042 = CARTESIAN_POINT('',(3.942809715119,4.09511526173));
#7043 = CARTESIAN_POINT('',(3.862246496341,4.230702339417));
#7044 = CARTESIAN_POINT('',(3.783306188478,4.351995353925));
#7045 = CARTESIAN_POINT('',(3.706178576272,4.458719129425));
#7046 = CARTESIAN_POINT('',(3.631022541415,4.550903920713));
#7047 = CARTESIAN_POINT('',(3.557969495816,4.62882615885));
#7048 = CARTESIAN_POINT('',(3.510730335688,4.671645335449));
#7049 = CARTESIAN_POINT('',(3.487493601872,4.6908535892));
#7050 = ( GEOMETRIC_REPRESENTATION_CONTEXT(2) 
PARAMETRIC_REPRESENTATION_CONTEXT() REPRESENTATION_CONTEXT('2D SPACE',''
  ) );
#7051 = ORIENTED_EDGE('',*,*,#7052,.T.);
#7052 = EDGE_CURVE('',#7006,#7053,#7055,.T.);
#7053 = VERTEX_POINT('',#7054);
#7054 = CARTESIAN_POINT('',(2.222299126739,-197.2440214311,
    -220.0261947629));
#7055 = SURFACE_CURVE('',#7056,(#7061,#7069),.PCURVE_S1.);
#7056 = ( BOUNDED_CURVE() B_SPLINE_CURVE(3,(#7057,#7058,#7059,#7060),
.UNSPECIFIED.,.F.,.F.) B_SPLINE_CURVE_WITH_KNOTS((4,4),(3.487493601872,
4.232497992401),.PIECEWISE_BEZIER_KNOTS.) CURVE() 
GEOMETRIC_REPRESENTATION_ITEM() RATIONAL_B_SPLINE_CURVE((1.,
0.954279730325,0.954279730325,1.)) REPRESENTATION_ITEM('') );
#7057 = CARTESIAN_POINT('',(4.140301717036,-198.9208295247,
    -219.6908535891));
#7058 = CARTESIAN_POINT('',(3.303113672321,-198.6191149476,
    -219.7511928018));
#7059 = CARTESIAN_POINT('',(2.633148486591,-198.0333998649,
    -219.8683286769));
#7060 = CARTESIAN_POINT('',(2.222299126739,-197.2440214311,
    -220.0261947629));
#7061 = PCURVE('',#6828,#7062);
#7062 = DEFINITIONAL_REPRESENTATION('',(#7063),#7068);
#7063 = ( BOUNDED_CURVE() B_SPLINE_CURVE(3,(#7064,#7065,#7066,#7067),
.UNSPECIFIED.,.F.,.F.) B_SPLINE_CURVE_WITH_KNOTS((4,4),(3.487493601872,
4.232497992401),.PIECEWISE_BEZIER_KNOTS.) CURVE() 
GEOMETRIC_REPRESENTATION_ITEM() RATIONAL_B_SPLINE_CURVE((1.,
0.954279730325,0.954279730325,1.)) REPRESENTATION_ITEM('') );
#7064 = CARTESIAN_POINT('',(-33.0542808033,-31.68182363713));
#7065 = CARTESIAN_POINT('',(-33.36196958042,-30.84463551893));
#7066 = CARTESIAN_POINT('',(-33.95928254715,-30.17467019055));
#7067 = CARTESIAN_POINT('',(-34.76429177373,-29.76382063844));
#7068 = ( GEOMETRIC_REPRESENTATION_CONTEXT(2) 
PARAMETRIC_REPRESENTATION_CONTEXT() REPRESENTATION_CONTEXT('2D SPACE',''
  ) );
#7069 = PCURVE('',#7070,#7075);
#7070 = CYLINDRICAL_SURFACE('',#7071,3.499999999787);
#7071 = AXIS2_PLACEMENT_3D('',#7072,#7073,#7074);
#7072 = CARTESIAN_POINT('',(5.326957919561,-195.6281335084,
    -214.9999999999));
#7073 = DIRECTION('',(3.064104139906E-16,8.673617379884E-16,-1.));
#7074 = DIRECTION('',(-2.435520000111E-07,-1.,-8.673618126152E-16));
#7075 = DEFINITIONAL_REPRESENTATION('',(#7076),#7102);
#7076 = B_SPLINE_CURVE_WITH_KNOTS('',3,(#7077,#7078,#7079,#7080,#7081,
    #7082,#7083,#7084,#7085,#7086,#7087,#7088,#7089,#7090,#7091,#7092,
    #7093,#7094,#7095,#7096,#7097,#7098,#7099,#7100,#7101),
  .UNSPECIFIED.,.F.,.F.,(4,1,1,1,1,1,1,1,1,1,1,1,1,1,1,1,1,1,1,1,1,1,4),
  (3.487493601872,3.521357437805,3.555221273738,3.589085109671,
    3.622948945605,3.656812781538,3.690676617471,3.724540453404,
    3.758404289337,3.79226812527,3.826131961203,3.859995797136,
    3.89385963307,3.927723469003,3.961587304936,3.995451140869,
    4.029314976802,4.063178812735,4.097042648668,4.130906484602,
    4.164770320535,4.198634156468,4.232497992401),.UNSPECIFIED.);
#7077 = CARTESIAN_POINT('',(0.345900948282,4.6908535892));
#7078 = CARTESIAN_POINT('',(0.356929599938,4.693470660808));
#7079 = CARTESIAN_POINT('',(0.379055854541,4.698962252095));
#7080 = CARTESIAN_POINT('',(0.412434925358,4.707968783197));
#7081 = CARTESIAN_POINT('',(0.445986746106,4.717742322894));
#7082 = CARTESIAN_POINT('',(0.479693586874,4.728277009987));
#7083 = CARTESIAN_POINT('',(0.513537261968,4.739564491479));
#7084 = CARTESIAN_POINT('',(0.547499108154,4.751593571375));
#7085 = CARTESIAN_POINT('',(0.581560063457,4.764350314429));
#7086 = CARTESIAN_POINT('',(0.615700723427,4.777818058946));
#7087 = CARTESIAN_POINT('',(0.649901407251,4.791977485145));
#7088 = CARTESIAN_POINT('',(0.684142224392,4.806806699526));
#7089 = CARTESIAN_POINT('',(0.718403143547,4.822281345065));
#7090 = CARTESIAN_POINT('',(0.752664062702,4.838374733294));
#7091 = CARTESIAN_POINT('',(0.786904879843,4.85505799753));
#7092 = CARTESIAN_POINT('',(0.821105563667,4.872300265216));
#7093 = CARTESIAN_POINT('',(0.855246223636,4.890068847268));
#7094 = CARTESIAN_POINT('',(0.889307178939,4.908329441971));
#7095 = CARTESIAN_POINT('',(0.923269025125,4.927046350863));
#7096 = CARTESIAN_POINT('',(0.95711270022,4.946182703559));
#7097 = CARTESIAN_POINT('',(0.990819540988,4.965700689528));
#7098 = CARTESIAN_POINT('',(1.024371361735,4.985561790538));
#7099 = CARTESIAN_POINT('',(1.057750432553,5.005727023414));
#7100 = CARTESIAN_POINT('',(1.079876687156,5.019347103449));
#7101 = CARTESIAN_POINT('',(1.090905338812,5.026194763));
#7102 = ( GEOMETRIC_REPRESENTATION_CONTEXT(2) 
PARAMETRIC_REPRESENTATION_CONTEXT() REPRESENTATION_CONTEXT('2D SPACE',''
  ) );
#7103 = ORIENTED_EDGE('',*,*,#7104,.T.);
#7104 = EDGE_CURVE('',#7053,#7105,#7107,.T.);
#7105 = VERTEX_POINT('',#7106);
#7106 = CARTESIAN_POINT('',(-2.212787568809,-197.2437521973,
    -220.0262483904));
#7107 = SURFACE_CURVE('',#7108,(#7113,#7121),.PCURVE_S1.);
#7108 = ( BOUNDED_CURVE() B_SPLINE_CURVE(3,(#7109,#7110,#7111,#7112),
.UNSPECIFIED.,.F.,.F.) B_SPLINE_CURVE_WITH_KNOTS((4,4),(5.192279968368,
7.373969722276),.PIECEWISE_BEZIER_KNOTS.) CURVE() 
GEOMETRIC_REPRESENTATION_ITEM() RATIONAL_B_SPLINE_CURVE((1.,
0.641157407502,0.641157407502,1.)) REPRESENTATION_ITEM('') );
#7109 = CARTESIAN_POINT('',(2.222299126739,-197.2440214311,
    -220.0261947629));
#7110 = CARTESIAN_POINT('',(1.15776549589,-195.1986978347,
    -220.4352346061));
#7111 = CARTESIAN_POINT('',(-1.148005621393,-195.198557862,
    -220.4352624867));
#7112 = CARTESIAN_POINT('',(-2.212787568809,-197.2437521973,
    -220.0262483904));
#7113 = PCURVE('',#6828,#7114);
#7114 = DEFINITIONAL_REPRESENTATION('',(#7115),#7120);
#7115 = ( BOUNDED_CURVE() B_SPLINE_CURVE(3,(#7116,#7117,#7118,#7119),
.UNSPECIFIED.,.F.,.F.) B_SPLINE_CURVE_WITH_KNOTS((4,4),(5.192279968368,
7.373969722276),.PIECEWISE_BEZIER_KNOTS.) CURVE() 
GEOMETRIC_REPRESENTATION_ITEM() RATIONAL_B_SPLINE_CURVE((1.,
0.641157407502,0.641157407502,1.)) REPRESENTATION_ITEM('') );
#7116 = CARTESIAN_POINT('',(-34.76429177373,-29.76382063844));
#7117 = CARTESIAN_POINT('',(-36.85011562689,-28.69928650945));
#7118 = CARTESIAN_POINT('',(-36.85025779866,-26.39351539213));
#7119 = CARTESIAN_POINT('',(-34.76456523716,-25.32873394283));
#7120 = ( GEOMETRIC_REPRESENTATION_CONTEXT(2) 
PARAMETRIC_REPRESENTATION_CONTEXT() REPRESENTATION_CONTEXT('2D SPACE',''
  ) );
#7121 = PCURVE('',#7122,#7127);
#7122 = CYLINDRICAL_SURFACE('',#7123,2.499999998753);
#7123 = AXIS2_PLACEMENT_3D('',#7124,#7125,#7126);
#7124 = CARTESIAN_POINT('',(4.685704266009E-03,-198.3982270896,
    -214.9999999999));
#7125 = DIRECTION('',(3.064104139906E-16,8.673617379884E-16,-1.));
#7126 = DIRECTION('',(-2.435520009108E-07,-1.,-8.673618126152E-16));
#7127 = DEFINITIONAL_REPRESENTATION('',(#7128),#7154);
#7128 = B_SPLINE_CURVE_WITH_KNOTS('',3,(#7129,#7130,#7131,#7132,#7133,
    #7134,#7135,#7136,#7137,#7138,#7139,#7140,#7141,#7142,#7143,#7144,
    #7145,#7146,#7147,#7148,#7149,#7150,#7151,#7152,#7153),
  .UNSPECIFIED.,.F.,.F.,(4,1,1,1,1,1,1,1,1,1,1,1,1,1,1,1,1,1,1,1,1,1,4),
  (5.192279968368,5.291447684455,5.390615400541,5.489783116628,
    5.588950832715,5.688118548802,5.787286264888,5.886453980975,
    5.985621697062,6.084789413149,6.183957129235,6.283124845322,
    6.382292561409,6.481460277495,6.580627993582,6.679795709669,
    6.778963425756,6.878131141842,6.977298857929,7.076466574016,
    7.175634290103,7.274802006189,7.373969722276),.UNSPECIFIED.);
#7129 = CARTESIAN_POINT('',(4.232497992402,5.026194763));
#7130 = CARTESIAN_POINT('',(4.205623756196,5.038108010883));
#7131 = CARTESIAN_POINT('',(4.150540991643,5.062046492134));
#7132 = CARTESIAN_POINT('',(4.063978840546,5.097702351324));
#7133 = CARTESIAN_POINT('',(3.973517356554,5.132552779426));
#7134 = CARTESIAN_POINT('',(3.879286913781,5.165924330448));
#7135 = CARTESIAN_POINT('',(3.781489302753,5.197083488432));
#7136 = CARTESIAN_POINT('',(3.680411723668,5.22525212754));
#7137 = CARTESIAN_POINT('',(3.57642738453,5.249648070517));
#7138 = CARTESIAN_POINT('',(3.469994102227,5.269530258656));
#7139 = CARTESIAN_POINT('',(3.361646819303,5.284249658857));
#7140 = CARTESIAN_POINT('',(3.251984712003,5.293298935027));
#7141 = CARTESIAN_POINT('',(3.141653115447,5.296354647106));
#7142 = CARTESIAN_POINT('',(3.031321518891,5.293305605449));
#7143 = CARTESIAN_POINT('',(2.921659411592,5.284262878521));
#7144 = CARTESIAN_POINT('',(2.813312128667,5.269549792459));
#7145 = CARTESIAN_POINT('',(2.706878846364,5.249673583049));
#7146 = CARTESIAN_POINT('',(2.602894507226,5.225283201454));
#7147 = CARTESIAN_POINT('',(2.501816928142,5.197119645554));
#7148 = CARTESIAN_POINT('',(2.404019317114,5.165965053599));
#7149 = CARTESIAN_POINT('',(2.309788874341,5.132597533082));
#7150 = CARTESIAN_POINT('',(2.219327390349,5.09775060014));
#7151 = CARTESIAN_POINT('',(2.132765239252,5.06209771512));
#7152 = CARTESIAN_POINT('',(2.077682474699,5.038160888758));
#7153 = CARTESIAN_POINT('',(2.050808238493,5.0262483905));
#7154 = ( GEOMETRIC_REPRESENTATION_CONTEXT(2) 
PARAMETRIC_REPRESENTATION_CONTEXT() REPRESENTATION_CONTEXT('2D SPACE',''
  ) );
#7155 = ORIENTED_EDGE('',*,*,#7156,.T.);
#7156 = EDGE_CURVE('',#7105,#7157,#7159,.T.);
#7157 = VERTEX_POINT('',#7158);
#7158 = CARTESIAN_POINT('',(-4.130993727653,-198.9203274123,
    -219.6909536026));
#7159 = SURFACE_CURVE('',#7160,(#7165,#7173),.PCURVE_S1.);
#7160 = ( BOUNDED_CURVE() B_SPLINE_CURVE(3,(#7161,#7162,#7163,#7164),
.UNSPECIFIED.,.F.,.F.) B_SPLINE_CURVE_WITH_KNOTS((4,4),(2.050808238493,
2.795812629009),.PIECEWISE_BEZIER_KNOTS.) CURVE() 
GEOMETRIC_REPRESENTATION_ITEM() RATIONAL_B_SPLINE_CURVE((1.,
0.954279730327,0.954279730327,1.)) REPRESENTATION_ITEM('') );
#7161 = CARTESIAN_POINT('',(-2.212787568809,-197.2437521973,
    -220.0262483904));
#7162 = CARTESIAN_POINT('',(-2.623732764724,-198.0330807437,
    -219.8683922412));
#7163 = CARTESIAN_POINT('',(-3.293769057677,-198.6187144812,
    -219.7512725689));
#7164 = CARTESIAN_POINT('',(-4.130993727653,-198.9203274123,
    -219.6909536026));
#7165 = PCURVE('',#6828,#7166);
#7166 = DEFINITIONAL_REPRESENTATION('',(#7167),#7172);
#7167 = ( BOUNDED_CURVE() B_SPLINE_CURVE(3,(#7168,#7169,#7170,#7171),
.UNSPECIFIED.,.F.,.F.) B_SPLINE_CURVE_WITH_KNOTS((4,4),(2.050808238493,
2.795812629009),.PIECEWISE_BEZIER_KNOTS.) CURVE() 
GEOMETRIC_REPRESENTATION_ITEM() RATIONAL_B_SPLINE_CURVE((1.,
0.954279730327,0.954279730327,1.)) REPRESENTATION_ITEM('') );
#7168 = CARTESIAN_POINT('',(-34.76456523716,-25.32873394283));
#7169 = CARTESIAN_POINT('',(-33.95960668167,-24.91778893916));
#7170 = CARTESIAN_POINT('',(-33.36237633819,-24.24775278883));
#7171 = CARTESIAN_POINT('',(-33.05479080383,-23.41052819232));
#7172 = ( GEOMETRIC_REPRESENTATION_CONTEXT(2) 
PARAMETRIC_REPRESENTATION_CONTEXT() REPRESENTATION_CONTEXT('2D SPACE',''
  ) );
#7173 = PCURVE('',#7174,#7179);
#7174 = CYLINDRICAL_SURFACE('',#7175,3.499999999943);
#7175 = AXIS2_PLACEMENT_3D('',#7176,#7177,#7178);
#7176 = CARTESIAN_POINT('',(-5.317250152612,-195.6274873473,
    -214.9999999999));
#7177 = DIRECTION('',(3.064104139906E-16,8.673617379884E-16,-1.));
#7178 = DIRECTION('',(-2.435520000002E-07,-1.,-8.673618126152E-16));
#7179 = DEFINITIONAL_REPRESENTATION('',(#7180),#7206);
#7180 = B_SPLINE_CURVE_WITH_KNOTS('',3,(#7181,#7182,#7183,#7184,#7185,
    #7186,#7187,#7188,#7189,#7190,#7191,#7192,#7193,#7194,#7195,#7196,
    #7197,#7198,#7199,#7200,#7201,#7202,#7203,#7204,#7205),
  .UNSPECIFIED.,.F.,.F.,(4,1,1,1,1,1,1,1,1,1,1,1,1,1,1,1,1,1,1,1,1,1,4),
  (2.050808238493,2.084672074426,2.118535910358,2.152399746291,
    2.186263582223,2.220127418156,2.253991254088,2.287855090021,
    2.321718925953,2.355582761886,2.389446597818,2.423310433751,
    2.457174269684,2.491038105616,2.524901941549,2.558765777481,
    2.592629613414,2.626493449346,2.660357285279,2.694221121211,
    2.728084957144,2.761948793076,2.795812629009),.UNSPECIFIED.);
#7181 = CARTESIAN_POINT('',(5.192400892083,5.0262483905));
#7182 = CARTESIAN_POINT('',(5.203429543738,5.019401161944));
#7183 = CARTESIAN_POINT('',(5.225555798341,5.005781974085));
#7184 = CARTESIAN_POINT('',(5.258934869158,4.985618169002));
#7185 = CARTESIAN_POINT('',(5.292486689905,4.965758584416));
#7186 = CARTESIAN_POINT('',(5.326193530672,4.946242202148));
#7187 = CARTESIAN_POINT('',(5.360037205766,4.927107538784));
#7188 = CARTESIAN_POINT('',(5.393999051951,4.908392402872));
#7189 = CARTESIAN_POINT('',(5.428060007254,4.890133662495));
#7190 = CARTESIAN_POINT('',(5.462200667223,4.872367013501));
#7191 = CARTESIAN_POINT('',(5.496401351046,4.855126754687));
#7192 = CARTESIAN_POINT('',(5.530642168186,4.838445571934));
#7193 = CARTESIAN_POINT('',(5.564903087341,4.822354334323));
#7194 = CARTESIAN_POINT('',(5.599164006495,4.806881904808));
#7195 = CARTESIAN_POINT('',(5.633404823636,4.792054967903));
#7196 = CARTESIAN_POINT('',(5.667605507459,4.777897876464));
#7197 = CARTESIAN_POINT('',(5.701746167428,4.764432519647));
#7198 = CARTESIAN_POINT('',(5.73580712273,4.751678212735));
#7199 = CARTESIAN_POINT('',(5.769768968915,4.739651612791));
#7200 = CARTESIAN_POINT('',(5.803612644009,4.728366650338));
#7201 = CARTESIAN_POINT('',(5.837319484776,4.717834516574));
#7202 = CARTESIAN_POINT('',(5.870871305524,4.70806355966));
#7203 = CARTESIAN_POINT('',(5.90425037634,4.699059635942));
#7204 = CARTESIAN_POINT('',(5.926376630943,4.693569796096));
#7205 = CARTESIAN_POINT('',(5.937405282599,4.6909536027));
#7206 = ( GEOMETRIC_REPRESENTATION_CONTEXT(2) 
PARAMETRIC_REPRESENTATION_CONTEXT() REPRESENTATION_CONTEXT('2D SPACE',''
  ) );
#7207 = ORIENTED_EDGE('',*,*,#7208,.T.);
#7208 = EDGE_CURVE('',#7157,#7209,#7211,.T.);
#7209 = VERTEX_POINT('',#7210);
#7210 = CARTESIAN_POINT('',(-10.56447876952,-216.4931561342,
    -216.1766008271));
#7211 = SURFACE_CURVE('',#7212,(#7217,#7225),.PCURVE_S1.);
#7212 = ( BOUNDED_CURVE() B_SPLINE_CURVE(3,(#7213,#7214,#7215,#7216),
.UNSPECIFIED.,.F.,.F.) B_SPLINE_CURVE_WITH_KNOTS((4,4),(0.345780024581,
2.09391546079),.PIECEWISE_BEZIER_KNOTS.) CURVE() 
GEOMETRIC_REPRESENTATION_ITEM() RATIONAL_B_SPLINE_CURVE((1.,
0.76114143094,0.76114143094,1.)) REPRESENTATION_ITEM('') );
#7213 = CARTESIAN_POINT('',(-4.130993727653,-198.9203274123,
    -219.6909536026));
#7214 = CARTESIAN_POINT('',(-11.84127729136,-201.6979823349,
    -219.1354559551));
#7215 = CARTESIAN_POINT('',(-14.65874974363,-209.3938051292,
    -217.5963846635));
#7216 = CARTESIAN_POINT('',(-10.56447876952,-216.4931561342,
    -216.1766008271));
#7217 = PCURVE('',#6828,#7218);
#7218 = DEFINITIONAL_REPRESENTATION('',(#7219),#7224);
#7219 = ( BOUNDED_CURVE() B_SPLINE_CURVE(3,(#7220,#7221,#7222,#7223),
.UNSPECIFIED.,.F.,.F.) B_SPLINE_CURVE_WITH_KNOTS((4,4),(0.345780024581,
2.09391546079),.PIECEWISE_BEZIER_KNOTS.) CURVE() 
GEOMETRIC_REPRESENTATION_ITEM() RATIONAL_B_SPLINE_CURVE((1.,
0.76114143094,0.76114143094,1.)) REPRESENTATION_ITEM('') );
#7220 = CARTESIAN_POINT('',(-33.05479080383,-23.41052819232));
#7221 = CARTESIAN_POINT('',(-30.22213216978,-15.70024530511));
#7222 = CARTESIAN_POINT('',(-22.37391966727,-12.88277472717));
#7223 = CARTESIAN_POINT('',(-15.13399172042,-16.97704743034));
#7224 = ( GEOMETRIC_REPRESENTATION_CONTEXT(2) 
PARAMETRIC_REPRESENTATION_CONTEXT() REPRESENTATION_CONTEXT('2D SPACE',''
  ) );
#7225 = PCURVE('',#5553,#7226);
#7226 = DEFINITIONAL_REPRESENTATION('',(#7227),#7253);
#7227 = B_SPLINE_CURVE_WITH_KNOTS('',3,(#7228,#7229,#7230,#7231,#7232,
    #7233,#7234,#7235,#7236,#7237,#7238,#7239,#7240,#7241,#7242,#7243,
    #7244,#7245,#7246,#7247,#7248,#7249,#7250,#7251,#7252),
  .UNSPECIFIED.,.F.,.F.,(4,1,1,1,1,1,1,1,1,1,1,1,1,1,1,1,1,1,1,1,1,1,4),
  (0.345780024581,0.425240726227,0.504701427873,0.584162129519,
    0.663622831164,0.74308353281,0.822544234456,0.902004936102,
    0.981465637748,1.060926339394,1.14038704104,1.219847742685,
    1.299308444331,1.378769145977,1.458229847623,1.537690549269,
    1.617151250915,1.696611952561,1.776072654207,1.855533355852,
    1.934994057498,2.014454759144,2.09391546079),.UNSPECIFIED.);
#7228 = CARTESIAN_POINT('',(2.795812629009,4.6909536027));
#7229 = CARTESIAN_POINT('',(2.772574211409,4.671750408568));
#7230 = CARTESIAN_POINT('',(2.725331485086,4.628940690328));
#7231 = CARTESIAN_POINT('',(2.652272498505,4.551030222332));
#7232 = CARTESIAN_POINT('',(2.577109930537,4.458854331618));
#7233 = CARTESIAN_POINT('',(2.499975208857,4.352136195924));
#7234 = CARTESIAN_POINT('',(2.421027243223,4.230845246364));
#7235 = CARTESIAN_POINT('',(2.340455860894,4.095256454466));
#7236 = CARTESIAN_POINT('',(2.258479614011,3.945968857029));
#7237 = CARTESIAN_POINT('',(2.175343650938,3.783917925444));
#7238 = CARTESIAN_POINT('',(2.091316095143,3.610368744007));
#7239 = CARTESIAN_POINT('',(2.006683424741,3.426891269373));
#7240 = CARTESIAN_POINT('',(1.921744910904,3.235317179214));
#7241 = CARTESIAN_POINT('',(1.836806397067,3.037680630262));
#7242 = CARTESIAN_POINT('',(1.752173726666,2.836146755605));
#7243 = CARTESIAN_POINT('',(1.668146170871,2.632933133349));
#7244 = CARTESIAN_POINT('',(1.585010207797,2.430230161916));
#7245 = CARTESIAN_POINT('',(1.503033960914,2.230126133277));
#7246 = CARTESIAN_POINT('',(1.422462578585,2.034542356204));
#7247 = CARTESIAN_POINT('',(1.343514612951,1.845181083367));
#7248 = CARTESIAN_POINT('',(1.266379891271,1.663492090838));
#7249 = CARTESIAN_POINT('',(1.191217323303,1.49064444223));
#7250 = CARTESIAN_POINT('',(1.118158336722,1.327554383257));
#7251 = CARTESIAN_POINT('',(1.0709156104,1.225700375784));
#7252 = CARTESIAN_POINT('',(1.047677192799,1.1766008272));
#7253 = ( GEOMETRIC_REPRESENTATION_CONTEXT(2) 
PARAMETRIC_REPRESENTATION_CONTEXT() REPRESENTATION_CONTEXT('2D SPACE',''
  ) );
#7254 = ORIENTED_EDGE('',*,*,#7255,.T.);
#7255 = EDGE_CURVE('',#7209,#7256,#7258,.T.);
#7256 = VERTEX_POINT('',#7257);
#7257 = CARTESIAN_POINT('',(-8.04692985718,-222.376517916,
    -214.9999999999));
#7258 = SURFACE_CURVE('',#7259,(#7264,#7272),.PCURVE_S1.);
#7259 = ( BOUNDED_CURVE() B_SPLINE_CURVE(3,(#7260,#7261,#7262,#7263),
.UNSPECIFIED.,.F.,.F.) B_SPLINE_CURVE_WITH_KNOTS((4,4),(1.047677192799,
1.285249377808),.PIECEWISE_BEZIER_KNOTS.) CURVE() 
GEOMETRIC_REPRESENTATION_ITEM() RATIONAL_B_SPLINE_CURVE((1.,
0.995302149251,0.995302149251,1.)) REPRESENTATION_ITEM('') );
#7260 = CARTESIAN_POINT('',(-10.56447876952,-216.4931561342,
    -216.1766008271));
#7261 = CARTESIAN_POINT('',(-9.493772913382,-218.3497300503,
    -215.8053086293));
#7262 = CARTESIAN_POINT('',(-8.650628978233,-220.3201071819,
    -215.4112571586));
#7263 = CARTESIAN_POINT('',(-8.04692985718,-222.376517916,
    -214.9999999999));
#7264 = PCURVE('',#6828,#7265);
#7265 = DEFINITIONAL_REPRESENTATION('',(#7266),#7271);
#7266 = ( BOUNDED_CURVE() B_SPLINE_CURVE(3,(#7267,#7268,#7269,#7270),
.UNSPECIFIED.,.F.,.F.) B_SPLINE_CURVE_WITH_KNOTS((4,4),(1.047677192799,
1.285249377808),.PIECEWISE_BEZIER_KNOTS.) CURVE() 
GEOMETRIC_REPRESENTATION_ITEM() RATIONAL_B_SPLINE_CURVE((1.,
0.995302149251,0.995302149251,1.)) REPRESENTATION_ITEM('') );
#7267 = CARTESIAN_POINT('',(-15.13399172042,-16.97704743034));
#7268 = CARTESIAN_POINT('',(-13.24065508007,-18.04775373866));
#7269 = CARTESIAN_POINT('',(-11.23126169072,-18.8908981537));
#7270 = CARTESIAN_POINT('',(-9.13413104308,-19.49459777559));
#7271 = ( GEOMETRIC_REPRESENTATION_CONTEXT(2) 
PARAMETRIC_REPRESENTATION_CONTEXT() REPRESENTATION_CONTEXT('2D SPACE',''
  ) );
#7272 = PCURVE('',#4995,#7273);
#7273 = DEFINITIONAL_REPRESENTATION('',(#7274),#7300);
#7274 = B_SPLINE_CURVE_WITH_KNOTS('',3,(#7275,#7276,#7277,#7278,#7279,
    #7280,#7281,#7282,#7283,#7284,#7285,#7286,#7287,#7288,#7289,#7290,
    #7291,#7292,#7293,#7294,#7295,#7296,#7297,#7298,#7299),
  .UNSPECIFIED.,.F.,.F.,(4,1,1,1,1,1,1,1,1,1,1,1,1,1,1,1,1,1,1,1,1,1,4),
  (1.047677192799,1.058475928481,1.069274664163,1.080073399846,
    1.090872135528,1.10167087121,1.112469606892,1.123268342575,
    1.134067078257,1.144865813939,1.155664549621,1.166463285304,
    1.177262020986,1.188060756668,1.19885949235,1.209658228032,
    1.220456963715,1.231255699397,1.242054435079,1.252853170761,
    1.263651906444,1.274450642126,1.285249377808),.UNSPECIFIED.);
#7275 = CARTESIAN_POINT('',(4.189269846389,1.1766008272));
#7276 = CARTESIAN_POINT('',(4.192860965651,1.159803205718));
#7277 = CARTESIAN_POINT('',(4.200045505387,1.126092793076));
#7278 = CARTESIAN_POINT('',(4.210828596527,1.075190025594));
#7279 = CARTESIAN_POINT('',(4.221617347893,1.023958417677));
#7280 = CARTESIAN_POINT('',(4.232411135408,0.972406460912));
#7281 = CARTESIAN_POINT('',(4.243209333454,0.920542761344));
#7282 = CARTESIAN_POINT('',(4.254011314813,0.868376051991));
#7283 = CARTESIAN_POINT('',(4.264816450962,0.815915183356));
#7284 = CARTESIAN_POINT('',(4.275624112269,0.763169119675));
#7285 = CARTESIAN_POINT('',(4.286433668219,0.710146933504));
#7286 = CARTESIAN_POINT('',(4.297244487635,0.656857800611));
#7287 = CARTESIAN_POINT('',(4.308055938894,0.603310994668));
#7288 = CARTESIAN_POINT('',(4.318867390152,0.549515881876));
#7289 = CARTESIAN_POINT('',(4.329678209568,0.495481915505));
#7290 = CARTESIAN_POINT('',(4.340487765519,0.441218630361));
#7291 = CARTESIAN_POINT('',(4.351295426826,0.386735637171));
#7292 = CARTESIAN_POINT('',(4.362100562975,0.332042616928));
#7293 = CARTESIAN_POINT('',(4.372902544334,0.277149315139));
#7294 = CARTESIAN_POINT('',(4.383700742379,0.222065536131));
#7295 = CARTESIAN_POINT('',(4.394494529894,0.16680113696));
#7296 = CARTESIAN_POINT('',(4.40528328126,0.111366022598));
#7297 = CARTESIAN_POINT('',(4.4160663724,5.57701361719E-02));
#7298 = CARTESIAN_POINT('',(4.423250912136,1.860569045694E-02));
#7299 = CARTESIAN_POINT('',(4.426842031398,0.));
#7300 = ( GEOMETRIC_REPRESENTATION_CONTEXT(2) 
PARAMETRIC_REPRESENTATION_CONTEXT() REPRESENTATION_CONTEXT('2D SPACE',''
  ) );
#7301 = ORIENTED_EDGE('',*,*,#7302,.T.);
#7302 = EDGE_CURVE('',#7256,#6761,#7303,.T.);
#7303 = SURFACE_CURVE('',#7304,(#7308,#7315),.PCURVE_S1.);
#7304 = LINE('',#7305,#7306);
#7305 = CARTESIAN_POINT('',(-33.95363857633,-222.3765116064,
    -214.9999999999));
#7306 = VECTOR('',#7307,1.);
#7307 = DIRECTION('',(1.,-2.435520001868E-07,3.064102027429E-16));
#7308 = PCURVE('',#6828,#7309);
#7309 = DEFINITIONAL_REPRESENTATION('',(#7310),#7314);
#7310 = LINE('',#7311,#7312);
#7311 = CARTESIAN_POINT('',(-9.134131043079,6.412110943558));
#7312 = VECTOR('',#7313,1.);
#7313 = DIRECTION('',(7.612708613448E-20,-1.));
#7314 = ( GEOMETRIC_REPRESENTATION_CONTEXT(2) 
PARAMETRIC_REPRESENTATION_CONTEXT() REPRESENTATION_CONTEXT('2D SPACE',''
  ) );
#7315 = PCURVE('',#6777,#7316);
#7316 = DEFINITIONAL_REPRESENTATION('',(#7317),#7321);
#7317 = LINE('',#7318,#7319);
#7318 = CARTESIAN_POINT('',(-2.635436071119E-13,-7.605421969938));
#7319 = VECTOR('',#7320,1.);
#7320 = DIRECTION('',(-1.,0.));
#7321 = ( GEOMETRIC_REPRESENTATION_CONTEXT(2) 
PARAMETRIC_REPRESENTATION_CONTEXT() REPRESENTATION_CONTEXT('2D SPACE',''
  ) );
#7322 = FACE_BOUND('',#7323,.T.);
#7323 = EDGE_LOOP('',(#7324));
#7324 = ORIENTED_EDGE('',*,*,#7325,.T.);
#7325 = EDGE_CURVE('',#7326,#7326,#7328,.T.);
#7326 = VERTEX_POINT('',#7327);
#7327 = CARTESIAN_POINT('',(3.959553157003E-03,-200.8982270678,
    -219.2953978788));
#7328 = SURFACE_CURVE('',#7329,(#7342,#7358),.PCURVE_S1.);
#7329 = ( BOUNDED_CURVE() B_SPLINE_CURVE(6,(#7330,#7331,#7332,#7333,
    #7334,#7335,#7336,#7337,#7338,#7339,#7340,#7341),.UNSPECIFIED.,.T.,
.F.) B_SPLINE_CURVE_WITH_KNOTS((7,5,7),(-1.7763568394E-15,3.14159265359,
6.283185307181),.UNSPECIFIED.) CURVE() GEOMETRIC_REPRESENTATION_ITEM() 
RATIONAL_B_SPLINE_CURVE((1.,1.,0.733333333333,0.6,0.733333333333,1.,1.,
0.733333333333,0.6,0.733333333333,1.,1.)) REPRESENTATION_ITEM('') );
#7330 = CARTESIAN_POINT('',(3.959553157003E-03,-200.8982270678,
    -219.2953978788));
#7331 = CARTESIAN_POINT('',(3.170626219819,-200.898227839,
    -219.2953978788));
#7332 = CARTESIAN_POINT('',(10.367595496104,-202.6255023191,
    -218.9499642973));
#7333 = CARTESIAN_POINT('',(15.837290572737,-210.398230924,
    -217.3955131806));
#7334 = CARTESIAN_POINT('',(10.367591709977,-218.1709568646,
    -215.841062064));
#7335 = CARTESIAN_POINT('',(3.170621592331,-219.898227839,
    -215.4956284826));
#7336 = CARTESIAN_POINT('',(-3.162711740994,-219.8982262965,
    -215.4956284826));
#7337 = CARTESIAN_POINT('',(-10.35968101728,-218.1709518164,
    -215.841062064));
#7338 = CARTESIAN_POINT('',(-15.82937609391,-210.3982232115,
    -217.3955131807));
#7339 = CARTESIAN_POINT('',(-10.35967723115,-202.6254972709,
    -218.9499642973));
#7340 = CARTESIAN_POINT('',(-3.162707113506,-200.8982262965,
    -219.2953978788));
#7341 = CARTESIAN_POINT('',(3.959553157003E-03,-200.8982270678,
    -219.2953978788));
#7342 = PCURVE('',#6828,#7343);
#7343 = DEFINITIONAL_REPRESENTATION('',(#7344),#7357);
#7344 = ( BOUNDED_CURVE() B_SPLINE_CURVE(6,(#7345,#7346,#7347,#7348,
    #7349,#7350,#7351,#7352,#7353,#7354,#7355,#7356),.UNSPECIFIED.,.T.,
.F.) B_SPLINE_CURVE_WITH_KNOTS((7,5,7),(-1.7763568394E-15,3.14159265359,
6.283185307181),.UNSPECIFIED.) CURVE() GEOMETRIC_REPRESENTATION_ITEM() 
RATIONAL_B_SPLINE_CURVE((1.,1.,0.733333333333,0.6,0.733333333333,1.,1.,
0.733333333333,0.6,0.733333333333,1.,1.)) REPRESENTATION_ITEM('') );
#7345 = CARTESIAN_POINT('',(-31.03772675087,-27.54548195485));
#7346 = CARTESIAN_POINT('',(-31.03772675087,-30.71214862151));
#7347 = CARTESIAN_POINT('',(-29.27625139379,-37.90911831848));
#7348 = CARTESIAN_POINT('',(-21.34961228694,-43.37881528817));
#7349 = CARTESIAN_POINT('',(-13.4229731801,-37.90911831848));
#7350 = CARTESIAN_POINT('',(-11.66149782302,-30.71214862151));
#7351 = CARTESIAN_POINT('',(-11.66149782302,-24.37881528818));
#7352 = CARTESIAN_POINT('',(-13.4229731801,-17.18184559122));
#7353 = CARTESIAN_POINT('',(-21.34961228694,-11.71214862152));
#7354 = CARTESIAN_POINT('',(-29.27625139379,-17.18184559122));
#7355 = CARTESIAN_POINT('',(-31.03772675087,-24.37881528818));
#7356 = CARTESIAN_POINT('',(-31.03772675087,-27.54548195485));
#7357 = ( GEOMETRIC_REPRESENTATION_CONTEXT(2) 
PARAMETRIC_REPRESENTATION_CONTEXT() REPRESENTATION_CONTEXT('2D SPACE',''
  ) );
#7358 = PCURVE('',#5610,#7359);
#7359 = DEFINITIONAL_REPRESENTATION('',(#7360),#7386);
#7360 = B_SPLINE_CURVE_WITH_KNOTS('',3,(#7361,#7362,#7363,#7364,#7365,
    #7366,#7367,#7368,#7369,#7370,#7371,#7372,#7373,#7374,#7375,#7376,
    #7377,#7378,#7379,#7380,#7381,#7382,#7383,#7384,#7385),
  .UNSPECIFIED.,.F.,.F.,(4,1,1,1,1,1,1,1,1,1,1,1,1,1,1,1,1,1,1,1,1,1,4),
  (-1.7763568394E-15,0.285599332145,0.571198664289,0.856797996434,
    1.142397328578,1.427996660723,1.713595992868,1.999195325012,
    2.284794657157,2.570393989301,2.855993321446,3.141592653591,
    3.427191985735,3.71279131788,3.998390650024,4.283989982169,
    4.569589314314,4.855188646458,5.140787978603,5.426387310748,
    5.711986642892,5.997585975037,6.283185307181),.UNSPECIFIED.);
#7361 = CARTESIAN_POINT('',(6.28318530718,66.892571511));
#7362 = CARTESIAN_POINT('',(6.222790132456,66.892838287001));
#7363 = CARTESIAN_POINT('',(6.090243828747,66.913024636656));
#7364 = CARTESIAN_POINT('',(5.853049413886,67.046314282223));
#7365 = CARTESIAN_POINT('',(5.572643008301,67.33002336526));
#7366 = CARTESIAN_POINT('',(5.250242352741,67.799809643214));
#7367 = CARTESIAN_POINT('',(4.895746052853,68.438134236118));
#7368 = CARTESIAN_POINT('',(4.529025964561,69.146777714875));
#7369 = CARTESIAN_POINT('',(4.174565324797,69.785105111029));
#7370 = CARTESIAN_POINT('',(3.852022028741,70.254880175981));
#7371 = CARTESIAN_POINT('',(3.572150525019,70.538631307774));
#7372 = CARTESIAN_POINT('',(3.332959143205,70.671763971316));
#7373 = CARTESIAN_POINT('',(3.141592653589,70.702629375142));
#7374 = CARTESIAN_POINT('',(2.950226163973,70.671763971315));
#7375 = CARTESIAN_POINT('',(2.71103478216,70.538631307773));
#7376 = CARTESIAN_POINT('',(2.431163278438,70.25488017598));
#7377 = CARTESIAN_POINT('',(2.108619982381,69.785105111027));
#7378 = CARTESIAN_POINT('',(1.754159342617,69.146777714874));
#7379 = CARTESIAN_POINT('',(1.387439254326,68.438134236116));
#7380 = CARTESIAN_POINT('',(1.032942954438,67.799809643214));
#7381 = CARTESIAN_POINT('',(0.710542298878,67.330023365259));
#7382 = CARTESIAN_POINT('',(0.430135893294,67.046314282223));
#7383 = CARTESIAN_POINT('',(0.192941478432,66.913024636656));
#7384 = CARTESIAN_POINT('',(6.039517472399E-02,66.892838287));
#7385 = CARTESIAN_POINT('',(-2.6645352591E-15,66.892571511));
#7386 = ( GEOMETRIC_REPRESENTATION_CONTEXT(2) 
PARAMETRIC_REPRESENTATION_CONTEXT() REPRESENTATION_CONTEXT('2D SPACE',''
  ) );
#7387 = ADVANCED_FACE('',(#7388),#7174,.F.);
#7388 = FACE_BOUND('',#7389,.F.);
#7389 = EDGE_LOOP('',(#7390,#7413,#7460,#7481));
#7390 = ORIENTED_EDGE('',*,*,#7391,.T.);
#7391 = EDGE_CURVE('',#7157,#7392,#7394,.T.);
#7392 = VERTEX_POINT('',#7393);
#7393 = CARTESIAN_POINT('',(-4.130993727653,-198.9203274123,
    -230.6842244302));
#7394 = SURFACE_CURVE('',#7395,(#7399,#7406),.PCURVE_S1.);
#7395 = LINE('',#7396,#7397);
#7396 = CARTESIAN_POINT('',(-4.130993727653,-198.9203274123,
    -214.9999999999));
#7397 = VECTOR('',#7398,1.);
#7398 = DIRECTION('',(3.064104139906E-16,8.673617379884E-16,-1.));
#7399 = PCURVE('',#7174,#7400);
#7400 = DEFINITIONAL_REPRESENTATION('',(#7401),#7405);
#7401 = LINE('',#7402,#7403);
#7402 = CARTESIAN_POINT('',(5.937405282599,0.));
#7403 = VECTOR('',#7404,1.);
#7404 = DIRECTION('',(0.,1.));
#7405 = ( GEOMETRIC_REPRESENTATION_CONTEXT(2) 
PARAMETRIC_REPRESENTATION_CONTEXT() REPRESENTATION_CONTEXT('2D SPACE',''
  ) );
#7406 = PCURVE('',#5553,#7407);
#7407 = DEFINITIONAL_REPRESENTATION('',(#7408),#7412);
#7408 = LINE('',#7409,#7410);
#7409 = CARTESIAN_POINT('',(2.795812629009,0.));
#7410 = VECTOR('',#7411,1.);
#7411 = DIRECTION('',(0.,1.));
#7412 = ( GEOMETRIC_REPRESENTATION_CONTEXT(2) 
PARAMETRIC_REPRESENTATION_CONTEXT() REPRESENTATION_CONTEXT('2D SPACE',''
  ) );
#7413 = ORIENTED_EDGE('',*,*,#7414,.T.);
#7414 = EDGE_CURVE('',#7392,#7415,#7417,.T.);
#7415 = VERTEX_POINT('',#7416);
#7416 = CARTESIAN_POINT('',(-2.212787568809,-197.2437521973,
    -230.3489581948));
#7417 = SURFACE_CURVE('',#7418,(#7423,#7452),.PCURVE_S1.);
#7418 = ( BOUNDED_CURVE() B_SPLINE_CURVE(3,(#7419,#7420,#7421,#7422),
.UNSPECIFIED.,.F.,.F.) B_SPLINE_CURVE_WITH_KNOTS((4,4),(0.345780024581,
1.090784415097),.PIECEWISE_BEZIER_KNOTS.) CURVE() 
GEOMETRIC_REPRESENTATION_ITEM() RATIONAL_B_SPLINE_CURVE((1.,
0.954279730327,0.954279730327,1.)) REPRESENTATION_ITEM('') );
#7419 = CARTESIAN_POINT('',(-4.130993727653,-198.9203274123,
    -230.6842244302));
#7420 = CARTESIAN_POINT('',(-3.293769057677,-198.6187144812,
    -230.6239106004));
#7421 = CARTESIAN_POINT('',(-2.623732764724,-198.0330807437,
    -230.5068009016));
#7422 = CARTESIAN_POINT('',(-2.212787568809,-197.2437521973,
    -230.3489581948));
#7423 = PCURVE('',#7174,#7424);
#7424 = DEFINITIONAL_REPRESENTATION('',(#7425),#7451);
#7425 = B_SPLINE_CURVE_WITH_KNOTS('',3,(#7426,#7427,#7428,#7429,#7430,
    #7431,#7432,#7433,#7434,#7435,#7436,#7437,#7438,#7439,#7440,#7441,
    #7442,#7443,#7444,#7445,#7446,#7447,#7448,#7449,#7450),
  .UNSPECIFIED.,.F.,.F.,(4,1,1,1,1,1,1,1,1,1,1,1,1,1,1,1,1,1,1,1,1,1,4),
  (0.345780024581,0.379643860514,0.413507696446,0.447371532379,
    0.481235368311,0.515099204244,0.548963040176,0.582826876109,
    0.616690712041,0.650554547974,0.684418383906,0.718282219839,
    0.752146055772,0.786009891704,0.819873727637,0.853737563569,
    0.887601399502,0.921465235434,0.955329071367,0.989192907299,
    1.023056743232,1.056920579164,1.090784415097),.UNSPECIFIED.);
#7426 = CARTESIAN_POINT('',(5.937405282599,15.6842244303));
#7427 = CARTESIAN_POINT('',(5.926376630943,15.681608459687));
#7428 = CARTESIAN_POINT('',(5.90425037634,15.676119087333));
#7429 = CARTESIAN_POINT('',(5.870871305524,15.667115930352));
#7430 = CARTESIAN_POINT('',(5.837319484776,15.657345805492));
#7431 = CARTESIAN_POINT('',(5.803612644009,15.646814568602));
#7432 = CARTESIAN_POINT('',(5.769768968915,15.635530567132));
#7433 = CARTESIAN_POINT('',(5.73580712273,15.623504991327));
#7434 = CARTESIAN_POINT('',(5.701746167428,15.610751770522));
#7435 = CARTESIAN_POINT('',(5.667605507459,15.597287560363));
#7436 = CARTESIAN_POINT('',(5.633404823636,15.583131674489));
#7437 = CARTESIAN_POINT('',(5.599164006495,15.568306000189));
#7438 = CARTESIAN_POINT('',(5.564903087341,15.552834888248));
#7439 = CARTESIAN_POINT('',(5.530642168186,15.536745020905));
#7440 = CARTESIAN_POINT('',(5.496401351046,15.520065258658));
#7441 = CARTESIAN_POINT('',(5.462200667223,15.502826467959));
#7442 = CARTESIAN_POINT('',(5.428060007254,15.485061331905));
#7443 = CARTESIAN_POINT('',(5.393999051951,15.466804146373));
#7444 = CARTESIAN_POINT('',(5.360037205766,15.448090604169));
#7445 = CARTESIAN_POINT('',(5.326193530672,15.428957570239));
#7446 = CARTESIAN_POINT('',(5.292486689905,15.409442849911));
#7447 = CARTESIAN_POINT('',(5.258934869158,15.389584956489));
#7448 = CARTESIAN_POINT('',(5.225555798341,15.369422868476));
#7449 = CARTESIAN_POINT('',(5.203429543738,15.355804840373));
#7450 = CARTESIAN_POINT('',(5.192400892083,15.3489581949));
#7451 = ( GEOMETRIC_REPRESENTATION_CONTEXT(2) 
PARAMETRIC_REPRESENTATION_CONTEXT() REPRESENTATION_CONTEXT('2D SPACE',''
  ) );
#7452 = PCURVE('',#5581,#7453);
#7453 = DEFINITIONAL_REPRESENTATION('',(#7454),#7459);
#7454 = ( BOUNDED_CURVE() B_SPLINE_CURVE(3,(#7455,#7456,#7457,#7458),
.UNSPECIFIED.,.F.,.F.) B_SPLINE_CURVE_WITH_KNOTS((4,4),(0.345780024581,
1.090784415097),.PIECEWISE_BEZIER_KNOTS.) CURVE() 
GEOMETRIC_REPRESENTATION_ITEM() RATIONAL_B_SPLINE_CURVE((1.,
0.954279730327,0.954279730327,1.)) REPRESENTATION_ITEM('') );
#7455 = CARTESIAN_POINT('',(23.410528192321,-4.225887201264));
#7456 = CARTESIAN_POINT('',(24.247752788838,-3.918302674153));
#7457 = CARTESIAN_POINT('',(24.917788939159,-3.321074286446));
#7458 = CARTESIAN_POINT('',(25.328733942832,-2.516118366962));
#7459 = ( GEOMETRIC_REPRESENTATION_CONTEXT(2) 
PARAMETRIC_REPRESENTATION_CONTEXT() REPRESENTATION_CONTEXT('2D SPACE',''
  ) );
#7460 = ORIENTED_EDGE('',*,*,#7461,.F.);
#7461 = EDGE_CURVE('',#7105,#7415,#7462,.T.);
#7462 = SURFACE_CURVE('',#7463,(#7467,#7474),.PCURVE_S1.);
#7463 = LINE('',#7464,#7465);
#7464 = CARTESIAN_POINT('',(-2.212787568809,-197.2437521973,
    -214.9999999999));
#7465 = VECTOR('',#7466,1.);
#7466 = DIRECTION('',(3.064104139906E-16,8.673617379884E-16,-1.));
#7467 = PCURVE('',#7174,#7468);
#7468 = DEFINITIONAL_REPRESENTATION('',(#7469),#7473);
#7469 = LINE('',#7470,#7471);
#7470 = CARTESIAN_POINT('',(5.192400892083,0.));
#7471 = VECTOR('',#7472,1.);
#7472 = DIRECTION('',(0.,1.));
#7473 = ( GEOMETRIC_REPRESENTATION_CONTEXT(2) 
PARAMETRIC_REPRESENTATION_CONTEXT() REPRESENTATION_CONTEXT('2D SPACE',''
  ) );
#7474 = PCURVE('',#7122,#7475);
#7475 = DEFINITIONAL_REPRESENTATION('',(#7476),#7480);
#7476 = LINE('',#7477,#7478);
#7477 = CARTESIAN_POINT('',(2.050808238493,0.));
#7478 = VECTOR('',#7479,1.);
#7479 = DIRECTION('',(0.,1.));
#7480 = ( GEOMETRIC_REPRESENTATION_CONTEXT(2) 
PARAMETRIC_REPRESENTATION_CONTEXT() REPRESENTATION_CONTEXT('2D SPACE',''
  ) );
#7481 = ORIENTED_EDGE('',*,*,#7156,.T.);
#7482 = ADVANCED_FACE('',(#7483),#7122,.T.);
#7483 = FACE_BOUND('',#7484,.T.);
#7484 = EDGE_LOOP('',(#7485,#7486,#7509,#7554));
#7485 = ORIENTED_EDGE('',*,*,#7104,.F.);
#7486 = ORIENTED_EDGE('',*,*,#7487,.T.);
#7487 = EDGE_CURVE('',#7053,#7488,#7490,.T.);
#7488 = VERTEX_POINT('',#7489);
#7489 = CARTESIAN_POINT('',(2.222299126739,-197.2440214311,
    -230.3490118177));
#7490 = SURFACE_CURVE('',#7491,(#7495,#7502),.PCURVE_S1.);
#7491 = LINE('',#7492,#7493);
#7492 = CARTESIAN_POINT('',(2.222299126739,-197.2440214311,
    -214.9999999999));
#7493 = VECTOR('',#7494,1.);
#7494 = DIRECTION('',(3.064104139906E-16,8.673617379884E-16,-1.));
#7495 = PCURVE('',#7122,#7496);
#7496 = DEFINITIONAL_REPRESENTATION('',(#7497),#7501);
#7497 = LINE('',#7498,#7499);
#7498 = CARTESIAN_POINT('',(4.232497992402,0.));
#7499 = VECTOR('',#7500,1.);
#7500 = DIRECTION('',(0.,1.));
#7501 = ( GEOMETRIC_REPRESENTATION_CONTEXT(2) 
PARAMETRIC_REPRESENTATION_CONTEXT() REPRESENTATION_CONTEXT('2D SPACE',''
  ) );
#7502 = PCURVE('',#7070,#7503);
#7503 = DEFINITIONAL_REPRESENTATION('',(#7504),#7508);
#7504 = LINE('',#7505,#7506);
#7505 = CARTESIAN_POINT('',(1.090905338812,0.));
#7506 = VECTOR('',#7507,1.);
#7507 = DIRECTION('',(1.935907062691E-16,1.));
#7508 = ( GEOMETRIC_REPRESENTATION_CONTEXT(2) 
PARAMETRIC_REPRESENTATION_CONTEXT() REPRESENTATION_CONTEXT('2D SPACE',''
  ) );
#7509 = ORIENTED_EDGE('',*,*,#7510,.F.);
#7510 = EDGE_CURVE('',#7415,#7488,#7511,.T.);
#7511 = SURFACE_CURVE('',#7512,(#7517,#7546),.PCURVE_S1.);
#7512 = ( BOUNDED_CURVE() B_SPLINE_CURVE(3,(#7513,#7514,#7515,#7516),
.UNSPECIFIED.,.F.,.F.) B_SPLINE_CURVE_WITH_KNOTS((4,4),(2.050808238493,
4.232497992401),.PIECEWISE_BEZIER_KNOTS.) CURVE() 
GEOMETRIC_REPRESENTATION_ITEM() RATIONAL_B_SPLINE_CURVE((1.,
0.641157407502,0.641157407502,1.)) REPRESENTATION_ITEM('') );
#7513 = CARTESIAN_POINT('',(-2.212787568809,-197.2437521973,
    -230.3489581948));
#7514 = CARTESIAN_POINT('',(-1.148005621393,-195.198557862,
    -229.9399789284));
#7515 = CARTESIAN_POINT('',(1.15776549589,-195.1986978347,
    -229.9400068066));
#7516 = CARTESIAN_POINT('',(2.222299126739,-197.2440214311,
    -230.3490118177));
#7517 = PCURVE('',#7122,#7518);
#7518 = DEFINITIONAL_REPRESENTATION('',(#7519),#7545);
#7519 = B_SPLINE_CURVE_WITH_KNOTS('',3,(#7520,#7521,#7522,#7523,#7524,
    #7525,#7526,#7527,#7528,#7529,#7530,#7531,#7532,#7533,#7534,#7535,
    #7536,#7537,#7538,#7539,#7540,#7541,#7542,#7543,#7544),
  .UNSPECIFIED.,.F.,.F.,(4,1,1,1,1,1,1,1,1,1,1,1,1,1,1,1,1,1,1,1,1,1,4),
  (2.050808238493,2.14997595458,2.249143670666,2.348311386753,
    2.44747910284,2.546646818927,2.645814535013,2.7449822511,
    2.844149967187,2.943317683274,3.04248539936,3.141653115447,
    3.240820831534,3.33998854762,3.439156263707,3.538323979794,
    3.637491695881,3.736659411967,3.835827128054,3.934994844141,
    4.034162560228,4.133330276314,4.232497992401),.UNSPECIFIED.);
#7520 = CARTESIAN_POINT('',(2.050808238493,15.3489581949));
#7521 = CARTESIAN_POINT('',(2.077682474699,15.33704671106));
#7522 = CARTESIAN_POINT('',(2.132765239252,15.313111923056));
#7523 = CARTESIAN_POINT('',(2.219327390348,15.277462074083));
#7524 = CARTESIAN_POINT('',(2.309788874341,15.242618108558));
#7525 = CARTESIAN_POINT('',(2.404019317114,15.209253429475));
#7526 = CARTESIAN_POINT('',(2.501816928142,15.178101490512));
#7527 = CARTESIAN_POINT('',(2.602894507226,15.149940332899));
#7528 = CARTESIAN_POINT('',(2.706878846364,15.125552028284));
#7529 = CARTESIAN_POINT('',(2.813312128667,15.105677511446));
#7530 = CARTESIAN_POINT('',(2.921659411592,15.090965678286));
#7531 = CARTESIAN_POINT('',(3.031321518891,15.081923721395));
#7532 = CARTESIAN_POINT('',(3.141653115447,15.07887493938));
#7533 = CARTESIAN_POINT('',(3.251984712003,15.081930391244));
#7534 = CARTESIAN_POINT('',(3.361646819303,15.090978896814));
#7535 = CARTESIAN_POINT('',(3.469994102227,15.105697043571));
#7536 = CARTESIAN_POINT('',(3.57642738453,15.125577538626));
#7537 = CARTESIAN_POINT('',(3.680411723668,15.149971404146));
#7538 = CARTESIAN_POINT('',(3.781489302753,15.17813764453));
#7539 = CARTESIAN_POINT('',(3.879286913781,15.209294149131));
#7540 = CARTESIAN_POINT('',(3.973517356554,15.242662858373));
#7541 = CARTESIAN_POINT('',(4.063978840546,15.27751031876));
#7542 = CARTESIAN_POINT('',(4.150540991643,15.313163141647));
#7543 = CARTESIAN_POINT('',(4.205623756196,15.337099584399));
#7544 = CARTESIAN_POINT('',(4.232497992402,15.3490118178));
#7545 = ( GEOMETRIC_REPRESENTATION_CONTEXT(2) 
PARAMETRIC_REPRESENTATION_CONTEXT() REPRESENTATION_CONTEXT('2D SPACE',''
  ) );
#7546 = PCURVE('',#5581,#7547);
#7547 = DEFINITIONAL_REPRESENTATION('',(#7548),#7553);
#7548 = ( BOUNDED_CURVE() B_SPLINE_CURVE(3,(#7549,#7550,#7551,#7552),
.UNSPECIFIED.,.F.,.F.) B_SPLINE_CURVE_WITH_KNOTS((4,4),(2.050808238493,
4.232497992401),.PIECEWISE_BEZIER_KNOTS.) CURVE() 
GEOMETRIC_REPRESENTATION_ITEM() RATIONAL_B_SPLINE_CURVE((1.,
0.641157407502,0.641157407502,1.)) REPRESENTATION_ITEM('') );
#7549 = CARTESIAN_POINT('',(25.328733942832,-2.516118366962));
#7550 = CARTESIAN_POINT('',(26.393515392136,-0.430432635494));
#7551 = CARTESIAN_POINT('',(28.699286509453,-0.430574806792));
#7552 = CARTESIAN_POINT('',(29.763820638445,-2.516391829497));
#7553 = ( GEOMETRIC_REPRESENTATION_CONTEXT(2) 
PARAMETRIC_REPRESENTATION_CONTEXT() REPRESENTATION_CONTEXT('2D SPACE',''
  ) );
#7554 = ORIENTED_EDGE('',*,*,#7461,.F.);
#7555 = ADVANCED_FACE('',(#7556),#7070,.F.);
#7556 = FACE_BOUND('',#7557,.F.);
#7557 = EDGE_LOOP('',(#7558,#7559,#7606,#7627));
#7558 = ORIENTED_EDGE('',*,*,#7487,.T.);
#7559 = ORIENTED_EDGE('',*,*,#7560,.T.);
#7560 = EDGE_CURVE('',#7488,#7561,#7563,.T.);
#7561 = VERTEX_POINT('',#7562);
#7562 = CARTESIAN_POINT('',(4.140301717036,-198.9208295247,
    -230.6843244352));
#7563 = SURFACE_CURVE('',#7564,(#7569,#7598),.PCURVE_S1.);
#7564 = ( BOUNDED_CURVE() B_SPLINE_CURVE(3,(#7565,#7566,#7567,#7568),
.UNSPECIFIED.,.F.,.F.) B_SPLINE_CURVE_WITH_KNOTS((4,4),(5.192279968368,
5.937284358898),.PIECEWISE_BEZIER_KNOTS.) CURVE() 
GEOMETRIC_REPRESENTATION_ITEM() RATIONAL_B_SPLINE_CURVE((1.,
0.954279730325,0.954279730325,1.)) REPRESENTATION_ITEM('') );
#7565 = CARTESIAN_POINT('',(2.222299126739,-197.2440214311,
    -230.3490118177));
#7566 = CARTESIAN_POINT('',(2.633148486591,-198.0333998649,
    -230.5068644605));
#7567 = CARTESIAN_POINT('',(3.303113672321,-198.6191149476,
    -230.6239903607));
#7568 = CARTESIAN_POINT('',(4.140301717036,-198.9208295247,
    -230.6843244352));
#7569 = PCURVE('',#7070,#7570);
#7570 = DEFINITIONAL_REPRESENTATION('',(#7571),#7597);
#7571 = B_SPLINE_CURVE_WITH_KNOTS('',3,(#7572,#7573,#7574,#7575,#7576,
    #7577,#7578,#7579,#7580,#7581,#7582,#7583,#7584,#7585,#7586,#7587,
    #7588,#7589,#7590,#7591,#7592,#7593,#7594,#7595,#7596),
  .UNSPECIFIED.,.F.,.F.,(4,1,1,1,1,1,1,1,1,1,1,1,1,1,1,1,1,1,1,1,1,1,4),
  (5.192279968368,5.226143804301,5.260007640234,5.293871476168,
    5.327735312101,5.361599148034,5.395462983967,5.4293268199,
    5.463190655833,5.497054491767,5.5309183277,5.564782163633,
    5.598645999566,5.632509835499,5.666373671433,5.700237507366,
    5.734101343299,5.767965179232,5.801829015165,5.835692851098,
    5.869556687032,5.903420522965,5.937284358898),.UNSPECIFIED.);
#7572 = CARTESIAN_POINT('',(1.090905338812,15.3490118178));
#7573 = CARTESIAN_POINT('',(1.079876687156,15.355858894234));
#7574 = CARTESIAN_POINT('',(1.057750432553,15.36947781444));
#7575 = CARTESIAN_POINT('',(1.024371361735,15.38964133013));
#7576 = CARTESIAN_POINT('',(0.990819540988,15.40950073985));
#7577 = CARTESIAN_POINT('',(0.95711270022,15.429017063747));
#7578 = CARTESIAN_POINT('',(0.923269025125,15.448151786868));
#7579 = CARTESIAN_POINT('',(0.889307178939,15.466867101904));
#7580 = CARTESIAN_POINT('',(0.855246223636,15.485126141607));
#7581 = CARTESIAN_POINT('',(0.821105563667,15.502893210556));
#7582 = CARTESIAN_POINT('',(0.786904879843,15.520134009958));
#7583 = CARTESIAN_POINT('',(0.752664062702,15.536815853512));
#7584 = CARTESIAN_POINT('',(0.718403143547,15.55290787129));
#7585 = CARTESIAN_POINT('',(0.684142224392,15.568381199068));
#7586 = CARTESIAN_POINT('',(0.64990140725,15.58320915065));
#7587 = CARTESIAN_POINT('',(0.615700723427,15.597367371087));
#7588 = CARTESIAN_POINT('',(0.581560063457,15.610833968744));
#7589 = CARTESIAN_POINT('',(0.547499108154,15.623589625484));
#7590 = CARTESIAN_POINT('',(0.513537261968,15.635617681031));
#7591 = CARTESIAN_POINT('',(0.479693586874,15.646904201328));
#7592 = CARTESIAN_POINT('',(0.445986746106,15.65743799133));
#7593 = CARTESIAN_POINT('',(0.412434925358,15.667210698754));
#7594 = CARTESIAN_POINT('',(0.379055854541,15.676216462901));
#7595 = CARTESIAN_POINT('',(0.356929599938,15.681707586549));
#7596 = CARTESIAN_POINT('',(0.345900948282,15.6843244353));
#7597 = ( GEOMETRIC_REPRESENTATION_CONTEXT(2) 
PARAMETRIC_REPRESENTATION_CONTEXT() REPRESENTATION_CONTEXT('2D SPACE',''
  ) );
#7598 = PCURVE('',#5581,#7599);
#7599 = DEFINITIONAL_REPRESENTATION('',(#7600),#7605);
#7600 = ( BOUNDED_CURVE() B_SPLINE_CURVE(3,(#7601,#7602,#7603,#7604),
.UNSPECIFIED.,.F.,.F.) B_SPLINE_CURVE_WITH_KNOTS((4,4),(5.192279968368,
5.937284358898),.PIECEWISE_BEZIER_KNOTS.) CURVE() 
GEOMETRIC_REPRESENTATION_ITEM() RATIONAL_B_SPLINE_CURVE((1.,
0.954279730325,0.954279730325,1.)) REPRESENTATION_ITEM('') );
#7601 = CARTESIAN_POINT('',(29.763820638445,-2.516391829497));
#7602 = CARTESIAN_POINT('',(30.174670190552,-3.321398419905));
#7603 = CARTESIAN_POINT('',(30.844635518934,-3.918709430593));
#7604 = CARTESIAN_POINT('',(31.681823637132,-4.226397200125));
#7605 = ( GEOMETRIC_REPRESENTATION_CONTEXT(2) 
PARAMETRIC_REPRESENTATION_CONTEXT() REPRESENTATION_CONTEXT('2D SPACE',''
  ) );
#7606 = ORIENTED_EDGE('',*,*,#7607,.F.);
#7607 = EDGE_CURVE('',#7006,#7561,#7608,.T.);
#7608 = SURFACE_CURVE('',#7609,(#7613,#7620),.PCURVE_S1.);
#7609 = LINE('',#7610,#7611);
#7610 = CARTESIAN_POINT('',(4.140301717036,-198.9208295247,
    -214.9999999999));
#7611 = VECTOR('',#7612,1.);
#7612 = DIRECTION('',(3.064104139906E-16,8.673617379884E-16,-1.));
#7613 = PCURVE('',#7070,#7614);
#7614 = DEFINITIONAL_REPRESENTATION('',(#7615),#7619);
#7615 = LINE('',#7616,#7617);
#7616 = CARTESIAN_POINT('',(0.345900948282,0.));
#7617 = VECTOR('',#7618,1.);
#7618 = DIRECTION('',(3.433636507132E-16,1.));
#7619 = ( GEOMETRIC_REPRESENTATION_CONTEXT(2) 
PARAMETRIC_REPRESENTATION_CONTEXT() REPRESENTATION_CONTEXT('2D SPACE',''
  ) );
#7620 = PCURVE('',#5666,#7621);
#7621 = DEFINITIONAL_REPRESENTATION('',(#7622),#7626);
#7622 = LINE('',#7623,#7624);
#7623 = CARTESIAN_POINT('',(3.487493601872,0.));
#7624 = VECTOR('',#7625,1.);
#7625 = DIRECTION('',(0.,1.));
#7626 = ( GEOMETRIC_REPRESENTATION_CONTEXT(2) 
PARAMETRIC_REPRESENTATION_CONTEXT() REPRESENTATION_CONTEXT('2D SPACE',''
  ) );
#7627 = ORIENTED_EDGE('',*,*,#7052,.T.);
#7628 = ADVANCED_FACE('',(#7629),#6968,.F.);
#7629 = FACE_BOUND('',#7630,.F.);
#7630 = EDGE_LOOP('',(#7631,#7694,#7737,#7738));
#7631 = ORIENTED_EDGE('',*,*,#7632,.F.);
#7632 = EDGE_CURVE('',#7633,#7633,#7635,.T.);
#7633 = VERTEX_POINT('',#7634);
#7634 = CARTESIAN_POINT('',(4.685401148009E-03,-199.6482270899,
    -230.8297829335));
#7635 = SURFACE_CURVE('',#7636,(#7649,#7678),.PCURVE_S1.);
#7636 = ( BOUNDED_CURVE() B_SPLINE_CURVE(6,(#7637,#7638,#7639,#7640,
    #7641,#7642,#7643,#7644,#7645,#7646,#7647,#7648),.UNSPECIFIED.,.T.,
.F.) B_SPLINE_CURVE_WITH_KNOTS((7,5,7),(3.14159265359,6.28318530718,
9.42477796077),.UNSPECIFIED.) CURVE() GEOMETRIC_REPRESENTATION_ITEM() 
RATIONAL_B_SPLINE_CURVE((1.,1.,0.733333333333,0.6,0.733333333333,1.,1.,
0.733333333333,0.6,0.733333333333,1.,1.)) REPRESENTATION_ITEM('') );
#7637 = CARTESIAN_POINT('',(4.685401148009E-03,-199.6482270899,
    -230.8297829335));
#7638 = CARTESIAN_POINT('',(-0.411981265518,-199.6482269884,
    -230.8297829335));
#7639 = CARTESIAN_POINT('',(-1.358950907135,-199.4209540305,
    -230.7843350169));
#7640 = CARTESIAN_POINT('',(-2.078647627745,-198.3982265825,
    -230.5798193925));
#7641 = CARTESIAN_POINT('',(-1.35895040896,-197.375499485,-230.375303768
    ));
#7642 = CARTESIAN_POINT('',(-0.411980656638,-197.1482269884,
    -230.3298558515));
#7643 = CARTESIAN_POINT('',(0.421352676694,-197.1482271913,
    -230.3298558515));
#7644 = CARTESIAN_POINT('',(1.368322318311,-197.3755001492,
    -230.375303768));
#7645 = CARTESIAN_POINT('',(2.088019038921,-198.3982275973,
    -230.5798193925));
#7646 = CARTESIAN_POINT('',(1.368321820136,-199.4209546947,
    -230.7843350169));
#7647 = CARTESIAN_POINT('',(0.421352067814,-199.6482271913,
    -230.8297829335));
#7648 = CARTESIAN_POINT('',(4.685401148009E-03,-199.6482270899,
    -230.8297829335));
#7649 = PCURVE('',#6968,#7650);
#7650 = DEFINITIONAL_REPRESENTATION('',(#7651),#7677);
#7651 = B_SPLINE_CURVE_WITH_KNOTS('',3,(#7652,#7653,#7654,#7655,#7656,
    #7657,#7658,#7659,#7660,#7661,#7662,#7663,#7664,#7665,#7666,#7667,
    #7668,#7669,#7670,#7671,#7672,#7673,#7674,#7675,#7676),
  .UNSPECIFIED.,.F.,.F.,(4,1,1,1,1,1,1,1,1,1,1,1,1,1,1,1,1,1,1,1,1,1,4),
  (3.14159265359,3.427191985735,3.712791317879,3.998390650024,
    4.283989982168,4.569589314313,4.855188646457,5.140787978602,
    5.426387310746,5.711986642891,5.997585975035,6.28318530718,
    6.568784639325,6.854383971469,7.139983303614,7.425582635758,
    7.711181967903,7.996781300047,8.282380632192,8.567979964336,
    8.853579296481,9.139178628625,9.42477796077),.QUASI_UNIFORM_KNOTS.);
#7652 = CARTESIAN_POINT('',(-2.6645352591E-15,15.8297829336));
#7653 = CARTESIAN_POINT('',(6.039517472399E-02,15.829747834484));
#7654 = CARTESIAN_POINT('',(0.192941478432,15.827091962028));
#7655 = CARTESIAN_POINT('',(0.430135893294,15.809555344243));
#7656 = CARTESIAN_POINT('',(0.710542298878,15.772228380622));
#7657 = CARTESIAN_POINT('',(1.032942954438,15.71041966051));
#7658 = CARTESIAN_POINT('',(1.387439254326,15.626436734752));
#7659 = CARTESIAN_POINT('',(1.754159342618,15.533202111917));
#7660 = CARTESIAN_POINT('',(2.108619982382,15.449218817342));
#7661 = CARTESIAN_POINT('',(2.431163278438,15.387411572499));
#7662 = CARTESIAN_POINT('',(2.71103478216,15.350079076618));
#7663 = CARTESIAN_POINT('',(2.950226163974,15.332563112605));
#7664 = CARTESIAN_POINT('',(3.14159265359,15.328502221098));
#7665 = CARTESIAN_POINT('',(3.332959143206,15.332563112605));
#7666 = CARTESIAN_POINT('',(3.572150525019,15.350079076618));
#7667 = CARTESIAN_POINT('',(3.852022028742,15.387411572499));
#7668 = CARTESIAN_POINT('',(4.174565324798,15.449218817342));
#7669 = CARTESIAN_POINT('',(4.529025964562,15.533202111917));
#7670 = CARTESIAN_POINT('',(4.895746052854,15.626436734752));
#7671 = CARTESIAN_POINT('',(5.250242352742,15.71041966051));
#7672 = CARTESIAN_POINT('',(5.572643008301,15.772228380623));
#7673 = CARTESIAN_POINT('',(5.853049413886,15.809555344243));
#7674 = CARTESIAN_POINT('',(6.090243828747,15.827091962028));
#7675 = CARTESIAN_POINT('',(6.222790132456,15.829747834484));
#7676 = CARTESIAN_POINT('',(6.28318530718,15.8297829336));
#7677 = ( GEOMETRIC_REPRESENTATION_CONTEXT(2) 
PARAMETRIC_REPRESENTATION_CONTEXT() REPRESENTATION_CONTEXT('2D SPACE',''
  ) );
#7678 = PCURVE('',#5581,#7679);
#7679 = DEFINITIONAL_REPRESENTATION('',(#7680),#7693);
#7680 = ( BOUNDED_CURVE() B_SPLINE_CURVE(6,(#7681,#7682,#7683,#7684,
    #7685,#7686,#7687,#7688,#7689,#7690,#7691,#7692),.UNSPECIFIED.,.F.,
.F.) B_SPLINE_CURVE_WITH_KNOTS((7,5,7),(3.14159265359,6.28318530718,
9.42477796077),.UNSPECIFIED.) CURVE() GEOMETRIC_REPRESENTATION_ITEM() 
RATIONAL_B_SPLINE_CURVE((1.,1.,0.733333333333,0.6,0.733333333333,1.,1.,
0.733333333333,0.6,0.733333333333,1.,1.)) REPRESENTATION_ITEM('') );
#7681 = CARTESIAN_POINT('',(27.546207498403,-4.968196942592));
#7682 = CARTESIAN_POINT('',(27.129540831737,-4.968196942592));
#7683 = CARTESIAN_POINT('',(26.182571134767,-4.736424628281));
#7684 = CARTESIAN_POINT('',(25.46287416507,-3.693449213894));
#7685 = CARTESIAN_POINT('',(26.182571134767,-2.650473799497));
#7686 = CARTESIAN_POINT('',(27.129540831737,-2.41870148519));
#7687 = CARTESIAN_POINT('',(27.962874165069,-2.418701485189));
#7688 = CARTESIAN_POINT('',(28.909843862039,-2.650473799499));
#7689 = CARTESIAN_POINT('',(29.629540831736,-3.69344921389));
#7690 = CARTESIAN_POINT('',(28.909843862039,-4.736424628283));
#7691 = CARTESIAN_POINT('',(27.962874165069,-4.968196942592));
#7692 = CARTESIAN_POINT('',(27.546207498403,-4.968196942592));
#7693 = ( GEOMETRIC_REPRESENTATION_CONTEXT(2) 
PARAMETRIC_REPRESENTATION_CONTEXT() REPRESENTATION_CONTEXT('2D SPACE',''
  ) );
#7694 = ORIENTED_EDGE('',*,*,#7695,.F.);
#7695 = EDGE_CURVE('',#6935,#7633,#7696,.T.);
#7696 = SEAM_CURVE('',#7697,(#7701,#7708),.PCURVE_S1.);
#7697 = LINE('',#7698,#7699);
#7698 = CARTESIAN_POINT('',(4.685401148009E-03,-199.6482270899,
    -214.9999999999));
#7699 = VECTOR('',#7700,1.);
#7700 = DIRECTION('',(3.064104139906E-16,8.673617379884E-16,-1.));
#7701 = PCURVE('',#6968,#7702);
#7702 = DEFINITIONAL_REPRESENTATION('',(#7703),#7707);
#7703 = LINE('',#7704,#7705);
#7704 = CARTESIAN_POINT('',(0.,0.));
#7705 = VECTOR('',#7706,1.);
#7706 = DIRECTION('',(0.,1.));
#7707 = ( GEOMETRIC_REPRESENTATION_CONTEXT(2) 
PARAMETRIC_REPRESENTATION_CONTEXT() REPRESENTATION_CONTEXT('2D SPACE',''
  ) );
#7708 = PCURVE('',#6968,#7709);
#7709 = DEFINITIONAL_REPRESENTATION('',(#7710),#7736);
#7710 = B_SPLINE_CURVE_WITH_KNOTS('',3,(#7711,#7712,#7713,#7714,#7715,
    #7716,#7717,#7718,#7719,#7720,#7721,#7722,#7723,#7724,#7725,#7726,
    #7727,#7728,#7729,#7730,#7731,#7732,#7733,#7734,#7735),
  .UNSPECIFIED.,.F.,.F.,(4,1,1,1,1,1,1,1,1,1,1,1,1,1,1,1,1,1,1,1,1,1,4),
  (4.5453827032,5.0583099864,5.5712372696,6.0841645528,6.597091836,
    7.1100191192,7.6229464024,8.1358736856,8.6488009688,9.161728252,
    9.6746555352,10.1875828184,10.7005101016,11.2134373848,11.726364668,
    12.2392919512,12.7522192344,13.2651465176,13.7780738008,14.291001084
    ,14.8039283672,15.3168556504,15.8297829336),.QUASI_UNIFORM_KNOTS.);
#7711 = CARTESIAN_POINT('',(6.28318530718,4.5453827032));
#7712 = CARTESIAN_POINT('',(6.28318530718,4.716358464267));
#7713 = CARTESIAN_POINT('',(6.28318530718,5.0583099864));
#7714 = CARTESIAN_POINT('',(6.28318530718,5.5712372696));
#7715 = CARTESIAN_POINT('',(6.28318530718,6.0841645528));
#7716 = CARTESIAN_POINT('',(6.28318530718,6.597091836));
#7717 = CARTESIAN_POINT('',(6.28318530718,7.1100191192));
#7718 = CARTESIAN_POINT('',(6.28318530718,7.6229464024));
#7719 = CARTESIAN_POINT('',(6.28318530718,8.1358736856));
#7720 = CARTESIAN_POINT('',(6.28318530718,8.6488009688));
#7721 = CARTESIAN_POINT('',(6.28318530718,9.161728252));
#7722 = CARTESIAN_POINT('',(6.28318530718,9.6746555352));
#7723 = CARTESIAN_POINT('',(6.28318530718,10.1875828184));
#7724 = CARTESIAN_POINT('',(6.28318530718,10.7005101016));
#7725 = CARTESIAN_POINT('',(6.28318530718,11.2134373848));
#7726 = CARTESIAN_POINT('',(6.28318530718,11.726364668));
#7727 = CARTESIAN_POINT('',(6.28318530718,12.2392919512));
#7728 = CARTESIAN_POINT('',(6.28318530718,12.7522192344));
#7729 = CARTESIAN_POINT('',(6.28318530718,13.2651465176));
#7730 = CARTESIAN_POINT('',(6.28318530718,13.7780738008));
#7731 = CARTESIAN_POINT('',(6.28318530718,14.291001084));
#7732 = CARTESIAN_POINT('',(6.28318530718,14.8039283672));
#7733 = CARTESIAN_POINT('',(6.28318530718,15.3168556504));
#7734 = CARTESIAN_POINT('',(6.28318530718,15.658807172533));
#7735 = CARTESIAN_POINT('',(6.28318530718,15.8297829336));
#7736 = ( GEOMETRIC_REPRESENTATION_CONTEXT(2) 
PARAMETRIC_REPRESENTATION_CONTEXT() REPRESENTATION_CONTEXT('2D SPACE',''
  ) );
#7737 = ORIENTED_EDGE('',*,*,#6934,.T.);
#7738 = ORIENTED_EDGE('',*,*,#7695,.T.);
#7739 = ADVANCED_FACE('',(#7740),#6777,.T.);
#7740 = FACE_BOUND('',#7741,.T.);
#7741 = EDGE_LOOP('',(#7742,#7743,#7767,#7789));
#7742 = ORIENTED_EDGE('',*,*,#7302,.F.);
#7743 = ORIENTED_EDGE('',*,*,#7744,.F.);
#7744 = EDGE_CURVE('',#7745,#7256,#7747,.T.);
#7745 = VERTEX_POINT('',#7746);
#7746 = CARTESIAN_POINT('',(-8.970572647477,-240.2213829874,
    -214.9999999999));
#7747 = SURFACE_CURVE('',#7748,(#7753,#7760),.PCURVE_S1.);
#7748 = CIRCLE('',#7749,27.);
#7749 = AXIS2_PLACEMENT_3D('',#7750,#7751,#7752);
#7750 = CARTESIAN_POINT('',(-33.95364042865,-229.9819335763,
    -214.9999999999));
#7751 = DIRECTION('',(-3.064104139906E-16,-8.673617379884E-16,1.));
#7752 = DIRECTION('',(-1.,2.435520000697E-07,-3.064102027429E-16));
#7753 = PCURVE('',#6777,#7754);
#7754 = DEFINITIONAL_REPRESENTATION('',(#7755),#7759);
#7755 = CIRCLE('',#7756,27.);
#7756 = AXIS2_PLACEMENT_2D('',#7757,#7758);
#7757 = CARTESIAN_POINT('',(0.,0.));
#7758 = DIRECTION('',(1.,1.171000285569E-16));
#7759 = ( GEOMETRIC_REPRESENTATION_CONTEXT(2) 
PARAMETRIC_REPRESENTATION_CONTEXT() REPRESENTATION_CONTEXT('2D SPACE',''
  ) );
#7760 = PCURVE('',#4995,#7761);
#7761 = DEFINITIONAL_REPRESENTATION('',(#7762),#7766);
#7762 = LINE('',#7763,#7764);
#7763 = CARTESIAN_POINT('',(7.853981633974,1.159848688444E-13));
#7764 = VECTOR('',#7765,1.);
#7765 = DIRECTION('',(-1.,-4.21361820704E-14));
#7766 = ( GEOMETRIC_REPRESENTATION_CONTEXT(2) 
PARAMETRIC_REPRESENTATION_CONTEXT() REPRESENTATION_CONTEXT('2D SPACE',''
  ) );
#7767 = ORIENTED_EDGE('',*,*,#7768,.F.);
#7768 = EDGE_CURVE('',#6736,#7745,#7769,.T.);
#7769 = SURFACE_CURVE('',#7770,(#7775,#7782),.PCURVE_S1.);
#7770 = CIRCLE('',#7771,9.7);
#7771 = AXIS2_PLACEMENT_3D('',#7772,#7773,#7774);
#7772 = CARTESIAN_POINT('',(4.825777611003E-03,-243.899999998,
    -214.9999999999));
#7773 = DIRECTION('',(0.,0.,1.));
#7774 = DIRECTION('',(0.925279141824,0.379286843571,-0.));
#7775 = PCURVE('',#6777,#7776);
#7776 = DEFINITIONAL_REPRESENTATION('',(#7777),#7781);
#7777 = CIRCLE('',#7778,9.7);
#7778 = AXIS2_PLACEMENT_2D('',#7779,#7780);
#7779 = CARTESIAN_POINT('',(-33.95846959603,13.918058151026));
#7780 = DIRECTION('',(-0.925279049448,-0.379287068924));
#7781 = ( GEOMETRIC_REPRESENTATION_CONTEXT(2) 
PARAMETRIC_REPRESENTATION_CONTEXT() REPRESENTATION_CONTEXT('2D SPACE',''
  ) );
#7782 = PCURVE('',#802,#7783);
#7783 = DEFINITIONAL_REPRESENTATION('',(#7784),#7788);
#7784 = LINE('',#7785,#7786);
#7785 = CARTESIAN_POINT('',(4.323363309561,0.));
#7786 = VECTOR('',#7787,1.);
#7787 = DIRECTION('',(-1.,-0.));
#7788 = ( GEOMETRIC_REPRESENTATION_CONTEXT(2) 
PARAMETRIC_REPRESENTATION_CONTEXT() REPRESENTATION_CONTEXT('2D SPACE',''
  ) );
#7789 = ORIENTED_EDGE('',*,*,#6760,.F.);
#7790 = ADVANCED_FACE('',(#7791),#5666,.T.);
#7791 = FACE_BOUND('',#7792,.T.);
#7792 = EDGE_LOOP('',(#7793,#7794,#7795,#7796,#7841));
#7793 = ORIENTED_EDGE('',*,*,#7005,.F.);
#7794 = ORIENTED_EDGE('',*,*,#6841,.T.);
#7795 = ORIENTED_EDGE('',*,*,#5645,.F.);
#7796 = ORIENTED_EDGE('',*,*,#7797,.F.);
#7797 = EDGE_CURVE('',#7561,#5623,#7798,.T.);
#7798 = SURFACE_CURVE('',#7799,(#7804,#7833),.PCURVE_S1.);
#7799 = ( BOUNDED_CURVE() B_SPLINE_CURVE(3,(#7800,#7801,#7802,#7803),
.UNSPECIFIED.,.F.,.F.) B_SPLINE_CURVE_WITH_KNOTS((4,4),(3.487493601872,
5.047801261098),.PIECEWISE_BEZIER_KNOTS.) CURVE() 
GEOMETRIC_REPRESENTATION_ITEM() RATIONAL_B_SPLINE_CURVE((1.,
0.807203562933,0.807203562933,1.)) REPRESENTATION_ITEM('') );
#7800 = CARTESIAN_POINT('',(4.140301717036,-198.9208295247,
    -230.6843244352));
#7801 = CARTESIAN_POINT('',(10.80782476932,-201.323741165,
    -231.1648363523));
#7802 = CARTESIAN_POINT('',(13.85695472466,-207.7216044426,
    -232.4442222516));
#7803 = CARTESIAN_POINT('',(11.52410740843,-214.4139636233,
    -233.782499004));
#7804 = PCURVE('',#5666,#7805);
#7805 = DEFINITIONAL_REPRESENTATION('',(#7806),#7832);
#7806 = B_SPLINE_CURVE_WITH_KNOTS('',3,(#7807,#7808,#7809,#7810,#7811,
    #7812,#7813,#7814,#7815,#7816,#7817,#7818,#7819,#7820,#7821,#7822,
    #7823,#7824,#7825,#7826,#7827,#7828,#7829,#7830,#7831),
  .UNSPECIFIED.,.F.,.F.,(4,1,1,1,1,1,1,1,1,1,1,1,1,1,1,1,1,1,1,1,1,1,4),
  (3.487493601872,3.558416677291,3.629339752711,3.70026282813,
    3.771185903549,3.842108978969,3.913032054388,3.983955129808,
    4.054878205227,4.125801280646,4.196724356066,4.267647431485,
    4.338570506904,4.409493582324,4.480416657743,4.551339733162,
    4.622262808582,4.693185884001,4.764108959421,4.83503203484,
    4.905955110259,4.976878185679,5.047801261098),.UNSPECIFIED.);
#7807 = CARTESIAN_POINT('',(3.487493601872,15.6843244353));
#7808 = CARTESIAN_POINT('',(3.508806920472,15.701943708938));
#7809 = CARTESIAN_POINT('',(3.551999585648,15.740815925726));
#7810 = CARTESIAN_POINT('',(3.618393901533,15.810292762022));
#7811 = CARTESIAN_POINT('',(3.686307881509,15.891263945286));
#7812 = CARTESIAN_POINT('',(3.755630980342,15.9838511449));
#7813 = CARTESIAN_POINT('',(3.826236336047,16.088014807674));
#7814 = CARTESIAN_POINT('',(3.897979086534,16.203520353449));
#7815 = CARTESIAN_POINT('',(3.970698101948,16.329932064383));
#7816 = CARTESIAN_POINT('',(4.044217489918,16.466608489667));
#7817 = CARTESIAN_POINT('',(4.118348833297,16.612707740455));
#7818 = CARTESIAN_POINT('',(4.192893845794,16.767201143226));
#7819 = CARTESIAN_POINT('',(4.267647431485,16.928895576953));
#7820 = CARTESIAN_POINT('',(4.342401017176,17.096463458751));
#7821 = CARTESIAN_POINT('',(4.416946029673,17.268478879415));
#7822 = CARTESIAN_POINT('',(4.491077373052,17.443457833492));
#7823 = CARTESIAN_POINT('',(4.564596761022,17.619900170395));
#7824 = CARTESIAN_POINT('',(4.637315776436,17.796330866836));
#7825 = CARTESIAN_POINT('',(4.709058526923,17.971338166505));
#7826 = CARTESIAN_POINT('',(4.779663882628,18.143607298035));
#7827 = CARTESIAN_POINT('',(4.848986981461,18.311946014666));
#7828 = CARTESIAN_POINT('',(4.916900961437,18.475309919849));
#7829 = CARTESIAN_POINT('',(4.983295277323,18.632794590548));
#7830 = CARTESIAN_POINT('',(5.026487942498,18.733409579329));
#7831 = CARTESIAN_POINT('',(5.047801261098,18.7824990041));
#7832 = ( GEOMETRIC_REPRESENTATION_CONTEXT(2) 
PARAMETRIC_REPRESENTATION_CONTEXT() REPRESENTATION_CONTEXT('2D SPACE',''
  ) );
#7833 = PCURVE('',#5581,#7834);
#7834 = DEFINITIONAL_REPRESENTATION('',(#7835),#7840);
#7835 = ( BOUNDED_CURVE() B_SPLINE_CURVE(3,(#7836,#7837,#7838,#7839),
.UNSPECIFIED.,.F.,.F.) B_SPLINE_CURVE_WITH_KNOTS((4,4),(3.487493601872,
5.047801261098),.PIECEWISE_BEZIER_KNOTS.) CURVE() 
GEOMETRIC_REPRESENTATION_ITEM() RATIONAL_B_SPLINE_CURVE((1.,
0.807203562933,0.807203562933,1.)) REPRESENTATION_ITEM('') );
#7836 = CARTESIAN_POINT('',(31.681823637132,-4.226397200125));
#7837 = CARTESIAN_POINT('',(38.34934727465,-6.676880468683));
#7838 = CARTESIAN_POINT('',(41.398478788202,-13.20140905673));
#7839 = CARTESIAN_POINT('',(39.065633101909,-20.02626536832));
#7840 = ( GEOMETRIC_REPRESENTATION_CONTEXT(2) 
PARAMETRIC_REPRESENTATION_CONTEXT() REPRESENTATION_CONTEXT('2D SPACE',''
  ) );
#7841 = ORIENTED_EDGE('',*,*,#7607,.F.);
#7842 = ADVANCED_FACE('',(#7843,#7961),#5610,.F.);
#7843 = FACE_BOUND('',#7844,.F.);
#7844 = EDGE_LOOP('',(#7845,#7868,#7913,#7914,#7959,#7960));
#7845 = ORIENTED_EDGE('',*,*,#7846,.F.);
#7846 = EDGE_CURVE('',#7847,#7326,#7849,.T.);
#7847 = VERTEX_POINT('',#7848);
#7848 = CARTESIAN_POINT('',(3.959553157003E-03,-200.8982270678,
    -231.0797464701));
#7849 = SEAM_CURVE('',#7850,(#7854,#7861),.PCURVE_S1.);
#7850 = LINE('',#7851,#7852);
#7851 = CARTESIAN_POINT('',(3.959553157003E-03,-200.8982270678,
    -286.1879693898));
#7852 = VECTOR('',#7853,1.);
#7853 = DIRECTION('',(-3.064104139906E-16,-8.673617379884E-16,1.));
#7854 = PCURVE('',#5610,#7855);
#7855 = DEFINITIONAL_REPRESENTATION('',(#7856),#7860);
#7856 = LINE('',#7857,#7858);
#7857 = CARTESIAN_POINT('',(0.,-2.84217094304E-14));
#7858 = VECTOR('',#7859,1.);
#7859 = DIRECTION('',(0.,1.));
#7860 = ( GEOMETRIC_REPRESENTATION_CONTEXT(2) 
PARAMETRIC_REPRESENTATION_CONTEXT() REPRESENTATION_CONTEXT('2D SPACE',''
  ) );
#7861 = PCURVE('',#5610,#7862);
#7862 = DEFINITIONAL_REPRESENTATION('',(#7863),#7867);
#7863 = LINE('',#7864,#7865);
#7864 = CARTESIAN_POINT('',(6.28318530718,-2.84217094304E-14));
#7865 = VECTOR('',#7866,1.);
#7866 = DIRECTION('',(0.,1.));
#7867 = ( GEOMETRIC_REPRESENTATION_CONTEXT(2) 
PARAMETRIC_REPRESENTATION_CONTEXT() REPRESENTATION_CONTEXT('2D SPACE',''
  ) );
#7868 = ORIENTED_EDGE('',*,*,#7869,.F.);
#7869 = EDGE_CURVE('',#5566,#7847,#7870,.T.);
#7870 = SURFACE_CURVE('',#7871,(#7876,#7905),.PCURVE_S1.);
#7871 = ( BOUNDED_CURVE() B_SPLINE_CURVE(3,(#7872,#7873,#7874,#7875),
.UNSPECIFIED.,.F.,.F.) B_SPLINE_CURVE_WITH_KNOTS((4,4),(4.275956749749,
6.28318530718),.PIECEWISE_BEZIER_KNOTS.) CURVE() 
GEOMETRIC_REPRESENTATION_ITEM() RATIONAL_B_SPLINE_CURVE((1.,
0.691504981891,0.691504981891,1.)) REPRESENTATION_ITEM('') );
#7872 = CARTESIAN_POINT('',(-8.605566515825,-214.4139587206,
    -233.782499004));
#7873 = CARTESIAN_POINT('',(-11.87085175395,-207.413353786,
    -232.3825823641));
#7874 = CARTESIAN_POINT('',(-7.720712422861,-200.8982251864,
    -231.0797464701));
#7875 = CARTESIAN_POINT('',(3.959553157003E-03,-200.8982270678,
    -231.0797464701));
#7876 = PCURVE('',#5610,#7877);
#7877 = DEFINITIONAL_REPRESENTATION('',(#7878),#7904);
#7878 = B_SPLINE_CURVE_WITH_KNOTS('',3,(#7879,#7880,#7881,#7882,#7883,
    #7884,#7885,#7886,#7887,#7888,#7889,#7890,#7891,#7892,#7893,#7894,
    #7895,#7896,#7897,#7898,#7899,#7900,#7901,#7902,#7903),
  .UNSPECIFIED.,.F.,.F.,(4,1,1,1,1,1,1,1,1,1,1,1,1,1,1,1,1,1,1,1,1,1,4),
  (4.275956749749,4.36719441145,4.458432073152,4.549669734853,
    4.640907396555,4.732145058256,4.823382719957,4.914620381659,
    5.00585804336,5.097095705062,5.188333366763,5.279571028464,
    5.370808690166,5.462046351867,5.553284013569,5.64452167527,
    5.735759336972,5.826996998673,5.918234660374,6.009472322076,
    6.100709983777,6.191947645479,6.28318530718),.UNSPECIFIED.);
#7879 = CARTESIAN_POINT('',(2.007228557431,52.4054703858));
#7880 = CARTESIAN_POINT('',(1.981674328788,52.449445449976));
#7881 = CARTESIAN_POINT('',(1.929476045586,52.540922338839));
#7882 = CARTESIAN_POINT('',(1.848002950758,52.688000438269));
#7883 = CARTESIAN_POINT('',(1.763428390596,52.844360525357));
#7884 = CARTESIAN_POINT('',(1.675895180413,53.008943242385));
#7885 = CARTESIAN_POINT('',(1.585596633849,53.180343031076));
#7886 = CARTESIAN_POINT('',(1.492784811141,53.356765966074));
#7887 = CARTESIAN_POINT('',(1.397768867999,53.536067515962));
#7888 = CARTESIAN_POINT('',(1.300912629302,53.715806950406));
#7889 = CARTESIAN_POINT('',(1.202628577846,53.893336188605));
#7890 = CARTESIAN_POINT('',(1.103368974737,54.065913897512));
#7891 = CARTESIAN_POINT('',(1.003614278715,54.230837294809));
#7892 = CARTESIAN_POINT('',(0.903859582694,54.385578955224));
#7893 = CARTESIAN_POINT('',(0.804599979584,54.52791464921));
#7894 = CARTESIAN_POINT('',(0.706315928128,54.656028811204));
#7895 = CARTESIAN_POINT('',(0.609459689432,54.768587293732));
#7896 = CARTESIAN_POINT('',(0.514443746289,54.864771832717));
#7897 = CARTESIAN_POINT('',(0.421631923581,54.944275894204));
#7898 = CARTESIAN_POINT('',(0.331333377017,55.007266936923));
#7899 = CARTESIAN_POINT('',(0.243800166835,55.054321728547));
#7900 = CARTESIAN_POINT('',(0.159225606672,55.086349967302));
#7901 = CARTESIAN_POINT('',(7.775251184474E-02,55.104495391439));
#7902 = CARTESIAN_POINT('',(2.555422864267E-02,55.108231190538));
#7903 = CARTESIAN_POINT('',(0.,55.1082229197));
#7904 = ( GEOMETRIC_REPRESENTATION_CONTEXT(2) 
PARAMETRIC_REPRESENTATION_CONTEXT() REPRESENTATION_CONTEXT('2D SPACE',''
  ) );
#7905 = PCURVE('',#5581,#7906);
#7906 = DEFINITIONAL_REPRESENTATION('',(#7907),#7912);
#7907 = ( BOUNDED_CURVE() B_SPLINE_CURVE(3,(#7908,#7909,#7910,#7911),
.UNSPECIFIED.,.F.,.F.) B_SPLINE_CURVE_WITH_KNOTS((4,4),(4.275956749749,
6.28318530718),.PIECEWISE_BEZIER_KNOTS.) CURVE() 
GEOMETRIC_REPRESENTATION_ITEM() RATIONAL_B_SPLINE_CURVE((1.,
0.691504981891,0.691504981891,1.)) REPRESENTATION_ITEM('') );
#7908 = CARTESIAN_POINT('',(18.935959177654,-20.02626536832));
#7909 = CARTESIAN_POINT('',(15.670672234511,-12.88706198736));
#7910 = CARTESIAN_POINT('',(19.820809978834,-6.242944648928));
#7911 = CARTESIAN_POINT('',(27.545481954852,-6.242944648928));
#7912 = ( GEOMETRIC_REPRESENTATION_CONTEXT(2) 
PARAMETRIC_REPRESENTATION_CONTEXT() REPRESENTATION_CONTEXT('2D SPACE',''
  ) );
#7913 = ORIENTED_EDGE('',*,*,#5593,.T.);
#7914 = ORIENTED_EDGE('',*,*,#7915,.F.);
#7915 = EDGE_CURVE('',#7847,#5594,#7916,.T.);
#7916 = SURFACE_CURVE('',#7917,(#7922,#7951),.PCURVE_S1.);
#7917 = ( BOUNDED_CURVE() B_SPLINE_CURVE(3,(#7918,#7919,#7920,#7921),
.UNSPECIFIED.,.F.,.F.) B_SPLINE_CURVE_WITH_KNOTS((4,4),(
7.948461224083E-17,2.00722855743),.PIECEWISE_BEZIER_KNOTS.) CURVE() 
GEOMETRIC_REPRESENTATION_ITEM() RATIONAL_B_SPLINE_CURVE((1.,
0.691504981891,0.691504981891,1.)) REPRESENTATION_ITEM('') );
#7918 = CARTESIAN_POINT('',(3.959553157003E-03,-200.8982270678,
    -231.0797464701));
#7919 = CARTESIAN_POINT('',(7.728631529175,-200.8982289491,
    -231.0797464701));
#7920 = CARTESIAN_POINT('',(11.87876768672,-207.4133595703,
    -232.3825823641));
#7921 = CARTESIAN_POINT('',(8.613479038572,-214.4139629144,
    -233.782499004));
#7922 = PCURVE('',#5610,#7923);
#7923 = DEFINITIONAL_REPRESENTATION('',(#7924),#7950);
#7924 = B_SPLINE_CURVE_WITH_KNOTS('',3,(#7925,#7926,#7927,#7928,#7929,
    #7930,#7931,#7932,#7933,#7934,#7935,#7936,#7937,#7938,#7939,#7940,
    #7941,#7942,#7943,#7944,#7945,#7946,#7947,#7948,#7949),
  .UNSPECIFIED.,.F.,.F.,(4,1,1,1,1,1,1,1,1,1,1,1,1,1,1,1,1,1,1,1,1,1,4),
  (7.948461224083E-17,9.123766170136E-02,0.182475323403,0.273712985104,
    0.364950646805,0.456188308507,0.547425970208,0.63866363191,
    0.729901293611,0.821138955312,0.912376617014,1.003614278715,
    1.094851940416,1.186089602118,1.277327263819,1.36856492552,
    1.459802587222,1.551040248923,1.642277910625,1.733515572326,
    1.824753234027,1.915990895729,2.00722855743),.UNSPECIFIED.);
#7925 = CARTESIAN_POINT('',(6.28318530718,55.1082229197));
#7926 = CARTESIAN_POINT('',(6.257631078537,55.108231190538));
#7927 = CARTESIAN_POINT('',(6.205432795335,55.104495391439));
#7928 = CARTESIAN_POINT('',(6.123959700507,55.086349967302));
#7929 = CARTESIAN_POINT('',(6.039385140345,55.054321728547));
#7930 = CARTESIAN_POINT('',(5.951851930162,55.007266936922));
#7931 = CARTESIAN_POINT('',(5.861553383598,54.944275894204));
#7932 = CARTESIAN_POINT('',(5.76874156089,54.864771832717));
#7933 = CARTESIAN_POINT('',(5.673725617748,54.768587293733));
#7934 = CARTESIAN_POINT('',(5.576869379051,54.656028811204));
#7935 = CARTESIAN_POINT('',(5.478585327595,54.52791464921));
#7936 = CARTESIAN_POINT('',(5.379325724486,54.385578955224));
#7937 = CARTESIAN_POINT('',(5.279571028464,54.230837294809));
#7938 = CARTESIAN_POINT('',(5.179816332443,54.065913897513));
#7939 = CARTESIAN_POINT('',(5.080556729334,53.893336188605));
#7940 = CARTESIAN_POINT('',(4.982272677877,53.715806950406));
#7941 = CARTESIAN_POINT('',(4.885416439181,53.536067515962));
#7942 = CARTESIAN_POINT('',(4.790400496038,53.356765966074));
#7943 = CARTESIAN_POINT('',(4.69758867333,53.180343031076));
#7944 = CARTESIAN_POINT('',(4.607290126767,53.008943242384));
#7945 = CARTESIAN_POINT('',(4.519756916584,52.844360525357));
#7946 = CARTESIAN_POINT('',(4.435182356422,52.688000438269));
#7947 = CARTESIAN_POINT('',(4.353709261594,52.540922338839));
#7948 = CARTESIAN_POINT('',(4.301510978392,52.449445449975));
#7949 = CARTESIAN_POINT('',(4.275956749749,52.4054703858));
#7950 = ( GEOMETRIC_REPRESENTATION_CONTEXT(2) 
PARAMETRIC_REPRESENTATION_CONTEXT() REPRESENTATION_CONTEXT('2D SPACE',''
  ) );
#7951 = PCURVE('',#5581,#7952);
#7952 = DEFINITIONAL_REPRESENTATION('',(#7953),#7958);
#7953 = ( BOUNDED_CURVE() B_SPLINE_CURVE(3,(#7954,#7955,#7956,#7957),
.UNSPECIFIED.,.F.,.F.) B_SPLINE_CURVE_WITH_KNOTS((4,4),(
7.948461224083E-17,2.00722855743),.PIECEWISE_BEZIER_KNOTS.) CURVE() 
GEOMETRIC_REPRESENTATION_ITEM() RATIONAL_B_SPLINE_CURVE((1.,
0.691504981891,0.691504981891,1.)) REPRESENTATION_ITEM('') );
#7954 = CARTESIAN_POINT('',(27.545481954852,-6.242944648928));
#7955 = CARTESIAN_POINT('',(35.27015393087,-6.242944648929));
#7956 = CARTESIAN_POINT('',(39.420291675188,-12.88706198736));
#7957 = CARTESIAN_POINT('',(36.155004732051,-20.02626536832));
#7958 = ( GEOMETRIC_REPRESENTATION_CONTEXT(2) 
PARAMETRIC_REPRESENTATION_CONTEXT() REPRESENTATION_CONTEXT('2D SPACE',''
  ) );
#7959 = ORIENTED_EDGE('',*,*,#7846,.T.);
#7960 = ORIENTED_EDGE('',*,*,#7325,.T.);
#7961 = FACE_BOUND('',#7962,.F.);
#7962 = EDGE_LOOP('',(#7963,#7994,#8022,#8051));
#7963 = ORIENTED_EDGE('',*,*,#7964,.F.);
#7964 = EDGE_CURVE('',#7965,#7967,#7969,.T.);
#7965 = VERTEX_POINT('',#7966);
#7966 = CARTESIAN_POINT('',(-3.536826334272,-219.2137163726,
    -227.782499004));
#7967 = VERTEX_POINT('',#7968);
#7968 = CARTESIAN_POINT('',(3.588173670023,-219.1961468548,
    -227.782499004));
#7969 = SURFACE_CURVE('',#7970,(#7975,#7982),.PCURVE_S1.);
#7970 = CIRCLE('',#7971,9.500000000006);
#7971 = AXIS2_PLACEMENT_3D('',#7972,#7973,#7974);
#7972 = CARTESIAN_POINT('',(3.957239419009E-03,-210.3982270678,
    -227.782499004));
#7973 = DIRECTION('',(0.,0.,1.));
#7974 = DIRECTION('',(-0.372714060388,-0.927946242618,0.));
#7975 = PCURVE('',#5610,#7976);
#7976 = DEFINITIONAL_REPRESENTATION('',(#7977),#7981);
#7977 = LINE('',#7978,#7979);
#7978 = CARTESIAN_POINT('',(2.759660784777,58.4054703858));
#7979 = VECTOR('',#7980,1.);
#7980 = DIRECTION('',(1.,0.));
#7981 = ( GEOMETRIC_REPRESENTATION_CONTEXT(2) 
PARAMETRIC_REPRESENTATION_CONTEXT() REPRESENTATION_CONTEXT('2D SPACE',''
  ) );
#7982 = PCURVE('',#7983,#7988);
#7983 = PLANE('',#7984);
#7984 = AXIS2_PLACEMENT_3D('',#7985,#7986,#7987);
#7985 = CARTESIAN_POINT('',(3.957239419009E-03,-210.3982270678,
    -227.782499004));
#7986 = DIRECTION('',(-3.064104139906E-16,-8.673617379884E-16,1.));
#7987 = DIRECTION('',(-1.,2.435520001868E-07,-3.064102027429E-16));
#7988 = DEFINITIONAL_REPRESENTATION('',(#7989),#7993);
#7989 = CIRCLE('',#7990,9.500000000006);
#7990 = AXIS2_PLACEMENT_2D('',#7991,#7992);
#7991 = CARTESIAN_POINT('',(3.461082090251E-21,-1.42108547152E-14));
#7992 = DIRECTION('',(0.372713834385,0.927946333393));
#7993 = ( GEOMETRIC_REPRESENTATION_CONTEXT(2) 
PARAMETRIC_REPRESENTATION_CONTEXT() REPRESENTATION_CONTEXT('2D SPACE',''
  ) );
#7994 = ORIENTED_EDGE('',*,*,#7995,.T.);
#7995 = EDGE_CURVE('',#7965,#7996,#7998,.T.);
#7996 = VERTEX_POINT('',#7997);
#7997 = CARTESIAN_POINT('',(-3.536826334273,-219.2137163726,
    -221.3926684278));
#7998 = SURFACE_CURVE('',#7999,(#8003,#8010),.PCURVE_S1.);
#7999 = LINE('',#8000,#8001);
#8000 = CARTESIAN_POINT('',(-3.536826334272,-219.2137163726,
    -286.1879693898));
#8001 = VECTOR('',#8002,1.);
#8002 = DIRECTION('',(-3.064104139906E-16,-8.673617379884E-16,1.));
#8003 = PCURVE('',#5610,#8004);
#8004 = DEFINITIONAL_REPRESENTATION('',(#8005),#8009);
#8005 = LINE('',#8006,#8007);
#8006 = CARTESIAN_POINT('',(2.759660784777,0.));
#8007 = VECTOR('',#8008,1.);
#8008 = DIRECTION('',(0.,1.));
#8009 = ( GEOMETRIC_REPRESENTATION_CONTEXT(2) 
PARAMETRIC_REPRESENTATION_CONTEXT() REPRESENTATION_CONTEXT('2D SPACE',''
  ) );
#8010 = PCURVE('',#8011,#8016);
#8011 = CYLINDRICAL_SURFACE('',#8012,1.5);
#8012 = AXIS2_PLACEMENT_3D('',#8013,#8014,#8015);
#8013 = CARTESIAN_POINT('',(-2.97775524369,-217.8217970087,
    -286.1879693898));
#8014 = DIRECTION('',(-3.064104139906E-16,-8.673617379884E-16,1.));
#8015 = DIRECTION('',(2.435520026397E-07,1.,8.673618126152E-16));
#8016 = DEFINITIONAL_REPRESENTATION('',(#8017),#8021);
#8017 = LINE('',#8018,#8019);
#8018 = CARTESIAN_POINT('',(2.759660784777,0.));
#8019 = VECTOR('',#8020,1.);
#8020 = DIRECTION('',(0.,1.));
#8021 = ( GEOMETRIC_REPRESENTATION_CONTEXT(2) 
PARAMETRIC_REPRESENTATION_CONTEXT() REPRESENTATION_CONTEXT('2D SPACE',''
  ) );
#8022 = ORIENTED_EDGE('',*,*,#8023,.F.);
#8023 = EDGE_CURVE('',#8024,#7996,#8026,.T.);
#8024 = VERTEX_POINT('',#8025);
#8025 = CARTESIAN_POINT('',(3.588173670023,-219.1961468548,
    -221.3926684278));
#8026 = SURFACE_CURVE('',#8027,(#8032,#8039),.PCURVE_S1.);
#8027 = CIRCLE('',#8028,9.500000000006);
#8028 = AXIS2_PLACEMENT_3D('',#8029,#8030,#8031);
#8029 = CARTESIAN_POINT('',(3.957239419009E-03,-210.3982270678,
    -221.3926684278));
#8030 = DIRECTION('',(0.,-0.,-1.));
#8031 = DIRECTION('',(0.377285940063,-0.926096819685,0.));
#8032 = PCURVE('',#5610,#8033);
#8033 = DEFINITIONAL_REPRESENTATION('',(#8034),#8038);
#8034 = LINE('',#8035,#8036);
#8035 = CARTESIAN_POINT('',(3.528456793996,64.795300962));
#8036 = VECTOR('',#8037,1.);
#8037 = DIRECTION('',(-1.,0.));
#8038 = ( GEOMETRIC_REPRESENTATION_CONTEXT(2) 
PARAMETRIC_REPRESENTATION_CONTEXT() REPRESENTATION_CONTEXT('2D SPACE',''
  ) );
#8039 = PCURVE('',#8040,#8045);
#8040 = PLANE('',#8041);
#8041 = AXIS2_PLACEMENT_3D('',#8042,#8043,#8044);
#8042 = CARTESIAN_POINT('',(3.957239419009E-03,-210.3982270678,
    -221.3926684278));
#8043 = DIRECTION('',(3.064104139906E-16,8.673617379884E-16,-1.));
#8044 = DIRECTION('',(-2.435520001868E-07,-1.,-8.673618126152E-16));
#8045 = DEFINITIONAL_REPRESENTATION('',(#8046),#8050);
#8046 = CIRCLE('',#8047,9.500000000006);
#8047 = AXIS2_PLACEMENT_2D('',#8048,#8049);
#8048 = CARTESIAN_POINT('',(-1.42108547152E-14,3.461082090251E-21));
#8049 = DIRECTION('',(0.926096727796,-0.377286165616));
#8050 = ( GEOMETRIC_REPRESENTATION_CONTEXT(2) 
PARAMETRIC_REPRESENTATION_CONTEXT() REPRESENTATION_CONTEXT('2D SPACE',''
  ) );
#8051 = ORIENTED_EDGE('',*,*,#8052,.F.);
#8052 = EDGE_CURVE('',#7967,#8024,#8053,.T.);
#8053 = SURFACE_CURVE('',#8054,(#8058,#8065),.PCURVE_S1.);
#8054 = LINE('',#8055,#8056);
#8055 = CARTESIAN_POINT('',(3.588173670022,-219.1961468548,
    -286.1879693898));
#8056 = VECTOR('',#8057,1.);
#8057 = DIRECTION('',(-3.064104139906E-16,-8.673617379884E-16,1.));
#8058 = PCURVE('',#5610,#8059);
#8059 = DEFINITIONAL_REPRESENTATION('',(#8060),#8064);
#8060 = LINE('',#8061,#8062);
#8061 = CARTESIAN_POINT('',(3.528456793997,0.));
#8062 = VECTOR('',#8063,1.);
#8063 = DIRECTION('',(0.,1.));
#8064 = ( GEOMETRIC_REPRESENTATION_CONTEXT(2) 
PARAMETRIC_REPRESENTATION_CONTEXT() REPRESENTATION_CONTEXT('2D SPACE',''
  ) );
#8065 = PCURVE('',#8066,#8071);
#8066 = CYLINDRICAL_SURFACE('',#8067,1.5);
#8067 = AXIS2_PLACEMENT_3D('',#8068,#8069,#8070);
#8068 = CARTESIAN_POINT('',(3.022244759926,-217.8070016252,
    -286.1879693898));
#8069 = DIRECTION('',(-3.064104139906E-16,-8.673617379884E-16,1.));
#8070 = DIRECTION('',(2.435520026397E-07,1.,8.673618126152E-16));
#8071 = DEFINITIONAL_REPRESENTATION('',(#8072),#8076);
#8072 = LINE('',#8073,#8074);
#8073 = CARTESIAN_POINT('',(3.528456793997,5.684341886081E-14));
#8074 = VECTOR('',#8075,1.);
#8075 = DIRECTION('',(0.,1.));
#8076 = ( GEOMETRIC_REPRESENTATION_CONTEXT(2) 
PARAMETRIC_REPRESENTATION_CONTEXT() REPRESENTATION_CONTEXT('2D SPACE',''
  ) );
#8077 = ADVANCED_FACE('',(#8078),#8066,.F.);
#8078 = FACE_BOUND('',#8079,.F.);
#8079 = EDGE_LOOP('',(#8080,#8110,#8132,#8133));
#8080 = ORIENTED_EDGE('',*,*,#8081,.F.);
#8081 = EDGE_CURVE('',#8082,#8084,#8086,.T.);
#8082 = VERTEX_POINT('',#8083);
#8083 = CARTESIAN_POINT('',(1.522244759926,-217.8070012599,
    -227.782499004));
#8084 = VERTEX_POINT('',#8085);
#8085 = CARTESIAN_POINT('',(1.522244759926,-217.8070012599,
    -221.3926684278));
#8086 = SURFACE_CURVE('',#8087,(#8091,#8098),.PCURVE_S1.);
#8087 = LINE('',#8088,#8089);
#8088 = CARTESIAN_POINT('',(1.522244759926,-217.8070012599,
    -286.1879693898));
#8089 = VECTOR('',#8090,1.);
#8090 = DIRECTION('',(-3.064104139906E-16,-8.673617379884E-16,1.));
#8091 = PCURVE('',#8066,#8092);
#8092 = DEFINITIONAL_REPRESENTATION('',(#8093),#8097);
#8093 = LINE('',#8094,#8095);
#8094 = CARTESIAN_POINT('',(1.570796326795,5.684341886081E-14));
#8095 = VECTOR('',#8096,1.);
#8096 = DIRECTION('',(0.,1.));
#8097 = ( GEOMETRIC_REPRESENTATION_CONTEXT(2) 
PARAMETRIC_REPRESENTATION_CONTEXT() REPRESENTATION_CONTEXT('2D SPACE',''
  ) );
#8098 = PCURVE('',#8099,#8104);
#8099 = PLANE('',#8100);
#8100 = AXIS2_PLACEMENT_3D('',#8101,#8102,#8103);
#8101 = CARTESIAN_POINT('',(1.522245094849,-216.4318397435,
    -224.5875837159));
#8102 = DIRECTION('',(1.,-2.435517554357E-07,0.));
#8103 = DIRECTION('',(2.435517554357E-07,1.,0.));
#8104 = DEFINITIONAL_REPRESENTATION('',(#8105),#8109);
#8105 = LINE('',#8106,#8107);
#8106 = CARTESIAN_POINT('',(-1.375161516424,-61.6003856739));
#8107 = VECTOR('',#8108,1.);
#8108 = DIRECTION('',(-8.673618126152E-16,1.));
#8109 = ( GEOMETRIC_REPRESENTATION_CONTEXT(2) 
PARAMETRIC_REPRESENTATION_CONTEXT() REPRESENTATION_CONTEXT('2D SPACE',''
  ) );
#8110 = ORIENTED_EDGE('',*,*,#8111,.T.);
#8111 = EDGE_CURVE('',#8082,#7967,#8112,.T.);
#8112 = SURFACE_CURVE('',#8113,(#8118,#8125),.PCURVE_S1.);
#8113 = CIRCLE('',#8114,1.5);
#8114 = AXIS2_PLACEMENT_3D('',#8115,#8116,#8117);
#8115 = CARTESIAN_POINT('',(3.022244759926,-217.8070016252,
    -227.782499004));
#8116 = DIRECTION('',(-3.064104139906E-16,-8.673617379884E-16,1.));
#8117 = DIRECTION('',(2.435520026397E-07,1.,8.673618126152E-16));
#8118 = PCURVE('',#8066,#8119);
#8119 = DEFINITIONAL_REPRESENTATION('',(#8120),#8124);
#8120 = LINE('',#8121,#8122);
#8121 = CARTESIAN_POINT('',(-3.19744231092E-14,58.4054703858));
#8122 = VECTOR('',#8123,1.);
#8123 = DIRECTION('',(1.,0.));
#8124 = ( GEOMETRIC_REPRESENTATION_CONTEXT(2) 
PARAMETRIC_REPRESENTATION_CONTEXT() REPRESENTATION_CONTEXT('2D SPACE',''
  ) );
#8125 = PCURVE('',#7983,#8126);
#8126 = DEFINITIONAL_REPRESENTATION('',(#8127),#8131);
#8127 = CIRCLE('',#8128,1.5);
#8128 = AXIS2_PLACEMENT_2D('',#8129,#8130);
#8129 = CARTESIAN_POINT('',(-3.018289324929,7.408773822368));
#8130 = DIRECTION('',(-2.452900000883E-15,-1.));
#8131 = ( GEOMETRIC_REPRESENTATION_CONTEXT(2) 
PARAMETRIC_REPRESENTATION_CONTEXT() REPRESENTATION_CONTEXT('2D SPACE',''
  ) );
#8132 = ORIENTED_EDGE('',*,*,#8052,.T.);
#8133 = ORIENTED_EDGE('',*,*,#8134,.T.);
#8134 = EDGE_CURVE('',#8024,#8084,#8135,.T.);
#8135 = SURFACE_CURVE('',#8136,(#8141,#8148),.PCURVE_S1.);
#8136 = CIRCLE('',#8137,1.5);
#8137 = AXIS2_PLACEMENT_3D('',#8138,#8139,#8140);
#8138 = CARTESIAN_POINT('',(3.022244759926,-217.8070016252,
    -221.3926684278));
#8139 = DIRECTION('',(3.064104139906E-16,8.673617379884E-16,-1.));
#8140 = DIRECTION('',(-2.435520026397E-07,-1.,-8.673618126152E-16));
#8141 = PCURVE('',#8066,#8142);
#8142 = DEFINITIONAL_REPRESENTATION('',(#8143),#8147);
#8143 = LINE('',#8144,#8145);
#8144 = CARTESIAN_POINT('',(9.424777960769,64.795300962));
#8145 = VECTOR('',#8146,1.);
#8146 = DIRECTION('',(-1.,0.));
#8147 = ( GEOMETRIC_REPRESENTATION_CONTEXT(2) 
PARAMETRIC_REPRESENTATION_CONTEXT() REPRESENTATION_CONTEXT('2D SPACE',''
  ) );
#8148 = PCURVE('',#8040,#8149);
#8149 = DEFINITIONAL_REPRESENTATION('',(#8150),#8154);
#8150 = CIRCLE('',#8151,1.5);
#8151 = AXIS2_PLACEMENT_2D('',#8152,#8153);
#8152 = CARTESIAN_POINT('',(7.408773822368,-3.018289324929));
#8153 = DIRECTION('',(1.,2.452900000883E-15));
#8154 = ( GEOMETRIC_REPRESENTATION_CONTEXT(2) 
PARAMETRIC_REPRESENTATION_CONTEXT() REPRESENTATION_CONTEXT('2D SPACE',''
  ) );
#8155 = ADVANCED_FACE('',(#8156),#8099,.T.);
#8156 = FACE_BOUND('',#8157,.T.);
#8157 = EDGE_LOOP('',(#8158,#8181,#8209,#8230));
#8158 = ORIENTED_EDGE('',*,*,#8159,.F.);
#8159 = EDGE_CURVE('',#8160,#8082,#8162,.T.);
#8160 = VERTEX_POINT('',#8161);
#8161 = CARTESIAN_POINT('',(1.522245429772,-215.0566782271,
    -227.782499004));
#8162 = SURFACE_CURVE('',#8163,(#8167,#8174),.PCURVE_S1.);
#8163 = LINE('',#8164,#8165);
#8164 = CARTESIAN_POINT('',(1.522244759926,-217.8070012599,
    -227.782499004));
#8165 = VECTOR('',#8166,1.);
#8166 = DIRECTION('',(-2.435520001868E-07,-1.,-8.673618126152E-16));
#8167 = PCURVE('',#8099,#8168);
#8168 = DEFINITIONAL_REPRESENTATION('',(#8169),#8173);
#8169 = LINE('',#8170,#8171);
#8170 = CARTESIAN_POINT('',(-1.375161516424,-3.1949152881));
#8171 = VECTOR('',#8172,1.);
#8172 = DIRECTION('',(-1.,-8.673618126152E-16));
#8173 = ( GEOMETRIC_REPRESENTATION_CONTEXT(2) 
PARAMETRIC_REPRESENTATION_CONTEXT() REPRESENTATION_CONTEXT('2D SPACE',''
  ) );
#8174 = PCURVE('',#7983,#8175);
#8175 = DEFINITIONAL_REPRESENTATION('',(#8176),#8180);
#8176 = LINE('',#8177,#8178);
#8177 = CARTESIAN_POINT('',(-1.518289324929,7.408773822368));
#8178 = VECTOR('',#8179,1.);
#8179 = DIRECTION('',(0.,1.));
#8180 = ( GEOMETRIC_REPRESENTATION_CONTEXT(2) 
PARAMETRIC_REPRESENTATION_CONTEXT() REPRESENTATION_CONTEXT('2D SPACE',''
  ) );
#8181 = ORIENTED_EDGE('',*,*,#8182,.T.);
#8182 = EDGE_CURVE('',#8160,#8183,#8185,.T.);
#8183 = VERTEX_POINT('',#8184);
#8184 = CARTESIAN_POINT('',(1.522245429772,-215.0566782271,
    -221.3926684278));
#8185 = SURFACE_CURVE('',#8186,(#8190,#8197),.PCURVE_S1.);
#8186 = LINE('',#8187,#8188);
#8187 = CARTESIAN_POINT('',(1.522245429772,-215.0566782271,
    -286.1879693898));
#8188 = VECTOR('',#8189,1.);
#8189 = DIRECTION('',(-3.064104139906E-16,-8.673617379884E-16,1.));
#8190 = PCURVE('',#8099,#8191);
#8191 = DEFINITIONAL_REPRESENTATION('',(#8192),#8196);
#8192 = LINE('',#8193,#8194);
#8193 = CARTESIAN_POINT('',(1.375161516425,-61.6003856739));
#8194 = VECTOR('',#8195,1.);
#8195 = DIRECTION('',(-8.673618126152E-16,1.));
#8196 = ( GEOMETRIC_REPRESENTATION_CONTEXT(2) 
PARAMETRIC_REPRESENTATION_CONTEXT() REPRESENTATION_CONTEXT('2D SPACE',''
  ) );
#8197 = PCURVE('',#8198,#8203);
#8198 = PLANE('',#8199);
#8199 = AXIS2_PLACEMENT_3D('',#8200,#8201,#8202);
#8200 = CARTESIAN_POINT('',(1.522245429772,-215.0566782271,
    -286.1879693898));
#8201 = DIRECTION('',(0.989994081967,0.141108885863,4.257369449936E-16)
  );
#8202 = DIRECTION('',(-3.064104139925E-16,-8.673617379884E-16,1.));
#8203 = DEFINITIONAL_REPRESENTATION('',(#8204),#8208);
#8204 = LINE('',#8205,#8206);
#8205 = CARTESIAN_POINT('',(0.,0.));
#8206 = VECTOR('',#8207,1.);
#8207 = DIRECTION('',(1.,2.395178923477E-28));
#8208 = ( GEOMETRIC_REPRESENTATION_CONTEXT(2) 
PARAMETRIC_REPRESENTATION_CONTEXT() REPRESENTATION_CONTEXT('2D SPACE',''
  ) );
#8209 = ORIENTED_EDGE('',*,*,#8210,.F.);
#8210 = EDGE_CURVE('',#8084,#8183,#8211,.T.);
#8211 = SURFACE_CURVE('',#8212,(#8216,#8223),.PCURVE_S1.);
#8212 = LINE('',#8213,#8214);
#8213 = CARTESIAN_POINT('',(1.522244759926,-217.8070012599,
    -221.3926684278));
#8214 = VECTOR('',#8215,1.);
#8215 = DIRECTION('',(2.435520001868E-07,1.,8.673618126152E-16));
#8216 = PCURVE('',#8099,#8217);
#8217 = DEFINITIONAL_REPRESENTATION('',(#8218),#8222);
#8218 = LINE('',#8219,#8220);
#8219 = CARTESIAN_POINT('',(-1.375161516424,3.1949152881));
#8220 = VECTOR('',#8221,1.);
#8221 = DIRECTION('',(1.,8.673618126152E-16));
#8222 = ( GEOMETRIC_REPRESENTATION_CONTEXT(2) 
PARAMETRIC_REPRESENTATION_CONTEXT() REPRESENTATION_CONTEXT('2D SPACE',''
  ) );
#8223 = PCURVE('',#8040,#8224);
#8224 = DEFINITIONAL_REPRESENTATION('',(#8225),#8229);
#8225 = LINE('',#8226,#8227);
#8226 = CARTESIAN_POINT('',(7.408773822368,-1.518289324929));
#8227 = VECTOR('',#8228,1.);
#8228 = DIRECTION('',(-1.,0.));
#8229 = ( GEOMETRIC_REPRESENTATION_CONTEXT(2) 
PARAMETRIC_REPRESENTATION_CONTEXT() REPRESENTATION_CONTEXT('2D SPACE',''
  ) );
#8230 = ORIENTED_EDGE('',*,*,#8081,.F.);
#8231 = ADVANCED_FACE('',(#8232),#8198,.T.);
#8232 = FACE_BOUND('',#8233,.T.);
#8233 = EDGE_LOOP('',(#8234,#8257,#8258,#8281));
#8234 = ORIENTED_EDGE('',*,*,#8235,.F.);
#8235 = EDGE_CURVE('',#8183,#8236,#8238,.T.);
#8236 = VERTEX_POINT('',#8237);
#8237 = CARTESIAN_POINT('',(0.858252749868,-210.3982272758,
    -221.3926684278));
#8238 = SURFACE_CURVE('',#8239,(#8243,#8250),.PCURVE_S1.);
#8239 = LINE('',#8240,#8241);
#8240 = CARTESIAN_POINT('',(1.522245429772,-215.0566782271,
    -221.3926684278));
#8241 = VECTOR('',#8242,1.);
#8242 = DIRECTION('',(-0.141108885863,0.989994081967,8.154457554019E-16)
  );
#8243 = PCURVE('',#8198,#8244);
#8244 = DEFINITIONAL_REPRESENTATION('',(#8245),#8249);
#8245 = LINE('',#8246,#8247);
#8246 = CARTESIAN_POINT('',(64.795300962,-4.981327785738E-14));
#8247 = VECTOR('',#8248,1.);
#8248 = DIRECTION('',(3.74604159391E-27,-1.));
#8249 = ( GEOMETRIC_REPRESENTATION_CONTEXT(2) 
PARAMETRIC_REPRESENTATION_CONTEXT() REPRESENTATION_CONTEXT('2D SPACE',''
  ) );
#8250 = PCURVE('',#8040,#8251);
#8251 = DEFINITIONAL_REPRESENTATION('',(#8252),#8256);
#8252 = LINE('',#8253,#8254);
#8253 = CARTESIAN_POINT('',(4.658450789519,-1.518289324928));
#8254 = VECTOR('',#8255,1.);
#8255 = DIRECTION('',(-0.9899940476,0.141109126978));
#8256 = ( GEOMETRIC_REPRESENTATION_CONTEXT(2) 
PARAMETRIC_REPRESENTATION_CONTEXT() REPRESENTATION_CONTEXT('2D SPACE',''
  ) );
#8257 = ORIENTED_EDGE('',*,*,#8182,.F.);
#8258 = ORIENTED_EDGE('',*,*,#8259,.F.);
#8259 = EDGE_CURVE('',#8260,#8160,#8262,.T.);
#8260 = VERTEX_POINT('',#8261);
#8261 = CARTESIAN_POINT('',(0.858252749868,-210.3982272758,
    -227.782499004));
#8262 = SURFACE_CURVE('',#8263,(#8267,#8274),.PCURVE_S1.);
#8263 = LINE('',#8264,#8265);
#8264 = CARTESIAN_POINT('',(1.522245429772,-215.0566782271,
    -227.782499004));
#8265 = VECTOR('',#8266,1.);
#8266 = DIRECTION('',(0.141108885863,-0.989994081967,-8.154457554019E-16
    ));
#8267 = PCURVE('',#8198,#8268);
#8268 = DEFINITIONAL_REPRESENTATION('',(#8269),#8273);
#8269 = LINE('',#8270,#8271);
#8270 = CARTESIAN_POINT('',(58.4054703858,-5.163704867018E-14));
#8271 = VECTOR('',#8272,1.);
#8272 = DIRECTION('',(-3.74604159391E-27,1.));
#8273 = ( GEOMETRIC_REPRESENTATION_CONTEXT(2) 
PARAMETRIC_REPRESENTATION_CONTEXT() REPRESENTATION_CONTEXT('2D SPACE',''
  ) );
#8274 = PCURVE('',#7983,#8275);
#8275 = DEFINITIONAL_REPRESENTATION('',(#8276),#8280);
#8276 = LINE('',#8277,#8278);
#8277 = CARTESIAN_POINT('',(-1.518289324928,4.658450789519));
#8278 = VECTOR('',#8279,1.);
#8279 = DIRECTION('',(-0.141109126978,0.9899940476));
#8280 = ( GEOMETRIC_REPRESENTATION_CONTEXT(2) 
PARAMETRIC_REPRESENTATION_CONTEXT() REPRESENTATION_CONTEXT('2D SPACE',''
  ) );
#8281 = ORIENTED_EDGE('',*,*,#8282,.T.);
#8282 = EDGE_CURVE('',#8260,#8236,#8283,.T.);
#8283 = SURFACE_CURVE('',#8284,(#8288,#8295),.PCURVE_S1.);
#8284 = LINE('',#8285,#8286);
#8285 = CARTESIAN_POINT('',(0.858252749868,-210.3982272758,
    -286.1879693898));
#8286 = VECTOR('',#8287,1.);
#8287 = DIRECTION('',(-3.064104139906E-16,-8.673617379884E-16,1.));
#8288 = PCURVE('',#8198,#8289);
#8289 = DEFINITIONAL_REPRESENTATION('',(#8290),#8294);
#8290 = LINE('',#8291,#8292);
#8291 = CARTESIAN_POINT('',(-3.83710784146E-15,-4.705534140142));
#8292 = VECTOR('',#8293,1.);
#8293 = DIRECTION('',(1.,2.395178923477E-28));
#8294 = ( GEOMETRIC_REPRESENTATION_CONTEXT(2) 
PARAMETRIC_REPRESENTATION_CONTEXT() REPRESENTATION_CONTEXT('2D SPACE',''
  ) );
#8295 = PCURVE('',#8296,#8301);
#8296 = PLANE('',#8297);
#8297 = AXIS2_PLACEMENT_3D('',#8298,#8299,#8300);
#8298 = CARTESIAN_POINT('',(0.858252749868,-210.3982272758,
    -286.1879693898));
#8299 = DIRECTION('',(2.435520001868E-07,1.,8.673618126152E-16));
#8300 = DIRECTION('',(-1.,2.435520001868E-07,-3.064102027429E-16));
#8301 = DEFINITIONAL_REPRESENTATION('',(#8302),#8306);
#8302 = LINE('',#8303,#8304);
#8303 = CARTESIAN_POINT('',(0.,0.));
#8304 = VECTOR('',#8305,1.);
#8305 = DIRECTION('',(1.405158487425E-29,1.));
#8306 = ( GEOMETRIC_REPRESENTATION_CONTEXT(2) 
PARAMETRIC_REPRESENTATION_CONTEXT() REPRESENTATION_CONTEXT('2D SPACE',''
  ) );
#8307 = ADVANCED_FACE('',(#8308),#8296,.T.);
#8308 = FACE_BOUND('',#8309,.T.);
#8309 = EDGE_LOOP('',(#8310,#8333,#8334,#8357));
#8310 = ORIENTED_EDGE('',*,*,#8311,.F.);
#8311 = EDGE_CURVE('',#8236,#8312,#8314,.T.);
#8312 = VERTEX_POINT('',#8313);
#8313 = CARTESIAN_POINT('',(-0.85033827103,-210.3982268597,
    -221.3926684278));
#8314 = SURFACE_CURVE('',#8315,(#8319,#8326),.PCURVE_S1.);
#8315 = LINE('',#8316,#8317);
#8316 = CARTESIAN_POINT('',(0.858252749868,-210.3982272758,
    -221.3926684278));
#8317 = VECTOR('',#8318,1.);
#8318 = DIRECTION('',(-1.,2.435520001868E-07,-3.064102027429E-16));
#8319 = PCURVE('',#8296,#8320);
#8320 = DEFINITIONAL_REPRESENTATION('',(#8321),#8325);
#8321 = LINE('',#8322,#8323);
#8322 = CARTESIAN_POINT('',(-1.985395514888E-14,64.795300962));
#8323 = VECTOR('',#8324,1.);
#8324 = DIRECTION('',(1.,-2.465190328816E-31));
#8325 = ( GEOMETRIC_REPRESENTATION_CONTEXT(2) 
PARAMETRIC_REPRESENTATION_CONTEXT() REPRESENTATION_CONTEXT('2D SPACE',''
  ) );
#8326 = PCURVE('',#8040,#8327);
#8327 = DEFINITIONAL_REPRESENTATION('',(#8328),#8332);
#8328 = LINE('',#8329,#8330);
#8329 = CARTESIAN_POINT('',(-3.839772728785E-13,-0.854295510449));
#8330 = VECTOR('',#8331,1.);
#8331 = DIRECTION('',(0.,1.));
#8332 = ( GEOMETRIC_REPRESENTATION_CONTEXT(2) 
PARAMETRIC_REPRESENTATION_CONTEXT() REPRESENTATION_CONTEXT('2D SPACE',''
  ) );
#8333 = ORIENTED_EDGE('',*,*,#8282,.F.);
#8334 = ORIENTED_EDGE('',*,*,#8335,.F.);
#8335 = EDGE_CURVE('',#8336,#8260,#8338,.T.);
#8336 = VERTEX_POINT('',#8337);
#8337 = CARTESIAN_POINT('',(-0.85033827103,-210.3982268597,
    -227.782499004));
#8338 = SURFACE_CURVE('',#8339,(#8343,#8350),.PCURVE_S1.);
#8339 = LINE('',#8340,#8341);
#8340 = CARTESIAN_POINT('',(0.858252749868,-210.3982272758,
    -227.782499004));
#8341 = VECTOR('',#8342,1.);
#8342 = DIRECTION('',(1.,-2.435520001868E-07,3.064102027429E-16));
#8343 = PCURVE('',#8296,#8344);
#8344 = DEFINITIONAL_REPRESENTATION('',(#8345),#8349);
#8345 = LINE('',#8346,#8347);
#8346 = CARTESIAN_POINT('',(-1.789604413599E-14,58.4054703858));
#8347 = VECTOR('',#8348,1.);
#8348 = DIRECTION('',(-1.,2.465190328816E-31));
#8349 = ( GEOMETRIC_REPRESENTATION_CONTEXT(2) 
PARAMETRIC_REPRESENTATION_CONTEXT() REPRESENTATION_CONTEXT('2D SPACE',''
  ) );
#8350 = PCURVE('',#7983,#8351);
#8351 = DEFINITIONAL_REPRESENTATION('',(#8352),#8356);
#8352 = LINE('',#8353,#8354);
#8353 = CARTESIAN_POINT('',(-0.854295510449,-3.839772728785E-13));
#8354 = VECTOR('',#8355,1.);
#8355 = DIRECTION('',(-1.,0.));
#8356 = ( GEOMETRIC_REPRESENTATION_CONTEXT(2) 
PARAMETRIC_REPRESENTATION_CONTEXT() REPRESENTATION_CONTEXT('2D SPACE',''
  ) );
#8357 = ORIENTED_EDGE('',*,*,#8358,.T.);
#8358 = EDGE_CURVE('',#8336,#8312,#8359,.T.);
#8359 = SURFACE_CURVE('',#8360,(#8364,#8371),.PCURVE_S1.);
#8360 = LINE('',#8361,#8362);
#8361 = CARTESIAN_POINT('',(-0.85033827103,-210.3982268597,
    -286.1879693898));
#8362 = VECTOR('',#8363,1.);
#8363 = DIRECTION('',(-3.064104139906E-16,-8.673617379884E-16,1.));
#8364 = PCURVE('',#8296,#8365);
#8365 = DEFINITIONAL_REPRESENTATION('',(#8366),#8370);
#8366 = LINE('',#8367,#8368);
#8367 = CARTESIAN_POINT('',(1.708591020898,5.235297211181E-16));
#8368 = VECTOR('',#8369,1.);
#8369 = DIRECTION('',(1.405158487425E-29,1.));
#8370 = ( GEOMETRIC_REPRESENTATION_CONTEXT(2) 
PARAMETRIC_REPRESENTATION_CONTEXT() REPRESENTATION_CONTEXT('2D SPACE',''
  ) );
#8371 = PCURVE('',#8372,#8377);
#8372 = PLANE('',#8373);
#8373 = AXIS2_PLACEMENT_3D('',#8374,#8375,#8376);
#8374 = CARTESIAN_POINT('',(-0.85033827103,-210.3982268597,
    -286.1879693898));
#8375 = DIRECTION('',(-0.989728322025,0.142961003706,-1.792641602524E-16
    ));
#8376 = DIRECTION('',(3.06410413992E-16,8.673617379884E-16,-1.));
#8377 = DEFINITIONAL_REPRESENTATION('',(#8378),#8382);
#8378 = LINE('',#8379,#8380);
#8379 = CARTESIAN_POINT('',(0.,-0.));
#8380 = VECTOR('',#8381,1.);
#8381 = DIRECTION('',(-1.,-1.850618379842E-28));
#8382 = ( GEOMETRIC_REPRESENTATION_CONTEXT(2) 
PARAMETRIC_REPRESENTATION_CONTEXT() REPRESENTATION_CONTEXT('2D SPACE',''
  ) );
#8383 = ADVANCED_FACE('',(#8384),#8372,.T.);
#8384 = FACE_BOUND('',#8385,.T.);
#8385 = EDGE_LOOP('',(#8386,#8409,#8410,#8433));
#8386 = ORIENTED_EDGE('',*,*,#8387,.F.);
#8387 = EDGE_CURVE('',#8312,#8388,#8390,.T.);
#8388 = VERTEX_POINT('',#8389);
#8389 = CARTESIAN_POINT('',(-1.477754493567,-214.7418701544,
    -221.3926684278));
#8390 = SURFACE_CURVE('',#8391,(#8395,#8402),.PCURVE_S1.);
#8391 = LINE('',#8392,#8393);
#8392 = CARTESIAN_POINT('',(-0.85033827103,-210.3982268597,
    -221.3926684278));
#8393 = VECTOR('',#8394,1.);
#8394 = DIRECTION('',(-0.142961003706,-0.989728322025,
    -9.022572178618E-16));
#8395 = PCURVE('',#8372,#8396);
#8396 = DEFINITIONAL_REPRESENTATION('',(#8397),#8401);
#8397 = LINE('',#8398,#8399);
#8398 = CARTESIAN_POINT('',(-64.795300962,-5.643042992268E-14));
#8399 = VECTOR('',#8400,1.);
#8400 = DIRECTION('',(3.200741493176E-27,1.));
#8401 = ( GEOMETRIC_REPRESENTATION_CONTEXT(2) 
PARAMETRIC_REPRESENTATION_CONTEXT() REPRESENTATION_CONTEXT('2D SPACE',''
  ) );
#8402 = PCURVE('',#8040,#8403);
#8403 = DEFINITIONAL_REPRESENTATION('',(#8404),#8408);
#8404 = LINE('',#8405,#8406);
#8405 = CARTESIAN_POINT('',(-6.178879810757E-13,0.854295510449));
#8406 = VECTOR('',#8407,1.);
#8407 = DIRECTION('',(0.989728356844,0.142960762656));
#8408 = ( GEOMETRIC_REPRESENTATION_CONTEXT(2) 
PARAMETRIC_REPRESENTATION_CONTEXT() REPRESENTATION_CONTEXT('2D SPACE',''
  ) );
#8409 = ORIENTED_EDGE('',*,*,#8358,.F.);
#8410 = ORIENTED_EDGE('',*,*,#8411,.F.);
#8411 = EDGE_CURVE('',#8412,#8336,#8414,.T.);
#8412 = VERTEX_POINT('',#8413);
#8413 = CARTESIAN_POINT('',(-1.477754493567,-214.7418701544,
    -227.782499004));
#8414 = SURFACE_CURVE('',#8415,(#8419,#8426),.PCURVE_S1.);
#8415 = LINE('',#8416,#8417);
#8416 = CARTESIAN_POINT('',(-0.85033827103,-210.3982268597,
    -227.782499004));
#8417 = VECTOR('',#8418,1.);
#8418 = DIRECTION('',(0.142961003706,0.989728322025,9.022572178618E-16)
  );
#8419 = PCURVE('',#8372,#8420);
#8420 = DEFINITIONAL_REPRESENTATION('',(#8421),#8425);
#8421 = LINE('',#8422,#8423);
#8422 = CARTESIAN_POINT('',(-58.4054703858,-5.066515916441E-14));
#8423 = VECTOR('',#8424,1.);
#8424 = DIRECTION('',(-3.200741493176E-27,-1.));
#8425 = ( GEOMETRIC_REPRESENTATION_CONTEXT(2) 
PARAMETRIC_REPRESENTATION_CONTEXT() REPRESENTATION_CONTEXT('2D SPACE',''
  ) );
#8426 = PCURVE('',#7983,#8427);
#8427 = DEFINITIONAL_REPRESENTATION('',(#8428),#8432);
#8428 = LINE('',#8429,#8430);
#8429 = CARTESIAN_POINT('',(0.854295510449,-6.178879810757E-13));
#8430 = VECTOR('',#8431,1.);
#8431 = DIRECTION('',(-0.142960762656,-0.989728356844));
#8432 = ( GEOMETRIC_REPRESENTATION_CONTEXT(2) 
PARAMETRIC_REPRESENTATION_CONTEXT() REPRESENTATION_CONTEXT('2D SPACE',''
  ) );
#8433 = ORIENTED_EDGE('',*,*,#8434,.T.);
#8434 = EDGE_CURVE('',#8412,#8388,#8435,.T.);
#8435 = SURFACE_CURVE('',#8436,(#8440,#8447),.PCURVE_S1.);
#8436 = LINE('',#8437,#8438);
#8437 = CARTESIAN_POINT('',(-1.477754493567,-214.7418701544,
    -286.1879693898));
#8438 = VECTOR('',#8439,1.);
#8439 = DIRECTION('',(-3.064104139906E-16,-8.673617379884E-16,1.));
#8440 = PCURVE('',#8372,#8441);
#8441 = DEFINITIONAL_REPRESENTATION('',(#8442),#8446);
#8442 = LINE('',#8443,#8444);
#8443 = CARTESIAN_POINT('',(-3.959756861755E-15,4.38872284242));
#8444 = VECTOR('',#8445,1.);
#8445 = DIRECTION('',(-1.,-1.850618379842E-28));
#8446 = ( GEOMETRIC_REPRESENTATION_CONTEXT(2) 
PARAMETRIC_REPRESENTATION_CONTEXT() REPRESENTATION_CONTEXT('2D SPACE',''
  ) );
#8447 = PCURVE('',#8448,#8453);
#8448 = PLANE('',#8449);
#8449 = AXIS2_PLACEMENT_3D('',#8450,#8451,#8452);
#8450 = CARTESIAN_POINT('',(-1.477754493567,-214.7418701544,
    -286.1879693898));
#8451 = DIRECTION('',(-1.,2.435519956809E-07,-3.064102027429E-16));
#8452 = DIRECTION('',(-2.435519956809E-07,-1.,-8.673618126152E-16));
#8453 = DEFINITIONAL_REPRESENTATION('',(#8454),#8458);
#8454 = LINE('',#8455,#8456);
#8455 = CARTESIAN_POINT('',(-0.,0.));
#8456 = VECTOR('',#8457,1.);
#8457 = DIRECTION('',(6.817042431526E-29,1.));
#8458 = ( GEOMETRIC_REPRESENTATION_CONTEXT(2) 
PARAMETRIC_REPRESENTATION_CONTEXT() REPRESENTATION_CONTEXT('2D SPACE',''
  ) );
#8459 = ADVANCED_FACE('',(#8460),#8448,.T.);
#8460 = FACE_BOUND('',#8461,.T.);
#8461 = EDGE_LOOP('',(#8462,#8485,#8486,#8509));
#8462 = ORIENTED_EDGE('',*,*,#8463,.F.);
#8463 = EDGE_CURVE('',#8388,#8464,#8466,.T.);
#8464 = VERTEX_POINT('',#8465);
#8465 = CARTESIAN_POINT('',(-1.47775524369,-217.821797374,
    -221.3926684278));
#8466 = SURFACE_CURVE('',#8467,(#8471,#8478),.PCURVE_S1.);
#8467 = LINE('',#8468,#8469);
#8468 = CARTESIAN_POINT('',(-1.477754493567,-214.7418701544,
    -221.3926684278));
#8469 = VECTOR('',#8470,1.);
#8470 = DIRECTION('',(-2.435519956809E-07,-1.,-8.673618126152E-16));
#8471 = PCURVE('',#8448,#8472);
#8472 = DEFINITIONAL_REPRESENTATION('',(#8473),#8477);
#8473 = LINE('',#8474,#8475);
#8474 = CARTESIAN_POINT('',(-5.620096623026E-14,64.795300962));
#8475 = VECTOR('',#8476,1.);
#8476 = DIRECTION('',(1.,-4.60474450727E-31));
#8477 = ( GEOMETRIC_REPRESENTATION_CONTEXT(2) 
PARAMETRIC_REPRESENTATION_CONTEXT() REPRESENTATION_CONTEXT('2D SPACE',''
  ) );
#8478 = PCURVE('',#8040,#8479);
#8479 = DEFINITIONAL_REPRESENTATION('',(#8480),#8484);
#8480 = LINE('',#8481,#8482);
#8481 = CARTESIAN_POINT('',(4.343643447472,1.481710675083));
#8482 = VECTOR('',#8483,1.);
#8483 = DIRECTION('',(1.,-4.505900024318E-15));
#8484 = ( GEOMETRIC_REPRESENTATION_CONTEXT(2) 
PARAMETRIC_REPRESENTATION_CONTEXT() REPRESENTATION_CONTEXT('2D SPACE',''
  ) );
#8485 = ORIENTED_EDGE('',*,*,#8434,.F.);
#8486 = ORIENTED_EDGE('',*,*,#8487,.F.);
#8487 = EDGE_CURVE('',#8488,#8412,#8490,.T.);
#8488 = VERTEX_POINT('',#8489);
#8489 = CARTESIAN_POINT('',(-1.47775524369,-217.821797374,-227.782499004
    ));
#8490 = SURFACE_CURVE('',#8491,(#8495,#8502),.PCURVE_S1.);
#8491 = LINE('',#8492,#8493);
#8492 = CARTESIAN_POINT('',(-1.477754493567,-214.7418701544,
    -227.782499004));
#8493 = VECTOR('',#8494,1.);
#8494 = DIRECTION('',(2.435519956809E-07,1.,8.673618126152E-16));
#8495 = PCURVE('',#8448,#8496);
#8496 = DEFINITIONAL_REPRESENTATION('',(#8497),#8501);
#8497 = LINE('',#8498,#8499);
#8498 = CARTESIAN_POINT('',(-5.065867119939E-14,58.4054703858));
#8499 = VECTOR('',#8500,1.);
#8500 = DIRECTION('',(-1.,4.60474450727E-31));
#8501 = ( GEOMETRIC_REPRESENTATION_CONTEXT(2) 
PARAMETRIC_REPRESENTATION_CONTEXT() REPRESENTATION_CONTEXT('2D SPACE',''
  ) );
#8502 = PCURVE('',#7983,#8503);
#8503 = DEFINITIONAL_REPRESENTATION('',(#8504),#8508);
#8504 = LINE('',#8505,#8506);
#8505 = CARTESIAN_POINT('',(1.481710675083,4.343643447472));
#8506 = VECTOR('',#8507,1.);
#8507 = DIRECTION('',(4.505900024318E-15,-1.));
#8508 = ( GEOMETRIC_REPRESENTATION_CONTEXT(2) 
PARAMETRIC_REPRESENTATION_CONTEXT() REPRESENTATION_CONTEXT('2D SPACE',''
  ) );
#8509 = ORIENTED_EDGE('',*,*,#8510,.T.);
#8510 = EDGE_CURVE('',#8488,#8464,#8511,.T.);
#8511 = SURFACE_CURVE('',#8512,(#8516,#8523),.PCURVE_S1.);
#8512 = LINE('',#8513,#8514);
#8513 = CARTESIAN_POINT('',(-1.47775524369,-217.821797374,
    -286.1879693898));
#8514 = VECTOR('',#8515,1.);
#8515 = DIRECTION('',(-3.064104139906E-16,-8.673617379884E-16,1.));
#8516 = PCURVE('',#8448,#8517);
#8517 = DEFINITIONAL_REPRESENTATION('',(#8518),#8522);
#8518 = LINE('',#8519,#8520);
#8519 = CARTESIAN_POINT('',(3.079927219677,2.671411255982E-15));
#8520 = VECTOR('',#8521,1.);
#8521 = DIRECTION('',(6.817042431526E-29,1.));
#8522 = ( GEOMETRIC_REPRESENTATION_CONTEXT(2) 
PARAMETRIC_REPRESENTATION_CONTEXT() REPRESENTATION_CONTEXT('2D SPACE',''
  ) );
#8523 = PCURVE('',#8011,#8524);
#8524 = DEFINITIONAL_REPRESENTATION('',(#8525),#8529);
#8525 = LINE('',#8526,#8527);
#8526 = CARTESIAN_POINT('',(4.712388980385,0.));
#8527 = VECTOR('',#8528,1.);
#8528 = DIRECTION('',(0.,1.));
#8529 = ( GEOMETRIC_REPRESENTATION_CONTEXT(2) 
PARAMETRIC_REPRESENTATION_CONTEXT() REPRESENTATION_CONTEXT('2D SPACE',''
  ) );
#8530 = ADVANCED_FACE('',(#8531),#8040,.F.);
#8531 = FACE_BOUND('',#8532,.T.);
#8532 = EDGE_LOOP('',(#8533,#8534,#8535,#8536,#8537,#8538,#8539,#8561));
#8533 = ORIENTED_EDGE('',*,*,#8134,.T.);
#8534 = ORIENTED_EDGE('',*,*,#8210,.T.);
#8535 = ORIENTED_EDGE('',*,*,#8235,.T.);
#8536 = ORIENTED_EDGE('',*,*,#8311,.T.);
#8537 = ORIENTED_EDGE('',*,*,#8387,.T.);
#8538 = ORIENTED_EDGE('',*,*,#8463,.T.);
#8539 = ORIENTED_EDGE('',*,*,#8540,.T.);
#8540 = EDGE_CURVE('',#8464,#7996,#8541,.T.);
#8541 = SURFACE_CURVE('',#8542,(#8547,#8554),.PCURVE_S1.);
#8542 = CIRCLE('',#8543,1.5);
#8543 = AXIS2_PLACEMENT_3D('',#8544,#8545,#8546);
#8544 = CARTESIAN_POINT('',(-2.97775524369,-217.8217970087,
    -221.3926684278));
#8545 = DIRECTION('',(3.064104139906E-16,8.673617379884E-16,-1.));
#8546 = DIRECTION('',(-2.435520026397E-07,-1.,-8.673618126152E-16));
#8547 = PCURVE('',#8040,#8548);
#8548 = DEFINITIONAL_REPRESENTATION('',(#8549),#8553);
#8549 = CIRCLE('',#8550,1.5);
#8550 = AXIS2_PLACEMENT_2D('',#8551,#8552);
#8551 = CARTESIAN_POINT('',(7.423570667149,2.981710675084));
#8552 = DIRECTION('',(1.,2.452900000883E-15));
#8553 = ( GEOMETRIC_REPRESENTATION_CONTEXT(2) 
PARAMETRIC_REPRESENTATION_CONTEXT() REPRESENTATION_CONTEXT('2D SPACE',''
  ) );
#8554 = PCURVE('',#8011,#8555);
#8555 = DEFINITIONAL_REPRESENTATION('',(#8556),#8560);
#8556 = LINE('',#8557,#8558);
#8557 = CARTESIAN_POINT('',(9.424777960769,64.795300962));
#8558 = VECTOR('',#8559,1.);
#8559 = DIRECTION('',(-1.,0.));
#8560 = ( GEOMETRIC_REPRESENTATION_CONTEXT(2) 
PARAMETRIC_REPRESENTATION_CONTEXT() REPRESENTATION_CONTEXT('2D SPACE',''
  ) );
#8561 = ORIENTED_EDGE('',*,*,#8023,.F.);
#8562 = ADVANCED_FACE('',(#8563),#8011,.F.);
#8563 = FACE_BOUND('',#8564,.F.);
#8564 = EDGE_LOOP('',(#8565,#8566,#8588,#8589));
#8565 = ORIENTED_EDGE('',*,*,#7995,.F.);
#8566 = ORIENTED_EDGE('',*,*,#8567,.T.);
#8567 = EDGE_CURVE('',#7965,#8488,#8568,.T.);
#8568 = SURFACE_CURVE('',#8569,(#8574,#8581),.PCURVE_S1.);
#8569 = CIRCLE('',#8570,1.5);
#8570 = AXIS2_PLACEMENT_3D('',#8571,#8572,#8573);
#8571 = CARTESIAN_POINT('',(-2.97775524369,-217.8217970087,
    -227.782499004));
#8572 = DIRECTION('',(-3.064104139906E-16,-8.673617379884E-16,1.));
#8573 = DIRECTION('',(2.435520026397E-07,1.,8.673618126152E-16));
#8574 = PCURVE('',#8011,#8575);
#8575 = DEFINITIONAL_REPRESENTATION('',(#8576),#8580);
#8576 = LINE('',#8577,#8578);
#8577 = CARTESIAN_POINT('',(3.10862446895E-15,58.4054703858));
#8578 = VECTOR('',#8579,1.);
#8579 = DIRECTION('',(1.,0.));
#8580 = ( GEOMETRIC_REPRESENTATION_CONTEXT(2) 
PARAMETRIC_REPRESENTATION_CONTEXT() REPRESENTATION_CONTEXT('2D SPACE',''
  ) );
#8581 = PCURVE('',#7983,#8582);
#8582 = DEFINITIONAL_REPRESENTATION('',(#8583),#8587);
#8583 = CIRCLE('',#8584,1.5);
#8584 = AXIS2_PLACEMENT_2D('',#8585,#8586);
#8585 = CARTESIAN_POINT('',(2.981710675084,7.423570667149));
#8586 = DIRECTION('',(-2.452900000883E-15,-1.));
#8587 = ( GEOMETRIC_REPRESENTATION_CONTEXT(2) 
PARAMETRIC_REPRESENTATION_CONTEXT() REPRESENTATION_CONTEXT('2D SPACE',''
  ) );
#8588 = ORIENTED_EDGE('',*,*,#8510,.T.);
#8589 = ORIENTED_EDGE('',*,*,#8540,.T.);
#8590 = ADVANCED_FACE('',(#8591),#7983,.F.);
#8591 = FACE_BOUND('',#8592,.T.);
#8592 = EDGE_LOOP('',(#8593,#8594,#8595,#8596,#8597,#8598,#8599,#8600));
#8593 = ORIENTED_EDGE('',*,*,#8111,.T.);
#8594 = ORIENTED_EDGE('',*,*,#7964,.F.);
#8595 = ORIENTED_EDGE('',*,*,#8567,.T.);
#8596 = ORIENTED_EDGE('',*,*,#8487,.T.);
#8597 = ORIENTED_EDGE('',*,*,#8411,.T.);
#8598 = ORIENTED_EDGE('',*,*,#8335,.T.);
#8599 = ORIENTED_EDGE('',*,*,#8259,.T.);
#8600 = ORIENTED_EDGE('',*,*,#8159,.T.);
#8601 = ADVANCED_FACE('',(#8602,#8657),#5581,.F.);
#8602 = FACE_BOUND('',#8603,.T.);
#8603 = EDGE_LOOP('',(#8604,#8605,#8606,#8651,#8652,#8653,#8654,#8655,
    #8656));
#8604 = ORIENTED_EDGE('',*,*,#7869,.F.);
#8605 = ORIENTED_EDGE('',*,*,#5565,.F.);
#8606 = ORIENTED_EDGE('',*,*,#8607,.T.);
#8607 = EDGE_CURVE('',#5533,#7392,#8608,.T.);
#8608 = SURFACE_CURVE('',#8609,(#8614,#8622),.PCURVE_S1.);
#8609 = ( BOUNDED_CURVE() B_SPLINE_CURVE(3,(#8610,#8611,#8612,#8613),
.UNSPECIFIED.,.F.,.F.) B_SPLINE_CURVE_WITH_KNOTS((4,4),(1.235384046081,
2.795812629009),.PIECEWISE_BEZIER_KNOTS.) CURVE() 
GEOMETRIC_REPRESENTATION_ITEM() RATIONAL_B_SPLINE_CURVE((1.,
0.807175209943,0.807175209943,1.)) REPRESENTATION_ITEM('') );
#8610 = CARTESIAN_POINT('',(-11.51619488568,-214.4139580118,
    -233.782499004));
#8611 = CARTESIAN_POINT('',(-13.849263422,-207.7209537165,
    -232.4440934748));
#8612 = CARTESIAN_POINT('',(-10.79945008653,-201.32266067,
    -231.1646213372));
#8613 = CARTESIAN_POINT('',(-4.130993727653,-198.9203274123,
    -230.6842244302));
#8614 = PCURVE('',#5581,#8615);
#8615 = DEFINITIONAL_REPRESENTATION('',(#8616),#8621);
#8616 = ( BOUNDED_CURVE() B_SPLINE_CURVE(3,(#8617,#8618,#8619,#8620),
.UNSPECIFIED.,.F.,.F.) B_SPLINE_CURVE_WITH_KNOTS((4,4),(1.235384046081,
2.795812629009),.PIECEWISE_BEZIER_KNOTS.) CURVE() 
GEOMETRIC_REPRESENTATION_ITEM() RATIONAL_B_SPLINE_CURVE((1.,
0.807175209943,0.807175209943,1.)) REPRESENTATION_ITEM('') );
#8617 = CARTESIAN_POINT('',(16.025330807793,-20.02626536832));
#8618 = CARTESIAN_POINT('',(13.692260641384,-13.20075232898));
#8619 = CARTESIAN_POINT('',(16.742072418537,-6.675783948539));
#8620 = CARTESIAN_POINT('',(23.410528192321,-4.225887201264));
#8621 = ( GEOMETRIC_REPRESENTATION_CONTEXT(2) 
PARAMETRIC_REPRESENTATION_CONTEXT() REPRESENTATION_CONTEXT('2D SPACE',''
  ) );
#8622 = PCURVE('',#5553,#8623);
#8623 = DEFINITIONAL_REPRESENTATION('',(#8624),#8650);
#8624 = B_SPLINE_CURVE_WITH_KNOTS('',3,(#8625,#8626,#8627,#8628,#8629,
    #8630,#8631,#8632,#8633,#8634,#8635,#8636,#8637,#8638,#8639,#8640,
    #8641,#8642,#8643,#8644,#8645,#8646,#8647,#8648,#8649),
  .UNSPECIFIED.,.F.,.F.,(4,1,1,1,1,1,1,1,1,1,1,1,1,1,1,1,1,1,1,1,1,1,4),
  (1.235384046081,1.306312618032,1.377241189984,1.448169761935,
    1.519098333886,1.590026905837,1.660955477789,1.73188404974,
    1.802812621691,1.873741193642,1.944669765594,2.015598337545,
    2.086526909496,2.157455481448,2.228384053399,2.29931262535,
    2.370241197301,2.441169769253,2.512098341204,2.583026913155,
    2.653955485106,2.724884057058,2.795812629009),.UNSPECIFIED.);
#8625 = CARTESIAN_POINT('',(1.235384046081,18.7824990041));
#8626 = CARTESIAN_POINT('',(1.256698666484,18.733406583466));
#8627 = CARTESIAN_POINT('',(1.299894053725,18.632785184672));
#8628 = CARTESIAN_POINT('',(1.36629279875,18.475289763859));
#8629 = CARTESIAN_POINT('',(1.43421154694,18.311914072681));
#8630 = CARTESIAN_POINT('',(1.503539737786,18.143562705353));
#8631 = CARTESIAN_POINT('',(1.574150488151,17.971280278365));
#8632 = CARTESIAN_POINT('',(1.645898908096,17.796259311009));
#8633 = CARTESIAN_POINT('',(1.718623833606,17.61981489181));
#8634 = CARTESIAN_POINT('',(1.792149332237,17.443359129371));
#8635 = CARTESIAN_POINT('',(1.866286941622,17.268367420927));
#8636 = CARTESIAN_POINT('',(1.940838326117,17.096340296688));
#8637 = CARTESIAN_POINT('',(2.015598337545,16.928762129803));
#8638 = CARTESIAN_POINT('',(2.090358348973,16.767059167447));
#8639 = CARTESIAN_POINT('',(2.164909733467,16.612559284181));
#8640 = CARTESIAN_POINT('',(2.239047342853,16.466455832484));
#8641 = CARTESIAN_POINT('',(2.312572841484,16.329777646927));
#8642 = CARTESIAN_POINT('',(2.385297766993,16.203366701297));
#8643 = CARTESIAN_POINT('',(2.457046186939,16.087864454297));
#8644 = CARTESIAN_POINT('',(2.527656937304,15.983706558133));
#8645 = CARTESIAN_POINT('',(2.59698512815,15.891127461421));
#8646 = CARTESIAN_POINT('',(2.66490387634,15.810166529633));
#8647 = CARTESIAN_POINT('',(2.731302621365,15.740701864337));
#8648 = CARTESIAN_POINT('',(2.774498008606,15.701838863303));
#8649 = CARTESIAN_POINT('',(2.795812629009,15.6842244303));
#8650 = ( GEOMETRIC_REPRESENTATION_CONTEXT(2) 
PARAMETRIC_REPRESENTATION_CONTEXT() REPRESENTATION_CONTEXT('2D SPACE',''
  ) );
#8651 = ORIENTED_EDGE('',*,*,#7414,.T.);
#8652 = ORIENTED_EDGE('',*,*,#7510,.T.);
#8653 = ORIENTED_EDGE('',*,*,#7560,.T.);
#8654 = ORIENTED_EDGE('',*,*,#7797,.T.);
#8655 = ORIENTED_EDGE('',*,*,#5622,.F.);
#8656 = ORIENTED_EDGE('',*,*,#7915,.F.);
#8657 = FACE_BOUND('',#8658,.T.);
#8658 = EDGE_LOOP('',(#8659));
#8659 = ORIENTED_EDGE('',*,*,#7632,.F.);
#8660 = ADVANCED_FACE('',(#8661),#5553,.T.);
#8661 = FACE_BOUND('',#8662,.T.);
#8662 = EDGE_LOOP('',(#8663,#8664,#8665,#8666,#8667));
#8663 = ORIENTED_EDGE('',*,*,#7208,.F.);
#8664 = ORIENTED_EDGE('',*,*,#7391,.T.);
#8665 = ORIENTED_EDGE('',*,*,#8607,.F.);
#8666 = ORIENTED_EDGE('',*,*,#5532,.F.);
#8667 = ORIENTED_EDGE('',*,*,#8668,.F.);
#8668 = EDGE_CURVE('',#7209,#5505,#8669,.T.);
#8669 = SURFACE_CURVE('',#8670,(#8674,#8681),.PCURVE_S1.);
#8670 = LINE('',#8671,#8672);
#8671 = CARTESIAN_POINT('',(-10.56447876952,-216.4931561342,
    -214.9999999999));
#8672 = VECTOR('',#8673,1.);
#8673 = DIRECTION('',(3.064104139906E-16,8.673617379884E-16,-1.));
#8674 = PCURVE('',#5553,#8675);
#8675 = DEFINITIONAL_REPRESENTATION('',(#8676),#8680);
#8676 = LINE('',#8677,#8678);
#8677 = CARTESIAN_POINT('',(1.047677192799,-2.84217094304E-14));
#8678 = VECTOR('',#8679,1.);
#8679 = DIRECTION('',(-2.522388834628E-17,1.));
#8680 = ( GEOMETRIC_REPRESENTATION_CONTEXT(2) 
PARAMETRIC_REPRESENTATION_CONTEXT() REPRESENTATION_CONTEXT('2D SPACE',''
  ) );
#8681 = PCURVE('',#4995,#8682);
#8682 = DEFINITIONAL_REPRESENTATION('',(#8683),#8687);
#8683 = LINE('',#8684,#8685);
#8684 = CARTESIAN_POINT('',(4.189269846389,0.));
#8685 = VECTOR('',#8686,1.);
#8686 = DIRECTION('',(5.044777669256E-17,1.));
#8687 = ( GEOMETRIC_REPRESENTATION_CONTEXT(2) 
PARAMETRIC_REPRESENTATION_CONTEXT() REPRESENTATION_CONTEXT('2D SPACE',''
  ) );
#8688 = ADVANCED_FACE('',(#8689),#5440,.T.);
#8689 = FACE_BOUND('',#8690,.T.);
#8690 = EDGE_LOOP('',(#8691,#8719,#8720,#8721));
#8691 = ORIENTED_EDGE('',*,*,#8692,.F.);
#8692 = EDGE_CURVE('',#5372,#8693,#8695,.T.);
#8693 = VERTEX_POINT('',#8694);
#8694 = CARTESIAN_POINT('',(6.103917743268,-236.3573826012,
    -234.9999999999));
#8695 = SURFACE_CURVE('',#8696,(#8701,#8708),.PCURVE_S1.);
#8696 = CIRCLE('',#8697,9.7);
#8697 = AXIS2_PLACEMENT_3D('',#8698,#8699,#8700);
#8698 = CARTESIAN_POINT('',(4.825777610009E-03,-243.899999998,
    -234.9999999999));
#8699 = DIRECTION('',(3.064104139906E-16,8.673617379884E-16,-1.));
#8700 = DIRECTION('',(1.,-2.435520002313E-07,3.064102027429E-16));
#8701 = PCURVE('',#5440,#8702);
#8702 = DEFINITIONAL_REPRESENTATION('',(#8703),#8707);
#8703 = LINE('',#8704,#8705);
#8704 = CARTESIAN_POINT('',(-1.570796326795,20.));
#8705 = VECTOR('',#8706,1.);
#8706 = DIRECTION('',(1.,0.));
#8707 = ( GEOMETRIC_REPRESENTATION_CONTEXT(2) 
PARAMETRIC_REPRESENTATION_CONTEXT() REPRESENTATION_CONTEXT('2D SPACE',''
  ) );
#8708 = PCURVE('',#5387,#8709);
#8709 = DEFINITIONAL_REPRESENTATION('',(#8710),#8718);
#8710 = ( BOUNDED_CURVE() B_SPLINE_CURVE(2,(#8711,#8712,#8713,#8714,
#8715,#8716,#8717),.UNSPECIFIED.,.T.,.F.) B_SPLINE_CURVE_WITH_KNOTS((1,2
    ,2,2,2,1),(-2.094395102393,0.,2.094395102393,4.188790204786,
6.28318530718,8.377580409573),.UNSPECIFIED.) CURVE() 
GEOMETRIC_REPRESENTATION_ITEM() RATIONAL_B_SPLINE_CURVE((1.,0.5,1.,0.5,
1.,0.5,1.)) REPRESENTATION_ITEM('') );
#8711 = CARTESIAN_POINT('',(-43.65846959603,13.918058151026));
#8712 = CARTESIAN_POINT('',(-43.65846959603,30.718950984444));
#8713 = CARTESIAN_POINT('',(-29.10846959603,22.318504567735));
#8714 = CARTESIAN_POINT('',(-14.55846959603,13.918058151026));
#8715 = CARTESIAN_POINT('',(-29.10846959603,5.517611734317));
#8716 = CARTESIAN_POINT('',(-43.65846959603,-2.882834682392));
#8717 = CARTESIAN_POINT('',(-43.65846959603,13.918058151026));
#8718 = ( GEOMETRIC_REPRESENTATION_CONTEXT(2) 
PARAMETRIC_REPRESENTATION_CONTEXT() REPRESENTATION_CONTEXT('2D SPACE',''
  ) );
#8719 = ORIENTED_EDGE('',*,*,#5399,.T.);
#8720 = ORIENTED_EDGE('',*,*,#5734,.T.);
#8721 = ORIENTED_EDGE('',*,*,#8722,.F.);
#8722 = EDGE_CURVE('',#8693,#5712,#8723,.T.);
#8723 = SURFACE_CURVE('',#8724,(#8738,#8789),.PCURVE_S1.);
#8724 = B_SPLINE_CURVE_WITH_KNOTS('',3,(#8725,#8726,#8727,#8728,#8729,
    #8730,#8731,#8732,#8733,#8734,#8735,#8736,#8737),.UNSPECIFIED.,.F.,
  .F.,(4,2,1,1,1,2,2,4),(0.,0.25,0.375,0.4375,0.46875,0.484375,0.5,1.),
  .UNSPECIFIED.);
#8725 = CARTESIAN_POINT('',(6.103917743268,-236.3573826012,
    -234.9999999999));
#8726 = CARTESIAN_POINT('',(6.191733801531,-236.4283921974,
    -234.8711991269));
#8727 = CARTESIAN_POINT('',(6.283623795743,-236.5057270217,
    -234.7478985864));
#8728 = CARTESIAN_POINT('',(6.425749782082,-236.6291885001,
    -234.5739240574));
#8729 = CARTESIAN_POINT('',(6.497675392552,-236.6931593993,
    -234.4894327207));
#8730 = CARTESIAN_POINT('',(6.582971174247,-236.7714924677,
    -234.3954427389));
#8731 = CARTESIAN_POINT('',(6.625948206605,-236.8115555178,
    -234.3496188241));
#8732 = CARTESIAN_POINT('',(6.64443568441,-236.8289144236,
    -234.3302336131));
#8733 = CARTESIAN_POINT('',(6.656775747853,-236.8405286881,
    -234.3173667883));
#8734 = CARTESIAN_POINT('',(6.66210467378,-236.8455541619,
    -234.3118366364));
#8735 = CARTESIAN_POINT('',(6.894215285838,-237.0650407458,
    -234.0725353574));
#8736 = CARTESIAN_POINT('',(7.100120703294,-237.2805524433,
    -233.9054811363));
#8737 = CARTESIAN_POINT('',(7.275620574265,-237.4792879639,
    -233.782499004));
#8738 = PCURVE('',#5440,#8739);
#8739 = DEFINITIONAL_REPRESENTATION('',(#8740),#8788);
#8740 = B_SPLINE_CURVE_WITH_KNOTS('',3,(#8741,#8742,#8743,#8744,#8745,
    #8746,#8747,#8748,#8749,#8750,#8751,#8752,#8753,#8754,#8755,#8756,
    #8757,#8758,#8759,#8760,#8761,#8762,#8763,#8764,#8765,#8766,#8767,
    #8768,#8769,#8770,#8771,#8772,#8773,#8774,#8775,#8776,#8777,#8778,
    #8779,#8780,#8781,#8782,#8783,#8784,#8785,#8786,#8787),
  .UNSPECIFIED.,.F.,.F.,(4,1,1,1,1,1,1,1,1,1,1,1,1,1,1,1,1,1,1,1,1,1,1,1
    ,1,1,1,1,1,1,1,1,1,1,1,1,1,1,1,1,1,1,1,1,4),(0.,2.272727272727E-02,
    4.545454545455E-02,6.818181818182E-02,9.090909090909E-02,
    0.113636363636,0.136363636364,0.159090909091,0.181818181818,
    0.204545454545,0.227272727273,0.25,0.272727272727,0.295454545455,
    0.318181818182,0.340909090909,0.363636363636,0.386363636364,
    0.409090909091,0.431818181818,0.454545454545,0.477272727273,0.5,
    0.522727272727,0.545454545455,0.568181818182,0.590909090909,
    0.613636363636,0.636363636364,0.659090909091,0.681818181818,
    0.704545454545,0.727272727273,0.75,0.772727272727,0.795454545455,
    0.818181818182,0.840909090909,0.863636363636,0.886363636364,
    0.909090909091,0.931818181818,0.954545454545,0.977272727273,1.),
  .UNSPECIFIED.);
#8741 = CARTESIAN_POINT('',(3.821565845059,20.));
#8742 = CARTESIAN_POINT('',(3.822624267532,19.988290829727));
#8743 = CARTESIAN_POINT('',(3.824753288751,19.964963403774));
#8744 = CARTESIAN_POINT('',(3.827982560806,19.930253200256));
#8745 = CARTESIAN_POINT('',(3.831246785924,19.895832123984));
#8746 = CARTESIAN_POINT('',(3.834545171938,19.86170836609));
#8747 = CARTESIAN_POINT('',(3.837876923189,19.827890120321));
#8748 = CARTESIAN_POINT('',(3.841241240449,19.794385570663));
#8749 = CARTESIAN_POINT('',(3.844637319292,19.761202937529));
#8750 = CARTESIAN_POINT('',(3.848064356335,19.728350305393));
#8751 = CARTESIAN_POINT('',(3.851521525644,19.695836266049));
#8752 = CARTESIAN_POINT('',(3.855008066655,19.663667517952));
#8753 = CARTESIAN_POINT('',(3.858522955941,19.631857825598));
#8754 = CARTESIAN_POINT('',(3.862066132166,19.600394582655));
#8755 = CARTESIAN_POINT('',(3.865638091557,19.56925993046));
#8756 = CARTESIAN_POINT('',(3.869238349904,19.538462459101));
#8757 = CARTESIAN_POINT('',(3.872866716696,19.508003419885));
#8758 = CARTESIAN_POINT('',(3.876522786161,19.4778869705));
#8759 = CARTESIAN_POINT('',(3.880206698472,19.448112981885));
#8760 = CARTESIAN_POINT('',(3.883916601715,19.41869554284));
#8761 = CARTESIAN_POINT('',(3.887658005233,19.389595634101));
#8762 = CARTESIAN_POINT('',(3.891408903617,19.360971927435));
#8763 = CARTESIAN_POINT('',(3.89524996289,19.332245397519));
#8764 = CARTESIAN_POINT('',(3.898878644538,19.305589955128));
#8765 = CARTESIAN_POINT('',(3.903422520265,19.272905277515));
#8766 = CARTESIAN_POINT('',(3.907700411938,19.242845962485));
#8767 = CARTESIAN_POINT('',(3.912027332657,19.213078068355));
#8768 = CARTESIAN_POINT('',(3.916317386809,19.184212023726));
#8769 = CARTESIAN_POINT('',(3.920592096779,19.156069315558));
#8770 = CARTESIAN_POINT('',(3.924844197533,19.128682827088));
#8771 = CARTESIAN_POINT('',(3.929074133052,19.102028798088));
#8772 = CARTESIAN_POINT('',(3.933280277445,19.076098645905));
#8773 = CARTESIAN_POINT('',(3.93746155549,19.050879721064));
#8774 = CARTESIAN_POINT('',(3.941616740748,19.026360463792));
#8775 = CARTESIAN_POINT('',(3.945744643915,19.002529022333));
#8776 = CARTESIAN_POINT('',(3.949844062628,18.979373623167));
#8777 = CARTESIAN_POINT('',(3.953913795171,18.956882471808));
#8778 = CARTESIAN_POINT('',(3.957952637059,18.935043779392));
#8779 = CARTESIAN_POINT('',(3.961959382192,18.913845755546));
#8780 = CARTESIAN_POINT('',(3.965932822772,18.893276610301));
#8781 = CARTESIAN_POINT('',(3.969871749546,18.873324553582));
#8782 = CARTESIAN_POINT('',(3.973774951936,18.853977795341));
#8783 = CARTESIAN_POINT('',(3.977641218199,18.835224545522));
#8784 = CARTESIAN_POINT('',(3.981469335534,18.817053014072));
#8785 = CARTESIAN_POINT('',(3.985258090295,18.799451410938));
#8786 = CARTESIAN_POINT('',(3.987756875265,18.788089101023));
#8787 = CARTESIAN_POINT('',(3.988999302462,18.7824990041));
#8788 = ( GEOMETRIC_REPRESENTATION_CONTEXT(2) 
PARAMETRIC_REPRESENTATION_CONTEXT() REPRESENTATION_CONTEXT('2D SPACE',''
  ) );
#8789 = PCURVE('',#1393,#8790);
#8790 = DEFINITIONAL_REPRESENTATION('',(#8791),#8839);
#8791 = B_SPLINE_CURVE_WITH_KNOTS('',3,(#8792,#8793,#8794,#8795,#8796,
    #8797,#8798,#8799,#8800,#8801,#8802,#8803,#8804,#8805,#8806,#8807,
    #8808,#8809,#8810,#8811,#8812,#8813,#8814,#8815,#8816,#8817,#8818,
    #8819,#8820,#8821,#8822,#8823,#8824,#8825,#8826,#8827,#8828,#8829,
    #8830,#8831,#8832,#8833,#8834,#8835,#8836,#8837,#8838),
  .UNSPECIFIED.,.F.,.F.,(4,1,1,1,1,1,1,1,1,1,1,1,1,1,1,1,1,1,1,1,1,1,1,1
    ,1,1,1,1,1,1,1,1,1,1,1,1,1,1,1,1,1,1,1,1,4),(0.,2.272727272727E-02,
    4.545454545455E-02,6.818181818182E-02,9.090909090909E-02,
    0.113636363636,0.136363636364,0.159090909091,0.181818181818,
    0.204545454545,0.227272727273,0.25,0.272727272727,0.295454545455,
    0.318181818182,0.340909090909,0.363636363636,0.386363636364,
    0.409090909091,0.431818181818,0.454545454545,0.477272727273,0.5,
    0.522727272727,0.545454545455,0.568181818182,0.590909090909,
    0.613636363636,0.636363636364,0.659090909091,0.681818181818,
    0.704545454545,0.727272727273,0.75,0.772727272727,0.795454545455,
    0.818181818182,0.840909090909,0.863636363636,0.886363636364,
    0.909090909091,0.931818181818,0.954545454545,0.977272727273,1.),
  .UNSPECIFIED.);
#8792 = CARTESIAN_POINT('',(0.685852964619,-2.483622809919));
#8793 = CARTESIAN_POINT('',(0.689215294892,-2.479937964289));
#8794 = CARTESIAN_POINT('',(0.695941805507,-2.472562246529));
#8795 = CARTESIAN_POINT('',(0.706035615949,-2.461482277804));
#8796 = CARTESIAN_POINT('',(0.716131968695,-2.450387604109));
#8797 = CARTESIAN_POINT('',(0.726229349391,-2.439279913609));
#8798 = CARTESIAN_POINT('',(0.73632623729,-2.42816089057));
#8799 = CARTESIAN_POINT('',(0.74642110961,-2.417032233804));
#8800 = CARTESIAN_POINT('',(0.756512430168,-2.405895587843));
#8801 = CARTESIAN_POINT('',(0.766598702319,-2.394752799786));
#8802 = CARTESIAN_POINT('',(0.776678280411,-2.383604960745));
#8803 = CARTESIAN_POINT('',(0.786750082836,-2.372455983215));
#8804 = CARTESIAN_POINT('',(0.796810940128,-2.361299250145));
#8805 = CARTESIAN_POINT('',(0.806865501216,-2.350167441288));
#8806 = CARTESIAN_POINT('',(0.816919936478,-2.339091541587));
#8807 = CARTESIAN_POINT('',(0.826972574927,-2.328063269052));
#8808 = CARTESIAN_POINT('',(0.837023937154,-2.317084766699));
#8809 = CARTESIAN_POINT('',(0.847073611625,-2.306155744454));
#8810 = CARTESIAN_POINT('',(0.857122719015,-2.2952752196));
#8811 = CARTESIAN_POINT('',(0.867167181458,-2.284447413078));
#8812 = CARTESIAN_POINT('',(0.877222191397,-2.273656423841));
#8813 = CARTESIAN_POINT('',(0.887231062085,-2.262961635136));
#8814 = CARTESIAN_POINT('',(0.897405347322,-2.252141415023));
#8815 = CARTESIAN_POINT('',(0.906955518561,-2.242022908014));
#8816 = CARTESIAN_POINT('',(0.918828136017,-2.229519167998));
#8817 = CARTESIAN_POINT('',(0.929919435732,-2.217936541132));
#8818 = CARTESIAN_POINT('',(0.941061999688,-2.206389094635));
#8819 = CARTESIAN_POINT('',(0.952033573956,-2.195114213478));
#8820 = CARTESIAN_POINT('',(0.962894451065,-2.184048290551));
#8821 = CARTESIAN_POINT('',(0.973629118896,-2.173208369328));
#8822 = CARTESIAN_POINT('',(0.984242280186,-2.162589883024));
#8823 = CARTESIAN_POINT('',(0.994733123964,-2.152194055304));
#8824 = CARTESIAN_POINT('',(1.005102219462,-2.142020558289));
#8825 = CARTESIAN_POINT('',(1.015349668997,-2.132069479834));
#8826 = CARTESIAN_POINT('',(1.025475603164,-2.122340796398));
#8827 = CARTESIAN_POINT('',(1.035480048531,-2.112834514289));
#8828 = CARTESIAN_POINT('',(1.045362963603,-2.103550631817));
#8829 = CARTESIAN_POINT('',(1.055124229811,-2.094489149434));
#8830 = CARTESIAN_POINT('',(1.064763654664,-2.085650067019));
#8831 = CARTESIAN_POINT('',(1.074280971728,-2.077033384605));
#8832 = CARTESIAN_POINT('',(1.083675841597,-2.068639102183));
#8833 = CARTESIAN_POINT('',(1.092947852498,-2.060467219755));
#8834 = CARTESIAN_POINT('',(1.102096521791,-2.052517737321));
#8835 = CARTESIAN_POINT('',(1.111121294607,-2.044790654881));
#8836 = CARTESIAN_POINT('',(1.120021553397,-2.037285972435));
#8837 = CARTESIAN_POINT('',(1.125871575809,-2.032431117466));
#8838 = CARTESIAN_POINT('',(1.128775602086,-2.030040756648));
#8839 = ( GEOMETRIC_REPRESENTATION_CONTEXT(2) 
PARAMETRIC_REPRESENTATION_CONTEXT() REPRESENTATION_CONTEXT('2D SPACE',''
  ) );
#8840 = ADVANCED_FACE('',(#8841),#5387,.F.);
#8841 = FACE_BOUND('',#8842,.T.);
#8842 = EDGE_LOOP('',(#8843,#8844,#8845,#8868,#8897,#8926));
#8843 = ORIENTED_EDGE('',*,*,#5371,.F.);
#8844 = ORIENTED_EDGE('',*,*,#8692,.T.);
#8845 = ORIENTED_EDGE('',*,*,#8846,.T.);
#8846 = EDGE_CURVE('',#8693,#8847,#8849,.T.);
#8847 = VERTEX_POINT('',#8848);
#8848 = CARTESIAN_POINT('',(3.316885121949,-237.9669292382,
    -234.9999999999));
#8849 = SURFACE_CURVE('',#8850,(#8854,#8861),.PCURVE_S1.);
#8850 = LINE('',#8851,#8852);
#8851 = CARTESIAN_POINT('',(8.254646935892,-235.1153092532,
    -234.9999999999));
#8852 = VECTOR('',#8853,1.);
#8853 = DIRECTION('',(-0.865964503158,-0.500105468146,-6.99112889946E-16
    ));
#8854 = PCURVE('',#5387,#8855);
#8855 = DEFINITIONAL_REPRESENTATION('',(#8856),#8860);
#8856 = LINE('',#8857,#8858);
#8857 = CARTESIAN_POINT('',(-42.20828861478,5.133365396916));
#8858 = VECTOR('',#8859,1.);
#8859 = DIRECTION('',(0.865964381357,0.500105679054));
#8860 = ( GEOMETRIC_REPRESENTATION_CONTEXT(2) 
PARAMETRIC_REPRESENTATION_CONTEXT() REPRESENTATION_CONTEXT('2D SPACE',''
  ) );
#8861 = PCURVE('',#1393,#8862);
#8862 = DEFINITIONAL_REPRESENTATION('',(#8863),#8867);
#8863 = LINE('',#8864,#8865);
#8864 = CARTESIAN_POINT('',(0.685852964619,2.859934511434E-13));
#8865 = VECTOR('',#8866,1.);
#8866 = DIRECTION('',(0.,-1.));
#8867 = ( GEOMETRIC_REPRESENTATION_CONTEXT(2) 
PARAMETRIC_REPRESENTATION_CONTEXT() REPRESENTATION_CONTEXT('2D SPACE',''
  ) );
#8868 = ORIENTED_EDGE('',*,*,#8869,.T.);
#8869 = EDGE_CURVE('',#8847,#8870,#8872,.T.);
#8870 = VERTEX_POINT('',#8871);
#8871 = CARTESIAN_POINT('',(2.40047961725,-237.0572415869,
    -234.9999999999));
#8872 = SURFACE_CURVE('',#8873,(#8878,#8885),.PCURVE_S1.);
#8873 = CIRCLE('',#8874,1.499999998312);
#8874 = AXIS2_PLACEMENT_3D('',#8875,#8876,#8877);
#8875 = CARTESIAN_POINT('',(1.904827099226,-238.4729847049,
    -234.9999999999));
#8876 = DIRECTION('',(-3.064104139906E-16,-8.673617379884E-16,1.));
#8877 = DIRECTION('',(-2.435520029138E-07,-1.,-8.673618126152E-16));
#8878 = PCURVE('',#5387,#8879);
#8879 = DEFINITIONAL_REPRESENTATION('',(#8880),#8884);
#8880 = CIRCLE('',#8881,1.499999998312);
#8881 = AXIS2_PLACEMENT_2D('',#8882,#8883);
#8882 = CARTESIAN_POINT('',(-35.85846959588,8.491042395204));
#8883 = DIRECTION('',(2.726999968493E-15,1.));
#8884 = ( GEOMETRIC_REPRESENTATION_CONTEXT(2) 
PARAMETRIC_REPRESENTATION_CONTEXT() REPRESENTATION_CONTEXT('2D SPACE',''
  ) );
#8885 = PCURVE('',#8886,#8891);
#8886 = CYLINDRICAL_SURFACE('',#8887,1.499999998312);
#8887 = AXIS2_PLACEMENT_3D('',#8888,#8889,#8890);
#8888 = CARTESIAN_POINT('',(1.904827099226,-238.4729847049,
    -1.740130216234E-13));
#8889 = DIRECTION('',(0.,0.,1.));
#8890 = DIRECTION('',(0.,1.,0.));
#8891 = DEFINITIONAL_REPRESENTATION('',(#8892),#8896);
#8892 = LINE('',#8893,#8894);
#8893 = CARTESIAN_POINT('',(3.141592410038,-234.9999999999));
#8894 = VECTOR('',#8895,1.);
#8895 = DIRECTION('',(1.,0.));
#8896 = ( GEOMETRIC_REPRESENTATION_CONTEXT(2) 
PARAMETRIC_REPRESENTATION_CONTEXT() REPRESENTATION_CONTEXT('2D SPACE',''
  ) );
#8897 = ORIENTED_EDGE('',*,*,#8898,.T.);
#8898 = EDGE_CURVE('',#8870,#8899,#8901,.T.);
#8899 = VERTEX_POINT('',#8900);
#8900 = CARTESIAN_POINT('',(-2.390824731265,-237.0572404208,
    -234.9999999999));
#8901 = SURFACE_CURVE('',#8902,(#8907,#8914),.PCURVE_S1.);
#8902 = CIRCLE('',#8903,7.249999999476);
#8903 = AXIS2_PLACEMENT_3D('',#8904,#8905,#8906);
#8904 = CARTESIAN_POINT('',(4.825777610009E-03,-243.899999998,
    -234.9999999999));
#8905 = DIRECTION('',(-3.064104139906E-16,-8.673617379884E-16,1.));
#8906 = DIRECTION('',(-2.435520004241E-07,-1.,-8.673618126152E-16));
#8907 = PCURVE('',#5387,#8908);
#8908 = DEFINITIONAL_REPRESENTATION('',(#8909),#8913);
#8909 = CIRCLE('',#8910,7.249999999476);
#8910 = AXIS2_PLACEMENT_2D('',#8911,#8912);
#8911 = CARTESIAN_POINT('',(-33.95846959603,13.918058151026));
#8912 = DIRECTION('',(2.372999859424E-16,1.));
#8913 = ( GEOMETRIC_REPRESENTATION_CONTEXT(2) 
PARAMETRIC_REPRESENTATION_CONTEXT() REPRESENTATION_CONTEXT('2D SPACE',''
  ) );
#8914 = PCURVE('',#8915,#8920);
#8915 = CYLINDRICAL_SURFACE('',#8916,7.249999999476);
#8916 = AXIS2_PLACEMENT_3D('',#8917,#8918,#8919);
#8917 = CARTESIAN_POINT('',(4.825777610009E-03,-243.899999998,
    -231.3999999999));
#8918 = DIRECTION('',(3.064104139906E-16,8.673617379884E-16,-1.));
#8919 = DIRECTION('',(-2.435520004241E-07,-1.,-8.673618126152E-16));
#8920 = DEFINITIONAL_REPRESENTATION('',(#8921),#8925);
#8921 = LINE('',#8922,#8923);
#8922 = CARTESIAN_POINT('',(6.28318530718,3.6));
#8923 = VECTOR('',#8924,1.);
#8924 = DIRECTION('',(-1.,0.));
#8925 = ( GEOMETRIC_REPRESENTATION_CONTEXT(2) 
PARAMETRIC_REPRESENTATION_CONTEXT() REPRESENTATION_CONTEXT('2D SPACE',''
  ) );
#8926 = ORIENTED_EDGE('',*,*,#8927,.T.);
#8927 = EDGE_CURVE('',#8899,#5299,#8928,.T.);
#8928 = SURFACE_CURVE('',#8929,(#8934,#8941),.PCURVE_S1.);
#8929 = CIRCLE('',#8930,1.5);
#8930 = AXIS2_PLACEMENT_3D('',#8931,#8932,#8933);
#8931 = CARTESIAN_POINT('',(-1.895172901807,-238.4729837817,
    -234.9999999999));
#8932 = DIRECTION('',(-3.064104139906E-16,-8.673617379884E-16,1.));
#8933 = DIRECTION('',(-2.435520026397E-07,-1.,-8.673618126152E-16));
#8934 = PCURVE('',#5387,#8935);
#8935 = DEFINITIONAL_REPRESENTATION('',(#8936),#8940);
#8936 = CIRCLE('',#8937,1.5);
#8937 = AXIS2_PLACEMENT_2D('',#8938,#8939);
#8938 = CARTESIAN_POINT('',(-32.05846959485,8.491042397456));
#8939 = DIRECTION('',(2.452900000883E-15,1.));
#8940 = ( GEOMETRIC_REPRESENTATION_CONTEXT(2) 
PARAMETRIC_REPRESENTATION_CONTEXT() REPRESENTATION_CONTEXT('2D SPACE',''
  ) );
#8941 = PCURVE('',#5337,#8942);
#8942 = DEFINITIONAL_REPRESENTATION('',(#8943),#8947);
#8943 = LINE('',#8944,#8945);
#8944 = CARTESIAN_POINT('',(6.28318530718,3.6));
#8945 = VECTOR('',#8946,1.);
#8946 = DIRECTION('',(-1.,0.));
#8947 = ( GEOMETRIC_REPRESENTATION_CONTEXT(2) 
PARAMETRIC_REPRESENTATION_CONTEXT() REPRESENTATION_CONTEXT('2D SPACE',''
  ) );
#8948 = ADVANCED_FACE('',(#8949),#8915,.F.);
#8949 = FACE_BOUND('',#8950,.F.);
#8950 = EDGE_LOOP('',(#8951,#8974,#9007,#9028));
#8951 = ORIENTED_EDGE('',*,*,#8952,.F.);
#8952 = EDGE_CURVE('',#8953,#8899,#8955,.T.);
#8953 = VERTEX_POINT('',#8954);
#8954 = CARTESIAN_POINT('',(-2.390824731265,-237.0572404208,
    -231.3999999999));
#8955 = SURFACE_CURVE('',#8956,(#8960,#8967),.PCURVE_S1.);
#8956 = LINE('',#8957,#8958);
#8957 = CARTESIAN_POINT('',(-2.390824731265,-237.0572404208,
    -231.3999999999));
#8958 = VECTOR('',#8959,1.);
#8959 = DIRECTION('',(3.064104139906E-16,8.673617379884E-16,-1.));
#8960 = PCURVE('',#8915,#8961);
#8961 = DEFINITIONAL_REPRESENTATION('',(#8962),#8966);
#8962 = LINE('',#8963,#8964);
#8963 = CARTESIAN_POINT('',(2.804828456984,0.));
#8964 = VECTOR('',#8965,1.);
#8965 = DIRECTION('',(0.,1.));
#8966 = ( GEOMETRIC_REPRESENTATION_CONTEXT(2) 
PARAMETRIC_REPRESENTATION_CONTEXT() REPRESENTATION_CONTEXT('2D SPACE',''
  ) );
#8967 = PCURVE('',#5337,#8968);
#8968 = DEFINITIONAL_REPRESENTATION('',(#8969),#8973);
#8969 = LINE('',#8970,#8971);
#8970 = CARTESIAN_POINT('',(2.804828456984,0.));
#8971 = VECTOR('',#8972,1.);
#8972 = DIRECTION('',(0.,1.));
#8973 = ( GEOMETRIC_REPRESENTATION_CONTEXT(2) 
PARAMETRIC_REPRESENTATION_CONTEXT() REPRESENTATION_CONTEXT('2D SPACE',''
  ) );
#8974 = ORIENTED_EDGE('',*,*,#8975,.F.);
#8975 = EDGE_CURVE('',#8976,#8953,#8978,.T.);
#8976 = VERTEX_POINT('',#8977);
#8977 = CARTESIAN_POINT('',(2.40047961725,-237.0572415869,
    -231.3999999999));
#8978 = SURFACE_CURVE('',#8979,(#8984,#8991),.PCURVE_S1.);
#8979 = CIRCLE('',#8980,7.249999999476);
#8980 = AXIS2_PLACEMENT_3D('',#8981,#8982,#8983);
#8981 = CARTESIAN_POINT('',(4.825777610009E-03,-243.899999998,
    -231.3999999999));
#8982 = DIRECTION('',(-3.064104139906E-16,-8.673617379884E-16,1.));
#8983 = DIRECTION('',(-2.435520004241E-07,-1.,-8.673618126152E-16));
#8984 = PCURVE('',#8915,#8985);
#8985 = DEFINITIONAL_REPRESENTATION('',(#8986),#8990);
#8986 = LINE('',#8987,#8988);
#8987 = CARTESIAN_POINT('',(6.28318530718,0.));
#8988 = VECTOR('',#8989,1.);
#8989 = DIRECTION('',(-1.,0.));
#8990 = ( GEOMETRIC_REPRESENTATION_CONTEXT(2) 
PARAMETRIC_REPRESENTATION_CONTEXT() REPRESENTATION_CONTEXT('2D SPACE',''
  ) );
#8991 = PCURVE('',#8992,#8997);
#8992 = PLANE('',#8993);
#8993 = AXIS2_PLACEMENT_3D('',#8994,#8995,#8996);
#8994 = CARTESIAN_POINT('',(4.825776449486E-03,-243.9010870821,
    -231.3999999999));
#8995 = DIRECTION('',(-0.,-0.,-1.));
#8996 = DIRECTION('',(-1.,0.,0.));
#8997 = DEFINITIONAL_REPRESENTATION('',(#8998),#9006);
#8998 = ( BOUNDED_CURVE() B_SPLINE_CURVE(2,(#8999,#9000,#9001,#9002,
#9003,#9004,#9005),.UNSPECIFIED.,.T.,.F.) B_SPLINE_CURVE_WITH_KNOTS((1,2
    ,2,2,2,1),(-2.094395102393,0.,2.094395102393,4.188790204786,
6.28318530718,8.377580409573),.UNSPECIFIED.) CURVE() 
GEOMETRIC_REPRESENTATION_ITEM() RATIONAL_B_SPLINE_CURVE((1.,0.5,1.,0.5,
1.,0.5,1.)) REPRESENTATION_ITEM('') );
#8999 = CARTESIAN_POINT('',(1.764591480608E-06,-7.248912915431));
#9000 = CARTESIAN_POINT('',(-12.55736658937,-7.248915973803));
#9001 = CARTESIAN_POINT('',(-6.27868506102,3.626085554597));
#9002 = CARTESIAN_POINT('',(-3.532664530009E-06,14.501087082997));
#9003 = CARTESIAN_POINT('',(6.278683292947,3.626088612969));
#9004 = CARTESIAN_POINT('',(12.557370118558,-7.248909857058));
#9005 = CARTESIAN_POINT('',(1.764591480608E-06,-7.248912915431));
#9006 = ( GEOMETRIC_REPRESENTATION_CONTEXT(2) 
PARAMETRIC_REPRESENTATION_CONTEXT() REPRESENTATION_CONTEXT('2D SPACE',''
  ) );
#9007 = ORIENTED_EDGE('',*,*,#9008,.T.);
#9008 = EDGE_CURVE('',#8976,#8870,#9009,.T.);
#9009 = SURFACE_CURVE('',#9010,(#9014,#9021),.PCURVE_S1.);
#9010 = LINE('',#9011,#9012);
#9011 = CARTESIAN_POINT('',(2.40047961725,-237.0572415869,
    -231.3999999999));
#9012 = VECTOR('',#9013,1.);
#9013 = DIRECTION('',(3.064104139906E-16,8.673617379884E-16,-1.));
#9014 = PCURVE('',#8915,#9015);
#9015 = DEFINITIONAL_REPRESENTATION('',(#9016),#9020);
#9016 = LINE('',#9017,#9018);
#9017 = CARTESIAN_POINT('',(3.478356849849,0.));
#9018 = VECTOR('',#9019,1.);
#9019 = DIRECTION('',(0.,1.));
#9020 = ( GEOMETRIC_REPRESENTATION_CONTEXT(2) 
PARAMETRIC_REPRESENTATION_CONTEXT() REPRESENTATION_CONTEXT('2D SPACE',''
  ) );
#9021 = PCURVE('',#8886,#9022);
#9022 = DEFINITIONAL_REPRESENTATION('',(#9023),#9027);
#9023 = LINE('',#9024,#9025);
#9024 = CARTESIAN_POINT('',(5.946420867368,-231.3999999999));
#9025 = VECTOR('',#9026,1.);
#9026 = DIRECTION('',(2.467162276945E-16,-1.));
#9027 = ( GEOMETRIC_REPRESENTATION_CONTEXT(2) 
PARAMETRIC_REPRESENTATION_CONTEXT() REPRESENTATION_CONTEXT('2D SPACE',''
  ) );
#9028 = ORIENTED_EDGE('',*,*,#8898,.T.);
#9029 = ADVANCED_FACE('',(#9030),#8992,.T.);
#9030 = FACE_BOUND('',#9031,.T.);
#9031 = EDGE_LOOP('',(#9032,#9060,#9061,#9089,#9117,#9145,#9168,#9196,
    #9224,#9252,#9275,#9325));
#9032 = ORIENTED_EDGE('',*,*,#9033,.F.);
#9033 = EDGE_CURVE('',#8953,#9034,#9036,.T.);
#9034 = VERTEX_POINT('',#9035);
#9035 = CARTESIAN_POINT('',(-3.395172901807,-238.4729834164,
    -231.3999999999));
#9036 = SURFACE_CURVE('',#9037,(#9042,#9053),.PCURVE_S1.);
#9037 = CIRCLE('',#9038,1.5);
#9038 = AXIS2_PLACEMENT_3D('',#9039,#9040,#9041);
#9039 = CARTESIAN_POINT('',(-1.895172901807,-238.4729837817,
    -231.3999999999));
#9040 = DIRECTION('',(-3.064104139906E-16,-8.673617379884E-16,1.));
#9041 = DIRECTION('',(-2.435520026397E-07,-1.,-8.673618126152E-16));
#9042 = PCURVE('',#8992,#9043);
#9043 = DEFINITIONAL_REPRESENTATION('',(#9044),#9052);
#9044 = ( BOUNDED_CURVE() B_SPLINE_CURVE(2,(#9045,#9046,#9047,#9048,
#9049,#9050,#9051),.UNSPECIFIED.,.T.,.F.) B_SPLINE_CURVE_WITH_KNOTS((1,2
    ,2,2,2,1),(-2.094395102393,0.,2.094395102393,4.188790204786,
6.28318530718,8.377580409573),.UNSPECIFIED.) CURVE() 
GEOMETRIC_REPRESENTATION_ITEM() RATIONAL_B_SPLINE_CURVE((1.,0.5,1.,0.5,
1.,0.5,1.)) REPRESENTATION_ITEM('') );
#9045 = CARTESIAN_POINT('',(1.899999043584,3.928103300364));
#9046 = CARTESIAN_POINT('',(-0.698077167769,3.928102667598));
#9047 = CARTESIAN_POINT('',(0.600960389916,6.178102983981));
#9048 = CARTESIAN_POINT('',(1.8999979476,8.428103300364));
#9049 = CARTESIAN_POINT('',(3.199036601269,6.178103616748));
#9050 = CARTESIAN_POINT('',(4.498075254938,3.928103933131));
#9051 = CARTESIAN_POINT('',(1.899999043584,3.928103300364));
#9052 = ( GEOMETRIC_REPRESENTATION_CONTEXT(2) 
PARAMETRIC_REPRESENTATION_CONTEXT() REPRESENTATION_CONTEXT('2D SPACE',''
  ) );
#9053 = PCURVE('',#5337,#9054);
#9054 = DEFINITIONAL_REPRESENTATION('',(#9055),#9059);
#9055 = LINE('',#9056,#9057);
#9056 = CARTESIAN_POINT('',(6.28318530718,0.));
#9057 = VECTOR('',#9058,1.);
#9058 = DIRECTION('',(-1.,0.));
#9059 = ( GEOMETRIC_REPRESENTATION_CONTEXT(2) 
PARAMETRIC_REPRESENTATION_CONTEXT() REPRESENTATION_CONTEXT('2D SPACE',''
  ) );
#9060 = ORIENTED_EDGE('',*,*,#8975,.F.);
#9061 = ORIENTED_EDGE('',*,*,#9062,.F.);
#9062 = EDGE_CURVE('',#9063,#8976,#9065,.T.);
#9063 = VERTEX_POINT('',#9064);
#9064 = CARTESIAN_POINT('',(3.404827097537,-238.4729850703,
    -231.3999999999));
#9065 = SURFACE_CURVE('',#9066,(#9071,#9082),.PCURVE_S1.);
#9066 = CIRCLE('',#9067,1.499999998312);
#9067 = AXIS2_PLACEMENT_3D('',#9068,#9069,#9070);
#9068 = CARTESIAN_POINT('',(1.904827099226,-238.4729847049,
    -231.3999999999));
#9069 = DIRECTION('',(-3.064104139906E-16,-8.673617379884E-16,1.));
#9070 = DIRECTION('',(-2.435520029138E-07,-1.,-8.673618126152E-16));
#9071 = PCURVE('',#8992,#9072);
#9072 = DEFINITIONAL_REPRESENTATION('',(#9073),#9081);
#9073 = ( BOUNDED_CURVE() B_SPLINE_CURVE(2,(#9074,#9075,#9076,#9077,
#9078,#9079,#9080),.UNSPECIFIED.,.T.,.F.) B_SPLINE_CURVE_WITH_KNOTS((1,2
    ,2,2,2,1),(-2.094395102393,0.,2.094395102393,4.188790204786,
6.28318530718,8.377580409573),.UNSPECIFIED.) CURVE() 
GEOMETRIC_REPRESENTATION_ITEM() RATIONAL_B_SPLINE_CURVE((1.,0.5,1.,0.5,
1.,0.5,1.)) REPRESENTATION_ITEM('') );
#9074 = CARTESIAN_POINT('',(-1.900000957449,3.928102378806));
#9075 = CARTESIAN_POINT('',(-4.498077165878,3.92810174604));
#9076 = CARTESIAN_POINT('',(-3.199039609655,6.178102059891));
#9077 = CARTESIAN_POINT('',(-1.900002053433,8.428102373742));
#9078 = CARTESIAN_POINT('',(-0.600963401226,6.178102692658));
#9079 = CARTESIAN_POINT('',(0.698075250981,3.928103011573));
#9080 = CARTESIAN_POINT('',(-1.900000957449,3.928102378806));
#9081 = ( GEOMETRIC_REPRESENTATION_CONTEXT(2) 
PARAMETRIC_REPRESENTATION_CONTEXT() REPRESENTATION_CONTEXT('2D SPACE',''
  ) );
#9082 = PCURVE('',#8886,#9083);
#9083 = DEFINITIONAL_REPRESENTATION('',(#9084),#9088);
#9084 = LINE('',#9085,#9086);
#9085 = CARTESIAN_POINT('',(3.141592410038,-231.3999999999));
#9086 = VECTOR('',#9087,1.);
#9087 = DIRECTION('',(1.,0.));
#9088 = ( GEOMETRIC_REPRESENTATION_CONTEXT(2) 
PARAMETRIC_REPRESENTATION_CONTEXT() REPRESENTATION_CONTEXT('2D SPACE',''
  ) );
#9089 = ORIENTED_EDGE('',*,*,#9090,.F.);
#9090 = EDGE_CURVE('',#9091,#9063,#9093,.T.);
#9091 = VERTEX_POINT('',#9092);
#9092 = CARTESIAN_POINT('',(3.404826907326,-239.2629220045,
    -231.3999999999));
#9093 = SURFACE_CURVE('',#9094,(#9098,#9105),.PCURVE_S1.);
#9094 = LINE('',#9095,#9096);
#9095 = CARTESIAN_POINT('',(3.404826905147,-239.2629220075,
    -231.3999999999));
#9096 = VECTOR('',#9097,1.);
#9097 = DIRECTION('',(2.435519996377E-07,1.,8.673618126152E-16));
#9098 = PCURVE('',#8992,#9099);
#9099 = DEFINITIONAL_REPRESENTATION('',(#9100),#9104);
#9100 = LINE('',#9101,#9102);
#9101 = CARTESIAN_POINT('',(-3.400001128698,4.638165074588));
#9102 = VECTOR('',#9103,1.);
#9103 = DIRECTION('',(-2.435519996377E-07,1.));
#9104 = ( GEOMETRIC_REPRESENTATION_CONTEXT(2) 
PARAMETRIC_REPRESENTATION_CONTEXT() REPRESENTATION_CONTEXT('2D SPACE',''
  ) );
#9105 = PCURVE('',#9106,#9111);
#9106 = PLANE('',#9107);
#9107 = AXIS2_PLACEMENT_3D('',#9108,#9109,#9110);
#9108 = CARTESIAN_POINT('',(3.404826905147,-239.2629220075,
    -231.3999999999));
#9109 = DIRECTION('',(-1.,2.435519996377E-07,-3.064102027429E-16));
#9110 = DIRECTION('',(-2.435519996377E-07,-1.,-8.673618126152E-16));
#9111 = DEFINITIONAL_REPRESENTATION('',(#9112),#9116);
#9112 = LINE('',#9113,#9114);
#9113 = CARTESIAN_POINT('',(-0.,0.));
#9114 = VECTOR('',#9115,1.);
#9115 = DIRECTION('',(-1.,3.692977721329E-32));
#9116 = ( GEOMETRIC_REPRESENTATION_CONTEXT(2) 
PARAMETRIC_REPRESENTATION_CONTEXT() REPRESENTATION_CONTEXT('2D SPACE',''
  ) );
#9117 = ORIENTED_EDGE('',*,*,#9118,.F.);
#9118 = EDGE_CURVE('',#9119,#9091,#9121,.T.);
#9119 = VERTEX_POINT('',#9120);
#9120 = CARTESIAN_POINT('',(3.404824646407,-248.5370796538,
    -231.3999999999));
#9121 = SURFACE_CURVE('',#9122,(#9127,#9138),.PCURVE_S1.);
#9122 = CIRCLE('',#9123,5.75);
#9123 = AXIS2_PLACEMENT_3D('',#9124,#9125,#9126);
#9124 = CARTESIAN_POINT('',(4.825777610009E-03,-243.899999998,
    -231.3999999999));
#9125 = DIRECTION('',(-3.064104139906E-16,-8.673617379884E-16,1.));
#9126 = DIRECTION('',(-2.435519998239E-07,-1.,-8.673618126152E-16));
#9127 = PCURVE('',#8992,#9128);
#9128 = DEFINITIONAL_REPRESENTATION('',(#9129),#9137);
#9129 = ( BOUNDED_CURVE() B_SPLINE_CURVE(2,(#9130,#9131,#9132,#9133,
#9134,#9135,#9136),.UNSPECIFIED.,.T.,.F.) B_SPLINE_CURVE_WITH_KNOTS((1,2
    ,2,2,2,1),(-2.094395102393,0.,2.094395102393,4.188790204786,
6.28318530718,8.377580409573),.UNSPECIFIED.) CURVE() 
GEOMETRIC_REPRESENTATION_ITEM() RATIONAL_B_SPLINE_CURVE((1.,0.5,1.,0.5,
1.,0.5,1.)) REPRESENTATION_ITEM('') );
#9130 = CARTESIAN_POINT('',(1.399263476649E-06,-5.748912915955));
#9131 = CARTESIAN_POINT('',(-9.959290744257,-5.74891534156));
#9132 = CARTESIAN_POINT('',(-4.979646773133,2.876085871242));
#9133 = CARTESIAN_POINT('',(-2.802008521722E-06,11.501087084045));
#9134 = CARTESIAN_POINT('',(4.979645370388,2.876088296848));
#9135 = CARTESIAN_POINT('',(9.959293542784,-5.748910490349));
#9136 = CARTESIAN_POINT('',(1.399263476649E-06,-5.748912915955));
#9137 = ( GEOMETRIC_REPRESENTATION_CONTEXT(2) 
PARAMETRIC_REPRESENTATION_CONTEXT() REPRESENTATION_CONTEXT('2D SPACE',''
  ) );
#9138 = PCURVE('',#1498,#9139);
#9139 = DEFINITIONAL_REPRESENTATION('',(#9140),#9144);
#9140 = LINE('',#9141,#9142);
#9141 = CARTESIAN_POINT('',(6.28318530718,0.));
#9142 = VECTOR('',#9143,1.);
#9143 = DIRECTION('',(-1.,0.));
#9144 = ( GEOMETRIC_REPRESENTATION_CONTEXT(2) 
PARAMETRIC_REPRESENTATION_CONTEXT() REPRESENTATION_CONTEXT('2D SPACE',''
  ) );
#9145 = ORIENTED_EDGE('',*,*,#9146,.F.);
#9146 = EDGE_CURVE('',#9147,#9119,#9149,.T.);
#9147 = VERTEX_POINT('',#9148);
#9148 = CARTESIAN_POINT('',(3.40482445345,-249.3293408012,
    -231.3999999999));
#9149 = SURFACE_CURVE('',#9150,(#9154,#9161),.PCURVE_S1.);
#9150 = LINE('',#9151,#9152);
#9151 = CARTESIAN_POINT('',(3.404824369713,-249.6731568759,
    -231.3999999999));
#9152 = VECTOR('',#9153,1.);
#9153 = DIRECTION('',(2.435520001868E-07,1.,8.673618126152E-16));
#9154 = PCURVE('',#8992,#9155);
#9155 = DEFINITIONAL_REPRESENTATION('',(#9156),#9160);
#9156 = LINE('',#9157,#9158);
#9157 = CARTESIAN_POINT('',(-3.399998593264,-5.772069793872));
#9158 = VECTOR('',#9159,1.);
#9159 = DIRECTION('',(-2.435520001868E-07,1.));
#9160 = ( GEOMETRIC_REPRESENTATION_CONTEXT(2) 
PARAMETRIC_REPRESENTATION_CONTEXT() REPRESENTATION_CONTEXT('2D SPACE',''
  ) );
#9161 = PCURVE('',#1593,#9162);
#9162 = DEFINITIONAL_REPRESENTATION('',(#9163),#9167);
#9163 = LINE('',#9164,#9165);
#9164 = CARTESIAN_POINT('',(0.,0.));
#9165 = VECTOR('',#9166,1.);
#9166 = DIRECTION('',(-6.876221904686E-29,1.));
#9167 = ( GEOMETRIC_REPRESENTATION_CONTEXT(2) 
PARAMETRIC_REPRESENTATION_CONTEXT() REPRESENTATION_CONTEXT('2D SPACE',''
  ) );
#9168 = ORIENTED_EDGE('',*,*,#9169,.F.);
#9169 = EDGE_CURVE('',#9170,#9147,#9172,.T.);
#9170 = VERTEX_POINT('',#9171);
#9171 = CARTESIAN_POINT('',(2.400476282123,-250.7450837971,
    -231.3999999999));
#9172 = SURFACE_CURVE('',#9173,(#9178,#9189),.PCURVE_S1.);
#9173 = CIRCLE('',#9174,1.5);
#9174 = AXIS2_PLACEMENT_3D('',#9175,#9176,#9177);
#9175 = CARTESIAN_POINT('',(1.90482445345,-249.3293404359,
    -231.3999999999));
#9176 = DIRECTION('',(-3.064104139906E-16,-8.673617379884E-16,1.));
#9177 = DIRECTION('',(-2.435520026397E-07,-1.,-8.673618126152E-16));
#9178 = PCURVE('',#8992,#9179);
#9179 = DEFINITIONAL_REPRESENTATION('',(#9180),#9188);
#9180 = ( BOUNDED_CURVE() B_SPLINE_CURVE(2,(#9181,#9182,#9183,#9184,
#9185,#9186,#9187),.UNSPECIFIED.,.T.,.F.) B_SPLINE_CURVE_WITH_KNOTS((1,2
    ,2,2,2,1),(-2.094395102393,0.,2.094395102393,4.188790204786,
6.28318530718,8.377580409573),.UNSPECIFIED.) CURVE() 
GEOMETRIC_REPRESENTATION_ITEM() RATIONAL_B_SPLINE_CURVE((1.,0.5,1.,0.5,
1.,0.5,1.)) REPRESENTATION_ITEM('') );
#9181 = CARTESIAN_POINT('',(-1.899998311673,-6.928253353852));
#9182 = CARTESIAN_POINT('',(-4.498074523026,-6.928253986618));
#9183 = CARTESIAN_POINT('',(-3.199036965341,-4.678253670235));
#9184 = CARTESIAN_POINT('',(-1.899999407657,-2.428253353852));
#9185 = CARTESIAN_POINT('',(-0.600960753988,-4.678253037468));
#9186 = CARTESIAN_POINT('',(0.698077899681,-6.928252721085));
#9187 = CARTESIAN_POINT('',(-1.899998311673,-6.928253353852));
#9188 = ( GEOMETRIC_REPRESENTATION_CONTEXT(2) 
PARAMETRIC_REPRESENTATION_CONTEXT() REPRESENTATION_CONTEXT('2D SPACE',''
  ) );
#9189 = PCURVE('',#1645,#9190);
#9190 = DEFINITIONAL_REPRESENTATION('',(#9191),#9195);
#9191 = LINE('',#9192,#9193);
#9192 = CARTESIAN_POINT('',(6.28318530718,0.));
#9193 = VECTOR('',#9194,1.);
#9194 = DIRECTION('',(-1.,0.));
#9195 = ( GEOMETRIC_REPRESENTATION_CONTEXT(2) 
PARAMETRIC_REPRESENTATION_CONTEXT() REPRESENTATION_CONTEXT('2D SPACE',''
  ) );
#9196 = ORIENTED_EDGE('',*,*,#9197,.F.);
#9197 = EDGE_CURVE('',#9198,#9170,#9200,.T.);
#9198 = VERTEX_POINT('',#9199);
#9199 = CARTESIAN_POINT('',(-2.390828064967,-250.7450826288,
    -231.3999999999));
#9200 = SURFACE_CURVE('',#9201,(#9206,#9217),.PCURVE_S1.);
#9201 = CIRCLE('',#9202,7.249999999476);
#9202 = AXIS2_PLACEMENT_3D('',#9203,#9204,#9205);
#9203 = CARTESIAN_POINT('',(4.825777044005E-03,-243.9023242185,
    -231.3999999999));
#9204 = DIRECTION('',(-3.064104139906E-16,-8.673617379884E-16,1.));
#9205 = DIRECTION('',(2.435520004241E-07,1.,8.673618126152E-16));
#9206 = PCURVE('',#8992,#9207);
#9207 = DEFINITIONAL_REPRESENTATION('',(#9208),#9216);
#9208 = ( BOUNDED_CURVE() B_SPLINE_CURVE(2,(#9209,#9210,#9211,#9212,
#9213,#9214,#9215),.UNSPECIFIED.,.T.,.F.) B_SPLINE_CURVE_WITH_KNOTS((1,2
    ,2,2,2,1),(-2.094395102393,0.,2.094395102393,4.188790204786,
6.28318530718,8.377580409573),.UNSPECIFIED.) CURVE() 
GEOMETRIC_REPRESENTATION_ITEM() RATIONAL_B_SPLINE_CURVE((1.,0.5,1.,0.5,
1.,0.5,1.)) REPRESENTATION_ITEM('') );
#9209 = CARTESIAN_POINT('',(-1.766346521153E-06,7.248762862997));
#9210 = CARTESIAN_POINT('',(12.55736658762,7.248765921369));
#9211 = CARTESIAN_POINT('',(6.278685059265,-3.62623560703));
#9212 = CARTESIAN_POINT('',(3.530909489463E-06,-14.50123713543));
#9213 = CARTESIAN_POINT('',(-6.278683294702,-3.626238665403));
#9214 = CARTESIAN_POINT('',(-12.55737012031,7.248759804625));
#9215 = CARTESIAN_POINT('',(-1.766346521153E-06,7.248762862997));
#9216 = ( GEOMETRIC_REPRESENTATION_CONTEXT(2) 
PARAMETRIC_REPRESENTATION_CONTEXT() REPRESENTATION_CONTEXT('2D SPACE',''
  ) );
#9217 = PCURVE('',#1818,#9218);
#9218 = DEFINITIONAL_REPRESENTATION('',(#9219),#9223);
#9219 = LINE('',#9220,#9221);
#9220 = CARTESIAN_POINT('',(-2.435519963484E-07,-231.3999999999));
#9221 = VECTOR('',#9222,1.);
#9222 = DIRECTION('',(1.,0.));
#9223 = ( GEOMETRIC_REPRESENTATION_CONTEXT(2) 
PARAMETRIC_REPRESENTATION_CONTEXT() REPRESENTATION_CONTEXT('2D SPACE',''
  ) );
#9224 = ORIENTED_EDGE('',*,*,#9225,.F.);
#9225 = EDGE_CURVE('',#9226,#9198,#9228,.T.);
#9226 = VERTEX_POINT('',#9227);
#9227 = CARTESIAN_POINT('',(-3.395175545894,-249.329339144,
    -231.3999999999));
#9228 = SURFACE_CURVE('',#9229,(#9234,#9245),.PCURVE_S1.);
#9229 = CIRCLE('',#9230,1.5);
#9230 = AXIS2_PLACEMENT_3D('',#9231,#9232,#9233);
#9231 = CARTESIAN_POINT('',(-1.895175545894,-249.3293395094,
    -231.3999999999));
#9232 = DIRECTION('',(-3.064104139906E-16,-8.673617379884E-16,1.));
#9233 = DIRECTION('',(-2.435520026397E-07,-1.,-8.673618126152E-16));
#9234 = PCURVE('',#8992,#9235);
#9235 = DEFINITIONAL_REPRESENTATION('',(#9236),#9244);
#9236 = ( BOUNDED_CURVE() B_SPLINE_CURVE(2,(#9237,#9238,#9239,#9240,
#9241,#9242,#9243),.UNSPECIFIED.,.T.,.F.) B_SPLINE_CURVE_WITH_KNOTS((1,2
    ,2,2,2,1),(-2.094395102393,0.,2.094395102393,4.188790204786,
6.28318530718,8.377580409573),.UNSPECIFIED.) CURVE() 
GEOMETRIC_REPRESENTATION_ITEM() RATIONAL_B_SPLINE_CURVE((1.,0.5,1.,0.5,
1.,0.5,1.)) REPRESENTATION_ITEM('') );
#9237 = CARTESIAN_POINT('',(1.900001687671,-6.9282524273));
#9238 = CARTESIAN_POINT('',(-0.698074523682,-6.928253060066));
#9239 = CARTESIAN_POINT('',(0.600963034003,-4.678252743683));
#9240 = CARTESIAN_POINT('',(1.900000591687,-2.4282524273));
#9241 = CARTESIAN_POINT('',(3.199039245356,-4.678252110916));
#9242 = CARTESIAN_POINT('',(4.498077899025,-6.928251794533));
#9243 = CARTESIAN_POINT('',(1.900001687671,-6.9282524273));
#9244 = ( GEOMETRIC_REPRESENTATION_CONTEXT(2) 
PARAMETRIC_REPRESENTATION_CONTEXT() REPRESENTATION_CONTEXT('2D SPACE',''
  ) );
#9245 = PCURVE('',#1847,#9246);
#9246 = DEFINITIONAL_REPRESENTATION('',(#9247),#9251);
#9247 = LINE('',#9248,#9249);
#9248 = CARTESIAN_POINT('',(6.28318530718,0.));
#9249 = VECTOR('',#9250,1.);
#9250 = DIRECTION('',(-1.,0.));
#9251 = ( GEOMETRIC_REPRESENTATION_CONTEXT(2) 
PARAMETRIC_REPRESENTATION_CONTEXT() REPRESENTATION_CONTEXT('2D SPACE',''
  ) );
#9252 = ORIENTED_EDGE('',*,*,#9253,.F.);
#9253 = EDGE_CURVE('',#9254,#9226,#9256,.T.);
#9254 = VERTEX_POINT('',#9255);
#9255 = CARTESIAN_POINT('',(-3.395175350758,-248.5370779925,
    -231.3999999999));
#9256 = SURFACE_CURVE('',#9257,(#9261,#9268),.PCURVE_S1.);
#9257 = LINE('',#9258,#9259);
#9258 = CARTESIAN_POINT('',(-3.395175629631,-249.6731552185,
    -231.3999999999));
#9259 = VECTOR('',#9260,1.);
#9260 = DIRECTION('',(-2.435520001868E-07,-1.,-8.673618126152E-16));
#9261 = PCURVE('',#8992,#9262);
#9262 = DEFINITIONAL_REPRESENTATION('',(#9263),#9267);
#9263 = LINE('',#9264,#9265);
#9264 = CARTESIAN_POINT('',(3.40000140608,-5.772068136466));
#9265 = VECTOR('',#9266,1.);
#9266 = DIRECTION('',(2.435520001868E-07,-1.));
#9267 = ( GEOMETRIC_REPRESENTATION_CONTEXT(2) 
PARAMETRIC_REPRESENTATION_CONTEXT() REPRESENTATION_CONTEXT('2D SPACE',''
  ) );
#9268 = PCURVE('',#4731,#9269);
#9269 = DEFINITIONAL_REPRESENTATION('',(#9270),#9274);
#9270 = LINE('',#9271,#9272);
#9271 = CARTESIAN_POINT('',(0.,0.));
#9272 = VECTOR('',#9273,1.);
#9273 = DIRECTION('',(-1.,-4.603253862884E-31));
#9274 = ( GEOMETRIC_REPRESENTATION_CONTEXT(2) 
PARAMETRIC_REPRESENTATION_CONTEXT() REPRESENTATION_CONTEXT('2D SPACE',''
  ) );
#9275 = ORIENTED_EDGE('',*,*,#9276,.F.);
#9276 = EDGE_CURVE('',#9277,#9254,#9279,.T.);
#9277 = VERTEX_POINT('',#9278);
#9278 = CARTESIAN_POINT('',(-3.395173094198,-239.2629203535,
    -231.3999999999));
#9279 = SURFACE_CURVE('',#9280,(#9285,#9296),.PCURVE_S1.);
#9280 = CIRCLE('',#9281,5.75);
#9281 = AXIS2_PLACEMENT_3D('',#9282,#9283,#9284);
#9282 = CARTESIAN_POINT('',(4.825777610009E-03,-243.899999998,
    -231.3999999999));
#9283 = DIRECTION('',(-3.064104139906E-16,-8.673617379884E-16,1.));
#9284 = DIRECTION('',(-2.435519998239E-07,-1.,-8.673618126152E-16));
#9285 = PCURVE('',#8992,#9286);
#9286 = DEFINITIONAL_REPRESENTATION('',(#9287),#9295);
#9287 = ( BOUNDED_CURVE() B_SPLINE_CURVE(2,(#9288,#9289,#9290,#9291,
#9292,#9293,#9294),.UNSPECIFIED.,.T.,.F.) B_SPLINE_CURVE_WITH_KNOTS((1,2
    ,2,2,2,1),(-2.094395102393,0.,2.094395102393,4.188790204786,
6.28318530718,8.377580409573),.UNSPECIFIED.) CURVE() 
GEOMETRIC_REPRESENTATION_ITEM() RATIONAL_B_SPLINE_CURVE((1.,0.5,1.,0.5,
1.,0.5,1.)) REPRESENTATION_ITEM('') );
#9288 = CARTESIAN_POINT('',(1.399263476649E-06,-5.748912915955));
#9289 = CARTESIAN_POINT('',(-9.959290744257,-5.74891534156));
#9290 = CARTESIAN_POINT('',(-4.979646773133,2.876085871242));
#9291 = CARTESIAN_POINT('',(-2.802008521722E-06,11.501087084045));
#9292 = CARTESIAN_POINT('',(4.979645370388,2.876088296848));
#9293 = CARTESIAN_POINT('',(9.959293542784,-5.748910490349));
#9294 = CARTESIAN_POINT('',(1.399263476649E-06,-5.748912915955));
#9295 = ( GEOMETRIC_REPRESENTATION_CONTEXT(2) 
PARAMETRIC_REPRESENTATION_CONTEXT() REPRESENTATION_CONTEXT('2D SPACE',''
  ) );
#9296 = PCURVE('',#4818,#9297);
#9297 = DEFINITIONAL_REPRESENTATION('',(#9298),#9324);
#9298 = B_SPLINE_CURVE_WITH_KNOTS('',3,(#9299,#9300,#9301,#9302,#9303,
    #9304,#9305,#9306,#9307,#9308,#9309,#9310,#9311,#9312,#9313,#9314,
    #9315,#9316,#9317,#9318,#9319,#9320,#9321,#9322,#9323),
  .UNSPECIFIED.,.F.,.F.,(4,1,1,1,1,1,1,1,1,1,1,1,1,1,1,1,1,1,1,1,1,1,4),
  (3.774267935454,3.859551666854,3.944835398254,4.030119129654,
    4.115402861054,4.200686592454,4.285970323854,4.371254055254,
    4.456537786654,4.541821518054,4.627105249455,4.712388980855,
    4.797672712255,4.882956443655,4.968240175055,5.053523906455,
    5.138807637855,5.224091369255,5.309375100655,5.394658832055,
    5.479942563455,5.565226294855,5.650510026255),
  .QUASI_UNIFORM_KNOTS.);
#9299 = CARTESIAN_POINT('',(5.65062732334,1.11743107766E-04));
#9300 = CARTESIAN_POINT('',(5.622203962081,1.137979938588E-04));
#9301 = CARTESIAN_POINT('',(5.565356953101,1.181483454186E-04));
#9302 = CARTESIAN_POINT('',(5.480085491902,1.253429274345E-04));
#9303 = CARTESIAN_POINT('',(5.394812991719,1.331556742023E-04));
#9304 = CARTESIAN_POINT('',(5.309539371457,1.415294184697E-04));
#9305 = CARTESIAN_POINT('',(5.224264557452,1.504033934713E-04));
#9306 = CARTESIAN_POINT('',(5.138988484889,1.597130679381E-04));
#9307 = CARTESIAN_POINT('',(5.053711098044,1.693907779426E-04));
#9308 = CARTESIAN_POINT('',(4.968432350748,1.793661751897E-04));
#9309 = CARTESIAN_POINT('',(4.88315220671,1.895667499625E-04));
#9310 = CARTESIAN_POINT('',(4.797870639788,1.999183551381E-04));
#9311 = CARTESIAN_POINT('',(4.712587634176,2.103457457389E-04));
#9312 = CARTESIAN_POINT('',(4.627303184526,2.207731262135E-04));
#9313 = CARTESIAN_POINT('',(4.542017295985,2.311247007179E-04));
#9314 = CARTESIAN_POINT('',(4.456729984161,2.413252248112E-04));
#9315 = CARTESIAN_POINT('',(4.371441275013,2.513005515626E-04));
#9316 = CARTESIAN_POINT('',(4.286151204664,2.609781718259E-04));
#9317 = CARTESIAN_POINT('',(4.200859819135,2.702877379007E-04));
#9318 = CARTESIAN_POINT('',(4.11556717403,2.791615866622E-04));
#9319 = CARTESIAN_POINT('',(4.03027333407,2.875351879803E-04));
#9320 = CARTESIAN_POINT('',(3.944978372859,2.953477757004E-04));
#9321 = CARTESIAN_POINT('',(3.859682371462,3.025421841035E-04));
#9322 = CARTESIAN_POINT('',(3.802817737919,3.068924109455E-04));
#9323 = CARTESIAN_POINT('',(3.77438527772,3.089472326394E-04));
#9324 = ( GEOMETRIC_REPRESENTATION_CONTEXT(2) 
PARAMETRIC_REPRESENTATION_CONTEXT() REPRESENTATION_CONTEXT('2D SPACE',''
  ) );
#9325 = ORIENTED_EDGE('',*,*,#9326,.F.);
#9326 = EDGE_CURVE('',#9034,#9277,#9327,.T.);
#9327 = SURFACE_CURVE('',#9328,(#9332,#9339),.PCURVE_S1.);
#9328 = LINE('',#9329,#9330);
#9329 = CARTESIAN_POINT('',(-3.39517281807,-238.1291673419,
    -231.3999999999));
#9330 = VECTOR('',#9331,1.);
#9331 = DIRECTION('',(-2.435520001868E-07,-1.,-8.673618126152E-16));
#9332 = PCURVE('',#8992,#9333);
#9333 = DEFINITIONAL_REPRESENTATION('',(#9334),#9338);
#9334 = LINE('',#9335,#9336);
#9335 = CARTESIAN_POINT('',(3.399998594519,5.771919740186));
#9336 = VECTOR('',#9337,1.);
#9337 = DIRECTION('',(2.435520001868E-07,-1.));
#9338 = ( GEOMETRIC_REPRESENTATION_CONTEXT(2) 
PARAMETRIC_REPRESENTATION_CONTEXT() REPRESENTATION_CONTEXT('2D SPACE',''
  ) );
#9339 = PCURVE('',#5285,#9340);
#9340 = DEFINITIONAL_REPRESENTATION('',(#9341),#9345);
#9341 = LINE('',#9342,#9343);
#9342 = CARTESIAN_POINT('',(-8.763516217709E-05,1.183332237823E-03));
#9343 = VECTOR('',#9344,1.);
#9344 = DIRECTION('',(-2.126383144271E-05,0.999999999774));
#9345 = ( GEOMETRIC_REPRESENTATION_CONTEXT(2) 
PARAMETRIC_REPRESENTATION_CONTEXT() REPRESENTATION_CONTEXT('2D SPACE',''
  ) );
#9346 = ADVANCED_FACE('',(#9347),#9106,.T.);
#9347 = FACE_BOUND('',#9348,.T.);
#9348 = EDGE_LOOP('',(#9349,#9398,#9419,#9420));
#9349 = ORIENTED_EDGE('',*,*,#9350,.F.);
#9350 = EDGE_CURVE('',#9351,#9353,#9355,.T.);
#9351 = VERTEX_POINT('',#9352);
#9352 = CARTESIAN_POINT('',(3.404826907326,-239.2629220045,
    -233.9918587362));
#9353 = VERTEX_POINT('',#9354);
#9354 = CARTESIAN_POINT('',(3.404827097537,-238.4729850703,
    -234.4961211025));
#9355 = SURFACE_CURVE('',#9356,(#9361,#9369),.PCURVE_S1.);
#9356 = ( BOUNDED_CURVE() B_SPLINE_CURVE(3,(#9357,#9358,#9359,#9360),
.UNSPECIFIED.,.F.,.F.) B_SPLINE_CURVE_WITH_KNOTS((4,4),(5.253057605795,
5.442190989785),.PIECEWISE_BEZIER_KNOTS.) CURVE() 
GEOMETRIC_REPRESENTATION_ITEM() RATIONAL_B_SPLINE_CURVE((1.,
0.99702126778,0.99702126778,1.)) REPRESENTATION_ITEM('') );
#9357 = CARTESIAN_POINT('',(3.404826907326,-239.2629220045,
    -233.9918587362));
#9358 = CARTESIAN_POINT('',(3.404826973658,-238.9816198146,
    -234.138099888));
#9359 = CARTESIAN_POINT('',(3.40482703798,-238.7175208231,
    -234.3066895268));
#9360 = CARTESIAN_POINT('',(3.404827097537,-238.4729850703,
    -234.4961211025));
#9361 = PCURVE('',#9106,#9362);
#9362 = DEFINITIONAL_REPRESENTATION('',(#9363),#9368);
#9363 = ( BOUNDED_CURVE() B_SPLINE_CURVE(3,(#9364,#9365,#9366,#9367),
.UNSPECIFIED.,.F.,.F.) B_SPLINE_CURVE_WITH_KNOTS((4,4),(5.253057605795,
5.442190989785),.PIECEWISE_BEZIER_KNOTS.) CURVE() 
GEOMETRIC_REPRESENTATION_ITEM() RATIONAL_B_SPLINE_CURVE((1.,
0.99702126778,0.99702126778,1.)) REPRESENTATION_ITEM('') );
#9364 = CARTESIAN_POINT('',(-2.971994206291E-09,-2.5918587363));
#9365 = CARTESIAN_POINT('',(-0.281302192818,-2.7380998881));
#9366 = CARTESIAN_POINT('',(-0.545401184404,-2.9066895269));
#9367 = CARTESIAN_POINT('',(-0.789936937202,-3.0961211026));
#9368 = ( GEOMETRIC_REPRESENTATION_CONTEXT(2) 
PARAMETRIC_REPRESENTATION_CONTEXT() REPRESENTATION_CONTEXT('2D SPACE',''
  ) );
#9369 = PCURVE('',#1393,#9370);
#9370 = DEFINITIONAL_REPRESENTATION('',(#9371),#9397);
#9371 = B_SPLINE_CURVE_WITH_KNOTS('',3,(#9372,#9373,#9374,#9375,#9376,
    #9377,#9378,#9379,#9380,#9381,#9382,#9383,#9384,#9385,#9386,#9387,
    #9388,#9389,#9390,#9391,#9392,#9393,#9394,#9395,#9396),
  .UNSPECIFIED.,.F.,.F.,(4,1,1,1,1,1,1,1,1,1,1,1,1,1,1,1,1,1,1,1,1,1,4),
  (5.253057605795,5.261654577795,5.270251549794,5.278848521794,
    5.287445493793,5.296042465793,5.304639437792,5.313236409792,
    5.321833381791,5.330430353791,5.33902732579,5.34762429779,
    5.35622126979,5.364818241789,5.373415213789,5.382012185788,
    5.390609157788,5.399206129787,5.407803101787,5.416400073786,
    5.424997045786,5.433594017785,5.442190989785),.UNSPECIFIED.);
#9372 = CARTESIAN_POINT('',(1.030127701587,-6.27401580814));
#9373 = CARTESIAN_POINT('',(1.027266313586,-6.267640271667));
#9374 = CARTESIAN_POINT('',(1.021542375099,-6.254919470279));
#9375 = CARTESIAN_POINT('',(1.012953295185,-6.235931284776));
#9376 = CARTESIAN_POINT('',(1.004361358117,-6.217038324821));
#9377 = CARTESIAN_POINT('',(0.99576687981,-6.198242774648));
#9378 = CARTESIAN_POINT('',(0.987170176672,-6.179546801215));
#9379 = CARTESIAN_POINT('',(0.978571565622,-6.160952551152));
#9380 = CARTESIAN_POINT('',(0.969971363999,-6.142462150536));
#9381 = CARTESIAN_POINT('',(0.961369889494,-6.12407770393));
#9382 = CARTESIAN_POINT('',(0.952767460079,-6.105801293622));
#9383 = CARTESIAN_POINT('',(0.944164393942,-6.087634978833));
#9384 = CARTESIAN_POINT('',(0.935561009408,-6.069580794947));
#9385 = CARTESIAN_POINT('',(0.926957624875,-6.051640752745));
#9386 = CARTESIAN_POINT('',(0.918354558742,-6.033816837667));
#9387 = CARTESIAN_POINT('',(0.909752129334,-6.016111009073));
#9388 = CARTESIAN_POINT('',(0.901150654837,-5.99852519953));
#9389 = CARTESIAN_POINT('',(0.892550453225,-5.981061314101));
#9390 = CARTESIAN_POINT('',(0.88395184219,-5.963721229683));
#9391 = CARTESIAN_POINT('',(0.875355139069,-5.946506794255));
#9392 = CARTESIAN_POINT('',(0.866760660781,-5.929419826514));
#9393 = CARTESIAN_POINT('',(0.858168723735,-5.912462114163));
#9394 = CARTESIAN_POINT('',(0.849579643846,-5.895635417316));
#9395 = CARTESIAN_POINT('',(0.843855705376,-5.884506107675));
#9396 = CARTESIAN_POINT('',(0.840994317386,-5.878963863125));
#9397 = ( GEOMETRIC_REPRESENTATION_CONTEXT(2) 
PARAMETRIC_REPRESENTATION_CONTEXT() REPRESENTATION_CONTEXT('2D SPACE',''
  ) );
#9398 = ORIENTED_EDGE('',*,*,#9399,.F.);
#9399 = EDGE_CURVE('',#9091,#9351,#9400,.T.);
#9400 = SURFACE_CURVE('',#9401,(#9405,#9412),.PCURVE_S1.);
#9401 = LINE('',#9402,#9403);
#9402 = CARTESIAN_POINT('',(3.404826907326,-239.2629220045,
    -231.3999999999));
#9403 = VECTOR('',#9404,1.);
#9404 = DIRECTION('',(3.064104139906E-16,8.673617379884E-16,-1.));
#9405 = PCURVE('',#9106,#9406);
#9406 = DEFINITIONAL_REPRESENTATION('',(#9407),#9411);
#9407 = LINE('',#9408,#9409);
#9408 = CARTESIAN_POINT('',(-2.971997759005E-09,-2.577797141548E-24));
#9409 = VECTOR('',#9410,1.);
#9410 = DIRECTION('',(-6.898839942963E-29,-1.));
#9411 = ( GEOMETRIC_REPRESENTATION_CONTEXT(2) 
PARAMETRIC_REPRESENTATION_CONTEXT() REPRESENTATION_CONTEXT('2D SPACE',''
  ) );
#9412 = PCURVE('',#1498,#9413);
#9413 = DEFINITIONAL_REPRESENTATION('',(#9414),#9418);
#9414 = LINE('',#9415,#9416);
#9415 = CARTESIAN_POINT('',(3.774267934805,0.));
#9416 = VECTOR('',#9417,1.);
#9417 = DIRECTION('',(0.,1.));
#9418 = ( GEOMETRIC_REPRESENTATION_CONTEXT(2) 
PARAMETRIC_REPRESENTATION_CONTEXT() REPRESENTATION_CONTEXT('2D SPACE',''
  ) );
#9419 = ORIENTED_EDGE('',*,*,#9090,.T.);
#9420 = ORIENTED_EDGE('',*,*,#9421,.T.);
#9421 = EDGE_CURVE('',#9063,#9353,#9422,.T.);
#9422 = SURFACE_CURVE('',#9423,(#9427,#9434),.PCURVE_S1.);
#9423 = LINE('',#9424,#9425);
#9424 = CARTESIAN_POINT('',(3.404827097537,-238.4729850703,
    -231.3999999999));
#9425 = VECTOR('',#9426,1.);
#9426 = DIRECTION('',(3.064104139906E-16,8.673617379884E-16,-1.));
#9427 = PCURVE('',#9106,#9428);
#9428 = DEFINITIONAL_REPRESENTATION('',(#9429),#9433);
#9429 = LINE('',#9430,#9431);
#9430 = CARTESIAN_POINT('',(-0.789936937202,-6.851611337032E-16));
#9431 = VECTOR('',#9432,1.);
#9432 = DIRECTION('',(-6.898839942963E-29,-1.));
#9433 = ( GEOMETRIC_REPRESENTATION_CONTEXT(2) 
PARAMETRIC_REPRESENTATION_CONTEXT() REPRESENTATION_CONTEXT('2D SPACE',''
  ) );
#9434 = PCURVE('',#8886,#9435);
#9435 = DEFINITIONAL_REPRESENTATION('',(#9436),#9440);
#9436 = LINE('',#9437,#9438);
#9437 = CARTESIAN_POINT('',(4.712388736833,-231.3999999999));
#9438 = VECTOR('',#9439,1.);
#9439 = DIRECTION('',(5.7373622689E-16,-1.));
#9440 = ( GEOMETRIC_REPRESENTATION_CONTEXT(2) 
PARAMETRIC_REPRESENTATION_CONTEXT() REPRESENTATION_CONTEXT('2D SPACE',''
  ) );
#9441 = ADVANCED_FACE('',(#9442),#8886,.F.);
#9442 = FACE_BOUND('',#9443,.F.);
#9443 = EDGE_LOOP('',(#9444,#9510,#9511,#9512,#9513));
#9444 = ORIENTED_EDGE('',*,*,#9445,.T.);
#9445 = EDGE_CURVE('',#9353,#8847,#9446,.T.);
#9446 = SURFACE_CURVE('',#9447,(#9452,#9481),.PCURVE_S1.);
#9447 = B_SPLINE_CURVE_WITH_KNOTS('',3,(#9448,#9449,#9450,#9451),
  .UNSPECIFIED.,.F.,.F.,(4,4),(0.,1.),.PIECEWISE_BEZIER_KNOTS.);
#9448 = CARTESIAN_POINT('',(3.404827097537,-238.4729850703,
    -234.4961211025));
#9449 = CARTESIAN_POINT('',(3.404827140356,-238.2971777201,
    -234.6323116717));
#9450 = CARTESIAN_POINT('',(3.373597787996,-238.1251758739,
    -234.797897456));
#9451 = CARTESIAN_POINT('',(3.316885121949,-237.9669292382,
    -234.9999999999));
#9452 = PCURVE('',#8886,#9453);
#9453 = DEFINITIONAL_REPRESENTATION('',(#9454),#9480);
#9454 = B_SPLINE_CURVE_WITH_KNOTS('',3,(#9455,#9456,#9457,#9458,#9459,
    #9460,#9461,#9462,#9463,#9464,#9465,#9466,#9467,#9468,#9469,#9470,
    #9471,#9472,#9473,#9474,#9475,#9476,#9477,#9478,#9479),
  .UNSPECIFIED.,.F.,.F.,(4,1,1,1,1,1,1,1,1,1,1,1,1,1,1,1,1,1,1,1,1,1,4),
  (0.,4.545454545455E-02,9.090909090909E-02,0.136363636364,
    0.181818181818,0.227272727273,0.272727272727,0.318181818182,
    0.363636363636,0.409090909091,0.454545454545,0.5,0.545454545455,
    0.590909090909,0.636363636364,0.681818181818,0.727272727273,
    0.772727272727,0.818181818182,0.863636363636,0.909090909091,
    0.954545454545,1.),.UNSPECIFIED.);
#9455 = CARTESIAN_POINT('',(4.712388736833,-234.4961211025));
#9456 = CARTESIAN_POINT('',(4.717716225123,-234.5023115829));
#9457 = CARTESIAN_POINT('',(4.728360745546,-234.5148140115));
#9458 = CARTESIAN_POINT('',(4.744296490516,-234.5339360709));
#9459 = CARTESIAN_POINT('',(4.760201565587,-234.5534305596));
#9460 = CARTESIAN_POINT('',(4.776076221158,-234.5733014904));
#9461 = CARTESIAN_POINT('',(4.791920636642,-234.5935528763));
#9462 = CARTESIAN_POINT('',(4.807734913345,-234.6141887301));
#9463 = CARTESIAN_POINT('',(4.823519081269,-234.6352130648));
#9464 = CARTESIAN_POINT('',(4.839273102304,-234.6566298932));
#9465 = CARTESIAN_POINT('',(4.854996874499,-234.6784432283));
#9466 = CARTESIAN_POINT('',(4.870690236148,-234.7006570828));
#9467 = CARTESIAN_POINT('',(4.886352970017,-234.7232754698));
#9468 = CARTESIAN_POINT('',(4.901984807626,-234.746302402));
#9469 = CARTESIAN_POINT('',(4.917585433588,-234.7697418924));
#9470 = CARTESIAN_POINT('',(4.933154490006,-234.793597954));
#9471 = CARTESIAN_POINT('',(4.94869158091,-234.8178745995));
#9472 = CARTESIAN_POINT('',(4.964196276732,-234.8425758418));
#9473 = CARTESIAN_POINT('',(4.979668118814,-234.8677056939));
#9474 = CARTESIAN_POINT('',(4.995106623927,-234.8932681687));
#9475 = CARTESIAN_POINT('',(5.010511288835,-234.919267279));
#9476 = CARTESIAN_POINT('',(5.025881594745,-234.9457070377));
#9477 = CARTESIAN_POINT('',(5.041217012214,-234.9725914577));
#9478 = CARTESIAN_POINT('',(5.051417006946,-234.9908135206));
#9479 = CARTESIAN_POINT('',(5.056511010952,-234.9999999999));
#9480 = ( GEOMETRIC_REPRESENTATION_CONTEXT(2) 
PARAMETRIC_REPRESENTATION_CONTEXT() REPRESENTATION_CONTEXT('2D SPACE',''
  ) );
#9481 = PCURVE('',#1393,#9482);
#9482 = DEFINITIONAL_REPRESENTATION('',(#9483),#9509);
#9483 = B_SPLINE_CURVE_WITH_KNOTS('',3,(#9484,#9485,#9486,#9487,#9488,
    #9489,#9490,#9491,#9492,#9493,#9494,#9495,#9496,#9497,#9498,#9499,
    #9500,#9501,#9502,#9503,#9504,#9505,#9506,#9507,#9508),
  .UNSPECIFIED.,.F.,.F.,(4,1,1,1,1,1,1,1,1,1,1,1,1,1,1,1,1,1,1,1,1,1,4),
  (0.,4.545454545455E-02,9.090909090909E-02,0.136363636364,
    0.181818181818,0.227272727273,0.272727272727,0.318181818182,
    0.363636363636,0.409090909091,0.454545454545,0.5,0.545454545455,
    0.590909090909,0.636363636364,0.681818181818,0.727272727273,
    0.772727272727,0.818181818182,0.863636363636,0.909090909091,
    0.954545454545,1.),.UNSPECIFIED.);
#9484 = CARTESIAN_POINT('',(0.840994317386,-5.878963863125));
#9485 = CARTESIAN_POINT('',(0.838930993598,-5.874967397022));
#9486 = CARTESIAN_POINT('',(0.834777922742,-5.867094079285));
#9487 = CARTESIAN_POINT('',(0.828469263216,-5.85564294608));
#9488 = CARTESIAN_POINT('',(0.822081775729,-5.844550656277));
#9489 = CARTESIAN_POINT('',(0.815615655182,-5.833817209875));
#9490 = CARTESIAN_POINT('',(0.809071076285,-5.823442606875));
#9491 = CARTESIAN_POINT('',(0.802448190568,-5.813426847276));
#9492 = CARTESIAN_POINT('',(0.79574712693,-5.803769931079));
#9493 = CARTESIAN_POINT('',(0.788967991276,-5.794471858283));
#9494 = CARTESIAN_POINT('',(0.782110866404,-5.785532628888));
#9495 = CARTESIAN_POINT('',(0.775175811853,-5.776952242895));
#9496 = CARTESIAN_POINT('',(0.768162863783,-5.768730700304));
#9497 = CARTESIAN_POINT('',(0.761072034864,-5.760868001114));
#9498 = CARTESIAN_POINT('',(0.753903314195,-5.753364145325));
#9499 = CARTESIAN_POINT('',(0.74665666723,-5.746219132938));
#9500 = CARTESIAN_POINT('',(0.739332035738,-5.739432963952));
#9501 = CARTESIAN_POINT('',(0.731929337767,-5.733005638368));
#9502 = CARTESIAN_POINT('',(0.724448467663,-5.726937156185));
#9503 = CARTESIAN_POINT('',(0.716889296033,-5.721227517404));
#9504 = CARTESIAN_POINT('',(0.709251670001,-5.715876722024));
#9505 = CARTESIAN_POINT('',(0.701535412492,-5.710884770046));
#9506 = CARTESIAN_POINT('',(0.693740325279,-5.706251661469));
#9507 = CARTESIAN_POINT('',(0.688490893842,-5.703402151352));
#9508 = CARTESIAN_POINT('',(0.685852964619,-5.702037203527));
#9509 = ( GEOMETRIC_REPRESENTATION_CONTEXT(2) 
PARAMETRIC_REPRESENTATION_CONTEXT() REPRESENTATION_CONTEXT('2D SPACE',''
  ) );
#9510 = ORIENTED_EDGE('',*,*,#8869,.T.);
#9511 = ORIENTED_EDGE('',*,*,#9008,.F.);
#9512 = ORIENTED_EDGE('',*,*,#9062,.F.);
#9513 = ORIENTED_EDGE('',*,*,#9421,.T.);
#9514 = ADVANCED_FACE('',(#9515),#5337,.F.);
#9515 = FACE_BOUND('',#9516,.F.);
#9516 = EDGE_LOOP('',(#9517,#9518,#9519,#9520,#9521));
#9517 = ORIENTED_EDGE('',*,*,#9033,.F.);
#9518 = ORIENTED_EDGE('',*,*,#8952,.T.);
#9519 = ORIENTED_EDGE('',*,*,#8927,.T.);
#9520 = ORIENTED_EDGE('',*,*,#5298,.F.);
#9521 = ORIENTED_EDGE('',*,*,#9522,.F.);
#9522 = EDGE_CURVE('',#9034,#5247,#9523,.T.);
#9523 = SURFACE_CURVE('',#9524,(#9528,#9535),.PCURVE_S1.);
#9524 = LINE('',#9525,#9526);
#9525 = CARTESIAN_POINT('',(-3.395172901807,-238.4729834164,
    -231.3999999999));
#9526 = VECTOR('',#9527,1.);
#9527 = DIRECTION('',(3.064104139906E-16,8.673617379884E-16,-1.));
#9528 = PCURVE('',#5337,#9529);
#9529 = DEFINITIONAL_REPRESENTATION('',(#9530),#9534);
#9530 = LINE('',#9531,#9532);
#9531 = CARTESIAN_POINT('',(1.570796326795,0.));
#9532 = VECTOR('',#9533,1.);
#9533 = DIRECTION('',(0.,1.));
#9534 = ( GEOMETRIC_REPRESENTATION_CONTEXT(2) 
PARAMETRIC_REPRESENTATION_CONTEXT() REPRESENTATION_CONTEXT('2D SPACE',''
  ) );
#9535 = PCURVE('',#5285,#9536);
#9536 = DEFINITIONAL_REPRESENTATION('',(#9537),#9541);
#9537 = LINE('',#9538,#9539);
#9538 = CARTESIAN_POINT('',(-9.494600923212E-05,0.344999406654));
#9539 = VECTOR('',#9540,1.);
#9540 = DIRECTION('',(-0.999999999774,-2.126383144271E-05));
#9541 = ( GEOMETRIC_REPRESENTATION_CONTEXT(2) 
PARAMETRIC_REPRESENTATION_CONTEXT() REPRESENTATION_CONTEXT('2D SPACE',''
  ) );
#9542 = ADVANCED_FACE('',(#9543),#5285,.T.);
#9543 = FACE_BOUND('',#9544,.T.);
#9544 = EDGE_LOOP('',(#9545,#9566,#9567,#9568));
#9545 = ORIENTED_EDGE('',*,*,#9546,.T.);
#9546 = EDGE_CURVE('',#9277,#5122,#9547,.T.);
#9547 = SURFACE_CURVE('',#9548,(#9552,#9559),.PCURVE_S1.);
#9548 = LINE('',#9549,#9550);
#9549 = CARTESIAN_POINT('',(-3.395173094198,-239.2629203511,
    -231.3998882568));
#9550 = VECTOR('',#9551,1.);
#9551 = DIRECTION('',(-2.493649894255E-10,-2.126383144178E-05,
    -0.999999999774));
#9552 = PCURVE('',#5285,#9553);
#9553 = DEFINITIONAL_REPRESENTATION('',(#9554),#9558);
#9554 = LINE('',#9555,#9556);
#9555 = CARTESIAN_POINT('',(4.890115469326E-12,1.134936343635));
#9556 = VECTOR('',#9557,1.);
#9557 = DIRECTION('',(-1.,-8.829689240437E-22));
#9558 = ( GEOMETRIC_REPRESENTATION_CONTEXT(2) 
PARAMETRIC_REPRESENTATION_CONTEXT() REPRESENTATION_CONTEXT('2D SPACE',''
  ) );
#9559 = PCURVE('',#4818,#9560);
#9560 = DEFINITIONAL_REPRESENTATION('',(#9561),#9565);
#9561 = LINE('',#9562,#9563);
#9562 = CARTESIAN_POINT('',(5.65062732334,7.819131260978E-12));
#9563 = VECTOR('',#9564,1.);
#9564 = DIRECTION('',(0.,1.));
#9565 = ( GEOMETRIC_REPRESENTATION_CONTEXT(2) 
PARAMETRIC_REPRESENTATION_CONTEXT() REPRESENTATION_CONTEXT('2D SPACE',''
  ) );
#9566 = ORIENTED_EDGE('',*,*,#5246,.T.);
#9567 = ORIENTED_EDGE('',*,*,#9522,.F.);
#9568 = ORIENTED_EDGE('',*,*,#9326,.T.);
#9569 = ADVANCED_FACE('',(#9570),#4995,.F.);
#9570 = FACE_BOUND('',#9571,.F.);
#9571 = EDGE_LOOP('',(#9572,#9573,#9574,#9575,#9596,#9597));
#9572 = ORIENTED_EDGE('',*,*,#8668,.F.);
#9573 = ORIENTED_EDGE('',*,*,#7255,.T.);
#9574 = ORIENTED_EDGE('',*,*,#7744,.F.);
#9575 = ORIENTED_EDGE('',*,*,#9576,.T.);
#9576 = EDGE_CURVE('',#7745,#4951,#9577,.T.);
#9577 = SURFACE_CURVE('',#9578,(#9582,#9589),.PCURVE_S1.);
#9578 = LINE('',#9579,#9580);
#9579 = CARTESIAN_POINT('',(-8.970572647477,-240.2213829874,
    -214.9999999999));
#9580 = VECTOR('',#9581,1.);
#9581 = DIRECTION('',(3.064104139906E-16,8.673617379884E-16,-1.));
#9582 = PCURVE('',#4995,#9583);
#9583 = DEFINITIONAL_REPRESENTATION('',(#9584),#9588);
#9584 = LINE('',#9585,#9586);
#9585 = CARTESIAN_POINT('',(5.101362313822,0.));
#9586 = VECTOR('',#9587,1.);
#9587 = DIRECTION('',(0.,1.));
#9588 = ( GEOMETRIC_REPRESENTATION_CONTEXT(2) 
PARAMETRIC_REPRESENTATION_CONTEXT() REPRESENTATION_CONTEXT('2D SPACE',''
  ) );
#9589 = PCURVE('',#802,#9590);
#9590 = DEFINITIONAL_REPRESENTATION('',(#9591),#9595);
#9591 = LINE('',#9592,#9593);
#9592 = CARTESIAN_POINT('',(1.959769660233,0.));
#9593 = VECTOR('',#9594,1.);
#9594 = DIRECTION('',(0.,1.));
#9595 = ( GEOMETRIC_REPRESENTATION_CONTEXT(2) 
PARAMETRIC_REPRESENTATION_CONTEXT() REPRESENTATION_CONTEXT('2D SPACE',''
  ) );
#9596 = ORIENTED_EDGE('',*,*,#4948,.F.);
#9597 = ORIENTED_EDGE('',*,*,#5504,.F.);
#9598 = ADVANCED_FACE('',(#9599),#4818,.F.);
#9599 = FACE_BOUND('',#9600,.F.);
#9600 = EDGE_LOOP('',(#9601,#9622,#9623,#9624,#9625));
#9601 = ORIENTED_EDGE('',*,*,#9602,.F.);
#9602 = EDGE_CURVE('',#9254,#4693,#9603,.T.);
#9603 = SURFACE_CURVE('',#9604,(#9608,#9615),.PCURVE_S1.);
#9604 = LINE('',#9605,#9606);
#9605 = CARTESIAN_POINT('',(-3.395175350758,-248.5370779925,
    -231.3999999999));
#9606 = VECTOR('',#9607,1.);
#9607 = DIRECTION('',(3.064104139906E-16,8.673617379884E-16,-1.));
#9608 = PCURVE('',#4818,#9609);
#9609 = DEFINITIONAL_REPRESENTATION('',(#9610),#9614);
#9610 = LINE('',#9611,#9612);
#9611 = CARTESIAN_POINT('',(3.77438527772,3.089472326394E-04));
#9612 = VECTOR('',#9613,1.);
#9613 = DIRECTION('',(2.187360157445E-06,0.999999999998));
#9614 = ( GEOMETRIC_REPRESENTATION_CONTEXT(2) 
PARAMETRIC_REPRESENTATION_CONTEXT() REPRESENTATION_CONTEXT('2D SPACE',''
  ) );
#9615 = PCURVE('',#4731,#9616);
#9616 = DEFINITIONAL_REPRESENTATION('',(#9617),#9621);
#9617 = LINE('',#9618,#9619);
#9618 = CARTESIAN_POINT('',(1.13607722601,-9.853900020229E-16));
#9619 = VECTOR('',#9620,1.);
#9620 = DIRECTION('',(6.955107996383E-29,-1.));
#9621 = ( GEOMETRIC_REPRESENTATION_CONTEXT(2) 
PARAMETRIC_REPRESENTATION_CONTEXT() REPRESENTATION_CONTEXT('2D SPACE',''
  ) );
#9622 = ORIENTED_EDGE('',*,*,#9276,.F.);
#9623 = ORIENTED_EDGE('',*,*,#9546,.T.);
#9624 = ORIENTED_EDGE('',*,*,#5121,.F.);
#9625 = ORIENTED_EDGE('',*,*,#4744,.T.);
#9626 = ADVANCED_FACE('',(#9627),#4731,.T.);
#9627 = FACE_BOUND('',#9628,.T.);
#9628 = EDGE_LOOP('',(#9629,#9630,#9631,#9632));
#9629 = ORIENTED_EDGE('',*,*,#4692,.F.);
#9630 = ORIENTED_EDGE('',*,*,#9602,.F.);
#9631 = ORIENTED_EDGE('',*,*,#9253,.T.);
#9632 = ORIENTED_EDGE('',*,*,#9633,.T.);
#9633 = EDGE_CURVE('',#9226,#4625,#9634,.T.);
#9634 = SURFACE_CURVE('',#9635,(#9639,#9646),.PCURVE_S1.);
#9635 = LINE('',#9636,#9637);
#9636 = CARTESIAN_POINT('',(-3.395175545894,-249.329339144,
    -231.3999999999));
#9637 = VECTOR('',#9638,1.);
#9638 = DIRECTION('',(3.064104139906E-16,8.673617379884E-16,-1.));
#9639 = PCURVE('',#4731,#9640);
#9640 = DEFINITIONAL_REPRESENTATION('',(#9641),#9645);
#9641 = LINE('',#9642,#9643);
#9642 = CARTESIAN_POINT('',(0.343816074494,-2.982129335794E-16));
#9643 = VECTOR('',#9644,1.);
#9644 = DIRECTION('',(6.955107996383E-29,-1.));
#9645 = ( GEOMETRIC_REPRESENTATION_CONTEXT(2) 
PARAMETRIC_REPRESENTATION_CONTEXT() REPRESENTATION_CONTEXT('2D SPACE',''
  ) );
#9646 = PCURVE('',#1847,#9647);
#9647 = DEFINITIONAL_REPRESENTATION('',(#9648),#9652);
#9648 = LINE('',#9649,#9650);
#9649 = CARTESIAN_POINT('',(1.570796326795,0.));
#9650 = VECTOR('',#9651,1.);
#9651 = DIRECTION('',(0.,1.));
#9652 = ( GEOMETRIC_REPRESENTATION_CONTEXT(2) 
PARAMETRIC_REPRESENTATION_CONTEXT() REPRESENTATION_CONTEXT('2D SPACE',''
  ) );
#9653 = ADVANCED_FACE('',(#9654),#4250,.F.);
#9654 = FACE_BOUND('',#9655,.T.);
#9655 = EDGE_LOOP('',(#9656,#9657,#9658));
#9656 = ORIENTED_EDGE('',*,*,#5099,.F.);
#9657 = ORIENTED_EDGE('',*,*,#4232,.T.);
#9658 = ORIENTED_EDGE('',*,*,#9659,.T.);
#9659 = EDGE_CURVE('',#4235,#5030,#9660,.T.);
#9660 = SURFACE_CURVE('',#9661,(#9666,#9677),.PCURVE_S1.);
#9661 = CIRCLE('',#9662,9.7);
#9662 = AXIS2_PLACEMENT_3D('',#9663,#9664,#9665);
#9663 = CARTESIAN_POINT('',(4.825777610009E-03,-243.899999998,
    -234.9999999999));
#9664 = DIRECTION('',(3.064104139906E-16,8.673617379884E-16,-1.));
#9665 = DIRECTION('',(1.,-2.435520002313E-07,3.064102027429E-16));
#9666 = PCURVE('',#4250,#9667);
#9667 = DEFINITIONAL_REPRESENTATION('',(#9668),#9676);
#9668 = ( BOUNDED_CURVE() B_SPLINE_CURVE(2,(#9669,#9670,#9671,#9672,
#9673,#9674,#9675),.UNSPECIFIED.,.T.,.F.) B_SPLINE_CURVE_WITH_KNOTS((1,2
    ,2,2,2,1),(-2.094395102393,0.,2.094395102393,4.188790204786,
6.28318530718,8.377580409573),.UNSPECIFIED.) CURVE() 
GEOMETRIC_REPRESENTATION_ITEM() RATIONAL_B_SPLINE_CURVE((1.,0.5,1.,0.5,
1.,0.5,1.)) REPRESENTATION_ITEM('') );
#9669 = CARTESIAN_POINT('',(-43.65846959603,13.918058151026));
#9670 = CARTESIAN_POINT('',(-43.65846959603,30.718950984444));
#9671 = CARTESIAN_POINT('',(-29.10846959603,22.318504567735));
#9672 = CARTESIAN_POINT('',(-14.55846959603,13.918058151026));
#9673 = CARTESIAN_POINT('',(-29.10846959603,5.517611734317));
#9674 = CARTESIAN_POINT('',(-43.65846959603,-2.882834682392));
#9675 = CARTESIAN_POINT('',(-43.65846959603,13.918058151026));
#9676 = ( GEOMETRIC_REPRESENTATION_CONTEXT(2) 
PARAMETRIC_REPRESENTATION_CONTEXT() REPRESENTATION_CONTEXT('2D SPACE',''
  ) );
#9677 = PCURVE('',#802,#9678);
#9678 = DEFINITIONAL_REPRESENTATION('',(#9679),#9683);
#9679 = LINE('',#9680,#9681);
#9680 = CARTESIAN_POINT('',(-1.570796326795,20.));
#9681 = VECTOR('',#9682,1.);
#9682 = DIRECTION('',(1.,0.));
#9683 = ( GEOMETRIC_REPRESENTATION_CONTEXT(2) 
PARAMETRIC_REPRESENTATION_CONTEXT() REPRESENTATION_CONTEXT('2D SPACE',''
  ) );
#9684 = ADVANCED_FACE('',(#9685),#1847,.F.);
#9685 = FACE_BOUND('',#9686,.F.);
#9686 = EDGE_LOOP('',(#9687,#9688,#9709,#9710,#9711));
#9687 = ORIENTED_EDGE('',*,*,#1830,.T.);
#9688 = ORIENTED_EDGE('',*,*,#9689,.F.);
#9689 = EDGE_CURVE('',#9198,#1802,#9690,.T.);
#9690 = SURFACE_CURVE('',#9691,(#9695,#9702),.PCURVE_S1.);
#9691 = LINE('',#9692,#9693);
#9692 = CARTESIAN_POINT('',(-2.390828064967,-250.7450826288,
    -231.3999999999));
#9693 = VECTOR('',#9694,1.);
#9694 = DIRECTION('',(3.064104139906E-16,8.673617379884E-16,-1.));
#9695 = PCURVE('',#1847,#9696);
#9696 = DEFINITIONAL_REPRESENTATION('',(#9697),#9701);
#9697 = LINE('',#9698,#9699);
#9698 = CARTESIAN_POINT('',(0.336764196606,0.));
#9699 = VECTOR('',#9700,1.);
#9700 = DIRECTION('',(0.,1.));
#9701 = ( GEOMETRIC_REPRESENTATION_CONTEXT(2) 
PARAMETRIC_REPRESENTATION_CONTEXT() REPRESENTATION_CONTEXT('2D SPACE',''
  ) );
#9702 = PCURVE('',#1818,#9703);
#9703 = DEFINITIONAL_REPRESENTATION('',(#9704),#9708);
#9704 = LINE('',#9705,#9706);
#9705 = CARTESIAN_POINT('',(2.804828213432,-231.3999999999));
#9706 = VECTOR('',#9707,1.);
#9707 = DIRECTION('',(-1.233581138472E-16,-1.));
#9708 = ( GEOMETRIC_REPRESENTATION_CONTEXT(2) 
PARAMETRIC_REPRESENTATION_CONTEXT() REPRESENTATION_CONTEXT('2D SPACE',''
  ) );
#9709 = ORIENTED_EDGE('',*,*,#9225,.F.);
#9710 = ORIENTED_EDGE('',*,*,#9633,.T.);
#9711 = ORIENTED_EDGE('',*,*,#4624,.T.);
#9712 = ADVANCED_FACE('',(#9713),#1818,.F.);
#9713 = FACE_BOUND('',#9714,.F.);
#9714 = EDGE_LOOP('',(#9715,#9716,#9737,#9738));
#9715 = ORIENTED_EDGE('',*,*,#1801,.T.);
#9716 = ORIENTED_EDGE('',*,*,#9717,.F.);
#9717 = EDGE_CURVE('',#9170,#1778,#9718,.T.);
#9718 = SURFACE_CURVE('',#9719,(#9723,#9730),.PCURVE_S1.);
#9719 = LINE('',#9720,#9721);
#9720 = CARTESIAN_POINT('',(2.400476282123,-250.7450837971,
    -231.3999999999));
#9721 = VECTOR('',#9722,1.);
#9722 = DIRECTION('',(3.064104139906E-16,8.673617379884E-16,-1.));
#9723 = PCURVE('',#1818,#9724);
#9724 = DEFINITIONAL_REPRESENTATION('',(#9725),#9729);
#9725 = LINE('',#9726,#9727);
#9726 = CARTESIAN_POINT('',(3.478356606089,-231.3999999999));
#9727 = VECTOR('',#9728,1.);
#9728 = DIRECTION('',(0.,-1.));
#9729 = ( GEOMETRIC_REPRESENTATION_CONTEXT(2) 
PARAMETRIC_REPRESENTATION_CONTEXT() REPRESENTATION_CONTEXT('2D SPACE',''
  ) );
#9730 = PCURVE('',#1645,#9731);
#9731 = DEFINITIONAL_REPRESENTATION('',(#9732),#9736);
#9732 = LINE('',#9733,#9734);
#9733 = CARTESIAN_POINT('',(5.946421111129,0.));
#9734 = VECTOR('',#9735,1.);
#9735 = DIRECTION('',(0.,1.));
#9736 = ( GEOMETRIC_REPRESENTATION_CONTEXT(2) 
PARAMETRIC_REPRESENTATION_CONTEXT() REPRESENTATION_CONTEXT('2D SPACE',''
  ) );
#9737 = ORIENTED_EDGE('',*,*,#9197,.F.);
#9738 = ORIENTED_EDGE('',*,*,#9689,.T.);
#9739 = ADVANCED_FACE('',(#9740),#1645,.F.);
#9740 = FACE_BOUND('',#9741,.F.);
#9741 = EDGE_LOOP('',(#9742,#9743,#9744,#9745,#9746));
#9742 = ORIENTED_EDGE('',*,*,#9169,.F.);
#9743 = ORIENTED_EDGE('',*,*,#9717,.T.);
#9744 = ORIENTED_EDGE('',*,*,#1777,.T.);
#9745 = ORIENTED_EDGE('',*,*,#1606,.F.);
#9746 = ORIENTED_EDGE('',*,*,#9747,.F.);
#9747 = EDGE_CURVE('',#9147,#1555,#9748,.T.);
#9748 = SURFACE_CURVE('',#9749,(#9753,#9760),.PCURVE_S1.);
#9749 = LINE('',#9750,#9751);
#9750 = CARTESIAN_POINT('',(3.40482445345,-249.3293408012,
    -231.3999999999));
#9751 = VECTOR('',#9752,1.);
#9752 = DIRECTION('',(3.064104139906E-16,8.673617379884E-16,-1.));
#9753 = PCURVE('',#1645,#9754);
#9754 = DEFINITIONAL_REPRESENTATION('',(#9755),#9759);
#9755 = LINE('',#9756,#9757);
#9756 = CARTESIAN_POINT('',(4.712388980385,0.));
#9757 = VECTOR('',#9758,1.);
#9758 = DIRECTION('',(0.,1.));
#9759 = ( GEOMETRIC_REPRESENTATION_CONTEXT(2) 
PARAMETRIC_REPRESENTATION_CONTEXT() REPRESENTATION_CONTEXT('2D SPACE',''
  ) );
#9760 = PCURVE('',#1593,#9761);
#9761 = DEFINITIONAL_REPRESENTATION('',(#9762),#9766);
#9762 = LINE('',#9763,#9764);
#9763 = CARTESIAN_POINT('',(-2.982129337511E-16,0.343816074692));
#9764 = VECTOR('',#9765,1.);
#9765 = DIRECTION('',(-1.,4.271431438402E-31));
#9766 = ( GEOMETRIC_REPRESENTATION_CONTEXT(2) 
PARAMETRIC_REPRESENTATION_CONTEXT() REPRESENTATION_CONTEXT('2D SPACE',''
  ) );
#9767 = ADVANCED_FACE('',(#9768),#1593,.T.);
#9768 = FACE_BOUND('',#9769,.T.);
#9769 = EDGE_LOOP('',(#9770,#9791,#9792,#9793));
#9770 = ORIENTED_EDGE('',*,*,#9771,.T.);
#9771 = EDGE_CURVE('',#9119,#1428,#9772,.T.);
#9772 = SURFACE_CURVE('',#9773,(#9777,#9784),.PCURVE_S1.);
#9773 = LINE('',#9774,#9775);
#9774 = CARTESIAN_POINT('',(3.404824646407,-248.5370796538,
    -231.3999999999));
#9775 = VECTOR('',#9776,1.);
#9776 = DIRECTION('',(3.064104139906E-16,8.673617379884E-16,-1.));
#9777 = PCURVE('',#1593,#9778);
#9778 = DEFINITIONAL_REPRESENTATION('',(#9779),#9783);
#9779 = LINE('',#9780,#9781);
#9780 = CARTESIAN_POINT('',(-9.85389998616E-16,1.136077222082));
#9781 = VECTOR('',#9782,1.);
#9782 = DIRECTION('',(-1.,4.271431438402E-31));
#9783 = ( GEOMETRIC_REPRESENTATION_CONTEXT(2) 
PARAMETRIC_REPRESENTATION_CONTEXT() REPRESENTATION_CONTEXT('2D SPACE',''
  ) );
#9784 = PCURVE('',#1498,#9785);
#9785 = DEFINITIONAL_REPRESENTATION('',(#9786),#9790);
#9786 = LINE('',#9787,#9788);
#9787 = CARTESIAN_POINT('',(5.650510026905,0.));
#9788 = VECTOR('',#9789,1.);
#9789 = DIRECTION('',(0.,1.));
#9790 = ( GEOMETRIC_REPRESENTATION_CONTEXT(2) 
PARAMETRIC_REPRESENTATION_CONTEXT() REPRESENTATION_CONTEXT('2D SPACE',''
  ) );
#9791 = ORIENTED_EDGE('',*,*,#1554,.T.);
#9792 = ORIENTED_EDGE('',*,*,#9747,.F.);
#9793 = ORIENTED_EDGE('',*,*,#9146,.T.);
#9794 = ADVANCED_FACE('',(#9795),#1498,.F.);
#9795 = FACE_BOUND('',#9796,.F.);
#9796 = EDGE_LOOP('',(#9797,#9798,#9799,#9800,#9801));
#9797 = ORIENTED_EDGE('',*,*,#9399,.F.);
#9798 = ORIENTED_EDGE('',*,*,#9118,.F.);
#9799 = ORIENTED_EDGE('',*,*,#9771,.T.);
#9800 = ORIENTED_EDGE('',*,*,#1427,.F.);
#9801 = ORIENTED_EDGE('',*,*,#9802,.T.);
#9802 = EDGE_CURVE('',#1355,#9351,#9803,.T.);
#9803 = SURFACE_CURVE('',#9804,(#9822,#9873),.PCURVE_S1.);
#9804 = B_SPLINE_CURVE_WITH_KNOTS('',3,(#9805,#9806,#9807,#9808,#9809,
    #9810,#9811,#9812,#9813,#9814,#9815,#9816,#9817,#9818,#9819,#9820,
    #9821),.UNSPECIFIED.,.F.,.F.,(4,2,2,2,1,2,2,2,4),(0.,0.25,0.375,
    0.4375,0.46875,0.484375,0.5,0.75,1.),.UNSPECIFIED.);
#9805 = CARTESIAN_POINT('',(5.754723491727,-243.8657031001,
    -234.3633348445));
#9806 = CARTESIAN_POINT('',(5.752047533345,-243.4170768994,
    -234.045261578));
#9807 = CARTESIAN_POINT('',(5.690014199244,-242.9639062786,
    -233.8090629578));
#9808 = CARTESIAN_POINT('',(5.53245917144,-242.3198107714,-233.565660479
    ));
#9809 = CARTESIAN_POINT('',(5.46911065109,-242.1109182908,
    -233.5028090758));
#9810 = CARTESIAN_POINT('',(5.36014762494,-241.8102798935,
    -233.4331198414));
#9811 = CARTESIAN_POINT('',(5.32149773415,-241.7121742778,
    -233.4139811537));
#9812 = CARTESIAN_POINT('',(5.260268567206,-241.5685904601,
    -233.3910051305));
#9813 = CARTESIAN_POINT('',(5.228839893287,-241.4976913234,
    -233.3809496983));
#9814 = CARTESIAN_POINT('',(5.196230358463,-241.4282010834,
    -233.3729639789));
#9815 = CARTESIAN_POINT('',(5.174232421333,-241.3821945591,
    -233.3680911205));
#9816 = CARTESIAN_POINT('',(5.163940130845,-241.3610356035,
    -233.3660279488));
#9817 = CARTESIAN_POINT('',(4.958394114604,-240.9468557363,-233.32968634
    ));
#9818 = CARTESIAN_POINT('',(4.708762327852,-240.5664616388,
    -233.3578738339));
#9819 = CARTESIAN_POINT('',(4.118230827918,-239.8610288254,
    -233.5618935297));
#9820 = CARTESIAN_POINT('',(3.777390868851,-239.5360935776,
    -233.7379885429));
#9821 = CARTESIAN_POINT('',(3.404826907326,-239.2629220045,
    -233.9918587362));
#9822 = PCURVE('',#1498,#9823);
#9823 = DEFINITIONAL_REPRESENTATION('',(#9824),#9872);
#9824 = B_SPLINE_CURVE_WITH_KNOTS('',3,(#9825,#9826,#9827,#9828,#9829,
    #9830,#9831,#9832,#9833,#9834,#9835,#9836,#9837,#9838,#9839,#9840,
    #9841,#9842,#9843,#9844,#9845,#9846,#9847,#9848,#9849,#9850,#9851,
    #9852,#9853,#9854,#9855,#9856,#9857,#9858,#9859,#9860,#9861,#9862,
    #9863,#9864,#9865,#9866,#9867,#9868,#9869,#9870,#9871),
  .UNSPECIFIED.,.F.,.F.,(4,1,1,1,1,1,1,1,1,1,1,1,1,1,1,1,1,1,1,1,1,1,1,1
    ,1,1,1,1,1,1,1,1,1,1,1,1,1,1,1,1,1,1,1,1,4),(0.,2.272727272727E-02,
    4.545454545455E-02,6.818181818182E-02,9.090909090909E-02,
    0.113636363636,0.136363636364,0.159090909091,0.181818181818,
    0.204545454545,0.227272727273,0.25,0.272727272727,0.295454545455,
    0.318181818182,0.340909090909,0.363636363636,0.386363636364,
    0.409090909091,0.431818181818,0.454545454545,0.477272727273,0.5,
    0.522727272727,0.545454545455,0.568181818182,0.590909090909,
    0.613636363636,0.636363636364,0.659090909091,0.681818181818,
    0.704545454545,0.727272727273,0.75,0.772727272727,0.795454545455,
    0.818181818182,0.840909090909,0.863636363636,0.886363636364,
    0.909090909091,0.931818181818,0.954545454545,0.977272727273,1.),
  .QUASI_UNIFORM_KNOTS.);
#9825 = CARTESIAN_POINT('',(4.706424023575,2.9633348446));
#9826 = CARTESIAN_POINT('',(4.699331085278,2.9344190931));
#9827 = CARTESIAN_POINT('',(4.685130775867,2.877940890046));
#9828 = CARTESIAN_POINT('',(4.663797697814,2.797247673015));
#9829 = CARTESIAN_POINT('',(4.642442271081,2.720542731492));
#9830 = CARTESIAN_POINT('',(4.621076228315,2.647790252583));
#9831 = CARTESIAN_POINT('',(4.599712176924,2.578954426555));
#9832 = CARTESIAN_POINT('',(4.578363662005,2.513999431882));
#9833 = CARTESIAN_POINT('',(4.557045056237,2.452889491048));
#9834 = CARTESIAN_POINT('',(4.535771458211,2.395588662296));
#9835 = CARTESIAN_POINT('',(4.514558704846,2.342061616815));
#9836 = CARTESIAN_POINT('',(4.493422897665,2.292270738256));
#9837 = CARTESIAN_POINT('',(4.472381742974,2.246186947476));
#9838 = CARTESIAN_POINT('',(4.451449111392,2.203749304041));
#9839 = CARTESIAN_POINT('',(4.430632880578,2.164864497557));
#9840 = CARTESIAN_POINT('',(4.409945257352,2.129471048978));
#9841 = CARTESIAN_POINT('',(4.3893972852,2.097499046843));
#9842 = CARTESIAN_POINT('',(4.369000538668,2.068880478005));
#9843 = CARTESIAN_POINT('',(4.348765495806,2.043548168478));
#9844 = CARTESIAN_POINT('',(4.328704496791,2.021424367687));
#9845 = CARTESIAN_POINT('',(4.308807740422,2.002424527091));
#9846 = CARTESIAN_POINT('',(4.289147192877,1.986494786028));
#9847 = CARTESIAN_POINT('',(4.269487874805,1.973465309227));
#9848 = CARTESIAN_POINT('',(4.250732340916,1.963584778926));
#9849 = CARTESIAN_POINT('',(4.22953421929,1.955536818306));
#9850 = CARTESIAN_POINT('',(4.208815648687,1.950972115866));
#9851 = CARTESIAN_POINT('',(4.187800624091,1.949513707873));
#9852 = CARTESIAN_POINT('',(4.166704507752,1.951327938632));
#9853 = CARTESIAN_POINT('',(4.145477435297,1.956435572532));
#9854 = CARTESIAN_POINT('',(4.124140972979,1.964896385582));
#9855 = CARTESIAN_POINT('',(4.102697859695,1.976759687228));
#9856 = CARTESIAN_POINT('',(4.081156143924,1.992077641548));
#9857 = CARTESIAN_POINT('',(4.059522642272,2.01090146066));
#9858 = CARTESIAN_POINT('',(4.0378047039,2.033283309882));
#9859 = CARTESIAN_POINT('',(4.016009418467,2.059272493696));
#9860 = CARTESIAN_POINT('',(3.9941447343,2.088928806733));
#9861 = CARTESIAN_POINT('',(3.972223608694,2.122277144285));
#9862 = CARTESIAN_POINT('',(3.950257981917,2.159331926971));
#9863 = CARTESIAN_POINT('',(3.928259739333,2.200110382087));
#9864 = CARTESIAN_POINT('',(3.906240356305,2.244628984885));
#9865 = CARTESIAN_POINT('',(3.884210897966,2.292904412123));
#9866 = CARTESIAN_POINT('',(3.862181923668,2.34495328657));
#9867 = CARTESIAN_POINT('',(3.840163428455,2.400792245457));
#9868 = CARTESIAN_POINT('',(3.818164745537,2.460437922143));
#9869 = CARTESIAN_POINT('',(3.796194584286,2.523906951024));
#9870 = CARTESIAN_POINT('',(3.781571917328,2.568779627818));
#9871 = CARTESIAN_POINT('',(3.774267934805,2.5918587363));
#9872 = ( GEOMETRIC_REPRESENTATION_CONTEXT(2) 
PARAMETRIC_REPRESENTATION_CONTEXT() REPRESENTATION_CONTEXT('2D SPACE',''
  ) );
#9873 = PCURVE('',#1393,#9874);
#9874 = DEFINITIONAL_REPRESENTATION('',(#9875),#9923);
#9875 = B_SPLINE_CURVE_WITH_KNOTS('',3,(#9876,#9877,#9878,#9879,#9880,
    #9881,#9882,#9883,#9884,#9885,#9886,#9887,#9888,#9889,#9890,#9891,
    #9892,#9893,#9894,#9895,#9896,#9897,#9898,#9899,#9900,#9901,#9902,
    #9903,#9904,#9905,#9906,#9907,#9908,#9909,#9910,#9911,#9912,#9913,
    #9914,#9915,#9916,#9917,#9918,#9919,#9920,#9921,#9922),
  .UNSPECIFIED.,.F.,.F.,(4,1,1,1,1,1,1,1,1,1,1,1,1,1,1,1,1,1,1,1,1,1,1,1
    ,1,1,1,1,1,1,1,1,1,1,1,1,1,1,1,1,1,1,1,1,4),(0.,2.272727272727E-02,
    4.545454545455E-02,6.818181818182E-02,9.090909090909E-02,
    0.113636363636,0.136363636364,0.159090909091,0.181818181818,
    0.204545454545,0.227272727273,0.25,0.272727272727,0.295454545455,
    0.318181818182,0.340909090909,0.363636363636,0.386363636364,
    0.409090909091,0.431818181818,0.454545454545,0.477272727273,0.5,
    0.522727272727,0.545454545455,0.568181818182,0.590909090909,
    0.613636363636,0.636363636364,0.659090909091,0.681818181818,
    0.704545454545,0.727272727273,0.75,0.772727272727,0.795454545455,
    0.818181818182,0.840909090909,0.863636363636,0.886363636364,
    0.909090909091,0.931818181818,0.954545454545,0.977272727273,1.),
  .UNSPECIFIED.);
#9876 = CARTESIAN_POINT('',(2.255171069694,-6.540964774571));
#9877 = CARTESIAN_POINT('',(2.245006959409,-6.520779035376));
#9878 = CARTESIAN_POINT('',(2.2247726524,-6.481219601464));
#9879 = CARTESIAN_POINT('',(2.194697280343,-6.424316584034));
#9880 = CARTESIAN_POINT('',(2.164891707288,-6.369849700041));
#9881 = CARTESIAN_POINT('',(2.135351874072,-6.317818949485));
#9882 = CARTESIAN_POINT('',(2.106075110413,-6.268224332366));
#9883 = CARTESIAN_POINT('',(2.077060271354,-6.221065848685));
#9884 = CARTESIAN_POINT('',(2.048307617501,-6.176343498441));
#9885 = CARTESIAN_POINT('',(2.01981869491,-6.134057281636));
#9886 = CARTESIAN_POINT('',(1.991596431657,-6.094207198261));
#9887 = CARTESIAN_POINT('',(1.963644333489,-6.056793248352));
#9888 = CARTESIAN_POINT('',(1.935969038392,-6.021815431773));
#9889 = CARTESIAN_POINT('',(1.908570314933,-5.989273749034));
#9890 = CARTESIAN_POINT('',(1.881439303692,-5.959168198225));
#9891 = CARTESIAN_POINT('',(1.854576224333,-5.931498786482));
#9892 = CARTESIAN_POINT('',(1.827980323661,-5.906265487169));
#9893 = CARTESIAN_POINT('',(1.801652855591,-5.883468399694));
#9894 = CARTESIAN_POINT('',(1.775594887664,-5.86310715306));
#9895 = CARTESIAN_POINT('',(1.74981056189,-5.845183131848));
#9896 = CARTESIAN_POINT('',(1.724277175118,-5.829691168735));
#9897 = CARTESIAN_POINT('',(1.699077947267,-5.816650548425));
#9898 = CARTESIAN_POINT('',(1.673904908596,-5.805989299424));
#9899 = CARTESIAN_POINT('',(1.6499059254,-5.797976023013));
#9900 = CARTESIAN_POINT('',(1.622797590018,-5.791608285558));
#9901 = CARTESIAN_POINT('',(1.596316141678,-5.788154504944));
#9902 = CARTESIAN_POINT('',(1.569463760423,-5.787274809622));
#9903 = CARTESIAN_POINT('',(1.542510518996,-5.789060267901));
#9904 = CARTESIAN_POINT('',(1.515386078917,-5.793486478099));
#9905 = CARTESIAN_POINT('',(1.488110550677,-5.800559978629));
#9906 = CARTESIAN_POINT('',(1.46067896311,-5.810279017527));
#9907 = CARTESIAN_POINT('',(1.433092144527,-5.822644064232));
#9908 = CARTESIAN_POINT('',(1.405348362922,-5.837654992956));
#9909 = CARTESIAN_POINT('',(1.377445536008,-5.855311837405));
#9910 = CARTESIAN_POINT('',(1.349380423333,-5.875614588548));
#9911 = CARTESIAN_POINT('',(1.321149343158,-5.898563248804));
#9912 = CARTESIAN_POINT('',(1.292755850066,-5.924157817526));
#9913 = CARTESIAN_POINT('',(1.264202621899,-5.952398294885));
#9914 = CARTESIAN_POINT('',(1.23549196635,-5.983284680837));
#9915 = CARTESIAN_POINT('',(1.206625569338,-6.016816975394));
#9916 = CARTESIAN_POINT('',(1.177604449704,-6.052995178552));
#9917 = CARTESIAN_POINT('',(1.148428858525,-6.091819290312));
#9918 = CARTESIAN_POINT('',(1.119098209191,-6.133289310674));
#9919 = CARTESIAN_POINT('',(1.089610959116,-6.177405239638));
#9920 = CARTESIAN_POINT('',(1.059964677051,-6.224167077204));
#9921 = CARTESIAN_POINT('',(1.04009185419,-6.25710557465));
#9922 = CARTESIAN_POINT('',(1.030127701587,-6.27401580814));
#9923 = ( GEOMETRIC_REPRESENTATION_CONTEXT(2) 
PARAMETRIC_REPRESENTATION_CONTEXT() REPRESENTATION_CONTEXT('2D SPACE',''
  ) );
#9924 = ADVANCED_FACE('',(#9925),#1393,.F.);
#9925 = FACE_BOUND('',#9926,.F.);
#9926 = EDGE_LOOP('',(#9927,#9950,#10075,#10076,#10077,#10078,#10079,
    #10080,#10081,#10082));
#9927 = ORIENTED_EDGE('',*,*,#9928,.T.);
#9928 = EDGE_CURVE('',#1327,#9929,#9931,.T.);
#9929 = VERTEX_POINT('',#9930);
#9930 = CARTESIAN_POINT('',(9.58643791632,-242.3891363962,
    -234.9999999999));
#9931 = SURFACE_CURVE('',#9932,(#9936,#9943),.PCURVE_S1.);
#9932 = LINE('',#9933,#9934);
#9933 = CARTESIAN_POINT('',(11.73783754212,-241.1466758645,
    -234.9999999999));
#9934 = VECTOR('',#9935,1.);
#9935 = DIRECTION('',(0.865964503158,0.500105468146,6.99112889946E-16));
#9936 = PCURVE('',#1393,#9937);
#9937 = DEFINITIONAL_REPRESENTATION('',(#9938),#9942);
#9938 = LINE('',#9939,#9940);
#9939 = CARTESIAN_POINT('',(2.455739688971,-7.206679697447E-12));
#9940 = VECTOR('',#9941,1.);
#9941 = DIRECTION('',(-4.477981759116E-16,1.));
#9942 = ( GEOMETRIC_REPRESENTATION_CONTEXT(2) 
PARAMETRIC_REPRESENTATION_CONTEXT() REPRESENTATION_CONTEXT('2D SPACE',''
  ) );
#9943 = PCURVE('',#1342,#9944);
#9944 = DEFINITIONAL_REPRESENTATION('',(#9945),#9949);
#9945 = LINE('',#9946,#9947);
#9946 = CARTESIAN_POINT('',(-45.69148068996,11.164731159938));
#9947 = VECTOR('',#9948,1.);
#9948 = DIRECTION('',(-0.865964381357,-0.500105679054));
#9949 = ( GEOMETRIC_REPRESENTATION_CONTEXT(2) 
PARAMETRIC_REPRESENTATION_CONTEXT() REPRESENTATION_CONTEXT('2D SPACE',''
  ) );
#9950 = ORIENTED_EDGE('',*,*,#9951,.F.);
#9951 = EDGE_CURVE('',#6738,#9929,#9952,.T.);
#9952 = SURFACE_CURVE('',#9953,(#9973,#10024),.PCURVE_S1.);
#9953 = B_SPLINE_CURVE_WITH_KNOTS('',3,(#9954,#9955,#9956,#9957,#9958,
    #9959,#9960,#9961,#9962,#9963,#9964,#9965,#9966,#9967,#9968,#9969,
    #9970,#9971,#9972),.UNSPECIFIED.,.F.,.F.,(4,2,2,1,1,1,1,1,2,2,2,4),(
    0.,0.249999999999,0.374999999998,0.437499999998,0.468749999998,
    0.484374999998,0.492187499998,0.496093749998,0.498046874998,
    0.499999999998,0.749999999999,1.),.UNSPECIFIED.);
#9954 = CARTESIAN_POINT('',(8.980033453302,-240.2209176154,
    -233.5423480661));
#9955 = CARTESIAN_POINT('',(9.051401650655,-240.395022005,
    -233.5986883075));
#9956 = CARTESIAN_POINT('',(9.121056192524,-240.5812310359,
    -233.6711138264));
#9957 = CARTESIAN_POINT('',(9.220030917153,-240.8736166253,
    -233.8108335422));
#9958 = CARTESIAN_POINT('',(9.252091899986,-240.9732350952,
    -233.8625861429));
#9959 = CARTESIAN_POINT('',(9.298296563616,-241.1250476465,
    -233.9488084341));
#9960 = CARTESIAN_POINT('',(9.3209258291,-241.2015477725,-233.9940671564
    ));
#9961 = CARTESIAN_POINT('',(9.3463766148,-241.2916256333,-234.0507969826
    ));
#9962 = CARTESIAN_POINT('',(9.35884810133,-241.336843094,-234.0801640907
    ));
#9963 = CARTESIAN_POINT('',(9.36501828548,-241.3594928508,
    -234.0951006788));
#9964 = CARTESIAN_POINT('',(9.36808672359,-241.3708275284,-234.102632538
    ));
#9965 = CARTESIAN_POINT('',(9.36939817127,-241.3756872978,
    -234.1058741315));
#9966 = CARTESIAN_POINT('',(9.37027166717,-241.3789275943,
    -234.1080382316));
#9967 = CARTESIAN_POINT('',(9.37096922121,-241.3815189907,-234.109771961
    ));
#9968 = CARTESIAN_POINT('',(9.39351021872,-241.4653138337,-234.165877824
    ));
#9969 = CARTESIAN_POINT('',(9.42736108979,-241.5989848249,
    -234.2572423203));
#9970 = CARTESIAN_POINT('',(9.50560282454,-241.9458562495,
    -234.5414303184));
#9971 = CARTESIAN_POINT('',(9.55021986061,-242.1594483146,
    -234.7348267688));
#9972 = CARTESIAN_POINT('',(9.58643791632,-242.3891363962,
    -234.9999999999));
#9973 = PCURVE('',#1393,#9974);
#9974 = DEFINITIONAL_REPRESENTATION('',(#9975),#10023);
#9975 = B_SPLINE_CURVE_WITH_KNOTS('',3,(#9976,#9977,#9978,#9979,#9980,
    #9981,#9982,#9983,#9984,#9985,#9986,#9987,#9988,#9989,#9990,#9991,
    #9992,#9993,#9994,#9995,#9996,#9997,#9998,#9999,#10000,#10001,#10002
    ,#10003,#10004,#10005,#10006,#10007,#10008,#10009,#10010,#10011,
    #10012,#10013,#10014,#10015,#10016,#10017,#10018,#10019,#10020,
    #10021,#10022),.UNSPECIFIED.,.F.,.F.,(4,1,1,1,1,1,1,1,1,1,1,1,1,1,1,
    1,1,1,1,1,1,1,1,1,1,1,1,1,1,1,1,1,1,1,1,1,1,1,1,1,1,1,1,1,4),(0.,
    2.272727272727E-02,4.545454545455E-02,6.818181818182E-02,
    9.090909090909E-02,0.113636363636,0.136363636364,0.159090909091,
    0.181818181818,0.204545454545,0.227272727273,0.25,0.272727272727,
    0.295454545455,0.318181818182,0.340909090909,0.363636363636,
    0.386363636364,0.409090909091,0.431818181818,0.454545454545,
    0.477272727273,0.5,0.522727272727,0.545454545455,0.568181818182,
    0.590909090909,0.613636363636,0.636363636364,0.659090909091,
    0.681818181818,0.704545454545,0.727272727273,0.75,0.772727272727,
    0.795454545455,0.818181818182,0.840909090909,0.863636363636,
    0.886363636364,0.909090909091,0.931818181818,0.954545454545,
    0.977272727273,1.),.UNSPECIFIED.);
#9976 = CARTESIAN_POINT('',(1.86423130258,-1.92518368501));
#9977 = CARTESIAN_POINT('',(1.868166380198,-1.927480796986));
#9978 = CARTESIAN_POINT('',(1.876087424069,-1.932199608739));
#9979 = CARTESIAN_POINT('',(1.888121096647,-1.939651589778));
#9980 = CARTESIAN_POINT('',(1.900306262271,-1.947477334227));
#9981 = CARTESIAN_POINT('',(1.912642498285,-1.955676842084));
#9982 = CARTESIAN_POINT('',(1.925129509823,-1.964250113349));
#9983 = CARTESIAN_POINT('',(1.93776714864,-1.973197148026));
#9984 = CARTESIAN_POINT('',(1.950555411402,-1.982517946101));
#9985 = CARTESIAN_POINT('',(1.963494436905,-1.992212507626));
#9986 = CARTESIAN_POINT('',(1.976584526883,-2.002280832407));
#9987 = CARTESIAN_POINT('',(1.989826072157,-2.012722921166));
#9988 = CARTESIAN_POINT('',(2.003219832342,-2.023538771211));
#9989 = CARTESIAN_POINT('',(2.016765894325,-2.034728392585));
#9990 = CARTESIAN_POINT('',(2.03046317332,-2.046291747812));
#9991 = CARTESIAN_POINT('',(2.044311763879,-2.058228976752));
#9992 = CARTESIAN_POINT('',(2.058311061013,-2.07053955744));
#9993 = CARTESIAN_POINT('',(2.072463119889,-2.083225437879));
#9994 = CARTESIAN_POINT('',(2.086761108755,-2.096279348016));
#9995 = CARTESIAN_POINT('',(2.101231811718,-2.109728420068));
#9996 = CARTESIAN_POINT('',(2.115774141664,-2.123471395221));
#9997 = CARTESIAN_POINT('',(2.130765056204,-2.137886176508));
#9998 = CARTESIAN_POINT('',(2.144798301043,-2.151562410599));
#9999 = CARTESIAN_POINT('',(2.163121826184,-2.169763607801));
#10000 = CARTESIAN_POINT('',(2.166149947424,-2.172846080195));
#10001 = CARTESIAN_POINT('',(2.174126688878,-2.180943008805));
#10002 = CARTESIAN_POINT('',(2.181625652772,-2.188659724035));
#10003 = CARTESIAN_POINT('',(2.190099245403,-2.197441723246));
#10004 = CARTESIAN_POINT('',(2.199157174447,-2.206901686589));
#10005 = CARTESIAN_POINT('',(2.208903397008,-2.217143396105));
#10006 = CARTESIAN_POINT('',(2.219309940627,-2.228139043478));
#10007 = CARTESIAN_POINT('',(2.230384728814,-2.239896079926));
#10008 = CARTESIAN_POINT('',(2.242126462039,-2.2524125089));
#10009 = CARTESIAN_POINT('',(2.254537217844,-2.265688865375));
#10010 = CARTESIAN_POINT('',(2.267617063015,-2.279725006003));
#10011 = CARTESIAN_POINT('',(2.281372840449,-2.294520969196));
#10012 = CARTESIAN_POINT('',(2.295803765522,-2.310076744661));
#10013 = CARTESIAN_POINT('',(2.310903857404,-2.326392335155));
#10014 = CARTESIAN_POINT('',(2.326669929341,-2.34346773994));
#10015 = CARTESIAN_POINT('',(2.343099494661,-2.361302959214));
#10016 = CARTESIAN_POINT('',(2.360191363239,-2.379897992923));
#10017 = CARTESIAN_POINT('',(2.377945508943,-2.399252841082));
#10018 = CARTESIAN_POINT('',(2.396363108176,-2.419367503686));
#10019 = CARTESIAN_POINT('',(2.415446564147,-2.440241980737));
#10020 = CARTESIAN_POINT('',(2.435199352724,-2.461876272235));
#10021 = CARTESIAN_POINT('',(2.448817467497,-2.476805676197));
#10022 = CARTESIAN_POINT('',(2.455739688971,-2.48439701392));
#10023 = ( GEOMETRIC_REPRESENTATION_CONTEXT(2) 
PARAMETRIC_REPRESENTATION_CONTEXT() REPRESENTATION_CONTEXT('2D SPACE',''
  ) );
#10024 = PCURVE('',#802,#10025);
#10025 = DEFINITIONAL_REPRESENTATION('',(#10026),#10074);
#10026 = B_SPLINE_CURVE_WITH_KNOTS('',3,(#10027,#10028,#10029,#10030,
    #10031,#10032,#10033,#10034,#10035,#10036,#10037,#10038,#10039,
    #10040,#10041,#10042,#10043,#10044,#10045,#10046,#10047,#10048,
    #10049,#10050,#10051,#10052,#10053,#10054,#10055,#10056,#10057,
    #10058,#10059,#10060,#10061,#10062,#10063,#10064,#10065,#10066,
    #10067,#10068,#10069,#10070,#10071,#10072,#10073),.UNSPECIFIED.,.F.,
  .F.,(4,1,1,1,1,1,1,1,1,1,1,1,1,1,1,1,1,1,1,1,1,1,1,1,1,1,1,1,1,1,1,1,1
    ,1,1,1,1,1,1,1,1,1,1,1,4),(0.,2.272727272727E-02,4.545454545455E-02,
    6.818181818182E-02,9.090909090909E-02,0.113636363636,0.136363636364,
    0.159090909091,0.181818181818,0.204545454545,0.227272727273,0.25,
    0.272727272727,0.295454545455,0.318181818182,0.340909090909,
    0.363636363636,0.386363636364,0.409090909091,0.431818181818,
    0.454545454545,0.477272727273,0.5,0.522727272727,0.545454545455,
    0.568181818182,0.590909090909,0.613636363636,0.636363636364,
    0.659090909091,0.681818181818,0.704545454545,0.727272727273,0.75,
    0.772727272727,0.795454545455,0.818181818182,0.840909090909,
    0.863636363636,0.886363636364,0.909090909091,0.931818181818,
    0.954545454545,0.977272727273,1.),.UNSPECIFIED.);
#10027 = CARTESIAN_POINT('',(4.32336330956,18.5423480662));
#10028 = CARTESIAN_POINT('',(4.325126797429,18.547469906327));
#10029 = CARTESIAN_POINT('',(4.328671751673,18.557979458937));
#10030 = CARTESIAN_POINT('',(4.334041516592,18.574562302052));
#10031 = CARTESIAN_POINT('',(4.339462014072,18.5919845565));
#10032 = CARTESIAN_POINT('',(4.344931639683,18.610267119414));
#10033 = CARTESIAN_POINT('',(4.350448787016,18.629430887934));
#10034 = CARTESIAN_POINT('',(4.356011847399,18.649496759164));
#10035 = CARTESIAN_POINT('',(4.361619210963,18.670485630354));
#10036 = CARTESIAN_POINT('',(4.367269264276,18.692418398199));
#10037 = CARTESIAN_POINT('',(4.372960400594,18.715315961472));
#10038 = CARTESIAN_POINT('',(4.378690983267,18.739199211186));
#10039 = CARTESIAN_POINT('',(4.38445948413,18.764089067319));
#10040 = CARTESIAN_POINT('',(4.390263968986,18.790006341746));
#10041 = CARTESIAN_POINT('',(4.39610188678,18.816970649533));
#10042 = CARTESIAN_POINT('',(4.401971170839,18.845002188602));
#10043 = CARTESIAN_POINT('',(4.407869391454,18.874119466265));
#10044 = CARTESIAN_POINT('',(4.413795116587,18.904347169417));
#10045 = CARTESIAN_POINT('',(4.41974332129,18.935686957237));
#10046 = CARTESIAN_POINT('',(4.425722245013,18.968225968741));
#10047 = CARTESIAN_POINT('',(4.43168923087,19.001727572475));
#10048 = CARTESIAN_POINT('',(4.437791609816,19.037162918038));
#10049 = CARTESIAN_POINT('',(4.443467709227,19.07099558441));
#10050 = CARTESIAN_POINT('',(4.450801226194,19.116508355797));
#10051 = CARTESIAN_POINT('',(4.452002968857,19.124212334033));
#10052 = CARTESIAN_POINT('',(4.455177819479,19.144359107921));
#10053 = CARTESIAN_POINT('',(4.458147084023,19.16356974674));
#10054 = CARTESIAN_POINT('',(4.461487557079,19.185515066652));
#10055 = CARTESIAN_POINT('',(4.465037712764,19.209297415809));
#10056 = CARTESIAN_POINT('',(4.468833866699,19.235243267523));
#10057 = CARTESIAN_POINT('',(4.472859327082,19.263351062477));
#10058 = CARTESIAN_POINT('',(4.477111617992,19.293707246705));
#10059 = CARTESIAN_POINT('',(4.481584424683,19.32637427747));
#10060 = CARTESIAN_POINT('',(4.486272578963,19.361422561767));
#10061 = CARTESIAN_POINT('',(4.491170162794,19.398914696435));
#10062 = CARTESIAN_POINT('',(4.496273099673,19.438936569205));
#10063 = CARTESIAN_POINT('',(4.501570485587,19.48159846207));
#10064 = CARTESIAN_POINT('',(4.507049692745,19.526987851698));
#10065 = CARTESIAN_POINT('',(4.512698615348,19.575198325424));
#10066 = CARTESIAN_POINT('',(4.518505075695,19.626321833238));
#10067 = CARTESIAN_POINT('',(4.5244569914,19.680450763852));
#10068 = CARTESIAN_POINT('',(4.5305423392,19.737677388424));
#10069 = CARTESIAN_POINT('',(4.536749172365,19.798094009611));
#10070 = CARTESIAN_POINT('',(4.543065627826,19.861792921629));
#10071 = CARTESIAN_POINT('',(4.549479921105,19.928866420956));
#10072 = CARTESIAN_POINT('',(4.55381357379,19.975893342627));
#10073 = CARTESIAN_POINT('',(4.555992816106,20.));
#10074 = ( GEOMETRIC_REPRESENTATION_CONTEXT(2) 
PARAMETRIC_REPRESENTATION_CONTEXT() REPRESENTATION_CONTEXT('2D SPACE',''
  ) );
#10075 = ORIENTED_EDGE('',*,*,#6863,.F.);
#10076 = ORIENTED_EDGE('',*,*,#5711,.T.);
#10077 = ORIENTED_EDGE('',*,*,#8722,.F.);
#10078 = ORIENTED_EDGE('',*,*,#8846,.T.);
#10079 = ORIENTED_EDGE('',*,*,#9445,.F.);
#10080 = ORIENTED_EDGE('',*,*,#9350,.F.);
#10081 = ORIENTED_EDGE('',*,*,#9802,.F.);
#10082 = ORIENTED_EDGE('',*,*,#1354,.T.);
#10083 = ADVANCED_FACE('',(#10084),#1342,.F.);
#10084 = FACE_BOUND('',#10085,.T.);
#10085 = EDGE_LOOP('',(#10086,#10087,#10088));
#10086 = ORIENTED_EDGE('',*,*,#1326,.F.);
#10087 = ORIENTED_EDGE('',*,*,#9928,.T.);
#10088 = ORIENTED_EDGE('',*,*,#10089,.T.);
#10089 = EDGE_CURVE('',#9929,#1205,#10090,.T.);
#10090 = SURFACE_CURVE('',#10091,(#10096,#10107),.PCURVE_S1.);
#10091 = CIRCLE('',#10092,9.7);
#10092 = AXIS2_PLACEMENT_3D('',#10093,#10094,#10095);
#10093 = CARTESIAN_POINT('',(4.825777610009E-03,-243.899999998,
    -234.9999999999));
#10094 = DIRECTION('',(3.064104139906E-16,8.673617379884E-16,-1.));
#10095 = DIRECTION('',(1.,-2.435520002313E-07,3.064102027429E-16));
#10096 = PCURVE('',#1342,#10097);
#10097 = DEFINITIONAL_REPRESENTATION('',(#10098),#10106);
#10098 = ( BOUNDED_CURVE() B_SPLINE_CURVE(2,(#10099,#10100,#10101,#10102
    ,#10103,#10104,#10105),.UNSPECIFIED.,.T.,.F.) 
B_SPLINE_CURVE_WITH_KNOTS((1,2,2,2,2,1),(-2.094395102393,0.,
    2.094395102393,4.188790204786,6.28318530718,8.377580409573),
.UNSPECIFIED.) CURVE() GEOMETRIC_REPRESENTATION_ITEM() 
RATIONAL_B_SPLINE_CURVE((1.,0.5,1.,0.5,1.,0.5,1.)) REPRESENTATION_ITEM(
  '') );
#10099 = CARTESIAN_POINT('',(-43.65846959603,13.918058151026));
#10100 = CARTESIAN_POINT('',(-43.65846959603,30.718950984444));
#10101 = CARTESIAN_POINT('',(-29.10846959603,22.318504567735));
#10102 = CARTESIAN_POINT('',(-14.55846959603,13.918058151026));
#10103 = CARTESIAN_POINT('',(-29.10846959603,5.517611734317));
#10104 = CARTESIAN_POINT('',(-43.65846959603,-2.882834682392));
#10105 = CARTESIAN_POINT('',(-43.65846959603,13.918058151026));
#10106 = ( GEOMETRIC_REPRESENTATION_CONTEXT(2) 
PARAMETRIC_REPRESENTATION_CONTEXT() REPRESENTATION_CONTEXT('2D SPACE',''
  ) );
#10107 = PCURVE('',#802,#10108);
#10108 = DEFINITIONAL_REPRESENTATION('',(#10109),#10113);
#10109 = LINE('',#10110,#10111);
#10110 = CARTESIAN_POINT('',(-1.570796326795,20.));
#10111 = VECTOR('',#10112,1.);
#10112 = DIRECTION('',(1.,0.));
#10113 = ( GEOMETRIC_REPRESENTATION_CONTEXT(2) 
PARAMETRIC_REPRESENTATION_CONTEXT() REPRESENTATION_CONTEXT('2D SPACE',''
  ) );
#10114 = ADVANCED_FACE('',(#10115),#802,.T.);
#10115 = FACE_BOUND('',#10116,.T.);
#10116 = EDGE_LOOP('',(#10117,#10146,#10167,#10168,#10169,#10170,#10171,
    #10172,#10173,#10174,#10175,#10176,#10177,#10178,#10199,#10200));
#10117 = ORIENTED_EDGE('',*,*,#10118,.T.);
#10118 = EDGE_CURVE('',#10119,#10119,#10121,.T.);
#10119 = VERTEX_POINT('',#10120);
#10120 = CARTESIAN_POINT('',(4.823415155997E-03,-253.599999998,
    -201.4999999999));
#10121 = SURFACE_CURVE('',#10122,(#10127,#10134),.PCURVE_S1.);
#10122 = CIRCLE('',#10123,9.7);
#10123 = AXIS2_PLACEMENT_3D('',#10124,#10125,#10126);
#10124 = CARTESIAN_POINT('',(4.825777610009E-03,-243.899999998,
    -201.4999999999));
#10125 = DIRECTION('',(3.064104139906E-16,8.673617379884E-16,-1.));
#10126 = DIRECTION('',(-2.435519998737E-07,-1.,-8.673618126152E-16));
#10127 = PCURVE('',#802,#10128);
#10128 = DEFINITIONAL_REPRESENTATION('',(#10129),#10133);
#10129 = LINE('',#10130,#10131);
#10130 = CARTESIAN_POINT('',(0.,-13.5));
#10131 = VECTOR('',#10132,1.);
#10132 = DIRECTION('',(1.,9.046911093941E-15));
#10133 = ( GEOMETRIC_REPRESENTATION_CONTEXT(2) 
PARAMETRIC_REPRESENTATION_CONTEXT() REPRESENTATION_CONTEXT('2D SPACE',''
  ) );
#10134 = PCURVE('',#10135,#10140);
#10135 = CONICAL_SURFACE('',#10136,9.7,0.785398163397);
#10136 = AXIS2_PLACEMENT_3D('',#10137,#10138,#10139);
#10137 = CARTESIAN_POINT('',(4.825777610009E-03,-243.899999998,
    -201.4999999999));
#10138 = DIRECTION('',(3.064104139906E-16,8.673617379884E-16,-1.));
#10139 = DIRECTION('',(-2.435519998737E-07,-1.,-8.673618126152E-16));
#10140 = DEFINITIONAL_REPRESENTATION('',(#10141),#10145);
#10141 = LINE('',#10142,#10143);
#10142 = CARTESIAN_POINT('',(0.,-1.332267629551E-14));
#10143 = VECTOR('',#10144,1.);
#10144 = DIRECTION('',(1.,5.371603462031E-15));
#10145 = ( GEOMETRIC_REPRESENTATION_CONTEXT(2) 
PARAMETRIC_REPRESENTATION_CONTEXT() REPRESENTATION_CONTEXT('2D SPACE',''
  ) );
#10146 = ORIENTED_EDGE('',*,*,#10147,.T.);
#10147 = EDGE_CURVE('',#10119,#782,#10148,.T.);
#10148 = SEAM_CURVE('',#10149,(#10153,#10160),.PCURVE_S1.);
#10149 = LINE('',#10150,#10151);
#10150 = CARTESIAN_POINT('',(4.823415155997E-03,-253.599999998,
    -214.9999999999));
#10151 = VECTOR('',#10152,1.);
#10152 = DIRECTION('',(3.064104139906E-16,8.673617379884E-16,-1.));
#10153 = PCURVE('',#802,#10154);
#10154 = DEFINITIONAL_REPRESENTATION('',(#10155),#10159);
#10155 = LINE('',#10156,#10157);
#10156 = CARTESIAN_POINT('',(6.28318530718,-2.84217094304E-14));
#10157 = VECTOR('',#10158,1.);
#10158 = DIRECTION('',(0.,1.));
#10159 = ( GEOMETRIC_REPRESENTATION_CONTEXT(2) 
PARAMETRIC_REPRESENTATION_CONTEXT() REPRESENTATION_CONTEXT('2D SPACE',''
  ) );
#10160 = PCURVE('',#802,#10161);
#10161 = DEFINITIONAL_REPRESENTATION('',(#10162),#10166);
#10162 = LINE('',#10163,#10164);
#10163 = CARTESIAN_POINT('',(0.,-2.84217094304E-14));
#10164 = VECTOR('',#10165,1.);
#10165 = DIRECTION('',(0.,1.));
#10166 = ( GEOMETRIC_REPRESENTATION_CONTEXT(2) 
PARAMETRIC_REPRESENTATION_CONTEXT() REPRESENTATION_CONTEXT('2D SPACE',''
  ) );
#10167 = ORIENTED_EDGE('',*,*,#781,.F.);
#10168 = ORIENTED_EDGE('',*,*,#1083,.T.);
#10169 = ORIENTED_EDGE('',*,*,#1204,.T.);
#10170 = ORIENTED_EDGE('',*,*,#10089,.F.);
#10171 = ORIENTED_EDGE('',*,*,#9951,.F.);
#10172 = ORIENTED_EDGE('',*,*,#6735,.F.);
#10173 = ORIENTED_EDGE('',*,*,#7768,.T.);
#10174 = ORIENTED_EDGE('',*,*,#9576,.T.);
#10175 = ORIENTED_EDGE('',*,*,#5029,.T.);
#10176 = ORIENTED_EDGE('',*,*,#9659,.F.);
#10177 = ORIENTED_EDGE('',*,*,#4262,.F.);
#10178 = ORIENTED_EDGE('',*,*,#10179,.F.);
#10179 = EDGE_CURVE('',#815,#4263,#10180,.T.);
#10180 = SURFACE_CURVE('',#10181,(#10185,#10192),.PCURVE_S1.);
#10181 = LINE('',#10182,#10183);
#10182 = CARTESIAN_POINT('',(-7.29052812709,-250.292793707,
    -214.9999999999));
#10183 = VECTOR('',#10184,1.);
#10184 = DIRECTION('',(3.064104139906E-16,8.673617379884E-16,-1.));
#10185 = PCURVE('',#802,#10186);
#10186 = DEFINITIONAL_REPRESENTATION('',(#10187),#10191);
#10187 = LINE('',#10188,#10189);
#10188 = CARTESIAN_POINT('',(0.85123996014,-2.84217094304E-14));
#10189 = VECTOR('',#10190,1.);
#10190 = DIRECTION('',(0.,1.));
#10191 = ( GEOMETRIC_REPRESENTATION_CONTEXT(2) 
PARAMETRIC_REPRESENTATION_CONTEXT() REPRESENTATION_CONTEXT('2D SPACE',''
  ) );
#10192 = PCURVE('',#859,#10193);
#10193 = DEFINITIONAL_REPRESENTATION('',(#10194),#10198);
#10194 = LINE('',#10195,#10196);
#10195 = CARTESIAN_POINT('',(4.142054888945,0.));
#10196 = VECTOR('',#10197,1.);
#10197 = DIRECTION('',(0.,1.));
#10198 = ( GEOMETRIC_REPRESENTATION_CONTEXT(2) 
PARAMETRIC_REPRESENTATION_CONTEXT() REPRESENTATION_CONTEXT('2D SPACE',''
  ) );
#10199 = ORIENTED_EDGE('',*,*,#814,.F.);
#10200 = ORIENTED_EDGE('',*,*,#10147,.F.);
#10201 = ADVANCED_FACE('',(#10202),#10135,.T.);
#10202 = FACE_BOUND('',#10203,.T.);
#10203 = EDGE_LOOP('',(#10204,#10233,#10254,#10255));
#10204 = ORIENTED_EDGE('',*,*,#10205,.T.);
#10205 = EDGE_CURVE('',#10206,#10206,#10208,.T.);
#10206 = VERTEX_POINT('',#10207);
#10207 = CARTESIAN_POINT('',(4.823780484003E-03,-252.099999998,
    -199.9999999999));
#10208 = SURFACE_CURVE('',#10209,(#10214,#10221),.PCURVE_S1.);
#10209 = CIRCLE('',#10210,8.2);
#10210 = AXIS2_PLACEMENT_3D('',#10211,#10212,#10213);
#10211 = CARTESIAN_POINT('',(4.825777610017E-03,-243.899999998,
    -199.9999999999));
#10212 = DIRECTION('',(0.,0.,-1.));
#10213 = DIRECTION('',(-2.435519962942E-07,-1.,-0.));
#10214 = PCURVE('',#10135,#10215);
#10215 = DEFINITIONAL_REPRESENTATION('',(#10216),#10220);
#10216 = LINE('',#10217,#10218);
#10217 = CARTESIAN_POINT('',(-5.329070518201E-15,-1.500000000001));
#10218 = VECTOR('',#10219,1.);
#10219 = DIRECTION('',(1.,5.397580241404E-15));
#10220 = ( GEOMETRIC_REPRESENTATION_CONTEXT(2) 
PARAMETRIC_REPRESENTATION_CONTEXT() REPRESENTATION_CONTEXT('2D SPACE',''
  ) );
#10221 = PCURVE('',#10222,#10227);
#10222 = PLANE('',#10223);
#10223 = AXIS2_PLACEMENT_3D('',#10224,#10225,#10226);
#10224 = CARTESIAN_POINT('',(4.825777611003E-03,-243.899999998,
    -199.9999999999));
#10225 = DIRECTION('',(3.064104139906E-16,8.673617379884E-16,-1.));
#10226 = DIRECTION('',(-2.435520001868E-07,-1.,-8.673618126152E-16));
#10227 = DEFINITIONAL_REPRESENTATION('',(#10228),#10232);
#10228 = CIRCLE('',#10229,8.2);
#10229 = AXIS2_PLACEMENT_2D('',#10230,#10231);
#10230 = CARTESIAN_POINT('',(1.065837985107E-14,9.805489727531E-13));
#10231 = DIRECTION('',(1.,-3.892549014711E-15));
#10232 = ( GEOMETRIC_REPRESENTATION_CONTEXT(2) 
PARAMETRIC_REPRESENTATION_CONTEXT() REPRESENTATION_CONTEXT('2D SPACE',''
  ) );
#10233 = ORIENTED_EDGE('',*,*,#10234,.T.);
#10234 = EDGE_CURVE('',#10206,#10119,#10235,.T.);
#10235 = SEAM_CURVE('',#10236,(#10240,#10247),.PCURVE_S1.);
#10236 = LINE('',#10237,#10238);
#10237 = CARTESIAN_POINT('',(4.823415155997E-03,-253.599999998,
    -201.4999999999));
#10238 = VECTOR('',#10239,1.);
#10239 = DIRECTION('',(-1.722172706858E-07,-0.707106781187,
    -0.707106781187));
#10240 = PCURVE('',#10135,#10241);
#10241 = DEFINITIONAL_REPRESENTATION('',(#10242),#10246);
#10242 = LINE('',#10243,#10244);
#10243 = CARTESIAN_POINT('',(6.28318530718,-3.71169857233E-13));
#10244 = VECTOR('',#10245,1.);
#10245 = DIRECTION('',(0.,1.));
#10246 = ( GEOMETRIC_REPRESENTATION_CONTEXT(2) 
PARAMETRIC_REPRESENTATION_CONTEXT() REPRESENTATION_CONTEXT('2D SPACE',''
  ) );
#10247 = PCURVE('',#10135,#10248);
#10248 = DEFINITIONAL_REPRESENTATION('',(#10249),#10253);
#10249 = LINE('',#10250,#10251);
#10250 = CARTESIAN_POINT('',(0.,-3.71169857233E-13));
#10251 = VECTOR('',#10252,1.);
#10252 = DIRECTION('',(0.,1.));
#10253 = ( GEOMETRIC_REPRESENTATION_CONTEXT(2) 
PARAMETRIC_REPRESENTATION_CONTEXT() REPRESENTATION_CONTEXT('2D SPACE',''
  ) );
#10254 = ORIENTED_EDGE('',*,*,#10118,.F.);
#10255 = ORIENTED_EDGE('',*,*,#10234,.F.);
#10256 = ADVANCED_FACE('',(#10257,#10260),#10222,.F.);
#10257 = FACE_BOUND('',#10258,.T.);
#10258 = EDGE_LOOP('',(#10259));
#10259 = ORIENTED_EDGE('',*,*,#10205,.F.);
#10260 = FACE_BOUND('',#10261,.T.);
#10261 = EDGE_LOOP('',(#10262));
#10262 = ORIENTED_EDGE('',*,*,#10263,.T.);
#10263 = EDGE_CURVE('',#10264,#10264,#10266,.T.);
#10264 = VERTEX_POINT('',#10265);
#10265 = CARTESIAN_POINT('',(4.827470297002E-03,-236.9500000026,
    -199.9999999999));
#10266 = SURFACE_CURVE('',#10267,(#10272,#10279),.PCURVE_S1.);
#10267 = CIRCLE('',#10268,6.95);
#10268 = AXIS2_PLACEMENT_3D('',#10269,#10270,#10271);
#10269 = CARTESIAN_POINT('',(4.825777610022E-03,-243.9000000026,
    -199.9999999999));
#10270 = DIRECTION('',(0.,0.,-1.));
#10271 = DIRECTION('',(2.435520773068E-07,1.,0.));
#10272 = PCURVE('',#10222,#10273);
#10273 = DEFINITIONAL_REPRESENTATION('',(#10274),#10278);
#10274 = CIRCLE('',#10275,6.95);
#10275 = AXIS2_PLACEMENT_2D('',#10276,#10277);
#10276 = CARTESIAN_POINT('',(4.568999401283E-09,9.794361864059E-13));
#10277 = DIRECTION('',(-1.,-7.712002993014E-14));
#10278 = ( GEOMETRIC_REPRESENTATION_CONTEXT(2) 
PARAMETRIC_REPRESENTATION_CONTEXT() REPRESENTATION_CONTEXT('2D SPACE',''
  ) );
#10279 = PCURVE('',#10280,#10285);
#10280 = CYLINDRICAL_SURFACE('',#10281,6.95);
#10281 = AXIS2_PLACEMENT_3D('',#10282,#10283,#10284);
#10282 = CARTESIAN_POINT('',(4.825777610009E-03,-243.9000000026,
    -210.1999999999));
#10283 = DIRECTION('',(-3.064104139906E-16,-8.673617379884E-16,1.));
#10284 = DIRECTION('',(2.435520011088E-07,1.,8.673618126152E-16));
#10285 = DEFINITIONAL_REPRESENTATION('',(#10286),#10290);
#10286 = LINE('',#10287,#10288);
#10287 = CARTESIAN_POINT('',(6.283185307179,10.2));
#10288 = VECTOR('',#10289,1.);
#10289 = DIRECTION('',(-1.,9.046911093941E-15));
#10290 = ( GEOMETRIC_REPRESENTATION_CONTEXT(2) 
PARAMETRIC_REPRESENTATION_CONTEXT() REPRESENTATION_CONTEXT('2D SPACE',''
  ) );
#10291 = ADVANCED_FACE('',(#10292),#10280,.F.);
#10292 = FACE_BOUND('',#10293,.F.);
#10293 = EDGE_LOOP('',(#10294,#10295,#10318,#10349));
#10294 = ORIENTED_EDGE('',*,*,#10263,.T.);
#10295 = ORIENTED_EDGE('',*,*,#10296,.F.);
#10296 = EDGE_CURVE('',#10297,#10264,#10299,.T.);
#10297 = VERTEX_POINT('',#10298);
#10298 = CARTESIAN_POINT('',(4.827470297002E-03,-236.9500000026,
    -210.1999999999));
#10299 = SEAM_CURVE('',#10300,(#10304,#10311),.PCURVE_S1.);
#10300 = LINE('',#10301,#10302);
#10301 = CARTESIAN_POINT('',(4.827470297002E-03,-236.9500000026,
    -210.1999999999));
#10302 = VECTOR('',#10303,1.);
#10303 = DIRECTION('',(-3.064104139906E-16,-8.673617379884E-16,1.));
#10304 = PCURVE('',#10280,#10305);
#10305 = DEFINITIONAL_REPRESENTATION('',(#10306),#10310);
#10306 = LINE('',#10307,#10308);
#10307 = CARTESIAN_POINT('',(0.,0.));
#10308 = VECTOR('',#10309,1.);
#10309 = DIRECTION('',(0.,1.));
#10310 = ( GEOMETRIC_REPRESENTATION_CONTEXT(2) 
PARAMETRIC_REPRESENTATION_CONTEXT() REPRESENTATION_CONTEXT('2D SPACE',''
  ) );
#10311 = PCURVE('',#10280,#10312);
#10312 = DEFINITIONAL_REPRESENTATION('',(#10313),#10317);
#10313 = LINE('',#10314,#10315);
#10314 = CARTESIAN_POINT('',(6.28318530718,0.));
#10315 = VECTOR('',#10316,1.);
#10316 = DIRECTION('',(0.,1.));
#10317 = ( GEOMETRIC_REPRESENTATION_CONTEXT(2) 
PARAMETRIC_REPRESENTATION_CONTEXT() REPRESENTATION_CONTEXT('2D SPACE',''
  ) );
#10318 = ORIENTED_EDGE('',*,*,#10319,.F.);
#10319 = EDGE_CURVE('',#10297,#10297,#10320,.T.);
#10320 = SURFACE_CURVE('',#10321,(#10326,#10333),.PCURVE_S1.);
#10321 = CIRCLE('',#10322,6.95);
#10322 = AXIS2_PLACEMENT_3D('',#10323,#10324,#10325);
#10323 = CARTESIAN_POINT('',(4.825777610022E-03,-243.9000000026,
    -210.1999999999));
#10324 = DIRECTION('',(0.,0.,-1.));
#10325 = DIRECTION('',(2.435520773068E-07,1.,0.));
#10326 = PCURVE('',#10280,#10327);
#10327 = DEFINITIONAL_REPRESENTATION('',(#10328),#10332);
#10328 = LINE('',#10329,#10330);
#10329 = CARTESIAN_POINT('',(6.283185307179,-1.710250442519E-27));
#10330 = VECTOR('',#10331,1.);
#10331 = DIRECTION('',(-1.,9.046911093941E-15));
#10332 = ( GEOMETRIC_REPRESENTATION_CONTEXT(2) 
PARAMETRIC_REPRESENTATION_CONTEXT() REPRESENTATION_CONTEXT('2D SPACE',''
  ) );
#10333 = PCURVE('',#10334,#10339);
#10334 = PLANE('',#10335);
#10335 = AXIS2_PLACEMENT_3D('',#10336,#10337,#10338);
#10336 = CARTESIAN_POINT('',(4.827531185001E-03,-236.7000000026,
    -210.1999999999));
#10337 = DIRECTION('',(-3.676407316817E-16,-8.673617230756E-16,1.));
#10338 = DIRECTION('',(-1.,2.435520001868E-07,-3.67640520434E-16));
#10339 = DEFINITIONAL_REPRESENTATION('',(#10340),#10348);
#10340 = ( BOUNDED_CURVE() B_SPLINE_CURVE(2,(#10341,#10342,#10343,#10344
    ,#10345,#10346,#10347),.UNSPECIFIED.,.T.,.F.) 
B_SPLINE_CURVE_WITH_KNOTS((1,2,2,2,2,1),(-2.094395102393,0.,
    2.094395102393,4.188790204786,6.28318530718,8.377580409573),
.UNSPECIFIED.) CURVE() GEOMETRIC_REPRESENTATION_ITEM() 
RATIONAL_B_SPLINE_CURVE((1.,0.5,1.,0.5,1.,0.5,1.)) REPRESENTATION_ITEM(
  '') );
#10341 = CARTESIAN_POINT('',(4.034064582155E-14,0.25));
#10342 = CARTESIAN_POINT('',(-12.0377531126,0.250000000001));
#10343 = CARTESIAN_POINT('',(-6.018876556301,10.675000000001));
#10344 = CARTESIAN_POINT('',(1.646591010814E-12,21.1));
#10345 = CARTESIAN_POINT('',(6.018876556303,10.675));
#10346 = CARTESIAN_POINT('',(12.037753112604,0.249999999999));
#10347 = CARTESIAN_POINT('',(4.034064582155E-14,0.25));
#10348 = ( GEOMETRIC_REPRESENTATION_CONTEXT(2) 
PARAMETRIC_REPRESENTATION_CONTEXT() REPRESENTATION_CONTEXT('2D SPACE',''
  ) );
#10349 = ORIENTED_EDGE('',*,*,#10296,.T.);
#10350 = ADVANCED_FACE('',(#10351,#10354),#10334,.T.);
#10351 = FACE_BOUND('',#10352,.T.);
#10352 = EDGE_LOOP('',(#10353));
#10353 = ORIENTED_EDGE('',*,*,#10319,.F.);
#10354 = FACE_BOUND('',#10355,.T.);
#10355 = EDGE_LOOP('',(#10356));
#10356 = ORIENTED_EDGE('',*,*,#10357,.T.);
#10357 = EDGE_CURVE('',#10358,#10358,#10360,.T.);
#10358 = VERTEX_POINT('',#10359);
#10359 = CARTESIAN_POINT('',(-5.745174222389,-243.8999986022,
    -210.1999999999));
#10360 = SURFACE_CURVE('',#10361,(#10366,#10377),.PCURVE_S1.);
#10361 = CIRCLE('',#10362,5.75);
#10362 = AXIS2_PLACEMENT_3D('',#10363,#10364,#10365);
#10363 = CARTESIAN_POINT('',(4.825777610009E-03,-243.9000000026,
    -210.1999999999));
#10364 = DIRECTION('',(3.676407316817E-16,8.673617230756E-16,-1.));
#10365 = DIRECTION('',(-1.,2.435520004273E-07,-3.67640520434E-16));
#10366 = PCURVE('',#10334,#10367);
#10367 = DEFINITIONAL_REPRESENTATION('',(#10368),#10376);
#10368 = ( BOUNDED_CURVE() B_SPLINE_CURVE(2,(#10369,#10370,#10371,#10372
    ,#10373,#10374,#10375),.UNSPECIFIED.,.T.,.F.) 
B_SPLINE_CURVE_WITH_KNOTS((1,2,2,2,2,1),(-2.094395102393,0.,
    2.094395102393,4.188790204786,6.28318530718,8.377580409573),
.UNSPECIFIED.) CURVE() GEOMETRIC_REPRESENTATION_ITEM() 
RATIONAL_B_SPLINE_CURVE((1.,0.5,1.,0.5,1.,0.5,1.)) REPRESENTATION_ITEM(
  '') );
#10369 = CARTESIAN_POINT('',(5.750000000001,7.2));
#10370 = CARTESIAN_POINT('',(5.750000000001,-2.759292143521));
#10371 = CARTESIAN_POINT('',(-2.874999999999,2.22035392824));
#10372 = CARTESIAN_POINT('',(-11.49999999999,7.2));
#10373 = CARTESIAN_POINT('',(-2.874999999999,12.179646071761));
#10374 = CARTESIAN_POINT('',(5.750000000001,17.159292143521));
#10375 = CARTESIAN_POINT('',(5.750000000001,7.2));
#10376 = ( GEOMETRIC_REPRESENTATION_CONTEXT(2) 
PARAMETRIC_REPRESENTATION_CONTEXT() REPRESENTATION_CONTEXT('2D SPACE',''
  ) );
#10377 = PCURVE('',#10378,#10383);
#10378 = CYLINDRICAL_SURFACE('',#10379,5.75);
#10379 = AXIS2_PLACEMENT_3D('',#10380,#10381,#10382);
#10380 = CARTESIAN_POINT('',(4.825777610009E-03,-243.9000000026,
    -199.9999999999));
#10381 = DIRECTION('',(3.676407316817E-16,8.673617230756E-16,-1.));
#10382 = DIRECTION('',(-1.,2.435520004273E-07,-3.67640520434E-16));
#10383 = DEFINITIONAL_REPRESENTATION('',(#10384),#10388);
#10384 = LINE('',#10385,#10386);
#10385 = CARTESIAN_POINT('',(0.,10.2));
#10386 = VECTOR('',#10387,1.);
#10387 = DIRECTION('',(1.,0.));
#10388 = ( GEOMETRIC_REPRESENTATION_CONTEXT(2) 
PARAMETRIC_REPRESENTATION_CONTEXT() REPRESENTATION_CONTEXT('2D SPACE',''
  ) );
#10389 = ADVANCED_FACE('',(#10390),#10378,.F.);
#10390 = FACE_BOUND('',#10391,.F.);
#10391 = EDGE_LOOP('',(#10392,#10425,#10446,#10447));
#10392 = ORIENTED_EDGE('',*,*,#10393,.F.);
#10393 = EDGE_CURVE('',#10394,#10394,#10396,.T.);
#10394 = VERTEX_POINT('',#10395);
#10395 = CARTESIAN_POINT('',(-5.745174222389,-243.8999986022,
    -227.0999999999));
#10396 = SURFACE_CURVE('',#10397,(#10402,#10409),.PCURVE_S1.);
#10397 = CIRCLE('',#10398,5.75);
#10398 = AXIS2_PLACEMENT_3D('',#10399,#10400,#10401);
#10399 = CARTESIAN_POINT('',(4.825777610009E-03,-243.9000000026,
    -227.0999999999));
#10400 = DIRECTION('',(3.676407316817E-16,8.673617230756E-16,-1.));
#10401 = DIRECTION('',(-1.,2.435520004273E-07,-3.67640520434E-16));
#10402 = PCURVE('',#10378,#10403);
#10403 = DEFINITIONAL_REPRESENTATION('',(#10404),#10408);
#10404 = LINE('',#10405,#10406);
#10405 = CARTESIAN_POINT('',(0.,27.1));
#10406 = VECTOR('',#10407,1.);
#10407 = DIRECTION('',(1.,0.));
#10408 = ( GEOMETRIC_REPRESENTATION_CONTEXT(2) 
PARAMETRIC_REPRESENTATION_CONTEXT() REPRESENTATION_CONTEXT('2D SPACE',''
  ) );
#10409 = PCURVE('',#10410,#10415);
#10410 = PLANE('',#10411);
#10411 = AXIS2_PLACEMENT_3D('',#10412,#10413,#10414);
#10412 = CARTESIAN_POINT('',(4.825777610009E-03,-243.9000000026,
    -227.0999999999));
#10413 = DIRECTION('',(0.,0.,1.));
#10414 = DIRECTION('',(0.,1.,0.));
#10415 = DEFINITIONAL_REPRESENTATION('',(#10416),#10424);
#10416 = ( BOUNDED_CURVE() B_SPLINE_CURVE(2,(#10417,#10418,#10419,#10420
    ,#10421,#10422,#10423),.UNSPECIFIED.,.T.,.F.) 
B_SPLINE_CURVE_WITH_KNOTS((1,2,2,2,2,1),(-2.094395102393,0.,
    2.094395102393,4.188790204786,6.28318530718,8.377580409573),
.UNSPECIFIED.) CURVE() GEOMETRIC_REPRESENTATION_ITEM() 
RATIONAL_B_SPLINE_CURVE((1.,0.5,1.,0.5,1.,0.5,1.)) REPRESENTATION_ITEM(
  '') );
#10417 = CARTESIAN_POINT('',(1.400424002457E-06,5.75));
#10418 = CARTESIAN_POINT('',(9.959293543945,5.749997574394));
#10419 = CARTESIAN_POINT('',(4.979645371548,-2.875001212803));
#10420 = CARTESIAN_POINT('',(-2.800848003506E-06,-11.5));
#10421 = CARTESIAN_POINT('',(-4.979646771972,-2.874998787197));
#10422 = CARTESIAN_POINT('',(-9.959290743097,5.750002425605));
#10423 = CARTESIAN_POINT('',(1.400424002457E-06,5.75));
#10424 = ( GEOMETRIC_REPRESENTATION_CONTEXT(2) 
PARAMETRIC_REPRESENTATION_CONTEXT() REPRESENTATION_CONTEXT('2D SPACE',''
  ) );
#10425 = ORIENTED_EDGE('',*,*,#10426,.F.);
#10426 = EDGE_CURVE('',#10358,#10394,#10427,.T.);
#10427 = SEAM_CURVE('',#10428,(#10432,#10439),.PCURVE_S1.);
#10428 = LINE('',#10429,#10430);
#10429 = CARTESIAN_POINT('',(-5.745174222389,-243.8999986022,
    -199.9999999999));
#10430 = VECTOR('',#10431,1.);
#10431 = DIRECTION('',(3.676407316817E-16,8.673617230756E-16,-1.));
#10432 = PCURVE('',#10378,#10433);
#10433 = DEFINITIONAL_REPRESENTATION('',(#10434),#10438);
#10434 = LINE('',#10435,#10436);
#10435 = CARTESIAN_POINT('',(0.,0.));
#10436 = VECTOR('',#10437,1.);
#10437 = DIRECTION('',(0.,1.));
#10438 = ( GEOMETRIC_REPRESENTATION_CONTEXT(2) 
PARAMETRIC_REPRESENTATION_CONTEXT() REPRESENTATION_CONTEXT('2D SPACE',''
  ) );
#10439 = PCURVE('',#10378,#10440);
#10440 = DEFINITIONAL_REPRESENTATION('',(#10441),#10445);
#10441 = LINE('',#10442,#10443);
#10442 = CARTESIAN_POINT('',(6.28318530718,0.));
#10443 = VECTOR('',#10444,1.);
#10444 = DIRECTION('',(0.,1.));
#10445 = ( GEOMETRIC_REPRESENTATION_CONTEXT(2) 
PARAMETRIC_REPRESENTATION_CONTEXT() REPRESENTATION_CONTEXT('2D SPACE',''
  ) );
#10446 = ORIENTED_EDGE('',*,*,#10357,.T.);
#10447 = ORIENTED_EDGE('',*,*,#10426,.T.);
#10448 = ADVANCED_FACE('',(#10449),#10410,.T.);
#10449 = FACE_BOUND('',#10450,.T.);
#10450 = EDGE_LOOP('',(#10451));
#10451 = ORIENTED_EDGE('',*,*,#10393,.F.);
#10452 = ADVANCED_FACE('',(#10453),#740,.F.);
#10453 = FACE_BOUND('',#10454,.F.);
#10454 = EDGE_LOOP('',(#10455,#10476,#10477,#10478,#10479));
#10455 = ORIENTED_EDGE('',*,*,#10456,.F.);
#10456 = EDGE_CURVE('',#691,#2274,#10457,.T.);
#10457 = SURFACE_CURVE('',#10458,(#10462,#10469),.PCURVE_S1.);
#10458 = LINE('',#10459,#10460);
#10459 = CARTESIAN_POINT('',(8.177136691782,-260.3884596235,
    -214.9999999999));
#10460 = VECTOR('',#10461,1.);
#10461 = DIRECTION('',(3.064104139906E-16,8.673617379884E-16,-1.));
#10462 = PCURVE('',#740,#10463);
#10463 = DEFINITIONAL_REPRESENTATION('',(#10464),#10468);
#10464 = LINE('',#10465,#10466);
#10465 = CARTESIAN_POINT('',(0.827504005815,0.));
#10466 = VECTOR('',#10467,1.);
#10467 = DIRECTION('',(0.,1.));
#10468 = ( GEOMETRIC_REPRESENTATION_CONTEXT(2) 
PARAMETRIC_REPRESENTATION_CONTEXT() REPRESENTATION_CONTEXT('2D SPACE',''
  ) );
#10469 = PCURVE('',#711,#10470);
#10470 = DEFINITIONAL_REPRESENTATION('',(#10471),#10475);
#10471 = LINE('',#10472,#10473);
#10472 = CARTESIAN_POINT('',(3.969096659702,0.));
#10473 = VECTOR('',#10474,1.);
#10474 = DIRECTION('',(0.,1.));
#10475 = ( GEOMETRIC_REPRESENTATION_CONTEXT(2) 
PARAMETRIC_REPRESENTATION_CONTEXT() REPRESENTATION_CONTEXT('2D SPACE',''
  ) );
#10476 = ORIENTED_EDGE('',*,*,#723,.F.);
#10477 = ORIENTED_EDGE('',*,*,#1179,.T.);
#10478 = ORIENTED_EDGE('',*,*,#1707,.F.);
#10479 = ORIENTED_EDGE('',*,*,#2301,.T.);
#10480 = ADVANCED_FACE('',(#10481),#859,.F.);
#10481 = FACE_BOUND('',#10482,.F.);
#10482 = EDGE_LOOP('',(#10483,#10484,#10485,#10506));
#10483 = ORIENTED_EDGE('',*,*,#10179,.F.);
#10484 = ORIENTED_EDGE('',*,*,#842,.F.);
#10485 = ORIENTED_EDGE('',*,*,#10486,.T.);
#10486 = EDGE_CURVE('',#843,#4490,#10487,.T.);
#10487 = SURFACE_CURVE('',#10488,(#10492,#10499),.PCURVE_S1.);
#10488 = LINE('',#10489,#10490);
#10489 = CARTESIAN_POINT('',(-6.686179644185,-251.4177063,
    -214.9999999999));
#10490 = VECTOR('',#10491,1.);
#10491 = DIRECTION('',(3.064104139906E-16,8.673617379884E-16,-1.));
#10492 = PCURVE('',#859,#10493);
#10493 = DEFINITIONAL_REPRESENTATION('',(#10494),#10498);
#10494 = LINE('',#10495,#10496);
#10495 = CARTESIAN_POINT('',(4.29673414851,0.));
#10496 = VECTOR('',#10497,1.);
#10497 = DIRECTION('',(-4.520220767725E-17,1.));
#10498 = ( GEOMETRIC_REPRESENTATION_CONTEXT(2) 
PARAMETRIC_REPRESENTATION_CONTEXT() REPRESENTATION_CONTEXT('2D SPACE',''
  ) );
#10499 = PCURVE('',#888,#10500);
#10500 = DEFINITIONAL_REPRESENTATION('',(#10501),#10505);
#10501 = LINE('',#10502,#10503);
#10502 = CARTESIAN_POINT('',(4.29639680324,0.));
#10503 = VECTOR('',#10504,1.);
#10504 = DIRECTION('',(-4.520220767725E-17,1.));
#10505 = ( GEOMETRIC_REPRESENTATION_CONTEXT(2) 
PARAMETRIC_REPRESENTATION_CONTEXT() REPRESENTATION_CONTEXT('2D SPACE',''
  ) );
#10506 = ORIENTED_EDGE('',*,*,#4489,.T.);
#10507 = ADVANCED_FACE('',(#10508),#711,.T.);
#10508 = FACE_BOUND('',#10509,.T.);
#10509 = EDGE_LOOP('',(#10510,#10511,#10512,#10513));
#10510 = ORIENTED_EDGE('',*,*,#2273,.F.);
#10511 = ORIENTED_EDGE('',*,*,#10456,.F.);
#10512 = ORIENTED_EDGE('',*,*,#690,.T.);
#10513 = ORIENTED_EDGE('',*,*,#10514,.T.);
#10514 = EDGE_CURVE('',#663,#2251,#10515,.T.);
#10515 = SURFACE_CURVE('',#10516,(#10520,#10527),.PCURVE_S1.);
#10516 = LINE('',#10517,#10518);
#10517 = CARTESIAN_POINT('',(9.104818381621,-274.2561016453,
    -214.9999999999));
#10518 = VECTOR('',#10519,1.);
#10519 = DIRECTION('',(3.064104139906E-16,8.673617379884E-16,-1.));
#10520 = PCURVE('',#711,#10521);
#10521 = DEFINITIONAL_REPRESENTATION('',(#10522),#10526);
#10522 = LINE('',#10523,#10524);
#10523 = CARTESIAN_POINT('',(5.322089017703,0.));
#10524 = VECTOR('',#10525,1.);
#10525 = DIRECTION('',(4.440892098501E-17,1.));
#10526 = ( GEOMETRIC_REPRESENTATION_CONTEXT(2) 
PARAMETRIC_REPRESENTATION_CONTEXT() REPRESENTATION_CONTEXT('2D SPACE',''
  ) );
#10527 = PCURVE('',#678,#10528);
#10528 = DEFINITIONAL_REPRESENTATION('',(#10529),#10533);
#10529 = LINE('',#10530,#10531);
#10530 = CARTESIAN_POINT('',(2.032999546486E-09,-1.76334601997E-24));
#10531 = VECTOR('',#10532,1.);
#10532 = DIRECTION('',(7.280910881214E-29,-1.));
#10533 = ( GEOMETRIC_REPRESENTATION_CONTEXT(2) 
PARAMETRIC_REPRESENTATION_CONTEXT() REPRESENTATION_CONTEXT('2D SPACE',''
  ) );
#10534 = ADVANCED_FACE('',(#10535),#888,.F.);
#10535 = FACE_BOUND('',#10536,.F.);
#10536 = EDGE_LOOP('',(#10537,#10538,#10539,#10560,#10561));
#10537 = ORIENTED_EDGE('',*,*,#10486,.F.);
#10538 = ORIENTED_EDGE('',*,*,#871,.F.);
#10539 = ORIENTED_EDGE('',*,*,#10540,.T.);
#10540 = EDGE_CURVE('',#872,#1888,#10541,.T.);
#10541 = SURFACE_CURVE('',#10542,(#10546,#10553),.PCURVE_S1.);
#10542 = LINE('',#10543,#10544);
#10543 = CARTESIAN_POINT('',(-8.167493170577,-260.3884556415,
    -214.9999999999));
#10544 = VECTOR('',#10545,1.);
#10545 = DIRECTION('',(3.064104139906E-16,8.673617379884E-16,-1.));
#10546 = PCURVE('',#888,#10547);
#10547 = DEFINITIONAL_REPRESENTATION('',(#10548),#10552);
#10548 = LINE('',#10549,#10550);
#10549 = CARTESIAN_POINT('',(5.45568130134,0.));
#10550 = VECTOR('',#10551,1.);
#10551 = DIRECTION('',(4.440892098501E-17,1.));
#10552 = ( GEOMETRIC_REPRESENTATION_CONTEXT(2) 
PARAMETRIC_REPRESENTATION_CONTEXT() REPRESENTATION_CONTEXT('2D SPACE',''
  ) );
#10553 = PCURVE('',#921,#10554);
#10554 = DEFINITIONAL_REPRESENTATION('',(#10555),#10559);
#10555 = LINE('',#10556,#10557);
#10556 = CARTESIAN_POINT('',(2.31408864775,0.));
#10557 = VECTOR('',#10558,1.);
#10558 = DIRECTION('',(-4.440892098501E-17,1.));
#10559 = ( GEOMETRIC_REPRESENTATION_CONTEXT(2) 
PARAMETRIC_REPRESENTATION_CONTEXT() REPRESENTATION_CONTEXT('2D SPACE',''
  ) );
#10560 = ORIENTED_EDGE('',*,*,#1887,.T.);
#10561 = ORIENTED_EDGE('',*,*,#4557,.T.);
#10562 = ADVANCED_FACE('',(#10563,#10589,#10624),#678,.T.);
#10563 = FACE_BOUND('',#10564,.T.);
#10564 = EDGE_LOOP('',(#10565,#10566,#10567,#10568));
#10565 = ORIENTED_EDGE('',*,*,#2250,.F.);
#10566 = ORIENTED_EDGE('',*,*,#10514,.F.);
#10567 = ORIENTED_EDGE('',*,*,#662,.T.);
#10568 = ORIENTED_EDGE('',*,*,#10569,.T.);
#10569 = EDGE_CURVE('',#630,#2223,#10570,.T.);
#10570 = SURFACE_CURVE('',#10571,(#10575,#10582),.PCURVE_S1.);
#10571 = LINE('',#10572,#10573);
#10572 = CARTESIAN_POINT('',(9.104817497484,-277.8982293118,
    -214.9999999999));
#10573 = VECTOR('',#10574,1.);
#10574 = DIRECTION('',(3.064104139906E-16,8.673617379884E-16,-1.));
#10575 = PCURVE('',#678,#10576);
#10576 = DEFINITIONAL_REPRESENTATION('',(#10577),#10581);
#10577 = LINE('',#10578,#10579);
#10578 = CARTESIAN_POINT('',(-3.642127664518,3.159042452872E-15));
#10579 = VECTOR('',#10580,1.);
#10580 = DIRECTION('',(7.280910881214E-29,-1.));
#10581 = ( GEOMETRIC_REPRESENTATION_CONTEXT(2) 
PARAMETRIC_REPRESENTATION_CONTEXT() REPRESENTATION_CONTEXT('2D SPACE',''
  ) );
#10582 = PCURVE('',#650,#10583);
#10583 = DEFINITIONAL_REPRESENTATION('',(#10584),#10588);
#10584 = LINE('',#10585,#10586);
#10585 = CARTESIAN_POINT('',(4.712388980383,0.));
#10586 = VECTOR('',#10587,1.);
#10587 = DIRECTION('',(0.,1.));
#10588 = ( GEOMETRIC_REPRESENTATION_CONTEXT(2) 
PARAMETRIC_REPRESENTATION_CONTEXT() REPRESENTATION_CONTEXT('2D SPACE',''
  ) );
#10589 = FACE_BOUND('',#10590,.T.);
#10590 = EDGE_LOOP('',(#10591));
#10591 = ORIENTED_EDGE('',*,*,#10592,.T.);
#10592 = EDGE_CURVE('',#10593,#10593,#10595,.T.);
#10593 = VERTEX_POINT('',#10594);
#10594 = CARTESIAN_POINT('',(9.104818362094,-274.3482293164,
    -229.4999999999));
#10595 = SURFACE_CURVE('',#10596,(#10601,#10612),.PCURVE_S1.);
#10596 = CIRCLE('',#10597,1.55);
#10597 = AXIS2_PLACEMENT_3D('',#10598,#10599,#10600);
#10598 = CARTESIAN_POINT('',(9.104817984588,-275.8982293164,
    -229.4999999999));
#10599 = DIRECTION('',(-1.,2.435520111415E-07,-3.064102027429E-16));
#10600 = DIRECTION('',(2.435520111415E-07,1.,-1.327177038547E-30));
#10601 = PCURVE('',#678,#10602);
#10602 = DEFINITIONAL_REPRESENTATION('',(#10603),#10611);
#10603 = ( BOUNDED_CURVE() B_SPLINE_CURVE(2,(#10604,#10605,#10606,#10607
    ,#10608,#10609,#10610),.UNSPECIFIED.,.T.,.F.) 
B_SPLINE_CURVE_WITH_KNOTS((1,2,2,2,2,1),(-2.094395102393,0.,
    2.094395102393,4.188790204786,6.28318530718,8.377580409573),
.UNSPECIFIED.) CURVE() GEOMETRIC_REPRESENTATION_ITEM() 
RATIONAL_B_SPLINE_CURVE((1.,0.5,1.,0.5,1.,0.5,1.)) REPRESENTATION_ITEM(
  '') );
#10604 = CARTESIAN_POINT('',(-9.212766908808E-02,-14.5));
#10605 = CARTESIAN_POINT('',(-9.212766908808E-02,-17.18467875173));
#10606 = CARTESIAN_POINT('',(-2.417127669088,-15.84233937586));
#10607 = CARTESIAN_POINT('',(-4.742127669088,-14.5));
#10608 = CARTESIAN_POINT('',(-2.417127669088,-13.15766062413));
#10609 = CARTESIAN_POINT('',(-9.212766908808E-02,-11.81532124826));
#10610 = CARTESIAN_POINT('',(-9.212766908808E-02,-14.5));
#10611 = ( GEOMETRIC_REPRESENTATION_CONTEXT(2) 
PARAMETRIC_REPRESENTATION_CONTEXT() REPRESENTATION_CONTEXT('2D SPACE',''
  ) );
#10612 = PCURVE('',#10613,#10618);
#10613 = CYLINDRICAL_SURFACE('',#10614,1.55);
#10614 = AXIS2_PLACEMENT_3D('',#10615,#10616,#10617);
#10615 = CARTESIAN_POINT('',(-27.17187276843,-275.8982204811,
    -229.4999999999));
#10616 = DIRECTION('',(1.,-2.435520001868E-07,3.064102027429E-16));
#10617 = DIRECTION('',(2.435520001868E-07,1.,8.03005511195E-31));
#10618 = DEFINITIONAL_REPRESENTATION('',(#10619),#10623);
#10619 = LINE('',#10620,#10621);
#10620 = CARTESIAN_POINT('',(6.28318530718,36.276690753027));
#10621 = VECTOR('',#10622,1.);
#10622 = DIRECTION('',(-1.,-9.046911093941E-15));
#10623 = ( GEOMETRIC_REPRESENTATION_CONTEXT(2) 
PARAMETRIC_REPRESENTATION_CONTEXT() REPRESENTATION_CONTEXT('2D SPACE',''
  ) );
#10624 = FACE_BOUND('',#10625,.T.);
#10625 = EDGE_LOOP('',(#10626));
#10626 = ORIENTED_EDGE('',*,*,#10627,.T.);
#10627 = EDGE_CURVE('',#10628,#10628,#10630,.T.);
#10628 = VERTEX_POINT('',#10629);
#10629 = CARTESIAN_POINT('',(9.104818362094,-274.3482293164,
    -220.4999999999));
#10630 = SURFACE_CURVE('',#10631,(#10636,#10647),.PCURVE_S1.);
#10631 = CIRCLE('',#10632,1.55);
#10632 = AXIS2_PLACEMENT_3D('',#10633,#10634,#10635);
#10633 = CARTESIAN_POINT('',(9.104817984588,-275.8982293164,
    -220.4999999999));
#10634 = DIRECTION('',(-1.,2.435520111415E-07,-3.064102027429E-16));
#10635 = DIRECTION('',(2.435520111415E-07,1.,-1.327177038547E-30));
#10636 = PCURVE('',#678,#10637);
#10637 = DEFINITIONAL_REPRESENTATION('',(#10638),#10646);
#10638 = ( BOUNDED_CURVE() B_SPLINE_CURVE(2,(#10639,#10640,#10641,#10642
    ,#10643,#10644,#10645),.UNSPECIFIED.,.T.,.F.) 
B_SPLINE_CURVE_WITH_KNOTS((1,2,2,2,2,1),(-2.094395102393,0.,
    2.094395102393,4.188790204786,6.28318530718,8.377580409573),
.UNSPECIFIED.) CURVE() GEOMETRIC_REPRESENTATION_ITEM() 
RATIONAL_B_SPLINE_CURVE((1.,0.5,1.,0.5,1.,0.5,1.)) REPRESENTATION_ITEM(
  '') );
#10639 = CARTESIAN_POINT('',(-9.212766908807E-02,-5.5));
#10640 = CARTESIAN_POINT('',(-9.212766908807E-02,-8.184678751732));
#10641 = CARTESIAN_POINT('',(-2.417127669088,-6.842339375866));
#10642 = CARTESIAN_POINT('',(-4.742127669088,-5.5));
#10643 = CARTESIAN_POINT('',(-2.417127669088,-4.157660624134));
#10644 = CARTESIAN_POINT('',(-9.212766908807E-02,-2.815321248268));
#10645 = CARTESIAN_POINT('',(-9.212766908807E-02,-5.5));
#10646 = ( GEOMETRIC_REPRESENTATION_CONTEXT(2) 
PARAMETRIC_REPRESENTATION_CONTEXT() REPRESENTATION_CONTEXT('2D SPACE',''
  ) );
#10647 = PCURVE('',#10648,#10653);
#10648 = CYLINDRICAL_SURFACE('',#10649,1.55);
#10649 = AXIS2_PLACEMENT_3D('',#10650,#10651,#10652);
#10650 = CARTESIAN_POINT('',(-27.17187276843,-275.8982204811,
    -220.4999999999));
#10651 = DIRECTION('',(1.,-2.435520001868E-07,3.064102027429E-16));
#10652 = DIRECTION('',(2.435520001868E-07,1.,8.03005511195E-31));
#10653 = DEFINITIONAL_REPRESENTATION('',(#10654),#10658);
#10654 = LINE('',#10655,#10656);
#10655 = CARTESIAN_POINT('',(6.28318530718,36.276690753027));
#10656 = VECTOR('',#10657,1.);
#10657 = DIRECTION('',(-1.,-9.046911093941E-15));
#10658 = ( GEOMETRIC_REPRESENTATION_CONTEXT(2) 
PARAMETRIC_REPRESENTATION_CONTEXT() REPRESENTATION_CONTEXT('2D SPACE',''
  ) );
#10659 = ADVANCED_FACE('',(#10660),#10648,.F.);
#10660 = FACE_BOUND('',#10661,.F.);
#10661 = EDGE_LOOP('',(#10662,#10685,#11137,#11160,#11186,#11187,#11634,
    #11635));
#10662 = ORIENTED_EDGE('',*,*,#10663,.F.);
#10663 = EDGE_CURVE('',#10664,#10628,#10666,.T.);
#10664 = VERTEX_POINT('',#10665);
#10665 = CARTESIAN_POINT('',(4.736757395723,-274.3482282525,
    -220.4999999807));
#10666 = SEAM_CURVE('',#10667,(#10671,#10678),.PCURVE_S1.);
#10667 = LINE('',#10668,#10669);
#10668 = CARTESIAN_POINT('',(-27.17187239093,-274.3482204811,
    -220.4999999999));
#10669 = VECTOR('',#10670,1.);
#10670 = DIRECTION('',(1.,-2.435520001868E-07,3.064102027429E-16));
#10671 = PCURVE('',#10648,#10672);
#10672 = DEFINITIONAL_REPRESENTATION('',(#10673),#10677);
#10673 = LINE('',#10674,#10675);
#10674 = CARTESIAN_POINT('',(0.,4.192202140985E-13));
#10675 = VECTOR('',#10676,1.);
#10676 = DIRECTION('',(0.,1.));
#10677 = ( GEOMETRIC_REPRESENTATION_CONTEXT(2) 
PARAMETRIC_REPRESENTATION_CONTEXT() REPRESENTATION_CONTEXT('2D SPACE',''
  ) );
#10678 = PCURVE('',#10648,#10679);
#10679 = DEFINITIONAL_REPRESENTATION('',(#10680),#10684);
#10680 = LINE('',#10681,#10682);
#10681 = CARTESIAN_POINT('',(6.28318530718,4.192202140985E-13));
#10682 = VECTOR('',#10683,1.);
#10683 = DIRECTION('',(0.,1.));
#10684 = ( GEOMETRIC_REPRESENTATION_CONTEXT(2) 
PARAMETRIC_REPRESENTATION_CONTEXT() REPRESENTATION_CONTEXT('2D SPACE',''
  ) );
#10685 = ORIENTED_EDGE('',*,*,#10686,.T.);
#10686 = EDGE_CURVE('',#10664,#10687,#10689,.T.);
#10687 = VERTEX_POINT('',#10688);
#10688 = CARTESIAN_POINT('',(-4.72717031977,-274.3482259476,
    -220.5000000121));
#10689 = SURFACE_CURVE('',#10690,(#10766,#10949),.PCURVE_S1.);
#10690 = B_SPLINE_CURVE_WITH_KNOTS('',3,(#10691,#10692,#10693,#10694,
    #10695,#10696,#10697,#10698,#10699,#10700,#10701,#10702,#10703,
    #10704,#10705,#10706,#10707,#10708,#10709,#10710,#10711,#10712,
    #10713,#10714,#10715,#10716,#10717,#10718,#10719,#10720,#10721,
    #10722,#10723,#10724,#10725,#10726,#10727,#10728,#10729,#10730,
    #10731,#10732,#10733,#10734,#10735,#10736,#10737,#10738,#10739,
    #10740,#10741,#10742,#10743,#10744,#10745,#10746,#10747,#10748,
    #10749,#10750,#10751,#10752,#10753,#10754,#10755,#10756,#10757,
    #10758,#10759,#10760,#10761,#10762,#10763,#10764,#10765),
  .UNSPECIFIED.,.F.,.F.,(4,2,2,2,1,2,1,2,2,2,2,1,2,2,2,2,2,2,2,2,2,2,2,2
    ,2,2,2,1,2,2,2,2,1,2,2,2,2,2,2,4),(0.751106263078,0.766718626884,
    0.782330990689,0.790137172592,0.797943354494,0.805749536397,
    0.809652627348,0.811604172824,0.8135557183,0.84478044591,
    0.860392809716,0.868198991618,0.87210208257,0.876005173521,
    0.907229901132,0.922842264937,0.93064844684,0.938454628742,
    0.969679356353,0.985291720158,1.000904083963,1.032128811574,
    1.047741175379,1.055547357282,1.063353539185,1.094578266795,
    1.110190630601,1.117996812503,1.121899903455,1.125802994406,
    1.157027722017,1.172640085822,1.180446267725,1.184349358676,
    1.188252449627,1.203864813433,1.211670995335,1.215574086287,
    1.219477177238,1.250701904849),.UNSPECIFIED.);
#10691 = CARTESIAN_POINT('',(4.736757395723,-274.3482282525,
    -220.4999999807));
#10692 = CARTESIAN_POINT('',(4.736257190778,-274.3482282538,
    -220.3851640022));
#10693 = CARTESIAN_POINT('',(4.717245249556,-274.3610460652,
    -220.2679543886));
#10694 = CARTESIAN_POINT('',(4.642197893963,-274.4147653177,
    -220.0351215025));
#10695 = CARTESIAN_POINT('',(4.592431166424,-274.4514843958,
    -219.9339962103));
#10696 = CARTESIAN_POINT('',(4.496820289521,-274.5183110192,
    -219.7921436697));
#10697 = CARTESIAN_POINT('',(4.45996345801,-274.5434588744,
    -219.7456605328));
#10698 = CARTESIAN_POINT('',(4.392521232159,-274.5883346705,
    -219.6701765606));
#10699 = CARTESIAN_POINT('',(4.319133508495,-274.6361800708,
    -219.5970036777));
#10700 = CARTESIAN_POINT('',(4.233854789333,-274.6894244951,
    -219.5288457963));
#10701 = CARTESIAN_POINT('',(4.1654366267,-274.731173702,-219.4797325449
    ));
#10702 = CARTESIAN_POINT('',(4.130112764569,-274.7525021938,
    -219.4556768543));
#10703 = CARTESIAN_POINT('',(4.093116731225,-274.7744717744,
    -219.4323927337));
#10704 = CARTESIAN_POINT('',(4.068081115393,-274.7892561792,
    -219.4170434697));
#10705 = CARTESIAN_POINT('',(4.054757863195,-274.7970756058,
    -219.4091128125));
#10706 = CARTESIAN_POINT('',(3.880509776021,-274.8989003098,
    -219.3074463247));
#10707 = CARTESIAN_POINT('',(3.693932227011,-275.0008224499,
    -219.2307352465));
#10708 = CARTESIAN_POINT('',(3.380196882067,-275.1523777028,
    -219.1399724695));
#10709 = CARTESIAN_POINT('',(3.269973596838,-275.2027141615,
    -219.1137360556));
#10710 = CARTESIAN_POINT('',(3.096171413858,-275.2769860129,
    -219.0796830123));
#10711 = CARTESIAN_POINT('',(3.007153508582,-275.3138172754,
    -219.0639804647));
#10712 = CARTESIAN_POINT('',(2.914960382665,-275.3500424491,
    -219.0501184883));
#10713 = CARTESIAN_POINT('',(2.852792694137,-275.374043343,
    -219.0412696451));
#10714 = CARTESIAN_POINT('',(2.820197735298,-275.3863873217,
    -219.0369101681));
#10715 = CARTESIAN_POINT('',(2.578039700457,-275.4767123835,
    -219.0060033844));
#10716 = CARTESIAN_POINT('',(2.355618929497,-275.5493675568,
    -218.9884038437));
#10717 = CARTESIAN_POINT('',(2.011233997093,-275.6440708867,
    -218.9706419808));
#10718 = CARTESIAN_POINT('',(1.894646723625,-275.6732837258,
    -218.9661723531));
#10719 = CARTESIAN_POINT('',(1.717077369465,-275.7133954834,
    -218.9610006939));
#10720 = CARTESIAN_POINT('',(1.657439510752,-275.7261491433,
    -218.9595332876));
#10721 = CARTESIAN_POINT('',(1.537267645345,-275.7504036402,
    -218.9570169255));
#10722 = CARTESIAN_POINT('',(1.475484439583,-275.7621217453,
    -218.9559511778));
#10723 = CARTESIAN_POINT('',(1.180309683713,-275.8147520204,
    -218.951673049));
#10724 = CARTESIAN_POINT('',(0.94285677408,-275.8463570698,
    -218.9507264663));
#10725 = CARTESIAN_POINT('',(0.584707752284,-275.8777794242,
    -218.9500994747));
#10726 = CARTESIAN_POINT('',(0.464996468793,-275.885594414,
    -218.9500429129));
#10727 = CARTESIAN_POINT('',(0.22491734936,-275.895901357,
    -218.9499931774));
#10728 = CARTESIAN_POINT('',(0.102996618856,-275.8983954536,
    -218.9499999996));
#10729 = CARTESIAN_POINT('',(-0.253474641548,-275.8978812961,
    -218.9500000006));
#10730 = CARTESIAN_POINT('',(-0.490124870908,-275.8868850872,
    -218.9498903724));
#10731 = CARTESIAN_POINT('',(-0.843604298586,-275.854425203,
    -218.9505812264));
#10732 = CARTESIAN_POINT('',(-0.961181455085,-275.8409444476,
    -218.9509746679));
#10733 = CARTESIAN_POINT('',(-1.137173210748,-275.8167497433,
    -218.95212188));
#10734 = CARTESIAN_POINT('',(-1.195774799455,-275.8080227724,
    -218.9525984063));
#10735 = CARTESIAN_POINT('',(-1.312853317174,-275.789250959,
    -218.9538070201));
#10736 = CARTESIAN_POINT('',(-1.369799116131,-275.7794873972,
    -218.9545144789));
#10737 = CARTESIAN_POINT('',(-1.673373101598,-275.7238862556,
    -218.9591891924));
#10738 = CARTESIAN_POINT('',(-1.908745643288,-275.6696408579,
    -218.9655944527));
#10739 = CARTESIAN_POINT('',(-2.250574486065,-275.5747176009,
    -218.9837942357));
#10740 = CARTESIAN_POINT('',(-2.362645772033,-275.5408288302,
    -218.9913090947));
#10741 = CARTESIAN_POINT('',(-2.527945208619,-275.4869038739,
    -219.005456909));
#10742 = CARTESIAN_POINT('',(-2.60989305382,-275.4591702646,
    -219.0132508942));
#10743 = CARTESIAN_POINT('',(-2.690788089401,-275.4303509312,
    -219.0222662804));
#10744 = CARTESIAN_POINT('',(-2.744484155431,-275.4109061063,
    -219.02856419));
#10745 = CARTESIAN_POINT('',(-2.769504653381,-275.4017189808,
    -219.0316224365));
#10746 = CARTESIAN_POINT('',(-3.049899710823,-275.2967851927,
    -219.0680375714));
#10747 = CARTESIAN_POINT('',(-3.277682864905,-275.1978244662,
    -219.1123381244));
#10748 = CARTESIAN_POINT('',(-3.58717225222,-275.0476559909,
    -219.2029081261));
#10749 = CARTESIAN_POINT('',(-3.684971157366,-274.9973483261,
    -219.2371112009));
#10750 = CARTESIAN_POINT('',(-3.823623179437,-274.9227079442,
    -219.2950699348));
#10751 = CARTESIAN_POINT('',(-3.890937606562,-274.885596821,
    -219.3257106629));
#10752 = CARTESIAN_POINT('',(-3.955234657884,-274.849058242,
    -219.3589380526));
#10753 = CARTESIAN_POINT('',(-3.997428830816,-274.8248575392,
    -219.3816728944));
#10754 = CARTESIAN_POINT('',(-4.015954802168,-274.8141585671,
    -219.3919582389));
#10755 = CARTESIAN_POINT('',(-4.145147727408,-274.7386306736,
    -219.4679231833));
#10756 = CARTESIAN_POINT('',(-4.236517319467,-274.6823510586,
    -219.5346323143));
#10757 = CARTESIAN_POINT('',(-4.355594585822,-274.6060706136,
    -219.6428062878));
#10758 = CARTESIAN_POINT('',(-4.392290820985,-274.5820003144,
    -219.6802115372));
#10759 = CARTESIAN_POINT('',(-4.442840893354,-274.5481664835,
    -219.738199455));
#10760 = CARTESIAN_POINT('',(-4.458941870748,-274.5372670951,
    -219.757841807));
#10761 = CARTESIAN_POINT('',(-4.489645732087,-274.5162641505,
    -219.7977255587));
#10762 = CARTESIAN_POINT('',(-4.502769969937,-274.5071742878,
    -219.8156902895));
#10763 = CARTESIAN_POINT('',(-4.658332843127,-274.3986923118,
    -220.0467930365));
#10764 = CARTESIAN_POINT('',(-4.727790528932,-274.3482259456,
    -220.2714164636));
#10765 = CARTESIAN_POINT('',(-4.72717031977,-274.3482259476,
    -220.5000000121));
#10766 = PCURVE('',#10648,#10767);
#10767 = DEFINITIONAL_REPRESENTATION('',(#10768),#10948);
#10768 = B_SPLINE_CURVE_WITH_KNOTS('',3,(#10769,#10770,#10771,#10772,
    #10773,#10774,#10775,#10776,#10777,#10778,#10779,#10780,#10781,
    #10782,#10783,#10784,#10785,#10786,#10787,#10788,#10789,#10790,
    #10791,#10792,#10793,#10794,#10795,#10796,#10797,#10798,#10799,
    #10800,#10801,#10802,#10803,#10804,#10805,#10806,#10807,#10808,
    #10809,#10810,#10811,#10812,#10813,#10814,#10815,#10816,#10817,
    #10818,#10819,#10820,#10821,#10822,#10823,#10824,#10825,#10826,
    #10827,#10828,#10829,#10830,#10831,#10832,#10833,#10834,#10835,
    #10836,#10837,#10838,#10839,#10840,#10841,#10842,#10843,#10844,
    #10845,#10846,#10847,#10848,#10849,#10850,#10851,#10852,#10853,
    #10854,#10855,#10856,#10857,#10858,#10859,#10860,#10861,#10862,
    #10863,#10864,#10865,#10866,#10867,#10868,#10869,#10870,#10871,
    #10872,#10873,#10874,#10875,#10876,#10877,#10878,#10879,#10880,
    #10881,#10882,#10883,#10884,#10885,#10886,#10887,#10888,#10889,
    #10890,#10891,#10892,#10893,#10894,#10895,#10896,#10897,#10898,
    #10899,#10900,#10901,#10902,#10903,#10904,#10905,#10906,#10907,
    #10908,#10909,#10910,#10911,#10912,#10913,#10914,#10915,#10916,
    #10917,#10918,#10919,#10920,#10921,#10922,#10923,#10924,#10925,
    #10926,#10927,#10928,#10929,#10930,#10931,#10932,#10933,#10934,
    #10935,#10936,#10937,#10938,#10939,#10940,#10941,#10942,#10943,
    #10944,#10945,#10946,#10947),.UNSPECIFIED.,.F.,.F.,(4,1,1,1,1,1,1,1,
    1,1,1,1,1,1,1,1,1,1,1,1,1,1,1,1,1,1,1,1,1,1,1,1,1,1,1,1,1,1,1,1,1,1,
    1,1,1,1,1,1,1,1,1,1,1,1,1,1,1,1,1,1,1,1,1,1,1,1,1,1,1,1,1,1,1,1,1,1,
    1,1,1,1,1,1,1,1,1,1,1,1,1,1,1,1,1,1,1,1,1,1,1,1,1,1,1,1,1,1,1,1,1,1,
    1,1,1,1,1,1,1,1,1,1,1,1,1,1,1,1,1,1,1,1,1,1,1,1,1,1,1,1,1,1,1,1,1,1,
    1,1,1,1,1,1,1,1,1,1,1,1,1,1,1,1,1,1,1,1,1,1,1,1,1,1,1,1,1,1,1,1,4),(
    0.751106263078,0.753944874679,0.75678348628,0.759622097881,
    0.762460709482,0.765299321083,0.768137932684,0.770976544285,
    0.773815155886,0.776653767487,0.779492379088,0.782330990689,
    0.78516960229,0.788008213891,0.790846825492,0.793685437093,
    0.796524048694,0.799362660295,0.802201271895,0.805039883496,
    0.807878495097,0.810717106698,0.813555718299,0.8163943299,
    0.819232941501,0.822071553102,0.824910164703,0.827748776304,
    0.830587387905,0.833425999506,0.836264611107,0.839103222708,
    0.841941834309,0.84478044591,0.847619057511,0.850457669112,
    0.853296280713,0.856134892314,0.858973503915,0.861812115516,
    0.864650727117,0.867489338718,0.870327950319,0.87316656192,
    0.876005173521,0.878843785122,0.881682396723,0.884521008324,
    0.887359619925,0.890198231526,0.893036843127,0.895875454728,
    0.898714066329,0.901552677929,0.90439128953,0.907229901131,
    0.910068512732,0.912907124333,0.915745735934,0.918584347535,
    0.921422959136,0.924261570737,0.927100182338,0.929938793939,
    0.93277740554,0.935616017141,0.938454628742,0.941293240343,
    0.944131851944,0.946970463545,0.949809075146,0.952647686747,
    0.955486298348,0.958324909949,0.96116352155,0.964002133151,
    0.966840744752,0.969679356353,0.972517967954,0.975356579555,
    0.978195191156,0.981033802757,0.983872414358,0.986711025959,
    0.98954963756,0.992388249161,0.995226860762,0.998065472363,
    1.000904083963,1.003742695564,1.006581307165,1.009419918766,
    1.012258530367,1.015097141968,1.017935753569,1.02077436517,
    1.023612976771,1.026451588372,1.029290199973,1.032128811574,
    1.034967423175,1.037806034776,1.040644646377,1.043483257978,
    1.046321869579,1.04916048118,1.051999092781,1.054837704382,
    1.057676315983,1.060514927584,1.063353539185,1.066192150786,
    1.069030762387,1.071869373988,1.074707985589,1.07754659719,
    1.080385208791,1.083223820392,1.086062431993,1.088901043594,
    1.091739655195,1.094578266796,1.097416878397,1.100255489998,
    1.103094101598,1.105932713199,1.1087713248,1.111609936401,
    1.114448548002,1.117287159603,1.120125771204,1.122964382805,
    1.125802994406,1.128641606007,1.131480217608,1.134318829209,
    1.13715744081,1.139996052411,1.142834664012,1.145673275613,
    1.148511887214,1.151350498815,1.154189110416,1.157027722017,
    1.159866333618,1.162704945219,1.16554355682,1.168382168421,
    1.171220780022,1.174059391623,1.176898003224,1.179736614825,
    1.182575226426,1.185413838027,1.188252449628,1.191091061229,
    1.19392967283,1.196768284431,1.199606896032,1.202445507632,
    1.205284119233,1.208122730834,1.210961342435,1.213799954036,
    1.216638565637,1.219477177238,1.222315788839,1.22515440044,
    1.227993012041,1.230831623642,1.233670235243,1.236508846844,
    1.239347458445,1.242186070046,1.245024681647,1.247863293248,
    1.250701904849),.UNSPECIFIED.);
#10769 = CARTESIAN_POINT('',(0.,31.908629786656));
#10770 = CARTESIAN_POINT('',(1.347069209685E-02,31.908538840303));
#10771 = CARTESIAN_POINT('',(4.051246928238E-02,31.907133131744));
#10772 = CARTESIAN_POINT('',(8.137417346349E-02,31.90135221784));
#10773 = CARTESIAN_POINT('',(0.122526555549,31.891901663406));
#10774 = CARTESIAN_POINT('',(0.16398302478,31.878771529812));
#10775 = CARTESIAN_POINT('',(0.205692042849,31.861998861038));
#10776 = CARTESIAN_POINT('',(0.247858981156,31.841445419794));
#10777 = CARTESIAN_POINT('',(0.288332007179,31.818551840746));
#10778 = CARTESIAN_POINT('',(0.327609962781,31.793101758217));
#10779 = CARTESIAN_POINT('',(0.36586554162,31.765085824439));
#10780 = CARTESIAN_POINT('',(0.403374102787,31.734383286282));
#10781 = CARTESIAN_POINT('',(0.440277409521,31.701111994149));
#10782 = CARTESIAN_POINT('',(0.477082192162,31.664546789678));
#10783 = CARTESIAN_POINT('',(0.512725841051,31.625947910373));
#10784 = CARTESIAN_POINT('',(0.544235127196,31.589099934875));
#10785 = CARTESIAN_POINT('',(0.574893825112,31.550718863271));
#10786 = CARTESIAN_POINT('',(0.605629222665,31.509757699724));
#10787 = CARTESIAN_POINT('',(0.636191718081,31.466498734252));
#10788 = CARTESIAN_POINT('',(0.66665105693,31.42085980262));
#10789 = CARTESIAN_POINT('',(0.696977974085,31.372887271747));
#10790 = CARTESIAN_POINT('',(0.727221033162,31.322477838196));
#10791 = CARTESIAN_POINT('',(0.757213858503,31.269998348796));
#10792 = CARTESIAN_POINT('',(0.787573883744,31.21408471967));
#10793 = CARTESIAN_POINT('',(0.80954588824,31.171945637116));
#10794 = CARTESIAN_POINT('',(0.833400825122,31.124696032996));
#10795 = CARTESIAN_POINT('',(0.856391232958,31.077396146068));
#10796 = CARTESIAN_POINT('',(0.879256774552,31.028690089444));
#10797 = CARTESIAN_POINT('',(0.90180160541,30.978941171918));
#10798 = CARTESIAN_POINT('',(0.924079436416,30.928052045196));
#10799 = CARTESIAN_POINT('',(0.946076013019,30.876048793663));
#10800 = CARTESIAN_POINT('',(0.967794254342,30.822924428077));
#10801 = CARTESIAN_POINT('',(0.989231353731,30.768680821015));
#10802 = CARTESIAN_POINT('',(1.010385388705,30.713317471415));
#10803 = CARTESIAN_POINT('',(1.031251944574,30.656834510948));
#10804 = CARTESIAN_POINT('',(1.051831184333,30.599231913992));
#10805 = CARTESIAN_POINT('',(1.072128754788,30.540509651367));
#10806 = CARTESIAN_POINT('',(1.092144370528,30.480667865411));
#10807 = CARTESIAN_POINT('',(1.111878594254,30.419706015957));
#10808 = CARTESIAN_POINT('',(1.13133042695,30.357626121328));
#10809 = CARTESIAN_POINT('',(1.150500240085,30.294420648401));
#10810 = CARTESIAN_POINT('',(1.169381849667,30.230117711342));
#10811 = CARTESIAN_POINT('',(1.188002603741,30.164612386611));
#10812 = CARTESIAN_POINT('',(1.206261354257,30.098296254201));
#10813 = CARTESIAN_POINT('',(1.224533821632,30.029707917686));
#10814 = CARTESIAN_POINT('',(1.241578593352,29.96362687253));
#10815 = CARTESIAN_POINT('',(1.255821502049,29.906768191473));
#10816 = CARTESIAN_POINT('',(1.270394276323,29.846987633472));
#10817 = CARTESIAN_POINT('',(1.284459599348,29.787539238105));
#10818 = CARTESIAN_POINT('',(1.298243225433,29.727551088097));
#10819 = CARTESIAN_POINT('',(1.311685624182,29.667256812977));
#10820 = CARTESIAN_POINT('',(1.32480327048,29.606593811899));
#10821 = CARTESIAN_POINT('',(1.337591833469,29.545578858718));
#10822 = CARTESIAN_POINT('',(1.350052132823,29.484207458859));
#10823 = CARTESIAN_POINT('',(1.362183135195,29.422480816768));
#10824 = CARTESIAN_POINT('',(1.373984030424,29.36039860924));
#10825 = CARTESIAN_POINT('',(1.385452955756,29.297960924645));
#10826 = CARTESIAN_POINT('',(1.396590054994,29.235167732706));
#10827 = CARTESIAN_POINT('',(1.407397619131,29.172019066165));
#10828 = CARTESIAN_POINT('',(1.417875444107,29.108514824325));
#10829 = CARTESIAN_POINT('',(1.428023662667,29.044655377237));
#10830 = CARTESIAN_POINT('',(1.437842267948,28.980439345394));
#10831 = CARTESIAN_POINT('',(1.44733018851,28.91587187677));
#10832 = CARTESIAN_POINT('',(1.456489901909,28.850933758986));
#10833 = CARTESIAN_POINT('',(1.465313504502,28.785696693583));
#10834 = CARTESIAN_POINT('',(1.473830724156,28.719893086764));
#10835 = CARTESIAN_POINT('',(1.482057198704,28.653390209317));
#10836 = CARTESIAN_POINT('',(1.489767826312,28.588148749394));
#10837 = CARTESIAN_POINT('',(1.497001312974,28.523948150694));
#10838 = CARTESIAN_POINT('',(1.503930343094,28.459386094388));
#10839 = CARTESIAN_POINT('',(1.510508983527,28.394838330673));
#10840 = CARTESIAN_POINT('',(1.516749805347,28.330204177589));
#10841 = CARTESIAN_POINT('',(1.522649624372,28.265510612786));
#10842 = CARTESIAN_POINT('',(1.528209395819,28.200750407616));
#10843 = CARTESIAN_POINT('',(1.533428880987,28.135925499022));
#10844 = CARTESIAN_POINT('',(1.538308078943,28.071035367884));
#10845 = CARTESIAN_POINT('',(1.542846833316,28.006080153735));
#10846 = CARTESIAN_POINT('',(1.547044980776,27.941059817568));
#10847 = CARTESIAN_POINT('',(1.550902164731,27.87597437587));
#10848 = CARTESIAN_POINT('',(1.554418453544,27.810823801704));
#10849 = CARTESIAN_POINT('',(1.557594258391,27.745608186332));
#10850 = CARTESIAN_POINT('',(1.560429498894,27.680327191638));
#10851 = CARTESIAN_POINT('',(1.562924204587,27.614982078827));
#10852 = CARTESIAN_POINT('',(1.565078361995,27.549568141194));
#10853 = CARTESIAN_POINT('',(1.566891923071,27.484102944357));
#10854 = CARTESIAN_POINT('',(1.568365123696,27.418312364376));
#10855 = CARTESIAN_POINT('',(1.569497787374,27.352427859227));
#10856 = CARTESIAN_POINT('',(1.57028978441,27.28662143587));
#10857 = CARTESIAN_POINT('',(1.570740984273,27.221050773458));
#10858 = CARTESIAN_POINT('',(1.570851199575,27.15599031339));
#10859 = CARTESIAN_POINT('',(1.570620459568,27.091261775883));
#10860 = CARTESIAN_POINT('',(1.570048967967,27.026507002176));
#10861 = CARTESIAN_POINT('',(1.569136711183,26.96182196062));
#10862 = CARTESIAN_POINT('',(1.56788373009,26.897180936573));
#10863 = CARTESIAN_POINT('',(1.566290042376,26.832590820252));
#10864 = CARTESIAN_POINT('',(1.564355660012,26.768049765431));
#10865 = CARTESIAN_POINT('',(1.562080582791,26.703558266794));
#10866 = CARTESIAN_POINT('',(1.559464799579,26.639116191832));
#10867 = CARTESIAN_POINT('',(1.556508289766,26.574723575899));
#10868 = CARTESIAN_POINT('',(1.553211023327,26.510380410086));
#10869 = CARTESIAN_POINT('',(1.549572973361,26.446086694677));
#10870 = CARTESIAN_POINT('',(1.545594087248,26.381842437442));
#10871 = CARTESIAN_POINT('',(1.54127444232,26.317647607016));
#10872 = CARTESIAN_POINT('',(1.53661411752,26.253502321092));
#10873 = CARTESIAN_POINT('',(1.531613068332,26.189406140265));
#10874 = CARTESIAN_POINT('',(1.526271464086,26.125360704457));
#10875 = CARTESIAN_POINT('',(1.520588461941,26.061359893387));
#10876 = CARTESIAN_POINT('',(1.514566857805,25.997426548265));
#10877 = CARTESIAN_POINT('',(1.508196516517,25.933475424532));
#10878 = CARTESIAN_POINT('',(1.501515378058,25.869824659213));
#10879 = CARTESIAN_POINT('',(1.494547948641,25.806684210703));
#10880 = CARTESIAN_POINT('',(1.487002235838,25.741573657907));
#10881 = CARTESIAN_POINT('',(1.478948884906,25.675174099188));
#10882 = CARTESIAN_POINT('',(1.470628689264,25.609590640198));
#10883 = CARTESIAN_POINT('',(1.461978059442,25.544259219578));
#10884 = CARTESIAN_POINT('',(1.453014750149,25.479330977114));
#10885 = CARTESIAN_POINT('',(1.44373450045,25.414765415021));
#10886 = CARTESIAN_POINT('',(1.434138726052,25.350573384647));
#10887 = CARTESIAN_POINT('',(1.424227095759,25.286751978393));
#10888 = CARTESIAN_POINT('',(1.413999524987,25.223301975302));
#10889 = CARTESIAN_POINT('',(1.403455622836,25.160223166803));
#10890 = CARTESIAN_POINT('',(1.392594914144,25.097515608138));
#10891 = CARTESIAN_POINT('',(1.381416514546,25.03517928691));
#10892 = CARTESIAN_POINT('',(1.369920225337,24.973214197463));
#10893 = CARTESIAN_POINT('',(1.358107363513,24.911620374822));
#10894 = CARTESIAN_POINT('',(1.345978072724,24.850397684546));
#10895 = CARTESIAN_POINT('',(1.333532586675,24.789546629368));
#10896 = CARTESIAN_POINT('',(1.320770256555,24.729065332796));
#10897 = CARTESIAN_POINT('',(1.307692169544,24.66896079806));
#10898 = CARTESIAN_POINT('',(1.294292175416,24.609206888733));
#10899 = CARTESIAN_POINT('',(1.280595054017,24.5499011473));
#10900 = CARTESIAN_POINT('',(1.266508868742,24.490679540248));
#10901 = CARTESIAN_POINT('',(1.252375704238,24.432900659141));
#10902 = CARTESIAN_POINT('',(1.23726620532,24.372815253357));
#10903 = CARTESIAN_POINT('',(1.219179180624,24.303116236871));
#10904 = CARTESIAN_POINT('',(1.201516485369,24.237342250028));
#10905 = CARTESIAN_POINT('',(1.183369862575,24.17186562508));
#10906 = CARTESIAN_POINT('',(1.164985208225,24.107658392671));
#10907 = CARTESIAN_POINT('',(1.146298406417,24.044460097976));
#10908 = CARTESIAN_POINT('',(1.127327635232,23.98234052965));
#10909 = CARTESIAN_POINT('',(1.108068227211,23.921280987894));
#10910 = CARTESIAN_POINT('',(1.088520849453,23.86128648325));
#10911 = CARTESIAN_POINT('',(1.06868386088,23.802355673353));
#10912 = CARTESIAN_POINT('',(1.048555652973,23.744488917119));
#10913 = CARTESIAN_POINT('',(1.028132892866,23.687686121248));
#10914 = CARTESIAN_POINT('',(1.007415188772,23.631947300024));
#10915 = CARTESIAN_POINT('',(0.986407135233,23.57727248961));
#10916 = CARTESIAN_POINT('',(0.965108900652,23.523661531072));
#10917 = CARTESIAN_POINT('',(0.94352117727,23.471115023982));
#10918 = CARTESIAN_POINT('',(0.921642288456,23.419630728986));
#10919 = CARTESIAN_POINT('',(0.89947469813,23.369217003933));
#10920 = CARTESIAN_POINT('',(0.877003308763,23.319842656778));
#10921 = CARTESIAN_POINT('',(0.854289593777,23.271624097849));
#10922 = CARTESIAN_POINT('',(0.831105530442,23.224126877882));
#10923 = CARTESIAN_POINT('',(0.808299470791,23.1789723836));
#10924 = CARTESIAN_POINT('',(0.783696982787,23.131899992957));
#10925 = CARTESIAN_POINT('',(0.751990611428,23.073902325615));
#10926 = CARTESIAN_POINT('',(0.721980451833,23.021846190551));
#10927 = CARTESIAN_POINT('',(0.691310086224,22.971212045029));
#10928 = CARTESIAN_POINT('',(0.660611854116,22.923211251013));
#10929 = CARTESIAN_POINT('',(0.629714575759,22.877517903386));
#10930 = CARTESIAN_POINT('',(0.598666736478,22.834224260647));
#10931 = CARTESIAN_POINT('',(0.567437316471,22.79328719392));
#10932 = CARTESIAN_POINT('',(0.536105913379,22.754786960206));
#10933 = CARTESIAN_POINT('',(0.504388203728,22.718445660386));
#10934 = CARTESIAN_POINT('',(0.4733398861,22.685294633948));
#10935 = CARTESIAN_POINT('',(0.440337039737,22.652688567937));
#10936 = CARTESIAN_POINT('',(0.398577070218,22.614857252796));
#10937 = CARTESIAN_POINT('',(0.359233290711,22.582758690039));
#10938 = CARTESIAN_POINT('',(0.319289987335,22.553463879438));
#10939 = CARTESIAN_POINT('',(0.279533677331,22.527764831667));
#10940 = CARTESIAN_POINT('',(0.239732200406,22.505456515532));
#10941 = CARTESIAN_POINT('',(0.199926309975,22.486601056406));
#10942 = CARTESIAN_POINT('',(0.160083422849,22.471188995267));
#10943 = CARTESIAN_POINT('',(0.120190237266,22.459230054105));
#10944 = CARTESIAN_POINT('',(8.022773183607E-02,22.45072881525));
#10945 = CARTESIAN_POINT('',(4.017779621121E-02,22.44569123867));
#10946 = CARTESIAN_POINT('',(1.340659128963E-02,22.444645688512));
#10947 = CARTESIAN_POINT('',(0.,22.444702071163));
#10948 = ( GEOMETRIC_REPRESENTATION_CONTEXT(2) 
PARAMETRIC_REPRESENTATION_CONTEXT() REPRESENTATION_CONTEXT('2D SPACE',''
  ) );
#10949 = PCURVE('',#10950,#10955);
#10950 = CYLINDRICAL_SURFACE('',#10951,8.);
#10951 = AXIS2_PLACEMENT_3D('',#10952,#10953,#10954);
#10952 = CARTESIAN_POINT('',(5.E-03,-267.9,-300.));
#10953 = DIRECTION('',(0.,0.,1.));
#10954 = DIRECTION('',(1.,0.,-0.));
#10955 = DEFINITIONAL_REPRESENTATION('',(#10956),#11136);
#10956 = B_SPLINE_CURVE_WITH_KNOTS('',3,(#10957,#10958,#10959,#10960,
    #10961,#10962,#10963,#10964,#10965,#10966,#10967,#10968,#10969,
    #10970,#10971,#10972,#10973,#10974,#10975,#10976,#10977,#10978,
    #10979,#10980,#10981,#10982,#10983,#10984,#10985,#10986,#10987,
    #10988,#10989,#10990,#10991,#10992,#10993,#10994,#10995,#10996,
    #10997,#10998,#10999,#11000,#11001,#11002,#11003,#11004,#11005,
    #11006,#11007,#11008,#11009,#11010,#11011,#11012,#11013,#11014,
    #11015,#11016,#11017,#11018,#11019,#11020,#11021,#11022,#11023,
    #11024,#11025,#11026,#11027,#11028,#11029,#11030,#11031,#11032,
    #11033,#11034,#11035,#11036,#11037,#11038,#11039,#11040,#11041,
    #11042,#11043,#11044,#11045,#11046,#11047,#11048,#11049,#11050,
    #11051,#11052,#11053,#11054,#11055,#11056,#11057,#11058,#11059,
    #11060,#11061,#11062,#11063,#11064,#11065,#11066,#11067,#11068,
    #11069,#11070,#11071,#11072,#11073,#11074,#11075,#11076,#11077,
    #11078,#11079,#11080,#11081,#11082,#11083,#11084,#11085,#11086,
    #11087,#11088,#11089,#11090,#11091,#11092,#11093,#11094,#11095,
    #11096,#11097,#11098,#11099,#11100,#11101,#11102,#11103,#11104,
    #11105,#11106,#11107,#11108,#11109,#11110,#11111,#11112,#11113,
    #11114,#11115,#11116,#11117,#11118,#11119,#11120,#11121,#11122,
    #11123,#11124,#11125,#11126,#11127,#11128,#11129,#11130,#11131,
    #11132,#11133,#11134,#11135),.UNSPECIFIED.,.F.,.F.,(4,1,1,1,1,1,1,1,
    1,1,1,1,1,1,1,1,1,1,1,1,1,1,1,1,1,1,1,1,1,1,1,1,1,1,1,1,1,1,1,1,1,1,
    1,1,1,1,1,1,1,1,1,1,1,1,1,1,1,1,1,1,1,1,1,1,1,1,1,1,1,1,1,1,1,1,1,1,
    1,1,1,1,1,1,1,1,1,1,1,1,1,1,1,1,1,1,1,1,1,1,1,1,1,1,1,1,1,1,1,1,1,1,
    1,1,1,1,1,1,1,1,1,1,1,1,1,1,1,1,1,1,1,1,1,1,1,1,1,1,1,1,1,1,1,1,1,1,
    1,1,1,1,1,1,1,1,1,1,1,1,1,1,1,1,1,1,1,1,1,1,1,1,1,1,1,1,1,1,1,1,4),(
    0.751106263078,0.753944874679,0.75678348628,0.759622097881,
    0.762460709482,0.765299321083,0.768137932684,0.770976544285,
    0.773815155886,0.776653767487,0.779492379088,0.782330990689,
    0.78516960229,0.788008213891,0.790846825492,0.793685437093,
    0.796524048694,0.799362660295,0.802201271895,0.805039883496,
    0.807878495097,0.810717106698,0.813555718299,0.8163943299,
    0.819232941501,0.822071553102,0.824910164703,0.827748776304,
    0.830587387905,0.833425999506,0.836264611107,0.839103222708,
    0.841941834309,0.84478044591,0.847619057511,0.850457669112,
    0.853296280713,0.856134892314,0.858973503915,0.861812115516,
    0.864650727117,0.867489338718,0.870327950319,0.87316656192,
    0.876005173521,0.878843785122,0.881682396723,0.884521008324,
    0.887359619925,0.890198231526,0.893036843127,0.895875454728,
    0.898714066329,0.901552677929,0.90439128953,0.907229901131,
    0.910068512732,0.912907124333,0.915745735934,0.918584347535,
    0.921422959136,0.924261570737,0.927100182338,0.929938793939,
    0.93277740554,0.935616017141,0.938454628742,0.941293240343,
    0.944131851944,0.946970463545,0.949809075146,0.952647686747,
    0.955486298348,0.958324909949,0.96116352155,0.964002133151,
    0.966840744752,0.969679356353,0.972517967954,0.975356579555,
    0.978195191156,0.981033802757,0.983872414358,0.986711025959,
    0.98954963756,0.992388249161,0.995226860762,0.998065472363,
    1.000904083963,1.003742695564,1.006581307165,1.009419918766,
    1.012258530367,1.015097141968,1.017935753569,1.02077436517,
    1.023612976771,1.026451588372,1.029290199973,1.032128811574,
    1.034967423175,1.037806034776,1.040644646377,1.043483257978,
    1.046321869579,1.04916048118,1.051999092781,1.054837704382,
    1.057676315983,1.060514927584,1.063353539185,1.066192150786,
    1.069030762387,1.071869373988,1.074707985589,1.07754659719,
    1.080385208791,1.083223820392,1.086062431993,1.088901043594,
    1.091739655195,1.094578266796,1.097416878397,1.100255489998,
    1.103094101598,1.105932713199,1.1087713248,1.111609936401,
    1.114448548002,1.117287159603,1.120125771204,1.122964382805,
    1.125802994406,1.128641606007,1.131480217608,1.134318829209,
    1.13715744081,1.139996052411,1.142834664012,1.145673275613,
    1.148511887214,1.151350498815,1.154189110416,1.157027722017,
    1.159866333618,1.162704945219,1.16554355682,1.168382168421,
    1.171220780022,1.174059391623,1.176898003224,1.179736614825,
    1.182575226426,1.185413838027,1.188252449628,1.191091061229,
    1.19392967283,1.196768284431,1.199606896032,1.202445507632,
    1.205284119233,1.208122730834,1.210961342435,1.213799954036,
    1.216638565637,1.219477177238,1.222315788839,1.22515440044,
    1.227993012041,1.230831623642,1.233670235243,1.236508846844,
    1.239347458445,1.242186070046,1.245024681647,1.247863293248,
    1.250701904849),.QUASI_UNIFORM_KNOTS.);
#10957 = CARTESIAN_POINT('',(5.345446004584,79.5000000193));
#10958 = CARTESIAN_POINT('',(5.345436835574,79.520879288117));
#10959 = CARTESIAN_POINT('',(5.345232459948,79.562794549237));
#10960 = CARTESIAN_POINT('',(5.344364298689,79.626025306113));
#10961 = CARTESIAN_POINT('',(5.342931627223,79.689494024514));
#10962 = CARTESIAN_POINT('',(5.340929529015,79.753107395214));
#10963 = CARTESIAN_POINT('',(5.338360593948,79.816673329617));
#10964 = CARTESIAN_POINT('',(5.335199687569,79.880368262167));
#10965 = CARTESIAN_POINT('',(5.331666017427,79.940890238664));
#10966 = CARTESIAN_POINT('',(5.327736838417,79.998932630144));
#10967 = CARTESIAN_POINT('',(5.323418839044,80.054703432459));
#10968 = CARTESIAN_POINT('',(5.318702511533,80.108567189804));
#10969 = CARTESIAN_POINT('',(5.313612919573,80.160747628182));
#10970 = CARTESIAN_POINT('',(5.308052097245,80.211875198019));
#10971 = CARTESIAN_POINT('',(5.302214914875,80.260483557264));
#10972 = CARTESIAN_POINT('',(5.296673802512,80.302663837763));
#10973 = CARTESIAN_POINT('',(5.290931263046,80.342937083156));
#10974 = CARTESIAN_POINT('',(5.28483106692,80.382521799804));
#10975 = CARTESIAN_POINT('',(5.278418234997,80.421054395772));
#10976 = CARTESIAN_POINT('',(5.271682675423,80.458601282997));
#10977 = CARTESIAN_POINT('',(5.264633492887,80.495103549786));
#10978 = CARTESIAN_POINT('',(5.257258136272,80.530586168658));
#10979 = CARTESIAN_POINT('',(5.24961134671,80.564867090602));
#10980 = CARTESIAN_POINT('',(5.241500382255,80.598522392586));
#10981 = CARTESIAN_POINT('',(5.23541001367,80.622248753835));
#10982 = CARTESIAN_POINT('',(5.228602567125,80.647455038037));
#10983 = CARTESIAN_POINT('',(5.221813781533,80.671100096152));
#10984 = CARTESIAN_POINT('',(5.214848630988,80.694014648512));
#10985 = CARTESIAN_POINT('',(5.207761418436,80.715991950693));
#10986 = CARTESIAN_POINT('',(5.2005395682,80.737103247911));
#10987 = CARTESIAN_POINT('',(5.193188351928,80.757345291583));
#10988 = CARTESIAN_POINT('',(5.18570818214,80.776734818689));
#10989 = CARTESIAN_POINT('',(5.178100702043,80.795283117748));
#10990 = CARTESIAN_POINT('',(5.170367122801,80.813003285561));
#10991 = CARTESIAN_POINT('',(5.162508774785,80.829906634266));
#10992 = CARTESIAN_POINT('',(5.154526555595,80.846009806368));
#10993 = CARTESIAN_POINT('',(5.146420877211,80.861334359012));
#10994 = CARTESIAN_POINT('',(5.138192479712,80.875896608813));
#10995 = CARTESIAN_POINT('',(5.129841885195,80.889714342605));
#10996 = CARTESIAN_POINT('',(5.12136993459,80.902804706882));
#10997 = CARTESIAN_POINT('',(5.112776185991,80.915185939275));
#10998 = CARTESIAN_POINT('',(5.104064691477,80.926873267586));
#10999 = CARTESIAN_POINT('',(5.095221712523,80.937899156413));
#11000 = CARTESIAN_POINT('',(5.086299832984,80.948230787246));
#11001 = CARTESIAN_POINT('',(5.077104013401,80.958079013104));
#11002 = CARTESIAN_POINT('',(5.068273485365,80.966816969981));
#11003 = CARTESIAN_POINT('',(5.06069764927,80.973796620832));
#11004 = CARTESIAN_POINT('',(5.052753779202,80.980645197676));
#11005 = CARTESIAN_POINT('',(5.044876553659,80.986950204609));
#11006 = CARTESIAN_POINT('',(5.036949343383,80.992845689135));
#11007 = CARTESIAN_POINT('',(5.029003213519,80.998319253058));
#11008 = CARTESIAN_POINT('',(5.02102962633,81.003397737565));
#11009 = CARTESIAN_POINT('',(5.013030627413,81.008097472016));
#11010 = CARTESIAN_POINT('',(5.005005397384,81.012437593695));
#11011 = CARTESIAN_POINT('',(4.996953858249,81.016436520019));
#11012 = CARTESIAN_POINT('',(4.988875695613,81.020112739944));
#11013 = CARTESIAN_POINT('',(4.980770662901,81.023485176145));
#11014 = CARTESIAN_POINT('',(4.972638341726,81.02657094487));
#11015 = CARTESIAN_POINT('',(4.964478179738,81.029384086591));
#11016 = CARTESIAN_POINT('',(4.956289734714,81.031940458288));
#11017 = CARTESIAN_POINT('',(4.948072583389,81.034255447951));
#11018 = CARTESIAN_POINT('',(4.93982608257,81.036344503025));
#11019 = CARTESIAN_POINT('',(4.931550416974,81.038223302128));
#11020 = CARTESIAN_POINT('',(4.923242626945,81.039905704594));
#11021 = CARTESIAN_POINT('',(4.914911287225,81.041404293718));
#11022 = CARTESIAN_POINT('',(4.906521950428,81.042736302076));
#11023 = CARTESIAN_POINT('',(4.898057200178,81.04391659286));
#11024 = CARTESIAN_POINT('',(4.889765482204,81.044928533019));
#11025 = CARTESIAN_POINT('',(4.881617848591,81.045795962822));
#11026 = CARTESIAN_POINT('',(4.873435351667,81.046555222599));
#11027 = CARTESIAN_POINT('',(4.865265303,81.047207705516));
#11028 = CARTESIAN_POINT('',(4.857094383234,81.047764168721));
#11029 = CARTESIAN_POINT('',(4.848925514342,81.04823286059));
#11030 = CARTESIAN_POINT('',(4.840757262033,81.04862270061));
#11031 = CARTESIAN_POINT('',(4.832589355148,81.048942432593));
#11032 = CARTESIAN_POINT('',(4.824421206935,81.049200831943));
#11033 = CARTESIAN_POINT('',(4.816252311824,81.049406723371));
#11034 = CARTESIAN_POINT('',(4.808082138296,81.049568702768));
#11035 = CARTESIAN_POINT('',(4.799910161915,81.049696231995));
#11036 = CARTESIAN_POINT('',(4.791735841601,81.049795537852));
#11037 = CARTESIAN_POINT('',(4.783558646642,81.049868424978));
#11038 = CARTESIAN_POINT('',(4.775378002431,81.049919925527));
#11039 = CARTESIAN_POINT('',(4.767193533077,81.049954232095));
#11040 = CARTESIAN_POINT('',(4.759004117933,81.049975667997));
#11041 = CARTESIAN_POINT('',(4.750811424213,81.049988873227));
#11042 = CARTESIAN_POINT('',(4.742580661546,81.049996720276));
#11043 = CARTESIAN_POINT('',(4.734340213609,81.050000312335));
#11044 = CARTESIAN_POINT('',(4.726111069243,81.05000106858));
#11045 = CARTESIAN_POINT('',(4.717912432661,81.050000542249));
#11046 = CARTESIAN_POINT('',(4.709778102863,81.049999434351));
#11047 = CARTESIAN_POINT('',(4.701685254185,81.050001720747));
#11048 = CARTESIAN_POINT('',(4.693588562706,81.050006925812));
#11049 = CARTESIAN_POINT('',(4.68549948243,81.050011291272));
#11050 = CARTESIAN_POINT('',(4.677414251495,81.050011938355));
#11051 = CARTESIAN_POINT('',(4.66933318312,81.05000575293));
#11052 = CARTESIAN_POINT('',(4.661255496881,81.049989682802));
#11053 = CARTESIAN_POINT('',(4.653180703929,81.049960663393));
#11054 = CARTESIAN_POINT('',(4.645108236098,81.04991561772));
#11055 = CARTESIAN_POINT('',(4.637037545512,81.049851530801));
#11056 = CARTESIAN_POINT('',(4.628968078284,81.049765152052));
#11057 = CARTESIAN_POINT('',(4.62089928135,81.049654111305));
#11058 = CARTESIAN_POINT('',(4.612830602671,81.049512752328));
#11059 = CARTESIAN_POINT('',(4.604761490533,81.049330976326));
#11060 = CARTESIAN_POINT('',(4.596691413904,81.049101964394));
#11061 = CARTESIAN_POINT('',(4.588619772942,81.048818038804));
#11062 = CARTESIAN_POINT('',(4.580546234715,81.048471677227));
#11063 = CARTESIAN_POINT('',(4.572469481004,81.048055594569));
#11064 = CARTESIAN_POINT('',(4.564391885648,81.047560364125));
#11065 = CARTESIAN_POINT('',(4.55630209226,81.046974747807));
#11066 = CARTESIAN_POINT('',(4.548240014747,81.046294374324));
#11067 = CARTESIAN_POINT('',(4.540231842287,81.045511641168));
#11068 = CARTESIAN_POINT('',(4.531961864205,81.044576577454));
#11069 = CARTESIAN_POINT('',(4.523515813119,81.043485519416));
#11070 = CARTESIAN_POINT('',(4.515160488741,81.042254866103));
#11071 = CARTESIAN_POINT('',(4.506823833059,81.04086271921));
#11072 = CARTESIAN_POINT('',(4.498524583186,81.03929744211));
#11073 = CARTESIAN_POINT('',(4.490257146644,81.037544648809));
#11074 = CARTESIAN_POINT('',(4.482022449364,81.035590689109));
#11075 = CARTESIAN_POINT('',(4.473819670284,81.033421718989));
#11076 = CARTESIAN_POINT('',(4.465648456788,81.031023933931));
#11077 = CARTESIAN_POINT('',(4.457508330101,81.028383565224));
#11078 = CARTESIAN_POINT('',(4.44939884994,81.025486661427));
#11079 = CARTESIAN_POINT('',(4.44131955214,81.022319966209));
#11080 = CARTESIAN_POINT('',(4.433270035036,81.018867625532));
#11081 = CARTESIAN_POINT('',(4.425250032322,81.015110692735));
#11082 = CARTESIAN_POINT('',(4.417259209635,81.011032791184));
#11083 = CARTESIAN_POINT('',(4.409297347251,81.006616946033));
#11084 = CARTESIAN_POINT('',(4.40136392344,81.001846005255));
#11085 = CARTESIAN_POINT('',(4.393459598421,80.996704123754));
#11086 = CARTESIAN_POINT('',(4.385580735136,80.991169779788));
#11087 = CARTESIAN_POINT('',(4.377740214925,80.98523699516));
#11088 = CARTESIAN_POINT('',(4.369889406054,80.97884218486));
#11089 = CARTESIAN_POINT('',(4.362209364578,80.972136712105));
#11090 = CARTESIAN_POINT('',(4.354201135035,80.964651216141));
#11091 = CARTESIAN_POINT('',(4.344882317753,80.955247047727));
#11092 = CARTESIAN_POINT('',(4.33605724042,80.945588109651));
#11093 = CARTESIAN_POINT('',(4.327242763846,80.935204852017));
#11094 = CARTESIAN_POINT('',(4.318568712021,80.924199381881));
#11095 = CARTESIAN_POINT('',(4.310000704518,80.912520631179));
#11096 = CARTESIAN_POINT('',(4.301548398342,80.900158575369));
#11097 = CARTESIAN_POINT('',(4.29320968943,80.88709219095));
#11098 = CARTESIAN_POINT('',(4.284985665915,80.873303406726));
#11099 = CARTESIAN_POINT('',(4.276876594515,80.858773341243));
#11100 = CARTESIAN_POINT('',(4.268883022514,80.843483401776));
#11101 = CARTESIAN_POINT('',(4.261005384066,80.82741465094));
#11102 = CARTESIAN_POINT('',(4.253244473509,80.810549241263));
#11103 = CARTESIAN_POINT('',(4.245601609634,80.792872792646));
#11104 = CARTESIAN_POINT('',(4.238077828347,80.774369738964));
#11105 = CARTESIAN_POINT('',(4.230674413347,80.755025195152));
#11106 = CARTESIAN_POINT('',(4.223392285294,80.734822737925));
#11107 = CARTESIAN_POINT('',(4.216233906271,80.713751415822));
#11108 = CARTESIAN_POINT('',(4.209196386614,80.691781179141));
#11109 = CARTESIAN_POINT('',(4.202298243219,80.668966178821));
#11110 = CARTESIAN_POINT('',(4.195478409294,80.645047535594));
#11111 = CARTESIAN_POINT('',(4.188973139574,80.620934831984));
#11112 = CARTESIAN_POINT('',(4.182170195834,80.594296296365));
#11113 = CARTESIAN_POINT('',(4.173753873446,80.558972615839));
#11114 = CARTESIAN_POINT('',(4.166163561651,80.524502097707));
#11115 = CARTESIAN_POINT('',(4.158748829789,80.48835309624));
#11116 = CARTESIAN_POINT('',(4.151687282293,80.451228637884));
#11117 = CARTESIAN_POINT('',(4.144934452662,80.412963013411));
#11118 = CARTESIAN_POINT('',(4.13850640213,80.373630784113));
#11119 = CARTESIAN_POINT('',(4.132399452209,80.333217811079));
#11120 = CARTESIAN_POINT('',(4.126628545477,80.291860636265));
#11121 = CARTESIAN_POINT('',(4.121154075726,80.249191422228));
#11122 = CARTESIAN_POINT('',(4.116136316426,80.206710828852));
#11123 = CARTESIAN_POINT('',(4.111172780781,80.160834311098));
#11124 = CARTESIAN_POINT('',(4.105401990442,80.101741691731));
#11125 = CARTESIAN_POINT('',(4.100499667281,80.045051916527));
#11126 = CARTESIAN_POINT('',(4.096019593082,79.986667002209));
#11127 = CARTESIAN_POINT('',(4.092084011809,79.92777210072));
#11128 = CARTESIAN_POINT('',(4.08866277322,79.868136752183));
#11129 = CARTESIAN_POINT('',(4.085766515786,79.807909808772));
#11130 = CARTESIAN_POINT('',(4.083394928739,79.747138486287));
#11131 = CARTESIAN_POINT('',(4.081550635241,79.685897233963));
#11132 = CARTESIAN_POINT('',(4.080235488156,79.624253203677));
#11133 = CARTESIAN_POINT('',(4.079451569851,79.562275503299));
#11134 = CARTESIAN_POINT('',(4.079284482024,79.52078031049));
#11135 = CARTESIAN_POINT('',(4.079290163339,79.4999999879));
#11136 = ( GEOMETRIC_REPRESENTATION_CONTEXT(2) 
PARAMETRIC_REPRESENTATION_CONTEXT() REPRESENTATION_CONTEXT('2D SPACE',''
  ) );
#11137 = ORIENTED_EDGE('',*,*,#11138,.F.);
#11138 = EDGE_CURVE('',#11139,#10687,#11141,.T.);
#11139 = VERTEX_POINT('',#11140);
#11140 = CARTESIAN_POINT('',(-9.09518163918,-274.3482248837,
    -220.4999999999));
#11141 = SEAM_CURVE('',#11142,(#11146,#11153),.PCURVE_S1.);
#11142 = LINE('',#11143,#11144);
#11143 = CARTESIAN_POINT('',(-27.17187239093,-274.3482204811,
    -220.4999999999));
#11144 = VECTOR('',#11145,1.);
#11145 = DIRECTION('',(1.,-2.435520001868E-07,3.064102027429E-16));
#11146 = PCURVE('',#10648,#11147);
#11147 = DEFINITIONAL_REPRESENTATION('',(#11148),#11152);
#11148 = LINE('',#11149,#11150);
#11149 = CARTESIAN_POINT('',(0.,4.050093593833E-13));
#11150 = VECTOR('',#11151,1.);
#11151 = DIRECTION('',(0.,1.));
#11152 = ( GEOMETRIC_REPRESENTATION_CONTEXT(2) 
PARAMETRIC_REPRESENTATION_CONTEXT() REPRESENTATION_CONTEXT('2D SPACE',''
  ) );
#11153 = PCURVE('',#10648,#11154);
#11154 = DEFINITIONAL_REPRESENTATION('',(#11155),#11159);
#11155 = LINE('',#11156,#11157);
#11156 = CARTESIAN_POINT('',(6.28318530718,4.050093593833E-13));
#11157 = VECTOR('',#11158,1.);
#11158 = DIRECTION('',(0.,1.));
#11159 = ( GEOMETRIC_REPRESENTATION_CONTEXT(2) 
PARAMETRIC_REPRESENTATION_CONTEXT() REPRESENTATION_CONTEXT('2D SPACE',''
  ) );
#11160 = ORIENTED_EDGE('',*,*,#11161,.T.);
#11161 = EDGE_CURVE('',#11139,#11139,#11162,.T.);
#11162 = SURFACE_CURVE('',#11163,(#11168,#11175),.PCURVE_S1.);
#11163 = CIRCLE('',#11164,1.55);
#11164 = AXIS2_PLACEMENT_3D('',#11165,#11166,#11167);
#11165 = CARTESIAN_POINT('',(-9.095182016685,-275.8982248837,
    -220.4999999999));
#11166 = DIRECTION('',(1.,-2.43552000073E-07,0.));
#11167 = DIRECTION('',(2.43552000073E-07,1.,0.));
#11168 = PCURVE('',#10648,#11169);
#11169 = DEFINITIONAL_REPRESENTATION('',(#11170),#11174);
#11170 = LINE('',#11171,#11172);
#11171 = CARTESIAN_POINT('',(-2.100541962591E-13,18.076690751754));
#11172 = VECTOR('',#11173,1.);
#11173 = DIRECTION('',(1.,0.));
#11174 = ( GEOMETRIC_REPRESENTATION_CONTEXT(2) 
PARAMETRIC_REPRESENTATION_CONTEXT() REPRESENTATION_CONTEXT('2D SPACE',''
  ) );
#11175 = PCURVE('',#949,#11176);
#11176 = DEFINITIONAL_REPRESENTATION('',(#11177),#11185);
#11177 = ( BOUNDED_CURVE() B_SPLINE_CURVE(2,(#11178,#11179,#11180,#11181
    ,#11182,#11183,#11184),.UNSPECIFIED.,.T.,.F.) 
B_SPLINE_CURVE_WITH_KNOTS((1,2,2,2,2,1),(-2.094395102393,0.,
    2.094395102393,4.188790204786,6.28318530718,8.377580409573),
.UNSPECIFIED.) CURVE() GEOMETRIC_REPRESENTATION_ITEM() 
RATIONAL_B_SPLINE_CURVE((1.,0.5,1.,0.5,1.,0.5,1.)) REPRESENTATION_ITEM(
  '') );
#11178 = CARTESIAN_POINT('',(-3.54999999543,-5.5));
#11179 = CARTESIAN_POINT('',(-3.54999999543,-2.815321248268));
#11180 = CARTESIAN_POINT('',(-1.22499999543,-4.157660624134));
#11181 = CARTESIAN_POINT('',(1.10000000457,-5.5));
#11182 = CARTESIAN_POINT('',(-1.22499999543,-6.842339375866));
#11183 = CARTESIAN_POINT('',(-3.54999999543,-8.184678751732));
#11184 = CARTESIAN_POINT('',(-3.54999999543,-5.5));
#11185 = ( GEOMETRIC_REPRESENTATION_CONTEXT(2) 
PARAMETRIC_REPRESENTATION_CONTEXT() REPRESENTATION_CONTEXT('2D SPACE',''
  ) );
#11186 = ORIENTED_EDGE('',*,*,#11138,.T.);
#11187 = ORIENTED_EDGE('',*,*,#11188,.T.);
#11188 = EDGE_CURVE('',#10687,#10664,#11189,.T.);
#11189 = SURFACE_CURVE('',#11190,(#11268,#11451),.PCURVE_S1.);
#11190 = B_SPLINE_CURVE_WITH_KNOTS('',3,(#11191,#11192,#11193,#11194,
    #11195,#11196,#11197,#11198,#11199,#11200,#11201,#11202,#11203,
    #11204,#11205,#11206,#11207,#11208,#11209,#11210,#11211,#11212,
    #11213,#11214,#11215,#11216,#11217,#11218,#11219,#11220,#11221,
    #11222,#11223,#11224,#11225,#11226,#11227,#11228,#11229,#11230,
    #11231,#11232,#11233,#11234,#11235,#11236,#11237,#11238,#11239,
    #11240,#11241,#11242,#11243,#11244,#11245,#11246,#11247,#11248,
    #11249,#11250,#11251,#11252,#11253,#11254,#11255,#11256,#11257,
    #11258,#11259,#11260,#11261,#11262,#11263,#11264,#11265,#11266,
    #11267),.UNSPECIFIED.,.F.,.F.,(4,2,2,2,1,2,1,2,2,2,2,1,2,2,2,2,2,2,2
    ,2,2,2,2,2,2,2,1,2,2,2,2,1,1,2,2,1,2,2,2,2,2,4),(0.250701904849,
    0.266339541043,0.281977177238,0.289795995335,0.297614813433,
    0.30543363153,0.309343040579,0.311297745103,0.313252449627,
    0.344527722017,0.360165358211,0.367984176309,0.371893585357,
    0.375802994406,0.407078266795,0.42271590299,0.430534721087,
    0.438353539185,0.469628811574,0.500904083963,0.532179356353,
    0.547816992547,0.555635810645,0.563454628742,0.594729901131,
    0.610367537326,0.618186355423,0.622095764472,0.626005173521,
    0.65728044591,0.672918082105,0.680736900202,0.684646309251,
    0.686601013775,0.687578366037,0.6885557183,0.704193354494,
    0.712012172592,0.713966877116,0.71592158164,0.719830990689,
    0.751106263078),.UNSPECIFIED.);
#11191 = CARTESIAN_POINT('',(-4.72717031977,-274.3482259476,
    -220.5000000121));
#11192 = CARTESIAN_POINT('',(-4.72685971321,-274.3482259486,
    -220.6144767952));
#11193 = CARTESIAN_POINT('',(-4.707938964163,-274.3609632244,
    -220.7314820167));
#11194 = CARTESIAN_POINT('',(-4.632877181744,-274.4145631663,
    -220.9642254862));
#11195 = CARTESIAN_POINT('',(-4.583076568574,-274.4512366471,
    -221.0653731209));
#11196 = CARTESIAN_POINT('',(-4.487583292188,-274.5179907907,
    -221.2072354461));
#11197 = CARTESIAN_POINT('',(-4.450670781463,-274.5431985572,
    -221.2538749268));
#11198 = CARTESIAN_POINT('',(-4.383346785621,-274.5880350992,
    -221.3293530839));
#11199 = CARTESIAN_POINT('',(-4.31010223771,-274.635825237,
    -221.4024970793));
#11200 = CARTESIAN_POINT('',(-4.225016585523,-274.6889708756,
    -221.4705887365));
#11201 = CARTESIAN_POINT('',(-4.156761932229,-274.7306260341,
    -221.5196422278));
#11202 = CARTESIAN_POINT('',(-4.121524502043,-274.7519025228,
    -221.5436655243));
#11203 = CARTESIAN_POINT('',(-4.084621916539,-274.7738120524,
    -221.5669142846));
#11204 = CARTESIAN_POINT('',(-4.059650158354,-274.7885545775,
    -221.5822394097));
#11205 = CARTESIAN_POINT('',(-4.045971698414,-274.7965788673,
    -221.5903876261));
#11206 = CARTESIAN_POINT('',(-3.871493189095,-274.8984923094,
    -221.6922335201));
#11207 = CARTESIAN_POINT('',(-3.685353333018,-275.0003346304,
    -221.7688863215));
#11208 = CARTESIAN_POINT('',(-3.373256363591,-275.15135113,
    -221.8594568609));
#11209 = CARTESIAN_POINT('',(-3.263742842906,-275.2014399632,
    -221.8856119797));
#11210 = CARTESIAN_POINT('',(-3.091250765331,-275.2752302391,
    -221.9195452763));
#11211 = CARTESIAN_POINT('',(-3.002949277407,-275.311793301,
    -221.9351884548));
#11212 = CARTESIAN_POINT('',(-2.911564615742,-275.3477086006,
    -221.9489965562));
#11213 = CARTESIAN_POINT('',(-2.849956358241,-275.3714936446,
    -221.9578111865));
#11214 = CARTESIAN_POINT('',(-2.816978065113,-275.3839778772,
    -221.9622448469));
#11215 = CARTESIAN_POINT('',(-2.57586653274,-275.4738620299,
    -221.9931690959));
#11216 = CARTESIAN_POINT('',(-2.353818329142,-275.546431806,
    -222.010927698));
#11217 = CARTESIAN_POINT('',(-2.009155760834,-275.6415126817,
    -222.0289337682));
#11218 = CARTESIAN_POINT('',(-1.892336527585,-275.6709346716,
    -222.0334867394));
#11219 = CARTESIAN_POINT('',(-1.714210111951,-275.7114850189,
    -222.0387700789));
#11220 = CARTESIAN_POINT('',(-1.654351712446,-275.7244056611,
    -222.0402725632));
#11221 = CARTESIAN_POINT('',(-1.533669058178,-275.7490354726,
    -222.0428529713));
#11222 = CARTESIAN_POINT('',(-1.470884501491,-275.7610983004,
    -222.0439586549));
#11223 = CARTESIAN_POINT('',(-1.178813114736,-275.8139630663,
    -222.0482894488));
#11224 = CARTESIAN_POINT('',(-0.944055695578,-275.8457430019,
    -222.0492550353));
#11225 = CARTESIAN_POINT('',(-0.472340237679,-275.8879586722,
    -222.0501097647));
#11226 = CARTESIAN_POINT('',(-0.236650537307,-275.898401718,
    -222.0500000028));
#11227 = CARTESIAN_POINT('',(0.242256047558,-275.8980058478,
    -222.0499999968));
#11228 = CARTESIAN_POINT('',(0.480562523689,-275.887294166,
    -222.0501067053));
#11229 = CARTESIAN_POINT('',(0.83630201343,-275.8554696498,
    -222.0494464706));
#11230 = CARTESIAN_POINT('',(0.954595139268,-275.8422354305,
    -222.0490696059));
#11231 = CARTESIAN_POINT('',(1.131604771907,-275.8184617101,
    -222.0479665284));
#11232 = CARTESIAN_POINT('',(1.190536306767,-275.8098835877,
    -222.0475079582));
#11233 = CARTESIAN_POINT('',(1.308256024446,-275.7914261973,
    -222.0463437545));
#11234 = CARTESIAN_POINT('',(1.365986443478,-275.7817423617,
    -222.0456550161));
#11235 = CARTESIAN_POINT('',(1.66804391777,-275.7275661108,
    -222.0411897665));
#11236 = CARTESIAN_POINT('',(1.9026819916,-275.674161282,-222.0350480198
    ));
#11237 = CARTESIAN_POINT('',(2.24412724368,-275.5800254486,
    -222.0173222769));
#11238 = CARTESIAN_POINT('',(2.35619035126,-275.5463202564,
    -222.0099774441));
#11239 = CARTESIAN_POINT('',(2.521657047892,-275.4925514163,
    -221.9960846968));
#11240 = CARTESIAN_POINT('',(2.603733405022,-275.4648660917,
    -221.988418151));
#11241 = CARTESIAN_POINT('',(2.684824275358,-275.436050699,
    -221.9795258124));
#11242 = CARTESIAN_POINT('',(2.738665858514,-275.4165987264,
    -221.973308429));
#11243 = CARTESIAN_POINT('',(2.764435296542,-275.4071534584,
    -221.9702041946));
#11244 = CARTESIAN_POINT('',(3.04762700505,-275.3013847079,
    -221.9339306265));
#11245 = CARTESIAN_POINT('',(3.277041043525,-275.2021914986,
    -221.8898235597));
#11246 = CARTESIAN_POINT('',(3.587694212667,-275.0522246545,
    -221.8000663192));
#11247 = CARTESIAN_POINT('',(3.685667287611,-275.0020734516,
    -221.7662220365));
#11248 = CARTESIAN_POINT('',(3.824259927594,-274.9277482042,
    -221.708985819));
#11249 = CARTESIAN_POINT('',(3.891464504476,-274.8908144452,
    -221.6787523705));
#11250 = CARTESIAN_POINT('',(3.966209293661,-274.8484125862,
    -221.6405531253));
#11251 = CARTESIAN_POINT('',(3.997458371051,-274.830420742,
    -221.6235462421));
#11252 = CARTESIAN_POINT('',(4.012952175798,-274.8214576822,
    -221.6149361783));
#11253 = CARTESIAN_POINT('',(4.017037775794,-274.8190902599,
    -221.6126498001));
#11254 = CARTESIAN_POINT('',(4.03006518565,-274.8115177186,
    -221.6052549914));
#11255 = CARTESIAN_POINT('',(4.140017988941,-274.7474219457,
    -221.5420209931));
#11256 = CARTESIAN_POINT('',(4.236707723868,-274.6880172951,
    -221.4723429296));
#11257 = CARTESIAN_POINT('',(4.355587978106,-274.6121472391,
    -221.3662483048));
#11258 = CARTESIAN_POINT('',(4.392277579359,-274.5881894735,
    -221.3295997927));
#11259 = CARTESIAN_POINT('',(4.434468143184,-274.5600860174,
    -221.282302135));
#11260 = CARTESIAN_POINT('',(4.442722684062,-274.5545574931,
    -221.272768333));
#11261 = CARTESIAN_POINT('',(4.458864622042,-274.5436891492,
    -221.2535554491));
#11262 = CARTESIAN_POINT('',(4.469716382345,-274.5363516375,
    -221.2402585229));
#11263 = CARTESIAN_POINT('',(4.498371959664,-274.5169060706,
    -221.2037122017));
#11264 = CARTESIAN_POINT('',(4.516412789971,-274.5045707991,
    -221.1789594981));
#11265 = CARTESIAN_POINT('',(4.669214271532,-274.3994298269,
    -220.95297683));
#11266 = CARTESIAN_POINT('',(4.73775942502,-274.3482282499,
    -220.7300437174));
#11267 = CARTESIAN_POINT('',(4.736757395723,-274.3482282525,
    -220.4999999807));
#11268 = PCURVE('',#10648,#11269);
#11269 = DEFINITIONAL_REPRESENTATION('',(#11270),#11450);
#11270 = B_SPLINE_CURVE_WITH_KNOTS('',3,(#11271,#11272,#11273,#11274,
    #11275,#11276,#11277,#11278,#11279,#11280,#11281,#11282,#11283,
    #11284,#11285,#11286,#11287,#11288,#11289,#11290,#11291,#11292,
    #11293,#11294,#11295,#11296,#11297,#11298,#11299,#11300,#11301,
    #11302,#11303,#11304,#11305,#11306,#11307,#11308,#11309,#11310,
    #11311,#11312,#11313,#11314,#11315,#11316,#11317,#11318,#11319,
    #11320,#11321,#11322,#11323,#11324,#11325,#11326,#11327,#11328,
    #11329,#11330,#11331,#11332,#11333,#11334,#11335,#11336,#11337,
    #11338,#11339,#11340,#11341,#11342,#11343,#11344,#11345,#11346,
    #11347,#11348,#11349,#11350,#11351,#11352,#11353,#11354,#11355,
    #11356,#11357,#11358,#11359,#11360,#11361,#11362,#11363,#11364,
    #11365,#11366,#11367,#11368,#11369,#11370,#11371,#11372,#11373,
    #11374,#11375,#11376,#11377,#11378,#11379,#11380,#11381,#11382,
    #11383,#11384,#11385,#11386,#11387,#11388,#11389,#11390,#11391,
    #11392,#11393,#11394,#11395,#11396,#11397,#11398,#11399,#11400,
    #11401,#11402,#11403,#11404,#11405,#11406,#11407,#11408,#11409,
    #11410,#11411,#11412,#11413,#11414,#11415,#11416,#11417,#11418,
    #11419,#11420,#11421,#11422,#11423,#11424,#11425,#11426,#11427,
    #11428,#11429,#11430,#11431,#11432,#11433,#11434,#11435,#11436,
    #11437,#11438,#11439,#11440,#11441,#11442,#11443,#11444,#11445,
    #11446,#11447,#11448,#11449),.UNSPECIFIED.,.F.,.F.,(4,1,1,1,1,1,1,1,
    1,1,1,1,1,1,1,1,1,1,1,1,1,1,1,1,1,1,1,1,1,1,1,1,1,1,1,1,1,1,1,1,1,1,
    1,1,1,1,1,1,1,1,1,1,1,1,1,1,1,1,1,1,1,1,1,1,1,1,1,1,1,1,1,1,1,1,1,1,
    1,1,1,1,1,1,1,1,1,1,1,1,1,1,1,1,1,1,1,1,1,1,1,1,1,1,1,1,1,1,1,1,1,1,
    1,1,1,1,1,1,1,1,1,1,1,1,1,1,1,1,1,1,1,1,1,1,1,1,1,1,1,1,1,1,1,1,1,1,
    1,1,1,1,1,1,1,1,1,1,1,1,1,1,1,1,1,1,1,1,1,1,1,1,1,1,1,1,1,1,1,1,4),(
    0.250701904849,0.25354511143,0.256388318011,0.259231524592,
    0.262074731172,0.264917937753,0.267761144334,0.270604350915,
    0.273447557496,0.276290764077,0.279133970657,0.281977177238,
    0.284820383819,0.2876635904,0.290506796981,0.293350003562,
    0.296193210143,0.299036416723,0.301879623304,0.304722829885,
    0.307566036466,0.310409243047,0.313252449628,0.316095656208,
    0.318938862789,0.32178206937,0.324625275951,0.327468482532,
    0.330311689113,0.333154895694,0.335998102274,0.338841308855,
    0.341684515436,0.344527722017,0.347370928598,0.350214135179,
    0.353057341759,0.35590054834,0.358743754921,0.361586961502,
    0.364430168083,0.367273374664,0.370116581245,0.372959787825,
    0.375802994406,0.378646200987,0.381489407568,0.384332614149,
    0.38717582073,0.39001902731,0.392862233891,0.395705440472,
    0.398548647053,0.401391853634,0.404235060215,0.407078266796,
    0.409921473376,0.412764679957,0.415607886538,0.418451093119,
    0.4212942997,0.424137506281,0.426980712861,0.429823919442,
    0.432667126023,0.435510332604,0.438353539185,0.441196745766,
    0.444039952347,0.446883158927,0.449726365508,0.452569572089,
    0.45541277867,0.458255985251,0.461099191832,0.463942398412,
    0.466785604993,0.469628811574,0.472472018155,0.475315224736,
    0.478158431317,0.481001637898,0.483844844478,0.486688051059,
    0.48953125764,0.492374464221,0.495217670802,0.498060877383,
    0.500904083963,0.503747290544,0.506590497125,0.509433703706,
    0.512276910287,0.515120116868,0.517963323449,0.520806530029,
    0.52364973661,0.526492943191,0.529336149772,0.532179356353,
    0.535022562934,0.537865769515,0.540708976095,0.543552182676,
    0.546395389257,0.549238595838,0.552081802419,0.554925009,
    0.55776821558,0.560611422161,0.563454628742,0.566297835323,
    0.569141041904,0.571984248485,0.574827455066,0.577670661646,
    0.580513868227,0.583357074808,0.586200281389,0.58904348797,
    0.591886694551,0.594729901131,0.597573107712,0.600416314293,
    0.603259520874,0.606102727455,0.608945934036,0.611789140617,
    0.614632347197,0.617475553778,0.620318760359,0.62316196694,
    0.626005173521,0.628848380102,0.631691586682,0.634534793263,
    0.637377999844,0.640221206425,0.643064413006,0.645907619587,
    0.648750826168,0.651594032748,0.654437239329,0.65728044591,
    0.660123652491,0.662966859072,0.665810065653,0.668653272233,
    0.671496478814,0.674339685395,0.677182891976,0.680026098557,
    0.682869305138,0.685712511719,0.688555718299,0.69139892488,
    0.694242131461,0.697085338042,0.699928544623,0.702771751204,
    0.705614957784,0.708458164365,0.711301370946,0.714144577527,
    0.716987784108,0.719830990689,0.72267419727,0.72551740385,
    0.728360610431,0.731203817012,0.734047023593,0.736890230174,
    0.739733436755,0.742576643335,0.745419849916,0.748263056497,
    0.751106263078),.UNSPECIFIED.);
#11271 = CARTESIAN_POINT('',(6.28318530718,22.444702071163));
#11272 = CARTESIAN_POINT('',(6.269756736316,22.444758545083));
#11273 = CARTESIAN_POINT('',(6.242792657008,22.446101813801));
#11274 = CARTESIAN_POINT('',(6.20202807329,22.451808597251));
#11275 = CARTESIAN_POINT('',(6.160953711733,22.461204507857));
#11276 = CARTESIAN_POINT('',(6.119556072992,22.474299640745));
#11277 = CARTESIAN_POINT('',(6.077886993548,22.491056368628));
#11278 = CARTESIAN_POINT('',(6.035739154114,22.511615105528));
#11279 = CARTESIAN_POINT('',(5.995279042976,22.534515795363));
#11280 = CARTESIAN_POINT('',(5.956008390772,22.559971250531));
#11281 = CARTESIAN_POINT('',(5.917757872648,22.587984340569));
#11282 = CARTESIAN_POINT('',(5.880249978492,22.61867521701));
#11283 = CARTESIAN_POINT('',(5.843359932016,22.651904846261));
#11284 = CARTESIAN_POINT('',(5.806526650055,22.688453653237));
#11285 = CARTESIAN_POINT('',(5.770814154097,22.727068612795));
#11286 = CARTESIAN_POINT('',(5.739299595679,22.76386620024));
#11287 = CARTESIAN_POINT('',(5.708658648109,22.802172198258));
#11288 = CARTESIAN_POINT('',(5.677944139312,22.843052652458));
#11289 = CARTESIAN_POINT('',(5.647411767672,22.886218765598));
#11290 = CARTESIAN_POINT('',(5.616987361468,22.931759681041));
#11291 = CARTESIAN_POINT('',(5.586711798282,22.979607622574));
#11292 = CARTESIAN_POINT('',(5.556494414625,23.029944551687));
#11293 = CARTESIAN_POINT('',(5.526658454771,23.082110398636));
#11294 = CARTESIAN_POINT('',(5.496001080641,23.138563480906));
#11295 = CARTESIAN_POINT('',(5.474072282727,23.180621147194));
#11296 = CARTESIAN_POINT('',(5.450180696127,23.227914542148));
#11297 = CARTESIAN_POINT('',(5.427186299118,23.275183516414));
#11298 = CARTESIAN_POINT('',(5.404319178425,23.323837522762));
#11299 = CARTESIAN_POINT('',(5.381783213647,23.373498899462));
#11300 = CARTESIAN_POINT('',(5.359522501988,23.424268840666));
#11301 = CARTESIAN_POINT('',(5.337551878511,23.476120231496));
#11302 = CARTESIAN_POINT('',(5.315868292882,23.529060337315));
#11303 = CARTESIAN_POINT('',(5.294474646229,23.583087211545));
#11304 = CARTESIAN_POINT('',(5.273372915296,23.638201375136));
#11305 = CARTESIAN_POINT('',(5.252567654063,23.694402690865));
#11306 = CARTESIAN_POINT('',(5.232058687423,23.751691186678));
#11307 = CARTESIAN_POINT('',(5.211840201388,23.810066888014));
#11308 = CARTESIAN_POINT('',(5.191912495705,23.869529665172));
#11309 = CARTESIAN_POINT('',(5.172275006408,23.930080011513));
#11310 = CARTESIAN_POINT('',(5.15292869993,23.991716083298));
#11311 = CARTESIAN_POINT('',(5.133873402677,24.054444762112));
#11312 = CARTESIAN_POINT('',(5.115114666419,24.118240365355));
#11313 = CARTESIAN_POINT('',(5.096627408821,24.183198741848));
#11314 = CARTESIAN_POINT('',(5.078504306042,24.248962178907));
#11315 = CARTESIAN_POINT('',(5.06040128631,24.316865678448));
#11316 = CARTESIAN_POINT('',(5.043246400307,24.383361357336));
#11317 = CARTESIAN_POINT('',(5.029110793149,24.439797396904));
#11318 = CARTESIAN_POINT('',(5.014573934587,24.499414722266));
#11319 = CARTESIAN_POINT('',(5.000550584376,24.558665438231));
#11320 = CARTESIAN_POINT('',(4.986794282784,24.61850020045));
#11321 = CARTESIAN_POINT('',(4.97337013967,24.678664281507));
#11322 = CARTESIAN_POINT('',(4.960260202456,24.739225935413));
#11323 = CARTESIAN_POINT('',(4.947469200849,24.800166873545));
#11324 = CARTESIAN_POINT('',(4.934996197275,24.861491996379));
#11325 = CARTESIAN_POINT('',(4.922842230003,24.923199990638));
#11326 = CARTESIAN_POINT('',(4.911008072645,24.98529120895));
#11327 = CARTESIAN_POINT('',(4.899495528847,25.047765554083));
#11328 = CARTESIAN_POINT('',(4.888304463618,25.110623062336));
#11329 = CARTESIAN_POINT('',(4.877432660115,25.173863685746));
#11330 = CARTESIAN_POINT('',(4.866880302938,25.237487579861));
#11331 = CARTESIAN_POINT('',(4.856647290175,25.301494170455));
#11332 = CARTESIAN_POINT('',(4.846733530333,25.365885598889));
#11333 = CARTESIAN_POINT('',(4.837140441104,25.430653873942));
#11334 = CARTESIAN_POINT('',(4.827864228209,25.495828819136));
#11335 = CARTESIAN_POINT('',(4.818917731596,25.561299131612));
#11336 = CARTESIAN_POINT('',(4.810252801961,25.627480199273));
#11337 = CARTESIAN_POINT('',(4.801840198893,25.6946170173));
#11338 = CARTESIAN_POINT('',(4.794036545715,25.759682540974));
#11339 = CARTESIAN_POINT('',(4.786785715252,25.823067899669));
#11340 = CARTESIAN_POINT('',(4.779819690116,25.886972637337));
#11341 = CARTESIAN_POINT('',(4.773209943607,25.950807388216));
#11342 = CARTESIAN_POINT('',(4.766937057934,26.014730071402));
#11343 = CARTESIAN_POINT('',(4.761006049576,26.078698376272));
#11344 = CARTESIAN_POINT('',(4.755415471195,26.142723626226));
#11345 = CARTESIAN_POINT('',(4.750165692845,26.206802838285));
#11346 = CARTESIAN_POINT('',(4.745256682179,26.270936620961));
#11347 = CARTESIAN_POINT('',(4.740688602188,26.33512552319));
#11348 = CARTESIAN_POINT('',(4.736461632665,26.399366740712));
#11349 = CARTESIAN_POINT('',(4.732576072124,26.463670941634));
#11350 = CARTESIAN_POINT('',(4.729032087091,26.527998257787));
#11351 = CARTESIAN_POINT('',(4.725829409649,26.592326538615));
#11352 = CARTESIAN_POINT('',(4.722967954693,26.656684192616));
#11353 = CARTESIAN_POINT('',(4.720447590842,26.721086076205));
#11354 = CARTESIAN_POINT('',(4.718268207075,26.785550695081));
#11355 = CARTESIAN_POINT('',(4.716429696797,26.850095509883));
#11356 = CARTESIAN_POINT('',(4.714931969254,26.914738512209));
#11357 = CARTESIAN_POINT('',(4.713774926943,26.97949661488));
#11358 = CARTESIAN_POINT('',(4.712958544557,27.044390514862));
#11359 = CARTESIAN_POINT('',(4.712482568632,27.109426851328));
#11360 = CARTESIAN_POINT('',(4.712347625742,27.174664710467));
#11361 = CARTESIAN_POINT('',(4.712551068677,27.239967448201));
#11362 = CARTESIAN_POINT('',(4.713090287447,27.305180697236));
#11363 = CARTESIAN_POINT('',(4.713965942999,27.370345820164));
#11364 = CARTESIAN_POINT('',(4.715177823214,27.435451733912));
#11365 = CARTESIAN_POINT('',(4.716725957927,27.500501408181));
#11366 = CARTESIAN_POINT('',(4.718610323372,27.56549404724));
#11367 = CARTESIAN_POINT('',(4.720830923084,27.630429864312));
#11368 = CARTESIAN_POINT('',(4.723387766685,27.695308802236));
#11369 = CARTESIAN_POINT('',(4.726280873834,27.760130876433));
#11370 = CARTESIAN_POINT('',(4.729510272814,27.824896082381));
#11371 = CARTESIAN_POINT('',(4.733075988545,27.88960442275));
#11372 = CARTESIAN_POINT('',(4.736978071398,27.954255891377));
#11373 = CARTESIAN_POINT('',(4.74121644759,28.018850510247));
#11374 = CARTESIAN_POINT('',(4.745791045339,28.083388197586));
#11375 = CARTESIAN_POINT('',(4.750701893973,28.147869258499));
#11376 = CARTESIAN_POINT('',(4.755948881182,28.212292554342));
#11377 = CARTESIAN_POINT('',(4.761532626665,28.276662334585));
#11378 = CARTESIAN_POINT('',(4.767451150282,28.340962739983));
#11379 = CARTESIAN_POINT('',(4.773711557292,28.405252958042));
#11380 = CARTESIAN_POINT('',(4.780287220823,28.469312097995));
#11381 = CARTESIAN_POINT('',(4.787163537974,28.533012145125));
#11382 = CARTESIAN_POINT('',(4.794547106596,28.598124750388));
#11383 = CARTESIAN_POINT('',(4.802390756797,28.664112907928));
#11384 = CARTESIAN_POINT('',(4.810525656089,28.729425850139));
#11385 = CARTESIAN_POINT('',(4.818996114855,28.794479103949));
#11386 = CARTESIAN_POINT('',(4.82778954599,28.859161329254));
#11387 = CARTESIAN_POINT('',(4.836908826859,28.923502359543));
#11388 = CARTESIAN_POINT('',(4.846352913068,28.987494200961));
#11389 = CARTESIAN_POINT('',(4.856122036484,29.051138995441));
#11390 = CARTESIAN_POINT('',(4.866216308123,29.114436169105));
#11391 = CARTESIAN_POINT('',(4.876636110838,29.177385875533));
#11392 = CARTESIAN_POINT('',(4.887381921175,29.239988074285));
#11393 = CARTESIAN_POINT('',(4.898454617795,29.302242773536));
#11394 = CARTESIAN_POINT('',(4.909854407134,29.364149981029));
#11395 = CARTESIAN_POINT('',(4.921579971616,29.425709657615));
#11396 = CARTESIAN_POINT('',(4.933631162385,29.486921952149));
#11397 = CARTESIAN_POINT('',(4.946007732231,29.54778630836));
#11398 = CARTESIAN_POINT('',(4.958710382303,29.608304802478));
#11399 = CARTESIAN_POINT('',(4.971737850638,29.668469685854));
#11400 = CARTESIAN_POINT('',(4.985096974915,29.728309876858));
#11401 = CARTESIAN_POINT('',(4.998760379205,29.78771745065));
#11402 = CARTESIAN_POINT('',(5.012829676122,29.847095188224));
#11403 = CARTESIAN_POINT('',(5.026926693516,29.904939890444));
#11404 = CARTESIAN_POINT('',(5.042308474533,29.966300141965));
#11405 = CARTESIAN_POINT('',(5.060463636589,30.036501669116));
#11406 = CARTESIAN_POINT('',(5.078227505771,30.102931354423));
#11407 = CARTESIAN_POINT('',(5.096444973033,30.168968872529));
#11408 = CARTESIAN_POINT('',(5.114887264173,30.233708642341));
#11409 = CARTESIAN_POINT('',(5.133614006045,30.297393313581));
#11410 = CARTESIAN_POINT('',(5.152608277616,30.359957868456));
#11411 = CARTESIAN_POINT('',(5.171874418696,30.421419728417));
#11412 = CARTESIAN_POINT('',(5.191411815142,30.481774225452));
#11413 = CARTESIAN_POINT('',(5.211222011261,30.541022610158));
#11414 = CARTESIAN_POINT('',(5.231306526275,30.599164548159));
#11415 = CARTESIAN_POINT('',(5.251668515243,30.656200126361));
#11416 = CARTESIAN_POINT('',(5.272308334392,30.712129331518));
#11417 = CARTESIAN_POINT('',(5.29322164935,30.766952129706));
#11418 = CARTESIAN_POINT('',(5.314408315836,30.820668669865));
#11419 = CARTESIAN_POINT('',(5.335867692297,30.87327839016));
#11420 = CARTESIAN_POINT('',(5.3576013119,30.924783388999));
#11421 = CARTESIAN_POINT('',(5.379606990035,30.975175834579));
#11422 = CARTESIAN_POINT('',(5.401898379367,31.024484955704));
#11423 = CARTESIAN_POINT('',(5.424419735824,31.072601668963));
#11424 = CARTESIAN_POINT('',(5.4473777796,31.119933079197));
#11425 = CARTESIAN_POINT('',(5.470003482807,31.164959850451));
#11426 = CARTESIAN_POINT('',(5.495165773979,31.213352221706));
#11427 = CARTESIAN_POINT('',(5.526315757635,31.270595773909));
#11428 = CARTESIAN_POINT('',(5.556036390803,31.322513274532));
#11429 = CARTESIAN_POINT('',(5.586312327019,31.372901996356));
#11430 = CARTESIAN_POINT('',(5.616616449773,31.420750080785));
#11431 = CARTESIAN_POINT('',(5.647071084143,31.466307689424));
#11432 = CARTESIAN_POINT('',(5.677717227588,31.509586034446));
#11433 = CARTESIAN_POINT('',(5.708275408855,31.550290105554));
#11434 = CARTESIAN_POINT('',(5.739819228367,31.589588731758));
#11435 = CARTESIAN_POINT('',(5.768331246929,31.62310160732));
#11436 = CARTESIAN_POINT('',(5.809189727258,31.667603710482));
#11437 = CARTESIAN_POINT('',(5.847584235519,31.705686444594));
#11438 = CARTESIAN_POINT('',(5.886749769328,31.74122946232));
#11439 = CARTESIAN_POINT('',(5.925806317175,31.773212739671));
#11440 = CARTESIAN_POINT('',(5.965001998207,31.801896623332));
#11441 = CARTESIAN_POINT('',(6.004283377584,31.8271983857));
#11442 = CARTESIAN_POINT('',(6.043678814487,31.849127225649));
#11443 = CARTESIAN_POINT('',(6.083195997092,31.867667710431));
#11444 = CARTESIAN_POINT('',(6.122849642468,31.882811007319));
#11445 = CARTESIAN_POINT('',(6.162654283181,31.894546515113));
#11446 = CARTESIAN_POINT('',(6.202626462903,31.902864106488));
#11447 = CARTESIAN_POINT('',(6.24278411682,31.907753527097));
#11448 = CARTESIAN_POINT('',(6.269693170434,31.908720880229));
#11449 = CARTESIAN_POINT('',(6.28318530718,31.908629786656));
#11450 = ( GEOMETRIC_REPRESENTATION_CONTEXT(2) 
PARAMETRIC_REPRESENTATION_CONTEXT() REPRESENTATION_CONTEXT('2D SPACE',''
  ) );
#11451 = PCURVE('',#10950,#11452);
#11452 = DEFINITIONAL_REPRESENTATION('',(#11453),#11633);
#11453 = B_SPLINE_CURVE_WITH_KNOTS('',3,(#11454,#11455,#11456,#11457,
    #11458,#11459,#11460,#11461,#11462,#11463,#11464,#11465,#11466,
    #11467,#11468,#11469,#11470,#11471,#11472,#11473,#11474,#11475,
    #11476,#11477,#11478,#11479,#11480,#11481,#11482,#11483,#11484,
    #11485,#11486,#11487,#11488,#11489,#11490,#11491,#11492,#11493,
    #11494,#11495,#11496,#11497,#11498,#11499,#11500,#11501,#11502,
    #11503,#11504,#11505,#11506,#11507,#11508,#11509,#11510,#11511,
    #11512,#11513,#11514,#11515,#11516,#11517,#11518,#11519,#11520,
    #11521,#11522,#11523,#11524,#11525,#11526,#11527,#11528,#11529,
    #11530,#11531,#11532,#11533,#11534,#11535,#11536,#11537,#11538,
    #11539,#11540,#11541,#11542,#11543,#11544,#11545,#11546,#11547,
    #11548,#11549,#11550,#11551,#11552,#11553,#11554,#11555,#11556,
    #11557,#11558,#11559,#11560,#11561,#11562,#11563,#11564,#11565,
    #11566,#11567,#11568,#11569,#11570,#11571,#11572,#11573,#11574,
    #11575,#11576,#11577,#11578,#11579,#11580,#11581,#11582,#11583,
    #11584,#11585,#11586,#11587,#11588,#11589,#11590,#11591,#11592,
    #11593,#11594,#11595,#11596,#11597,#11598,#11599,#11600,#11601,
    #11602,#11603,#11604,#11605,#11606,#11607,#11608,#11609,#11610,
    #11611,#11612,#11613,#11614,#11615,#11616,#11617,#11618,#11619,
    #11620,#11621,#11622,#11623,#11624,#11625,#11626,#11627,#11628,
    #11629,#11630,#11631,#11632),.UNSPECIFIED.,.F.,.F.,(4,1,1,1,1,1,1,1,
    1,1,1,1,1,1,1,1,1,1,1,1,1,1,1,1,1,1,1,1,1,1,1,1,1,1,1,1,1,1,1,1,1,1,
    1,1,1,1,1,1,1,1,1,1,1,1,1,1,1,1,1,1,1,1,1,1,1,1,1,1,1,1,1,1,1,1,1,1,
    1,1,1,1,1,1,1,1,1,1,1,1,1,1,1,1,1,1,1,1,1,1,1,1,1,1,1,1,1,1,1,1,1,1,
    1,1,1,1,1,1,1,1,1,1,1,1,1,1,1,1,1,1,1,1,1,1,1,1,1,1,1,1,1,1,1,1,1,1,
    1,1,1,1,1,1,1,1,1,1,1,1,1,1,1,1,1,1,1,1,1,1,1,1,1,1,1,1,1,1,1,1,4),(
    0.250701904849,0.25354511143,0.256388318011,0.259231524592,
    0.262074731172,0.264917937753,0.267761144334,0.270604350915,
    0.273447557496,0.276290764077,0.279133970657,0.281977177238,
    0.284820383819,0.2876635904,0.290506796981,0.293350003562,
    0.296193210143,0.299036416723,0.301879623304,0.304722829885,
    0.307566036466,0.310409243047,0.313252449628,0.316095656208,
    0.318938862789,0.32178206937,0.324625275951,0.327468482532,
    0.330311689113,0.333154895694,0.335998102274,0.338841308855,
    0.341684515436,0.344527722017,0.347370928598,0.350214135179,
    0.353057341759,0.35590054834,0.358743754921,0.361586961502,
    0.364430168083,0.367273374664,0.370116581245,0.372959787825,
    0.375802994406,0.378646200987,0.381489407568,0.384332614149,
    0.38717582073,0.39001902731,0.392862233891,0.395705440472,
    0.398548647053,0.401391853634,0.404235060215,0.407078266796,
    0.409921473376,0.412764679957,0.415607886538,0.418451093119,
    0.4212942997,0.424137506281,0.426980712861,0.429823919442,
    0.432667126023,0.435510332604,0.438353539185,0.441196745766,
    0.444039952347,0.446883158927,0.449726365508,0.452569572089,
    0.45541277867,0.458255985251,0.461099191832,0.463942398412,
    0.466785604993,0.469628811574,0.472472018155,0.475315224736,
    0.478158431317,0.481001637898,0.483844844478,0.486688051059,
    0.48953125764,0.492374464221,0.495217670802,0.498060877383,
    0.500904083963,0.503747290544,0.506590497125,0.509433703706,
    0.512276910287,0.515120116868,0.517963323449,0.520806530029,
    0.52364973661,0.526492943191,0.529336149772,0.532179356353,
    0.535022562934,0.537865769515,0.540708976095,0.543552182676,
    0.546395389257,0.549238595838,0.552081802419,0.554925009,
    0.55776821558,0.560611422161,0.563454628742,0.566297835323,
    0.569141041904,0.571984248485,0.574827455066,0.577670661646,
    0.580513868227,0.583357074808,0.586200281389,0.58904348797,
    0.591886694551,0.594729901131,0.597573107712,0.600416314293,
    0.603259520874,0.606102727455,0.608945934036,0.611789140617,
    0.614632347197,0.617475553778,0.620318760359,0.62316196694,
    0.626005173521,0.628848380102,0.631691586682,0.634534793263,
    0.637377999844,0.640221206425,0.643064413006,0.645907619587,
    0.648750826168,0.651594032748,0.654437239329,0.65728044591,
    0.660123652491,0.662966859072,0.665810065653,0.668653272233,
    0.671496478814,0.674339685395,0.677182891976,0.680026098557,
    0.682869305138,0.685712511719,0.688555718299,0.69139892488,
    0.694242131461,0.697085338042,0.699928544623,0.702771751204,
    0.705614957784,0.708458164365,0.711301370946,0.714144577527,
    0.716987784108,0.719830990689,0.72267419727,0.72551740385,
    0.728360610431,0.731203817012,0.734047023593,0.736890230174,
    0.739733436755,0.742576643335,0.745419849916,0.748263056497,
    0.751106263078),.QUASI_UNIFORM_KNOTS.);
#11454 = CARTESIAN_POINT('',(4.079290163339,79.4999999879));
#11455 = CARTESIAN_POINT('',(4.079295857785,79.479186027335));
#11456 = CARTESIAN_POINT('',(4.079493537296,79.437391149592));
#11457 = CARTESIAN_POINT('',(4.080352686697,79.37431007619));
#11458 = CARTESIAN_POINT('',(4.081777642207,79.310960022258));
#11459 = CARTESIAN_POINT('',(4.083773617861,79.247433942846));
#11460 = CARTESIAN_POINT('',(4.086338234877,79.183924414633));
#11461 = CARTESIAN_POINT('',(4.089497177565,79.120252348993));
#11462 = CARTESIAN_POINT('',(4.093029278014,79.059742948421));
#11463 = CARTESIAN_POINT('',(4.09695687124,79.001703621229));
#11464 = CARTESIAN_POINT('',(4.101272510473,78.945931321771));
#11465 = CARTESIAN_POINT('',(4.1059858038,78.892058857028));
#11466 = CARTESIAN_POINT('',(4.111068664447,78.839886077435));
#11467 = CARTESIAN_POINT('',(4.116627626836,78.788708806984));
#11468 = CARTESIAN_POINT('',(4.122468516512,78.739995991867));
#11469 = CARTESIAN_POINT('',(4.128003467128,78.697799572375));
#11470 = CARTESIAN_POINT('',(4.133736056064,78.65754087879));
#11471 = CARTESIAN_POINT('',(4.139825382551,78.617973081363));
#11472 = CARTESIAN_POINT('',(4.146225383959,78.579467395576));
#11473 = CARTESIAN_POINT('',(4.152947127702,78.541951412344));
#11474 = CARTESIAN_POINT('',(4.159978371432,78.505496246811));
#11475 = CARTESIAN_POINT('',(4.167343010102,78.470029612951));
#11476 = CARTESIAN_POINT('',(4.174943863052,78.435906035912));
#11477 = CARTESIAN_POINT('',(4.183131938308,78.401901954298));
#11478 = CARTESIAN_POINT('',(4.189209911629,78.378214780619));
#11479 = CARTESIAN_POINT('',(4.196023827683,78.352957300073));
#11480 = CARTESIAN_POINT('',(4.202808841213,78.3292979367));
#11481 = CARTESIAN_POINT('',(4.209767711071,78.306370968142));
#11482 = CARTESIAN_POINT('',(4.216843998838,78.284391618795));
#11483 = CARTESIAN_POINT('',(4.224050791842,78.263285472434));
#11484 = CARTESIAN_POINT('',(4.231382623898,78.243055728559));
#11485 = CARTESIAN_POINT('',(4.238839080617,78.223684764394));
#11486 = CARTESIAN_POINT('',(4.246418468627,78.205160630547));
#11487 = CARTESIAN_POINT('',(4.254119544457,78.187469506363));
#11488 = CARTESIAN_POINT('',(4.261940940754,78.170599382849));
#11489 = CARTESIAN_POINT('',(4.269881743398,78.154532875635));
#11490 = CARTESIAN_POINT('',(4.277941543525,78.139247722508));
#11491 = CARTESIAN_POINT('',(4.286119593318,78.124726940432));
#11492 = CARTESIAN_POINT('',(4.294415362155,78.110952071399));
#11493 = CARTESIAN_POINT('',(4.302828032496,78.097905278105));
#11494 = CARTESIAN_POINT('',(4.311357961844,78.085567715412));
#11495 = CARTESIAN_POINT('',(4.320001436443,78.073923260451));
#11496 = CARTESIAN_POINT('',(4.328771001149,78.062939899439));
#11497 = CARTESIAN_POINT('',(4.337618610003,78.052645907218));
#11498 = CARTESIAN_POINT('',(4.346722467406,78.042844530885));
#11499 = CARTESIAN_POINT('',(4.355607775153,78.034006189673));
#11500 = CARTESIAN_POINT('',(4.363126662997,78.027045463017));
#11501 = CARTESIAN_POINT('',(4.371048571084,78.020175447261));
#11502 = CARTESIAN_POINT('',(4.378899504816,78.01385222122));
#11503 = CARTESIAN_POINT('',(4.386806621421,78.007930858411));
#11504 = CARTESIAN_POINT('',(4.394736025424,78.002427471078));
#11505 = CARTESIAN_POINT('',(4.402697000935,77.997315021843));
#11506 = CARTESIAN_POINT('',(4.410687287699,77.992578033103));
#11507 = CARTESIAN_POINT('',(4.418707745248,77.988197937768));
#11508 = CARTESIAN_POINT('',(4.42675842082,77.984156966923));
#11509 = CARTESIAN_POINT('',(4.434839614059,77.980437248445));
#11510 = CARTESIAN_POINT('',(4.442951550758,77.977020524861));
#11511 = CARTESIAN_POINT('',(4.451094623614,77.973890183306));
#11512 = CARTESIAN_POINT('',(4.45926935107,77.971032447912));
#11513 = CARTESIAN_POINT('',(4.467476153318,77.968431884936));
#11514 = CARTESIAN_POINT('',(4.475715395617,77.96607349244));
#11515 = CARTESIAN_POINT('',(4.483987784647,77.963942199137));
#11516 = CARTESIAN_POINT('',(4.492292738395,77.96202277933));
#11517 = CARTESIAN_POINT('',(4.500634529445,77.960301469438));
#11518 = CARTESIAN_POINT('',(4.508999501279,77.958766543176));
#11519 = CARTESIAN_POINT('',(4.517440877022,77.957398785163));
#11520 = CARTESIAN_POINT('',(4.525990310837,77.956181722354));
#11521 = CARTESIAN_POINT('',(4.534263583373,77.955149085898));
#11522 = CARTESIAN_POINT('',(4.542311223661,77.954273051975));
#11523 = CARTESIAN_POINT('',(4.550413552512,77.953503341308));
#11524 = CARTESIAN_POINT('',(4.558496112231,77.952842218546));
#11525 = CARTESIAN_POINT('',(4.566579513184,77.952277869235));
#11526 = CARTESIAN_POINT('',(4.574658898244,77.951802251407));
#11527 = CARTESIAN_POINT('',(4.582736237201,77.951406312248));
#11528 = CARTESIAN_POINT('',(4.59081168347,77.951081269853));
#11529 = CARTESIAN_POINT('',(4.598885851622,77.950818269518));
#11530 = CARTESIAN_POINT('',(4.606959349343,77.950608476825));
#11531 = CARTESIAN_POINT('',(4.615032370878,77.950443049014));
#11532 = CARTESIAN_POINT('',(4.623106790077,77.950313156414));
#11533 = CARTESIAN_POINT('',(4.63117819358,77.950209925328));
#11534 = CARTESIAN_POINT('',(4.639244370859,77.95013040526));
#11535 = CARTESIAN_POINT('',(4.64730941129,77.950071689341));
#11536 = CARTESIAN_POINT('',(4.655375722832,77.950030859014));
#11537 = CARTESIAN_POINT('',(4.663446171417,77.950004998846));
#11538 = CARTESIAN_POINT('',(4.671523494996,77.949991192605));
#11539 = CARTESIAN_POINT('',(4.679610498272,77.949986524119));
#11540 = CARTESIAN_POINT('',(4.68770984999,77.949988077782));
#11541 = CARTESIAN_POINT('',(4.695824689248,77.949992935665));
#11542 = CARTESIAN_POINT('',(4.703956393021,77.949998188559));
#11543 = CARTESIAN_POINT('',(4.71211288964,77.950000894706));
#11544 = CARTESIAN_POINT('',(4.720277627028,77.949998233817));
#11545 = CARTESIAN_POINT('',(4.728431813522,77.949993247947));
#11546 = CARTESIAN_POINT('',(4.736581132344,77.94998885766));
#11547 = CARTESIAN_POINT('',(4.74472471166,77.949988016149));
#11548 = CARTESIAN_POINT('',(4.752863438738,77.949993667573));
#11549 = CARTESIAN_POINT('',(4.7609977319,77.950008759608));
#11550 = CARTESIAN_POINT('',(4.769128137249,77.950036234887));
#11551 = CARTESIAN_POINT('',(4.77725516849,77.950079052706));
#11552 = CARTESIAN_POINT('',(4.785379349604,77.950140110747));
#11553 = CARTESIAN_POINT('',(4.79350120305,77.950222536486));
#11554 = CARTESIAN_POINT('',(4.801621252989,77.950328599835));
#11555 = CARTESIAN_POINT('',(4.809740022902,77.950463771173));
#11556 = CARTESIAN_POINT('',(4.817858035386,77.950637848084));
#11557 = CARTESIAN_POINT('',(4.825975798615,77.950857434463));
#11558 = CARTESIAN_POINT('',(4.834093868488,77.951129968047));
#11559 = CARTESIAN_POINT('',(4.842212615246,77.951462744885));
#11560 = CARTESIAN_POINT('',(4.850333093608,77.951862793942));
#11561 = CARTESIAN_POINT('',(4.85845379152,77.952339364808));
#11562 = CARTESIAN_POINT('',(4.866582732114,77.952902972405));
#11563 = CARTESIAN_POINT('',(4.874692327421,77.953559306579));
#11564 = CARTESIAN_POINT('',(4.882766793962,77.954316911986));
#11565 = CARTESIAN_POINT('',(4.891031681635,77.955213946221));
#11566 = CARTESIAN_POINT('',(4.899419767008,77.956255506051));
#11567 = CARTESIAN_POINT('',(4.907734969446,77.957433897726));
#11568 = CARTESIAN_POINT('',(4.916030452936,77.958768935206));
#11569 = CARTESIAN_POINT('',(4.924292596227,77.960273061852));
#11570 = CARTESIAN_POINT('',(4.932525672407,77.961960695713));
#11571 = CARTESIAN_POINT('',(4.940729158695,77.963845726679));
#11572 = CARTESIAN_POINT('',(4.948903816015,77.965942182597));
#11573 = CARTESIAN_POINT('',(4.957050059292,77.968264067635));
#11574 = CARTESIAN_POINT('',(4.965168395138,77.970825342732));
#11575 = CARTESIAN_POINT('',(4.973259299343,77.97364016541));
#11576 = CARTESIAN_POINT('',(4.981323267799,77.976721950093));
#11577 = CARTESIAN_POINT('',(4.989360733954,77.980086887018));
#11578 = CARTESIAN_POINT('',(4.997371992985,77.983754495128));
#11579 = CARTESIAN_POINT('',(5.005357408804,77.987741548004));
#11580 = CARTESIAN_POINT('',(5.01331722043,77.992065455758));
#11581 = CARTESIAN_POINT('',(5.021252001212,77.996743827725));
#11582 = CARTESIAN_POINT('',(5.02916101557,78.001792839828));
#11583 = CARTESIAN_POINT('',(5.037048292282,78.007234882652));
#11584 = CARTESIAN_POINT('',(5.044899584884,78.013075301433));
#11585 = CARTESIAN_POINT('',(5.052768708093,78.01938264041));
#11586 = CARTESIAN_POINT('',(5.060455343459,78.025989630525));
#11587 = CARTESIAN_POINT('',(5.068631764237,78.033524264298));
#11588 = CARTESIAN_POINT('',(5.078015450029,78.042870523411));
#11589 = CARTESIAN_POINT('',(5.086925432401,78.052494716651));
#11590 = CARTESIAN_POINT('',(5.095811770275,78.062829899377));
#11591 = CARTESIAN_POINT('',(5.104553486832,78.073782138764));
#11592 = CARTESIAN_POINT('',(5.113182584399,78.085398708156));
#11593 = CARTESIAN_POINT('',(5.121690044392,78.097689044406));
#11594 = CARTESIAN_POINT('',(5.130077809268,78.11067272416));
#11595 = CARTESIAN_POINT('',(5.1383448516,78.124366601376));
#11596 = CARTESIAN_POINT('',(5.146490912843,78.138788280986));
#11597 = CARTESIAN_POINT('',(5.154515476434,78.153955086698));
#11598 = CARTESIAN_POINT('',(5.162418134009,78.169884716155));
#11599 = CARTESIAN_POINT('',(5.170198145003,78.186593652479));
#11600 = CARTESIAN_POINT('',(5.177854287523,78.204094917305));
#11601 = CARTESIAN_POINT('',(5.185385604916,78.222402830097));
#11602 = CARTESIAN_POINT('',(5.192790911434,78.24153104479));
#11603 = CARTESIAN_POINT('',(5.200069362817,78.261494579608));
#11604 = CARTESIAN_POINT('',(5.20721867433,78.282303661149));
#11605 = CARTESIAN_POINT('',(5.214241572472,78.303985107158));
#11606 = CARTESIAN_POINT('',(5.221120772846,78.32649136444));
#11607 = CARTESIAN_POINT('',(5.227913393613,78.350051339172));
#11608 = CARTESIAN_POINT('',(5.234398596209,78.373862010523));
#11609 = CARTESIAN_POINT('',(5.241392084332,78.400963541905));
#11610 = CARTESIAN_POINT('',(5.2496988111,78.435523423779));
#11611 = CARTESIAN_POINT('',(5.257266480861,78.469500719516));
#11612 = CARTESIAN_POINT('',(5.264641797464,78.50502257887));
#11613 = CARTESIAN_POINT('',(5.271676104659,78.541500634412));
#11614 = CARTESIAN_POINT('',(5.278403024963,78.579040501061));
#11615 = CARTESIAN_POINT('',(5.284822229493,78.617687381533));
#11616 = CARTESIAN_POINT('',(5.290886710585,78.657030911469));
#11617 = CARTESIAN_POINT('',(5.296770165658,78.698511469973));
#11618 = CARTESIAN_POINT('',(5.301810052838,78.736613666865));
#11619 = CARTESIAN_POINT('',(5.308531555456,78.792309484406));
#11620 = CARTESIAN_POINT('',(5.314303229376,78.845812273243));
#11621 = CARTESIAN_POINT('',(5.319704777262,78.901339546062));
#11622 = CARTESIAN_POINT('',(5.324577646903,78.957643938015));
#11623 = CARTESIAN_POINT('',(5.328959397503,79.014974234369));
#11624 = CARTESIAN_POINT('',(5.3328350586,79.073178328175));
#11625 = CARTESIAN_POINT('',(5.336203733055,79.132211531228));
#11626 = CARTESIAN_POINT('',(5.339060734571,79.19200037256));
#11627 = CARTESIAN_POINT('',(5.341402361788,79.252479093519));
#11628 = CARTESIAN_POINT('',(5.343224611507,79.313579868942));
#11629 = CARTESIAN_POINT('',(5.344523519994,79.3752354274));
#11630 = CARTESIAN_POINT('',(5.345295075259,79.437378349041));
#11631 = CARTESIAN_POINT('',(5.345455185786,79.479086952327));
#11632 = CARTESIAN_POINT('',(5.345446004584,79.5000000193));
#11633 = ( GEOMETRIC_REPRESENTATION_CONTEXT(2) 
PARAMETRIC_REPRESENTATION_CONTEXT() REPRESENTATION_CONTEXT('2D SPACE',''
  ) );
#11634 = ORIENTED_EDGE('',*,*,#10663,.T.);
#11635 = ORIENTED_EDGE('',*,*,#10627,.T.);
#11636 = ADVANCED_FACE('',(#11637),#10950,.T.);
#11637 = FACE_BOUND('',#11638,.T.);
#11638 = EDGE_LOOP('',(#11639,#11640));
#11639 = ORIENTED_EDGE('',*,*,#10686,.T.);
#11640 = ORIENTED_EDGE('',*,*,#11188,.T.);
#11641 = ADVANCED_FACE('',(#11642),#10613,.F.);
#11642 = FACE_BOUND('',#11643,.F.);
#11643 = EDGE_LOOP('',(#11644,#11667,#12034,#12439,#12462,#12488,#12489,
    #12926,#13171,#13172));
#11644 = ORIENTED_EDGE('',*,*,#11645,.F.);
#11645 = EDGE_CURVE('',#11646,#10593,#11648,.T.);
#11646 = VERTEX_POINT('',#11647);
#11647 = CARTESIAN_POINT('',(4.737430326577,-274.3487552755,
    -229.5000025474));
#11648 = SEAM_CURVE('',#11649,(#11653,#11660),.PCURVE_S1.);
#11649 = LINE('',#11650,#11651);
#11650 = CARTESIAN_POINT('',(-27.17187239093,-274.3482204811,
    -229.4999999999));
#11651 = VECTOR('',#11652,1.);
#11652 = DIRECTION('',(1.,-2.435520001868E-07,3.064102027429E-16));
#11653 = PCURVE('',#10613,#11654);
#11654 = DEFINITIONAL_REPRESENTATION('',(#11655),#11659);
#11655 = LINE('',#11656,#11657);
#11656 = CARTESIAN_POINT('',(0.,4.192202140985E-13));
#11657 = VECTOR('',#11658,1.);
#11658 = DIRECTION('',(0.,1.));
#11659 = ( GEOMETRIC_REPRESENTATION_CONTEXT(2) 
PARAMETRIC_REPRESENTATION_CONTEXT() REPRESENTATION_CONTEXT('2D SPACE',''
  ) );
#11660 = PCURVE('',#10613,#11661);
#11661 = DEFINITIONAL_REPRESENTATION('',(#11662),#11666);
#11662 = LINE('',#11663,#11664);
#11663 = CARTESIAN_POINT('',(6.28318530718,4.192202140985E-13));
#11664 = VECTOR('',#11665,1.);
#11665 = DIRECTION('',(0.,1.));
#11666 = ( GEOMETRIC_REPRESENTATION_CONTEXT(2) 
PARAMETRIC_REPRESENTATION_CONTEXT() REPRESENTATION_CONTEXT('2D SPACE',''
  ) );
#11667 = ORIENTED_EDGE('',*,*,#11668,.F.);
#11668 = EDGE_CURVE('',#11669,#11646,#11671,.T.);
#11669 = VERTEX_POINT('',#11670);
#11670 = CARTESIAN_POINT('',(-1.7889623355E-02,-275.8992352985,
    -227.9499838151));
#11671 = SURFACE_CURVE('',#11672,(#11753,#11870),.PCURVE_S1.);
#11672 = B_SPLINE_CURVE_WITH_KNOTS('',3,(#11673,#11674,#11675,#11676,
    #11677,#11678,#11679,#11680,#11681,#11682,#11683,#11684,#11685,
    #11686,#11687,#11688,#11689,#11690,#11691,#11692,#11693,#11694,
    #11695,#11696,#11697,#11698,#11699,#11700,#11701,#11702,#11703,
    #11704,#11705,#11706,#11707,#11708,#11709,#11710,#11711,#11712,
    #11713,#11714,#11715,#11716,#11717,#11718,#11719,#11720,#11721,
    #11722,#11723,#11724,#11725,#11726,#11727,#11728,#11729,#11730,
    #11731,#11732,#11733,#11734,#11735,#11736,#11737,#11738,#11739,
    #11740,#11741,#11742,#11743,#11744,#11745,#11746,#11747,#11748,
    #11749,#11750,#11751,#11752),.UNSPECIFIED.,.F.,.F.,(4,2,2,2,2,2,2,1,
    1,1,2,2,2,2,1,1,1,2,2,2,2,2,2,2,2,2,2,2,1,2,1,1,2,2,2,2,1,1,1,2,2,2,
    2,2,2,4),(0.5,0.53125,0.546875,0.5546875,0.5625,0.59375,0.609375,
    0.6171875,0.62109375,0.623046875,0.6240234375,0.625,0.65625,0.671875
    ,0.6796875,0.68359375,0.685546875,0.6865234375,0.6875,0.703125,
    0.7109375,0.712890625,0.71484375,0.71875,0.75,0.765625,0.78125,
    0.7890625,0.796875,0.8046875,0.80859375,0.810546875,0.8115234375,
    0.8125,0.84375,0.859375,0.8671875,0.87109375,0.873046875,
    0.8740234375,0.875,0.90625,0.921875,0.9296875,0.9375,1.),
  .UNSPECIFIED.);
#11673 = CARTESIAN_POINT('',(-1.789086964899E-02,-275.8999677617,
    -227.9499721314));
#11674 = CARTESIAN_POINT('',(0.221503646835,-275.9003755336,
    -227.94997229));
#11675 = CARTESIAN_POINT('',(0.459753196512,-275.8902829324,
    -227.9498618803));
#11676 = CARTESIAN_POINT('',(0.815410070819,-275.8594050084,
    -227.950452997));
#11677 = CARTESIAN_POINT('',(0.933676120553,-275.84648926,
    -227.9507961769));
#11678 = CARTESIAN_POINT('',(1.110645832602,-275.8231963752,
    -227.9518251354));
#11679 = CARTESIAN_POINT('',(1.169564176192,-275.8147790429,
    -227.9522550648));
#11680 = CARTESIAN_POINT('',(1.287257742523,-275.7966439003,
    -227.9533528241));
#11681 = CARTESIAN_POINT('',(1.344249213895,-275.7872409718,
    -227.95399563));
#11682 = CARTESIAN_POINT('',(1.646686282307,-275.7338474696,
    -227.9582392031));
#11683 = CARTESIAN_POINT('',(1.881639159516,-275.6810722689,
    -227.9641198656));
#11684 = CARTESIAN_POINT('',(2.223573309049,-275.587845587,
    -227.9812705645));
#11685 = CARTESIAN_POINT('',(2.335802164514,-275.5544372498,
    -227.9883931789));
#11686 = CARTESIAN_POINT('',(2.50152165614,-275.5010960717,
    -228.001900468));
#11687 = CARTESIAN_POINT('',(2.583725454061,-275.4736201354,
    -228.0093612667));
#11688 = CARTESIAN_POINT('',(2.678481976156,-275.4402364824,
    -228.0194716724));
#11689 = CARTESIAN_POINT('',(2.725573260001,-275.4232245333,
    -228.0249002465));
#11690 = CARTESIAN_POINT('',(2.745693743677,-275.4158664371,
    -228.0273091364));
#11691 = CARTESIAN_POINT('',(2.759093733879,-275.4109462467,
    -228.0289336278));
#11692 = CARTESIAN_POINT('',(2.764566156669,-275.4089305869,
    -228.0296034486));
#11693 = CARTESIAN_POINT('',(3.025499435028,-275.3123513945,
    -228.0620308741));
#11694 = CARTESIAN_POINT('',(3.25624592285,-275.2134212134,
    -228.1051915039));
#11695 = CARTESIAN_POINT('',(3.568946072336,-275.0635789516,
    -228.193327569));
#11696 = CARTESIAN_POINT('',(3.667609525124,-275.0134239815,
    -228.2265983946));
#11697 = CARTESIAN_POINT('',(3.807249808745,-274.9390084673,
    -228.282933211));
#11698 = CARTESIAN_POINT('',(3.874981226664,-274.9020084083,
    -228.3127057247));
#11699 = CARTESIAN_POINT('',(3.95034594743,-274.8594884493,
    -228.3503519322));
#11700 = CARTESIAN_POINT('',(3.98711449111,-274.8384282688,
    -228.369913347));
#11701 = CARTESIAN_POINT('',(4.002676620537,-274.8294494347,
    -228.3784560583));
#11702 = CARTESIAN_POINT('',(4.013007858407,-274.8234744478,
    -228.3841866956));
#11703 = CARTESIAN_POINT('',(4.016756118675,-274.8213033622,
    -228.386279374));
#11704 = CARTESIAN_POINT('',(4.127557103358,-274.7569190476,
    -228.449030734));
#11705 = CARTESIAN_POINT('',(4.220105709123,-274.7003930775,
    -228.5138211129));
#11706 = CARTESIAN_POINT('',(4.341326606865,-274.6234716391,
    -228.6187920378));
#11707 = CARTESIAN_POINT('',(4.378799904294,-274.599142162,
    -228.6550759722));
#11708 = CARTESIAN_POINT('',(4.421974440476,-274.5705478089,
    -228.7019333703));
#11709 = CARTESIAN_POINT('',(4.430425993432,-274.5649197935,
    -228.7113798939));
#11710 = CARTESIAN_POINT('',(4.446962390784,-274.5538498567,
    -228.7304198439));
#11711 = CARTESIAN_POINT('',(4.454790461887,-274.5485796853,
    -228.7396634132));
#11712 = CARTESIAN_POINT('',(4.484309072317,-274.5286250576,
    -228.7758644825));
#11713 = CARTESIAN_POINT('',(4.502926583646,-274.5159427347,
    -228.80039514));
#11714 = CARTESIAN_POINT('',(4.660930124984,-274.4076125173,
    -229.0244570863));
#11715 = CARTESIAN_POINT('',(4.733393867024,-274.3533054246,
    -229.2452754161));
#11716 = CARTESIAN_POINT('',(4.740311090949,-274.3477025895,
    -229.5894798145));
#11717 = CARTESIAN_POINT('',(4.723834084359,-274.358587041,
    -229.7071559233));
#11718 = CARTESIAN_POINT('',(4.653314575385,-274.4088869794,
    -229.9420095138));
#11719 = CARTESIAN_POINT('',(4.605060362158,-274.4445680126,
    -230.0451387879));
#11720 = CARTESIAN_POINT('',(4.511882244613,-274.5100695733,
    -230.1892786952));
#11721 = CARTESIAN_POINT('',(4.475269207172,-274.535226032,
    -230.2372530463));
#11722 = CARTESIAN_POINT('',(4.409147296319,-274.5795110739,
    -230.3138786728));
#11723 = CARTESIAN_POINT('',(4.337005112931,-274.6268430878,
    -230.388197822));
#11724 = CARTESIAN_POINT('',(4.252822384472,-274.6797227125,
    -230.45749418));
#11725 = CARTESIAN_POINT('',(4.185170133727,-274.7212511759,
    -230.5074525349));
#11726 = CARTESIAN_POINT('',(4.150215207254,-274.7424825018,
    -230.5319285976));
#11727 = CARTESIAN_POINT('',(4.107459057776,-274.7680227213,
    -230.5595788482));
#11728 = CARTESIAN_POINT('',(4.088711693302,-274.7791285211,
    -230.5712325878));
#11729 = CARTESIAN_POINT('',(4.076119383561,-274.7865673763,
    -230.5789578494));
#11730 = CARTESIAN_POINT('',(4.068470800227,-274.7910711931,
    -230.5835785953));
#11731 = CARTESIAN_POINT('',(3.900671524248,-274.8896500702,
    -230.6838504026));
#11732 = CARTESIAN_POINT('',(3.715268289098,-274.9916548525,
    -230.7619692409));
#11733 = CARTESIAN_POINT('',(3.403130257801,-275.1436297787,
    -230.8545505695));
#11734 = CARTESIAN_POINT('',(3.293412050939,-275.1941556209,
    -230.8813454856));
#11735 = CARTESIAN_POINT('',(3.120326446004,-275.2687647682,
    -230.9161629178));
#11736 = CARTESIAN_POINT('',(3.031656569876,-275.3057780265,
    -230.9322293938));
#11737 = CARTESIAN_POINT('',(2.924486002153,-275.3482723469,
    -230.9487946227));
#11738 = CARTESIAN_POINT('',(2.869970123565,-275.3693278972,
    -230.9565542559));
#11739 = CARTESIAN_POINT('',(2.846406762443,-275.3783085946,
    -230.9597700774));
#11740 = CARTESIAN_POINT('',(2.830653540994,-275.3842859251,
    -230.9618898328));
#11741 = CARTESIAN_POINT('',(2.821553474998,-275.3877214516,
    -230.963094751));
#11742 = CARTESIAN_POINT('',(2.599805800314,-275.4711122194,
    -230.9920944558));
#11743 = CARTESIAN_POINT('',(2.377596838809,-275.5444123455,
    -231.0101798226));
#11744 = CARTESIAN_POINT('',(2.033512026566,-275.6401080461,
    -231.0284812944));
#11745 = CARTESIAN_POINT('',(1.917021860821,-275.6696563184,
    -231.0330995005));
#11746 = CARTESIAN_POINT('',(1.739593769705,-275.7102720557,
    -231.0384551559));
#11747 = CARTESIAN_POINT('',(1.680002265584,-275.7231938715,
    -231.0399774201));
#11748 = CARTESIAN_POINT('',(1.559921643176,-275.7477842518,
    -231.0425919248));
#11749 = CARTESIAN_POINT('',(1.497574339529,-275.7597893409,
    -231.0437122501));
#11750 = CARTESIAN_POINT('',(0.965856679441,-275.8560747339,
    -231.0517458678));
#11751 = CARTESIAN_POINT('',(0.487965123652,-275.8994435771,
    -231.049972112));
#11752 = CARTESIAN_POINT('',(4.819932152003E-03,-275.899999998,
    -231.049971884));
#11753 = PCURVE('',#10613,#11754);
#11754 = DEFINITIONAL_REPRESENTATION('',(#11755),#11869);
#11755 = B_SPLINE_CURVE_WITH_KNOTS('',3,(#11756,#11757,#11758,#11759,
    #11760,#11761,#11762,#11763,#11764,#11765,#11766,#11767,#11768,
    #11769,#11770,#11771,#11772,#11773,#11774,#11775,#11776,#11777,
    #11778,#11779,#11780,#11781,#11782,#11783,#11784,#11785,#11786,
    #11787,#11788,#11789,#11790,#11791,#11792,#11793,#11794,#11795,
    #11796,#11797,#11798,#11799,#11800,#11801,#11802,#11803,#11804,
    #11805,#11806,#11807,#11808,#11809,#11810,#11811,#11812,#11813,
    #11814,#11815,#11816,#11817,#11818,#11819,#11820,#11821,#11822,
    #11823,#11824,#11825,#11826,#11827,#11828,#11829,#11830,#11831,
    #11832,#11833,#11834,#11835,#11836,#11837,#11838,#11839,#11840,
    #11841,#11842,#11843,#11844,#11845,#11846,#11847,#11848,#11849,
    #11850,#11851,#11852,#11853,#11854,#11855,#11856,#11857,#11858,
    #11859,#11860,#11861,#11862,#11863,#11864,#11865,#11866,#11867,
    #11868),.UNSPECIFIED.,.F.,.F.,(4,1,1,1,1,1,1,1,1,1,1,1,1,1,1,1,1,1,1
    ,1,1,1,1,1,1,1,1,1,1,1,1,1,1,1,1,1,1,1,1,1,1,1,1,1,1,1,1,1,1,1,1,1,1
    ,1,1,1,1,1,1,1,1,1,1,1,1,1,1,1,1,1,1,1,1,1,1,1,1,1,1,1,1,1,1,1,1,1,1
    ,1,1,1,1,1,1,1,1,1,1,1,1,1,1,1,1,1,1,1,1,1,1,1,4),(0.5,
    0.502283132695,0.50456626539,0.506849398085,0.50913253078,
    0.511415663475,0.51369879617,0.515981928865,0.51826506156,
    0.520548194255,0.52283132695,0.525114459645,0.52739759234,
    0.529680725035,0.53196385773,0.534246990425,0.53653012312,
    0.538813255815,0.54109638851,0.543379521205,0.5456626539,
    0.547945786595,0.55022891929,0.552512051985,0.55479518468,
    0.557078317375,0.55936145007,0.561644582765,0.56392771546,
    0.566210848155,0.56849398085,0.570777113545,0.57306024624,
    0.575343378935,0.57762651163,0.579909644325,0.58219277702,
    0.584475909716,0.586759042411,0.589042175106,0.591325307801,
    0.593608440496,0.595891573191,0.598174705886,0.600457838581,
    0.602740971276,0.605024103971,0.607307236666,0.609590369361,
    0.611873502056,0.614156634751,0.616439767446,0.618722900141,
    0.621006032836,0.623289165531,0.625572298226,0.627855430921,
    0.630138563616,0.632421696311,0.634704829006,0.636987961701,
    0.639271094396,0.641554227091,0.643837359786,0.646120492481,
    0.648403625176,0.650686757871,0.652969890566,0.655253023261,
    0.657536155956,0.659819288651,0.662102421346,0.664385554041,
    0.666668686736,0.668951819431,0.671234952126,0.673518084821,
    0.675801217516,0.678084350211,0.680367482906,0.682650615601,
    0.684933748296,0.687216880991,0.689500013686,0.691783146381,
    0.694066279076,0.696349411771,0.698632544466,0.700915677161,
    0.703198809856,0.705481942551,0.707765075246,0.710048207941,
    0.712331340636,0.714614473331,0.716897606026,0.719180738721,
    0.721463871416,0.723747004111,0.726030136806,0.728313269501,
    0.730596402196,0.732879534891,0.735162667586,0.737445800281,
    0.739728932976,0.742012065671,0.744295198366,0.746578331061,
    0.748861463756,0.751144596451),.QUASI_UNIFORM_KNOTS.);
#11756 = CARTESIAN_POINT('',(1.571919317179,27.153981899214));
#11757 = CARTESIAN_POINT('',(1.571938534714,27.171472121544));
#11758 = CARTESIAN_POINT('',(1.571904648929,27.20644034297));
#11759 = CARTESIAN_POINT('',(1.571636871915,27.258856005408));
#11760 = CARTESIAN_POINT('',(1.571152160925,27.311234998144));
#11761 = CARTESIAN_POINT('',(1.570450529833,27.363577321177));
#11762 = CARTESIAN_POINT('',(1.569531990429,27.415882974509));
#11763 = CARTESIAN_POINT('',(1.568396551464,27.468151958139));
#11764 = CARTESIAN_POINT('',(1.567044217916,27.520384272067));
#11765 = CARTESIAN_POINT('',(1.565474990579,27.572579916293));
#11766 = CARTESIAN_POINT('',(1.563688865963,27.624738890817));
#11767 = CARTESIAN_POINT('',(1.561685836493,27.67686119564));
#11768 = CARTESIAN_POINT('',(1.559465891002,27.728946830757));
#11769 = CARTESIAN_POINT('',(1.557029015602,27.78099579619));
#11770 = CARTESIAN_POINT('',(1.55437519458,27.833008091852));
#11771 = CARTESIAN_POINT('',(1.551504412679,27.88498371807));
#11772 = CARTESIAN_POINT('',(1.548416648359,27.936922673625));
#11773 = CARTESIAN_POINT('',(1.545111951303,27.988824963067));
#11774 = CARTESIAN_POINT('',(1.541590348692,28.040690569411));
#11775 = CARTESIAN_POINT('',(1.537851843207,28.092519556048));
#11776 = CARTESIAN_POINT('',(1.533896451858,28.144311686402));
#11777 = CARTESIAN_POINT('',(1.529724051506,28.196067843385));
#11778 = CARTESIAN_POINT('',(1.52533495866,28.247784731925));
#11779 = CARTESIAN_POINT('',(1.520727804371,28.299474649399));
#11780 = CARTESIAN_POINT('',(1.515907859827,28.351091701369));
#11781 = CARTESIAN_POINT('',(1.510855544791,28.402807168211));
#11782 = CARTESIAN_POINT('',(1.505644536407,28.453975806877));
#11783 = CARTESIAN_POINT('',(1.500235916586,28.50493863986));
#11784 = CARTESIAN_POINT('',(1.494526144753,28.556602200314));
#11785 = CARTESIAN_POINT('',(1.488418913932,28.609807520958));
#11786 = CARTESIAN_POINT('',(1.482127561631,28.662531739061));
#11787 = CARTESIAN_POINT('',(1.475618362458,28.715100740498));
#11788 = CARTESIAN_POINT('',(1.468900792789,28.767427204412));
#11789 = CARTESIAN_POINT('',(1.461972665573,28.819534528358));
#11790 = CARTESIAN_POINT('',(1.454834829853,28.871416442979));
#11791 = CARTESIAN_POINT('',(1.447487230841,28.923074628146));
#11792 = CARTESIAN_POINT('',(1.439929964715,28.974508633739));
#11793 = CARTESIAN_POINT('',(1.432162995657,29.025718580367));
#11794 = CARTESIAN_POINT('',(1.424186230928,29.076704435714));
#11795 = CARTESIAN_POINT('',(1.4159995033,29.127466208439));
#11796 = CARTESIAN_POINT('',(1.40760256782,29.178003896223));
#11797 = CARTESIAN_POINT('',(1.398995135777,29.228317499686));
#11798 = CARTESIAN_POINT('',(1.39017674742,29.278407018672));
#11799 = CARTESIAN_POINT('',(1.381147254504,29.328272453187));
#11800 = CARTESIAN_POINT('',(1.371907463035,29.377913803365));
#11801 = CARTESIAN_POINT('',(1.362457480668,29.427331068672));
#11802 = CARTESIAN_POINT('',(1.352797453143,29.476524251112));
#11803 = CARTESIAN_POINT('',(1.342927361955,29.525493343207));
#11804 = CARTESIAN_POINT('',(1.332847100535,29.574238372871));
#11805 = CARTESIAN_POINT('',(1.322556369772,29.622759235934));
#11806 = CARTESIAN_POINT('',(1.312055028779,29.67105632116));
#11807 = CARTESIAN_POINT('',(1.301343746206,29.719128177674));
#11808 = CARTESIAN_POINT('',(1.290421251416,29.766980220222));
#11809 = CARTESIAN_POINT('',(1.279292058109,29.814592240695));
#11810 = CARTESIAN_POINT('',(1.267938746318,29.862039656794));
#11811 = CARTESIAN_POINT('',(1.256426539352,29.909041005832));
#11812 = CARTESIAN_POINT('',(1.244512186676,29.956646720862));
#11813 = CARTESIAN_POINT('',(1.229864666285,30.013721362908));
#11814 = CARTESIAN_POINT('',(1.215722447344,30.067354070786));
#11815 = CARTESIAN_POINT('',(1.201219377261,30.121004299325));
#11816 = CARTESIAN_POINT('',(1.186588848262,30.173745090401));
#11817 = CARTESIAN_POINT('',(1.171769339013,30.225824821698));
#11818 = CARTESIAN_POINT('',(1.156778052783,30.277176940619));
#11819 = CARTESIAN_POINT('',(1.141610796046,30.327819279883));
#11820 = CARTESIAN_POINT('',(1.126268800714,30.377747061229));
#11821 = CARTESIAN_POINT('',(1.110751533598,30.426961564991));
#11822 = CARTESIAN_POINT('',(1.095058615754,30.47546244811));
#11823 = CARTESIAN_POINT('',(1.079189317852,30.523249802507));
#11824 = CARTESIAN_POINT('',(1.063142644602,30.57032360357));
#11825 = CARTESIAN_POINT('',(1.046917490309,30.616683857835));
#11826 = CARTESIAN_POINT('',(1.030511924604,30.66233056379));
#11827 = CARTESIAN_POINT('',(1.013928941189,30.707263720964));
#11828 = CARTESIAN_POINT('',(0.997169063881,30.751483332776));
#11829 = CARTESIAN_POINT('',(0.980232762698,30.794989386036));
#11830 = CARTESIAN_POINT('',(0.963120112213,30.83778193011));
#11831 = CARTESIAN_POINT('',(0.945831014921,30.879860780747));
#11832 = CARTESIAN_POINT('',(0.92836461374,30.921226625602));
#11833 = CARTESIAN_POINT('',(0.910721386708,30.961876898327));
#11834 = CARTESIAN_POINT('',(0.892897311778,31.00182117668));
#11835 = CARTESIAN_POINT('',(0.874911379715,31.041023716));
#11836 = CARTESIAN_POINT('',(0.856692867869,31.079617917199));
#11837 = CARTESIAN_POINT('',(0.838504713073,31.117105921311));
#11838 = CARTESIAN_POINT('',(0.819365067297,31.155345763318));
#11839 = CARTESIAN_POINT('',(0.802939282105,31.187403162276));
#11840 = CARTESIAN_POINT('',(0.77747117223,31.23548501986));
#11841 = CARTESIAN_POINT('',(0.753804793556,31.278344274973));
#11842 = CARTESIAN_POINT('',(0.729543121784,31.320696823646));
#11843 = CARTESIAN_POINT('',(0.705328979371,31.361279024759));
#11844 = CARTESIAN_POINT('',(0.680990183094,31.400429546787));
#11845 = CARTESIAN_POINT('',(0.656572966306,31.438057356985));
#11846 = CARTESIAN_POINT('',(0.632062940828,31.47418791789));
#11847 = CARTESIAN_POINT('',(0.60746763479,31.50881041213));
#11848 = CARTESIAN_POINT('',(0.582770319168,31.541942646685));
#11849 = CARTESIAN_POINT('',(0.558033866604,31.573524211043));
#11850 = CARTESIAN_POINT('',(0.533023932815,31.603778940301));
#11851 = CARTESIAN_POINT('',(0.508613943558,31.631871904618));
#11852 = CARTESIAN_POINT('',(0.475716002393,31.6674321293));
#11853 = CARTESIAN_POINT('',(0.44487760542,31.698377758524));
#11854 = CARTESIAN_POINT('',(0.41343419116,31.727799931735));
#11855 = CARTESIAN_POINT('',(0.382111693735,31.754869983613));
#11856 = CARTESIAN_POINT('',(0.350706169747,31.779810344797));
#11857 = CARTESIAN_POINT('',(0.319262408381,31.802561805524));
#11858 = CARTESIAN_POINT('',(0.287758067338,31.823140621684));
#11859 = CARTESIAN_POINT('',(0.256188254533,31.841542826949));
#11860 = CARTESIAN_POINT('',(0.22454281632,31.857769878216));
#11861 = CARTESIAN_POINT('',(0.192812371539,31.871821761706));
#11862 = CARTESIAN_POINT('',(0.160986675911,31.883698923107));
#11863 = CARTESIAN_POINT('',(0.12905494197,31.89340144092));
#11864 = CARTESIAN_POINT('',(9.70060321002E-02,31.900930402932));
#11865 = CARTESIAN_POINT('',(6.482723230297E-02,31.906283226963));
#11866 = CARTESIAN_POINT('',(3.250886200318E-02,31.909471001424));
#11867 = CARTESIAN_POINT('',(1.085428388632E-02,31.910126202025));
#11868 = CARTESIAN_POINT('',(-3.56400885515E-06,31.910082081897));
#11869 = ( GEOMETRIC_REPRESENTATION_CONTEXT(2) 
PARAMETRIC_REPRESENTATION_CONTEXT() REPRESENTATION_CONTEXT('2D SPACE',''
  ) );
#11870 = PCURVE('',#11871,#11876);
#11871 = CYLINDRICAL_SURFACE('',#11872,1.549999999989);
#11872 = AXIS2_PLACEMENT_3D('',#11873,#11874,#11875);
#11873 = CARTESIAN_POINT('',(11.81050831406,-275.899364897,
    -229.4999720141));
#11874 = DIRECTION('',(-1.,2.628618675401E-11,-3.064104139678E-16));
#11875 = DIRECTION('',(-2.628618675401E-11,-1.,3.154120254708E-31));
#11876 = DEFINITIONAL_REPRESENTATION('',(#11877),#12033);
#11877 = B_SPLINE_CURVE_WITH_KNOTS('',10,(#11878,#11879,#11880,#11881,
    #11882,#11883,#11884,#11885,#11886,#11887,#11888,#11889,#11890,
    #11891,#11892,#11893,#11894,#11895,#11896,#11897,#11898,#11899,
    #11900,#11901,#11902,#11903,#11904,#11905,#11906,#11907,#11908,
    #11909,#11910,#11911,#11912,#11913,#11914,#11915,#11916,#11917,
    #11918,#11919,#11920,#11921,#11922,#11923,#11924,#11925,#11926,
    #11927,#11928,#11929,#11930,#11931,#11932,#11933,#11934,#11935,
    #11936,#11937,#11938,#11939,#11940,#11941,#11942,#11943,#11944,
    #11945,#11946,#11947,#11948,#11949,#11950,#11951,#11952,#11953,
    #11954,#11955,#11956,#11957,#11958,#11959,#11960,#11961,#11962,
    #11963,#11964,#11965,#11966,#11967,#11968,#11969,#11970,#11971,
    #11972,#11973,#11974,#11975,#11976,#11977,#11978,#11979,#11980,
    #11981,#11982,#11983,#11984,#11985,#11986,#11987,#11988,#11989,
    #11990,#11991,#11992,#11993,#11994,#11995,#11996,#11997,#11998,
    #11999,#12000,#12001,#12002,#12003,#12004,#12005,#12006,#12007,
    #12008,#12009,#12010,#12011,#12012,#12013,#12014,#12015,#12016,
    #12017,#12018,#12019,#12020,#12021,#12022,#12023,#12024,#12025,
    #12026,#12027,#12028,#12029,#12030,#12031,#12032),.UNSPECIFIED.,.F.,
  .F.,(11,9,9,9,9,9,9,9,9,9,9,9,9,9,9,9,9,11),(0.5,0.531393090942,
    0.547089636414,0.562786181885,0.594179272827,0.609875818299,
    0.617724091034,0.62557236377,0.633420636505,0.641268909241,
    0.656965454712,0.672662000183,0.680510272919,0.688358545655,
    0.704055091126,0.711903363861,0.719751636597,0.751144596451),
  .UNSPECIFIED.);
#11878 = CARTESIAN_POINT('',(1.570407381617,11.828399183709));
#11879 = CARTESIAN_POINT('',(1.57032809638,11.756252016628));
#11880 = CARTESIAN_POINT('',(1.570704498361,11.684181881591));
#11881 = CARTESIAN_POINT('',(1.571536588194,11.612188778458));
#11882 = CARTESIAN_POINT('',(1.57282436651,11.540272707091));
#11883 = CARTESIAN_POINT('',(1.574567833945,11.468433667347));
#11884 = CARTESIAN_POINT('',(1.57676699113,11.396671659088));
#11885 = CARTESIAN_POINT('',(1.579421838701,11.324986682173));
#11886 = CARTESIAN_POINT('',(1.582532377288,11.253378736462));
#11887 = CARTESIAN_POINT('',(1.586098607527,11.181847821814));
#11888 = CARTESIAN_POINT('',(1.592131491312,11.074666996228));
#11889 = CARTESIAN_POINT('',(1.594256380455,11.038959222148));
#11890 = CARTESIAN_POINT('',(1.596495193798,11.003270662792));
#11891 = CARTESIAN_POINT('',(1.598847927658,10.967601365096));
#11892 = CARTESIAN_POINT('',(1.601314578356,10.931951376007));
#11893 = CARTESIAN_POINT('',(1.603895142205,10.896320742456));
#11894 = CARTESIAN_POINT('',(1.606589615529,10.860709511392));
#11895 = CARTESIAN_POINT('',(1.609397994641,10.825117729748));
#11896 = CARTESIAN_POINT('',(1.612320275863,10.78954544447));
#11897 = CARTESIAN_POINT('',(1.618392635157,10.718439960519));
#11898 = CARTESIAN_POINT('',(1.621558540243,10.682756880326));
#11899 = CARTESIAN_POINT('',(1.624780424817,10.647628258519));
#11900 = CARTESIAN_POINT('',(1.628171844912,10.612020182739));
#11901 = CARTESIAN_POINT('',(1.631724419095,10.575997841606));
#11902 = CARTESIAN_POINT('',(1.635326104557,10.540569170824));
#11903 = CARTESIAN_POINT('',(1.638923473377,10.506219055277));
#11904 = CARTESIAN_POINT('',(1.642644473898,10.471798808581));
#11905 = CARTESIAN_POINT('',(1.646698161847,10.435435649831));
#11906 = CARTESIAN_POINT('',(1.659207334584,10.326509396678));
#11907 = CARTESIAN_POINT('',(1.668104209835,10.253322585053));
#11908 = CARTESIAN_POINT('',(1.677269050501,10.182194875956));
#11909 = CARTESIAN_POINT('',(1.686970423916,10.110663798188));
#11910 = CARTESIAN_POINT('',(1.697161353651,10.039153656133));
#11911 = CARTESIAN_POINT('',(1.707715369021,9.968815721336));
#11912 = CARTESIAN_POINT('',(1.718688801267,9.899134757901));
#11913 = CARTESIAN_POINT('',(1.730186859765,9.829159216922));
#11914 = CARTESIAN_POINT('',(1.742071930186,9.760165967821));
#11915 = CARTESIAN_POINT('',(1.760584202602,9.657202968911));
#11916 = CARTESIAN_POINT('',(1.766865275483,9.622999871071));
#11917 = CARTESIAN_POINT('',(1.773256691738,9.588914568992));
#11918 = CARTESIAN_POINT('',(1.779758479329,9.554946956629));
#11919 = CARTESIAN_POINT('',(1.78637066622,9.521096927956));
#11920 = CARTESIAN_POINT('',(1.793093280373,9.48736437692));
#11921 = CARTESIAN_POINT('',(1.799926349753,9.453749197497));
#11922 = CARTESIAN_POINT('',(1.806869902323,9.420251283638));
#11923 = CARTESIAN_POINT('',(1.813923966045,9.386870529311));
#11924 = CARTESIAN_POINT('',(1.824670870304,9.336974978058));
#11925 = CARTESIAN_POINT('',(1.828279170075,9.320379673094));
#11926 = CARTESIAN_POINT('',(1.831915407838,9.303812383698));
#11927 = CARTESIAN_POINT('',(1.835580675902,9.28726826835));
#11928 = CARTESIAN_POINT('',(1.839275219246,9.270746173953));
#11929 = CARTESIAN_POINT('',(1.842998435518,9.254248635741));
#11930 = CARTESIAN_POINT('',(1.846748875038,9.237781877397));
#11931 = CARTESIAN_POINT('',(1.850524240792,9.221355810933));
#11932 = CARTESIAN_POINT('',(1.854321388438,9.204984036785));
#11933 = CARTESIAN_POINT('',(1.861951264167,9.172383650728));
#11934 = CARTESIAN_POINT('',(1.865765049407,9.15623262881));
#11935 = CARTESIAN_POINT('',(1.869724411845,9.139620092211));
#11936 = CARTESIAN_POINT('',(1.87374664999,9.122889645703));
#11937 = CARTESIAN_POINT('',(1.877711503352,9.106539601632));
#11938 = CARTESIAN_POINT('',(1.881577948236,9.090738143443));
#11939 = CARTESIAN_POINT('',(1.88542591693,9.075153235318));
#11940 = CARTESIAN_POINT('',(1.889422940387,9.05909727844));
#11941 = CARTESIAN_POINT('',(1.893715714305,9.04198651336));
#11942 = CARTESIAN_POINT('',(1.902777463048,9.006243824425));
#11943 = CARTESIAN_POINT('',(1.907541253359,8.987620129414));
#11944 = CARTESIAN_POINT('',(1.912715784068,8.967598405514));
#11945 = CARTESIAN_POINT('',(1.91786127101,8.947885390454));
#11946 = CARTESIAN_POINT('',(1.922751937868,8.929345272377));
#11947 = CARTESIAN_POINT('',(1.927514583506,8.911478599915));
#11948 = CARTESIAN_POINT('',(1.932388721987,8.893357756483));
#11949 = CARTESIAN_POINT('',(1.937422917042,8.874801686488));
#11950 = CARTESIAN_POINT('',(1.942421932795,8.856572562001));
#11951 = CARTESIAN_POINT('',(1.952496712254,8.820181593382));
#11952 = CARTESIAN_POINT('',(1.95755055619,8.802104942338));
#11953 = CARTESIAN_POINT('',(1.962623658351,8.784136334905));
#11954 = CARTESIAN_POINT('',(1.967718206592,8.766267345704));
#11955 = CARTESIAN_POINT('',(1.972835772614,8.748491913676));
#11956 = CARTESIAN_POINT('',(1.977977311954,8.73080634201));
#11957 = CARTESIAN_POINT('',(1.983143163992,8.713209298233));
#11958 = CARTESIAN_POINT('',(1.988333051948,8.695701814121));
#11959 = CARTESIAN_POINT('',(1.993546082885,8.67828728577));
#11960 = CARTESIAN_POINT('',(2.009250077336,8.626339849114));
#11961 = CARTESIAN_POINT('',(2.019810888526,8.592082775339));
#11962 = CARTESIAN_POINT('',(2.030463525812,8.558200285517));
#11963 = CARTESIAN_POINT('',(2.041208333741,8.524692412986));
#11964 = CARTESIAN_POINT('',(2.052045656845,8.491559191001));
#11965 = CARTESIAN_POINT('',(2.062975839678,8.458800652925));
#11966 = CARTESIAN_POINT('',(2.07399922677,8.42641683201));
#11967 = CARTESIAN_POINT('',(2.085116162672,8.394407761599));
#11968 = CARTESIAN_POINT('',(2.09632699192,8.362773474976));
#11969 = CARTESIAN_POINT('',(2.118937126198,8.300254535935));
#11970 = CARTESIAN_POINT('',(2.130334678662,8.269370311425));
#11971 = CARTESIAN_POINT('',(2.141824843792,8.238861097375));
#11972 = CARTESIAN_POINT('',(2.153407748926,8.208726659224));
#11973 = CARTESIAN_POINT('',(2.165083521408,8.178966762429));
#11974 = CARTESIAN_POINT('',(2.176852288573,8.149581172422));
#11975 = CARTESIAN_POINT('',(2.188714177768,8.120569654662));
#11976 = CARTESIAN_POINT('',(2.200669316327,8.091931974585));
#11977 = CARTESIAN_POINT('',(2.212717831595,8.063667897642));
#11978 = CARTESIAN_POINT('',(2.230930860566,8.021831835096));
#11979 = CARTESIAN_POINT('',(2.237043259377,8.007943742368));
#11980 = CARTESIAN_POINT('',(2.243131550055,7.994246538754));
#11981 = CARTESIAN_POINT('',(2.249232278944,7.980664527691));
#11982 = CARTESIAN_POINT('',(2.25539557382,7.967094509656));
#11983 = CARTESIAN_POINT('',(2.261633963788,7.95351091045));
#11984 = CARTESIAN_POINT('',(2.267908481263,7.939994216633));
#11985 = CARTESIAN_POINT('',(2.274152046062,7.926682717945));
#11986 = CARTESIAN_POINT('',(2.280330131579,7.913647556884));
#11987 = CARTESIAN_POINT('',(2.292747294537,7.887734613715));
#11988 = CARTESIAN_POINT('',(2.299101905818,7.874631567455));
#11989 = CARTESIAN_POINT('',(2.305024007593,7.862502396242));
#11990 = CARTESIAN_POINT('',(2.312334917265,7.847802841956));
#11991 = CARTESIAN_POINT('',(2.319398584957,7.833710705168));
#11992 = CARTESIAN_POINT('',(2.324811668346,7.822964146881));
#11993 = CARTESIAN_POINT('',(2.329996612258,7.812816326857));
#11994 = CARTESIAN_POINT('',(2.336965111487,7.799364392383));
#11995 = CARTESIAN_POINT('',(2.344431008021,7.785104044389));
#11996 = CARTESIAN_POINT('',(2.368228023129,7.740254272157));
#11997 = CARTESIAN_POINT('',(2.386077455817,7.707401944058));
#11998 = CARTESIAN_POINT('',(2.401811665702,7.679709782617));
#11999 = CARTESIAN_POINT('',(2.418205937383,7.65139727128));
#12000 = CARTESIAN_POINT('',(2.435342789369,7.622487508658));
#12001 = CARTESIAN_POINT('',(2.452057199449,7.595454255367));
#12002 = CARTESIAN_POINT('',(2.468494776728,7.56984708046));
#12003 = CARTESIAN_POINT('',(2.485515095582,7.543801414236));
#12004 = CARTESIAN_POINT('',(2.502304929317,7.519219286735));
#12005 = CARTESIAN_POINT('',(2.527645502312,7.483318616811));
#12006 = CARTESIAN_POINT('',(2.536120668473,7.471532775581));
#12007 = CARTESIAN_POINT('',(2.544593992273,7.459955937925));
#12008 = CARTESIAN_POINT('',(2.553062163612,7.448591616067));
#12009 = CARTESIAN_POINT('',(2.561537523798,7.437429094803));
#12010 = CARTESIAN_POINT('',(2.570036876175,7.426453646649));
#12011 = CARTESIAN_POINT('',(2.578570296765,7.41565674702));
#12012 = CARTESIAN_POINT('',(2.587129944911,7.405046289383));
#12013 = CARTESIAN_POINT('',(2.595678873909,7.394656800428));
#12014 = CARTESIAN_POINT('',(2.612600809388,7.37446251003));
#12015 = CARTESIAN_POINT('',(2.620911958029,7.364727354327));
#12016 = CARTESIAN_POINT('',(2.629773537902,7.354573140662));
#12017 = CARTESIAN_POINT('',(2.637699811116,7.345718012693));
#12018 = CARTESIAN_POINT('',(2.650252410305,7.331982858951));
#12019 = CARTESIAN_POINT('',(2.663297965473,7.31798535579));
#12020 = CARTESIAN_POINT('',(2.672709983339,7.308347848839));
#12021 = CARTESIAN_POINT('',(2.683798249826,7.29715670937));
#12022 = CARTESIAN_POINT('',(2.694296482179,7.286895797031));
#12023 = CARTESIAN_POINT('',(2.747666800766,7.236078791554));
#12024 = CARTESIAN_POINT('',(2.792276951363,7.197959094924));
#12025 = CARTESIAN_POINT('',(2.831929783281,7.170036746018));
#12026 = CARTESIAN_POINT('',(2.880563599097,7.136714795501));
#12027 = CARTESIAN_POINT('',(2.918294169514,7.120325979172));
#12028 = CARTESIAN_POINT('',(2.966232753051,7.097621241769));
#12029 = CARTESIAN_POINT('',(3.007734619435,7.086054751938));
#12030 = CARTESIAN_POINT('',(3.052660646371,7.07671302223));
#12031 = CARTESIAN_POINT('',(3.096836719451,7.072042824886));
#12032 = CARTESIAN_POINT('',(3.141614253766,7.072305416793));
#12033 = ( GEOMETRIC_REPRESENTATION_CONTEXT(2) 
PARAMETRIC_REPRESENTATION_CONTEXT() REPRESENTATION_CONTEXT('2D SPACE',''
  ) );
#12034 = ORIENTED_EDGE('',*,*,#12035,.F.);
#12035 = EDGE_CURVE('',#12036,#11669,#12038,.T.);
#12036 = VERTEX_POINT('',#12037);
#12037 = CARTESIAN_POINT('',(-4.727840007845,-274.348753742,
    -229.4999984118));
#12038 = SURFACE_CURVE('',#12039,(#12126,#12243),.PCURVE_S1.);
#12039 = B_SPLINE_CURVE_WITH_KNOTS('',3,(#12040,#12041,#12042,#12043,
    #12044,#12045,#12046,#12047,#12048,#12049,#12050,#12051,#12052,
    #12053,#12054,#12055,#12056,#12057,#12058,#12059,#12060,#12061,
    #12062,#12063,#12064,#12065,#12066,#12067,#12068,#12069,#12070,
    #12071,#12072,#12073,#12074,#12075,#12076,#12077,#12078,#12079,
    #12080,#12081,#12082,#12083,#12084,#12085,#12086,#12087,#12088,
    #12089,#12090,#12091,#12092,#12093,#12094,#12095,#12096,#12097,
    #12098,#12099,#12100,#12101,#12102,#12103,#12104,#12105,#12106,
    #12107,#12108,#12109,#12110,#12111,#12112,#12113,#12114,#12115,
    #12116,#12117,#12118,#12119,#12120,#12121,#12122,#12123,#12124,
    #12125),.UNSPECIFIED.,.F.,.F.,(4,2,2,1,2,2,2,2,1,1,1,2,2,2,2,1,1,1,2
    ,2,2,2,1,1,2,2,2,2,2,2,2,1,2,1,1,2,2,2,2,1,1,1,2,2,2,2,1,2,2,2,4),(
    0.,3.124999999996E-02,4.687499999995E-02,5.468749999994E-02,
    5.859374999993E-02,6.249999999993E-02,9.374999999991E-02,0.109375,
    0.1171875,0.12109375,0.123046875,0.1240234375,0.125,0.15625,0.171875
    ,0.1796875,0.18359375,0.185546875,0.1865234375,0.1875,0.203125,
    0.2109375,0.21484375,0.216796875,0.2177734375,0.21875,0.234375,0.25,
    0.265625,0.28125,0.2890625,0.296875,0.3046875,0.30859375,0.310546875
    ,0.3115234375,0.3125,0.34375,0.359375,0.3671875,0.37109375,
    0.373046875,0.3740234375,0.375,0.40625,0.421875,0.4296875,0.43359375
    ,0.4375,0.46875,0.5),.UNSPECIFIED.);
#12040 = CARTESIAN_POINT('',(4.819932152003E-03,-275.899999998,
    -231.049971884));
#12041 = CARTESIAN_POINT('',(-0.23314558698,-275.9002740543,
    -231.0499717717));
#12042 = CARTESIAN_POINT('',(-0.470113243391,-275.8898740834,
    -231.0500861582));
#12043 = CARTESIAN_POINT('',(-0.824067933928,-275.8582755733,
    -231.0494631084));
#12044 = CARTESIAN_POINT('',(-0.941803365093,-275.8450763881,
    -231.0491022996));
#12045 = CARTESIAN_POINT('',(-1.118032313321,-275.8212945168,
    -231.0480249805));
#12046 = CARTESIAN_POINT('',(-1.206053237805,-275.8084080833,
    -231.047350365));
#12047 = CARTESIAN_POINT('',(-1.293933837844,-275.7940351184,
    -231.0463970271));
#12048 = CARTESIAN_POINT('',(-1.352489721326,-275.7841238987,
    -231.0456900335));
#12049 = CARTESIAN_POINT('',(-1.380557332978,-275.7792195155,
    -231.045318428));
#12050 = CARTESIAN_POINT('',(-1.654530806122,-275.7297184819,
    -231.0412925457));
#12051 = CARTESIAN_POINT('',(-1.890564623068,-275.6759243313,
    -231.035116272));
#12052 = CARTESIAN_POINT('',(-2.233368109716,-275.5816043211,
    -231.0173881111));
#12053 = CARTESIAN_POINT('',(-2.345761398804,-275.5479041649,
    -231.0100516815));
#12054 = CARTESIAN_POINT('',(-2.511539522742,-275.4942377982,
    -230.9962050662));
#12055 = CARTESIAN_POINT('',(-2.593725632287,-275.4666273814,
    -230.9885700495));
#12056 = CARTESIAN_POINT('',(-2.688379260017,-275.4331364731,
    -230.9782523388));
#12057 = CARTESIAN_POINT('',(-2.735398532196,-275.416083323,
    -230.9727196614));
#12058 = CARTESIAN_POINT('',(-2.755483747055,-275.4087102325,
    -230.9702661208));
#12059 = CARTESIAN_POINT('',(-2.768859245452,-275.4037806376,
    -230.9686118616));
#12060 = CARTESIAN_POINT('',(-2.77438082699,-275.4017392264,
    -230.9679223343));
#12061 = CARTESIAN_POINT('',(-3.032835163654,-275.3057287717,
    -230.9351629689));
#12062 = CARTESIAN_POINT('',(-3.261960004501,-275.2068429435,
    -230.8915555835));
#12063 = CARTESIAN_POINT('',(-3.57340094644,-275.0565687434,
    -230.8021212052));
#12064 = CARTESIAN_POINT('',(-3.671840207198,-275.006189423,
    -230.7683122479));
#12065 = CARTESIAN_POINT('',(-3.811437518502,-274.931378357,
    -230.7109589683));
#12066 = CARTESIAN_POINT('',(-3.879220779196,-274.8941661006,
    -230.6806244913));
#12067 = CARTESIAN_POINT('',(-3.954774308829,-274.8513904649,
    -230.6422202244));
#12068 = CARTESIAN_POINT('',(-3.991669338351,-274.8302028399,
    -230.6222530675));
#12069 = CARTESIAN_POINT('',(-4.007292550583,-274.8211697374,
    -230.6135306308));
#12070 = CARTESIAN_POINT('',(-4.017666038009,-274.8151586799,
    -230.6076788678));
#12071 = CARTESIAN_POINT('',(-4.021437104038,-274.8129703674,
    -230.6055377493));
#12072 = CARTESIAN_POINT('',(-4.132607589231,-274.7482687287,
    -230.541517264));
#12073 = CARTESIAN_POINT('',(-4.225229768493,-274.6914623183,
    -230.4752942276));
#12074 = CARTESIAN_POINT('',(-4.346149738944,-274.614317518,
    -230.3677846377));
#12075 = CARTESIAN_POINT('',(-4.383454179355,-274.5899467818,
    -230.3305900544));
#12076 = CARTESIAN_POINT('',(-4.43490751536,-274.5556449588,
    -230.2728997344));
#12077 = CARTESIAN_POINT('',(-4.459508352211,-274.5390575502,
    -230.2435804056));
#12078 = CARTESIAN_POINT('',(-4.486239124019,-274.5207428128,
    -230.2085797749));
#12079 = CARTESIAN_POINT('',(-4.497272982398,-274.5131213019,
    -230.1934132619));
#12080 = CARTESIAN_POINT('',(-4.504535068721,-274.5080914831,
    -230.1832657699));
#12081 = CARTESIAN_POINT('',(-4.50722918693,-274.5062220001,
    -230.1794595285));
#12082 = CARTESIAN_POINT('',(-4.582492253669,-274.4538066518,
    -230.070731888));
#12083 = CARTESIAN_POINT('',(-4.635983155137,-274.4158221264,
    -229.9630643004));
#12084 = CARTESIAN_POINT('',(-4.708275105973,-274.3642271729,
    -229.7422647831));
#12085 = CARTESIAN_POINT('',(-4.727060991472,-274.3506301375,
    -229.6303197541));
#12086 = CARTESIAN_POINT('',(-4.730003565839,-274.3482654463,
    -229.4016847693));
#12087 = CARTESIAN_POINT('',(-4.712736165877,-274.3597570154,
    -229.2845045943));
#12088 = CARTESIAN_POINT('',(-4.640723991665,-274.4110712868,
    -229.0507496105));
#12089 = CARTESIAN_POINT('',(-4.591968909213,-274.4470204091,
    -228.9483982168));
#12090 = CARTESIAN_POINT('',(-4.498219029558,-274.5128077025,
    -228.805192417));
#12091 = CARTESIAN_POINT('',(-4.461445960694,-274.5380388976,
    -228.7575212483));
#12092 = CARTESIAN_POINT('',(-4.395108380229,-274.5824165112,
    -228.6813826389));
#12093 = CARTESIAN_POINT('',(-4.322818931557,-274.6297909113,
    -228.607569507));
#12094 = CARTESIAN_POINT('',(-4.238625746469,-274.6826049079,
    -228.538800894));
#12095 = CARTESIAN_POINT('',(-4.171016956497,-274.7240416934,
    -228.4892400684));
#12096 = CARTESIAN_POINT('',(-4.136096586222,-274.7452165805,
    -228.4649631961));
#12097 = CARTESIAN_POINT('',(-4.093403197479,-274.7706721314,
    -228.4375446376));
#12098 = CARTESIAN_POINT('',(-4.074687540142,-274.7817375916,
    -228.4259898893));
#12099 = CARTESIAN_POINT('',(-4.062117437309,-274.7891486511,
    -228.4183305367));
#12100 = CARTESIAN_POINT('',(-4.054504805179,-274.7936222984,
    -228.4137623709));
#12101 = CARTESIAN_POINT('',(-3.886304873938,-274.8922348011,
    -228.3139259111));
#12102 = CARTESIAN_POINT('',(-3.701255888688,-274.9940001982,
    -228.2363617874));
#12103 = CARTESIAN_POINT('',(-3.390763378381,-275.1451321837,
    -228.1445728016));
#12104 = CARTESIAN_POINT('',(-3.281779369539,-275.1952979008,
    -228.1180356206));
#12105 = CARTESIAN_POINT('',(-3.110073598169,-275.2692494206,
    -228.0835701928));
#12106 = CARTESIAN_POINT('',(-3.022163272957,-275.3059045947,
    -228.0676711394));
#12107 = CARTESIAN_POINT('',(-2.916000707703,-275.3479309946,
    -228.0512815663));
#12108 = CARTESIAN_POINT('',(-2.862019295284,-275.3687402242,
    -228.0436043282));
#12109 = CARTESIAN_POINT('',(-2.838691519291,-275.3776127265,
    -228.0404226012));
#12110 = CARTESIAN_POINT('',(-2.823096805306,-275.3835173451,
    -228.0383252992));
#12111 = CARTESIAN_POINT('',(-2.814119756662,-275.3868990664,
    -228.0371371561));
#12112 = CARTESIAN_POINT('',(-2.593615065871,-275.4696371391,
    -228.0083110636));
#12113 = CARTESIAN_POINT('',(-2.372079633345,-275.5426152879,
    -227.990185372));
#12114 = CARTESIAN_POINT('',(-2.028207431466,-275.6383696939,
    -227.9717580235));
#12115 = CARTESIAN_POINT('',(-1.911655188658,-275.6680265902,
    -227.9670859483));
#12116 = CARTESIAN_POINT('',(-1.733934561172,-275.7089405939,
    -227.9616521967));
#12117 = CARTESIAN_POINT('',(-1.644351181611,-275.7285062305,
    -227.9593303116));
#12118 = CARTESIAN_POINT('',(-1.553683203323,-275.7467126486,
    -227.9574958824));
#12119 = CARTESIAN_POINT('',(-1.492996862525,-275.7585464009,
    -227.9563705509));
#12120 = CARTESIAN_POINT('',(-1.461134001495,-275.7645680635,
    -227.955835137));
#12121 = CARTESIAN_POINT('',(-1.198468887397,-275.8127665006,
    -227.9517959466));
#12122 = CARTESIAN_POINT('',(-0.963890660089,-275.8451191522,
    -227.9507695565));
#12123 = CARTESIAN_POINT('',(-0.4925379537,-275.8885079961,
    -227.9498581528));
#12124 = CARTESIAN_POINT('',(-0.257285386133,-275.8995599897,
    -227.9499719728));
#12125 = CARTESIAN_POINT('',(-1.789086964899E-02,-275.8999677617,
    -227.9499721314));
#12126 = PCURVE('',#10613,#12127);
#12127 = DEFINITIONAL_REPRESENTATION('',(#12128),#12242);
#12128 = B_SPLINE_CURVE_WITH_KNOTS('',3,(#12129,#12130,#12131,#12132,
    #12133,#12134,#12135,#12136,#12137,#12138,#12139,#12140,#12141,
    #12142,#12143,#12144,#12145,#12146,#12147,#12148,#12149,#12150,
    #12151,#12152,#12153,#12154,#12155,#12156,#12157,#12158,#12159,
    #12160,#12161,#12162,#12163,#12164,#12165,#12166,#12167,#12168,
    #12169,#12170,#12171,#12172,#12173,#12174,#12175,#12176,#12177,
    #12178,#12179,#12180,#12181,#12182,#12183,#12184,#12185,#12186,
    #12187,#12188,#12189,#12190,#12191,#12192,#12193,#12194,#12195,
    #12196,#12197,#12198,#12199,#12200,#12201,#12202,#12203,#12204,
    #12205,#12206,#12207,#12208,#12209,#12210,#12211,#12212,#12213,
    #12214,#12215,#12216,#12217,#12218,#12219,#12220,#12221,#12222,
    #12223,#12224,#12225,#12226,#12227,#12228,#12229,#12230,#12231,
    #12232,#12233,#12234,#12235,#12236,#12237,#12238,#12239,#12240,
    #12241),.UNSPECIFIED.,.F.,.F.,(4,1,1,1,1,1,1,1,1,1,1,1,1,1,1,1,1,1,1
    ,1,1,1,1,1,1,1,1,1,1,1,1,1,1,1,1,1,1,1,1,1,1,1,1,1,1,1,1,1,1,1,1,1,1
    ,1,1,1,1,1,1,1,1,1,1,1,1,1,1,1,1,1,1,1,1,1,1,1,1,1,1,1,1,1,1,1,1,1,1
    ,1,1,1,1,1,1,1,1,1,1,1,1,1,1,1,1,1,1,1,1,1,1,1,4),(0.250728388165,
    0.252994493726,0.255260599288,0.25752670485,0.259792810411,
    0.262058915973,0.264325021534,0.266591127096,0.268857232658,
    0.271123338219,0.273389443781,0.275655549343,0.277921654904,
    0.280187760466,0.282453866027,0.284719971589,0.286986077151,
    0.289252182712,0.291518288274,0.293784393835,0.296050499397,
    0.298316604959,0.30058271052,0.302848816082,0.305114921643,
    0.307381027205,0.309647132767,0.311913238328,0.31417934389,
    0.316445449451,0.318711555013,0.320977660575,0.323243766136,
    0.325509871698,0.32777597726,0.330042082821,0.332308188383,
    0.334574293944,0.336840399506,0.339106505068,0.341372610629,
    0.343638716191,0.345904821752,0.348170927314,0.350437032876,
    0.352703138437,0.354969243999,0.35723534956,0.359501455122,
    0.361767560684,0.364033666245,0.366299771807,0.368565877368,
    0.37083198293,0.373098088492,0.375364194053,0.377630299615,
    0.379896405177,0.382162510738,0.3844286163,0.386694721861,
    0.388960827423,0.391226932985,0.393493038546,0.395759144108,
    0.398025249669,0.400291355231,0.402557460793,0.404823566354,
    0.407089671916,0.409355777477,0.411621883039,0.413887988601,
    0.416154094162,0.418420199724,0.420686305285,0.422952410847,
    0.425218516409,0.42748462197,0.429750727532,0.432016833094,
    0.434282938655,0.436549044217,0.438815149778,0.44108125534,
    0.443347360902,0.445613466463,0.447879572025,0.450145677586,
    0.452411783148,0.45467788871,0.456943994271,0.459210099833,
    0.461476205394,0.463742310956,0.466008416518,0.468274522079,
    0.470540627641,0.472806733203,0.475072838764,0.477338944326,
    0.479605049887,0.481871155449,0.484137261011,0.486403366572,
    0.488669472134,0.490935577695,0.493201683257,0.495467788819,
    0.49773389438,0.499999999942),.QUASI_UNIFORM_KNOTS.);
#12129 = CARTESIAN_POINT('',(2.222349493199E-06,22.443256517076));
#12130 = CARTESIAN_POINT('',(1.073101467979E-02,22.443296515061));
#12131 = CARTESIAN_POINT('',(3.226205174221E-02,22.444164831606));
#12132 = CARTESIAN_POINT('',(6.477647399949E-02,22.447832049046));
#12133 = CARTESIAN_POINT('',(9.750714336282E-02,22.453864666439));
#12134 = CARTESIAN_POINT('',(0.13044939183,22.462260273611));
#12135 = CARTESIAN_POINT('',(0.163617257067,22.473027853964));
#12136 = CARTESIAN_POINT('',(0.196961335116,22.486133884102));
#12137 = CARTESIAN_POINT('',(0.230676518646,22.501703474253));
#12138 = CARTESIAN_POINT('',(0.263408310273,22.518858921765));
#12139 = CARTESIAN_POINT('',(0.295341784077,22.537657550164));
#12140 = CARTESIAN_POINT('',(0.326571280738,22.558107397707));
#12141 = CARTESIAN_POINT('',(0.357210836065,22.580228351492));
#12142 = CARTESIAN_POINT('',(0.387370808516,22.604042188521));
#12143 = CARTESIAN_POINT('',(0.417135150146,22.629551277343));
#12144 = CARTESIAN_POINT('',(0.446670741405,22.656833730414));
#12145 = CARTESIAN_POINT('',(0.476207245003,22.686372946849));
#12146 = CARTESIAN_POINT('',(0.504669906542,22.716746550423));
#12147 = CARTESIAN_POINT('',(0.530382646256,22.745975642359));
#12148 = CARTESIAN_POINT('',(0.55484029005,22.775449814357));
#12149 = CARTESIAN_POINT('',(0.579531095054,22.80676324385));
#12150 = CARTESIAN_POINT('',(0.604056176917,22.839488325068));
#12151 = CARTESIAN_POINT('',(0.628522952737,22.873741303628));
#12152 = CARTESIAN_POINT('',(0.652899336273,22.909484802802));
#12153 = CARTESIAN_POINT('',(0.677206669858,22.946752083854));
#12154 = CARTESIAN_POINT('',(0.70139259662,22.985447478428));
#12155 = CARTESIAN_POINT('',(0.725644458872,23.025920398653));
#12156 = CARTESIAN_POINT('',(0.74926487218,23.066868864338));
#12157 = CARTESIAN_POINT('',(0.774856386081,23.113151384087));
#12158 = CARTESIAN_POINT('',(0.793894824094,23.14884338239));
#12159 = CARTESIAN_POINT('',(0.812773580241,23.185173715275));
#12160 = CARTESIAN_POINT('',(0.831457080259,23.222210955664));
#12161 = CARTESIAN_POINT('',(0.849957095888,23.259936729495));
#12162 = CARTESIAN_POINT('',(0.868272232066,23.298355960076));
#12163 = CARTESIAN_POINT('',(0.886404146229,23.337467328207));
#12164 = CARTESIAN_POINT('',(0.904353208779,23.377271187361));
#12165 = CARTESIAN_POINT('',(0.922119673082,23.41776744282));
#12166 = CARTESIAN_POINT('',(0.939703371823,23.458956119959));
#12167 = CARTESIAN_POINT('',(0.957103803506,23.500837211973));
#12168 = CARTESIAN_POINT('',(0.974320136514,23.543410720681));
#12169 = CARTESIAN_POINT('',(0.991351156801,23.586676645591));
#12170 = CARTESIAN_POINT('',(1.008195526925,23.630634986827));
#12171 = CARTESIAN_POINT('',(1.024850859044,23.675285744362));
#12172 = CARTESIAN_POINT('',(1.041317223143,23.720628918155));
#12173 = CARTESIAN_POINT('',(1.057598524654,23.766664508374));
#12174 = CARTESIAN_POINT('',(1.073694523552,23.813392514381));
#12175 = CARTESIAN_POINT('',(1.089605722433,23.860812938537));
#12176 = CARTESIAN_POINT('',(1.105332046433,23.908925772019));
#12177 = CARTESIAN_POINT('',(1.120873287417,23.957731047744));
#12178 = CARTESIAN_POINT('',(1.136228672097,24.007228642845));
#12179 = CARTESIAN_POINT('',(1.15139818144,24.057419015858));
#12180 = CARTESIAN_POINT('',(1.166382188819,24.108300455488));
#12181 = CARTESIAN_POINT('',(1.181182165099,24.159879348365));
#12182 = CARTESIAN_POINT('',(1.195792176266,24.212131859254));
#12183 = CARTESIAN_POINT('',(1.210233496834,24.265146942452));
#12184 = CARTESIAN_POINT('',(1.224426981492,24.318592615984));
#12185 = CARTESIAN_POINT('',(1.238668504649,24.373707853442));
#12186 = CARTESIAN_POINT('',(1.249858526578,24.418058748142));
#12187 = CARTESIAN_POINT('',(1.261606847989,24.465602485696));
#12188 = CARTESIAN_POINT('',(1.272947168874,24.512599249488));
#12189 = CARTESIAN_POINT('',(1.284139180631,24.560051120359));
#12190 = CARTESIAN_POINT('',(1.295113898823,24.607689591556));
#12191 = CARTESIAN_POINT('',(1.305890234167,24.655586609245));
#12192 = CARTESIAN_POINT('',(1.316463372422,24.703722895507));
#12193 = CARTESIAN_POINT('',(1.326834682784,24.752103615845));
#12194 = CARTESIAN_POINT('',(1.337003705448,24.800727386164));
#12195 = CARTESIAN_POINT('',(1.346970296054,24.84959457733));
#12196 = CARTESIAN_POINT('',(1.356734065266,24.89870508997));
#12197 = CARTESIAN_POINT('',(1.366294482725,24.948058950706));
#12198 = CARTESIAN_POINT('',(1.375651030047,24.997656152414));
#12199 = CARTESIAN_POINT('',(1.384802494838,25.047496696958));
#12200 = CARTESIAN_POINT('',(1.393750448836,25.097580584006));
#12201 = CARTESIAN_POINT('',(1.402495269241,25.14790781302));
#12202 = CARTESIAN_POINT('',(1.411037056438,25.198478386475));
#12203 = CARTESIAN_POINT('',(1.419375875226,25.249292295014));
#12204 = CARTESIAN_POINT('',(1.427511687997,25.300349573583));
#12205 = CARTESIAN_POINT('',(1.435444380871,25.351650091751));
#12206 = CARTESIAN_POINT('',(1.443173727773,25.403194336294));
#12207 = CARTESIAN_POINT('',(1.450699743583,25.454980490537));
#12208 = CARTESIAN_POINT('',(1.458023305173,25.507015334398));
#12209 = CARTESIAN_POINT('',(1.46514138728,25.55927356488));
#12210 = CARTESIAN_POINT('',(1.472065143714,25.611849614054));
#12211 = CARTESIAN_POINT('',(1.478752743864,25.664391056627));
#12212 = CARTESIAN_POINT('',(1.485437275607,25.718858818137));
#12213 = CARTESIAN_POINT('',(1.491415066896,25.769334010425));
#12214 = CARTESIAN_POINT('',(1.497225461035,25.820249957741));
#12215 = CARTESIAN_POINT('',(1.502805616638,25.87109173543));
#12216 = CARTESIAN_POINT('',(1.508172547888,25.921997317144));
#12217 = CARTESIAN_POINT('',(1.513321839624,25.972929732932));
#12218 = CARTESIAN_POINT('',(1.518254784981,26.023898888943));
#12219 = CARTESIAN_POINT('',(1.522971112711,26.074902130532));
#12220 = CARTESIAN_POINT('',(1.527470935111,26.125940170131));
#12221 = CARTESIAN_POINT('',(1.53175422572,26.177012812656));
#12222 = CARTESIAN_POINT('',(1.53582095917,26.228120126006));
#12223 = CARTESIAN_POINT('',(1.539671074536,26.279262033672));
#12224 = CARTESIAN_POINT('',(1.543304484325,26.330438773792));
#12225 = CARTESIAN_POINT('',(1.546721079255,26.38164947032));
#12226 = CARTESIAN_POINT('',(1.549920706044,26.432897389302));
#12227 = CARTESIAN_POINT('',(1.552903259209,26.484170342596));
#12228 = CARTESIAN_POINT('',(1.555669052603,26.535429026483));
#12229 = CARTESIAN_POINT('',(1.558218051018,26.586695492254));
#12230 = CARTESIAN_POINT('',(1.560550301323,26.637977076347));
#12231 = CARTESIAN_POINT('',(1.562665825964,26.689285058036));
#12232 = CARTESIAN_POINT('',(1.564564650023,26.740629660113));
#12233 = CARTESIAN_POINT('',(1.566246792873,26.792021388455));
#12234 = CARTESIAN_POINT('',(1.567712269714,26.843470673087));
#12235 = CARTESIAN_POINT('',(1.568961090847,26.894987964356));
#12236 = CARTESIAN_POINT('',(1.569993261938,26.946583707166));
#12237 = CARTESIAN_POINT('',(1.570808784404,26.998268347879));
#12238 = CARTESIAN_POINT('',(1.571407656165,27.050052332465));
#12239 = CARTESIAN_POINT('',(1.571789872651,27.101946107001));
#12240 = CARTESIAN_POINT('',(1.57190024303,27.136622114023));
#12241 = CARTESIAN_POINT('',(1.571919317178,27.153981897876));
#12242 = ( GEOMETRIC_REPRESENTATION_CONTEXT(2) 
PARAMETRIC_REPRESENTATION_CONTEXT() REPRESENTATION_CONTEXT('2D SPACE',''
  ) );
#12243 = PCURVE('',#11871,#12244);
#12244 = DEFINITIONAL_REPRESENTATION('',(#12245),#12438);
#12245 = B_SPLINE_CURVE_WITH_KNOTS('',11,(#12246,#12247,#12248,#12249,
    #12250,#12251,#12252,#12253,#12254,#12255,#12256,#12257,#12258,
    #12259,#12260,#12261,#12262,#12263,#12264,#12265,#12266,#12267,
    #12268,#12269,#12270,#12271,#12272,#12273,#12274,#12275,#12276,
    #12277,#12278,#12279,#12280,#12281,#12282,#12283,#12284,#12285,
    #12286,#12287,#12288,#12289,#12290,#12291,#12292,#12293,#12294,
    #12295,#12296,#12297,#12298,#12299,#12300,#12301,#12302,#12303,
    #12304,#12305,#12306,#12307,#12308,#12309,#12310,#12311,#12312,
    #12313,#12314,#12315,#12316,#12317,#12318,#12319,#12320,#12321,
    #12322,#12323,#12324,#12325,#12326,#12327,#12328,#12329,#12330,
    #12331,#12332,#12333,#12334,#12335,#12336,#12337,#12338,#12339,
    #12340,#12341,#12342,#12343,#12344,#12345,#12346,#12347,#12348,
    #12349,#12350,#12351,#12352,#12353,#12354,#12355,#12356,#12357,
    #12358,#12359,#12360,#12361,#12362,#12363,#12364,#12365,#12366,
    #12367,#12368,#12369,#12370,#12371,#12372,#12373,#12374,#12375,
    #12376,#12377,#12378,#12379,#12380,#12381,#12382,#12383,#12384,
    #12385,#12386,#12387,#12388,#12389,#12390,#12391,#12392,#12393,
    #12394,#12395,#12396,#12397,#12398,#12399,#12400,#12401,#12402,
    #12403,#12404,#12405,#12406,#12407,#12408,#12409,#12410,#12411,
    #12412,#12413,#12414,#12415,#12416,#12417,#12418,#12419,#12420,
    #12421,#12422,#12423,#12424,#12425,#12426,#12427,#12428,#12429,
    #12430,#12431,#12432,#12433,#12434,#12435,#12436,#12437),
  .UNSPECIFIED.,.F.,.F.,(12,10,10,10,10,10,10,10,10,10,10,10,10,10,10,10
    ,10,10,10,12),(0.250728388164,0.266307863904,0.281887339644,
    0.289677077514,0.297466815383,0.305256553253,0.313046291123,
    0.328625766863,0.344205242603,0.359784718342,0.367574456212,
    0.375364194082,0.383153931952,0.390943669822,0.406523145562,
    0.422102621301,0.429892359171,0.437682097041,0.468841048521,0.5),
  .UNSPECIFIED.);
#12246 = CARTESIAN_POINT('',(3.141607523292,16.53911983322));
#12247 = CARTESIAN_POINT('',(3.12150599819,16.53904295159));
#12248 = CARTESIAN_POINT('',(3.101311573582,16.537973231779));
#12249 = CARTESIAN_POINT('',(3.081011717393,16.535840244627));
#12250 = CARTESIAN_POINT('',(3.060657673602,16.532729556808));
#12251 = CARTESIAN_POINT('',(3.040180594087,16.528602655607));
#12252 = CARTESIAN_POINT('',(3.019556275445,16.523416893304));
#12253 = CARTESIAN_POINT('',(2.99888369824,16.517226605345));
#12254 = CARTESIAN_POINT('',(2.978236157782,16.510099452302));
#12255 = CARTESIAN_POINT('',(2.957437368019,16.50193493438));
#12256 = CARTESIAN_POINT('',(2.936208511735,16.492524922636));
#12257 = CARTESIAN_POINT('',(2.894643093547,16.472372976725));
#12258 = CARTESIAN_POINT('',(2.874166814008,16.461517058809));
#12259 = CARTESIAN_POINT('',(2.854113412132,16.450034610207));
#12260 = CARTESIAN_POINT('',(2.834442643419,16.437898260445));
#12261 = CARTESIAN_POINT('',(2.815061577302,16.425029345537));
#12262 = CARTESIAN_POINT('',(2.795892721484,16.411379837744));
#12263 = CARTESIAN_POINT('',(2.776906264024,16.396966713867));
#12264 = CARTESIAN_POINT('',(2.758116433228,16.381858762002));
#12265 = CARTESIAN_POINT('',(2.739541975296,16.366115826913));
#12266 = CARTESIAN_POINT('',(2.721130749752,16.349680493806));
#12267 = CARTESIAN_POINT('',(2.693407289104,16.323493069181));
#12268 = CARTESIAN_POINT('',(2.684168568843,16.314528084324));
#12269 = CARTESIAN_POINT('',(2.674940729087,16.305340906883));
#12270 = CARTESIAN_POINT('',(2.665764491015,16.295982050796));
#12271 = CARTESIAN_POINT('',(2.656699755225,16.286524199255));
#12272 = CARTESIAN_POINT('',(2.64781250711,16.277047510656));
#12273 = CARTESIAN_POINT('',(2.639161722344,16.267624924639));
#12274 = CARTESIAN_POINT('',(2.630786272249,16.258307468086));
#12275 = CARTESIAN_POINT('',(2.622691829267,16.249109561094));
#12276 = CARTESIAN_POINT('',(2.614837772357,16.239994323024));
#12277 = CARTESIAN_POINT('',(2.599410412514,16.221723433897));
#12278 = CARTESIAN_POINT('',(2.591818851435,16.212545901229));
#12279 = CARTESIAN_POINT('',(2.5841577426,16.203124165157));
#12280 = CARTESIAN_POINT('',(2.576414177243,16.19344450272));
#12281 = CARTESIAN_POINT('',(2.568649395805,16.183571368809));
#12282 = CARTESIAN_POINT('',(2.560925894632,16.173570598652));
#12283 = CARTESIAN_POINT('',(2.553266247929,16.163466026837));
#12284 = CARTESIAN_POINT('',(2.54564364503,16.153229523367));
#12285 = CARTESIAN_POINT('',(2.538004142947,16.142804446307));
#12286 = CARTESIAN_POINT('',(2.530320634216,16.132162511326));
#12287 = CARTESIAN_POINT('',(2.515036425836,16.110625644641));
#12288 = CARTESIAN_POINT('',(2.507403291277,16.099694671823));
#12289 = CARTESIAN_POINT('',(2.499781951003,16.088606482016));
#12290 = CARTESIAN_POINT('',(2.492174106965,16.077364413154));
#12291 = CARTESIAN_POINT('',(2.484580338454,16.065969818892));
#12292 = CARTESIAN_POINT('',(2.477000102022,16.054422068136));
#12293 = CARTESIAN_POINT('',(2.469431731596,16.042718545686));
#12294 = CARTESIAN_POINT('',(2.461872438348,16.030854651522));
#12295 = CARTESIAN_POINT('',(2.454318310813,16.018823801452));
#12296 = CARTESIAN_POINT('',(2.446764314803,16.006617426635));
#12297 = CARTESIAN_POINT('',(2.431644272112,15.981832521083));
#12298 = CARTESIAN_POINT('',(2.424124986886,15.969335791208));
#12299 = CARTESIAN_POINT('',(2.416435038252,15.956362293482));
#12300 = CARTESIAN_POINT('',(2.409046133115,15.943754362778));
#12301 = CARTESIAN_POINT('',(2.40168521328,15.931014924264));
#12302 = CARTESIAN_POINT('',(2.393910598226,15.917346452681));
#12303 = CARTESIAN_POINT('',(2.385837455008,15.902955267265));
#12304 = CARTESIAN_POINT('',(2.378095939601,15.888977417316));
#12305 = CARTESIAN_POINT('',(2.371043386082,15.876066529606));
#12306 = CARTESIAN_POINT('',(2.364189951563,15.863368102742));
#12307 = CARTESIAN_POINT('',(2.344825567202,15.827130342961));
#12308 = CARTESIAN_POINT('',(2.333014257898,15.804518026153));
#12309 = CARTESIAN_POINT('',(2.32627446997,15.791157636894));
#12310 = CARTESIAN_POINT('',(2.304440284898,15.748701574297));
#12311 = CARTESIAN_POINT('',(2.304848885818,15.748063097615));
#12312 = CARTESIAN_POINT('',(2.284323718542,15.707073885385));
#12313 = CARTESIAN_POINT('',(2.277299166882,15.691449626438));
#12314 = CARTESIAN_POINT('',(2.264469870918,15.664201506463));
#12315 = CARTESIAN_POINT('',(2.25349251507,15.6401210149));
#12316 = CARTESIAN_POINT('',(2.242278434024,15.615116994078));
#12317 = CARTESIAN_POINT('',(2.220064617824,15.56463409208));
#12318 = CARTESIAN_POINT('',(2.209033369104,15.539090086495));
#12319 = CARTESIAN_POINT('',(2.198078513109,15.513244314985));
#12320 = CARTESIAN_POINT('',(2.187200783194,15.487097566259));
#12321 = CARTESIAN_POINT('',(2.176400912698,15.460650628929));
#12322 = CARTESIAN_POINT('',(2.165679634979,15.433904291757));
#12323 = CARTESIAN_POINT('',(2.155037683375,15.406859343322));
#12324 = CARTESIAN_POINT('',(2.144475791242,15.379516572382));
#12325 = CARTESIAN_POINT('',(2.133994691924,15.351876767555));
#12326 = CARTESIAN_POINT('',(2.123595118771,15.323940717546));
#12327 = CARTESIAN_POINT('',(2.102960491488,15.267477704487));
#12328 = CARTESIAN_POINT('',(2.092722453638,15.23894783735));
#12329 = CARTESIAN_POINT('',(2.082563796143,15.210119935655));
#12330 = CARTESIAN_POINT('',(2.072484623567,15.180994325493));
#12331 = CARTESIAN_POINT('',(2.062485040474,15.151571332873));
#12332 = CARTESIAN_POINT('',(2.052565151428,15.12185128393));
#12333 = CARTESIAN_POINT('',(2.042725060994,15.091834504647));
#12334 = CARTESIAN_POINT('',(2.032964873735,15.061521321154));
#12335 = CARTESIAN_POINT('',(2.023284694215,15.030912059467));
#12336 = CARTESIAN_POINT('',(2.013684626999,15.000007045671));
#12337 = CARTESIAN_POINT('',(1.999404851477,14.953206385895));
#12338 = CARTESIAN_POINT('',(1.99466386528,14.937528738632));
#12339 = CARTESIAN_POINT('',(1.989942023439,14.921774307567));
#12340 = CARTESIAN_POINT('',(1.985239531324,14.905943736164));
#12341 = CARTESIAN_POINT('',(1.980556594324,14.890037668041));
#12342 = CARTESIAN_POINT('',(1.975893417796,14.874056746571));
#12343 = CARTESIAN_POINT('',(1.971250207139,14.858001615431));
#12344 = CARTESIAN_POINT('',(1.966627167709,14.841872917997));
#12345 = CARTESIAN_POINT('',(1.962024504896,14.825671297884));
#12346 = CARTESIAN_POINT('',(1.957442424069,14.809397398558));
#12347 = CARTESIAN_POINT('',(1.948319837148,14.776706328549));
#12348 = CARTESIAN_POINT('',(1.943747426336,14.760162018949));
#12349 = CARTESIAN_POINT('',(1.939335952229,14.74410332627));
#12350 = CARTESIAN_POINT('',(1.934660039964,14.726838363459));
#12351 = CARTESIAN_POINT('',(1.9302222901,14.710365076119));
#12352 = CARTESIAN_POINT('',(1.926111915519,14.695037583455));
#12353 = CARTESIAN_POINT('',(1.921779046836,14.678674815414));
#12354 = CARTESIAN_POINT('',(1.916974673099,14.660296406521));
#12355 = CARTESIAN_POINT('',(1.912249478304,14.642088408768));
#12356 = CARTESIAN_POINT('',(1.908023892236,14.625693709764));
#12357 = CARTESIAN_POINT('',(1.900249097881,14.595284438539));
#12358 = CARTESIAN_POINT('',(1.896633206505,14.581013273818));
#12359 = CARTESIAN_POINT('',(1.893444393253,14.568274024951));
#12360 = CARTESIAN_POINT('',(1.889675181652,14.553188120122));
#12361 = CARTESIAN_POINT('',(1.885746522054,14.537376945502));
#12362 = CARTESIAN_POINT('',(1.882113797173,14.522592931511));
#12363 = CARTESIAN_POINT('',(1.878608161351,14.508185789965));
#12364 = CARTESIAN_POINT('',(1.875009981078,14.493312511579));
#12365 = CARTESIAN_POINT('',(1.871480028549,14.478594687091));
#12366 = CARTESIAN_POINT('',(1.86795588454,14.463789056263));
#12367 = CARTESIAN_POINT('',(1.860955579251,14.434144771201));
#12368 = CARTESIAN_POINT('',(1.857480704937,14.41931118042));
#12369 = CARTESIAN_POINT('',(1.854029585335,14.404459829114));
#12370 = CARTESIAN_POINT('',(1.850600990907,14.389585622519));
#12371 = CARTESIAN_POINT('',(1.84719398622,14.374684683607));
#12372 = CARTESIAN_POINT('',(1.843807929908,14.359754352682));
#12373 = CARTESIAN_POINT('',(1.840442474722,14.34479318795));
#12374 = CARTESIAN_POINT('',(1.837097567475,14.329800964878));
#12375 = CARTESIAN_POINT('',(1.833773449092,14.314778676774));
#12376 = CARTESIAN_POINT('',(1.830470654572,14.299728534363));
#12377 = CARTESIAN_POINT('',(1.820628729896,14.254504829375));
#12378 = CARTESIAN_POINT('',(1.81415454988,14.224253325578));
#12379 = CARTESIAN_POINT('',(1.807767539942,14.193899110308));
#12380 = CARTESIAN_POINT('',(1.801467767067,14.163441839293));
#12381 = CARTESIAN_POINT('',(1.795255298225,14.132881168124));
#12382 = CARTESIAN_POINT('',(1.789130200408,14.102216752617));
#12383 = CARTESIAN_POINT('',(1.78309254058,14.071448248298));
#12384 = CARTESIAN_POINT('',(1.777142385734,14.040575310993));
#12385 = CARTESIAN_POINT('',(1.771279802841,14.009597596277));
#12386 = CARTESIAN_POINT('',(1.765504858883,13.978514759892));
#12387 = CARTESIAN_POINT('',(1.754130382794,13.916138155099));
#12388 = CARTESIAN_POINT('',(1.748530412706,13.88484515363));
#12389 = CARTESIAN_POINT('',(1.743017712326,13.853447499818));
#12390 = CARTESIAN_POINT('',(1.737592283409,13.821945240455));
#12391 = CARTESIAN_POINT('',(1.732254127706,13.790338422211));
#12392 = CARTESIAN_POINT('',(1.727003246972,13.758627091942));
#12393 = CARTESIAN_POINT('',(1.721839642957,13.726811296277));
#12394 = CARTESIAN_POINT('',(1.716763317417,13.694891082071));
#12395 = CARTESIAN_POINT('',(1.711774272102,13.662866495995));
#12396 = CARTESIAN_POINT('',(1.706872508768,13.630737584841));
#12397 = CARTESIAN_POINT('',(1.699650789364,13.582387800588));
#12398 = CARTESIAN_POINT('',(1.697265631349,13.566247327688));
#12399 = CARTESIAN_POINT('',(1.694902454824,13.550082134565));
#12400 = CARTESIAN_POINT('',(1.692561159502,13.533891379174));
#12401 = CARTESIAN_POINT('',(1.690241645084,13.517674219414));
#12402 = CARTESIAN_POINT('',(1.687943811285,13.501429813266));
#12403 = CARTESIAN_POINT('',(1.685667557806,13.485157318617));
#12404 = CARTESIAN_POINT('',(1.683412784359,13.468855893438));
#12405 = CARTESIAN_POINT('',(1.68117939065,13.452524695642));
#12406 = CARTESIAN_POINT('',(1.678967276386,13.436162883173));
#12407 = CARTESIAN_POINT('',(1.674585406165,13.403376344751));
#12408 = CARTESIAN_POINT('',(1.672427153029,13.38704807156));
#12409 = CARTESIAN_POINT('',(1.670246781034,13.370324856568));
#12410 = CARTESIAN_POINT('',(1.668149181015,13.35408754968));
#12411 = CARTESIAN_POINT('',(1.6661028995,13.338071614587));
#12412 = CARTESIAN_POINT('',(1.664014807351,13.321494869921));
#12413 = CARTESIAN_POINT('',(1.661866547456,13.304203442093));
#12414 = CARTESIAN_POINT('',(1.659744677561,13.286924179991));
#12415 = CARTESIAN_POINT('',(1.657737267262,13.270395741818));
#12416 = CARTESIAN_POINT('',(1.655810549742,13.254334517544));
#12417 = CARTESIAN_POINT('',(1.646358159179,13.174539478745));
#12418 = CARTESIAN_POINT('',(1.639413345265,13.112656290686));
#12419 = CARTESIAN_POINT('',(1.632086903253,13.04452961442));
#12420 = CARTESIAN_POINT('',(1.626715988458,12.989294445882));
#12421 = CARTESIAN_POINT('',(1.61930362216,12.914255826649));
#12422 = CARTESIAN_POINT('',(1.614978810608,12.861363201593));
#12423 = CARTESIAN_POINT('',(1.608774235992,12.790044298553));
#12424 = CARTESIAN_POINT('',(1.604294986424,12.729632375604));
#12425 = CARTESIAN_POINT('',(1.599622747301,12.664645230671));
#12426 = CARTESIAN_POINT('',(1.595472589588,12.600746049923));
#12427 = CARTESIAN_POINT('',(1.587880498813,12.472581911931));
#12428 = CARTESIAN_POINT('',(1.584457043351,12.40851988312));
#12429 = CARTESIAN_POINT('',(1.58140614685,12.344450838442));
#12430 = CARTESIAN_POINT('',(1.578727778346,12.280347721844));
#12431 = CARTESIAN_POINT('',(1.576421906872,12.216183477283));
#12432 = CARTESIAN_POINT('',(1.574488501463,12.151931048693));
#12433 = CARTESIAN_POINT('',(1.572927531155,12.087563380046));
#12434 = CARTESIAN_POINT('',(1.571738964981,12.023053415265));
#12435 = CARTESIAN_POINT('',(1.570922771977,11.958374098322));
#12436 = CARTESIAN_POINT('',(1.570478921177,11.893498373151));
#12437 = CARTESIAN_POINT('',(1.570407381617,11.828399183709));
#12438 = ( GEOMETRIC_REPRESENTATION_CONTEXT(2) 
PARAMETRIC_REPRESENTATION_CONTEXT() REPRESENTATION_CONTEXT('2D SPACE',''
  ) );
#12439 = ORIENTED_EDGE('',*,*,#12440,.F.);
#12440 = EDGE_CURVE('',#12441,#12036,#12443,.T.);
#12441 = VERTEX_POINT('',#12442);
#12442 = CARTESIAN_POINT('',(-9.09518163918,-274.3482248837,
    -229.4999999999));
#12443 = SEAM_CURVE('',#12444,(#12448,#12455),.PCURVE_S1.);
#12444 = LINE('',#12445,#12446);
#12445 = CARTESIAN_POINT('',(-27.17187239093,-274.3482204811,
    -229.4999999999));
#12446 = VECTOR('',#12447,1.);
#12447 = DIRECTION('',(1.,-2.435520001868E-07,3.064102027429E-16));
#12448 = PCURVE('',#10613,#12449);
#12449 = DEFINITIONAL_REPRESENTATION('',(#12450),#12454);
#12450 = LINE('',#12451,#12452);
#12451 = CARTESIAN_POINT('',(0.,3.907985046681E-13));
#12452 = VECTOR('',#12453,1.);
#12453 = DIRECTION('',(0.,1.));
#12454 = ( GEOMETRIC_REPRESENTATION_CONTEXT(2) 
PARAMETRIC_REPRESENTATION_CONTEXT() REPRESENTATION_CONTEXT('2D SPACE',''
  ) );
#12455 = PCURVE('',#10613,#12456);
#12456 = DEFINITIONAL_REPRESENTATION('',(#12457),#12461);
#12457 = LINE('',#12458,#12459);
#12458 = CARTESIAN_POINT('',(6.28318530718,3.907985046681E-13));
#12459 = VECTOR('',#12460,1.);
#12460 = DIRECTION('',(0.,1.));
#12461 = ( GEOMETRIC_REPRESENTATION_CONTEXT(2) 
PARAMETRIC_REPRESENTATION_CONTEXT() REPRESENTATION_CONTEXT('2D SPACE',''
  ) );
#12462 = ORIENTED_EDGE('',*,*,#12463,.T.);
#12463 = EDGE_CURVE('',#12441,#12441,#12464,.T.);
#12464 = SURFACE_CURVE('',#12465,(#12470,#12477),.PCURVE_S1.);
#12465 = CIRCLE('',#12466,1.55);
#12466 = AXIS2_PLACEMENT_3D('',#12467,#12468,#12469);
#12467 = CARTESIAN_POINT('',(-9.095182016685,-275.8982248837,
    -229.4999999999));
#12468 = DIRECTION('',(1.,-2.43552000073E-07,0.));
#12469 = DIRECTION('',(2.43552000073E-07,1.,0.));
#12470 = PCURVE('',#10613,#12471);
#12471 = DEFINITIONAL_REPRESENTATION('',(#12472),#12476);
#12472 = LINE('',#12473,#12474);
#12473 = CARTESIAN_POINT('',(-2.100541962591E-13,18.076690751754));
#12474 = VECTOR('',#12475,1.);
#12475 = DIRECTION('',(1.,0.));
#12476 = ( GEOMETRIC_REPRESENTATION_CONTEXT(2) 
PARAMETRIC_REPRESENTATION_CONTEXT() REPRESENTATION_CONTEXT('2D SPACE',''
  ) );
#12477 = PCURVE('',#949,#12478);
#12478 = DEFINITIONAL_REPRESENTATION('',(#12479),#12487);
#12479 = ( BOUNDED_CURVE() B_SPLINE_CURVE(2,(#12480,#12481,#12482,#12483
    ,#12484,#12485,#12486),.UNSPECIFIED.,.T.,.F.) 
B_SPLINE_CURVE_WITH_KNOTS((1,2,2,2,2,1),(-2.094395102393,0.,
    2.094395102393,4.188790204786,6.28318530718,8.377580409573),
.UNSPECIFIED.) CURVE() GEOMETRIC_REPRESENTATION_ITEM() 
RATIONAL_B_SPLINE_CURVE((1.,0.5,1.,0.5,1.,0.5,1.)) REPRESENTATION_ITEM(
  '') );
#12480 = CARTESIAN_POINT('',(-3.54999999543,-14.5));
#12481 = CARTESIAN_POINT('',(-3.54999999543,-11.81532124826));
#12482 = CARTESIAN_POINT('',(-1.22499999543,-13.15766062413));
#12483 = CARTESIAN_POINT('',(1.10000000457,-14.5));
#12484 = CARTESIAN_POINT('',(-1.22499999543,-15.84233937586));
#12485 = CARTESIAN_POINT('',(-3.54999999543,-17.18467875173));
#12486 = CARTESIAN_POINT('',(-3.54999999543,-14.5));
#12487 = ( GEOMETRIC_REPRESENTATION_CONTEXT(2) 
PARAMETRIC_REPRESENTATION_CONTEXT() REPRESENTATION_CONTEXT('2D SPACE',''
  ) );
#12488 = ORIENTED_EDGE('',*,*,#12440,.T.);
#12489 = ORIENTED_EDGE('',*,*,#12490,.F.);
#12490 = EDGE_CURVE('',#12491,#12036,#12493,.T.);
#12491 = VERTEX_POINT('',#12492);
#12492 = CARTESIAN_POINT('',(4.819118728008E-03,-275.8992419377,
    -231.0499837381));
#12493 = SURFACE_CURVE('',#12494,(#12581,#12720),.PCURVE_S1.);
#12494 = B_SPLINE_CURVE_WITH_KNOTS('',3,(#12495,#12496,#12497,#12498,
    #12499,#12500,#12501,#12502,#12503,#12504,#12505,#12506,#12507,
    #12508,#12509,#12510,#12511,#12512,#12513,#12514,#12515,#12516,
    #12517,#12518,#12519,#12520,#12521,#12522,#12523,#12524,#12525,
    #12526,#12527,#12528,#12529,#12530,#12531,#12532,#12533,#12534,
    #12535,#12536,#12537,#12538,#12539,#12540,#12541,#12542,#12543,
    #12544,#12545,#12546,#12547,#12548,#12549,#12550,#12551,#12552,
    #12553,#12554,#12555,#12556,#12557,#12558,#12559,#12560,#12561,
    #12562,#12563,#12564,#12565,#12566,#12567,#12568,#12569,#12570,
    #12571,#12572,#12573,#12574,#12575,#12576,#12577,#12578,#12579,
    #12580),.UNSPECIFIED.,.F.,.F.,(4,2,2,1,2,2,2,2,1,1,1,2,2,2,2,1,1,1,2
    ,2,2,2,1,1,2,2,2,2,2,2,2,1,2,1,1,2,2,2,2,1,1,1,2,2,2,2,1,2,2,2,4),(
    0.,3.124999999996E-02,4.687499999995E-02,5.468749999994E-02,
    5.859374999993E-02,6.249999999993E-02,9.374999999991E-02,0.109375,
    0.1171875,0.12109375,0.123046875,0.1240234375,0.125,0.15625,0.171875
    ,0.1796875,0.18359375,0.185546875,0.1865234375,0.1875,0.203125,
    0.2109375,0.21484375,0.216796875,0.2177734375,0.21875,0.234375,0.25,
    0.265625,0.28125,0.2890625,0.296875,0.3046875,0.30859375,0.310546875
    ,0.3115234375,0.3125,0.34375,0.359375,0.3671875,0.37109375,
    0.373046875,0.3740234375,0.375,0.40625,0.421875,0.4296875,0.43359375
    ,0.4375,0.46875,0.5),.UNSPECIFIED.);
#12495 = CARTESIAN_POINT('',(4.819932152003E-03,-275.899999998,
    -231.049971884));
#12496 = CARTESIAN_POINT('',(-0.23314558698,-275.9002740543,
    -231.0499717717));
#12497 = CARTESIAN_POINT('',(-0.470113243391,-275.8898740834,
    -231.0500861582));
#12498 = CARTESIAN_POINT('',(-0.824067933928,-275.8582755733,
    -231.0494631084));
#12499 = CARTESIAN_POINT('',(-0.941803365093,-275.8450763881,
    -231.0491022996));
#12500 = CARTESIAN_POINT('',(-1.118032313321,-275.8212945168,
    -231.0480249805));
#12501 = CARTESIAN_POINT('',(-1.206053237805,-275.8084080833,
    -231.047350365));
#12502 = CARTESIAN_POINT('',(-1.293933837844,-275.7940351184,
    -231.0463970271));
#12503 = CARTESIAN_POINT('',(-1.352489721326,-275.7841238987,
    -231.0456900335));
#12504 = CARTESIAN_POINT('',(-1.380557332978,-275.7792195155,
    -231.045318428));
#12505 = CARTESIAN_POINT('',(-1.654530806122,-275.7297184819,
    -231.0412925457));
#12506 = CARTESIAN_POINT('',(-1.890564623068,-275.6759243313,
    -231.035116272));
#12507 = CARTESIAN_POINT('',(-2.233368109716,-275.5816043211,
    -231.0173881111));
#12508 = CARTESIAN_POINT('',(-2.345761398804,-275.5479041649,
    -231.0100516815));
#12509 = CARTESIAN_POINT('',(-2.511539522742,-275.4942377982,
    -230.9962050662));
#12510 = CARTESIAN_POINT('',(-2.593725632287,-275.4666273814,
    -230.9885700495));
#12511 = CARTESIAN_POINT('',(-2.688379260017,-275.4331364731,
    -230.9782523388));
#12512 = CARTESIAN_POINT('',(-2.735398532196,-275.416083323,
    -230.9727196614));
#12513 = CARTESIAN_POINT('',(-2.755483747055,-275.4087102325,
    -230.9702661208));
#12514 = CARTESIAN_POINT('',(-2.768859245452,-275.4037806376,
    -230.9686118616));
#12515 = CARTESIAN_POINT('',(-2.77438082699,-275.4017392264,
    -230.9679223343));
#12516 = CARTESIAN_POINT('',(-3.032835163654,-275.3057287717,
    -230.9351629689));
#12517 = CARTESIAN_POINT('',(-3.261960004501,-275.2068429435,
    -230.8915555835));
#12518 = CARTESIAN_POINT('',(-3.57340094644,-275.0565687434,
    -230.8021212052));
#12519 = CARTESIAN_POINT('',(-3.671840207198,-275.006189423,
    -230.7683122479));
#12520 = CARTESIAN_POINT('',(-3.811437518502,-274.931378357,
    -230.7109589683));
#12521 = CARTESIAN_POINT('',(-3.879220779196,-274.8941661006,
    -230.6806244913));
#12522 = CARTESIAN_POINT('',(-3.954774308829,-274.8513904649,
    -230.6422202244));
#12523 = CARTESIAN_POINT('',(-3.991669338351,-274.8302028399,
    -230.6222530675));
#12524 = CARTESIAN_POINT('',(-4.007292550583,-274.8211697374,
    -230.6135306308));
#12525 = CARTESIAN_POINT('',(-4.017666038009,-274.8151586799,
    -230.6076788678));
#12526 = CARTESIAN_POINT('',(-4.021437104038,-274.8129703674,
    -230.6055377493));
#12527 = CARTESIAN_POINT('',(-4.132607589231,-274.7482687287,
    -230.541517264));
#12528 = CARTESIAN_POINT('',(-4.225229768493,-274.6914623183,
    -230.4752942276));
#12529 = CARTESIAN_POINT('',(-4.346149738944,-274.614317518,
    -230.3677846377));
#12530 = CARTESIAN_POINT('',(-4.383454179355,-274.5899467818,
    -230.3305900544));
#12531 = CARTESIAN_POINT('',(-4.43490751536,-274.5556449588,
    -230.2728997344));
#12532 = CARTESIAN_POINT('',(-4.459508352211,-274.5390575502,
    -230.2435804056));
#12533 = CARTESIAN_POINT('',(-4.486239124019,-274.5207428128,
    -230.2085797749));
#12534 = CARTESIAN_POINT('',(-4.497272982398,-274.5131213019,
    -230.1934132619));
#12535 = CARTESIAN_POINT('',(-4.504535068721,-274.5080914831,
    -230.1832657699));
#12536 = CARTESIAN_POINT('',(-4.50722918693,-274.5062220001,
    -230.1794595285));
#12537 = CARTESIAN_POINT('',(-4.582492253669,-274.4538066518,
    -230.070731888));
#12538 = CARTESIAN_POINT('',(-4.635983155137,-274.4158221264,
    -229.9630643004));
#12539 = CARTESIAN_POINT('',(-4.708275105973,-274.3642271729,
    -229.7422647831));
#12540 = CARTESIAN_POINT('',(-4.727060991472,-274.3506301375,
    -229.6303197541));
#12541 = CARTESIAN_POINT('',(-4.730003565839,-274.3482654463,
    -229.4016847693));
#12542 = CARTESIAN_POINT('',(-4.712736165877,-274.3597570154,
    -229.2845045943));
#12543 = CARTESIAN_POINT('',(-4.640723991665,-274.4110712868,
    -229.0507496105));
#12544 = CARTESIAN_POINT('',(-4.591968909213,-274.4470204091,
    -228.9483982168));
#12545 = CARTESIAN_POINT('',(-4.498219029558,-274.5128077025,
    -228.805192417));
#12546 = CARTESIAN_POINT('',(-4.461445960694,-274.5380388976,
    -228.7575212483));
#12547 = CARTESIAN_POINT('',(-4.395108380229,-274.5824165112,
    -228.6813826389));
#12548 = CARTESIAN_POINT('',(-4.322818931557,-274.6297909113,
    -228.607569507));
#12549 = CARTESIAN_POINT('',(-4.238625746469,-274.6826049079,
    -228.538800894));
#12550 = CARTESIAN_POINT('',(-4.171016956497,-274.7240416934,
    -228.4892400684));
#12551 = CARTESIAN_POINT('',(-4.136096586222,-274.7452165805,
    -228.4649631961));
#12552 = CARTESIAN_POINT('',(-4.093403197479,-274.7706721314,
    -228.4375446376));
#12553 = CARTESIAN_POINT('',(-4.074687540142,-274.7817375916,
    -228.4259898893));
#12554 = CARTESIAN_POINT('',(-4.062117437309,-274.7891486511,
    -228.4183305367));
#12555 = CARTESIAN_POINT('',(-4.054504805179,-274.7936222984,
    -228.4137623709));
#12556 = CARTESIAN_POINT('',(-3.886304873938,-274.8922348011,
    -228.3139259111));
#12557 = CARTESIAN_POINT('',(-3.701255888688,-274.9940001982,
    -228.2363617874));
#12558 = CARTESIAN_POINT('',(-3.390763378381,-275.1451321837,
    -228.1445728016));
#12559 = CARTESIAN_POINT('',(-3.281779369539,-275.1952979008,
    -228.1180356206));
#12560 = CARTESIAN_POINT('',(-3.110073598169,-275.2692494206,
    -228.0835701928));
#12561 = CARTESIAN_POINT('',(-3.022163272957,-275.3059045947,
    -228.0676711394));
#12562 = CARTESIAN_POINT('',(-2.916000707703,-275.3479309946,
    -228.0512815663));
#12563 = CARTESIAN_POINT('',(-2.862019295284,-275.3687402242,
    -228.0436043282));
#12564 = CARTESIAN_POINT('',(-2.838691519291,-275.3776127265,
    -228.0404226012));
#12565 = CARTESIAN_POINT('',(-2.823096805306,-275.3835173451,
    -228.0383252992));
#12566 = CARTESIAN_POINT('',(-2.814119756662,-275.3868990664,
    -228.0371371561));
#12567 = CARTESIAN_POINT('',(-2.593615065871,-275.4696371391,
    -228.0083110636));
#12568 = CARTESIAN_POINT('',(-2.372079633345,-275.5426152879,
    -227.990185372));
#12569 = CARTESIAN_POINT('',(-2.028207431466,-275.6383696939,
    -227.9717580235));
#12570 = CARTESIAN_POINT('',(-1.911655188658,-275.6680265902,
    -227.9670859483));
#12571 = CARTESIAN_POINT('',(-1.733934561172,-275.7089405939,
    -227.9616521967));
#12572 = CARTESIAN_POINT('',(-1.644351181611,-275.7285062305,
    -227.9593303116));
#12573 = CARTESIAN_POINT('',(-1.553683203323,-275.7467126486,
    -227.9574958824));
#12574 = CARTESIAN_POINT('',(-1.492996862525,-275.7585464009,
    -227.9563705509));
#12575 = CARTESIAN_POINT('',(-1.461134001495,-275.7645680635,
    -227.955835137));
#12576 = CARTESIAN_POINT('',(-1.198468887397,-275.8127665006,
    -227.9517959466));
#12577 = CARTESIAN_POINT('',(-0.963890660089,-275.8451191522,
    -227.9507695565));
#12578 = CARTESIAN_POINT('',(-0.4925379537,-275.8885079961,
    -227.9498581528));
#12579 = CARTESIAN_POINT('',(-0.257285386133,-275.8995599897,
    -227.9499719728));
#12580 = CARTESIAN_POINT('',(-1.789086964899E-02,-275.8999677617,
    -227.9499721314));
#12581 = PCURVE('',#10613,#12582);
#12582 = DEFINITIONAL_REPRESENTATION('',(#12583),#12719);
#12583 = B_SPLINE_CURVE_WITH_KNOTS('',3,(#12584,#12585,#12586,#12587,
    #12588,#12589,#12590,#12591,#12592,#12593,#12594,#12595,#12596,
    #12597,#12598,#12599,#12600,#12601,#12602,#12603,#12604,#12605,
    #12606,#12607,#12608,#12609,#12610,#12611,#12612,#12613,#12614,
    #12615,#12616,#12617,#12618,#12619,#12620,#12621,#12622,#12623,
    #12624,#12625,#12626,#12627,#12628,#12629,#12630,#12631,#12632,
    #12633,#12634,#12635,#12636,#12637,#12638,#12639,#12640,#12641,
    #12642,#12643,#12644,#12645,#12646,#12647,#12648,#12649,#12650,
    #12651,#12652,#12653,#12654,#12655,#12656,#12657,#12658,#12659,
    #12660,#12661,#12662,#12663,#12664,#12665,#12666,#12667,#12668,
    #12669,#12670,#12671,#12672,#12673,#12674,#12675,#12676,#12677,
    #12678,#12679,#12680,#12681,#12682,#12683,#12684,#12685,#12686,
    #12687,#12688,#12689,#12690,#12691,#12692,#12693,#12694,#12695,
    #12696,#12697,#12698,#12699,#12700,#12701,#12702,#12703,#12704,
    #12705,#12706,#12707,#12708,#12709,#12710,#12711,#12712,#12713,
    #12714,#12715,#12716,#12717,#12718),.UNSPECIFIED.,.F.,.F.,(4,1,1,1,1
    ,1,1,1,1,1,1,1,1,1,1,1,1,1,1,1,1,1,1,1,1,1,1,1,1,1,1,1,1,1,1,1,1,1,1
    ,1,1,1,1,1,1,1,1,1,1,1,1,1,1,1,1,1,1,1,1,1,1,1,1,1,1,1,1,1,1,1,1,1,1
    ,1,1,1,1,1,1,1,1,1,1,1,1,1,1,1,1,1,1,1,1,1,1,1,1,1,1,1,1,1,1,1,1,1,1
    ,1,1,1,1,1,1,1,1,1,1,1,1,1,1,1,1,1,1,1,1,1,1,1,1,1,4),(0.,
    1.899457486097E-03,3.798914972194E-03,5.698372458291E-03,
    7.597829944388E-03,9.497287430485E-03,1.139674491658E-02,
    1.329620240268E-02,1.519565988878E-02,1.709511737487E-02,
    1.899457486097E-02,2.089403234707E-02,2.279348983316E-02,
    2.469294731926E-02,2.659240480536E-02,2.849186229146E-02,
    3.039131977755E-02,3.229077726365E-02,3.419023474975E-02,
    3.608969223584E-02,3.798914972194E-02,3.988860720804E-02,
    4.178806469414E-02,4.368752218023E-02,4.558697966633E-02,
    4.748643715243E-02,4.938589463852E-02,5.128535212462E-02,
    5.318480961072E-02,5.508426709682E-02,5.698372458291E-02,
    5.888318206901E-02,6.078263955511E-02,6.26820970412E-02,
    6.45815545273E-02,6.64810120134E-02,6.838046949949E-02,
    7.027992698559E-02,7.217938447169E-02,7.407884195779E-02,
    7.597829944388E-02,7.787775692998E-02,7.977721441608E-02,
    8.167667190217E-02,8.357612938827E-02,8.547558687437E-02,
    8.737504436047E-02,8.927450184656E-02,9.117395933266E-02,
    9.307341681876E-02,9.497287430485E-02,9.687233179095E-02,
    9.877178927705E-02,0.100671246763,0.102570704249,0.104470161735,
    0.106369619221,0.108269076708,0.110168534194,0.11206799168,
    0.113967449166,0.115866906652,0.117766364138,0.119665821624,
    0.12156527911,0.123464736596,0.125364194082,0.127263651569,
    0.129163109055,0.131062566541,0.132962024027,0.134861481513,
    0.136760938999,0.138660396485,0.140559853971,0.142459311457,
    0.144358768943,0.146258226429,0.148157683916,0.150057141402,
    0.151956598888,0.153856056374,0.15575551386,0.157654971346,
    0.159554428832,0.161453886318,0.163353343804,0.16525280129,
    0.167152258777,0.169051716263,0.170951173749,0.172850631235,
    0.174750088721,0.176649546207,0.178549003693,0.180448461179,
    0.182347918665,0.184247376151,0.186146833638,0.188046291124,
    0.18994574861,0.191845206096,0.193744663582,0.195644121068,
    0.197543578554,0.19944303604,0.201342493526,0.203241951012,
    0.205141408498,0.207040865985,0.208940323471,0.210839780957,
    0.212739238443,0.214638695929,0.216538153415,0.218437610901,
    0.220337068387,0.222236525873,0.224135983359,0.226035440846,
    0.227934898332,0.229834355818,0.231733813304,0.23363327079,
    0.235532728276,0.237432185762,0.239331643248,0.241231100734,
    0.24313055822,0.245030015707,0.246929473193,0.248828930679,
    0.250728388165),.QUASI_UNIFORM_KNOTS.);
#12584 = CARTESIAN_POINT('',(4.711245155011,27.176692701023));
#12585 = CARTESIAN_POINT('',(4.711234405505,27.162228528651));
#12586 = CARTESIAN_POINT('',(4.711263792662,27.133307557154));
#12587 = CARTESIAN_POINT('',(4.711460523053,27.089948219649));
#12588 = CARTESIAN_POINT('',(4.711809894256,27.046611001885));
#12589 = CARTESIAN_POINT('',(4.712311897395,27.003295903861));
#12590 = CARTESIAN_POINT('',(4.712966524375,26.960002925578));
#12591 = CARTESIAN_POINT('',(4.71377376833,26.916732067035));
#12592 = CARTESIAN_POINT('',(4.714733624038,26.873483328233));
#12593 = CARTESIAN_POINT('',(4.715846088206,26.830256709172));
#12594 = CARTESIAN_POINT('',(4.717111159656,26.787052209851));
#12595 = CARTESIAN_POINT('',(4.7185288394,26.74386983027));
#12596 = CARTESIAN_POINT('',(4.720099130614,26.700709570431));
#12597 = CARTESIAN_POINT('',(4.721822038496,26.657571430331));
#12598 = CARTESIAN_POINT('',(4.723697570049,26.614455409973));
#12599 = CARTESIAN_POINT('',(4.725725733634,26.571361509355));
#12600 = CARTESIAN_POINT('',(4.727906538876,26.528289728477));
#12601 = CARTESIAN_POINT('',(4.73023999476,26.485240067341));
#12602 = CARTESIAN_POINT('',(4.732726113956,26.442212525942));
#12603 = CARTESIAN_POINT('',(4.73536490269,26.399207104295));
#12604 = CARTESIAN_POINT('',(4.738156327634,26.356223802349));
#12605 = CARTESIAN_POINT('',(4.741100372966,26.313262620291));
#12606 = CARTESIAN_POINT('',(4.74419702967,26.270323557423));
#12607 = CARTESIAN_POINT('',(4.747446297809,26.22740661635));
#12608 = CARTESIAN_POINT('',(4.750848188827,26.184511787353));
#12609 = CARTESIAN_POINT('',(4.754402714133,26.141639106702));
#12610 = CARTESIAN_POINT('',(4.758109927846,26.098788439034));
#12611 = CARTESIAN_POINT('',(4.761969754803,26.055960289534));
#12612 = CARTESIAN_POINT('',(4.765982388045,26.013152772824));
#12613 = CARTESIAN_POINT('',(4.770147005845,25.970372925232));
#12614 = CARTESIAN_POINT('',(4.774466686668,25.92759448682));
#12615 = CARTESIAN_POINT('',(4.778930013435,25.884915461019));
#12616 = CARTESIAN_POINT('',(4.783579637215,25.841970094043));
#12617 = CARTESIAN_POINT('',(4.788243523156,25.800232713977));
#12618 = CARTESIAN_POINT('',(4.793258309817,25.756812568616));
#12619 = CARTESIAN_POINT('',(4.798569764907,25.712221485451));
#12620 = CARTESIAN_POINT('',(4.803982292149,25.668154903713));
#12621 = CARTESIAN_POINT('',(4.809548006531,25.624158531828));
#12622 = CARTESIAN_POINT('',(4.815252690848,25.580354096857));
#12623 = CARTESIAN_POINT('',(4.821099944103,25.536708982133));
#12624 = CARTESIAN_POINT('',(4.827088634609,25.493231927266));
#12625 = CARTESIAN_POINT('',(4.833218941906,25.449920590484));
#12626 = CARTESIAN_POINT('',(4.839490738221,25.406775599263));
#12627 = CARTESIAN_POINT('',(4.845904022431,25.363796785472));
#12628 = CARTESIAN_POINT('',(4.852458803937,25.320984194163));
#12629 = CARTESIAN_POINT('',(4.859155133854,25.278337813263));
#12630 = CARTESIAN_POINT('',(4.8659930965,25.235857646009));
#12631 = CARTESIAN_POINT('',(4.872972811799,25.193543691532));
#12632 = CARTESIAN_POINT('',(4.880094433146,25.151395950066));
#12633 = CARTESIAN_POINT('',(4.887358151938,25.109414421549));
#12634 = CARTESIAN_POINT('',(4.894764179367,25.067599105997));
#12635 = CARTESIAN_POINT('',(4.90231281184,25.025950003407));
#12636 = CARTESIAN_POINT('',(4.91000347288,24.98446711378));
#12637 = CARTESIAN_POINT('',(4.917836053584,24.943150437118));
#12638 = CARTESIAN_POINT('',(4.925810431011,24.901999973411));
#12639 = CARTESIAN_POINT('',(4.933926557167,24.861015722701));
#12640 = CARTESIAN_POINT('',(4.942184433528,24.820197684837));
#12641 = CARTESIAN_POINT('',(4.95058412543,24.779545860384));
#12642 = CARTESIAN_POINT('',(4.959125730834,24.73906024723));
#12643 = CARTESIAN_POINT('',(4.967809491112,24.698740853266));
#12644 = CARTESIAN_POINT('',(4.976635236466,24.65858764904));
#12645 = CARTESIAN_POINT('',(4.985602824709,24.618600744473));
#12646 = CARTESIAN_POINT('',(4.99471237621,24.578779729336));
#12647 = CARTESIAN_POINT('',(5.003963494926,24.539126134633));
#12648 = CARTESIAN_POINT('',(5.013357994274,24.499634246575));
#12649 = CARTESIAN_POINT('',(5.022889233296,24.460325389321));
#12650 = CARTESIAN_POINT('',(5.03258169942,24.421119980026));
#12651 = CARTESIAN_POINT('',(5.042344054862,24.38231502592));
#12652 = CARTESIAN_POINT('',(5.054486644207,24.335057179853));
#12653 = CARTESIAN_POINT('',(5.066159074904,24.290668507681));
#12654 = CARTESIAN_POINT('',(5.078124073477,24.246115271005));
#12655 = CARTESIAN_POINT('',(5.090176379233,24.202210357581));
#12656 = CARTESIAN_POINT('',(5.102370250617,24.158735954791));
#12657 = CARTESIAN_POINT('',(5.114690558386,24.115750425354));
#12658 = CARTESIAN_POINT('',(5.127140918309,24.073238131028));
#12659 = CARTESIAN_POINT('',(5.139720078307,24.031203262069));
#12660 = CARTESIAN_POINT('',(5.152428247566,23.989644695703));
#12661 = CARTESIAN_POINT('',(5.165265402555,23.948562732778));
#12662 = CARTESIAN_POINT('',(5.178231742535,23.907957292685));
#12663 = CARTESIAN_POINT('',(5.191327569256,23.867828397024));
#12664 = CARTESIAN_POINT('',(5.204553319314,23.828176040009));
#12665 = CARTESIAN_POINT('',(5.217909560543,23.789000223193));
#12666 = CARTESIAN_POINT('',(5.23139697833,23.750300946161));
#12667 = CARTESIAN_POINT('',(5.245016436813,23.712078209027));
#12668 = CARTESIAN_POINT('',(5.258768749172,23.674332011761));
#12669 = CARTESIAN_POINT('',(5.27265161395,23.637062354378));
#12670 = CARTESIAN_POINT('',(5.286664940325,23.600269236861));
#12671 = CARTESIAN_POINT('',(5.300808337098,23.56395265928));
#12672 = CARTESIAN_POINT('',(5.315081691077,23.528112621381));
#12673 = CARTESIAN_POINT('',(5.329485009699,23.49274912412));
#12674 = CARTESIAN_POINT('',(5.344018487571,23.457862163947));
#12675 = CARTESIAN_POINT('',(5.358682411798,23.423451754111));
#12676 = CARTESIAN_POINT('',(5.373477486791,23.389517845182));
#12677 = CARTESIAN_POINT('',(5.38840298077,23.356060621646));
#12678 = CARTESIAN_POINT('',(5.403459032671,23.323079394999));
#12679 = CARTESIAN_POINT('',(5.418644338834,23.290576734788));
#12680 = CARTESIAN_POINT('',(5.4339638951,23.258543051344));
#12681 = CARTESIAN_POINT('',(5.449399969926,23.227014133808));
#12682 = CARTESIAN_POINT('',(5.465018864171,23.195856415301));
#12683 = CARTESIAN_POINT('',(5.480572416534,23.165568374212));
#12684 = CARTESIAN_POINT('',(5.496986880648,23.134289663886));
#12685 = CARTESIAN_POINT('',(5.518213591586,23.095065763652));
#12686 = CARTESIAN_POINT('',(5.538244029039,23.059320896438));
#12687 = CARTESIAN_POINT('',(5.558687608506,23.023993950811));
#12688 = CARTESIAN_POINT('',(5.57911272022,22.989905149592));
#12689 = CARTESIAN_POINT('',(5.599634856723,22.956834712953));
#12690 = CARTESIAN_POINT('',(5.620223152837,22.924841537408));
#12691 = CARTESIAN_POINT('',(5.640886185297,22.893909816745));
#12692 = CARTESIAN_POINT('',(5.661622318914,22.86404387932));
#12693 = CARTESIAN_POINT('',(5.682432594441,22.835242217942));
#12694 = CARTESIAN_POINT('',(5.703314656464,22.80750653304));
#12695 = CARTESIAN_POINT('',(5.724274005175,22.780831530104));
#12696 = CARTESIAN_POINT('',(5.745290387439,22.755236686769));
#12697 = CARTESIAN_POINT('',(5.766439854441,22.730649387026));
#12698 = CARTESIAN_POINT('',(5.787439129091,22.707340617294));
#12699 = CARTESIAN_POINT('',(5.809344567725,22.684299047927));
#12700 = CARTESIAN_POINT('',(5.828214208612,22.665299011107));
#12701 = CARTESIAN_POINT('',(5.856305177661,22.638624946641));
#12702 = CARTESIAN_POINT('',(5.882682910049,22.61520889594));
#12703 = CARTESIAN_POINT('',(5.909511761403,22.592869908515));
#12704 = CARTESIAN_POINT('',(5.936211873312,22.572192368243));
#12705 = CARTESIAN_POINT('',(5.962938548331,22.553019690121));
#12706 = CARTESIAN_POINT('',(5.989650073183,22.535393830297));
#12707 = CARTESIAN_POINT('',(6.016357376875,22.51930354919));
#12708 = CARTESIAN_POINT('',(6.04305790196,22.504751848994));
#12709 = CARTESIAN_POINT('',(6.06975078803,22.491737960527));
#12710 = CARTESIAN_POINT('',(6.096373895741,22.480263345799));
#12711 = CARTESIAN_POINT('',(6.122965544008,22.470327168336));
#12712 = CARTESIAN_POINT('',(6.149546187183,22.461929014174));
#12713 = CARTESIAN_POINT('',(6.176141487904,22.455068433513));
#12714 = CARTESIAN_POINT('',(6.202775916102,22.449744697385));
#12715 = CARTESIAN_POINT('',(6.229474569768,22.445958229332));
#12716 = CARTESIAN_POINT('',(6.25626157863,22.443705122023));
#12717 = CARTESIAN_POINT('',(6.274196486786,22.44323346675));
#12718 = CARTESIAN_POINT('',(6.283187529529,22.443256517076));
#12719 = ( GEOMETRIC_REPRESENTATION_CONTEXT(2) 
PARAMETRIC_REPRESENTATION_CONTEXT() REPRESENTATION_CONTEXT('2D SPACE',''
  ) );
#12720 = PCURVE('',#11871,#12721);
#12721 = DEFINITIONAL_REPRESENTATION('',(#12722),#12925);
#12722 = B_SPLINE_CURVE_WITH_KNOTS('',11,(#12723,#12724,#12725,#12726,
    #12727,#12728,#12729,#12730,#12731,#12732,#12733,#12734,#12735,
    #12736,#12737,#12738,#12739,#12740,#12741,#12742,#12743,#12744,
    #12745,#12746,#12747,#12748,#12749,#12750,#12751,#12752,#12753,
    #12754,#12755,#12756,#12757,#12758,#12759,#12760,#12761,#12762,
    #12763,#12764,#12765,#12766,#12767,#12768,#12769,#12770,#12771,
    #12772,#12773,#12774,#12775,#12776,#12777,#12778,#12779,#12780,
    #12781,#12782,#12783,#12784,#12785,#12786,#12787,#12788,#12789,
    #12790,#12791,#12792,#12793,#12794,#12795,#12796,#12797,#12798,
    #12799,#12800,#12801,#12802,#12803,#12804,#12805,#12806,#12807,
    #12808,#12809,#12810,#12811,#12812,#12813,#12814,#12815,#12816,
    #12817,#12818,#12819,#12820,#12821,#12822,#12823,#12824,#12825,
    #12826,#12827,#12828,#12829,#12830,#12831,#12832,#12833,#12834,
    #12835,#12836,#12837,#12838,#12839,#12840,#12841,#12842,#12843,
    #12844,#12845,#12846,#12847,#12848,#12849,#12850,#12851,#12852,
    #12853,#12854,#12855,#12856,#12857,#12858,#12859,#12860,#12861,
    #12862,#12863,#12864,#12865,#12866,#12867,#12868,#12869,#12870,
    #12871,#12872,#12873,#12874,#12875,#12876,#12877,#12878,#12879,
    #12880,#12881,#12882,#12883,#12884,#12885,#12886,#12887,#12888,
    #12889,#12890,#12891,#12892,#12893,#12894,#12895,#12896,#12897,
    #12898,#12899,#12900,#12901,#12902,#12903,#12904,#12905,#12906,
    #12907,#12908,#12909,#12910,#12911,#12912,#12913,#12914,#12915,
    #12916,#12917,#12918,#12919,#12920,#12921,#12922,#12923,#12924),
  .UNSPECIFIED.,.F.,.F.,(12,10,10,10,10,10,10,10,10,10,10,10,10,10,10,10
    ,10,10,10,10,12),(0.,3.134105708008E-02,4.701158562013E-02,
    5.484684989016E-02,6.268211416018E-02,9.402317124026E-02,
    0.10969369978,0.11752896405,0.12536422832,0.13319949259,
    0.14103475686,0.156705285401,0.172375813941,0.18021107821,
    0.18804634248,0.19588160675,0.20371687102,0.211552135291,
    0.219387399561,0.235057928101,0.250728388165),.UNSPECIFIED.);
#12723 = CARTESIAN_POINT('',(4.712798723209,11.805688381908));
#12724 = CARTESIAN_POINT('',(4.712847085007,11.870777157599));
#12725 = CARTESIAN_POINT('',(4.712517704904,11.93581118659));
#12726 = CARTESIAN_POINT('',(4.711810582606,12.00079046897));
#12727 = CARTESIAN_POINT('',(4.71072571782,12.065715004818));
#12728 = CARTESIAN_POINT('',(4.709263110256,12.130584794237));
#12729 = CARTESIAN_POINT('',(4.707422759613,12.195399837291));
#12730 = CARTESIAN_POINT('',(4.705204665606,12.26016013409));
#12731 = CARTESIAN_POINT('',(4.702608827935,12.324865684704));
#12732 = CARTESIAN_POINT('',(4.699635246312,12.389516489228));
#12733 = CARTESIAN_POINT('',(4.696283920439,12.454112547747));
#12734 = CARTESIAN_POINT('',(4.690690314819,12.550924516647));
#12735 = CARTESIAN_POINT('',(4.688731345633,12.583181476295));
#12736 = CARTESIAN_POINT('',(4.686677942145,12.615424741618));
#12737 = CARTESIAN_POINT('',(4.68453010404,12.647654314975));
#12738 = CARTESIAN_POINT('',(4.682287830989,12.679870198659));
#12739 = CARTESIAN_POINT('',(4.679951122681,12.712072395067));
#12740 = CARTESIAN_POINT('',(4.677519978787,12.744260906467));
#12741 = CARTESIAN_POINT('',(4.674994398991,12.776435735253));
#12742 = CARTESIAN_POINT('',(4.672374382972,12.808596883722));
#12743 = CARTESIAN_POINT('',(4.669659930408,12.84074435423));
#12744 = CARTESIAN_POINT('',(4.665446596266,12.888945046543));
#12745 = CARTESIAN_POINT('',(4.664018287765,12.905010743118));
#12746 = CARTESIAN_POINT('',(4.66256620119,12.921074494848));
#12747 = CARTESIAN_POINT('',(4.661090422245,12.937135557728));
#12748 = CARTESIAN_POINT('',(4.659591036658,12.953193187804));
#12749 = CARTESIAN_POINT('',(4.658068130114,12.969246641033));
#12750 = CARTESIAN_POINT('',(4.656521788356,12.985295173494));
#12751 = CARTESIAN_POINT('',(4.654952097064,13.001338041136));
#12752 = CARTESIAN_POINT('',(4.653359141973,13.017374500017));
#12753 = CARTESIAN_POINT('',(4.651743008782,13.033403806121));
#12754 = CARTESIAN_POINT('',(4.648464557629,13.065446624824));
#12755 = CARTESIAN_POINT('',(4.646805907173,13.081428873424));
#12756 = CARTESIAN_POINT('',(4.645119404161,13.097443451799));
#12757 = CARTESIAN_POINT('',(4.643390589101,13.113615030098));
#12758 = CARTESIAN_POINT('',(4.641633604207,13.129822684677));
#12759 = CARTESIAN_POINT('',(4.63988014103,13.145794457347));
#12760 = CARTESIAN_POINT('',(4.638147620884,13.161380778754));
#12761 = CARTESIAN_POINT('',(4.636411525459,13.176792286026));
#12762 = CARTESIAN_POINT('',(4.634606796589,13.19258756651));
#12763 = CARTESIAN_POINT('',(4.632683222571,13.209196357678));
#12764 = CARTESIAN_POINT('',(4.6229657583,13.292033243007));
#12765 = CARTESIAN_POINT('',(4.614619567499,13.359804293016));
#12766 = CARTESIAN_POINT('',(4.60660460914,13.421176515333));
#12767 = CARTESIAN_POINT('',(4.596792220772,13.494828493062));
#12768 = CARTESIAN_POINT('',(4.588855874076,13.54858148647));
#12769 = CARTESIAN_POINT('',(4.578046272691,13.623957261631));
#12770 = CARTESIAN_POINT('',(4.568990863797,13.680593221916));
#12771 = CARTESIAN_POINT('',(4.558316279144,13.747850713566));
#12772 = CARTESIAN_POINT('',(4.547822584239,13.810086886044));
#12773 = CARTESIAN_POINT('',(4.536836278431,13.873125834987));
#12774 = CARTESIAN_POINT('',(4.519854663644,13.966836156416));
#12775 = CARTESIAN_POINT('',(4.514106505172,13.99796948042));
#12776 = CARTESIAN_POINT('',(4.508270675049,14.028999585719));
#12777 = CARTESIAN_POINT('',(4.502347121834,14.059926703389));
#12778 = CARTESIAN_POINT('',(4.496335794088,14.09075106456));
#12779 = CARTESIAN_POINT('',(4.490236640363,14.121472900272));
#12780 = CARTESIAN_POINT('',(4.484049609228,14.152092441681));
#12781 = CARTESIAN_POINT('',(4.477774649231,14.182609919825));
#12782 = CARTESIAN_POINT('',(4.471411708939,14.21302556584));
#12783 = CARTESIAN_POINT('',(4.464960736905,14.243339610793));
#12784 = CARTESIAN_POINT('',(4.455152154084,14.288658623292));
#12785 = CARTESIAN_POINT('',(4.451861116231,14.303737161345));
#12786 = CARTESIAN_POINT('',(4.44854847038,14.318788383082));
#12787 = CARTESIAN_POINT('',(4.44521411876,14.333812771539));
#12788 = CARTESIAN_POINT('',(4.441857963642,14.348810809952));
#12789 = CARTESIAN_POINT('',(4.438479907227,14.363782981239));
#12790 = CARTESIAN_POINT('',(4.435079851806,14.378729768716));
#12791 = CARTESIAN_POINT('',(4.431657699581,14.3936516553));
#12792 = CARTESIAN_POINT('',(4.428213352822,14.408549124228));
#12793 = CARTESIAN_POINT('',(4.424746713758,14.423422658535));
#12794 = CARTESIAN_POINT('',(4.417768655518,14.45312282417));
#12795 = CARTESIAN_POINT('',(4.414291060955,14.46781861216));
#12796 = CARTESIAN_POINT('',(4.410643399012,14.48306238025));
#12797 = CARTESIAN_POINT('',(4.407279594002,14.497097507617));
#12798 = CARTESIAN_POINT('',(4.403668864399,14.511978968365));
#12799 = CARTESIAN_POINT('',(4.399712813822,14.528089653934));
#12800 = CARTESIAN_POINT('',(4.395987280918,14.543196238473));
#12801 = CARTESIAN_POINT('',(4.392751016819,14.556286150068));
#12802 = CARTESIAN_POINT('',(4.389418153559,14.569629918568));
#12803 = CARTESIAN_POINT('',(4.385546688227,14.584970740703));
#12804 = CARTESIAN_POINT('',(4.377154973564,14.617940318018));
#12805 = CARTESIAN_POINT('',(4.372654614558,14.635488958524));
#12806 = CARTESIAN_POINT('',(4.367918841469,14.653826725358));
#12807 = CARTESIAN_POINT('',(4.363522089949,14.670652679815));
#12808 = CARTESIAN_POINT('',(4.359364717875,14.686366705163));
#12809 = CARTESIAN_POINT('',(4.355053469554,14.702544492798));
#12810 = CARTESIAN_POINT('',(4.350481928964,14.719611345605));
#12811 = CARTESIAN_POINT('',(4.345910291481,14.736523133229));
#12812 = CARTESIAN_POINT('',(4.34150301188,14.752620195897));
#12813 = CARTESIAN_POINT('',(4.336942116973,14.769177462464));
#12814 = CARTESIAN_POINT('',(4.327844282639,14.801885559442));
#12815 = CARTESIAN_POINT('',(4.32327127814,14.818180489061));
#12816 = CARTESIAN_POINT('',(4.318675951899,14.834409991365));
#12817 = CARTESIAN_POINT('',(4.314059730357,14.85056898419));
#12818 = CARTESIAN_POINT('',(4.309423700795,14.866653611548));
#12819 = CARTESIAN_POINT('',(4.304768611352,14.882661243795));
#12820 = CARTESIAN_POINT('',(4.300094871003,14.898590477415));
#12821 = CARTESIAN_POINT('',(4.29540254958,14.914441135246));
#12822 = CARTESIAN_POINT('',(4.290691377755,14.930214266288));
#12823 = CARTESIAN_POINT('',(4.285960747052,14.945912145832));
#12824 = CARTESIAN_POINT('',(4.271707635413,14.992790534517));
#12825 = CARTESIAN_POINT('',(4.262125590422,15.02374999464));
#12826 = CARTESIAN_POINT('',(4.25246339475,15.054416333782));
#12827 = CARTESIAN_POINT('',(4.242720868283,15.084789229963));
#12828 = CARTESIAN_POINT('',(4.232897830902,15.114868361204));
#12829 = CARTESIAN_POINT('',(4.222994102497,15.144653405522));
#12830 = CARTESIAN_POINT('',(4.213009502945,15.17414404094));
#12831 = CARTESIAN_POINT('',(4.202943852139,15.203339945476));
#12832 = CARTESIAN_POINT('',(4.192796969955,15.232240797149));
#12833 = CARTESIAN_POINT('',(4.182568676283,15.260846273981));
#12834 = CARTESIAN_POINT('',(4.161948905728,15.317465834));
#12835 = CARTESIAN_POINT('',(4.151557966231,15.345481838342));
#12836 = CARTESIAN_POINT('',(4.141086157506,15.373203649455));
#12837 = CARTESIAN_POINT('',(4.130533664558,15.400630849813));
#12838 = CARTESIAN_POINT('',(4.119900672373,15.427763021826));
#12839 = CARTESIAN_POINT('',(4.109187365958,15.454599747996));
#12840 = CARTESIAN_POINT('',(4.0983939303,15.481140610719));
#12841 = CARTESIAN_POINT('',(4.087520550402,15.507385192486));
#12842 = CARTESIAN_POINT('',(4.076567411257,15.533333075723));
#12843 = CARTESIAN_POINT('',(4.065534697862,15.558983842889));
#12844 = CARTESIAN_POINT('',(4.04886654389,15.597013693204));
#12845 = CARTESIAN_POINT('',(4.043292142167,15.609613212242));
#12846 = CARTESIAN_POINT('',(4.037696674924,15.622141098745));
#12847 = CARTESIAN_POINT('',(4.032078368484,15.634600908685));
#12848 = CARTESIAN_POINT('',(4.026436390636,15.646994288885));
#12849 = CARTESIAN_POINT('',(4.020770850586,15.659320976886));
#12850 = CARTESIAN_POINT('',(4.015082799029,15.671578801133));
#12851 = CARTESIAN_POINT('',(4.009374228069,15.683763680761));
#12852 = CARTESIAN_POINT('',(4.003648071292,15.695869625797));
#12853 = CARTESIAN_POINT('',(3.997908203709,15.707888737005));
#12854 = CARTESIAN_POINT('',(3.986410679877,15.731733674959));
#12855 = CARTESIAN_POINT('',(3.980600999311,15.743663051936));
#12856 = CARTESIAN_POINT('',(3.974963339952,15.755137815822));
#12857 = CARTESIAN_POINT('',(3.968988554276,15.767156383313));
#12858 = CARTESIAN_POINT('',(3.962947679388,15.779195102808));
#12859 = CARTESIAN_POINT('',(3.957313969889,15.790332756899));
#12860 = CARTESIAN_POINT('',(3.95200044498,15.800738821221));
#12861 = CARTESIAN_POINT('',(3.946372096007,15.811649920818));
#12862 = CARTESIAN_POINT('',(3.940035294123,15.823826119916));
#12863 = CARTESIAN_POINT('',(3.933450330482,15.836345874253));
#12864 = CARTESIAN_POINT('',(3.919462499111,15.862585465189));
#12865 = CARTESIAN_POINT('',(3.912108994892,15.876212706171));
#12866 = CARTESIAN_POINT('',(3.904193533362,15.890694859922));
#12867 = CARTESIAN_POINT('',(3.89619178684,15.905143764934));
#12868 = CARTESIAN_POINT('',(3.888442428965,15.918932768531));
#12869 = CARTESIAN_POINT('',(3.880923362793,15.932105080484));
#12870 = CARTESIAN_POINT('',(3.873394504554,15.945107474559));
#12871 = CARTESIAN_POINT('',(3.865682410591,15.958263470621));
#12872 = CARTESIAN_POINT('',(3.857882035326,15.971400128958));
#12873 = CARTESIAN_POINT('',(3.850250907784,15.984042589568));
#12874 = CARTESIAN_POINT('',(3.834891121097,16.009138386718));
#12875 = CARTESIAN_POINT('',(3.827212733484,16.021501189865));
#12876 = CARTESIAN_POINT('',(3.819528924229,16.033690077388));
#12877 = CARTESIAN_POINT('',(3.811834289786,16.045713750126));
#12878 = CARTESIAN_POINT('',(3.804124950411,16.057578429876));
#12879 = CARTESIAN_POINT('',(3.796398550205,16.069287859523));
#12880 = CARTESIAN_POINT('',(3.788654257058,16.080843302865));
#12881 = CARTESIAN_POINT('',(3.780892762705,16.092243544803));
#12882 = CARTESIAN_POINT('',(3.773116282682,16.103484891172));
#12883 = CARTESIAN_POINT('',(3.765328556352,16.114561168866));
#12884 = CARTESIAN_POINT('',(3.749741137439,16.136366282656));
#12885 = CARTESIAN_POINT('',(3.741946979598,16.147090888303));
#12886 = CARTESIAN_POINT('',(3.734146158085,16.157644862039));
#12887 = CARTESIAN_POINT('',(3.726333762486,16.168034059412));
#12888 = CARTESIAN_POINT('',(3.718506187258,16.178262872085));
#12889 = CARTESIAN_POINT('',(3.710661131732,16.188334227979));
#12890 = CARTESIAN_POINT('',(3.702797600113,16.198249591102));
#12891 = CARTESIAN_POINT('',(3.694915901476,16.208008961716));
#12892 = CARTESIAN_POINT('',(3.687017649772,16.217610876206));
#12893 = CARTESIAN_POINT('',(3.679105763824,16.227052407159));
#12894 = CARTESIAN_POINT('',(3.663263170827,16.245605919501));
#12895 = CARTESIAN_POINT('',(3.65535444178,16.254693707101));
#12896 = CARTESIAN_POINT('',(3.647237676052,16.263812309217));
#12897 = CARTESIAN_POINT('',(3.639628337434,16.272250854536));
#12898 = CARTESIAN_POINT('',(3.630904648331,16.281587253553));
#12899 = CARTESIAN_POINT('',(3.622125951874,16.290807069171));
#12900 = CARTESIAN_POINT('',(3.615393040315,16.297873980331));
#12901 = CARTESIAN_POINT('',(3.609326408926,16.304115293188));
#12902 = CARTESIAN_POINT('',(3.600518067933,16.312831746984));
#12903 = CARTESIAN_POINT('',(3.591246225611,16.321821147127));
#12904 = CARTESIAN_POINT('',(3.562097083965,16.349418124688));
#12905 = CARTESIAN_POINT('',(3.540730579294,16.368853198392));
#12906 = CARTESIAN_POINT('',(3.523421176583,16.383024438991));
#12907 = CARTESIAN_POINT('',(3.500598803949,16.402199977809));
#12908 = CARTESIAN_POINT('',(3.481705180343,16.416139968263));
#12909 = CARTESIAN_POINT('',(3.462389740524,16.429542152736));
#12910 = CARTESIAN_POINT('',(3.440709363626,16.444605394871));
#12911 = CARTESIAN_POINT('',(3.422008712552,16.455571978316));
#12912 = CARTESIAN_POINT('',(3.401471246547,16.46747777365));
#12913 = CARTESIAN_POINT('',(3.381556186726,16.477803658946));
#12914 = CARTESIAN_POINT('',(3.341581558135,16.496746286427));
#12915 = CARTESIAN_POINT('',(3.32163062891,16.505258414186));
#12916 = CARTESIAN_POINT('',(3.301704823136,16.512818558777));
#12917 = CARTESIAN_POINT('',(3.281792170825,16.519431567997));
#12918 = CARTESIAN_POINT('',(3.261879949952,16.525099955191));
#12919 = CARTESIAN_POINT('',(3.24195468646,16.529823899472));
#12920 = CARTESIAN_POINT('',(3.222002154255,16.533601245417));
#12921 = CARTESIAN_POINT('',(3.202007375205,16.536427503413));
#12922 = CARTESIAN_POINT('',(3.181954619146,16.538295849329));
#12923 = CARTESIAN_POINT('',(3.161827403874,16.539197124776));
#12924 = CARTESIAN_POINT('',(3.141608495155,16.539119836936));
#12925 = ( GEOMETRIC_REPRESENTATION_CONTEXT(2) 
PARAMETRIC_REPRESENTATION_CONTEXT() REPRESENTATION_CONTEXT('2D SPACE',''
  ) );
#12926 = ORIENTED_EDGE('',*,*,#12927,.F.);
#12927 = EDGE_CURVE('',#11646,#12491,#12928,.T.);
#12928 = SURFACE_CURVE('',#12929,(#13010,#13105),.PCURVE_S1.);
#12929 = B_SPLINE_CURVE_WITH_KNOTS('',3,(#12930,#12931,#12932,#12933,
    #12934,#12935,#12936,#12937,#12938,#12939,#12940,#12941,#12942,
    #12943,#12944,#12945,#12946,#12947,#12948,#12949,#12950,#12951,
    #12952,#12953,#12954,#12955,#12956,#12957,#12958,#12959,#12960,
    #12961,#12962,#12963,#12964,#12965,#12966,#12967,#12968,#12969,
    #12970,#12971,#12972,#12973,#12974,#12975,#12976,#12977,#12978,
    #12979,#12980,#12981,#12982,#12983,#12984,#12985,#12986,#12987,
    #12988,#12989,#12990,#12991,#12992,#12993,#12994,#12995,#12996,
    #12997,#12998,#12999,#13000,#13001,#13002,#13003,#13004,#13005,
    #13006,#13007,#13008,#13009),.UNSPECIFIED.,.F.,.F.,(4,2,2,2,2,2,2,1,
    1,1,2,2,2,2,1,1,1,2,2,2,2,2,2,2,2,2,2,2,1,2,1,1,2,2,2,2,1,1,1,2,2,2,
    2,2,2,4),(0.5,0.53125,0.546875,0.5546875,0.5625,0.59375,0.609375,
    0.6171875,0.62109375,0.623046875,0.6240234375,0.625,0.65625,0.671875
    ,0.6796875,0.68359375,0.685546875,0.6865234375,0.6875,0.703125,
    0.7109375,0.712890625,0.71484375,0.71875,0.75,0.765625,0.78125,
    0.7890625,0.796875,0.8046875,0.80859375,0.810546875,0.8115234375,
    0.8125,0.84375,0.859375,0.8671875,0.87109375,0.873046875,
    0.8740234375,0.875,0.90625,0.921875,0.9296875,0.9375,1.),
  .UNSPECIFIED.);
#12930 = CARTESIAN_POINT('',(-1.789086964899E-02,-275.8999677617,
    -227.9499721314));
#12931 = CARTESIAN_POINT('',(0.221503646835,-275.9003755336,
    -227.94997229));
#12932 = CARTESIAN_POINT('',(0.459753196512,-275.8902829324,
    -227.9498618803));
#12933 = CARTESIAN_POINT('',(0.815410070819,-275.8594050084,
    -227.950452997));
#12934 = CARTESIAN_POINT('',(0.933676120553,-275.84648926,
    -227.9507961769));
#12935 = CARTESIAN_POINT('',(1.110645832602,-275.8231963752,
    -227.9518251354));
#12936 = CARTESIAN_POINT('',(1.169564176192,-275.8147790429,
    -227.9522550648));
#12937 = CARTESIAN_POINT('',(1.287257742523,-275.7966439003,
    -227.9533528241));
#12938 = CARTESIAN_POINT('',(1.344249213895,-275.7872409718,
    -227.95399563));
#12939 = CARTESIAN_POINT('',(1.646686282307,-275.7338474696,
    -227.9582392031));
#12940 = CARTESIAN_POINT('',(1.881639159516,-275.6810722689,
    -227.9641198656));
#12941 = CARTESIAN_POINT('',(2.223573309049,-275.587845587,
    -227.9812705645));
#12942 = CARTESIAN_POINT('',(2.335802164514,-275.5544372498,
    -227.9883931789));
#12943 = CARTESIAN_POINT('',(2.50152165614,-275.5010960717,
    -228.001900468));
#12944 = CARTESIAN_POINT('',(2.583725454061,-275.4736201354,
    -228.0093612667));
#12945 = CARTESIAN_POINT('',(2.678481976156,-275.4402364824,
    -228.0194716724));
#12946 = CARTESIAN_POINT('',(2.725573260001,-275.4232245333,
    -228.0249002465));
#12947 = CARTESIAN_POINT('',(2.745693743677,-275.4158664371,
    -228.0273091364));
#12948 = CARTESIAN_POINT('',(2.759093733879,-275.4109462467,
    -228.0289336278));
#12949 = CARTESIAN_POINT('',(2.764566156669,-275.4089305869,
    -228.0296034486));
#12950 = CARTESIAN_POINT('',(3.025499435028,-275.3123513945,
    -228.0620308741));
#12951 = CARTESIAN_POINT('',(3.25624592285,-275.2134212134,
    -228.1051915039));
#12952 = CARTESIAN_POINT('',(3.568946072336,-275.0635789516,
    -228.193327569));
#12953 = CARTESIAN_POINT('',(3.667609525124,-275.0134239815,
    -228.2265983946));
#12954 = CARTESIAN_POINT('',(3.807249808745,-274.9390084673,
    -228.282933211));
#12955 = CARTESIAN_POINT('',(3.874981226664,-274.9020084083,
    -228.3127057247));
#12956 = CARTESIAN_POINT('',(3.95034594743,-274.8594884493,
    -228.3503519322));
#12957 = CARTESIAN_POINT('',(3.98711449111,-274.8384282688,
    -228.369913347));
#12958 = CARTESIAN_POINT('',(4.002676620537,-274.8294494347,
    -228.3784560583));
#12959 = CARTESIAN_POINT('',(4.013007858407,-274.8234744478,
    -228.3841866956));
#12960 = CARTESIAN_POINT('',(4.016756118675,-274.8213033622,
    -228.386279374));
#12961 = CARTESIAN_POINT('',(4.127557103358,-274.7569190476,
    -228.449030734));
#12962 = CARTESIAN_POINT('',(4.220105709123,-274.7003930775,
    -228.5138211129));
#12963 = CARTESIAN_POINT('',(4.341326606865,-274.6234716391,
    -228.6187920378));
#12964 = CARTESIAN_POINT('',(4.378799904294,-274.599142162,
    -228.6550759722));
#12965 = CARTESIAN_POINT('',(4.421974440476,-274.5705478089,
    -228.7019333703));
#12966 = CARTESIAN_POINT('',(4.430425993432,-274.5649197935,
    -228.7113798939));
#12967 = CARTESIAN_POINT('',(4.446962390784,-274.5538498567,
    -228.7304198439));
#12968 = CARTESIAN_POINT('',(4.454790461887,-274.5485796853,
    -228.7396634132));
#12969 = CARTESIAN_POINT('',(4.484309072317,-274.5286250576,
    -228.7758644825));
#12970 = CARTESIAN_POINT('',(4.502926583646,-274.5159427347,
    -228.80039514));
#12971 = CARTESIAN_POINT('',(4.660930124984,-274.4076125173,
    -229.0244570863));
#12972 = CARTESIAN_POINT('',(4.733393867024,-274.3533054246,
    -229.2452754161));
#12973 = CARTESIAN_POINT('',(4.740311090949,-274.3477025895,
    -229.5894798145));
#12974 = CARTESIAN_POINT('',(4.723834084359,-274.358587041,
    -229.7071559233));
#12975 = CARTESIAN_POINT('',(4.653314575385,-274.4088869794,
    -229.9420095138));
#12976 = CARTESIAN_POINT('',(4.605060362158,-274.4445680126,
    -230.0451387879));
#12977 = CARTESIAN_POINT('',(4.511882244613,-274.5100695733,
    -230.1892786952));
#12978 = CARTESIAN_POINT('',(4.475269207172,-274.535226032,
    -230.2372530463));
#12979 = CARTESIAN_POINT('',(4.409147296319,-274.5795110739,
    -230.3138786728));
#12980 = CARTESIAN_POINT('',(4.337005112931,-274.6268430878,
    -230.388197822));
#12981 = CARTESIAN_POINT('',(4.252822384472,-274.6797227125,
    -230.45749418));
#12982 = CARTESIAN_POINT('',(4.185170133727,-274.7212511759,
    -230.5074525349));
#12983 = CARTESIAN_POINT('',(4.150215207254,-274.7424825018,
    -230.5319285976));
#12984 = CARTESIAN_POINT('',(4.107459057776,-274.7680227213,
    -230.5595788482));
#12985 = CARTESIAN_POINT('',(4.088711693302,-274.7791285211,
    -230.5712325878));
#12986 = CARTESIAN_POINT('',(4.076119383561,-274.7865673763,
    -230.5789578494));
#12987 = CARTESIAN_POINT('',(4.068470800227,-274.7910711931,
    -230.5835785953));
#12988 = CARTESIAN_POINT('',(3.900671524248,-274.8896500702,
    -230.6838504026));
#12989 = CARTESIAN_POINT('',(3.715268289098,-274.9916548525,
    -230.7619692409));
#12990 = CARTESIAN_POINT('',(3.403130257801,-275.1436297787,
    -230.8545505695));
#12991 = CARTESIAN_POINT('',(3.293412050939,-275.1941556209,
    -230.8813454856));
#12992 = CARTESIAN_POINT('',(3.120326446004,-275.2687647682,
    -230.9161629178));
#12993 = CARTESIAN_POINT('',(3.031656569876,-275.3057780265,
    -230.9322293938));
#12994 = CARTESIAN_POINT('',(2.924486002153,-275.3482723469,
    -230.9487946227));
#12995 = CARTESIAN_POINT('',(2.869970123565,-275.3693278972,
    -230.9565542559));
#12996 = CARTESIAN_POINT('',(2.846406762443,-275.3783085946,
    -230.9597700774));
#12997 = CARTESIAN_POINT('',(2.830653540994,-275.3842859251,
    -230.9618898328));
#12998 = CARTESIAN_POINT('',(2.821553474998,-275.3877214516,
    -230.963094751));
#12999 = CARTESIAN_POINT('',(2.599805800314,-275.4711122194,
    -230.9920944558));
#13000 = CARTESIAN_POINT('',(2.377596838809,-275.5444123455,
    -231.0101798226));
#13001 = CARTESIAN_POINT('',(2.033512026566,-275.6401080461,
    -231.0284812944));
#13002 = CARTESIAN_POINT('',(1.917021860821,-275.6696563184,
    -231.0330995005));
#13003 = CARTESIAN_POINT('',(1.739593769705,-275.7102720557,
    -231.0384551559));
#13004 = CARTESIAN_POINT('',(1.680002265584,-275.7231938715,
    -231.0399774201));
#13005 = CARTESIAN_POINT('',(1.559921643176,-275.7477842518,
    -231.0425919248));
#13006 = CARTESIAN_POINT('',(1.497574339529,-275.7597893409,
    -231.0437122501));
#13007 = CARTESIAN_POINT('',(0.965856679441,-275.8560747339,
    -231.0517458678));
#13008 = CARTESIAN_POINT('',(0.487965123652,-275.8994435771,
    -231.049972112));
#13009 = CARTESIAN_POINT('',(4.819932152003E-03,-275.899999998,
    -231.049971884));
#13010 = PCURVE('',#10613,#13011);
#13011 = DEFINITIONAL_REPRESENTATION('',(#13012),#13104);
#13012 = B_SPLINE_CURVE_WITH_KNOTS('',3,(#13013,#13014,#13015,#13016,
    #13017,#13018,#13019,#13020,#13021,#13022,#13023,#13024,#13025,
    #13026,#13027,#13028,#13029,#13030,#13031,#13032,#13033,#13034,
    #13035,#13036,#13037,#13038,#13039,#13040,#13041,#13042,#13043,
    #13044,#13045,#13046,#13047,#13048,#13049,#13050,#13051,#13052,
    #13053,#13054,#13055,#13056,#13057,#13058,#13059,#13060,#13061,
    #13062,#13063,#13064,#13065,#13066,#13067,#13068,#13069,#13070,
    #13071,#13072,#13073,#13074,#13075,#13076,#13077,#13078,#13079,
    #13080,#13081,#13082,#13083,#13084,#13085,#13086,#13087,#13088,
    #13089,#13090,#13091,#13092,#13093,#13094,#13095,#13096,#13097,
    #13098,#13099,#13100,#13101,#13102,#13103),.UNSPECIFIED.,.F.,.F.,(4,
    1,1,1,1,1,1,1,1,1,1,1,1,1,1,1,1,1,1,1,1,1,1,1,1,1,1,1,1,1,1,1,1,1,1,
    1,1,1,1,1,1,1,1,1,1,1,1,1,1,1,1,1,1,1,1,1,1,1,1,1,1,1,1,1,1,1,1,1,1,
    1,1,1,1,1,1,1,1,1,1,1,1,1,1,1,1,1,1,1,4),(0.751144596451,
    0.753972498735,0.756800401019,0.759628303303,0.762456205587,
    0.765284107871,0.768112010155,0.770939912439,0.773767814722,
    0.776595717006,0.77942361929,0.782251521574,0.785079423858,
    0.787907326142,0.790735228426,0.79356313071,0.796391032993,
    0.799218935277,0.802046837561,0.804874739845,0.807702642129,
    0.810530544413,0.813358446697,0.81618634898,0.819014251264,
    0.821842153548,0.824670055832,0.827497958116,0.8303258604,
    0.833153762684,0.835981664968,0.838809567251,0.841637469535,
    0.844465371819,0.847293274103,0.850121176387,0.852949078671,
    0.855776980955,0.858604883238,0.861432785522,0.864260687806,
    0.86708859009,0.869916492374,0.872744394658,0.875572296942,
    0.878400199226,0.881228101509,0.884056003793,0.886883906077,
    0.889711808361,0.892539710645,0.895367612929,0.898195515213,
    0.901023417496,0.90385131978,0.906679222064,0.909507124348,
    0.912335026632,0.915162928916,0.9179908312,0.920818733484,
    0.923646635767,0.926474538051,0.929302440335,0.932130342619,
    0.934958244903,0.937786147187,0.940614049471,0.943441951755,
    0.946269854038,0.949097756322,0.951925658606,0.95475356089,
    0.957581463174,0.960409365458,0.963237267742,0.966065170025,
    0.968893072309,0.971720974593,0.974548876877,0.977376779161,
    0.980204681445,0.983032583729,0.985860486013,0.988688388296,
    0.99151629058,0.994344192864,0.997172095148,0.999999997432),
  .QUASI_UNIFORM_KNOTS.);
#13013 = CARTESIAN_POINT('',(6.283181743171,31.910082081897));
#13014 = CARTESIAN_POINT('',(6.269726303574,31.910001346325));
#13015 = CARTESIAN_POINT('',(6.242701187723,31.908609062992));
#13016 = CARTESIAN_POINT('',(6.201828392296,31.902831108549));
#13017 = CARTESIAN_POINT('',(6.160610228169,31.893354903352));
#13018 = CARTESIAN_POINT('',(6.119098872111,31.880212425599));
#13019 = CARTESIAN_POINT('',(6.077095028282,31.863284483882));
#13020 = CARTESIAN_POINT('',(6.035320443555,31.843015865718));
#13021 = CARTESIAN_POINT('',(5.995175789414,31.820365158739));
#13022 = CARTESIAN_POINT('',(5.956036919731,31.795047333757));
#13023 = CARTESIAN_POINT('',(5.917811157505,31.767107875323));
#13024 = CARTESIAN_POINT('',(5.880261228529,31.736464183086));
#13025 = CARTESIAN_POINT('',(5.843250798544,31.703215482554));
#13026 = CARTESIAN_POINT('',(5.806151525382,31.666360743029));
#13027 = CARTESIAN_POINT('',(5.771117581791,31.628605352536));
#13028 = CARTESIAN_POINT('',(5.740534194986,31.592915668039));
#13029 = CARTESIAN_POINT('',(5.709528501218,31.554316476766));
#13030 = CARTESIAN_POINT('',(5.678787945048,31.513497139255));
#13031 = CARTESIAN_POINT('',(5.648126953832,31.470269560951));
#13032 = CARTESIAN_POINT('',(5.617602287924,31.424696759481));
#13033 = CARTESIAN_POINT('',(5.587171159377,31.376714758833));
#13034 = CARTESIAN_POINT('',(5.556947882558,31.326516445372));
#13035 = CARTESIAN_POINT('',(5.526519075359,31.27339424959));
#13036 = CARTESIAN_POINT('',(5.497423512884,31.21998556309));
#13037 = CARTESIAN_POINT('',(5.475139393444,31.177449515961));
#13038 = CARTESIAN_POINT('',(5.451391819199,31.130586662779));
#13039 = CARTESIAN_POINT('',(5.428393726569,31.083469682661));
#13040 = CARTESIAN_POINT('',(5.405548991654,31.035007304518));
#13041 = CARTESIAN_POINT('',(5.383015306649,30.985491933545));
#13042 = CARTESIAN_POINT('',(5.360749484624,30.934845219998));
#13043 = CARTESIAN_POINT('',(5.338763257653,30.883088157619));
#13044 = CARTESIAN_POINT('',(5.317054653687,30.830215121136));
#13045 = CARTESIAN_POINT('',(5.295626548226,30.776227617844));
#13046 = CARTESIAN_POINT('',(5.274480923606,30.721125243797));
#13047 = CARTESIAN_POINT('',(5.253623111025,30.66490810743));
#13048 = CARTESIAN_POINT('',(5.233049030467,30.607576178907));
#13049 = CARTESIAN_POINT('',(5.212755608261,30.549129469103));
#13050 = CARTESIAN_POINT('',(5.192742609952,30.489567964323));
#13051 = CARTESIAN_POINT('',(5.173009923646,30.428891708436));
#13052 = CARTESIAN_POINT('',(5.153558194473,30.367100539626));
#13053 = CARTESIAN_POINT('',(5.134388925795,30.304195061259));
#13054 = CARTESIAN_POINT('',(5.115500234822,30.24017302165));
#13055 = CARTESIAN_POINT('',(5.096893649299,30.175042824145));
#13056 = CARTESIAN_POINT('',(5.078564012916,30.108773107018));
#13057 = CARTESIAN_POINT('',(5.060531987082,30.041480913797));
#13058 = CARTESIAN_POINT('',(5.042719227174,29.972729432072));
#13059 = CARTESIAN_POINT('',(5.028680273878,29.916914473934));
#13060 = CARTESIAN_POINT('',(5.014047887848,29.857185820108));
#13061 = CARTESIAN_POINT('',(4.999990497126,29.798058473238));
#13062 = CARTESIAN_POINT('',(4.986193686607,29.738322642008));
#13063 = CARTESIAN_POINT('',(4.97274080614,29.678302489024));
#13064 = CARTESIAN_POINT('',(4.959609062988,29.61791115517));
#13065 = CARTESIAN_POINT('',(4.946804548593,29.557171914292));
#13066 = CARTESIAN_POINT('',(4.934326034916,29.496078530105));
#13067 = CARTESIAN_POINT('',(4.922174750052,29.434632673893));
#13068 = CARTESIAN_POINT('',(4.910351459641,29.37283389679));
#13069 = CARTESIAN_POINT('',(4.898858338819,29.310682322968));
#13070 = CARTESIAN_POINT('',(4.887694160274,29.248177904589));
#13071 = CARTESIAN_POINT('',(4.876857330432,29.185320708829));
#13072 = CARTESIAN_POINT('',(4.86634787911,29.122110514815));
#13073 = CARTESIAN_POINT('',(4.856165795072,29.058548138855));
#13074 = CARTESIAN_POINT('',(4.846310907748,28.994630536588));
#13075 = CARTESIAN_POINT('',(4.836785022405,28.930369069143));
#13076 = CARTESIAN_POINT('',(4.827582762781,28.865721336357));
#13077 = CARTESIAN_POINT('',(4.818722553059,28.800845577753));
#13078 = CARTESIAN_POINT('',(4.810135640521,28.735151235393));
#13079 = CARTESIAN_POINT('',(4.80181549584,28.668594649969));
#13080 = CARTESIAN_POINT('',(4.794066447164,28.603730962139));
#13081 = CARTESIAN_POINT('',(4.786773260679,28.539733266828));
#13082 = CARTESIAN_POINT('',(4.779787957328,28.475421705151));
#13083 = CARTESIAN_POINT('',(4.773149870412,28.411112419343));
#13084 = CARTESIAN_POINT('',(4.766848136453,28.346720699348));
#13085 = CARTESIAN_POINT('',(4.760885348497,28.282269243157));
#13086 = CARTESIAN_POINT('',(4.755260511641,28.21775196886));
#13087 = CARTESIAN_POINT('',(4.749973619918,28.153170506101));
#13088 = CARTESIAN_POINT('',(4.745024438257,28.088524418218));
#13089 = CARTESIAN_POINT('',(4.740412835675,28.023813822214));
#13090 = CARTESIAN_POINT('',(4.73613870133,27.959038686739));
#13091 = CARTESIAN_POINT('',(4.732201970871,27.894199020191));
#13092 = CARTESIAN_POINT('',(4.728602621766,27.829294820321));
#13093 = CARTESIAN_POINT('',(4.725340675482,27.764326087732));
#13094 = CARTESIAN_POINT('',(4.722416196376,27.699292822262));
#13095 = CARTESIAN_POINT('',(4.719829290014,27.634195023953));
#13096 = CARTESIAN_POINT('',(4.717580100189,27.569032692795));
#13097 = CARTESIAN_POINT('',(4.715668804843,27.50380582879));
#13098 = CARTESIAN_POINT('',(4.714095610789,27.438514431938));
#13099 = CARTESIAN_POINT('',(4.712860747417,27.373158502239));
#13100 = CARTESIAN_POINT('',(4.711964458715,27.307738039692));
#13101 = CARTESIAN_POINT('',(4.711406996089,27.242253044297));
#13102 = CARTESIAN_POINT('',(4.711261400443,27.198553358802));
#13103 = CARTESIAN_POINT('',(4.711245155056,27.17669276058));
#13104 = ( GEOMETRIC_REPRESENTATION_CONTEXT(2) 
PARAMETRIC_REPRESENTATION_CONTEXT() REPRESENTATION_CONTEXT('2D SPACE',''
  ) );
#13105 = PCURVE('',#11871,#13106);
#13106 = DEFINITIONAL_REPRESENTATION('',(#13107),#13170);
#13107 = B_SPLINE_CURVE_WITH_KNOTS('',11,(#13108,#13109,#13110,#13111,
    #13112,#13113,#13114,#13115,#13116,#13117,#13118,#13119,#13120,
    #13121,#13122,#13123,#13124,#13125,#13126,#13127,#13128,#13129,
    #13130,#13131,#13132,#13133,#13134,#13135,#13136,#13137,#13138,
    #13139,#13140,#13141,#13142,#13143,#13144,#13145,#13146,#13147,
    #13148,#13149,#13150,#13151,#13152,#13153,#13154,#13155,#13156,
    #13157,#13158,#13159,#13160,#13161,#13162,#13163,#13164,#13165,
    #13166,#13167,#13168,#13169),.UNSPECIFIED.,.F.,.F.,(12,10,10,10,10,
    10,12),(0.751144596451,0.782251521574,0.813358446697,0.844465371819,
    0.875572296942,0.937786147187,0.999999997432),.UNSPECIFIED.);
#13108 = CARTESIAN_POINT('',(3.141616123551,7.072305427762));
#13109 = CARTESIAN_POINT('',(3.181952117185,7.072542139718));
#13110 = CARTESIAN_POINT('',(3.222498774266,7.076678872034));
#13111 = CARTESIAN_POINT('',(3.264863919399,7.086052619753));
#13112 = CARTESIAN_POINT('',(3.303064994541,7.096213255607));
#13113 = CARTESIAN_POINT('',(3.346763659898,7.113833856953));
#13114 = CARTESIAN_POINT('',(3.393467463384,7.137479506991));
#13115 = CARTESIAN_POINT('',(3.432552088483,7.159960315835));
#13116 = CARTESIAN_POINT('',(3.466760822359,7.182893019939));
#13117 = CARTESIAN_POINT('',(3.508051234741,7.214022880759));
#13118 = CARTESIAN_POINT('',(3.544282624545,7.244813713735));
#13119 = CARTESIAN_POINT('',(3.618260523854,7.314783762532));
#13120 = CARTESIAN_POINT('',(3.652599994077,7.350639869279));
#13121 = CARTESIAN_POINT('',(3.709322525982,7.415195409749));
#13122 = CARTESIAN_POINT('',(3.659848898612,7.364420886333));
#13123 = CARTESIAN_POINT('',(3.813093476588,7.540008267581));
#13124 = CARTESIAN_POINT('',(3.722728808573,7.449982986684));
#13125 = CARTESIAN_POINT('',(3.834142640858,7.583321302847));
#13126 = CARTESIAN_POINT('',(3.830704863534,7.598894094307));
#13127 = CARTESIAN_POINT('',(3.86564103036,7.649031672963));
#13128 = CARTESIAN_POINT('',(3.900403099158,7.713295008509));
#13129 = CARTESIAN_POINT('',(3.951010175703,7.807834799245));
#13130 = CARTESIAN_POINT('',(3.966720028867,7.839306140572));
#13131 = CARTESIAN_POINT('',(4.007142357721,7.918041273222));
#13132 = CARTESIAN_POINT('',(4.009529795969,7.928543596096));
#13133 = CARTESIAN_POINT('',(4.042807174681,7.99765872572));
#13134 = CARTESIAN_POINT('',(4.070061425901,8.057531231939));
#13135 = CARTESIAN_POINT('',(4.07866455954,8.08486196539));
#13136 = CARTESIAN_POINT('',(4.111071132342,8.157714934524));
#13137 = CARTESIAN_POINT('',(4.127937066078,8.203826853154));
#13138 = CARTESIAN_POINT('',(4.14978097662,8.260884127111));
#13139 = CARTESIAN_POINT('',(4.191195619012,8.374432750391));
#13140 = CARTESIAN_POINT('',(4.211949756364,8.433800236105));
#13141 = CARTESIAN_POINT('',(4.230154883585,8.485841200884));
#13142 = CARTESIAN_POINT('',(4.254269132713,8.562743096028));
#13143 = CARTESIAN_POINT('',(4.268814442921,8.605849385325));
#13144 = CARTESIAN_POINT('',(4.289064842147,8.672630217972));
#13145 = CARTESIAN_POINT('',(4.31265549553,8.754770499713));
#13146 = CARTESIAN_POINT('',(4.324565064102,8.795406906249));
#13147 = CARTESIAN_POINT('',(4.345883872818,8.872957762697));
#13148 = CARTESIAN_POINT('',(4.364902555797,8.945478347114));
#13149 = CARTESIAN_POINT('',(4.412452950997,9.131659931553));
#13150 = CARTESIAN_POINT('',(4.431081384249,9.211449662802));
#13151 = CARTESIAN_POINT('',(4.484758249482,9.438482710493));
#13152 = CARTESIAN_POINT('',(4.461635938472,9.361761479381));
#13153 = CARTESIAN_POINT('',(4.54905908058,9.747821181083));
#13154 = CARTESIAN_POINT('',(4.511947360888,9.619108673201));
#13155 = CARTESIAN_POINT('',(4.573454959733,9.918568534711));
#13156 = CARTESIAN_POINT('',(4.575035325211,9.969917458275));
#13157 = CARTESIAN_POINT('',(4.597678718125,10.112762800287));
#13158 = CARTESIAN_POINT('',(4.614907355462,10.249987754644));
#13159 = CARTESIAN_POINT('',(4.644904783948,10.50702346336));
#13160 = CARTESIAN_POINT('',(4.658388698129,10.635660629617));
#13161 = CARTESIAN_POINT('',(4.670370958284,10.764488126511));
#13162 = CARTESIAN_POINT('',(4.680861836806,10.89356244585));
#13163 = CARTESIAN_POINT('',(4.689868732506,11.022925552677));
#13164 = CARTESIAN_POINT('',(4.697396170525,11.152604884987));
#13165 = CARTESIAN_POINT('',(4.703445802443,11.282613354118));
#13166 = CARTESIAN_POINT('',(4.708016406161,11.412949344307));
#13167 = CARTESIAN_POINT('',(4.711103886009,11.543596713104));
#13168 = CARTESIAN_POINT('',(4.712701272667,11.674524791058));
#13169 = CARTESIAN_POINT('',(4.712798723209,11.805688381908));
#13170 = ( GEOMETRIC_REPRESENTATION_CONTEXT(2) 
PARAMETRIC_REPRESENTATION_CONTEXT() REPRESENTATION_CONTEXT('2D SPACE',''
  ) );
#13171 = ORIENTED_EDGE('',*,*,#11645,.T.);
#13172 = ORIENTED_EDGE('',*,*,#10592,.T.);
#13173 = ADVANCED_FACE('',(#13174),#11871,.F.);
#13174 = FACE_BOUND('',#13175,.F.);
#13175 = EDGE_LOOP('',(#13176,#13177,#13178,#13179));
#13176 = ORIENTED_EDGE('',*,*,#11668,.T.);
#13177 = ORIENTED_EDGE('',*,*,#12927,.T.);
#13178 = ORIENTED_EDGE('',*,*,#12490,.T.);
#13179 = ORIENTED_EDGE('',*,*,#12035,.T.);
#13180 = ADVANCED_FACE('',(#13181),#921,.T.);
#13181 = FACE_BOUND('',#13182,.T.);
#13182 = EDGE_LOOP('',(#13183,#13184,#13205,#13206));
#13183 = ORIENTED_EDGE('',*,*,#1911,.F.);
#13184 = ORIENTED_EDGE('',*,*,#13185,.F.);
#13185 = EDGE_CURVE('',#901,#1912,#13186,.T.);
#13186 = SURFACE_CURVE('',#13187,(#13191,#13198),.PCURVE_S1.);
#13187 = LINE('',#13188,#13189);
#13188 = CARTESIAN_POINT('',(-9.095181616742,-274.2560972152,
    -214.9999999999));
#13189 = VECTOR('',#13190,1.);
#13190 = DIRECTION('',(3.064104139906E-16,8.673617379884E-16,-1.));
#13191 = PCURVE('',#921,#13192);
#13192 = DEFINITIONAL_REPRESENTATION('',(#13193),#13197);
#13193 = LINE('',#13194,#13195);
#13194 = CARTESIAN_POINT('',(0.961096289192,0.));
#13195 = VECTOR('',#13196,1.);
#13196 = DIRECTION('',(3.885780586188E-17,1.));
#13197 = ( GEOMETRIC_REPRESENTATION_CONTEXT(2) 
PARAMETRIC_REPRESENTATION_CONTEXT() REPRESENTATION_CONTEXT('2D SPACE',''
  ) );
#13198 = PCURVE('',#949,#13199);
#13199 = DEFINITIONAL_REPRESENTATION('',(#13200),#13204);
#13200 = LINE('',#13201,#13202);
#13201 = CARTESIAN_POINT('',(-3.642127663972,-3.159042452399E-15));
#13202 = VECTOR('',#13203,1.);
#13203 = DIRECTION('',(-6.901070611589E-29,-1.));
#13204 = ( GEOMETRIC_REPRESENTATION_CONTEXT(2) 
PARAMETRIC_REPRESENTATION_CONTEXT() REPRESENTATION_CONTEXT('2D SPACE',''
  ) );
#13205 = ORIENTED_EDGE('',*,*,#900,.T.);
#13206 = ORIENTED_EDGE('',*,*,#10540,.T.);
#13207 = ADVANCED_FACE('',(#13208),#650,.T.);
#13208 = FACE_BOUND('',#13209,.T.);
#13209 = EDGE_LOOP('',(#13210,#13211,#13212,#13213));
#13210 = ORIENTED_EDGE('',*,*,#2222,.F.);
#13211 = ORIENTED_EDGE('',*,*,#10569,.F.);
#13212 = ORIENTED_EDGE('',*,*,#629,.T.);
#13213 = ORIENTED_EDGE('',*,*,#13214,.T.);
#13214 = EDGE_CURVE('',#602,#2200,#13215,.T.);
#13215 = SURFACE_CURVE('',#13216,(#13220,#13227),.PCURVE_S1.);
#13216 = LINE('',#13217,#13218);
#13217 = CARTESIAN_POINT('',(7.10481701038,-279.8982288247,
    -214.9999999999));
#13218 = VECTOR('',#13219,1.);
#13219 = DIRECTION('',(3.064104139906E-16,8.673617379884E-16,-1.));
#13220 = PCURVE('',#650,#13221);
#13221 = DEFINITIONAL_REPRESENTATION('',(#13222),#13226);
#13222 = LINE('',#13223,#13224);
#13223 = CARTESIAN_POINT('',(6.28318530718,0.));
#13224 = VECTOR('',#13225,1.);
#13225 = DIRECTION('',(0.,1.));
#13226 = ( GEOMETRIC_REPRESENTATION_CONTEXT(2) 
PARAMETRIC_REPRESENTATION_CONTEXT() REPRESENTATION_CONTEXT('2D SPACE',''
  ) );
#13227 = PCURVE('',#617,#13228);
#13228 = DEFINITIONAL_REPRESENTATION('',(#13229),#13233);
#13229 = LINE('',#13230,#13231);
#13230 = CARTESIAN_POINT('',(0.,0.));
#13231 = VECTOR('',#13232,1.);
#13232 = DIRECTION('',(2.741291645643E-29,-1.));
#13233 = ( GEOMETRIC_REPRESENTATION_CONTEXT(2) 
PARAMETRIC_REPRESENTATION_CONTEXT() REPRESENTATION_CONTEXT('2D SPACE',''
  ) );
#13234 = ADVANCED_FACE('',(#13235,#13261,#13264),#949,.T.);
#13235 = FACE_BOUND('',#13236,.T.);
#13236 = EDGE_LOOP('',(#13237,#13238,#13259,#13260));
#13237 = ORIENTED_EDGE('',*,*,#1939,.F.);
#13238 = ORIENTED_EDGE('',*,*,#13239,.F.);
#13239 = EDGE_CURVE('',#934,#1940,#13240,.T.);
#13240 = SURFACE_CURVE('',#13241,(#13245,#13252),.PCURVE_S1.);
#13241 = LINE('',#13242,#13243);
#13242 = CARTESIAN_POINT('',(-9.095182503789,-277.8982248792,
    -214.9999999999));
#13243 = VECTOR('',#13244,1.);
#13244 = DIRECTION('',(3.064104139906E-16,8.673617379884E-16,-1.));
#13245 = PCURVE('',#949,#13246);
#13246 = DEFINITIONAL_REPRESENTATION('',(#13247),#13251);
#13247 = LINE('',#13248,#13249);
#13248 = CARTESIAN_POINT('',(-0.,0.));
#13249 = VECTOR('',#13250,1.);
#13250 = DIRECTION('',(-6.901070611589E-29,-1.));
#13251 = ( GEOMETRIC_REPRESENTATION_CONTEXT(2) 
PARAMETRIC_REPRESENTATION_CONTEXT() REPRESENTATION_CONTEXT('2D SPACE',''
  ) );
#13252 = PCURVE('',#982,#13253);
#13253 = DEFINITIONAL_REPRESENTATION('',(#13254),#13258);
#13254 = LINE('',#13255,#13256);
#13255 = CARTESIAN_POINT('',(1.570796326793,0.));
#13256 = VECTOR('',#13257,1.);
#13257 = DIRECTION('',(0.,1.));
#13258 = ( GEOMETRIC_REPRESENTATION_CONTEXT(2) 
PARAMETRIC_REPRESENTATION_CONTEXT() REPRESENTATION_CONTEXT('2D SPACE',''
  ) );
#13259 = ORIENTED_EDGE('',*,*,#933,.T.);
#13260 = ORIENTED_EDGE('',*,*,#13185,.T.);
#13261 = FACE_BOUND('',#13262,.T.);
#13262 = EDGE_LOOP('',(#13263));
#13263 = ORIENTED_EDGE('',*,*,#12463,.T.);
#13264 = FACE_BOUND('',#13265,.T.);
#13265 = EDGE_LOOP('',(#13266));
#13266 = ORIENTED_EDGE('',*,*,#11161,.T.);
#13267 = ADVANCED_FACE('',(#13268),#617,.T.);
#13268 = FACE_BOUND('',#13269,.T.);
#13269 = EDGE_LOOP('',(#13270,#13271,#13272,#13273));
#13270 = ORIENTED_EDGE('',*,*,#2199,.F.);
#13271 = ORIENTED_EDGE('',*,*,#13214,.F.);
#13272 = ORIENTED_EDGE('',*,*,#601,.T.);
#13273 = ORIENTED_EDGE('',*,*,#13274,.T.);
#13274 = EDGE_CURVE('',#574,#2177,#13275,.T.);
#13275 = SURFACE_CURVE('',#13276,(#13280,#13287),.PCURVE_S1.);
#13276 = LINE('',#13277,#13278);
#13277 = CARTESIAN_POINT('',(3.504817009053,-279.8982279479,
    -214.9999999999));
#13278 = VECTOR('',#13279,1.);
#13279 = DIRECTION('',(3.064104139906E-16,8.673617379884E-16,-1.));
#13280 = PCURVE('',#617,#13281);
#13281 = DEFINITIONAL_REPRESENTATION('',(#13282),#13286);
#13282 = LINE('',#13283,#13284);
#13283 = CARTESIAN_POINT('',(-3.600000001327,1.103076730281E-15));
#13284 = VECTOR('',#13285,1.);
#13285 = DIRECTION('',(2.741291645643E-29,-1.));
#13286 = ( GEOMETRIC_REPRESENTATION_CONTEXT(2) 
PARAMETRIC_REPRESENTATION_CONTEXT() REPRESENTATION_CONTEXT('2D SPACE',''
  ) );
#13287 = PCURVE('',#589,#13288);
#13288 = DEFINITIONAL_REPRESENTATION('',(#13289),#13293);
#13289 = LINE('',#13290,#13291);
#13290 = CARTESIAN_POINT('',(5.,-4.336809063076E-15));
#13291 = VECTOR('',#13292,1.);
#13292 = DIRECTION('',(7.000709219098E-29,-1.));
#13293 = ( GEOMETRIC_REPRESENTATION_CONTEXT(2) 
PARAMETRIC_REPRESENTATION_CONTEXT() REPRESENTATION_CONTEXT('2D SPACE',''
  ) );
#13294 = ADVANCED_FACE('',(#13295),#982,.T.);
#13295 = FACE_BOUND('',#13296,.T.);
#13296 = EDGE_LOOP('',(#13297,#13298,#13319,#13320));
#13297 = ORIENTED_EDGE('',*,*,#1962,.F.);
#13298 = ORIENTED_EDGE('',*,*,#13299,.F.);
#13299 = EDGE_CURVE('',#962,#1963,#13300,.T.);
#13300 = SURFACE_CURVE('',#13301,(#13305,#13312),.PCURVE_S1.);
#13301 = LINE('',#13302,#13303);
#13302 = CARTESIAN_POINT('',(-7.095182990893,-279.8982253663,
    -214.9999999999));
#13303 = VECTOR('',#13304,1.);
#13304 = DIRECTION('',(3.064104139906E-16,8.673617379884E-16,-1.));
#13305 = PCURVE('',#982,#13306);
#13306 = DEFINITIONAL_REPRESENTATION('',(#13307),#13311);
#13307 = LINE('',#13308,#13309);
#13308 = CARTESIAN_POINT('',(0.,0.));
#13309 = VECTOR('',#13310,1.);
#13310 = DIRECTION('',(0.,1.));
#13311 = ( GEOMETRIC_REPRESENTATION_CONTEXT(2) 
PARAMETRIC_REPRESENTATION_CONTEXT() REPRESENTATION_CONTEXT('2D SPACE',''
  ) );
#13312 = PCURVE('',#1010,#13313);
#13313 = DEFINITIONAL_REPRESENTATION('',(#13314),#13318);
#13314 = LINE('',#13315,#13316);
#13315 = CARTESIAN_POINT('',(-1.103076729858E-15,-3.599999999946));
#13316 = VECTOR('',#13317,1.);
#13317 = DIRECTION('',(1.,1.972152263053E-31));
#13318 = ( GEOMETRIC_REPRESENTATION_CONTEXT(2) 
PARAMETRIC_REPRESENTATION_CONTEXT() REPRESENTATION_CONTEXT('2D SPACE',''
  ) );
#13319 = ORIENTED_EDGE('',*,*,#961,.T.);
#13320 = ORIENTED_EDGE('',*,*,#13239,.T.);
#13321 = ADVANCED_FACE('',(#13322),#589,.T.);
#13322 = FACE_BOUND('',#13323,.T.);
#13323 = EDGE_LOOP('',(#13324,#13345,#13346,#13347,#13348,#13349,#13350,
    #13351));
#13324 = ORIENTED_EDGE('',*,*,#13325,.T.);
#13325 = EDGE_CURVE('',#546,#3662,#13326,.T.);
#13326 = SURFACE_CURVE('',#13327,(#13331,#13338),.PCURVE_S1.);
#13327 = LINE('',#13328,#13329);
#13328 = CARTESIAN_POINT('',(3.504815791293,-284.8982279479,
    -214.9999999999));
#13329 = VECTOR('',#13330,1.);
#13330 = DIRECTION('',(3.064104139906E-16,8.673617379884E-16,-1.));
#13331 = PCURVE('',#589,#13332);
#13332 = DEFINITIONAL_REPRESENTATION('',(#13333),#13337);
#13333 = LINE('',#13334,#13335);
#13334 = CARTESIAN_POINT('',(0.,0.));
#13335 = VECTOR('',#13336,1.);
#13336 = DIRECTION('',(7.000709219098E-29,-1.));
#13337 = ( GEOMETRIC_REPRESENTATION_CONTEXT(2) 
PARAMETRIC_REPRESENTATION_CONTEXT() REPRESENTATION_CONTEXT('2D SPACE',''
  ) );
#13338 = PCURVE('',#561,#13339);
#13339 = DEFINITIONAL_REPRESENTATION('',(#13340),#13344);
#13340 = LINE('',#13341,#13342);
#13341 = CARTESIAN_POINT('',(0.,0.));
#13342 = VECTOR('',#13343,1.);
#13343 = DIRECTION('',(-1.405158487425E-29,-1.));
#13344 = ( GEOMETRIC_REPRESENTATION_CONTEXT(2) 
PARAMETRIC_REPRESENTATION_CONTEXT() REPRESENTATION_CONTEXT('2D SPACE',''
  ) );
#13345 = ORIENTED_EDGE('',*,*,#3708,.F.);
#13346 = ORIENTED_EDGE('',*,*,#2829,.F.);
#13347 = ORIENTED_EDGE('',*,*,#2497,.F.);
#13348 = ORIENTED_EDGE('',*,*,#2472,.T.);
#13349 = ORIENTED_EDGE('',*,*,#2176,.F.);
#13350 = ORIENTED_EDGE('',*,*,#13274,.F.);
#13351 = ORIENTED_EDGE('',*,*,#573,.T.);
#13352 = ADVANCED_FACE('',(#13353),#1010,.T.);
#13353 = FACE_BOUND('',#13354,.T.);
#13354 = EDGE_LOOP('',(#13355,#13356,#13377,#13378));
#13355 = ORIENTED_EDGE('',*,*,#1990,.F.);
#13356 = ORIENTED_EDGE('',*,*,#13357,.F.);
#13357 = EDGE_CURVE('',#995,#1991,#13358,.T.);
#13358 = SURFACE_CURVE('',#13359,(#13363,#13370),.PCURVE_S1.);
#13359 = LINE('',#13360,#13361);
#13360 = CARTESIAN_POINT('',(-3.495182990947,-279.8982262431,
    -214.9999999999));
#13361 = VECTOR('',#13362,1.);
#13362 = DIRECTION('',(3.064104139906E-16,8.673617379884E-16,-1.));
#13363 = PCURVE('',#1010,#13364);
#13364 = DEFINITIONAL_REPRESENTATION('',(#13365),#13369);
#13365 = LINE('',#13366,#13367);
#13366 = CARTESIAN_POINT('',(0.,0.));
#13367 = VECTOR('',#13368,1.);
#13368 = DIRECTION('',(1.,1.972152263053E-31));
#13369 = ( GEOMETRIC_REPRESENTATION_CONTEXT(2) 
PARAMETRIC_REPRESENTATION_CONTEXT() REPRESENTATION_CONTEXT('2D SPACE',''
  ) );
#13370 = PCURVE('',#1038,#13371);
#13371 = DEFINITIONAL_REPRESENTATION('',(#13372),#13376);
#13372 = LINE('',#13373,#13374);
#13373 = CARTESIAN_POINT('',(0.,0.));
#13374 = VECTOR('',#13375,1.);
#13375 = DIRECTION('',(-1.,4.271431438402E-31));
#13376 = ( GEOMETRIC_REPRESENTATION_CONTEXT(2) 
PARAMETRIC_REPRESENTATION_CONTEXT() REPRESENTATION_CONTEXT('2D SPACE',''
  ) );
#13377 = ORIENTED_EDGE('',*,*,#994,.T.);
#13378 = ORIENTED_EDGE('',*,*,#13299,.T.);
#13379 = ADVANCED_FACE('',(#13380),#561,.T.);
#13380 = FACE_BOUND('',#13381,.T.);
#13381 = EDGE_LOOP('',(#13382,#13383,#13384,#13385));
#13382 = ORIENTED_EDGE('',*,*,#3661,.F.);
#13383 = ORIENTED_EDGE('',*,*,#13325,.F.);
#13384 = ORIENTED_EDGE('',*,*,#545,.T.);
#13385 = ORIENTED_EDGE('',*,*,#13386,.T.);
#13386 = EDGE_CURVE('',#518,#3664,#13387,.T.);
#13387 = SURFACE_CURVE('',#13388,(#13392,#13399),.PCURVE_S1.);
#13388 = LINE('',#13389,#13390);
#13389 = CARTESIAN_POINT('',(5.704815791293,-284.8982284837,
    -214.9999999999));
#13390 = VECTOR('',#13391,1.);
#13391 = DIRECTION('',(3.064104139906E-16,8.673617379884E-16,-1.));
#13392 = PCURVE('',#561,#13393);
#13393 = DEFINITIONAL_REPRESENTATION('',(#13394),#13398);
#13394 = LINE('',#13395,#13396);
#13395 = CARTESIAN_POINT('',(-2.2,-6.741024460344E-16));
#13396 = VECTOR('',#13397,1.);
#13397 = DIRECTION('',(-1.405158487425E-29,-1.));
#13398 = ( GEOMETRIC_REPRESENTATION_CONTEXT(2) 
PARAMETRIC_REPRESENTATION_CONTEXT() REPRESENTATION_CONTEXT('2D SPACE',''
  ) );
#13399 = PCURVE('',#533,#13400);
#13400 = DEFINITIONAL_REPRESENTATION('',(#13401),#13405);
#13401 = LINE('',#13402,#13403);
#13402 = CARTESIAN_POINT('',(0.,0.));
#13403 = VECTOR('',#13404,1.);
#13404 = DIRECTION('',(6.955107996383E-29,-1.));
#13405 = ( GEOMETRIC_REPRESENTATION_CONTEXT(2) 
PARAMETRIC_REPRESENTATION_CONTEXT() REPRESENTATION_CONTEXT('2D SPACE',''
  ) );
#13406 = ADVANCED_FACE('',(#13407),#1038,.T.);
#13407 = FACE_BOUND('',#13408,.T.);
#13408 = EDGE_LOOP('',(#13409,#13410,#13411,#13412,#13413,#13434,#13435,
    #13436));
#13409 = ORIENTED_EDGE('',*,*,#4206,.F.);
#13410 = ORIENTED_EDGE('',*,*,#3779,.F.);
#13411 = ORIENTED_EDGE('',*,*,#2710,.F.);
#13412 = ORIENTED_EDGE('',*,*,#3828,.F.);
#13413 = ORIENTED_EDGE('',*,*,#13414,.F.);
#13414 = EDGE_CURVE('',#1023,#3806,#13415,.T.);
#13415 = SURFACE_CURVE('',#13416,(#13420,#13427),.PCURVE_S1.);
#13416 = LINE('',#13417,#13418);
#13417 = CARTESIAN_POINT('',(-3.495184208707,-284.8982262431,
    -214.9999999999));
#13418 = VECTOR('',#13419,1.);
#13419 = DIRECTION('',(3.064104139906E-16,8.673617379884E-16,-1.));
#13420 = PCURVE('',#1038,#13421);
#13421 = DEFINITIONAL_REPRESENTATION('',(#13422),#13426);
#13422 = LINE('',#13423,#13424);
#13423 = CARTESIAN_POINT('',(4.336809063076E-15,-5.));
#13424 = VECTOR('',#13425,1.);
#13425 = DIRECTION('',(-1.,4.271431438402E-31));
#13426 = ( GEOMETRIC_REPRESENTATION_CONTEXT(2) 
PARAMETRIC_REPRESENTATION_CONTEXT() REPRESENTATION_CONTEXT('2D SPACE',''
  ) );
#13427 = PCURVE('',#1064,#13428);
#13428 = DEFINITIONAL_REPRESENTATION('',(#13429),#13433);
#13429 = LINE('',#13430,#13431);
#13430 = CARTESIAN_POINT('',(0.,0.));
#13431 = VECTOR('',#13432,1.);
#13432 = DIRECTION('',(-1.405158487425E-29,-1.));
#13433 = ( GEOMETRIC_REPRESENTATION_CONTEXT(2) 
PARAMETRIC_REPRESENTATION_CONTEXT() REPRESENTATION_CONTEXT('2D SPACE',''
  ) );
#13434 = ORIENTED_EDGE('',*,*,#1022,.T.);
#13435 = ORIENTED_EDGE('',*,*,#13357,.T.);
#13436 = ORIENTED_EDGE('',*,*,#2013,.F.);
#13437 = ADVANCED_FACE('',(#13438),#533,.T.);
#13438 = FACE_BOUND('',#13439,.T.);
#13439 = EDGE_LOOP('',(#13440,#13441,#13442,#13443,#13464,#13465,#13466)
  );
#13440 = ORIENTED_EDGE('',*,*,#3686,.F.);
#13441 = ORIENTED_EDGE('',*,*,#13386,.F.);
#13442 = ORIENTED_EDGE('',*,*,#517,.T.);
#13443 = ORIENTED_EDGE('',*,*,#13444,.T.);
#13444 = EDGE_CURVE('',#490,#3998,#13445,.T.);
#13445 = SURFACE_CURVE('',#13446,(#13450,#13457),.PCURVE_S1.);
#13446 = LINE('',#13447,#13448);
#13447 = CARTESIAN_POINT('',(5.704815328544,-286.798228486,
    -213.0999999977));
#13448 = VECTOR('',#13449,1.);
#13449 = DIRECTION('',(-1.722172706858E-07,-0.707106781187,
    -0.707106781187));
#13450 = PCURVE('',#533,#13451);
#13451 = DEFINITIONAL_REPRESENTATION('',(#13452),#13456);
#13452 = LINE('',#13453,#13454);
#13453 = CARTESIAN_POINT('',(-1.90000000228,1.9000000022));
#13454 = VECTOR('',#13455,1.);
#13455 = DIRECTION('',(-0.707106781187,-0.707106781187));
#13456 = ( GEOMETRIC_REPRESENTATION_CONTEXT(2) 
PARAMETRIC_REPRESENTATION_CONTEXT() REPRESENTATION_CONTEXT('2D SPACE',''
  ) );
#13457 = PCURVE('',#505,#13458);
#13458 = DEFINITIONAL_REPRESENTATION('',(#13459),#13463);
#13459 = LINE('',#13460,#13461);
#13460 = CARTESIAN_POINT('',(501.40652181281,2.687005771685));
#13461 = VECTOR('',#13462,1.);
#13462 = DIRECTION('',(9.515621069014E-19,-1.));
#13463 = ( GEOMETRIC_REPRESENTATION_CONTEXT(2) 
PARAMETRIC_REPRESENTATION_CONTEXT() REPRESENTATION_CONTEXT('2D SPACE',''
  ) );
#13464 = ORIENTED_EDGE('',*,*,#3997,.T.);
#13465 = ORIENTED_EDGE('',*,*,#4098,.F.);
#13466 = ORIENTED_EDGE('',*,*,#2880,.F.);
#13467 = ADVANCED_FACE('',(#13468),#1064,.T.);
#13468 = FACE_BOUND('',#13469,.T.);
#13469 = EDGE_LOOP('',(#13470,#13471,#13492,#13493));
#13470 = ORIENTED_EDGE('',*,*,#3803,.F.);
#13471 = ORIENTED_EDGE('',*,*,#13472,.F.);
#13472 = EDGE_CURVE('',#462,#3804,#13473,.T.);
#13473 = SURFACE_CURVE('',#13474,(#13478,#13485),.PCURVE_S1.);
#13474 = LINE('',#13475,#13476);
#13475 = CARTESIAN_POINT('',(-5.695184208707,-284.8982257072,
    -214.9999999999));
#13476 = VECTOR('',#13477,1.);
#13477 = DIRECTION('',(3.064104139906E-16,8.673617379884E-16,-1.));
#13478 = PCURVE('',#1064,#13479);
#13479 = DEFINITIONAL_REPRESENTATION('',(#13480),#13484);
#13480 = LINE('',#13481,#13482);
#13481 = CARTESIAN_POINT('',(2.2,6.741024460344E-16));
#13482 = VECTOR('',#13483,1.);
#13483 = DIRECTION('',(-1.405158487425E-29,-1.));
#13484 = ( GEOMETRIC_REPRESENTATION_CONTEXT(2) 
PARAMETRIC_REPRESENTATION_CONTEXT() REPRESENTATION_CONTEXT('2D SPACE',''
  ) );
#13485 = PCURVE('',#477,#13486);
#13486 = DEFINITIONAL_REPRESENTATION('',(#13487),#13491);
#13487 = LINE('',#13488,#13489);
#13488 = CARTESIAN_POINT('',(-5.984796507045E-15,6.9));
#13489 = VECTOR('',#13490,1.);
#13490 = DIRECTION('',(-1.,4.271431438402E-31));
#13491 = ( GEOMETRIC_REPRESENTATION_CONTEXT(2) 
PARAMETRIC_REPRESENTATION_CONTEXT() REPRESENTATION_CONTEXT('2D SPACE',''
  ) );
#13492 = ORIENTED_EDGE('',*,*,#1050,.T.);
#13493 = ORIENTED_EDGE('',*,*,#13414,.T.);
#13494 = ADVANCED_FACE('',(#13495),#505,.T.);
#13495 = FACE_BOUND('',#13496,.T.);
#13496 = EDGE_LOOP('',(#13497,#13498,#13519,#13520));
#13497 = ORIENTED_EDGE('',*,*,#489,.F.);
#13498 = ORIENTED_EDGE('',*,*,#13499,.F.);
#13499 = EDGE_CURVE('',#4021,#460,#13500,.T.);
#13500 = SURFACE_CURVE('',#13501,(#13505,#13512),.PCURVE_S1.);
#13501 = LINE('',#13502,#13503);
#13502 = CARTESIAN_POINT('',(-5.69518551171,-290.2482257095,
    -216.5499999977));
#13503 = VECTOR('',#13504,1.);
#13504 = DIRECTION('',(1.722172706858E-07,0.707106781187,0.707106781187)
  );
#13505 = PCURVE('',#505,#13506);
#13506 = DEFINITIONAL_REPRESENTATION('',(#13507),#13511);
#13507 = LINE('',#13508,#13509);
#13508 = CARTESIAN_POINT('',(490.00652181281,-2.192031018505));
#13509 = VECTOR('',#13510,1.);
#13510 = DIRECTION('',(-9.515621069014E-19,1.));
#13511 = ( GEOMETRIC_REPRESENTATION_CONTEXT(2) 
PARAMETRIC_REPRESENTATION_CONTEXT() REPRESENTATION_CONTEXT('2D SPACE',''
  ) );
#13512 = PCURVE('',#477,#13513);
#13513 = DEFINITIONAL_REPRESENTATION('',(#13514),#13518);
#13514 = LINE('',#13515,#13516);
#13515 = CARTESIAN_POINT('',(-1.5499999978,1.54999999771));
#13516 = VECTOR('',#13517,1.);
#13517 = DIRECTION('',(0.707106781187,0.707106781187));
#13518 = ( GEOMETRIC_REPRESENTATION_CONTEXT(2) 
PARAMETRIC_REPRESENTATION_CONTEXT() REPRESENTATION_CONTEXT('2D SPACE',''
  ) );
#13519 = ORIENTED_EDGE('',*,*,#4020,.T.);
#13520 = ORIENTED_EDGE('',*,*,#13444,.F.);
#13521 = ADVANCED_FACE('',(#13522),#477,.T.);
#13522 = FACE_BOUND('',#13523,.T.);
#13523 = EDGE_LOOP('',(#13524,#13525,#13526,#13527,#13528,#13529,#13530)
  );
#13524 = ORIENTED_EDGE('',*,*,#3850,.F.);
#13525 = ORIENTED_EDGE('',*,*,#2659,.F.);
#13526 = ORIENTED_EDGE('',*,*,#3926,.F.);
#13527 = ORIENTED_EDGE('',*,*,#4043,.F.);
#13528 = ORIENTED_EDGE('',*,*,#13499,.T.);
#13529 = ORIENTED_EDGE('',*,*,#459,.T.);
#13530 = ORIENTED_EDGE('',*,*,#13472,.T.);
#13531 = ADVANCED_FACE('',(#13532,#13535),#43,.F.);
#13532 = FACE_BOUND('',#13533,.T.);
#13533 = EDGE_LOOP('',(#13534));
#13534 = ORIENTED_EDGE('',*,*,#21,.F.);
#13535 = FACE_BOUND('',#13536,.T.);
#13536 = EDGE_LOOP('',(#13537));
#13537 = ORIENTED_EDGE('',*,*,#13538,.T.);
#13538 = EDGE_CURVE('',#13539,#13539,#13541,.T.);
#13539 = VERTEX_POINT('',#13540);
#13540 = CARTESIAN_POINT('',(4.819932559997E-03,-260.399999998,
    -186.121258451));
#13541 = SURFACE_CURVE('',#13542,(#13547,#13554),.PCURVE_S1.);
#13542 = CIRCLE('',#13543,7.5);
#13543 = AXIS2_PLACEMENT_3D('',#13544,#13545,#13546);
#13544 = CARTESIAN_POINT('',(4.819932361996E-03,-267.899999998,
    -186.121258451));
#13545 = DIRECTION('',(0.,0.,-1.));
#13546 = DIRECTION('',(2.628259091845E-11,1.,0.));
#13547 = PCURVE('',#43,#13548);
#13548 = DEFINITIONAL_REPRESENTATION('',(#13549),#13553);
#13549 = CIRCLE('',#13550,7.5);
#13550 = AXIS2_PLACEMENT_2D('',#13551,#13552);
#13551 = CARTESIAN_POINT('',(9.,4.329541540493E-13));
#13552 = DIRECTION('',(-1.,3.5958355591E-15));
#13553 = ( GEOMETRIC_REPRESENTATION_CONTEXT(2) 
PARAMETRIC_REPRESENTATION_CONTEXT() REPRESENTATION_CONTEXT('2D SPACE',''
  ) );
#13554 = PCURVE('',#13555,#13560);
#13555 = CYLINDRICAL_SURFACE('',#13556,7.5);
#13556 = AXIS2_PLACEMENT_3D('',#13557,#13558,#13559);
#13557 = CARTESIAN_POINT('',(4.819932363006E-03,-267.899999998,
    -366.0499999999));
#13558 = DIRECTION('',(-3.064104139938E-16,-9.898264179031E-16,1.));
#13559 = DIRECTION('',(2.628638047971E-11,1.,9.898264179112E-16));
#13560 = DEFINITIONAL_REPRESENTATION('',(#13561),#13565);
#13561 = LINE('',#13562,#13563);
#13562 = CARTESIAN_POINT('',(6.283185307179,179.9287415489));
#13563 = VECTOR('',#13564,1.);
#13564 = DIRECTION('',(-1.,-0.));
#13565 = ( GEOMETRIC_REPRESENTATION_CONTEXT(2) 
PARAMETRIC_REPRESENTATION_CONTEXT() REPRESENTATION_CONTEXT('2D SPACE',''
  ) );
#13566 = ADVANCED_FACE('',(#13567),#13555,.T.);
#13567 = FACE_BOUND('',#13568,.T.);
#13568 = EDGE_LOOP('',(#13569,#13570,#13593,#13620));
#13569 = ORIENTED_EDGE('',*,*,#13538,.F.);
#13570 = ORIENTED_EDGE('',*,*,#13571,.T.);
#13571 = EDGE_CURVE('',#13539,#13572,#13574,.T.);
#13572 = VERTEX_POINT('',#13573);
#13573 = CARTESIAN_POINT('',(4.819932559997E-03,-260.399999998,
    -177.421258451));
#13574 = SEAM_CURVE('',#13575,(#13579,#13586),.PCURVE_S1.);
#13575 = LINE('',#13576,#13577);
#13576 = CARTESIAN_POINT('',(4.819932559997E-03,-260.399999998,
    -366.0499999999));
#13577 = VECTOR('',#13578,1.);
#13578 = DIRECTION('',(-3.064104139938E-16,-9.898264179031E-16,1.));
#13579 = PCURVE('',#13555,#13580);
#13580 = DEFINITIONAL_REPRESENTATION('',(#13581),#13585);
#13581 = LINE('',#13582,#13583);
#13582 = CARTESIAN_POINT('',(6.28318530718,-2.84217094304E-14));
#13583 = VECTOR('',#13584,1.);
#13584 = DIRECTION('',(0.,1.));
#13585 = ( GEOMETRIC_REPRESENTATION_CONTEXT(2) 
PARAMETRIC_REPRESENTATION_CONTEXT() REPRESENTATION_CONTEXT('2D SPACE',''
  ) );
#13586 = PCURVE('',#13555,#13587);
#13587 = DEFINITIONAL_REPRESENTATION('',(#13588),#13592);
#13588 = LINE('',#13589,#13590);
#13589 = CARTESIAN_POINT('',(0.,-2.84217094304E-14));
#13590 = VECTOR('',#13591,1.);
#13591 = DIRECTION('',(0.,1.));
#13592 = ( GEOMETRIC_REPRESENTATION_CONTEXT(2) 
PARAMETRIC_REPRESENTATION_CONTEXT() REPRESENTATION_CONTEXT('2D SPACE',''
  ) );
#13593 = ORIENTED_EDGE('',*,*,#13594,.F.);
#13594 = EDGE_CURVE('',#13572,#13572,#13595,.T.);
#13595 = SURFACE_CURVE('',#13596,(#13601,#13608),.PCURVE_S1.);
#13596 = CIRCLE('',#13597,7.5);
#13597 = AXIS2_PLACEMENT_3D('',#13598,#13599,#13600);
#13598 = CARTESIAN_POINT('',(4.819932361998E-03,-267.899999998,
    -177.421258451));
#13599 = DIRECTION('',(0.,0.,1.));
#13600 = DIRECTION('',(2.628999240528E-11,1.,-0.));
#13601 = PCURVE('',#13555,#13602);
#13602 = DEFINITIONAL_REPRESENTATION('',(#13603),#13607);
#13603 = LINE('',#13604,#13605);
#13604 = CARTESIAN_POINT('',(-5.897504706809E-13,188.6287415489));
#13605 = VECTOR('',#13606,1.);
#13606 = DIRECTION('',(1.,-0.));
#13607 = ( GEOMETRIC_REPRESENTATION_CONTEXT(2) 
PARAMETRIC_REPRESENTATION_CONTEXT() REPRESENTATION_CONTEXT('2D SPACE',''
  ) );
#13608 = PCURVE('',#13609,#13614);
#13609 = PLANE('',#13610);
#13610 = AXIS2_PLACEMENT_3D('',#13611,#13612,#13613);
#13611 = CARTESIAN_POINT('',(-9.495180067637,-267.8999999978,
    -177.421258451));
#13612 = DIRECTION('',(-3.064104139906E-16,-8.673617379884E-16,1.));
#13613 = DIRECTION('',(-1.,2.628618675401E-11,-3.064104139678E-16));
#13614 = DEFINITIONAL_REPRESENTATION('',(#13615),#13619);
#13615 = CIRCLE('',#13616,7.5);
#13616 = AXIS2_PLACEMENT_2D('',#13617,#13618);
#13617 = CARTESIAN_POINT('',(-9.499999999999,2.70144291778E-13));
#13618 = DIRECTION('',(-3.805651271737E-15,-1.));
#13619 = ( GEOMETRIC_REPRESENTATION_CONTEXT(2) 
PARAMETRIC_REPRESENTATION_CONTEXT() REPRESENTATION_CONTEXT('2D SPACE',''
  ) );
#13620 = ORIENTED_EDGE('',*,*,#13571,.F.);
#13621 = ADVANCED_FACE('',(#13622,#13653),#13609,.F.);
#13622 = FACE_BOUND('',#13623,.T.);
#13623 = EDGE_LOOP('',(#13624));
#13624 = ORIENTED_EDGE('',*,*,#13625,.F.);
#13625 = EDGE_CURVE('',#13626,#13626,#13628,.T.);
#13626 = VERTEX_POINT('',#13627);
#13627 = CARTESIAN_POINT('',(4.819932599005E-03,-258.899999998,
    -177.421258451));
#13628 = SURFACE_CURVE('',#13629,(#13634,#13641),.PCURVE_S1.);
#13629 = CIRCLE('',#13630,9.);
#13630 = AXIS2_PLACEMENT_3D('',#13631,#13632,#13633);
#13631 = CARTESIAN_POINT('',(4.819932361997E-03,-267.899999998,
    -177.421258451));
#13632 = DIRECTION('',(0.,0.,1.));
#13633 = DIRECTION('',(2.629008122312E-11,1.,-0.));
#13634 = PCURVE('',#13609,#13635);
#13635 = DEFINITIONAL_REPRESENTATION('',(#13636),#13640);
#13636 = CIRCLE('',#13637,9.);
#13637 = AXIS2_PLACEMENT_2D('',#13638,#13639);
#13638 = CARTESIAN_POINT('',(-9.499999999999,2.70144291778E-13));
#13639 = DIRECTION('',(-3.894469113705E-15,-1.));
#13640 = ( GEOMETRIC_REPRESENTATION_CONTEXT(2) 
PARAMETRIC_REPRESENTATION_CONTEXT() REPRESENTATION_CONTEXT('2D SPACE',''
  ) );
#13641 = PCURVE('',#13642,#13647);
#13642 = CONICAL_SURFACE('',#13643,9.,0.785398163397);
#13643 = AXIS2_PLACEMENT_3D('',#13644,#13645,#13646);
#13644 = CARTESIAN_POINT('',(4.819932361997E-03,-267.899999998,
    -177.421258451));
#13645 = DIRECTION('',(-3.064104139906E-16,-8.673617379884E-16,1.));
#13646 = DIRECTION('',(2.628607208442E-11,1.,8.673617379965E-16));
#13647 = DEFINITIONAL_REPRESENTATION('',(#13648),#13652);
#13648 = LINE('',#13649,#13650);
#13649 = CARTESIAN_POINT('',(4.103384299015E-13,0.));
#13650 = VECTOR('',#13651,1.);
#13651 = DIRECTION('',(1.,-0.));
#13652 = ( GEOMETRIC_REPRESENTATION_CONTEXT(2) 
PARAMETRIC_REPRESENTATION_CONTEXT() REPRESENTATION_CONTEXT('2D SPACE',''
  ) );
#13653 = FACE_BOUND('',#13654,.T.);
#13654 = EDGE_LOOP('',(#13655));
#13655 = ORIENTED_EDGE('',*,*,#13594,.T.);
#13656 = ADVANCED_FACE('',(#13657),#13642,.T.);
#13657 = FACE_BOUND('',#13658,.T.);
#13658 = EDGE_LOOP('',(#13659,#13660,#13683,#13712,#13734));
#13659 = ORIENTED_EDGE('',*,*,#13625,.T.);
#13660 = ORIENTED_EDGE('',*,*,#13661,.T.);
#13661 = EDGE_CURVE('',#13626,#13662,#13664,.T.);
#13662 = VERTEX_POINT('',#13663);
#13663 = CARTESIAN_POINT('',(4.819932612008E-03,-258.399999998,
    -176.921258451));
#13664 = SEAM_CURVE('',#13665,(#13669,#13676),.PCURVE_S1.);
#13665 = LINE('',#13666,#13667);
#13666 = CARTESIAN_POINT('',(4.819932599005E-03,-258.899999998,
    -177.421258451));
#13667 = VECTOR('',#13668,1.);
#13668 = DIRECTION('',(1.858692424031E-11,0.707106781187,0.707106781187)
  );
#13669 = PCURVE('',#13642,#13670);
#13670 = DEFINITIONAL_REPRESENTATION('',(#13671),#13675);
#13671 = LINE('',#13672,#13673);
#13672 = CARTESIAN_POINT('',(6.28318530718,0.));
#13673 = VECTOR('',#13674,1.);
#13674 = DIRECTION('',(0.,1.));
#13675 = ( GEOMETRIC_REPRESENTATION_CONTEXT(2) 
PARAMETRIC_REPRESENTATION_CONTEXT() REPRESENTATION_CONTEXT('2D SPACE',''
  ) );
#13676 = PCURVE('',#13642,#13677);
#13677 = DEFINITIONAL_REPRESENTATION('',(#13678),#13682);
#13678 = LINE('',#13679,#13680);
#13679 = CARTESIAN_POINT('',(0.,0.));
#13680 = VECTOR('',#13681,1.);
#13681 = DIRECTION('',(0.,1.));
#13682 = ( GEOMETRIC_REPRESENTATION_CONTEXT(2) 
PARAMETRIC_REPRESENTATION_CONTEXT() REPRESENTATION_CONTEXT('2D SPACE',''
  ) );
#13683 = ORIENTED_EDGE('',*,*,#13684,.F.);
#13684 = EDGE_CURVE('',#13685,#13662,#13687,.T.);
#13685 = VERTEX_POINT('',#13686);
#13686 = CARTESIAN_POINT('',(4.819932113008E-03,-277.399999998,
    -176.921258451));
#13687 = SURFACE_CURVE('',#13688,(#13693,#13700),.PCURVE_S1.);
#13688 = CIRCLE('',#13689,9.5);
#13689 = AXIS2_PLACEMENT_3D('',#13690,#13691,#13692);
#13690 = CARTESIAN_POINT('',(4.819932361997E-03,-267.899999998,
    -176.921258451));
#13691 = DIRECTION('',(-3.064104139906E-16,-8.673617379884E-16,1.));
#13692 = DIRECTION('',(2.628599092777E-11,1.,8.673617379965E-16));
#13693 = PCURVE('',#13642,#13694);
#13694 = DEFINITIONAL_REPRESENTATION('',(#13695),#13699);
#13695 = LINE('',#13696,#13697);
#13696 = CARTESIAN_POINT('',(1.33226762955E-15,0.5));
#13697 = VECTOR('',#13698,1.);
#13698 = DIRECTION('',(1.,2.74876773502E-16));
#13699 = ( GEOMETRIC_REPRESENTATION_CONTEXT(2) 
PARAMETRIC_REPRESENTATION_CONTEXT() REPRESENTATION_CONTEXT('2D SPACE',''
  ) );
#13700 = PCURVE('',#13701,#13706);
#13701 = CYLINDRICAL_SURFACE('',#13702,9.5);
#13702 = AXIS2_PLACEMENT_3D('',#13703,#13704,#13705);
#13703 = CARTESIAN_POINT('',(4.819932361997E-03,-267.899999998,
    34.214271798567));
#13704 = DIRECTION('',(3.064104139906E-16,8.673617379884E-16,-1.));
#13705 = DIRECTION('',(-2.628599092777E-11,-1.,-8.673617379965E-16));
#13706 = DEFINITIONAL_REPRESENTATION('',(#13707),#13711);
#13707 = LINE('',#13708,#13709);
#13708 = CARTESIAN_POINT('',(9.424777960769,211.13553024956));
#13709 = VECTOR('',#13710,1.);
#13710 = DIRECTION('',(-1.,0.));
#13711 = ( GEOMETRIC_REPRESENTATION_CONTEXT(2) 
PARAMETRIC_REPRESENTATION_CONTEXT() REPRESENTATION_CONTEXT('2D SPACE',''
  ) );
#13712 = ORIENTED_EDGE('',*,*,#13713,.F.);
#13713 = EDGE_CURVE('',#13662,#13685,#13714,.T.);
#13714 = SURFACE_CURVE('',#13715,(#13720,#13727),.PCURVE_S1.);
#13715 = CIRCLE('',#13716,9.5);
#13716 = AXIS2_PLACEMENT_3D('',#13717,#13718,#13719);
#13717 = CARTESIAN_POINT('',(4.819932361997E-03,-267.899999998,
    -176.921258451));
#13718 = DIRECTION('',(-3.064104139906E-16,-8.673617379884E-16,1.));
#13719 = DIRECTION('',(2.628599092777E-11,1.,8.673617379965E-16));
#13720 = PCURVE('',#13642,#13721);
#13721 = DEFINITIONAL_REPRESENTATION('',(#13722),#13726);
#13722 = LINE('',#13723,#13724);
#13723 = CARTESIAN_POINT('',(0.,0.5));
#13724 = VECTOR('',#13725,1.);
#13725 = DIRECTION('',(1.,-2.74876773502E-16));
#13726 = ( GEOMETRIC_REPRESENTATION_CONTEXT(2) 
PARAMETRIC_REPRESENTATION_CONTEXT() REPRESENTATION_CONTEXT('2D SPACE',''
  ) );
#13727 = PCURVE('',#13701,#13728);
#13728 = DEFINITIONAL_REPRESENTATION('',(#13729),#13733);
#13729 = LINE('',#13730,#13731);
#13730 = CARTESIAN_POINT('',(3.14159265359,211.13553024956));
#13731 = VECTOR('',#13732,1.);
#13732 = DIRECTION('',(-1.,0.));
#13733 = ( GEOMETRIC_REPRESENTATION_CONTEXT(2) 
PARAMETRIC_REPRESENTATION_CONTEXT() REPRESENTATION_CONTEXT('2D SPACE',''
  ) );
#13734 = ORIENTED_EDGE('',*,*,#13661,.F.);
#13735 = ADVANCED_FACE('',(#13736),#13701,.T.);
#13736 = FACE_BOUND('',#13737,.T.);
#13737 = EDGE_LOOP('',(#13738,#13767,#13788,#13789,#13790));
#13738 = ORIENTED_EDGE('',*,*,#13739,.T.);
#13739 = EDGE_CURVE('',#13740,#13740,#13742,.T.);
#13740 = VERTEX_POINT('',#13741);
#13741 = CARTESIAN_POINT('',(4.819932113008E-03,-277.399999998,
    -172.921258451));
#13742 = SURFACE_CURVE('',#13743,(#13748,#13755),.PCURVE_S1.);
#13743 = CIRCLE('',#13744,9.5);
#13744 = AXIS2_PLACEMENT_3D('',#13745,#13746,#13747);
#13745 = CARTESIAN_POINT('',(4.819932361997E-03,-267.899999998,
    -172.921258451));
#13746 = DIRECTION('',(3.064104139906E-16,8.673617379884E-16,-1.));
#13747 = DIRECTION('',(-2.628599092777E-11,-1.,-8.673617379965E-16));
#13748 = PCURVE('',#13701,#13749);
#13749 = DEFINITIONAL_REPRESENTATION('',(#13750),#13754);
#13750 = LINE('',#13751,#13752);
#13751 = CARTESIAN_POINT('',(0.,207.13553024956));
#13752 = VECTOR('',#13753,1.);
#13753 = DIRECTION('',(1.,0.));
#13754 = ( GEOMETRIC_REPRESENTATION_CONTEXT(2) 
PARAMETRIC_REPRESENTATION_CONTEXT() REPRESENTATION_CONTEXT('2D SPACE',''
  ) );
#13755 = PCURVE('',#13756,#13761);
#13756 = CONICAL_SURFACE('',#13757,7.6,0.157029775972);
#13757 = AXIS2_PLACEMENT_3D('',#13758,#13759,#13760);
#13758 = CARTESIAN_POINT('',(4.819932361997E-03,-267.899999998,
    -160.921258451));
#13759 = DIRECTION('',(3.064104139906E-16,8.673617379884E-16,-1.));
#13760 = DIRECTION('',(-2.628562572283E-11,-1.,-8.673617379965E-16));
#13761 = DEFINITIONAL_REPRESENTATION('',(#13762),#13766);
#13762 = LINE('',#13763,#13764);
#13763 = CARTESIAN_POINT('',(0.,11.999999999999));
#13764 = VECTOR('',#13765,1.);
#13765 = DIRECTION('',(1.,-1.116949894303E-15));
#13766 = ( GEOMETRIC_REPRESENTATION_CONTEXT(2) 
PARAMETRIC_REPRESENTATION_CONTEXT() REPRESENTATION_CONTEXT('2D SPACE',''
  ) );
#13767 = ORIENTED_EDGE('',*,*,#13768,.T.);
#13768 = EDGE_CURVE('',#13740,#13685,#13769,.T.);
#13769 = SEAM_CURVE('',#13770,(#13774,#13781),.PCURVE_S1.);
#13770 = LINE('',#13771,#13772);
#13771 = CARTESIAN_POINT('',(4.819932113008E-03,-277.399999998,
    34.214271798567));
#13772 = VECTOR('',#13773,1.);
#13773 = DIRECTION('',(3.064104139906E-16,8.673617379884E-16,-1.));
#13774 = PCURVE('',#13701,#13775);
#13775 = DEFINITIONAL_REPRESENTATION('',(#13776),#13780);
#13776 = LINE('',#13777,#13778);
#13777 = CARTESIAN_POINT('',(6.28318530718,0.));
#13778 = VECTOR('',#13779,1.);
#13779 = DIRECTION('',(0.,1.));
#13780 = ( GEOMETRIC_REPRESENTATION_CONTEXT(2) 
PARAMETRIC_REPRESENTATION_CONTEXT() REPRESENTATION_CONTEXT('2D SPACE',''
  ) );
#13781 = PCURVE('',#13701,#13782);
#13782 = DEFINITIONAL_REPRESENTATION('',(#13783),#13787);
#13783 = LINE('',#13784,#13785);
#13784 = CARTESIAN_POINT('',(0.,0.));
#13785 = VECTOR('',#13786,1.);
#13786 = DIRECTION('',(0.,1.));
#13787 = ( GEOMETRIC_REPRESENTATION_CONTEXT(2) 
PARAMETRIC_REPRESENTATION_CONTEXT() REPRESENTATION_CONTEXT('2D SPACE',''
  ) );
#13788 = ORIENTED_EDGE('',*,*,#13684,.T.);
#13789 = ORIENTED_EDGE('',*,*,#13713,.T.);
#13790 = ORIENTED_EDGE('',*,*,#13768,.F.);
#13791 = ADVANCED_FACE('',(#13792),#13756,.T.);
#13792 = FACE_BOUND('',#13793,.T.);
#13793 = EDGE_LOOP('',(#13794,#13823,#13844,#13845));
#13794 = ORIENTED_EDGE('',*,*,#13795,.T.);
#13795 = EDGE_CURVE('',#13796,#13796,#13798,.T.);
#13796 = VERTEX_POINT('',#13797);
#13797 = CARTESIAN_POINT('',(4.819932155002E-03,-275.799999998,
    -162.8159952931));
#13798 = SURFACE_CURVE('',#13799,(#13804,#13811),.PCURVE_S1.);
#13799 = CIRCLE('',#13800,7.9);
#13800 = AXIS2_PLACEMENT_3D('',#13801,#13802,#13803);
#13801 = CARTESIAN_POINT('',(4.819932361997E-03,-267.899999998,
    -162.8159952931));
#13802 = DIRECTION('',(3.064104139906E-16,8.673617379884E-16,-1.));
#13803 = DIRECTION('',(-2.62869894628E-11,-1.,-8.673617379965E-16));
#13804 = PCURVE('',#13756,#13805);
#13805 = DEFINITIONAL_REPRESENTATION('',(#13806),#13810);
#13806 = LINE('',#13807,#13808);
#13807 = CARTESIAN_POINT('',(0.,1.8947368421));
#13808 = VECTOR('',#13809,1.);
#13809 = DIRECTION('',(1.,-6.980936839391E-17));
#13810 = ( GEOMETRIC_REPRESENTATION_CONTEXT(2) 
PARAMETRIC_REPRESENTATION_CONTEXT() REPRESENTATION_CONTEXT('2D SPACE',''
  ) );
#13811 = PCURVE('',#13812,#13817);
#13812 = CYLINDRICAL_SURFACE('',#13813,7.9);
#13813 = AXIS2_PLACEMENT_3D('',#13814,#13815,#13816);
#13814 = CARTESIAN_POINT('',(4.819932361997E-03,-267.899999998,
    41.637257493716));
#13815 = DIRECTION('',(3.064104139906E-16,8.673617379884E-16,-1.));
#13816 = DIRECTION('',(-2.62869894628E-11,-1.,-8.673617379965E-16));
#13817 = DEFINITIONAL_REPRESENTATION('',(#13818),#13822);
#13818 = LINE('',#13819,#13820);
#13819 = CARTESIAN_POINT('',(0.,204.45325278681));
#13820 = VECTOR('',#13821,1.);
#13821 = DIRECTION('',(1.,0.));
#13822 = ( GEOMETRIC_REPRESENTATION_CONTEXT(2) 
PARAMETRIC_REPRESENTATION_CONTEXT() REPRESENTATION_CONTEXT('2D SPACE',''
  ) );
#13823 = ORIENTED_EDGE('',*,*,#13824,.T.);
#13824 = EDGE_CURVE('',#13796,#13740,#13825,.T.);
#13825 = SEAM_CURVE('',#13826,(#13830,#13837),.PCURVE_S1.);
#13826 = LINE('',#13827,#13828);
#13827 = CARTESIAN_POINT('',(4.819932163002E-03,-275.499999998,
    -160.921258451));
#13828 = VECTOR('',#13829,1.);
#13829 = DIRECTION('',(-4.110468509543E-12,-0.156385221957,
    -0.987696138675));
#13830 = PCURVE('',#13756,#13831);
#13831 = DEFINITIONAL_REPRESENTATION('',(#13832),#13836);
#13832 = LINE('',#13833,#13834);
#13833 = CARTESIAN_POINT('',(6.28318530718,-7.779017882914E-13));
#13834 = VECTOR('',#13835,1.);
#13835 = DIRECTION('',(0.,1.));
#13836 = ( GEOMETRIC_REPRESENTATION_CONTEXT(2) 
PARAMETRIC_REPRESENTATION_CONTEXT() REPRESENTATION_CONTEXT('2D SPACE',''
  ) );
#13837 = PCURVE('',#13756,#13838);
#13838 = DEFINITIONAL_REPRESENTATION('',(#13839),#13843);
#13839 = LINE('',#13840,#13841);
#13840 = CARTESIAN_POINT('',(0.,-7.779017882914E-13));
#13841 = VECTOR('',#13842,1.);
#13842 = DIRECTION('',(0.,1.));
#13843 = ( GEOMETRIC_REPRESENTATION_CONTEXT(2) 
PARAMETRIC_REPRESENTATION_CONTEXT() REPRESENTATION_CONTEXT('2D SPACE',''
  ) );
#13844 = ORIENTED_EDGE('',*,*,#13739,.F.);
#13845 = ORIENTED_EDGE('',*,*,#13824,.F.);
#13846 = ADVANCED_FACE('',(#13847),#13812,.T.);
#13847 = FACE_BOUND('',#13848,.T.);
#13848 = EDGE_LOOP('',(#13849,#13882,#13903,#13904));
#13849 = ORIENTED_EDGE('',*,*,#13850,.T.);
#13850 = EDGE_CURVE('',#13851,#13851,#13853,.T.);
#13851 = VERTEX_POINT('',#13852);
#13852 = CARTESIAN_POINT('',(4.819932155002E-03,-275.799999998,
    31.703160687456));
#13853 = SURFACE_CURVE('',#13854,(#13859,#13866),.PCURVE_S1.);
#13854 = CIRCLE('',#13855,7.9);
#13855 = AXIS2_PLACEMENT_3D('',#13856,#13857,#13858);
#13856 = CARTESIAN_POINT('',(4.819932361982E-03,-267.899999998,
    31.703160687456));
#13857 = DIRECTION('',(4.497105922769E-16,8.994211844946E-16,-1.));
#13858 = DIRECTION('',(-2.628825427384E-11,-1.,-8.994211845065E-16));
#13859 = PCURVE('',#13812,#13860);
#13860 = DEFINITIONAL_REPRESENTATION('',(#13861),#13865);
#13861 = LINE('',#13862,#13863);
#13862 = CARTESIAN_POINT('',(2.100541962591E-13,9.93409680626));
#13863 = VECTOR('',#13864,1.);
#13864 = DIRECTION('',(1.,-0.));
#13865 = ( GEOMETRIC_REPRESENTATION_CONTEXT(2) 
PARAMETRIC_REPRESENTATION_CONTEXT() REPRESENTATION_CONTEXT('2D SPACE',''
  ) );
#13866 = PCURVE('',#13867,#13872);
#13867 = PLANE('',#13868);
#13868 = AXIS2_PLACEMENT_3D('',#13869,#13870,#13871);
#13869 = CARTESIAN_POINT('',(4.819932361997E-03,-267.899999998,
    31.703160687456));
#13870 = DIRECTION('',(0.,0.,1.));
#13871 = DIRECTION('',(0.,1.,0.));
#13872 = DEFINITIONAL_REPRESENTATION('',(#13873),#13881);
#13873 = ( BOUNDED_CURVE() B_SPLINE_CURVE(2,(#13874,#13875,#13876,#13877
    ,#13878,#13879,#13880),.UNSPECIFIED.,.T.,.F.) 
B_SPLINE_CURVE_WITH_KNOTS((1,2,2,2,2,1),(-2.094395102393,0.,
    2.094395102393,4.188790204786,6.28318530718,8.377580409573),
.UNSPECIFIED.) CURVE() GEOMETRIC_REPRESENTATION_ITEM() 
RATIONAL_B_SPLINE_CURVE((1.,0.5,1.,0.5,1.,0.5,1.)) REPRESENTATION_ITEM(
  '') );
#13874 = CARTESIAN_POINT('',(-7.9,2.076914196181E-10));
#13875 = CARTESIAN_POINT('',(-7.89999999964,13.683201380002));
#13876 = CARTESIAN_POINT('',(3.95000000018,6.841600689793));
#13877 = CARTESIAN_POINT('',(15.8,-4.153382717301E-10));
#13878 = CARTESIAN_POINT('',(3.94999999982,-6.841600690001));
#13879 = CARTESIAN_POINT('',(-7.90000000036,-13.68320137958));
#13880 = CARTESIAN_POINT('',(-7.9,2.076914196181E-10));
#13881 = ( GEOMETRIC_REPRESENTATION_CONTEXT(2) 
PARAMETRIC_REPRESENTATION_CONTEXT() REPRESENTATION_CONTEXT('2D SPACE',''
  ) );
#13882 = ORIENTED_EDGE('',*,*,#13883,.T.);
#13883 = EDGE_CURVE('',#13851,#13796,#13884,.T.);
#13884 = SEAM_CURVE('',#13885,(#13889,#13896),.PCURVE_S1.);
#13885 = LINE('',#13886,#13887);
#13886 = CARTESIAN_POINT('',(4.819932155002E-03,-275.799999998,
    41.637257493716));
#13887 = VECTOR('',#13888,1.);
#13888 = DIRECTION('',(3.064104139906E-16,8.673617379884E-16,-1.));
#13889 = PCURVE('',#13812,#13890);
#13890 = DEFINITIONAL_REPRESENTATION('',(#13891),#13895);
#13891 = LINE('',#13892,#13893);
#13892 = CARTESIAN_POINT('',(6.28318530718,-1.06581410364E-14));
#13893 = VECTOR('',#13894,1.);
#13894 = DIRECTION('',(0.,1.));
#13895 = ( GEOMETRIC_REPRESENTATION_CONTEXT(2) 
PARAMETRIC_REPRESENTATION_CONTEXT() REPRESENTATION_CONTEXT('2D SPACE',''
  ) );
#13896 = PCURVE('',#13812,#13897);
#13897 = DEFINITIONAL_REPRESENTATION('',(#13898),#13902);
#13898 = LINE('',#13899,#13900);
#13899 = CARTESIAN_POINT('',(0.,-1.06581410364E-14));
#13900 = VECTOR('',#13901,1.);
#13901 = DIRECTION('',(0.,1.));
#13902 = ( GEOMETRIC_REPRESENTATION_CONTEXT(2) 
PARAMETRIC_REPRESENTATION_CONTEXT() REPRESENTATION_CONTEXT('2D SPACE',''
  ) );
#13903 = ORIENTED_EDGE('',*,*,#13795,.F.);
#13904 = ORIENTED_EDGE('',*,*,#13883,.F.);
#13905 = ADVANCED_FACE('',(#13906),#13867,.T.);
#13906 = FACE_BOUND('',#13907,.T.);
#13907 = EDGE_LOOP('',(#13908));
#13908 = ORIENTED_EDGE('',*,*,#13850,.F.);
#13909 = ( GEOMETRIC_REPRESENTATION_CONTEXT(3) 
GLOBAL_UNCERTAINTY_ASSIGNED_CONTEXT((#13913)) 
GLOBAL_UNIT_ASSIGNED_CONTEXT((#13910,#13911,#13912)) 
REPRESENTATION_CONTEXT('Context #1',
  '3D Context with UNIT and UNCERTAINTY') );
#13910 = ( LENGTH_UNIT() NAMED_UNIT(*) SI_UNIT(.MILLI.,.METRE.) );
#13911 = ( NAMED_UNIT(*) PLANE_ANGLE_UNIT() SI_UNIT($,.RADIAN.) );
#13912 = ( NAMED_UNIT(*) SI_UNIT($,.STERADIAN.) SOLID_ANGLE_UNIT() );
#13913 = UNCERTAINTY_MEASURE_WITH_UNIT(LENGTH_MEASURE(5.E-04),#13910,
  'distance_accuracy_value','confusion accuracy');
#13914 = PRODUCT_RELATED_PRODUCT_CATEGORY('part',$,(#7));
ENDSEC;
END-ISO-10303-21;
