ISO-10303-21;
HEADER;
FILE_DESCRIPTION(('Open CASCADE Model'),'2;1');
FILE_NAME('Open CASCADE Shape Model','2026-10-07T15:24:24',('Author'),(
    'Open CASCADE'),'Open CASCADE STEP processor 7.9','Open CASCADE 7.9'
  ,'Unknown');
FILE_SCHEMA(('AUTOMOTIVE_DESIGN { 1 0 10303 214 1 1 1 1 }'));
ENDSEC;
DATA;
#1 = APPLICATION_PROTOCOL_DEFINITION('international standard',
  'automotive_design',2000,#2);
#2 = APPLICATION_CONTEXT(
  'core data for automotive mechanical design processes');
#3 = SHAPE_DEFINITION_REPRESENTATION(#4,#10);
#4 = PRODUCT_DEFINITION_SHAPE('','',#5);
#5 = PRODUCT_DEFINITION('design','',#6,#9);
#6 = PRODUCT_DEFINITION_FORMATION('','',#7);
#7 = PRODUCT('Open CASCADE STEP translator 7.9 3',
  'Open CASCADE STEP translator 7.9 3','',(#8));
#8 = PRODUCT_CONTEXT('',#2,'mechanical');
#9 = PRODUCT_DEFINITION_CONTEXT('part definition',#2,'design');
#10 = ADVANCED_BREP_SHAPE_REPRESENTATION('',(#11,#15),#1934);
#11 = AXIS2_PLACEMENT_3D('',#12,#13,#14);
#12 = CARTESIAN_POINT('',(0.,0.,0.));
#13 = DIRECTION('',(0.,0.,1.));
#14 = DIRECTION('',(1.,0.,-0.));
#15 = MANIFOLD_SOLID_BREP('',#16);
#16 = CLOSED_SHELL('',(#17,#732,#1924,#1929));
#17 = ADVANCED_FACE('',(#18),#32,.T.);
#18 = FACE_BOUND('',#19,.T.);
#19 = EDGE_LOOP('',(#20,#55,#84,#107));
#20 = ORIENTED_EDGE('',*,*,#21,.F.);
#21 = EDGE_CURVE('',#22,#24,#26,.T.);
#22 = VERTEX_POINT('',#23);
#23 = CARTESIAN_POINT('',(4.819933339754E-03,-230.7,103.85769253773));
#24 = VERTEX_POINT('',#25);
#25 = CARTESIAN_POINT('',(4.819934224997E-03,-232.3661153634,
    104.2566983826));
#26 = SURFACE_CURVE('',#27,(#31,#43),.PCURVE_S1.);
#27 = LINE('',#28,#29);
#28 = CARTESIAN_POINT('',(4.819933351996E-03,-230.2342658324,
    103.74615725086));
#29 = VECTOR('',#30,1.);
#30 = DIRECTION('',(-2.556342327481E-11,-0.972501342706,0.232897270134)
  );
#31 = PCURVE('',#32,#37);
#32 = CONICAL_SURFACE('',#33,6.617415701867,0.235055819212);
#33 = AXIS2_PLACEMENT_3D('',#34,#35,#36);
#34 = CARTESIAN_POINT('',(4.819933351996E-03,-230.2342658324,
    97.128741549));
#35 = DIRECTION('',(-2.628618675401E-11,-1.,-8.673617379965E-16));
#36 = DIRECTION('',(4.76355355225E-27,-8.673617379965E-16,1.));
#37 = DEFINITIONAL_REPRESENTATION('',(#38),#42);
#38 = LINE('',#39,#40);
#39 = CARTESIAN_POINT('',(0.,-1.592914822111E-12));
#40 = VECTOR('',#41,1.);
#41 = DIRECTION('',(0.,1.));
#42 = ( GEOMETRIC_REPRESENTATION_CONTEXT(2) 
PARAMETRIC_REPRESENTATION_CONTEXT() REPRESENTATION_CONTEXT('2D SPACE',''
  ) );
#43 = PCURVE('',#44,#49);
#44 = CONICAL_SURFACE('',#45,6.617415701867,0.235055819212);
#45 = AXIS2_PLACEMENT_3D('',#46,#47,#48);
#46 = CARTESIAN_POINT('',(4.819933351996E-03,-230.2342658324,
    97.128741549));
#47 = DIRECTION('',(-2.628618675401E-11,-1.,-8.673617379965E-16));
#48 = DIRECTION('',(4.76355355225E-27,-8.673617379965E-16,1.));
#49 = DEFINITIONAL_REPRESENTATION('',(#50),#54);
#50 = LINE('',#51,#52);
#51 = CARTESIAN_POINT('',(6.28318530718,-1.592914822111E-12));
#52 = VECTOR('',#53,1.);
#53 = DIRECTION('',(0.,1.));
#54 = ( GEOMETRIC_REPRESENTATION_CONTEXT(2) 
PARAMETRIC_REPRESENTATION_CONTEXT() REPRESENTATION_CONTEXT('2D SPACE',''
  ) );
#55 = ORIENTED_EDGE('',*,*,#56,.T.);
#56 = EDGE_CURVE('',#22,#57,#59,.T.);
#57 = VERTEX_POINT('',#58);
#58 = CARTESIAN_POINT('',(4.819933339754E-03,-230.7,90.399790560263));
#59 = SURFACE_CURVE('',#60,(#65,#72),.PCURVE_S1.);
#60 = CIRCLE('',#61,6.728950988738);
#61 = AXIS2_PLACEMENT_3D('',#62,#63,#64);
#62 = CARTESIAN_POINT('',(4.819933339754E-03,-230.7,97.128741549));
#63 = DIRECTION('',(-2.628618675401E-11,-1.,-8.673617379965E-16));
#64 = DIRECTION('',(4.76355355225E-27,-8.673617379965E-16,1.));
#65 = PCURVE('',#32,#66);
#66 = DEFINITIONAL_REPRESENTATION('',(#67),#71);
#67 = LINE('',#68,#69);
#68 = CARTESIAN_POINT('',(0.,0.465734167595));
#69 = VECTOR('',#70,1.);
#70 = DIRECTION('',(1.,0.));
#71 = ( GEOMETRIC_REPRESENTATION_CONTEXT(2) 
PARAMETRIC_REPRESENTATION_CONTEXT() REPRESENTATION_CONTEXT('2D SPACE',''
  ) );
#72 = PCURVE('',#73,#78);
#73 = PLANE('',#74);
#74 = AXIS2_PLACEMENT_3D('',#75,#76,#77);
#75 = CARTESIAN_POINT('',(0.,-230.7,146.965));
#76 = DIRECTION('',(-0.,-1.,-0.));
#77 = DIRECTION('',(0.,0.,-1.));
#78 = DEFINITIONAL_REPRESENTATION('',(#79),#83);
#79 = CIRCLE('',#80,6.728950988738);
#80 = AXIS2_PLACEMENT_2D('',#81,#82);
#81 = CARTESIAN_POINT('',(49.836258451,4.819933339754E-03));
#82 = DIRECTION('',(-1.,4.76355355225E-27));
#83 = ( GEOMETRIC_REPRESENTATION_CONTEXT(2) 
PARAMETRIC_REPRESENTATION_CONTEXT() REPRESENTATION_CONTEXT('2D SPACE',''
  ) );
#84 = ORIENTED_EDGE('',*,*,#85,.T.);
#85 = EDGE_CURVE('',#57,#86,#88,.T.);
#86 = VERTEX_POINT('',#87);
#87 = CARTESIAN_POINT('',(4.819933296005E-03,-232.3660092224,
    90.000810134335));
#88 = SURFACE_CURVE('',#89,(#93,#100),.PCURVE_S1.);
#89 = LINE('',#90,#91);
#90 = CARTESIAN_POINT('',(4.819933351996E-03,-230.2342658324,
    90.511325847134));
#91 = VECTOR('',#92,1.);
#92 = DIRECTION('',(-2.55633090722E-11,-0.972501342706,-0.232897270134)
  );
#93 = PCURVE('',#32,#94);
#94 = DEFINITIONAL_REPRESENTATION('',(#95),#99);
#95 = LINE('',#96,#97);
#96 = CARTESIAN_POINT('',(3.14159265359,-2.212011879558E-13));
#97 = VECTOR('',#98,1.);
#98 = DIRECTION('',(0.,1.));
#99 = ( GEOMETRIC_REPRESENTATION_CONTEXT(2) 
PARAMETRIC_REPRESENTATION_CONTEXT() REPRESENTATION_CONTEXT('2D SPACE',''
  ) );
#100 = PCURVE('',#44,#101);
#101 = DEFINITIONAL_REPRESENTATION('',(#102),#106);
#102 = LINE('',#103,#104);
#103 = CARTESIAN_POINT('',(3.14159265359,-2.212011879558E-13));
#104 = VECTOR('',#105,1.);
#105 = DIRECTION('',(0.,1.));
#106 = ( GEOMETRIC_REPRESENTATION_CONTEXT(2) 
PARAMETRIC_REPRESENTATION_CONTEXT() REPRESENTATION_CONTEXT('2D SPACE',''
  ) );
#107 = ORIENTED_EDGE('',*,*,#108,.T.);
#108 = EDGE_CURVE('',#86,#24,#109,.T.);
#109 = SURFACE_CURVE('',#110,(#278,#703),.PCURVE_S1.);
#110 = B_SPLINE_CURVE_WITH_KNOTS('',3,(#111,#112,#113,#114,#115,#116,
    #117,#118,#119,#120,#121,#122,#123,#124,#125,#126,#127,#128,#129,
    #130,#131,#132,#133,#134,#135,#136,#137,#138,#139,#140,#141,#142,
    #143,#144,#145,#146,#147,#148,#149,#150,#151,#152,#153,#154,#155,
    #156,#157,#158,#159,#160,#161,#162,#163,#164,#165,#166,#167,#168,
    #169,#170,#171,#172,#173,#174,#175,#176,#177,#178,#179,#180,#181,
    #182,#183,#184,#185,#186,#187,#188,#189,#190,#191,#192,#193,#194,
    #195,#196,#197,#198,#199,#200,#201,#202,#203,#204,#205,#206,#207,
    #208,#209,#210,#211,#212,#213,#214,#215,#216,#217,#218,#219,#220,
    #221,#222,#223,#224,#225,#226,#227,#228,#229,#230,#231,#232,#233,
    #234,#235,#236,#237,#238,#239,#240,#241,#242,#243,#244,#245,#246,
    #247,#248,#249,#250,#251,#252,#253,#254,#255,#256,#257,#258,#259,
    #260,#261,#262,#263,#264,#265,#266,#267,#268,#269,#270,#271,#272,
    #273,#274,#275,#276,#277),.UNSPECIFIED.,.F.,.F.,(4,2,2,2,1,2,2,2,2,2
    ,1,1,1,2,2,2,2,2,1,1,2,2,2,2,1,1,1,2,2,2,2,1,1,1,1,2,2,2,1,1,2,2,2,1
    ,1,1,2,2,2,1,1,2,2,2,1,2,2,2,1,1,1,2,2,2,1,1,1,2,2,1,1,1,2,2,2,2,1,1
    ,2,2,1,1,1,1,2,2,1,2,2,2,1,2,2,1,2,2,2,1,2,2,1,2,2,4),(
    0.292539844969,0.308187427367,0.312099322967,0.314055270767,
    0.316011218566,0.323835009765,0.355130174562,0.37077775696,
    0.374689652559,0.375178639509,0.375667626459,0.376645600359,
    0.378601548159,0.386425339358,0.417720504154,0.433368086552,
    0.437279982151,0.438257956051,0.439235929951,0.441191877751,
    0.44901566895,0.464663251348,0.468575146948,0.468819640423,
    0.469064133897,0.469553120847,0.470531094747,0.472487042547,
    0.480310833746,0.484222729346,0.484467222821,0.484711716296,
    0.485200703246,0.486178677145,0.488134624945,0.495958416144,
    0.499870311744,0.500848285644,0.501826259543,0.503782207343,
    0.511605998542,0.515517894142,0.516006881092,0.516495868042,
    0.517473841941,0.519429789741,0.52725358094,0.53116547654,
    0.53214345044,0.53312142434,0.535077372139,0.542901163338,
    0.546813058938,0.548769006738,0.550724954537,0.558548745736,
    0.562460641336,0.562949628286,0.563438615236,0.564416589136,
    0.566372536935,0.574196328134,0.578108223734,0.578352717209,
    0.578597210684,0.579086197634,0.580064171534,0.582020119333,
    0.589843910532,0.591799858332,0.592777832232,0.593266819182,
    0.593511312657,0.593755806132,0.597667701731,0.60549149293,
    0.60744744073,0.60842541463,0.60891440158,0.60940338853,
    0.613315284129,0.621139075328,0.623095023128,0.624072997028,
    0.624561983978,0.625050970928,0.628962866527,0.636786657726,
    0.668081822522,0.68372940492,0.68568535272,0.68666332662,
    0.68764130052,0.691553196119,0.699376987318,0.730672152114,
    0.746319734512,0.748275682312,0.749253656212,0.750231630112,
    0.754143525711,0.76196731691,0.777614899308,0.793262481706),
  .UNSPECIFIED.);
#111 = CARTESIAN_POINT('',(4.819933296005E-03,-232.3660092224,
    90.000810134335));
#112 = CARTESIAN_POINT('',(-0.284269185751,-232.3659679185,
    90.000820025909));
#113 = CARTESIAN_POINT('',(-0.573274383598,-232.3828364926,
    90.014359055168));
#114 = CARTESIAN_POINT('',(-0.933594774722,-232.4250595578,
    90.048217638018));
#115 = CARTESIAN_POINT('',(-1.00561196192,-232.4345610383,
    90.055836572912));
#116 = CARTESIAN_POINT('',(-1.113551439864,-232.45039856,90.068537656459
    ));
#117 = CARTESIAN_POINT('',(-1.145882693223,-232.4553865499,
    90.072537647352));
#118 = CARTESIAN_POINT('',(-1.212566736649,-232.4661049342,
    90.081131378069));
#119 = CARTESIAN_POINT('',(-1.379254754904,-232.4940483817,
    90.103533646685));
#120 = CARTESIAN_POINT('',(-1.545805564788,-232.5277292623,
    90.130538567748));
#121 = CARTESIAN_POINT('',(-2.211198062486,-232.6808125705,
    90.25347618114));
#122 = CARTESIAN_POINT('',(-2.741057718056,-232.8620305322,
    90.399508089765));
#123 = CARTESIAN_POINT('',(-3.523512426836,-233.2219844472,
    90.694497597586));
#124 = CARTESIAN_POINT('',(-3.782247044837,-233.3566569143,
    90.805496214542));
#125 = CARTESIAN_POINT('',(-4.101912362286,-233.5433572841,
    90.960587123126));
#126 = CARTESIAN_POINT('',(-4.16565704341,-233.5816153473,
    90.992422443728));
#127 = CARTESIAN_POINT('',(-4.237140035307,-233.6256884064,
    91.029163530095));
#128 = CARTESIAN_POINT('',(-4.244902155862,-233.630492106,91.03316921951
    ));
#129 = CARTESIAN_POINT('',(-4.257115799914,-233.6380689545,
    91.039487610914));
#130 = CARTESIAN_POINT('',(-4.275439105847,-233.6494660094,
    91.048992206984));
#131 = CARTESIAN_POINT('',(-4.318212879895,-233.6762816126,
    91.071359313139));
#132 = CARTESIAN_POINT('',(-4.452760241779,-233.7619576367,
    91.142856629638));
#133 = CARTESIAN_POINT('',(-4.575389952277,-233.8440825501,
    91.211542470997));
#134 = CARTESIAN_POINT('',(-5.066382125354,-234.1861425834,
    91.498724942779));
#135 = CARTESIAN_POINT('',(-5.460983406569,-234.5031838258,
    91.768328276625));
#136 = CARTESIAN_POINT('',(-6.042010645417,-235.043835513,
    92.244326279036));
#137 = CARTESIAN_POINT('',(-6.233815416672,-235.234901046,
    92.414915111605));
#138 = CARTESIAN_POINT('',(-6.469349593602,-235.4872933421,
    92.644143107863));
#139 = CARTESIAN_POINT('',(-6.516244054956,-235.5384498203,
    92.690787747613));
#140 = CARTESIAN_POINT('',(-6.574564000844,-235.6032429419,
    92.750107832724));
#141 = CARTESIAN_POINT('',(-6.581650893598,-235.6111575309,
    92.757361966108));
#142 = CARTESIAN_POINT('',(-6.598179400442,-235.6296509828,
    92.774318749203));
#143 = CARTESIAN_POINT('',(-6.623088002171,-235.6576107585,
    92.799973246135));
#144 = CARTESIAN_POINT('',(-6.715669647135,-235.762545512,
    92.896479685363));
#145 = CARTESIAN_POINT('',(-6.803491492254,-235.8652606695,
    92.991768762859));
#146 = CARTESIAN_POINT('',(-7.020049651896,-236.1258313073,
    93.236287572732));
#147 = CARTESIAN_POINT('',(-7.172223817849,-236.3182840791,
    93.420394784516));
#148 = CARTESIAN_POINT('',(-7.366883278843,-236.5822738104,
    93.681498268203));
#149 = CARTESIAN_POINT('',(-7.406030449763,-236.6362429449,
    93.735267873451));
#150 = CARTESIAN_POINT('',(-7.447767408092,-236.694829538,
    93.794105003198));
#151 = CARTESIAN_POINT('',(-7.450083541523,-236.6980833352,
    93.79737317678));
#152 = CARTESIAN_POINT('',(-7.457006473353,-236.7078242344,
    93.807168242521));
#153 = CARTESIAN_POINT('',(-7.467309088823,-236.7223404769,
    93.821780208875));
#154 = CARTESIAN_POINT('',(-7.490779665096,-236.7555459662,
    93.855306207875));
#155 = CARTESIAN_POINT('',(-7.535473894155,-236.8192939717,
    93.920051391392));
#156 = CARTESIAN_POINT('',(-7.570028028854,-236.8693700223,
    93.971484445946));
#157 = CARTESIAN_POINT('',(-7.67726250434,-237.0261455313,
    94.133473483113));
#158 = CARTESIAN_POINT('',(-7.737800890254,-237.1191030271,
    94.23259217944));
#159 = CARTESIAN_POINT('',(-7.79640634094,-237.2098449037,
    94.330115163404));
#160 = CARTESIAN_POINT('',(-7.81053874543,-237.2319764681,
    94.354140572038));
#161 = CARTESIAN_POINT('',(-7.820066181351,-237.2468682944,
    94.37043377881));
#162 = CARTESIAN_POINT('',(-7.8207999475,-237.2480141653,94.371687658952
    ));
#163 = CARTESIAN_POINT('',(-7.824874129555,-237.2543854236,
    94.378671481268));
#164 = CARTESIAN_POINT('',(-7.83096757517,-237.2639224501,
    94.389136626829));
#165 = CARTESIAN_POINT('',(-7.845061208695,-237.2860364853,
    94.413480689075));
#166 = CARTESIAN_POINT('',(-7.872753940446,-237.3297084491,
    94.46186644138));
#167 = CARTESIAN_POINT('',(-7.956718378365,-237.4634676652,
    94.611988703255));
#168 = CARTESIAN_POINT('',(-8.023985044804,-237.5744744459,
    94.742255958069));
#169 = CARTESIAN_POINT('',(-8.096901604618,-237.6975137763,
    94.891634887688));
#170 = CARTESIAN_POINT('',(-8.119906368176,-237.7368320853,
    94.940272793064));
#171 = CARTESIAN_POINT('',(-8.147127536288,-237.7838614703,
    94.99953772579));
#172 = CARTESIAN_POINT('',(-8.155275805512,-237.7979788383,
    95.017416882226));
#173 = CARTESIAN_POINT('',(-8.169250126043,-237.8222909159,
    95.048448973951));
#174 = CARTESIAN_POINT('',(-8.189899167305,-237.8583458761,
    95.094781200996));
#175 = CARTESIAN_POINT('',(-8.262224516959,-237.9860026785,
    95.262239239321));
#176 = CARTESIAN_POINT('',(-8.318012495937,-238.0882824436,
    95.406775967701));
#177 = CARTESIAN_POINT('',(-8.376527173421,-238.197797163,
    95.571758154801));
#178 = CARTESIAN_POINT('',(-8.394626545839,-238.2320985697,
    95.625344307672));
#179 = CARTESIAN_POINT('',(-8.413509614568,-238.268208715,
    95.683959973647));
#180 = CARTESIAN_POINT('',(-8.416543343764,-238.2740167132,
    95.693434899685));
#181 = CARTESIAN_POINT('',(-8.42205800759,-238.2845915125,
    95.710831763458));
#182 = CARTESIAN_POINT('',(-8.430242736555,-238.3003089143,
    95.736877018755));
#183 = CARTESIAN_POINT('',(-8.448733503875,-238.3359692722,
    95.79729432838));
#184 = CARTESIAN_POINT('',(-8.503081829501,-238.4416736109,
    95.984891303291));
#185 = CARTESIAN_POINT('',(-8.541381103559,-238.5184621859,
    96.148140949991));
#186 = CARTESIAN_POINT('',(-8.577838059352,-238.5920744488,
    96.335901658438));
#187 = CARTESIAN_POINT('',(-8.5884066416,-238.6135228652,96.397134670506
    ));
#188 = CARTESIAN_POINT('',(-8.599756962088,-238.63647213,96.471883936689
    ));
#189 = CARTESIAN_POINT('',(-8.602880605877,-238.642791978,
    96.493176181701));
#190 = CARTESIAN_POINT('',(-8.60806572961,-238.6533047957,
    96.530311234363));
#191 = CARTESIAN_POINT('',(-8.615491279821,-238.6683862383,
    96.585956024023));
#192 = CARTESIAN_POINT('',(-8.638862766038,-238.7161192383,
    96.789301325385));
#193 = CARTESIAN_POINT('',(-8.648524167096,-238.7365867441,
    96.971767125627));
#194 = CARTESIAN_POINT('',(-8.64946589598,-238.7391386657,
    97.187320277961));
#195 = CARTESIAN_POINT('',(-8.648005375634,-238.7363211254,
    97.25860472754));
#196 = CARTESIAN_POINT('',(-8.643219095938,-238.7265925435,
    97.364552503484));
#197 = CARTESIAN_POINT('',(-8.641444850667,-238.7229255332,
    97.395124241291));
#198 = CARTESIAN_POINT('',(-8.636848559711,-238.7133745027,
    97.461688313884));
#199 = CARTESIAN_POINT('',(-8.623276546628,-238.6850562767,
    97.629624151289));
#200 = CARTESIAN_POINT('',(-8.599020048053,-238.6345348008,
    97.804953354066));
#201 = CARTESIAN_POINT('',(-8.558613668477,-238.55259391,98.021284467471
    ));
#202 = CARTESIAN_POINT('',(-8.543262038509,-238.5217277598,
    98.094381864616));
#203 = CARTESIAN_POINT('',(-8.523778687983,-238.4830067558,
    98.177601942299));
#204 = CARTESIAN_POINT('',(-8.522500009163,-238.4804684754,
    98.182987262839));
#205 = CARTESIAN_POINT('',(-8.519117079302,-238.473755993,
    98.197149412714));
#206 = CARTESIAN_POINT('',(-8.513978267792,-238.4635673396,
    98.218455606715));
#207 = CARTESIAN_POINT('',(-8.501533220676,-238.4389543055,
    98.268607899292));
#208 = CARTESIAN_POINT('',(-8.459518231407,-238.3563221387,
    98.428941223734));
#209 = CARTESIAN_POINT('',(-8.412255750692,-238.2652113305,
    98.582702493166));
#210 = CARTESIAN_POINT('',(-8.345765769777,-238.1405273302,
    98.773848233626));
#211 = CARTESIAN_POINT('',(-8.321973092626,-238.0964074918,
    98.838666595586));
#212 = CARTESIAN_POINT('',(-8.29486742764,-238.0468117518,
    98.908600161091));
#213 = CARTESIAN_POINT('',(-8.294025781921,-238.045273179,
    98.910763710568));
#214 = CARTESIAN_POINT('',(-8.291660552669,-238.0409508367,
    98.916836475771));
#215 = CARTESIAN_POINT('',(-8.288096543827,-238.0344417516,
    98.925965554426));
#216 = CARTESIAN_POINT('',(-8.27966687268,-238.0190748853,
    98.947405854691));
#217 = CARTESIAN_POINT('',(-8.262348942735,-237.9876251489,
    98.990839685904));
#218 = CARTESIAN_POINT('',(-8.246705114727,-237.9594407966,
    99.029005846809));
#219 = CARTESIAN_POINT('',(-8.192719202003,-237.8627653216,
    99.158256142138));
#220 = CARTESIAN_POINT('',(-8.143647032846,-237.7766965126,
    99.268165434889));
#221 = CARTESIAN_POINT('',(-8.073910767167,-237.6581999651,
    99.412707527689));
#222 = CARTESIAN_POINT('',(-8.052359842192,-237.6218327106,
    99.45660550152));
#223 = CARTESIAN_POINT('',(-8.026079323219,-237.5779722391,
    99.50871975806));
#224 = CARTESIAN_POINT('',(-8.012650193185,-237.5556840014,
    99.534997041639));
#225 = CARTESIAN_POINT('',(-8.006832476381,-237.5460551849,
    99.546305387445));
#226 = CARTESIAN_POINT('',(-8.002940084537,-237.5396189261,
    99.553854593199));
#227 = CARTESIAN_POINT('',(-8.000449748893,-237.5355056894,
    99.55867152685));
#228 = CARTESIAN_POINT('',(-7.97696001571,-237.4967357331,
    99.604029928117));
#229 = CARTESIAN_POINT('',(-7.953272015338,-237.4580253874,99.6487147512
    ));
#230 = CARTESIAN_POINT('',(-7.87715088018,-237.3352314256,
    99.788460077263));
#231 = CARTESIAN_POINT('',(-7.819665455756,-237.2444848847,
    99.889225947837));
#232 = CARTESIAN_POINT('',(-7.738239002005,-237.1199468337,
    100.0235031676));
#233 = CARTESIAN_POINT('',(-7.713092766522,-237.0817525528,
    100.06440863027));
#234 = CARTESIAN_POINT('',(-7.682459067624,-237.0357350436,
    100.11317578387));
#235 = CARTESIAN_POINT('',(-7.669048265818,-237.0157009293,
    100.1342946758));
#236 = CARTESIAN_POINT('',(-7.660044573291,-237.0022754477,
    100.14842196477));
#237 = CARTESIAN_POINT('',(-7.654947511814,-236.994690713,
    100.15638713723));
#238 = CARTESIAN_POINT('',(-7.620000179291,-236.9427724789,
    100.21082973149));
#239 = CARTESIAN_POINT('',(-7.525428874399,-236.8042715057,
    100.35473062124));
#240 = CARTESIAN_POINT('',(-7.410386991955,-236.6425038158,
    100.51804569319));
#241 = CARTESIAN_POINT('',(-7.31706954355,-236.5152806645,
    100.64326019234));
#242 = CARTESIAN_POINT('',(-7.287102016553,-236.4747891196,
    100.68280234087));
#243 = CARTESIAN_POINT('',(-7.274200134775,-236.4574331465,
    100.69968466411));
#244 = CARTESIAN_POINT('',(-7.265585890883,-236.4458619524,
    100.71092522474));
#245 = CARTESIAN_POINT('',(-7.261813915833,-236.4408004326,
    100.71583577344));
#246 = CARTESIAN_POINT('',(-7.215839349192,-236.3792352818,
    100.77549238171));
#247 = CARTESIAN_POINT('',(-7.092441403826,-236.2170457619,
    100.93186483521));
#248 = CARTESIAN_POINT('',(-6.966967628299,-236.0608088885,
    101.08023884876));
#249 = CARTESIAN_POINT('',(-6.545428979175,-235.5532474134,
    101.55771051047));
#250 = CARTESIAN_POINT('',(-6.198086814258,-235.1895281634,
    101.88481127699));
#251 = CARTESIAN_POINT('',(-5.681970445984,-234.7074441836,
    102.30792947167));
#252 = CARTESIAN_POINT('',(-5.510661895411,-234.5573320062,
    102.43773955027));
#253 = CARTESIAN_POINT('',(-5.320113100563,-234.4003610995,
    102.57262345264));
#254 = CARTESIAN_POINT('',(-5.288399702362,-234.3744473086,
    102.59487178286));
#255 = CARTESIAN_POINT('',(-5.256757999695,-234.3489055582,
    102.61677742999));
#256 = CARTESIAN_POINT('',(-5.235679958945,-234.3319604002,
    102.63130568657));
#257 = CARTESIAN_POINT('',(-5.2272794525,-234.3252235957,102.63708094031
    ));
#258 = CARTESIAN_POINT('',(-5.155879745845,-234.2683151393,
    102.68583869914));
#259 = CARTESIAN_POINT('',(-4.983831109499,-234.1341517524,
    102.80050108831));
#260 = CARTESIAN_POINT('',(-4.809880437468,-234.0072390908,
    102.90816379637));
#261 = CARTESIAN_POINT('',(-4.226503403253,-233.6003096081,
    103.2518075554));
#262 = CARTESIAN_POINT('',(-3.748673477727,-233.3263267347,
    103.47795954902));
#263 = CARTESIAN_POINT('',(-3.025850464276,-232.9926934939,
    103.7506819991));
#264 = CARTESIAN_POINT('',(-2.783855123513,-232.8943725919,
    103.83050954457));
#265 = CARTESIAN_POINT('',(-2.511166586257,-232.7982630275,
    103.90846492917));
#266 = CARTESIAN_POINT('',(-2.465708994374,-232.7825468804,
    103.92121055708));
#267 = CARTESIAN_POINT('',(-2.42023972499,-232.7672839035,
    103.93358811083));
#268 = CARTESIAN_POINT('',(-2.38992456288,-232.7572092901,
    103.94175827599));
#269 = CARTESIAN_POINT('',(-2.375512175661,-232.7524613436,
    103.94560925399));
#270 = CARTESIAN_POINT('',(-2.286837123838,-232.7236053751,
    103.96900802123));
#271 = CARTESIAN_POINT('',(-2.07370559863,-232.6575016522,
    104.02254049399));
#272 = CARTESIAN_POINT('',(-1.859758418745,-232.6008497338,
    104.06824839742));
#273 = CARTESIAN_POINT('',(-1.431072418705,-232.5001483031,
    104.14935033661));
#274 = CARTESIAN_POINT('',(-1.14423110231,-232.4498172239,
    104.18967200034));
#275 = CARTESIAN_POINT('',(-0.569881808689,-232.3827614817,
    104.24333625207));
#276 = CARTESIAN_POINT('',(-0.281018587564,-232.3660371884,
    104.25667966108));
#277 = CARTESIAN_POINT('',(4.819934224997E-03,-232.3661153634,
    104.2566983826));
#278 = PCURVE('',#32,#279);
#279 = DEFINITIONAL_REPRESENTATION('',(#280),#702);
#280 = B_SPLINE_CURVE_WITH_KNOTS('',3,(#281,#282,#283,#284,#285,#286,
    #287,#288,#289,#290,#291,#292,#293,#294,#295,#296,#297,#298,#299,
    #300,#301,#302,#303,#304,#305,#306,#307,#308,#309,#310,#311,#312,
    #313,#314,#315,#316,#317,#318,#319,#320,#321,#322,#323,#324,#325,
    #326,#327,#328,#329,#330,#331,#332,#333,#334,#335,#336,#337,#338,
    #339,#340,#341,#342,#343,#344,#345,#346,#347,#348,#349,#350,#351,
    #352,#353,#354,#355,#356,#357,#358,#359,#360,#361,#362,#363,#364,
    #365,#366,#367,#368,#369,#370,#371,#372,#373,#374,#375,#376,#377,
    #378,#379,#380,#381,#382,#383,#384,#385,#386,#387,#388,#389,#390,
    #391,#392,#393,#394,#395,#396,#397,#398,#399,#400,#401,#402,#403,
    #404,#405,#406,#407,#408,#409,#410,#411,#412,#413,#414,#415,#416,
    #417,#418,#419,#420,#421,#422,#423,#424,#425,#426,#427,#428,#429,
    #430,#431,#432,#433,#434,#435,#436,#437,#438,#439,#440,#441,#442,
    #443,#444,#445,#446,#447,#448,#449,#450,#451,#452,#453,#454,#455,
    #456,#457,#458,#459,#460,#461,#462,#463,#464,#465,#466,#467,#468,
    #469,#470,#471,#472,#473,#474,#475,#476,#477,#478,#479,#480,#481,
    #482,#483,#484,#485,#486,#487,#488,#489,#490,#491,#492,#493,#494,
    #495,#496,#497,#498,#499,#500,#501,#502,#503,#504,#505,#506,#507,
    #508,#509,#510,#511,#512,#513,#514,#515,#516,#517,#518,#519,#520,
    #521,#522,#523,#524,#525,#526,#527,#528,#529,#530,#531,#532,#533,
    #534,#535,#536,#537,#538,#539,#540,#541,#542,#543,#544,#545,#546,
    #547,#548,#549,#550,#551,#552,#553,#554,#555,#556,#557,#558,#559,
    #560,#561,#562,#563,#564,#565,#566,#567,#568,#569,#570,#571,#572,
    #573,#574,#575,#576,#577,#578,#579,#580,#581,#582,#583,#584,#585,
    #586,#587,#588,#589,#590,#591,#592,#593,#594,#595,#596,#597,#598,
    #599,#600,#601,#602,#603,#604,#605,#606,#607,#608,#609,#610,#611,
    #612,#613,#614,#615,#616,#617,#618,#619,#620,#621,#622,#623,#624,
    #625,#626,#627,#628,#629,#630,#631,#632,#633,#634,#635,#636,#637,
    #638,#639,#640,#641,#642,#643,#644,#645,#646,#647,#648,#649,#650,
    #651,#652,#653,#654,#655,#656,#657,#658,#659,#660,#661,#662,#663,
    #664,#665,#666,#667,#668,#669,#670,#671,#672,#673,#674,#675,#676,
    #677,#678,#679,#680,#681,#682,#683,#684,#685,#686,#687,#688,#689,
    #690,#691,#692,#693,#694,#695,#696,#697,#698,#699,#700,#701),
  .UNSPECIFIED.,.F.,.F.,(4,1,1,1,1,1,1,1,1,1,1,1,1,1,1,1,1,1,1,1,1,1,1,1
    ,1,1,1,1,1,1,1,1,1,1,1,1,1,1,1,1,1,1,1,1,1,1,1,1,1,1,1,1,1,1,1,1,1,1
    ,1,1,1,1,1,1,1,1,1,1,1,1,1,1,1,1,1,1,1,1,1,1,1,1,1,1,1,1,1,1,1,1,1,1
    ,1,1,1,1,1,1,1,1,1,1,1,1,1,1,1,1,1,1,1,1,1,1,1,1,1,1,1,1,1,1,1,1,1,1
    ,1,1,1,1,1,1,1,1,1,1,1,1,1,1,1,1,1,1,1,1,1,1,1,1,1,1,1,1,1,1,1,1,1,1
    ,1,1,1,1,1,1,1,1,1,1,1,1,1,1,1,1,1,1,1,1,1,1,1,1,1,1,1,1,1,1,1,1,1,1
    ,1,1,1,1,1,1,1,1,1,1,1,1,1,1,1,1,1,1,1,1,1,1,1,1,1,1,1,1,1,1,1,1,1,1
    ,1,1,1,1,1,1,1,1,1,1,1,1,1,1,1,1,1,1,1,1,1,1,1,1,1,1,1,1,1,1,1,1,1,1
    ,1,1,1,1,1,1,1,1,1,1,1,1,1,1,1,1,1,1,1,1,1,1,1,1,1,1,1,1,1,1,1,1,1,1
    ,1,1,1,1,1,1,1,1,1,1,1,1,1,1,1,1,1,1,1,1,1,1,1,1,1,1,1,1,1,1,1,1,1,1
    ,1,1,1,1,1,1,1,1,1,1,1,1,1,1,1,1,1,1,1,1,1,1,1,1,1,1,1,1,1,1,1,1,1,1
    ,1,1,1,1,1,1,1,1,1,1,1,1,1,1,1,1,1,1,1,1,1,1,1,1,1,1,1,1,1,1,1,1,1,1
    ,1,1,1,1,1,1,1,1,1,1,1,1,1,1,1,1,1,1,1,1,4),(0.292539844969,
    0.293737746014,0.294935647059,0.296133548103,0.297331449148,
    0.298529350193,0.299727251238,0.300925152283,0.302123053328,
    0.303320954372,0.304518855417,0.305716756462,0.306914657507,
    0.308112558552,0.309310459597,0.310508360641,0.311706261686,
    0.312904162731,0.314102063776,0.315299964821,0.316497865866,
    0.31769576691,0.318893667955,0.320091569,0.321289470045,
    0.32248737109,0.323685272134,0.324883173179,0.326081074224,
    0.327278975269,0.328476876314,0.329674777359,0.330872678403,
    0.332070579448,0.333268480493,0.334466381538,0.335664282583,
    0.336862183628,0.338060084672,0.339257985717,0.340455886762,
    0.341653787807,0.342851688852,0.344049589896,0.345247490941,
    0.346445391986,0.347643293031,0.348841194076,0.350039095121,
    0.351236996165,0.35243489721,0.353632798255,0.3548306993,
    0.356028600345,0.35722650139,0.358424402434,0.359622303479,
    0.360820204524,0.362018105569,0.363216006614,0.364413907659,
    0.365611808703,0.366809709748,0.368007610793,0.369205511838,
    0.370403412883,0.371601313927,0.372799214972,0.373997116017,
    0.375195017062,0.376392918107,0.377590819152,0.378788720196,
    0.379986621241,0.381184522286,0.382382423331,0.383580324376,
    0.384778225421,0.385976126465,0.38717402751,0.388371928555,
    0.3895698296,0.390767730645,0.39196563169,0.393163532734,
    0.394361433779,0.395559334824,0.396757235869,0.397955136914,
    0.399153037958,0.400350939003,0.401548840048,0.402746741093,
    0.403944642138,0.405142543183,0.406340444227,0.407538345272,
    0.408736246317,0.409934147362,0.411132048407,0.412329949452,
    0.413527850496,0.414725751541,0.415923652586,0.417121553631,
    0.418319454676,0.41951735572,0.420715256765,0.42191315781,
    0.423111058855,0.4243089599,0.425506860945,0.426704761989,
    0.427902663034,0.429100564079,0.430298465124,0.431496366169,
    0.432694267214,0.433892168258,0.435090069303,0.436287970348,
    0.437485871393,0.438683772438,0.439881673483,0.441079574527,
    0.442277475572,0.443475376617,0.444673277662,0.445871178707,
    0.447069079751,0.448266980796,0.449464881841,0.450662782886,
    0.451860683931,0.453058584976,0.45425648602,0.455454387065,
    0.45665228811,0.457850189155,0.4590480902,0.460245991245,
    0.461443892289,0.462641793334,0.463839694379,0.465037595424,
    0.466235496469,0.467433397514,0.468631298558,0.469829199603,
    0.471027100648,0.472225001693,0.473422902738,0.474620803782,
    0.475818704827,0.477016605872,0.478214506917,0.479412407962,
    0.480610309007,0.481808210051,0.483006111096,0.484204012141,
    0.485401913186,0.486599814231,0.487797715276,0.48899561632,
    0.490193517365,0.49139141841,0.492589319455,0.4937872205,
    0.494985121544,0.496183022589,0.497380923634,0.498578824679,
    0.499776725724,0.500974626769,0.502172527813,0.503370428858,
    0.504568329903,0.505766230948,0.506964131993,0.508162033038,
    0.509359934082,0.510557835127,0.511755736172,0.512953637217,
    0.514151538262,0.515349439307,0.516547340351,0.517745241396,
    0.518943142441,0.520141043486,0.521338944531,0.522536845575,
    0.52373474662,0.524932647665,0.52613054871,0.527328449755,
    0.5285263508,0.529724251844,0.530922152889,0.532120053934,
    0.533317954979,0.534515856024,0.535713757069,0.536911658113,
    0.538109559158,0.539307460203,0.540505361248,0.541703262293,
    0.542901163338,0.544099064382,0.545296965427,0.546494866472,
    0.547692767517,0.548890668562,0.550088569606,0.551286470651,
    0.552484371696,0.553682272741,0.554880173786,0.556078074831,
    0.557275975875,0.55847387692,0.559671777965,0.56086967901,
    0.562067580055,0.5632654811,0.564463382144,0.565661283189,
    0.566859184234,0.568057085279,0.569254986324,0.570452887368,
    0.571650788413,0.572848689458,0.574046590503,0.575244491548,
    0.576442392593,0.577640293637,0.578838194682,0.580036095727,
    0.581233996772,0.582431897817,0.583629798862,0.584827699906,
    0.586025600951,0.587223501996,0.588421403041,0.589619304086,
    0.590817205131,0.592015106175,0.59321300722,0.594410908265,
    0.59560880931,0.596806710355,0.598004611399,0.599202512444,
    0.600400413489,0.601598314534,0.602796215579,0.603994116624,
    0.605192017668,0.606389918713,0.607587819758,0.608785720803,
    0.609983621848,0.611181522893,0.612379423937,0.613577324982,
    0.614775226027,0.615973127072,0.617171028117,0.618368929161,
    0.619566830206,0.620764731251,0.621962632296,0.623160533341,
    0.624358434386,0.62555633543,0.626754236475,0.62795213752,
    0.629150038565,0.63034793961,0.631545840655,0.632743741699,
    0.633941642744,0.635139543789,0.636337444834,0.637535345879,
    0.638733246924,0.639931147968,0.641129049013,0.642326950058,
    0.643524851103,0.644722752148,0.645920653192,0.647118554237,
    0.648316455282,0.649514356327,0.650712257372,0.651910158417,
    0.653108059461,0.654305960506,0.655503861551,0.656701762596,
    0.657899663641,0.659097564686,0.66029546573,0.661493366775,
    0.66269126782,0.663889168865,0.66508706991,0.666284970955,
    0.667482871999,0.668680773044,0.669878674089,0.671076575134,
    0.672274476179,0.673472377223,0.674670278268,0.675868179313,
    0.677066080358,0.678263981403,0.679461882448,0.680659783492,
    0.681857684537,0.683055585582,0.684253486627,0.685451387672,
    0.686649288717,0.687847189761,0.689045090806,0.690242991851,
    0.691440892896,0.692638793941,0.693836694985,0.69503459603,
    0.696232497075,0.69743039812,0.698628299165,0.69982620021,
    0.701024101254,0.702222002299,0.703419903344,0.704617804389,
    0.705815705434,0.707013606479,0.708211507523,0.709409408568,
    0.710607309613,0.711805210658,0.713003111703,0.714201012748,
    0.715398913792,0.716596814837,0.717794715882,0.718992616927,
    0.720190517972,0.721388419016,0.722586320061,0.723784221106,
    0.724982122151,0.726180023196,0.727377924241,0.728575825285,
    0.72977372633,0.730971627375,0.73216952842,0.733367429465,
    0.73456533051,0.735763231554,0.736961132599,0.738159033644,
    0.739356934689,0.740554835734,0.741752736779,0.742950637823,
    0.744148538868,0.745346439913,0.746544340958,0.747742242003,
    0.748940143047,0.750138044092,0.751335945137,0.752533846182,
    0.753731747227,0.754929648272,0.756127549316,0.757325450361,
    0.758523351406,0.759721252451,0.760919153496,0.762117054541,
    0.763314955585,0.76451285663,0.765710757675,0.76690865872,
    0.768106559765,0.769304460809,0.770502361854,0.771700262899,
    0.772898163944,0.774096064989,0.775293966034,0.776491867078,
    0.777689768123,0.778887669168,0.780085570213,0.781283471258,
    0.782481372303,0.783679273347,0.784877174392,0.786075075437,
    0.787272976482,0.788470877527,0.789668778572,0.790866679616,
    0.792064580661,0.793262481706),.UNSPECIFIED.);
#281 = CARTESIAN_POINT('',(3.14159265359,2.131743390049));
#282 = CARTESIAN_POINT('',(3.13848779421,2.131740228406));
#283 = CARTESIAN_POINT('',(3.132278211627,2.131932131984));
#284 = CARTESIAN_POINT('',(3.122964247873,2.132814645257));
#285 = CARTESIAN_POINT('',(3.113650696016,2.134291791964));
#286 = CARTESIAN_POINT('',(3.104337557201,2.136363553893));
#287 = CARTESIAN_POINT('',(3.095024832249,2.139029916919));
#288 = CARTESIAN_POINT('',(3.085712521485,2.142290871751));
#289 = CARTESIAN_POINT('',(3.076400625371,2.146146413204));
#290 = CARTESIAN_POINT('',(3.0670891424,2.15059654243));
#291 = CARTESIAN_POINT('',(3.057778077135,2.155641258824));
#292 = CARTESIAN_POINT('',(3.048467410414,2.161280590226));
#293 = CARTESIAN_POINT('',(3.039157210745,2.167514480296));
#294 = CARTESIAN_POINT('',(3.02984721879,2.17434320888));
#295 = CARTESIAN_POINT('',(3.020538398265,2.181765823241));
#296 = CARTESIAN_POINT('',(3.011227148137,2.189785992839));
#297 = CARTESIAN_POINT('',(3.001926910494,2.198389964743));
#298 = CARTESIAN_POINT('',(2.992587527908,2.207628886395));
#299 = CARTESIAN_POINT('',(2.983396188909,2.217311914816));
#300 = CARTESIAN_POINT('',(2.974940290527,2.226740927386));
#301 = CARTESIAN_POINT('',(2.96626052165,2.236913984372));
#302 = CARTESIAN_POINT('',(2.957637556746,2.247542552359));
#303 = CARTESIAN_POINT('',(2.948996184707,2.258703952539));
#304 = CARTESIAN_POINT('',(2.940356563882,2.270377456552));
#305 = CARTESIAN_POINT('',(2.931713296372,2.28256861161));
#306 = CARTESIAN_POINT('',(2.923067830919,2.295275927394));
#307 = CARTESIAN_POINT('',(2.914419774175,2.308499809825));
#308 = CARTESIAN_POINT('',(2.905769242945,2.322240139729));
#309 = CARTESIAN_POINT('',(2.897116144169,2.336497025063));
#310 = CARTESIAN_POINT('',(2.88846038543,2.351270577205));
#311 = CARTESIAN_POINT('',(2.879802032265,2.366560723382));
#312 = CARTESIAN_POINT('',(2.871141106003,2.382367440454));
#313 = CARTESIAN_POINT('',(2.862477636037,2.398690694658));
#314 = CARTESIAN_POINT('',(2.853811645833,2.41553045794));
#315 = CARTESIAN_POINT('',(2.845143156704,2.432886703773));
#316 = CARTESIAN_POINT('',(2.836472186817,2.45075940846));
#317 = CARTESIAN_POINT('',(2.827798751492,2.469148550982));
#318 = CARTESIAN_POINT('',(2.819122863152,2.488054113223));
#319 = CARTESIAN_POINT('',(2.81044453137,2.507476080105));
#320 = CARTESIAN_POINT('',(2.801763762892,2.527414439738));
#321 = CARTESIAN_POINT('',(2.793080561676,2.547869183575));
#322 = CARTESIAN_POINT('',(2.784394928922,2.568840306558));
#323 = CARTESIAN_POINT('',(2.775706863112,2.590327807273));
#324 = CARTESIAN_POINT('',(2.767016360051,2.612331688096));
#325 = CARTESIAN_POINT('',(2.758323412907,2.634851955346));
#326 = CARTESIAN_POINT('',(2.74962801226,2.657888619436));
#327 = CARTESIAN_POINT('',(2.740930146144,2.68144169502));
#328 = CARTESIAN_POINT('',(2.732229800102,2.705511201149));
#329 = CARTESIAN_POINT('',(2.723526957241,2.730097161404));
#330 = CARTESIAN_POINT('',(2.714821598262,2.755199604097));
#331 = CARTESIAN_POINT('',(2.706113701608,2.780818562228));
#332 = CARTESIAN_POINT('',(2.697403243189,2.806954074362));
#333 = CARTESIAN_POINT('',(2.688690197695,2.833606182032));
#334 = CARTESIAN_POINT('',(2.679974533983,2.860774940149));
#335 = CARTESIAN_POINT('',(2.671256232597,2.888460378841));
#336 = CARTESIAN_POINT('',(2.662535403246,2.916662303696));
#337 = CARTESIAN_POINT('',(2.653812046531,2.945380735621));
#338 = CARTESIAN_POINT('',(2.645086183013,2.974615649959));
#339 = CARTESIAN_POINT('',(2.63635782312,3.004367037993));
#340 = CARTESIAN_POINT('',(2.627626975454,3.03463488984));
#341 = CARTESIAN_POINT('',(2.618893643846,3.065419202584));
#342 = CARTESIAN_POINT('',(2.610157831063,3.096719966054));
#343 = CARTESIAN_POINT('',(2.601419527163,3.128537212794));
#344 = CARTESIAN_POINT('',(2.59267875263,3.160870833623));
#345 = CARTESIAN_POINT('',(2.583935397762,3.193721266637));
#346 = CARTESIAN_POINT('',(2.575189822296,3.227086926849));
#347 = CARTESIAN_POINT('',(2.566440617817,3.260973799849));
#348 = CARTESIAN_POINT('',(2.557692958859,3.29535963874));
#349 = CARTESIAN_POINT('',(2.548927511741,3.330327499701));
#350 = CARTESIAN_POINT('',(2.540216606973,3.3655672221));
#351 = CARTESIAN_POINT('',(2.531290279465,3.40223636852));
#352 = CARTESIAN_POINT('',(2.5251298172,3.427859636088));
#353 = CARTESIAN_POINT('',(2.518207143221,3.456926315572));
#354 = CARTESIAN_POINT('',(2.51146759596,3.485554020894));
#355 = CARTESIAN_POINT('',(2.504657857512,3.514783052643));
#356 = CARTESIAN_POINT('',(2.497845815751,3.544334649871));
#357 = CARTESIAN_POINT('',(2.491013290829,3.5742834935));
#358 = CARTESIAN_POINT('',(2.484165158882,3.60460956664));
#359 = CARTESIAN_POINT('',(2.477300111253,3.635318234684));
#360 = CARTESIAN_POINT('',(2.470418494289,3.666408066052));
#361 = CARTESIAN_POINT('',(2.463520191298,3.697879470562));
#362 = CARTESIAN_POINT('',(2.456604918344,3.729732638141));
#363 = CARTESIAN_POINT('',(2.449672804944,3.761967477744));
#364 = CARTESIAN_POINT('',(2.442723897979,3.794583944106));
#365 = CARTESIAN_POINT('',(2.43575825872,3.827581983607));
#366 = CARTESIAN_POINT('',(2.42877593687,3.860961549111));
#367 = CARTESIAN_POINT('',(2.421776977565,3.894722596341));
#368 = CARTESIAN_POINT('',(2.414761419554,3.928865085192));
#369 = CARTESIAN_POINT('',(2.407729295743,3.963388979733));
#370 = CARTESIAN_POINT('',(2.400680633114,3.998294248558));
#371 = CARTESIAN_POINT('',(2.39361545281,4.033580865048));
#372 = CARTESIAN_POINT('',(2.386533770189,4.069248807664));
#373 = CARTESIAN_POINT('',(2.379435594886,4.105298060224));
#374 = CARTESIAN_POINT('',(2.37232093088,4.141728612198));
#375 = CARTESIAN_POINT('',(2.36518977656,4.178540458992));
#376 = CARTESIAN_POINT('',(2.358042124805,4.215733602243));
#377 = CARTESIAN_POINT('',(2.350877963059,4.253308050112));
#378 = CARTESIAN_POINT('',(2.343697273411,4.291263817574));
#379 = CARTESIAN_POINT('',(2.336500032684,4.329600926723));
#380 = CARTESIAN_POINT('',(2.329286212527,4.368319407055));
#381 = CARTESIAN_POINT('',(2.322055779489,4.407419295803));
#382 = CARTESIAN_POINT('',(2.314808695197,4.446900638122));
#383 = CARTESIAN_POINT('',(2.307544916163,4.486763487801));
#384 = CARTESIAN_POINT('',(2.300264394975,4.527007906048));
#385 = CARTESIAN_POINT('',(2.292967076369,4.567633967455));
#386 = CARTESIAN_POINT('',(2.285652912408,4.608641739171));
#387 = CARTESIAN_POINT('',(2.278321806381,4.650031360077));
#388 = CARTESIAN_POINT('',(2.270973991027,4.691802501214));
#389 = CARTESIAN_POINT('',(2.263609490846,4.733955152612));
#390 = CARTESIAN_POINT('',(2.256228339619,4.776489281089));
#391 = CARTESIAN_POINT('',(2.248830559713,4.81940486691));
#392 = CARTESIAN_POINT('',(2.241416168438,4.862701889865));
#393 = CARTESIAN_POINT('',(2.233985173743,4.906380350429));
#394 = CARTESIAN_POINT('',(2.226537585529,4.950440201163));
#395 = CARTESIAN_POINT('',(2.219073375169,4.994881602102));
#396 = CARTESIAN_POINT('',(2.211592626628,5.039703969964));
#397 = CARTESIAN_POINT('',(2.204094972994,5.084909528095));
#398 = CARTESIAN_POINT('',(2.196581699803,5.130490059677));
#399 = CARTESIAN_POINT('',(2.189047895789,5.176476347144));
#400 = CARTESIAN_POINT('',(2.181511747189,5.22275366353));
#401 = CARTESIAN_POINT('',(2.173905263959,5.269750311592));
#402 = CARTESIAN_POINT('',(2.166482499879,5.31586751616));
#403 = CARTESIAN_POINT('',(2.158295331123,5.36707197012));
#404 = CARTESIAN_POINT('',(2.153472181663,5.397396461065));
#405 = CARTESIAN_POINT('',(2.147843811607,5.432892070182));
#406 = CARTESIAN_POINT('',(2.142326544767,5.467837539623));
#407 = CARTESIAN_POINT('',(2.136674819887,5.503766088088));
#408 = CARTESIAN_POINT('',(2.130954447441,5.540266816267));
#409 = CARTESIAN_POINT('',(2.125147815125,5.577449685273));
#410 = CARTESIAN_POINT('',(2.1192596524,5.61528516057));
#411 = CARTESIAN_POINT('',(2.113288693781,5.653781146687));
#412 = CARTESIAN_POINT('',(2.10723526211,5.692935609704));
#413 = CARTESIAN_POINT('',(2.101099273371,5.732749157707));
#414 = CARTESIAN_POINT('',(2.094880567776,5.773222336027));
#415 = CARTESIAN_POINT('',(2.08857923348,5.814354810007));
#416 = CARTESIAN_POINT('',(2.082195336146,5.85614631675));
#417 = CARTESIAN_POINT('',(2.075728928581,5.898596640924));
#418 = CARTESIAN_POINT('',(2.069180047173,5.941705630454));
#419 = CARTESIAN_POINT('',(2.062548717419,5.985473164402));
#420 = CARTESIAN_POINT('',(2.055834936518,6.029899272454));
#421 = CARTESIAN_POINT('',(2.049038738874,6.074983696023));
#422 = CARTESIAN_POINT('',(2.042159953104,6.120727531519));
#423 = CARTESIAN_POINT('',(2.035199110408,6.167127103553));
#424 = CARTESIAN_POINT('',(2.028154056197,6.214196836471));
#425 = CARTESIAN_POINT('',(2.021032597602,6.26188390283));
#426 = CARTESIAN_POINT('',(2.01380530446,6.310386766004));
#427 = CARTESIAN_POINT('',(2.006581715862,6.358966117555));
#428 = CARTESIAN_POINT('',(1.998953609379,6.410378526394));
#429 = CARTESIAN_POINT('',(1.992444642967,6.454335735545));
#430 = CARTESIAN_POINT('',(1.981376669975,6.529178851026));
#431 = CARTESIAN_POINT('',(1.971882995872,6.593344950987));
#432 = CARTESIAN_POINT('',(1.962820945887,6.654581808204));
#433 = CARTESIAN_POINT('',(1.95449737177,6.710815829862));
#434 = CARTESIAN_POINT('',(1.946831136774,6.762605641861));
#435 = CARTESIAN_POINT('',(1.939841893222,6.80979692074));
#436 = CARTESIAN_POINT('',(1.933524181542,6.852421565338));
#437 = CARTESIAN_POINT('',(1.927876061833,6.890492382866));
#438 = CARTESIAN_POINT('',(1.92291085321,6.923926412749));
#439 = CARTESIAN_POINT('',(1.918581507997,6.953057002659));
#440 = CARTESIAN_POINT('',(1.915070882553,6.976660943351));
#441 = CARTESIAN_POINT('',(1.911692863374,6.99929265327));
#442 = CARTESIAN_POINT('',(1.911004056591,7.003938959461));
#443 = CARTESIAN_POINT('',(1.903464554183,7.054099895332));
#444 = CARTESIAN_POINT('',(1.896718499834,7.098737580305));
#445 = CARTESIAN_POINT('',(1.889900560156,7.14364612596));
#446 = CARTESIAN_POINT('',(1.883242766715,7.187273181368));
#447 = CARTESIAN_POINT('',(1.876682953863,7.23003456127));
#448 = CARTESIAN_POINT('',(1.870237581752,7.271819204386));
#449 = CARTESIAN_POINT('',(1.863902448797,7.31265510918));
#450 = CARTESIAN_POINT('',(1.857677635341,7.352541126606));
#451 = CARTESIAN_POINT('',(1.851567019881,7.391453854468));
#452 = CARTESIAN_POINT('',(1.845555266966,7.429488263605));
#453 = CARTESIAN_POINT('',(1.839700341975,7.466288285333));
#454 = CARTESIAN_POINT('',(1.833785681531,7.503183205683));
#455 = CARTESIAN_POINT('',(1.82861922403,7.535211632089));
#456 = CARTESIAN_POINT('',(1.82118579264,7.580889863183));
#457 = CARTESIAN_POINT('',(1.813973237945,7.624668965384));
#458 = CARTESIAN_POINT('',(1.806854347001,7.66738493929));
#459 = CARTESIAN_POINT('',(1.799863412664,7.708813974964));
#460 = CARTESIAN_POINT('',(1.792991273425,7.749015939855));
#461 = CARTESIAN_POINT('',(1.786240148563,7.787975052177));
#462 = CARTESIAN_POINT('',(1.779609636322,7.825694042543));
#463 = CARTESIAN_POINT('',(1.773098763827,7.86217749523));
#464 = CARTESIAN_POINT('',(1.766711801003,7.89740432734));
#465 = CARTESIAN_POINT('',(1.760432950677,7.931454525776));
#466 = CARTESIAN_POINT('',(1.754321762382,7.964029710697));
#467 = CARTESIAN_POINT('',(1.748155869419,7.996243457531));
#468 = CARTESIAN_POINT('',(1.742764710178,8.023939439818));
#469 = CARTESIAN_POINT('',(1.735052895868,8.062629386051));
#470 = CARTESIAN_POINT('',(1.727363542178,8.09990281362));
#471 = CARTESIAN_POINT('',(1.719803384061,8.135352132074));
#472 = CARTESIAN_POINT('',(1.712344044063,8.169086641264));
#473 = CARTESIAN_POINT('',(1.704993174726,8.201077020306));
#474 = CARTESIAN_POINT('',(1.697748489806,8.231331213797));
#475 = CARTESIAN_POINT('',(1.690610702864,8.259846523045));
#476 = CARTESIAN_POINT('',(1.683578819455,8.286625673349));
#477 = CARTESIAN_POINT('',(1.676656054419,8.311660453934));
#478 = CARTESIAN_POINT('',(1.669830865715,8.334981083734));
#479 = CARTESIAN_POINT('',(1.663146895176,8.356475101597));
#480 = CARTESIAN_POINT('',(1.656441251716,8.376562185647));
#481 = CARTESIAN_POINT('',(1.650321285289,8.393675884065));
#482 = CARTESIAN_POINT('',(1.642520463105,8.413662314445));
#483 = CARTESIAN_POINT('',(1.634526503157,8.432095891654));
#484 = CARTESIAN_POINT('',(1.626632423243,8.448326558377));
#485 = CARTESIAN_POINT('',(1.618758951114,8.462530616112));
#486 = CARTESIAN_POINT('',(1.61092734958,8.474660781485));
#487 = CARTESIAN_POINT('',(1.603131853911,8.484729846581));
#488 = CARTESIAN_POINT('',(1.59537393103,8.492734430044));
#489 = CARTESIAN_POINT('',(1.587653292111,8.498675561076));
#490 = CARTESIAN_POINT('',(1.57996959758,8.502552558802));
#491 = CARTESIAN_POINT('',(1.572324620365,8.504366926852));
#492 = CARTESIAN_POINT('',(1.564711883934,8.504112891978));
#493 = CARTESIAN_POINT('',(1.557155617081,8.501811890078));
#494 = CARTESIAN_POINT('',(1.549565128338,8.497384343641));
#495 = CARTESIAN_POINT('',(1.542278934741,8.49112715618));
#496 = CARTESIAN_POINT('',(1.535492708507,8.483360487012));
#497 = CARTESIAN_POINT('',(1.528287755873,8.473327411832));
#498 = CARTESIAN_POINT('',(1.52108503657,8.461367325696));
#499 = CARTESIAN_POINT('',(1.513771629239,8.447389218183));
#500 = CARTESIAN_POINT('',(1.506378008796,8.431417719873));
#501 = CARTESIAN_POINT('',(1.498895906554,8.413445413816));
#502 = CARTESIAN_POINT('',(1.491328361359,8.393477386833));
#503 = CARTESIAN_POINT('',(1.483671585785,8.371500712063));
#504 = CARTESIAN_POINT('',(1.475937445565,8.34756197488));
#505 = CARTESIAN_POINT('',(1.468081670746,8.32148769488));
#506 = CARTESIAN_POINT('',(1.460269166294,8.293925168225));
#507 = CARTESIAN_POINT('',(1.451885174685,8.262458775802));
#508 = CARTESIAN_POINT('',(1.445223893929,8.236103717302));
#509 = CARTESIAN_POINT('',(1.43908574606,8.210882212047));
#510 = CARTESIAN_POINT('',(1.432671931392,8.183531748675));
#511 = CARTESIAN_POINT('',(1.42619633589,8.154926597799));
#512 = CARTESIAN_POINT('',(1.41960153693,8.124832466115));
#513 = CARTESIAN_POINT('',(1.412903126859,8.093312365842));
#514 = CARTESIAN_POINT('',(1.406096837853,8.060348246809));
#515 = CARTESIAN_POINT('',(1.399184585986,8.025949102713));
#516 = CARTESIAN_POINT('',(1.392163087366,7.990096954808));
#517 = CARTESIAN_POINT('',(1.385043345278,7.952854816323));
#518 = CARTESIAN_POINT('',(1.377784081073,7.913988857405));
#519 = CARTESIAN_POINT('',(1.370539036398,7.874371539491));
#520 = CARTESIAN_POINT('',(1.3627350963,7.830746610065));
#521 = CARTESIAN_POINT('',(1.356511077036,7.795266591722));
#522 = CARTESIAN_POINT('',(1.350991730901,7.763415363536));
#523 = CARTESIAN_POINT('',(1.345106755511,7.729035141748));
#524 = CARTESIAN_POINT('',(1.339142978952,7.693775879735));
#525 = CARTESIAN_POINT('',(1.333023348813,7.657195586892));
#526 = CARTESIAN_POINT('',(1.326768678136,7.619412895486));
#527 = CARTESIAN_POINT('',(1.32037333023,7.580394652669));
#528 = CARTESIAN_POINT('',(1.313839574365,7.540154256327));
#529 = CARTESIAN_POINT('',(1.307164133142,7.498671091537));
#530 = CARTESIAN_POINT('',(1.300357632628,7.456014452876));
#531 = CARTESIAN_POINT('',(1.293380249776,7.411928423938));
#532 = CARTESIAN_POINT('',(1.286380225588,7.367367835754));
#533 = CARTESIAN_POINT('',(1.278805013538,7.318768641252));
#534 = CARTESIAN_POINT('',(1.272716545784,7.279432203651));
#535 = CARTESIAN_POINT('',(1.2675861406,7.246145221688));
#536 = CARTESIAN_POINT('',(1.261984569487,7.209652834723));
#537 = CARTESIAN_POINT('',(1.256294801424,7.172434890388));
#538 = CARTESIAN_POINT('',(1.250413983623,7.133827230239));
#539 = CARTESIAN_POINT('',(1.244369831413,7.09400775379));
#540 = CARTESIAN_POINT('',(1.238154998594,7.052927997699));
#541 = CARTESIAN_POINT('',(1.231771827331,7.010602906931));
#542 = CARTESIAN_POINT('',(1.225218519527,6.967020833062));
#543 = CARTESIAN_POINT('',(1.218499695826,6.922213772445));
#544 = CARTESIAN_POINT('',(1.211597982868,6.876066419509));
#545 = CARTESIAN_POINT('',(1.204577660514,6.829008881783));
#546 = CARTESIAN_POINT('',(1.197199701744,6.779434968533));
#547 = CARTESIAN_POINT('',(1.190355937996,6.733339317514));
#548 = CARTESIAN_POINT('',(1.184207383615,6.691925330979));
#549 = CARTESIAN_POINT('',(1.177872547929,6.649244452359));
#550 = CARTESIAN_POINT('',(1.171587626836,6.606890576693));
#551 = CARTESIAN_POINT('',(1.165289339661,6.564436651471));
#552 = CARTESIAN_POINT('',(1.158994618902,6.521996976738));
#553 = CARTESIAN_POINT('',(1.152698999682,6.479541441355));
#554 = CARTESIAN_POINT('',(1.146403397598,6.437076217662));
#555 = CARTESIAN_POINT('',(1.140108611389,6.394606737398));
#556 = CARTESIAN_POINT('',(1.13381053422,6.352105093035));
#557 = CARTESIAN_POINT('',(1.127524805666,6.309677456203));
#558 = CARTESIAN_POINT('',(1.121192989501,6.266927009342));
#559 = CARTESIAN_POINT('',(1.115033183353,6.225334869471));
#560 = CARTESIAN_POINT('',(1.108231419445,6.179373420562));
#561 = CARTESIAN_POINT('',(1.100638659375,6.128280017956));
#562 = CARTESIAN_POINT('',(1.093290726356,6.079033542301));
#563 = CARTESIAN_POINT('',(1.085910088343,6.029764029746));
#564 = CARTESIAN_POINT('',(1.07857113022,5.980972560118));
#565 = CARTESIAN_POINT('',(1.071253898976,5.932524840537));
#566 = CARTESIAN_POINT('',(1.063963721513,5.884456830062));
#567 = CARTESIAN_POINT('',(1.056699161506,5.836758882903));
#568 = CARTESIAN_POINT('',(1.049460607084,5.789433589069));
#569 = CARTESIAN_POINT('',(1.04224796404,5.74248026558));
#570 = CARTESIAN_POINT('',(1.035061296033,5.695899147969));
#571 = CARTESIAN_POINT('',(1.027900965307,5.64969078559));
#572 = CARTESIAN_POINT('',(1.020766815084,5.603854916255));
#573 = CARTESIAN_POINT('',(1.013658792473,5.55839144367));
#574 = CARTESIAN_POINT('',(1.006576824122,5.513300245511));
#575 = CARTESIAN_POINT('',(0.999520849748,5.468581224298));
#576 = CARTESIAN_POINT('',(0.992490813348,5.424234293224));
#577 = CARTESIAN_POINT('',(0.985486665745,5.380259379406));
#578 = CARTESIAN_POINT('',(0.978508364094,5.336656422485));
#579 = CARTESIAN_POINT('',(0.971555872189,5.293425374463));
#580 = CARTESIAN_POINT('',(0.96462916055,5.250566199222));
#581 = CARTESIAN_POINT('',(0.957728206559,5.208078872129));
#582 = CARTESIAN_POINT('',(0.950852994582,5.165963379626));
#583 = CARTESIAN_POINT('',(0.944003516084,5.124219718825));
#584 = CARTESIAN_POINT('',(0.937179769734,5.08284789711));
#585 = CARTESIAN_POINT('',(0.930381761515,5.041847931739));
#586 = CARTESIAN_POINT('',(0.923609504814,5.001219849458));
#587 = CARTESIAN_POINT('',(0.916863020525,4.960963686108));
#588 = CARTESIAN_POINT('',(0.910142337126,4.92107948625));
#589 = CARTESIAN_POINT('',(0.903447490761,4.881567302778));
#590 = CARTESIAN_POINT('',(0.896778525345,4.842427196579));
#591 = CARTESIAN_POINT('',(0.890135492514,4.803659236035));
#592 = CARTESIAN_POINT('',(0.883518452136,4.765263497167));
#593 = CARTESIAN_POINT('',(0.876927470713,4.727240061376));
#594 = CARTESIAN_POINT('',(0.870362627622,4.689589022201));
#595 = CARTESIAN_POINT('',(0.86382399207,4.652310458422));
#596 = CARTESIAN_POINT('',(0.857311709329,4.61540453283));
#597 = CARTESIAN_POINT('',(0.850825403336,4.578870813424));
#598 = CARTESIAN_POINT('',(0.844365070887,4.542709272789));
#599 = CARTESIAN_POINT('',(0.837930680206,4.506919860083));
#600 = CARTESIAN_POINT('',(0.831522213665,4.471502543691));
#601 = CARTESIAN_POINT('',(0.82513965682,4.436457301255));
#602 = CARTESIAN_POINT('',(0.818783000132,4.401784115057));
#603 = CARTESIAN_POINT('',(0.812452243619,4.367482998643));
#604 = CARTESIAN_POINT('',(0.806147377043,4.333553893156));
#605 = CARTESIAN_POINT('',(0.799868455019,4.299997053591));
#606 = CARTESIAN_POINT('',(0.793615316867,4.266811605689));
#607 = CARTESIAN_POINT('',(0.787388632558,4.23400093037));
#608 = CARTESIAN_POINT('',(0.781185999485,4.201552567384));
#609 = CARTESIAN_POINT('',(0.775016509837,4.169513214587));
#610 = CARTESIAN_POINT('',(0.76884633566,4.137708748966));
#611 = CARTESIAN_POINT('',(0.762801450251,4.106788569593));
#612 = CARTESIAN_POINT('',(0.756411719801,4.074329095314));
#613 = CARTESIAN_POINT('',(0.747651082854,4.030261032787));
#614 = CARTESIAN_POINT('',(0.739533101525,3.989878202633));
#615 = CARTESIAN_POINT('',(0.731250300028,3.949082643314));
#616 = CARTESIAN_POINT('',(0.723019054554,3.908972410846));
#617 = CARTESIAN_POINT('',(0.714781379748,3.869253275276));
#618 = CARTESIAN_POINT('',(0.706552800797,3.830004065678));
#619 = CARTESIAN_POINT('',(0.698329152307,3.791203656114));
#620 = CARTESIAN_POINT('',(0.690111547877,3.752857705019));
#621 = CARTESIAN_POINT('',(0.681899703277,3.714964710167));
#622 = CARTESIAN_POINT('',(0.673693674495,3.677525047879));
#623 = CARTESIAN_POINT('',(0.665493664504,3.64053884981));
#624 = CARTESIAN_POINT('',(0.657299628171,3.604006082883));
#625 = CARTESIAN_POINT('',(0.64911152337,3.567926691336));
#626 = CARTESIAN_POINT('',(0.640929311372,3.532300633002));
#627 = CARTESIAN_POINT('',(0.632752956844,3.497127869313));
#628 = CARTESIAN_POINT('',(0.624582427943,3.462408367706));
#629 = CARTESIAN_POINT('',(0.616417696388,3.428142100696));
#630 = CARTESIAN_POINT('',(0.608258737527,3.394329045855));
#631 = CARTESIAN_POINT('',(0.600105530408,3.360969185535));
#632 = CARTESIAN_POINT('',(0.591958057839,3.328062506667));
#633 = CARTESIAN_POINT('',(0.583816306453,3.295609000538));
#634 = CARTESIAN_POINT('',(0.575680266763,3.263608662574));
#635 = CARTESIAN_POINT('',(0.567549933216,3.232061492123));
#636 = CARTESIAN_POINT('',(0.559425304247,3.200967492232));
#637 = CARTESIAN_POINT('',(0.551306382326,3.170326669434));
#638 = CARTESIAN_POINT('',(0.543193174003,3.140139033529));
#639 = CARTESIAN_POINT('',(0.535085689948,3.110404597365));
#640 = CARTESIAN_POINT('',(0.526983944994,3.081123376625));
#641 = CARTESIAN_POINT('',(0.518887958163,3.052295389605));
#642 = CARTESIAN_POINT('',(0.510797752727,3.023920657017));
#643 = CARTESIAN_POINT('',(0.502713356131,2.995999201705));
#644 = CARTESIAN_POINT('',(0.494634800408,2.968531048681));
#645 = CARTESIAN_POINT('',(0.486562120749,2.941516223989));
#646 = CARTESIAN_POINT('',(0.478495360945,2.914954757941));
#647 = CARTESIAN_POINT('',(0.470434553146,2.888846672013));
#648 = CARTESIAN_POINT('',(0.462379793497,2.863192026776));
#649 = CARTESIAN_POINT('',(0.454330923617,2.837990719236));
#650 = CARTESIAN_POINT('',(0.446287885848,2.813242700992));
#651 = CARTESIAN_POINT('',(0.438250675488,2.788947960798));
#652 = CARTESIAN_POINT('',(0.430219277562,2.765106483042));
#653 = CARTESIAN_POINT('',(0.422193683583,2.741718258119));
#654 = CARTESIAN_POINT('',(0.414173888033,2.718783281407));
#655 = CARTESIAN_POINT('',(0.40615988599,2.696301545931));
#656 = CARTESIAN_POINT('',(0.39815168641,2.674273071686));
#657 = CARTESIAN_POINT('',(0.390149261632,2.652697794627));
#658 = CARTESIAN_POINT('',(0.382152736338,2.631575980335));
#659 = CARTESIAN_POINT('',(0.374161682432,2.610906679319));
#660 = CARTESIAN_POINT('',(0.366177750768,2.590693491085));
#661 = CARTESIAN_POINT('',(0.358194849581,2.570923051512));
#662 = CARTESIAN_POINT('',(0.350235794154,2.551645313215));
#663 = CARTESIAN_POINT('',(0.342215318075,2.532673727418));
#664 = CARTESIAN_POINT('',(0.334451589675,2.514704453704));
#665 = CARTESIAN_POINT('',(0.324747978118,2.492833724608));
#666 = CARTESIAN_POINT('',(0.315546027986,2.472711413721));
#667 = CARTESIAN_POINT('',(0.306211650643,2.452869806203));
#668 = CARTESIAN_POINT('',(0.296914757074,2.433702188884));
#669 = CARTESIAN_POINT('',(0.287609819134,2.415103178696));
#670 = CARTESIAN_POINT('',(0.278309029092,2.397100999591));
#671 = CARTESIAN_POINT('',(0.269009116033,2.379688081745));
#672 = CARTESIAN_POINT('',(0.259710955233,2.362866451388));
#673 = CARTESIAN_POINT('',(0.250414315186,2.346635572584));
#674 = CARTESIAN_POINT('',(0.241119260398,2.330995589385));
#675 = CARTESIAN_POINT('',(0.231825794218,2.315946516909));
#676 = CARTESIAN_POINT('',(0.222533915943,2.301488353524));
#677 = CARTESIAN_POINT('',(0.213243614197,2.287621068259));
#678 = CARTESIAN_POINT('',(0.20395488253,2.274344644541));
#679 = CARTESIAN_POINT('',(0.194667715359,2.261659068348));
#680 = CARTESIAN_POINT('',(0.185382108927,2.249564331207));
#681 = CARTESIAN_POINT('',(0.176098061834,2.23806042939));
#682 = CARTESIAN_POINT('',(0.166815572246,2.227147363474));
#683 = CARTESIAN_POINT('',(0.157534648822,2.216825140245));
#684 = CARTESIAN_POINT('',(0.148255270058,2.207093764847));
#685 = CARTESIAN_POINT('',(0.138977536255,2.197953269628));
#686 = CARTESIAN_POINT('',(0.129701102542,2.18940360593));
#687 = CARTESIAN_POINT('',(0.120427295063,2.181445047413));
#688 = CARTESIAN_POINT('',(0.111151136131,2.174076669397));
#689 = CARTESIAN_POINT('',(0.101870842539,2.167298364283));
#690 = CARTESIAN_POINT('',(9.258879626999E-02,2.16111072649));
#691 = CARTESIAN_POINT('',(8.330627652966E-02,2.155514053154));
#692 = CARTESIAN_POINT('',(7.402486932798E-02,2.150508611446));
#693 = CARTESIAN_POINT('',(6.474608780308E-02,2.146094566602));
#694 = CARTESIAN_POINT('',(5.547147195986E-02,2.142272000945));
#695 = CARTESIAN_POINT('',(4.620255994447E-02,2.139040908689));
#696 = CARTESIAN_POINT('',(3.694089372396E-02,2.136401197085));
#697 = CARTESIAN_POINT('',(2.768801559751E-02,2.134352686886));
#698 = CARTESIAN_POINT('',(1.844546698822E-02,2.132895109649));
#699 = CARTESIAN_POINT('',(9.214787316383E-03,2.132028118839));
#700 = CARTESIAN_POINT('',(3.069935989179E-03,2.131843539191));
#701 = CARTESIAN_POINT('',(0.,2.131849531054));
#702 = ( GEOMETRIC_REPRESENTATION_CONTEXT(2) 
PARAMETRIC_REPRESENTATION_CONTEXT() REPRESENTATION_CONTEXT('2D SPACE',''
  ) );
#703 = PCURVE('',#704,#709);
#704 = CYLINDRICAL_SURFACE('',#705,8.8746);
#705 = AXIS2_PLACEMENT_3D('',#706,#707,#708);
#706 = CARTESIAN_POINT('',(4.5E-03,-241.3673,0.));
#707 = DIRECTION('',(0.,0.,1.));
#708 = DIRECTION('',(0.,-1.,0.));
#709 = DEFINITIONAL_REPRESENTATION('',(#710),#731);
#710 = B_SPLINE_CURVE_WITH_KNOTS('',10,(#711,#712,#713,#714,#715,#716,
    #717,#718,#719,#720,#721,#722,#723,#724,#725,#726,#727,#728,#729,
    #730),.UNSPECIFIED.,.F.,.F.,(11,9,11),(0.292539844969,0.542901163338
    ,0.793262481706),.UNSPECIFIED.);
#711 = CARTESIAN_POINT('',(3.141557110543,90.000810134335));
#712 = CARTESIAN_POINT('',(3.297916584274,90.000858291691));
#713 = CARTESIAN_POINT('',(3.467261849237,90.322640756115));
#714 = CARTESIAN_POINT('',(3.40224898343,90.065320007757));
#715 = CARTESIAN_POINT('',(4.253478530715,92.788219073266));
#716 = CARTESIAN_POINT('',(3.213652084022,90.317683439394));
#717 = CARTESIAN_POINT('',(4.496245151388,93.447786959284));
#718 = CARTESIAN_POINT('',(3.981802786322,93.913100873898));
#719 = CARTESIAN_POINT('',(4.305181795778,94.313116764473));
#720 = CARTESIAN_POINT('',(4.415557978987,95.750252272463));
#721 = CARTESIAN_POINT('',(4.419334700427,98.480937639086));
#722 = CARTESIAN_POINT('',(4.293712348898,99.642498813374));
#723 = CARTESIAN_POINT('',(4.14737179223,100.63021709668));
#724 = CARTESIAN_POINT('',(4.012054773216,101.49199909742));
#725 = CARTESIAN_POINT('',(3.883437216912,102.26568285968));
#726 = CARTESIAN_POINT('',(3.74851685495,102.96222580327));
#727 = CARTESIAN_POINT('',(3.601403527681,103.5601171627));
#728 = CARTESIAN_POINT('',(3.447512164031,104.0110149202));
#729 = CARTESIAN_POINT('',(3.296158439187,104.25660723751));
#730 = CARTESIAN_POINT('',(3.141557110021,104.2566983826));
#731 = ( GEOMETRIC_REPRESENTATION_CONTEXT(2) 
PARAMETRIC_REPRESENTATION_CONTEXT() REPRESENTATION_CONTEXT('2D SPACE',''
  ) );
#732 = ADVANCED_FACE('',(#733),#44,.T.);
#733 = FACE_BOUND('',#734,.T.);
#734 = EDGE_LOOP('',(#735,#736,#758,#759));
#735 = ORIENTED_EDGE('',*,*,#85,.F.);
#736 = ORIENTED_EDGE('',*,*,#737,.T.);
#737 = EDGE_CURVE('',#57,#22,#738,.T.);
#738 = SURFACE_CURVE('',#739,(#744,#751),.PCURVE_S1.);
#739 = CIRCLE('',#740,6.728950988738);
#740 = AXIS2_PLACEMENT_3D('',#741,#742,#743);
#741 = CARTESIAN_POINT('',(4.819933339754E-03,-230.7,97.128741549));
#742 = DIRECTION('',(-2.628618675401E-11,-1.,-8.673617379965E-16));
#743 = DIRECTION('',(4.76355355225E-27,-8.673617379965E-16,1.));
#744 = PCURVE('',#44,#745);
#745 = DEFINITIONAL_REPRESENTATION('',(#746),#750);
#746 = LINE('',#747,#748);
#747 = CARTESIAN_POINT('',(0.,0.465734167595));
#748 = VECTOR('',#749,1.);
#749 = DIRECTION('',(1.,0.));
#750 = ( GEOMETRIC_REPRESENTATION_CONTEXT(2) 
PARAMETRIC_REPRESENTATION_CONTEXT() REPRESENTATION_CONTEXT('2D SPACE',''
  ) );
#751 = PCURVE('',#73,#752);
#752 = DEFINITIONAL_REPRESENTATION('',(#753),#757);
#753 = CIRCLE('',#754,6.728950988738);
#754 = AXIS2_PLACEMENT_2D('',#755,#756);
#755 = CARTESIAN_POINT('',(49.836258451,4.819933339754E-03));
#756 = DIRECTION('',(-1.,4.76355355225E-27));
#757 = ( GEOMETRIC_REPRESENTATION_CONTEXT(2) 
PARAMETRIC_REPRESENTATION_CONTEXT() REPRESENTATION_CONTEXT('2D SPACE',''
  ) );
#758 = ORIENTED_EDGE('',*,*,#21,.T.);
#759 = ORIENTED_EDGE('',*,*,#760,.T.);
#760 = EDGE_CURVE('',#24,#86,#761,.T.);
#761 = SURFACE_CURVE('',#762,(#922,#1908),.PCURVE_S1.);
#762 = B_SPLINE_CURVE_WITH_KNOTS('',3,(#763,#764,#765,#766,#767,#768,
    #769,#770,#771,#772,#773,#774,#775,#776,#777,#778,#779,#780,#781,
    #782,#783,#784,#785,#786,#787,#788,#789,#790,#791,#792,#793,#794,
    #795,#796,#797,#798,#799,#800,#801,#802,#803,#804,#805,#806,#807,
    #808,#809,#810,#811,#812,#813,#814,#815,#816,#817,#818,#819,#820,
    #821,#822,#823,#824,#825,#826,#827,#828,#829,#830,#831,#832,#833,
    #834,#835,#836,#837,#838,#839,#840,#841,#842,#843,#844,#845,#846,
    #847,#848,#849,#850,#851,#852,#853,#854,#855,#856,#857,#858,#859,
    #860,#861,#862,#863,#864,#865,#866,#867,#868,#869,#870,#871,#872,
    #873,#874,#875,#876,#877,#878,#879,#880,#881,#882,#883,#884,#885,
    #886,#887,#888,#889,#890,#891,#892,#893,#894,#895,#896,#897,#898,
    #899,#900,#901,#902,#903,#904,#905,#906,#907,#908,#909,#910,#911,
    #912,#913,#914,#915,#916,#917,#918,#919,#920,#921),.UNSPECIFIED.,.F.
  ,.F.,(4,2,2,1,2,2,1,1,2,2,2,2,2,1,1,1,2,2,2,2,1,1,2,2,1,1,2,2,2,2,2,2,
    2,1,1,1,1,2,2,2,1,1,2,2,2,2,1,1,1,2,2,2,1,1,2,2,2,1,1,1,2,2,2,1,1,2,
    2,2,2,1,1,2,2,2,2,1,1,1,2,2,1,1,2,2,2,2,2,1,1,1,2,2,2,2,2,1,2,4),(
    0.793262481706,0.82446731691,0.840069734512,0.843970338913,
    0.844945490013,0.845433065563,0.845920641113,0.847870943313,
    0.855672152114,0.886876987318,0.894678196119,0.89662849832,
    0.896872286095,0.89711607387,0.89760364942,0.89857880052,
    0.90247940492,0.918081822522,0.933684240124,0.941485448925,
    0.945386053326,0.947336355526,0.948311506626,0.948555294401,
    0.948799082176,0.949286657726,0.964889075328,0.972690284129,
    0.97659088853,0.98049149293,0.996093910532,0.999994514933,
    1.000238302708,1.000482090483,1.000969666033,1.001944817133,
    1.003895119333,1.011696328134,1.015596932535,1.016084508085,
    1.016572083635,1.017547234735,1.019497536935,1.027298745736,
    1.031199350137,1.031686925687,1.032174501237,1.033149652337,
    1.035099954537,1.042901163338,1.046801767739,1.047776918839,
    1.048752069939,1.050702372139,1.05850358094,1.062404185341,
    1.062891760891,1.063379336441,1.064354487541,1.066304789741,
    1.074105998542,1.078006602943,1.078494178493,1.078981754043,
    1.079956905143,1.081907207343,1.089708416144,1.093609020545,
    1.094096596095,1.094584171645,1.095559322745,1.097509624945,
    1.105310833746,1.109211438147,1.110186589247,1.111161740347,
    1.113112042547,1.120913251348,1.124813855748,1.125789006849,
    1.126764157949,1.128714460149,1.13651566895,1.167720504154,
    1.183322921756,1.187223526156,1.187711101706,1.188198677256,
    1.189173828356,1.191124130557,1.198925339358,1.230130174561,
    1.245732592163,1.249633196564,1.251583498764,1.253533800964,
    1.261335009765,1.292539844969),.UNSPECIFIED.);
#763 = CARTESIAN_POINT('',(4.819934224997E-03,-232.3661153634,
    104.2566983826));
#764 = CARTESIAN_POINT('',(0.574846903277,-232.3662712621,
    104.25673571755));
#765 = CARTESIAN_POINT('',(1.145745064104,-232.4322910598,
    104.20428851122));
#766 = CARTESIAN_POINT('',(1.995383141879,-232.630116605,104.04491955405
    ));
#767 = CARTESIAN_POINT('',(2.277466445555,-232.7125244282,
    103.97832367758));
#768 = CARTESIAN_POINT('',(2.627678206198,-232.8361166756,
    103.87788462624));
#769 = CARTESIAN_POINT('',(2.715080960272,-232.8683011418,
    103.85169984045));
#770 = CARTESIAN_POINT('',(2.802275063759,-232.9020936133,
    103.82416349418));
#771 = CARTESIAN_POINT('',(2.828420448238,-232.912327835,103.81582137481
    ));
#772 = CARTESIAN_POINT('',(2.834576792147,-232.9147501903,
    103.81384679312));
#773 = CARTESIAN_POINT('',(2.849436241403,-232.9206168355,
    103.80906446191));
#774 = CARTESIAN_POINT('',(2.886582858731,-232.9353453236,
    103.79705776846));
#775 = CARTESIAN_POINT('',(3.042554395336,-232.9985043556,
    103.74555958014));
#776 = CARTESIAN_POINT('',(3.190901008154,-233.0636058399,
    103.69240862728));
#777 = CARTESIAN_POINT('',(3.783232569134,-233.3398518579,
    103.46629583478));
#778 = CARTESIAN_POINT('',(4.253927134282,-233.6115369313,103.2421654864
    ));
#779 = CARTESIAN_POINT('',(4.829612069945,-234.0145035967,
    102.90197030673));
#780 = CARTESIAN_POINT('',(4.944101759607,-234.0982649459,
    102.83093094301));
#781 = CARTESIAN_POINT('',(5.086234552662,-234.2069266527,102.7382934992
    ));
#782 = CARTESIAN_POINT('',(5.114612089442,-234.2288569951,
    102.71957411425));
#783 = CARTESIAN_POINT('',(5.146479148906,-234.2537513814,
    102.69829772576));
#784 = CARTESIAN_POINT('',(5.148390347089,-234.2552467147,
    102.69701961638));
#785 = CARTESIAN_POINT('',(5.153816140426,-234.2594945071,102.6933887924
    ));
#786 = CARTESIAN_POINT('',(5.161956617285,-234.26587447,102.68793519815)
  );
#787 = CARTESIAN_POINT('',(5.180963486108,-234.28081897,102.67515852095)
  );
#788 = CARTESIAN_POINT('',(5.240776348627,-234.328151466,102.63467729558
    ));
#789 = CARTESIAN_POINT('',(5.295378569788,-234.372284243,102.5968795966)
  );
#790 = CARTESIAN_POINT('',(5.514425280029,-234.5523457032,
    102.44238622747));
#791 = CARTESIAN_POINT('',(5.691728922458,-234.7076919989,102.3082221448
    ));
#792 = CARTESIAN_POINT('',(6.047817088917,-235.0409788454,
    102.01585545328));
#793 = CARTESIAN_POINT('',(6.226604337614,-235.2189193961,
    101.85764892253));
#794 = CARTESIAN_POINT('',(6.493391342615,-235.5027759134,
    101.60019934665));
#795 = CARTESIAN_POINT('',(6.582082356385,-235.6002190344,
    101.51102727559));
#796 = CARTESIAN_POINT('',(6.714394949481,-235.7506201387,
    101.37198701079));
#797 = CARTESIAN_POINT('',(6.780369689849,-235.8268797965,
    101.30114652466));
#798 = CARTESIAN_POINT('',(6.856936052934,-235.9177028323,
    101.21613648386));
#799 = CARTESIAN_POINT('',(6.889653937169,-235.9570241552,
    101.17919186726));
#800 = CARTESIAN_POINT('',(6.9032723398,-235.9734632014,101.16372682834)
  );
#801 = CARTESIAN_POINT('',(6.904031874202,-235.9743816232,
    101.16286254478));
#802 = CARTESIAN_POINT('',(6.907479143126,-235.9785490692,
    101.15894093909));
#803 = CARTESIAN_POINT('',(6.912665216923,-235.9848231782,
    101.15303612788));
#804 = CARTESIAN_POINT('',(7.029492687449,-236.1264819297,
    101.01965267044));
#805 = CARTESIAN_POINT('',(7.166638746656,-236.2993353291,
    100.85560698411));
#806 = CARTESIAN_POINT('',(7.388072230105,-236.5977396852,
    100.56149316216));
#807 = CARTESIAN_POINT('',(7.465494991125,-236.7050380088,
    100.45417872203));
#808 = CARTESIAN_POINT('',(7.585415566161,-236.8777308016,
    100.27793772088));
#809 = CARTESIAN_POINT('',(7.626650333039,-236.938255697,100.21560557385
    ));
#810 = CARTESIAN_POINT('',(7.703266406739,-237.0523222653,
    100.09605447927));
#811 = CARTESIAN_POINT('',(7.739497055861,-237.1071349676,
    100.03768512398));
#812 = CARTESIAN_POINT('',(7.91087259894,-237.37009557,99.753604267613)
  );
#813 = CARTESIAN_POINT('',(8.016782944423,-237.5449347421,
    99.551467351905));
#814 = CARTESIAN_POINT('',(8.119188593214,-237.7190720702,
    99.339069887621));
#815 = CARTESIAN_POINT('',(8.138163582307,-237.751678954,99.298587300524
    ));
#816 = CARTESIAN_POINT('',(8.156826352003,-237.7839643997,
    99.257780036778));
#817 = CARTESIAN_POINT('',(8.15929301333,-237.7882342892,99.252376633728
    ));
#818 = CARTESIAN_POINT('',(8.162885485414,-237.7944602104,
    99.244481034831));
#819 = CARTESIAN_POINT('',(8.168254175102,-237.8037728701,
    99.232650942076));
#820 = CARTESIAN_POINT('',(8.180641488579,-237.8253188542,
    99.205141096932));
#821 = CARTESIAN_POINT('',(8.204861598505,-237.8676766011,
    99.150500705178));
#822 = CARTESIAN_POINT('',(8.277546256366,-237.9961858443,
    98.981210627653));
#823 = CARTESIAN_POINT('',(8.33352067034,-238.0990272647,98.835045836526
    ));
#824 = CARTESIAN_POINT('',(8.392144379139,-238.2090112113,
    98.668166669787));
#825 = CARTESIAN_POINT('',(8.410260989592,-238.2434349006,
    98.613957585272));
#826 = CARTESIAN_POINT('',(8.429143852161,-238.2796442214,
    98.554653283163));
#827 = CARTESIAN_POINT('',(8.432554602863,-238.2861921858,
    98.543867971946));
#828 = CARTESIAN_POINT('',(8.438099432497,-238.2968552633,
    98.526147330644));
#829 = CARTESIAN_POINT('',(8.44632603192,-238.3126985287,98.499618893259
    ));
#830 = CARTESIAN_POINT('',(8.464891100469,-238.3486066914,98.43809181133
    ));
#831 = CARTESIAN_POINT('',(8.479737829903,-238.3775689055,
    98.386009795296));
#832 = CARTESIAN_POINT('',(8.526921818311,-238.4700735945,
    98.213930793055));
#833 = CARTESIAN_POINT('',(8.55729305915,-238.5311620669,98.081170237758
    ));
#834 = CARTESIAN_POINT('',(8.593020257612,-238.6034218571,
    97.890577849324));
#835 = CARTESIAN_POINT('',(8.603290977411,-238.6242796341,
    97.828468995068));
#836 = CARTESIAN_POINT('',(8.613116213986,-238.6441122111,
    97.760289967548));
#837 = CARTESIAN_POINT('',(8.61462284606,-238.6471536549,97.749642165366
    ));
#838 = CARTESIAN_POINT('',(8.617213478443,-238.6523885822,97.73085997594
    ));
#839 = CARTESIAN_POINT('',(8.621009900252,-238.6600657104,
    97.702696402334));
#840 = CARTESIAN_POINT('',(8.629242569409,-238.6767521702,
    97.637053518175));
#841 = CARTESIAN_POINT('',(8.651198563404,-238.7214837675,
    97.431251507986));
#842 = CARTESIAN_POINT('',(8.659361332829,-238.7387804864,
    97.246006611279));
#843 = CARTESIAN_POINT('',(8.658224705,-238.7371029144,97.026626545074)
  );
#844 = CARTESIAN_POINT('',(8.656024818229,-238.7328047846,
    96.953984619537));
#845 = CARTESIAN_POINT('',(8.651046562083,-238.7227584485,
    96.863900149083));
#846 = CARTESIAN_POINT('',(8.65012436668,-238.7208819542,96.848997766054
    ));
#847 = CARTESIAN_POINT('',(8.647921184593,-238.7163713389,
    96.816235629524));
#848 = CARTESIAN_POINT('',(8.644307226804,-238.7089351484,
    96.766847192688));
#849 = CARTESIAN_POINT('',(8.627607780235,-238.6742961727,96.58310412449
    ));
#850 = CARTESIAN_POINT('',(8.601686691054,-238.6204639405,
    96.408271135735));
#851 = CARTESIAN_POINT('',(8.559171760486,-238.5344166979,
    96.192173960973));
#852 = CARTESIAN_POINT('',(8.543098701897,-238.502159523,96.11909443818)
  );
#853 = CARTESIAN_POINT('',(8.522777026583,-238.4618485955,96.03583008887
    ));
#854 = CARTESIAN_POINT('',(8.521271338255,-238.4588659513,
    96.029742708129));
#855 = CARTESIAN_POINT('',(8.517769294175,-238.4519328462,
    96.015672054029));
#856 = CARTESIAN_POINT('',(8.51245280782,-238.4414173094,95.994504321815
    ));
#857 = CARTESIAN_POINT('',(8.499600235745,-238.4160699033,
    95.944683590133));
#858 = CARTESIAN_POINT('',(8.45634971711,-238.3313079463,95.785444989118
    ));
#859 = CARTESIAN_POINT('',(8.408106873658,-238.2388010743,
    95.632835559923));
#860 = CARTESIAN_POINT('',(8.34060056225,-238.1129603025,95.443203751104
    ));
#861 = CARTESIAN_POINT('',(8.316495802603,-238.068541291,95.378911916263
    ));
#862 = CARTESIAN_POINT('',(8.287476802686,-238.0157888045,
    95.305479328553));
#863 = CARTESIAN_POINT('',(8.285359113335,-238.0119459966,
    95.300158220201));
#864 = CARTESIAN_POINT('',(8.280600734785,-238.0033180717,
    95.288236472362));
#865 = CARTESIAN_POINT('',(8.273399006967,-237.9902753009,
    95.270274425629));
#866 = CARTESIAN_POINT('',(8.256141964859,-237.9591359857,
    95.227810173718));
#867 = CARTESIAN_POINT('',(8.24056020589,-237.9312345438,95.190475570281
    ));
#868 = CARTESIAN_POINT('',(8.186804538128,-237.8355395149,
    95.063997129641));
#869 = CARTESIAN_POINT('',(8.137991426295,-237.750374779,94.95630557024)
  );
#870 = CARTESIAN_POINT('',(8.054833938788,-237.609714606,94.786158002115
    ));
#871 = CARTESIAN_POINT('',(8.025457623308,-237.5606757035,
    94.728009813014));
#872 = CARTESIAN_POINT('',(7.990426028437,-237.5030857377,
    94.661108936837));
#873 = CARTESIAN_POINT('',(7.987862688401,-237.4988804991,
    94.656237644952));
#874 = CARTESIAN_POINT('',(7.982368108834,-237.4898739792,
    94.645814706456));
#875 = CARTESIAN_POINT('',(7.974048796329,-237.4762550491,
    94.630079948009));
#876 = CARTESIAN_POINT('',(7.95409056798,-237.4437134938,94.592666990766
    ));
#877 = CARTESIAN_POINT('',(7.936031437993,-237.4145109293,
    94.559414977233));
#878 = CARTESIAN_POINT('',(7.873648607072,-237.3142583749,
    94.446009314982));
#879 = CARTESIAN_POINT('',(7.816756248347,-237.2247421782,
    94.347055232933));
#880 = CARTESIAN_POINT('',(7.719486000572,-237.0764966534,
    94.187757250594));
#881 = CARTESIAN_POINT('',(7.685072278786,-237.0247529402,
    94.132850680996));
#882 = CARTESIAN_POINT('',(7.639406118391,-236.9571626258,
    94.062143109461));
#883 = CARTESIAN_POINT('',(7.632296941482,-236.9466833473,
    94.051216382923));
#884 = CARTESIAN_POINT('',(7.616672160907,-236.9237233444,
    94.027314026785));
#885 = CARTESIAN_POINT('',(7.593151115664,-236.889282654,93.991539997874
    ));
#886 = CARTESIAN_POINT('',(7.505990288446,-236.7629925765,
    93.861247317054));
#887 = CARTESIAN_POINT('',(7.391215131279,-236.6022277365,
    93.699185196357));
#888 = CARTESIAN_POINT('',(7.289082752457,-236.4643963735,
    93.564288544643));
#889 = CARTESIAN_POINT('',(7.246020420557,-236.4069620655,93.50864824009
    ));
#890 = CARTESIAN_POINT('',(7.235090075348,-236.3924309912,
    93.494598357976));
#891 = CARTESIAN_POINT('',(7.214577608906,-236.3653058647,
    93.468399242686));
#892 = CARTESIAN_POINT('',(7.183761851548,-236.3247426075,
    93.429269815639));
#893 = CARTESIAN_POINT('',(7.070271010945,-236.1773794231,
    93.287648651838));
#894 = CARTESIAN_POINT('',(6.965696364304,-236.047560646,93.16447036186)
  );
#895 = CARTESIAN_POINT('',(6.544237593998,-235.5415583502,
    92.688895965336));
#896 = CARTESIAN_POINT('',(6.197387702043,-235.179229515,92.363407317908
    ));
#897 = CARTESIAN_POINT('',(5.682663830364,-234.6994457644,
    91.942621069032));
#898 = CARTESIAN_POINT('',(5.511927603459,-234.5501360978,
    91.813574523562));
#899 = CARTESIAN_POINT('',(5.301053802566,-234.3767718276,
    91.664621907324));
#900 = CARTESIAN_POINT('',(5.259004973774,-234.3427626142,
    91.635449114446));
#901 = CARTESIAN_POINT('',(5.211859739701,-234.3052488448,
    91.603301257293));
#902 = CARTESIAN_POINT('',(5.206056580342,-234.3006388337,
    91.599350823474));
#903 = CARTESIAN_POINT('',(5.191772703045,-234.2893263013,
    91.589660303834));
#904 = CARTESIAN_POINT('',(5.170336181671,-234.2723951301,
    91.575161191046));
#905 = CARTESIAN_POINT('',(5.120243443912,-234.2331524561,
    91.541586286499));
#906 = CARTESIAN_POINT('',(4.962351977173,-234.111473945,91.437672603678
    ));
#907 = CARTESIAN_POINT('',(4.817486830216,-234.0058741082,
    91.348053324387));
#908 = CARTESIAN_POINT('',(4.234459928755,-233.5995291337,
    91.004772112175));
#909 = CARTESIAN_POINT('',(3.756827910065,-233.3258271467,
    90.778795028947));
#910 = CARTESIAN_POINT('',(3.034142669617,-232.992335155,90.506281369173
    ));
#911 = CARTESIAN_POINT('',(2.792167277221,-232.8940146559,
    90.426514457672));
#912 = CARTESIAN_POINT('',(2.489172369009,-232.7871684047,90.33997369746
    ));
#913 = CARTESIAN_POINT('',(2.428546457236,-232.7666018731,
    90.323324057719));
#914 = CARTESIAN_POINT('',(2.337580777251,-232.7369561537,
    90.299325201788));
#915 = CARTESIAN_POINT('',(2.299882553506,-232.7249157203,
    90.289579833359));
#916 = CARTESIAN_POINT('',(2.228886644311,-232.702839146,90.271721669939
    ));
#917 = CARTESIAN_POINT('',(2.05125784767,-232.648961179,90.228159000006)
  );
#918 = CARTESIAN_POINT('',(1.87297433545,-232.6016505568,90.189996603353
    ));
#919 = CARTESIAN_POINT('',(1.158226704101,-232.4334235709,
    90.054482447253));
#920 = CARTESIAN_POINT('',(0.58132933198,-232.3660915918,90.000790408289
    ));
#921 = CARTESIAN_POINT('',(4.819933296005E-03,-232.3660092224,
    90.000810134335));
#922 = PCURVE('',#44,#923);
#923 = DEFINITIONAL_REPRESENTATION('',(#924),#1907);
#924 = B_SPLINE_CURVE_WITH_KNOTS('',11,(#925,#926,#927,#928,#929,#930,
    #931,#932,#933,#934,#935,#936,#937,#938,#939,#940,#941,#942,#943,
    #944,#945,#946,#947,#948,#949,#950,#951,#952,#953,#954,#955,#956,
    #957,#958,#959,#960,#961,#962,#963,#964,#965,#966,#967,#968,#969,
    #970,#971,#972,#973,#974,#975,#976,#977,#978,#979,#980,#981,#982,
    #983,#984,#985,#986,#987,#988,#989,#990,#991,#992,#993,#994,#995,
    #996,#997,#998,#999,#1000,#1001,#1002,#1003,#1004,#1005,#1006,#1007,
    #1008,#1009,#1010,#1011,#1012,#1013,#1014,#1015,#1016,#1017,#1018,
    #1019,#1020,#1021,#1022,#1023,#1024,#1025,#1026,#1027,#1028,#1029,
    #1030,#1031,#1032,#1033,#1034,#1035,#1036,#1037,#1038,#1039,#1040,
    #1041,#1042,#1043,#1044,#1045,#1046,#1047,#1048,#1049,#1050,#1051,
    #1052,#1053,#1054,#1055,#1056,#1057,#1058,#1059,#1060,#1061,#1062,
    #1063,#1064,#1065,#1066,#1067,#1068,#1069,#1070,#1071,#1072,#1073,
    #1074,#1075,#1076,#1077,#1078,#1079,#1080,#1081,#1082,#1083,#1084,
    #1085,#1086,#1087,#1088,#1089,#1090,#1091,#1092,#1093,#1094,#1095,
    #1096,#1097,#1098,#1099,#1100,#1101,#1102,#1103,#1104,#1105,#1106,
    #1107,#1108,#1109,#1110,#1111,#1112,#1113,#1114,#1115,#1116,#1117,
    #1118,#1119,#1120,#1121,#1122,#1123,#1124,#1125,#1126,#1127,#1128,
    #1129,#1130,#1131,#1132,#1133,#1134,#1135,#1136,#1137,#1138,#1139,
    #1140,#1141,#1142,#1143,#1144,#1145,#1146,#1147,#1148,#1149,#1150,
    #1151,#1152,#1153,#1154,#1155,#1156,#1157,#1158,#1159,#1160,#1161,
    #1162,#1163,#1164,#1165,#1166,#1167,#1168,#1169,#1170,#1171,#1172,
    #1173,#1174,#1175,#1176,#1177,#1178,#1179,#1180,#1181,#1182,#1183,
    #1184,#1185,#1186,#1187,#1188,#1189,#1190,#1191,#1192,#1193,#1194,
    #1195,#1196,#1197,#1198,#1199,#1200,#1201,#1202,#1203,#1204,#1205,
    #1206,#1207,#1208,#1209,#1210,#1211,#1212,#1213,#1214,#1215,#1216,
    #1217,#1218,#1219,#1220,#1221,#1222,#1223,#1224,#1225,#1226,#1227,
    #1228,#1229,#1230,#1231,#1232,#1233,#1234,#1235,#1236,#1237,#1238,
    #1239,#1240,#1241,#1242,#1243,#1244,#1245,#1246,#1247,#1248,#1249,
    #1250,#1251,#1252,#1253,#1254,#1255,#1256,#1257,#1258,#1259,#1260,
    #1261,#1262,#1263,#1264,#1265,#1266,#1267,#1268,#1269,#1270,#1271,
    #1272,#1273,#1274,#1275,#1276,#1277,#1278,#1279,#1280,#1281,#1282,
    #1283,#1284,#1285,#1286,#1287,#1288,#1289,#1290,#1291,#1292,#1293,
    #1294,#1295,#1296,#1297,#1298,#1299,#1300,#1301,#1302,#1303,#1304,
    #1305,#1306,#1307,#1308,#1309,#1310,#1311,#1312,#1313,#1314,#1315,
    #1316,#1317,#1318,#1319,#1320,#1321,#1322,#1323,#1324,#1325,#1326,
    #1327,#1328,#1329,#1330,#1331,#1332,#1333,#1334,#1335,#1336,#1337,
    #1338,#1339,#1340,#1341,#1342,#1343,#1344,#1345,#1346,#1347,#1348,
    #1349,#1350,#1351,#1352,#1353,#1354,#1355,#1356,#1357,#1358,#1359,
    #1360,#1361,#1362,#1363,#1364,#1365,#1366,#1367,#1368,#1369,#1370,
    #1371,#1372,#1373,#1374,#1375,#1376,#1377,#1378,#1379,#1380,#1381,
    #1382,#1383,#1384,#1385,#1386,#1387,#1388,#1389,#1390,#1391,#1392,
    #1393,#1394,#1395,#1396,#1397,#1398,#1399,#1400,#1401,#1402,#1403,
    #1404,#1405,#1406,#1407,#1408,#1409,#1410,#1411,#1412,#1413,#1414,
    #1415,#1416,#1417,#1418,#1419,#1420,#1421,#1422,#1423,#1424,#1425,
    #1426,#1427,#1428,#1429,#1430,#1431,#1432,#1433,#1434,#1435,#1436,
    #1437,#1438,#1439,#1440,#1441,#1442,#1443,#1444,#1445,#1446,#1447,
    #1448,#1449,#1450,#1451,#1452,#1453,#1454,#1455,#1456,#1457,#1458,
    #1459,#1460,#1461,#1462,#1463,#1464,#1465,#1466,#1467,#1468,#1469,
    #1470,#1471,#1472,#1473,#1474,#1475,#1476,#1477,#1478,#1479,#1480,
    #1481,#1482,#1483,#1484,#1485,#1486,#1487,#1488,#1489,#1490,#1491,
    #1492,#1493,#1494,#1495,#1496,#1497,#1498,#1499,#1500,#1501,#1502,
    #1503,#1504,#1505,#1506,#1507,#1508,#1509,#1510,#1511,#1512,#1513,
    #1514,#1515,#1516,#1517,#1518,#1519,#1520,#1521,#1522,#1523,#1524,
    #1525,#1526,#1527,#1528,#1529,#1530,#1531,#1532,#1533,#1534,#1535,
    #1536,#1537,#1538,#1539,#1540,#1541,#1542,#1543,#1544,#1545,#1546,
    #1547,#1548,#1549,#1550,#1551,#1552,#1553,#1554,#1555,#1556,#1557,
    #1558,#1559,#1560,#1561,#1562,#1563,#1564,#1565,#1566,#1567,#1568,
    #1569,#1570,#1571,#1572,#1573,#1574,#1575,#1576,#1577,#1578,#1579,
    #1580,#1581,#1582,#1583,#1584,#1585,#1586,#1587,#1588,#1589,#1590,
    #1591,#1592,#1593,#1594,#1595,#1596,#1597,#1598,#1599,#1600,#1601,
    #1602,#1603,#1604,#1605,#1606,#1607,#1608,#1609,#1610,#1611,#1612,
    #1613,#1614,#1615,#1616,#1617,#1618,#1619,#1620,#1621,#1622,#1623,
    #1624,#1625,#1626,#1627,#1628,#1629,#1630,#1631,#1632,#1633,#1634,
    #1635,#1636,#1637,#1638,#1639,#1640,#1641,#1642,#1643,#1644,#1645,
    #1646,#1647,#1648,#1649,#1650,#1651,#1652,#1653,#1654,#1655,#1656,
    #1657,#1658,#1659,#1660,#1661,#1662,#1663,#1664,#1665,#1666,#1667,
    #1668,#1669,#1670,#1671,#1672,#1673,#1674,#1675,#1676,#1677,#1678,
    #1679,#1680,#1681,#1682,#1683,#1684,#1685,#1686,#1687,#1688,#1689,
    #1690,#1691,#1692,#1693,#1694,#1695,#1696,#1697,#1698,#1699,#1700,
    #1701,#1702,#1703,#1704,#1705,#1706,#1707,#1708,#1709,#1710,#1711,
    #1712,#1713,#1714,#1715,#1716,#1717,#1718,#1719,#1720,#1721,#1722,
    #1723,#1724,#1725,#1726,#1727,#1728,#1729,#1730,#1731,#1732,#1733,
    #1734,#1735,#1736,#1737,#1738,#1739,#1740,#1741,#1742,#1743,#1744,
    #1745,#1746,#1747,#1748,#1749,#1750,#1751,#1752,#1753,#1754,#1755,
    #1756,#1757,#1758,#1759,#1760,#1761,#1762,#1763,#1764,#1765,#1766,
    #1767,#1768,#1769,#1770,#1771,#1772,#1773,#1774,#1775,#1776,#1777,
    #1778,#1779,#1780,#1781,#1782,#1783,#1784,#1785,#1786,#1787,#1788,
    #1789,#1790,#1791,#1792,#1793,#1794,#1795,#1796,#1797,#1798,#1799,
    #1800,#1801,#1802,#1803,#1804,#1805,#1806,#1807,#1808,#1809,#1810,
    #1811,#1812,#1813,#1814,#1815,#1816,#1817,#1818,#1819,#1820,#1821,
    #1822,#1823,#1824,#1825,#1826,#1827,#1828,#1829,#1830,#1831,#1832,
    #1833,#1834,#1835,#1836,#1837,#1838,#1839,#1840,#1841,#1842,#1843,
    #1844,#1845,#1846,#1847,#1848,#1849,#1850,#1851,#1852,#1853,#1854,
    #1855,#1856,#1857,#1858,#1859,#1860,#1861,#1862,#1863,#1864,#1865,
    #1866,#1867,#1868,#1869,#1870,#1871,#1872,#1873,#1874,#1875,#1876,
    #1877,#1878,#1879,#1880,#1881,#1882,#1883,#1884,#1885,#1886,#1887,
    #1888,#1889,#1890,#1891,#1892,#1893,#1894,#1895,#1896,#1897,#1898,
    #1899,#1900,#1901,#1902,#1903,#1904,#1905,#1906),.UNSPECIFIED.,.F.,
  .F.,(12,10,10,10,10,10,10,10,10,10,10,10,10,10,10,10,10,10,10,10,10,10
    ,10,10,10,10,10,10,10,10,10,10,10,10,10,10,10,10,10,10,10,10,10,10,
    10,10,10,10,10,10,10,10,10,10,10,10,10,10,10,10,10,10,10,10,10,10,10
    ,10,10,10,10,10,10,10,10,10,10,10,10,10,10,10,10,10,10,10,10,10,10,
    10,10,10,10,10,10,10,10,10,12),(0.793262481706,0.82446731691,
    0.840069734512,0.842020036712,0.843970338912,0.844945490013,
    0.845920641113,0.847870943313,0.855672152114,0.886876987318,
    0.890777591718,0.892727893919,0.894678196119,0.895653347219,
    0.896628498319,0.897603649419,0.898578800519,0.90052910272,
    0.90247940492,0.918081822522,0.933684240124,0.941485448925,
    0.945386053325,0.947336355525,0.948311506626,0.949286657726,
    0.951236959926,0.953187262126,0.957087866527,0.964889075328,
    0.972690284129,0.976590888529,0.98049149293,0.988292701731,
    0.996093910532,0.998044212732,0.999019363832,0.999994514932,
    1.000969666032,1.001944817132,1.003895119333,1.011696328134,
    1.013646630334,1.015596932534,1.017547234734,1.019497536935,
    1.027298745736,1.029249047936,1.031199350136,1.033149652336,
    1.035099954537,1.042901163338,1.044851465538,1.046801767738,
    1.048752069938,1.050702372138,1.058503580939,1.06045388314,
    1.06240418534,1.06435448754,1.06630478974,1.074105998541,
    1.076056300742,1.078006602942,1.079956905142,1.081907207342,
    1.089708416143,1.091658718344,1.093609020544,1.095559322744,
    1.097509624944,1.105310833745,1.107261135946,1.109211438146,
    1.111161740346,1.113112042546,1.120913251347,1.122863553548,
    1.124813855748,1.126764157948,1.128714460148,1.136515668949,
    1.167720504153,1.175521712954,1.183322921755,1.185273223955,
    1.187223526156,1.189173828356,1.191124130556,1.198925339357,
    1.230130174561,1.237931383362,1.245732592163,1.247682894363,
    1.249633196564,1.251583498764,1.253533800964,1.261335009765,
    1.292539844969),.UNSPECIFIED.);
#925 = CARTESIAN_POINT('',(6.28318530718,2.131849531054));
#926 = CARTESIAN_POINT('',(6.261375144145,2.131892051346));
#927 = CARTESIAN_POINT('',(6.239558420156,2.13552868116));
#928 = CARTESIAN_POINT('',(6.217735410179,2.142758401758));
#929 = CARTESIAN_POINT('',(6.195906320543,2.153580448152));
#930 = CARTESIAN_POINT('',(6.174071289049,2.167994309152));
#931 = CARTESIAN_POINT('',(6.152230384782,2.185999727288));
#932 = CARTESIAN_POINT('',(6.130383608369,2.207596698913));
#933 = CARTESIAN_POINT('',(6.108530891693,2.232785474092));
#934 = CARTESIAN_POINT('',(6.086672098151,2.261566556699));
#935 = CARTESIAN_POINT('',(6.064807022467,2.293940704349));
#936 = CARTESIAN_POINT('',(6.031999574962,2.347893040477));
#937 = CARTESIAN_POINT('',(6.021063057004,2.36677301403));
#938 = CARTESIAN_POINT('',(6.010118967741,2.386567579214));
#939 = CARTESIAN_POINT('',(5.999191582672,2.407210300889));
#940 = CARTESIAN_POINT('',(5.988231815883,2.428835914708));
#941 = CARTESIAN_POINT('',(5.977297117867,2.451286535291));
#942 = CARTESIAN_POINT('',(5.966364633517,2.474625091373));
#943 = CARTESIAN_POINT('',(5.955388173988,2.498978451611));
#944 = CARTESIAN_POINT('',(5.944470305594,2.524064617078));
#945 = CARTESIAN_POINT('',(5.933503111937,2.550180343989));
#946 = CARTESIAN_POINT('',(5.921189172626,2.580499709639));
#947 = CARTESIAN_POINT('',(5.919821197976,2.583881832459));
#948 = CARTESIAN_POINT('',(5.918453080311,2.587278315897));
#949 = CARTESIAN_POINT('',(5.917084432147,2.590690226326));
#950 = CARTESIAN_POINT('',(5.915714934164,2.594118442234));
#951 = CARTESIAN_POINT('',(5.914344407429,2.597563456346));
#952 = CARTESIAN_POINT('',(5.91297288498,2.60102517749));
#953 = CARTESIAN_POINT('',(5.911600684187,2.604502732767));
#954 = CARTESIAN_POINT('',(5.910228478348,2.60799426942));
#955 = CARTESIAN_POINT('',(5.9088573689,2.611496756952));
#956 = CARTESIAN_POINT('',(5.90612054555,2.618514821196));
#957 = CARTESIAN_POINT('',(5.90475399484,2.622032700436));
#958 = CARTESIAN_POINT('',(5.903390695407,2.625555601295));
#959 = CARTESIAN_POINT('',(5.90203524225,2.629070880977));
#960 = CARTESIAN_POINT('',(5.900681390495,2.632595721712));
#961 = CARTESIAN_POINT('',(5.899321730982,2.636150509893));
#962 = CARTESIAN_POINT('',(5.897955475207,2.639737414691));
#963 = CARTESIAN_POINT('',(5.896584126491,2.643352300159));
#964 = CARTESIAN_POINT('',(5.895200194998,2.647015773964));
#965 = CARTESIAN_POINT('',(5.893789502377,2.650766847326));
#966 = CARTESIAN_POINT('',(5.891679753723,2.656397101559));
#967 = CARTESIAN_POINT('',(5.89097662933,2.658277000536));
#968 = CARTESIAN_POINT('',(5.890275112564,2.660155968149));
#969 = CARTESIAN_POINT('',(5.889576685893,2.662029925467));
#970 = CARTESIAN_POINT('',(5.888882831794,2.663894793565));
#971 = CARTESIAN_POINT('',(5.888195032721,2.665746493505));
#972 = CARTESIAN_POINT('',(5.887514771165,2.667580946367));
#973 = CARTESIAN_POINT('',(5.886843529575,2.669394073213));
#974 = CARTESIAN_POINT('',(5.886182790436,2.671181795118));
#975 = CARTESIAN_POINT('',(5.885534036208,2.672940033151));
#976 = CARTESIAN_POINT('',(5.884263462522,2.676389383613));
#977 = CARTESIAN_POINT('',(5.883641908166,2.678079775416));
#978 = CARTESIAN_POINT('',(5.883032593717,2.679739891887));
#979 = CARTESIAN_POINT('',(5.882434026594,2.681373741124));
#980 = CARTESIAN_POINT('',(5.881844714217,2.682985331225));
#981 = CARTESIAN_POINT('',(5.881263164003,2.684578670282));
#982 = CARTESIAN_POINT('',(5.880687883375,2.686157766399));
#983 = CARTESIAN_POINT('',(5.880117379748,2.687726627666));
#984 = CARTESIAN_POINT('',(5.879550160544,2.689289262184));
#985 = CARTESIAN_POINT('',(5.878984733182,2.690849678049));
#986 = CARTESIAN_POINT('',(5.877289348876,2.695536293973));
#987 = CARTESIAN_POINT('',(5.876162480972,2.69866197833));
#988 = CARTESIAN_POINT('',(5.875017140399,2.701847641107));
#989 = CARTESIAN_POINT('',(5.873845451961,2.705114432718));
#990 = CARTESIAN_POINT('',(5.87267199401,2.708396343141));
#991 = CARTESIAN_POINT('',(5.871499342397,2.711686454187));
#992 = CARTESIAN_POINT('',(5.870314111377,2.715020714433));
#993 = CARTESIAN_POINT('',(5.869124382967,2.718377416935));
#994 = CARTESIAN_POINT('',(5.867952762435,2.721695849601));
#995 = CARTESIAN_POINT('',(5.86677853112,2.72503165688));
#996 = CARTESIAN_POINT('',(5.8609232613,2.74171984376));
#997 = CARTESIAN_POINT('',(5.85627901136,2.755128867462));
#998 = CARTESIAN_POINT('',(5.85161274266,2.768762874762));
#999 = CARTESIAN_POINT('',(5.846702672042,2.783217459569));
#1000 = CARTESIAN_POINT('',(5.842440343281,2.796098277765));
#1001 = CARTESIAN_POINT('',(5.837285316514,2.811542403342));
#1002 = CARTESIAN_POINT('',(5.832912262446,2.825052204842));
#1003 = CARTESIAN_POINT('',(5.828064360054,2.84000327429));
#1004 = CARTESIAN_POINT('',(5.823406424256,2.854609750878));
#1005 = CARTESIAN_POINT('',(5.818696732127,2.869521253039));
#1006 = CARTESIAN_POINT('',(5.795165509363,2.944861087939));
#1007 = CARTESIAN_POINT('',(5.776297610409,3.007898955555));
#1008 = CARTESIAN_POINT('',(5.75738770698,3.073702060357));
#1009 = CARTESIAN_POINT('',(5.73843648784,3.142269822995));
#1010 = CARTESIAN_POINT('',(5.719444414362,3.213601847341));
#1011 = CARTESIAN_POINT('',(5.700411720332,3.287697920383));
#1012 = CARTESIAN_POINT('',(5.681338412223,3.364558012371));
#1013 = CARTESIAN_POINT('',(5.662224268887,3.444182276655));
#1014 = CARTESIAN_POINT('',(5.643068841836,3.526571049832));
#1015 = CARTESIAN_POINT('',(5.623871455034,3.611724851634));
#1016 = CARTESIAN_POINT('',(5.602226173766,3.71063432667));
#1017 = CARTESIAN_POINT('',(5.599820448576,3.721667661032));
#1018 = CARTESIAN_POINT('',(5.597414072283,3.732744187151));
#1019 = CARTESIAN_POINT('',(5.595007071261,3.743863783852));
#1020 = CARTESIAN_POINT('',(5.592599455451,3.75502640974));
#1021 = CARTESIAN_POINT('',(5.590191218312,3.766232103162));
#1022 = CARTESIAN_POINT('',(5.587782336889,3.777480982262));
#1023 = CARTESIAN_POINT('',(5.585372771737,3.788773244918));
#1024 = CARTESIAN_POINT('',(5.582962466989,3.800109168799));
#1025 = CARTESIAN_POINT('',(5.580551350307,3.811489111323));
#1026 = CARTESIAN_POINT('',(5.576933324213,3.828625708863));
#1027 = CARTESIAN_POINT('',(5.575727179752,3.83434857619));
#1028 = CARTESIAN_POINT('',(5.574521104248,3.84008108586));
#1029 = CARTESIAN_POINT('',(5.573315210727,3.845822671376));
#1030 = CARTESIAN_POINT('',(5.572109520592,3.85157322561));
#1031 = CARTESIAN_POINT('',(5.570903963499,3.857333100701));
#1032 = CARTESIAN_POINT('',(5.569698377521,3.863103108184));
#1033 = CARTESIAN_POINT('',(5.568492508975,3.86888451886));
#1034 = CARTESIAN_POINT('',(5.56728601257,3.874679062903));
#1035 = CARTESIAN_POINT('',(5.566078451303,3.880488929786));
#1036 = CARTESIAN_POINT('',(5.563660141738,3.892144606866));
#1037 = CARTESIAN_POINT('',(5.562450201396,3.897986368667));
#1038 = CARTESIAN_POINT('',(5.561235360467,3.903862672696));
#1039 = CARTESIAN_POINT('',(5.560024225001,3.909730396635));
#1040 = CARTESIAN_POINT('',(5.558815197385,3.915597545603));
#1041 = CARTESIAN_POINT('',(5.55760457379,3.921482677901));
#1042 = CARTESIAN_POINT('',(5.556396107802,3.92736698563));
#1043 = CARTESIAN_POINT('',(5.555198147383,3.933208639618));
#1044 = CARTESIAN_POINT('',(5.554010117407,3.939010521582));
#1045 = CARTESIAN_POINT('',(5.552815783179,3.944853977965));
#1046 = CARTESIAN_POINT('',(5.551016701101,3.953672125749));
#1047 = CARTESIAN_POINT('',(5.550415460143,3.956621755937));
#1048 = CARTESIAN_POINT('',(5.5498121156,3.959584422918));
#1049 = CARTESIAN_POINT('',(5.549206324799,3.962561843682));
#1050 = CARTESIAN_POINT('',(5.548597583888,3.965556542947));
#1051 = CARTESIAN_POINT('',(5.547985100735,3.968572489638));
#1052 = CARTESIAN_POINT('',(5.547367916141,3.971614490006));
#1053 = CARTESIAN_POINT('',(5.54674527305,3.974686337245));
#1054 = CARTESIAN_POINT('',(5.546117234081,3.977787717767));
#1055 = CARTESIAN_POINT('',(5.545485547098,3.980909873988));
#1056 = CARTESIAN_POINT('',(5.544223970973,3.987150173481));
#1057 = CARTESIAN_POINT('',(5.543593166072,3.990272905112));
#1058 = CARTESIAN_POINT('',(5.542964425191,3.99338779269));
#1059 = CARTESIAN_POINT('',(5.542339829157,3.996484410257));
#1060 = CARTESIAN_POINT('',(5.541721458854,3.999552331895));
#1061 = CARTESIAN_POINT('',(5.541111395082,4.002581131626));
#1062 = CARTESIAN_POINT('',(5.54051171874,4.005560383542));
#1063 = CARTESIAN_POINT('',(5.539924510632,4.008479661671));
#1064 = CARTESIAN_POINT('',(5.539351851637,4.011328540088));
#1065 = CARTESIAN_POINT('',(5.538795822587,4.01409659284));
#1066 = CARTESIAN_POINT('',(5.537721186085,4.019450195134));
#1067 = CARTESIAN_POINT('',(5.537203311005,4.022032092903));
#1068 = CARTESIAN_POINT('',(5.536702769139,4.024529557599));
#1069 = CARTESIAN_POINT('',(5.536217450519,4.026953059524));
#1070 = CARTESIAN_POINT('',(5.535745245199,4.029313068982));
#1071 = CARTESIAN_POINT('',(5.5352840432,4.031620056277));
#1072 = CARTESIAN_POINT('',(5.53483173458,4.03388449171));
#1073 = CARTESIAN_POINT('',(5.534386209363,4.036116845587));
#1074 = CARTESIAN_POINT('',(5.5339453576,4.038327588209));
#1075 = CARTESIAN_POINT('',(5.533507069324,4.04052718988));
#1076 = CARTESIAN_POINT('',(5.532631399832,4.044925051928));
#1077 = CARTESIAN_POINT('',(5.532194064542,4.047123084743));
#1078 = CARTESIAN_POINT('',(5.531755556585,4.049328517024));
#1079 = CARTESIAN_POINT('',(5.531311912571,4.051561016799));
#1080 = CARTESIAN_POINT('',(5.530861189204,4.053830227558));
#1081 = CARTESIAN_POINT('',(5.53040421477,4.05613203843));
#1082 = CARTESIAN_POINT('',(5.52994322577,4.058455350608));
#1083 = CARTESIAN_POINT('',(5.529479832872,4.060792170661));
#1084 = CARTESIAN_POINT('',(5.529013761302,4.063143861954));
#1085 = CARTESIAN_POINT('',(5.528543809908,4.065516384885));
#1086 = CARTESIAN_POINT('',(5.527129801658,4.072659301232));
#1087 = CARTESIAN_POINT('',(5.526180832855,4.077458802484));
#1088 = CARTESIAN_POINT('',(5.525222903465,4.082309082021));
#1089 = CARTESIAN_POINT('',(5.524273923432,4.087121252151));
#1090 = CARTESIAN_POINT('',(5.523335979128,4.091884957853));
#1091 = CARTESIAN_POINT('',(5.522400910187,4.096640699763));
#1092 = CARTESIAN_POINT('',(5.52146416377,4.101411073497));
#1093 = CARTESIAN_POINT('',(5.520528734486,4.106181217022));
#1094 = CARTESIAN_POINT('',(5.519596499957,4.110941811417));
#1095 = CARTESIAN_POINT('',(5.518659767229,4.115731037252));
#1096 = CARTESIAN_POINT('',(5.516782927636,4.125338848375));
#1097 = CARTESIAN_POINT('',(5.515842263062,4.130160200999));
#1098 = CARTESIAN_POINT('',(5.514899911681,4.134996232304));
#1099 = CARTESIAN_POINT('',(5.513956337723,4.139844638899));
#1100 = CARTESIAN_POINT('',(5.513011911645,4.144703582342));
#1101 = CARTESIAN_POINT('',(5.512066910195,4.149571689208));
#1102 = CARTESIAN_POINT('',(5.511121516319,4.154448050999));
#1103 = CARTESIAN_POINT('',(5.510175819267,4.159332224241));
#1104 = CARTESIAN_POINT('',(5.509229814496,4.164224230397));
#1105 = CARTESIAN_POINT('',(5.508283403741,4.169124555934));
#1106 = CARTESIAN_POINT('',(5.499760324845,4.213310923032));
#1107 = CARTESIAN_POINT('',(5.492137533043,4.253222805996));
#1108 = CARTESIAN_POINT('',(5.484474127628,4.293739643129));
#1109 = CARTESIAN_POINT('',(5.476768147963,4.334871496788));
#1110 = CARTESIAN_POINT('',(5.469018576611,4.376623617804));
#1111 = CARTESIAN_POINT('',(5.461226105209,4.418992608545));
#1112 = CARTESIAN_POINT('',(5.453391364529,4.461975279144));
#1113 = CARTESIAN_POINT('',(5.445513968361,4.5055734611));
#1114 = CARTESIAN_POINT('',(5.43759336052,4.549789808601));
#1115 = CARTESIAN_POINT('',(5.429630093671,4.594621383956));
#1116 = CARTESIAN_POINT('',(5.41361752291,4.685517795304));
#1117 = CARTESIAN_POINT('',(5.405568242244,4.731582453432));
#1118 = CARTESIAN_POINT('',(5.397476074784,4.77826340135));
#1119 = CARTESIAN_POINT('',(5.389341101955,4.825560516837));
#1120 = CARTESIAN_POINT('',(5.381163378105,4.873473718088));
#1121 = CARTESIAN_POINT('',(5.37294293052,4.922002963761));
#1122 = CARTESIAN_POINT('',(5.364679759409,4.971148252913));
#1123 = CARTESIAN_POINT('',(5.356373837913,5.020909625069));
#1124 = CARTESIAN_POINT('',(5.348025112107,5.071287160161));
#1125 = CARTESIAN_POINT('',(5.33963350099,5.122280978571));
#1126 = CARTESIAN_POINT('',(5.326981594245,5.199696372379));
#1127 = CARTESIAN_POINT('',(5.322753549918,5.225655702719));
#1128 = CARTESIAN_POINT('',(5.318514786213,5.251769129179));
#1129 = CARTESIAN_POINT('',(5.314265320993,5.278036569449));
#1130 = CARTESIAN_POINT('',(5.310005167298,5.304457961879));
#1131 = CARTESIAN_POINT('',(5.30573433332,5.331033265449));
#1132 = CARTESIAN_POINT('',(5.30145282243,5.357762459802));
#1133 = CARTESIAN_POINT('',(5.297160633161,5.384645545218));
#1134 = CARTESIAN_POINT('',(5.29285775921,5.411682542625));
#1135 = CARTESIAN_POINT('',(5.288544189446,5.438873493602));
#1136 = CARTESIAN_POINT('',(5.282057767127,5.479890943757));
#1137 = CARTESIAN_POINT('',(5.279893566773,5.493597914666));
#1138 = CARTESIAN_POINT('',(5.277721530421,5.507376976886));
#1139 = CARTESIAN_POINT('',(5.275555450444,5.521138355083));
#1140 = CARTESIAN_POINT('',(5.27337750567,5.53499804699));
#1141 = CARTESIAN_POINT('',(5.271199338758,5.548880282556));
#1142 = CARTESIAN_POINT('',(5.269039471974,5.562664504905));
#1143 = CARTESIAN_POINT('',(5.26687149437,5.576522604177));
#1144 = CARTESIAN_POINT('',(5.264658190308,5.590696799385));
#1145 = CARTESIAN_POINT('',(5.262457901164,5.604807376179));
#1146 = CARTESIAN_POINT('',(5.259177424036,5.625874985117));
#1147 = CARTESIAN_POINT('',(5.258089165614,5.632868728224));
#1148 = CARTESIAN_POINT('',(5.256996806898,5.639894429724));
#1149 = CARTESIAN_POINT('',(5.255932836151,5.646740639941));
#1150 = CARTESIAN_POINT('',(5.254868801628,5.653592537111));
#1151 = CARTESIAN_POINT('',(5.253784957185,5.660578638836));
#1152 = CARTESIAN_POINT('',(5.252693248275,5.667621198444));
#1153 = CARTESIAN_POINT('',(5.251597609709,5.674694607468));
#1154 = CARTESIAN_POINT('',(5.25046838536,5.681991882071));
#1155 = CARTESIAN_POINT('',(5.249290320008,5.689612307384));
#1156 = CARTESIAN_POINT('',(5.247528860035,5.701014168502));
#1157 = CARTESIAN_POINT('',(5.246941360268,5.704818363211));
#1158 = CARTESIAN_POINT('',(5.246356484667,5.708606798616));
#1159 = CARTESIAN_POINT('',(5.245777203849,5.71236014108));
#1160 = CARTESIAN_POINT('',(5.245206488415,5.716059056957));
#1161 = CARTESIAN_POINT('',(5.244647308993,5.719684212619));
#1162 = CARTESIAN_POINT('',(5.244102636173,5.723216274412));
#1163 = CARTESIAN_POINT('',(5.243575440587,5.72663590871));
#1164 = CARTESIAN_POINT('',(5.243068692832,5.729923781865));
#1165 = CARTESIAN_POINT('',(5.242585363527,5.733060560241));
#1166 = CARTESIAN_POINT('',(5.241671483032,5.738993260154));
#1167 = CARTESIAN_POINT('',(5.241242380578,5.741779770995));
#1168 = CARTESIAN_POINT('',(5.240838106101,5.744405956765));
#1169 = CARTESIAN_POINT('',(5.240455631868,5.746891447933));
#1170 = CARTESIAN_POINT('',(5.240091912213,5.749255991343));
#1171 = CARTESIAN_POINT('',(5.239743883571,5.751519450311));
#1172 = CARTESIAN_POINT('',(5.239408464428,5.753701804484));
#1173 = CARTESIAN_POINT('',(5.239082555376,5.755823149997));
#1174 = CARTESIAN_POINT('',(5.238763039068,5.757903699335));
#1175 = CARTESIAN_POINT('',(5.238446780244,5.759963781432));
#1176 = CARTESIAN_POINT('',(5.237498316677,5.766143961974));
#1177 = CARTESIAN_POINT('',(5.236862383508,5.770290195648));
#1178 = CARTESIAN_POINT('',(5.23624455724,5.774321636763));
#1179 = CARTESIAN_POINT('',(5.235398589792,5.779834941185));
#1180 = CARTESIAN_POINT('',(5.234841036558,5.783480789186));
#1181 = CARTESIAN_POINT('',(5.233919150736,5.789491551879));
#1182 = CARTESIAN_POINT('',(5.233278523639,5.793681247764));
#1183 = CARTESIAN_POINT('',(5.232438173181,5.79916853502));
#1184 = CARTESIAN_POINT('',(5.231704282806,5.803968134027));
#1185 = CARTESIAN_POINT('',(5.230945918501,5.808929010588));
#1186 = CARTESIAN_POINT('',(5.229439305425,5.818790348869));
#1187 = CARTESIAN_POINT('',(5.228687378917,5.823714656749));
#1188 = CARTESIAN_POINT('',(5.227935846639,5.828638992468));
#1189 = CARTESIAN_POINT('',(5.227182051123,5.833580583508));
#1190 = CARTESIAN_POINT('',(5.22642328498,5.838556981061));
#1191 = CARTESIAN_POINT('',(5.225657835165,5.843579289328));
#1192 = CARTESIAN_POINT('',(5.224885449789,5.848649139054));
#1193 = CARTESIAN_POINT('',(5.224107227444,5.85375940492));
#1194 = CARTESIAN_POINT('',(5.223324929078,5.858898667236));
#1195 = CARTESIAN_POINT('',(5.222539712386,5.864059417517));
#1196 = CARTESIAN_POINT('',(5.220171441446,5.879631189729));
#1197 = CARTESIAN_POINT('',(5.218579884325,5.890105032502));
#1198 = CARTESIAN_POINT('',(5.216975250914,5.900673897289));
#1199 = CARTESIAN_POINT('',(5.215356385656,5.911345262009));
#1200 = CARTESIAN_POINT('',(5.213722171462,5.922126356551));
#1201 = CARTESIAN_POINT('',(5.212072035005,5.933020887222));
#1202 = CARTESIAN_POINT('',(5.210406129607,5.944027850952));
#1203 = CARTESIAN_POINT('',(5.208725195891,5.955142439187));
#1204 = CARTESIAN_POINT('',(5.207030100019,5.966359031501));
#1205 = CARTESIAN_POINT('',(5.205321049665,5.977676278936));
#1206 = CARTESIAN_POINT('',(5.200147363548,6.011960273276));
#1207 = CARTESIAN_POINT('',(5.196638675702,6.03524298383));
#1208 = CARTESIAN_POINT('',(5.193070428724,6.058952506839));
#1209 = CARTESIAN_POINT('',(5.189442627239,6.083088940419));
#1210 = CARTESIAN_POINT('',(5.185755275891,6.107652382708));
#1211 = CARTESIAN_POINT('',(5.182008379301,6.132642931812));
#1212 = CARTESIAN_POINT('',(5.178201942112,6.158060685871));
#1213 = CARTESIAN_POINT('',(5.174335968952,6.183905742998));
#1214 = CARTESIAN_POINT('',(5.170410464454,6.210178201323));
#1215 = CARTESIAN_POINT('',(5.166425433253,6.236878158968));
#1216 = CARTESIAN_POINT('',(5.158336326708,6.291133269145));
#1217 = CARTESIAN_POINT('',(5.154230331511,6.318702267424));
#1218 = CARTESIAN_POINT('',(5.150074342991,6.346629274718));
#1219 = CARTESIAN_POINT('',(5.145840327025,6.375116161357));
#1220 = CARTESIAN_POINT('',(5.141559116234,6.403941754112));
#1221 = CARTESIAN_POINT('',(5.137228533447,6.433121817697));
#1222 = CARTESIAN_POINT('',(5.132820421656,6.462858105781));
#1223 = CARTESIAN_POINT('',(5.128346438528,6.493066093636));
#1224 = CARTESIAN_POINT('',(5.123842400898,6.523489490565));
#1225 = CARTESIAN_POINT('',(5.119260095308,6.554477729726));
#1226 = CARTESIAN_POINT('',(5.112290657089,6.601641654449));
#1227 = CARTESIAN_POINT('',(5.109951821141,6.617473972676));
#1228 = CARTESIAN_POINT('',(5.107598631388,6.633407847317));
#1229 = CARTESIAN_POINT('',(5.105225992408,6.649475679396));
#1230 = CARTESIAN_POINT('',(5.102842460497,6.665616544842));
#1231 = CARTESIAN_POINT('',(5.10046046628,6.681744065076));
#1232 = CARTESIAN_POINT('',(5.098085536927,6.697819197413));
#1233 = CARTESIAN_POINT('',(5.095717791772,6.713837878841));
#1234 = CARTESIAN_POINT('',(5.093363395987,6.729751516082));
#1235 = CARTESIAN_POINT('',(5.091038070666,6.745446379089));
#1236 = CARTESIAN_POINT('',(5.086420267165,6.77658565106));
#1237 = CARTESIAN_POINT('',(5.084130148878,6.792012606282));
#1238 = CARTESIAN_POINT('',(5.081855977732,6.807318988344));
#1239 = CARTESIAN_POINT('',(5.079597041599,6.822510335613));
#1240 = CARTESIAN_POINT('',(5.077353654757,6.837584159085));
#1241 = CARTESIAN_POINT('',(5.075126367586,6.852536104155));
#1242 = CARTESIAN_POINT('',(5.072915483415,6.867363732198));
#1243 = CARTESIAN_POINT('',(5.070720882961,6.882067922085));
#1244 = CARTESIAN_POINT('',(5.068542155878,6.89665189149));
#1245 = CARTESIAN_POINT('',(5.066379039854,6.911117838135));
#1246 = CARTESIAN_POINT('',(5.059938421069,6.954147926269));
#1247 = CARTESIAN_POINT('',(5.055709056502,6.982350682768));
#1248 = CARTESIAN_POINT('',(5.05154395457,7.010069303032));
#1249 = CARTESIAN_POINT('',(5.047443010343,7.037303637976));
#1250 = CARTESIAN_POINT('',(5.043406132652,7.064053556792));
#1251 = CARTESIAN_POINT('',(5.039433244038,7.090318946866));
#1252 = CARTESIAN_POINT('',(5.035524280808,7.116099713882));
#1253 = CARTESIAN_POINT('',(5.031679192989,7.141395781721));
#1254 = CARTESIAN_POINT('',(5.027897944354,7.166207092536));
#1255 = CARTESIAN_POINT('',(5.024180512414,7.19053360671));
#1256 = CARTESIAN_POINT('',(5.01687326442,7.238216999038));
#1257 = CARTESIAN_POINT('',(5.013286452301,7.261555398345));
#1258 = CARTESIAN_POINT('',(5.009738193427,7.284565124548));
#1259 = CARTESIAN_POINT('',(5.006358394563,7.306443667154));
#1260 = CARTESIAN_POINT('',(5.002766538412,7.329542309844));
#1261 = CARTESIAN_POINT('',(4.999741341333,7.349050132479));
#1262 = CARTESIAN_POINT('',(4.996137146906,7.372046165638));
#1263 = CARTESIAN_POINT('',(4.993155361964,7.391107951592));
#1264 = CARTESIAN_POINT('',(4.989946086733,7.41148759009));
#1265 = CARTESIAN_POINT('',(4.986853238116,7.431060930624));
#1266 = CARTESIAN_POINT('',(4.983098760476,7.454730630975));
#1267 = CARTESIAN_POINT('',(4.982352592886,7.459429913496));
#1268 = CARTESIAN_POINT('',(4.981618229061,7.46405122024));
#1269 = CARTESIAN_POINT('',(4.980882089176,7.468677647651));
#1270 = CARTESIAN_POINT('',(4.980146316535,7.473296069041));
#1271 = CARTESIAN_POINT('',(4.979416857018,7.477870085309));
#1272 = CARTESIAN_POINT('',(4.978688506669,7.482431531406));
#1273 = CARTESIAN_POINT('',(4.977948534851,7.487058305137));
#1274 = CARTESIAN_POINT('',(4.977196829424,7.491751082393));
#1275 = CARTESIAN_POINT('',(4.976456850435,7.496366282428));
#1276 = CARTESIAN_POINT('',(4.975363601634,7.503178025567));
#1277 = CARTESIAN_POINT('',(4.975002148632,7.505429016278));
#1278 = CARTESIAN_POINT('',(4.974644928139,7.507652646827));
#1279 = CARTESIAN_POINT('',(4.974292356573,7.509846368508));
#1280 = CARTESIAN_POINT('',(4.973944940777,7.512007079235));
#1281 = CARTESIAN_POINT('',(4.973603722463,7.51412840197));
#1282 = CARTESIAN_POINT('',(4.973270224093,7.51620101681));
#1283 = CARTESIAN_POINT('',(4.972945895882,7.518216045755));
#1284 = CARTESIAN_POINT('',(4.972631064263,7.520171491231));
#1285 = CARTESIAN_POINT('',(4.972323381505,7.522081727391));
#1286 = CARTESIAN_POINT('',(4.971708171929,7.525898362465));
#1287 = CARTESIAN_POINT('',(4.971401974489,7.527796622555));
#1288 = CARTESIAN_POINT('',(4.97109396719,7.529704522638));
#1289 = CARTESIAN_POINT('',(4.970780932806,7.531641760113));
#1290 = CARTESIAN_POINT('',(4.970459654146,7.533628032462));
#1291 = CARTESIAN_POINT('',(4.970126913964,7.535683037039));
#1292 = CARTESIAN_POINT('',(4.969779495085,7.537826471355));
#1293 = CARTESIAN_POINT('',(4.96941418026,7.540078032765));
#1294 = CARTESIAN_POINT('',(4.969027752304,7.54245741875));
#1295 = CARTESIAN_POINT('',(4.968616993985,7.544984326709));
#1296 = CARTESIAN_POINT('',(4.967740382213,7.550372581458));
#1297 = CARTESIAN_POINT('',(4.967272796449,7.553244583795));
#1298 = CARTESIAN_POINT('',(4.9667787066,7.556277295137));
#1299 = CARTESIAN_POINT('',(4.966261116139,7.559452148679));
#1300 = CARTESIAN_POINT('',(4.965723200847,7.562749518478));
#1301 = CARTESIAN_POINT('',(4.965168253025,7.566149060676));
#1302 = CARTESIAN_POINT('',(4.964599626342,7.569630055446));
#1303 = CARTESIAN_POINT('',(4.964020679895,7.573171748058));
#1304 = CARTESIAN_POINT('',(4.963434723061,7.576753690818));
#1305 = CARTESIAN_POINT('',(4.962844959702,7.580356084302));
#1306 = CARTESIAN_POINT('',(4.961663905897,7.587564153805));
#1307 = CARTESIAN_POINT('',(4.961072984768,7.591167551194));
#1308 = CARTESIAN_POINT('',(4.96048308803,7.594761544738));
#1309 = CARTESIAN_POINT('',(4.959901038827,7.598303972349));
#1310 = CARTESIAN_POINT('',(4.959330689796,7.60177102795));
#1311 = CARTESIAN_POINT('',(4.958771086969,7.605168604541));
#1312 = CARTESIAN_POINT('',(4.958218597864,7.60851914769));
#1313 = CARTESIAN_POINT('',(4.957670426051,7.611839935195));
#1314 = CARTESIAN_POINT('',(4.957126937976,7.615128702473));
#1315 = CARTESIAN_POINT('',(4.956590224379,7.618372529496));
#1316 = CARTESIAN_POINT('',(4.95498851569,7.628042665402));
#1317 = CARTESIAN_POINT('',(4.953932907584,7.634401724637));
#1318 = CARTESIAN_POINT('',(4.952894312415,7.640643346176));
#1319 = CARTESIAN_POINT('',(4.951844730151,7.64694050284));
#1320 = CARTESIAN_POINT('',(4.950779684766,7.653320850896));
#1321 = CARTESIAN_POINT('',(4.949711031979,7.659711158889));
#1322 = CARTESIAN_POINT('',(4.948646266271,7.666065134391));
#1323 = CARTESIAN_POINT('',(4.94758173056,7.67240537316));
#1324 = CARTESIAN_POINT('',(4.946514501803,7.67874993781));
#1325 = CARTESIAN_POINT('',(4.945455098717,7.68503385789));
#1326 = CARTESIAN_POINT('',(4.940182244434,7.716242698046));
#1327 = CARTESIAN_POINT('',(4.936038555922,7.740551621492));
#1328 = CARTESIAN_POINT('',(4.932020513218,7.763890208271));
#1329 = CARTESIAN_POINT('',(4.927691987178,7.788943881965));
#1330 = CARTESIAN_POINT('',(4.924031774552,7.809663274387));
#1331 = CARTESIAN_POINT('',(4.919791565137,7.833834754975));
#1332 = CARTESIAN_POINT('',(4.915962001505,7.855102128463));
#1333 = CARTESIAN_POINT('',(4.912124065843,7.876470268387));
#1334 = CARTESIAN_POINT('',(4.90824477594,7.897679962114));
#1335 = CARTESIAN_POINT('',(4.904475665644,7.918112063662));
#1336 = CARTESIAN_POINT('',(4.899819867269,7.943054893722));
#1337 = CARTESIAN_POINT('',(4.898890710354,7.94801767352));
#1338 = CARTESIAN_POINT('',(4.897965431006,7.952945269093));
#1339 = CARTESIAN_POINT('',(4.897041725516,7.957849221486));
#1340 = CARTESIAN_POINT('',(4.896117029095,7.962742379552));
#1341 = CARTESIAN_POINT('',(4.895190547128,7.967628722415));
#1342 = CARTESIAN_POINT('',(4.894263806872,7.972500593285));
#1343 = CARTESIAN_POINT('',(4.893340137837,7.977341304977));
#1344 = CARTESIAN_POINT('',(4.89242348723,7.98213107438));
#1345 = CARTESIAN_POINT('',(4.891516978613,7.986854246076));
#1346 = CARTESIAN_POINT('',(4.889726262447,7.996157279887));
#1347 = CARTESIAN_POINT('',(4.88884162794,8.000738988159));
#1348 = CARTESIAN_POINT('',(4.887975017453,8.005216120003));
#1349 = CARTESIAN_POINT('',(4.887130924572,8.009561486302));
#1350 = CARTESIAN_POINT('',(4.886269160307,8.013982107477));
#1351 = CARTESIAN_POINT('',(4.885388180548,8.018484693619));
#1352 = CARTESIAN_POINT('',(4.88450509203,8.022978407808));
#1353 = CARTESIAN_POINT('',(4.88359226055,8.027605087288));
#1354 = CARTESIAN_POINT('',(4.882604937232,8.032595938588));
#1355 = CARTESIAN_POINT('',(4.881594849281,8.037679656883));
#1356 = CARTESIAN_POINT('',(4.879507702477,8.048140252592));
#1357 = CARTESIAN_POINT('',(4.878432578252,8.053507152167));
#1358 = CARTESIAN_POINT('',(4.877330491564,8.058985149686));
#1359 = CARTESIAN_POINT('',(4.876206574672,8.064544499384));
#1360 = CARTESIAN_POINT('',(4.875065834528,8.07015643326));
#1361 = CARTESIAN_POINT('',(4.873912737467,8.07579639865));
#1362 = CARTESIAN_POINT('',(4.872751048331,8.081445314615));
#1363 = CARTESIAN_POINT('',(4.871583923329,8.087088845879));
#1364 = CARTESIAN_POINT('',(4.870414257375,8.092714695645));
#1365 = CARTESIAN_POINT('',(4.869245285252,8.098307916136));
#1366 = CARTESIAN_POINT('',(4.866917588895,8.10938055924));
#1367 = CARTESIAN_POINT('',(4.865759890407,8.114856000856));
#1368 = CARTESIAN_POINT('',(4.864608771517,8.120268468979));
#1369 = CARTESIAN_POINT('',(4.863463815922,8.125619992233));
#1370 = CARTESIAN_POINT('',(4.86232403616,8.13091538223));
#1371 = CARTESIAN_POINT('',(4.861188148407,8.136160893918));
#1372 = CARTESIAN_POINT('',(4.860054847639,8.141362886591));
#1373 = CARTESIAN_POINT('',(4.85892308237,8.146526484119));
#1374 = CARTESIAN_POINT('',(4.857792329792,8.151654235932));
#1375 = CARTESIAN_POINT('',(4.856662870605,8.156744777409));
#1376 = CARTESIAN_POINT('',(4.851028837777,8.181978343589));
#1377 = CARTESIAN_POINT('',(4.846552576564,8.20151974425));
#1378 = CARTESIAN_POINT('',(4.842154006303,8.220189114263));
#1379 = CARTESIAN_POINT('',(4.837768368553,8.238299877873));
#1380 = CARTESIAN_POINT('',(4.833424940674,8.255710249492));
#1381 = CARTESIAN_POINT('',(4.829142614701,8.272328459866));
#1382 = CARTESIAN_POINT('',(4.824898284939,8.288266232783));
#1383 = CARTESIAN_POINT('',(4.820684506433,8.303560017942));
#1384 = CARTESIAN_POINT('',(4.816527048048,8.318085440855));
#1385 = CARTESIAN_POINT('',(4.812407585198,8.331930661477));
#1386 = CARTESIAN_POINT('',(4.807312914155,8.348353367529));
#1387 = CARTESIAN_POINT('',(4.806296607725,8.351594261414));
#1388 = CARTESIAN_POINT('',(4.805282953036,8.354791367304));
#1389 = CARTESIAN_POINT('',(4.804271974022,8.357944544483));
#1390 = CARTESIAN_POINT('',(4.803263694675,8.361053652335));
#1391 = CARTESIAN_POINT('',(4.802258138896,8.364118550082));
#1392 = CARTESIAN_POINT('',(4.801255330699,8.367139097149));
#1393 = CARTESIAN_POINT('',(4.800255293987,8.370115152759));
#1394 = CARTESIAN_POINT('',(4.79925805275,8.373046576297));
#1395 = CARTESIAN_POINT('',(4.798263630922,8.375933227045));
#1396 = CARTESIAN_POINT('',(4.796280474012,8.381616701624));
#1397 = CARTESIAN_POINT('',(4.795291249543,8.384415019839));
#1398 = CARTESIAN_POINT('',(4.794305320739,8.387168394508));
#1399 = CARTESIAN_POINT('',(4.793324124646,8.389874232759));
#1400 = CARTESIAN_POINT('',(4.792337484977,8.392554985871));
#1401 = CARTESIAN_POINT('',(4.791355376809,8.395189648782));
#1402 = CARTESIAN_POINT('',(4.790389597013,8.397753288311));
#1403 = CARTESIAN_POINT('',(4.789421744244,8.400286092431));
#1404 = CARTESIAN_POINT('',(4.788421946843,8.402852984963));
#1405 = CARTESIAN_POINT('',(4.787408467022,8.405415090015));
#1406 = CARTESIAN_POINT('',(4.785314858234,8.410615453211));
#1407 = CARTESIAN_POINT('',(4.784236889355,8.413249159694));
#1408 = CARTESIAN_POINT('',(4.783124632359,8.415921675524));
#1409 = CARTESIAN_POINT('',(4.781935227929,8.418735944811));
#1410 = CARTESIAN_POINT('',(4.780727155287,8.42154900036));
#1411 = CARTESIAN_POINT('',(4.779519380992,8.424314263203));
#1412 = CARTESIAN_POINT('',(4.778282935252,8.427101482871));
#1413 = CARTESIAN_POINT('',(4.777030825244,8.429877717286));
#1414 = CARTESIAN_POINT('',(4.775819099856,8.432505230289));
#1415 = CARTESIAN_POINT('',(4.774614127815,8.43506550568));
#1416 = CARTESIAN_POINT('',(4.772223366069,8.440039989823));
#1417 = CARTESIAN_POINT('',(4.771036341222,8.442457081404));
#1418 = CARTESIAN_POINT('',(4.769857968692,8.444803276121));
#1419 = CARTESIAN_POINT('',(4.768683317504,8.44709099605));
#1420 = CARTESIAN_POINT('',(4.767507394458,8.449332820244));
#1421 = CARTESIAN_POINT('',(4.766327540284,8.451535447758));
#1422 = CARTESIAN_POINT('',(4.765143791835,8.453698785996));
#1423 = CARTESIAN_POINT('',(4.763957943974,8.455818313139));
#1424 = CARTESIAN_POINT('',(4.762772046342,8.457888865874));
#1425 = CARTESIAN_POINT('',(4.76158706867,8.459908001191));
#1426 = CARTESIAN_POINT('',(4.755664073047,8.469753410535));
#1427 = CARTESIAN_POINT('',(4.750941904368,8.476807312244));
#1428 = CARTESIAN_POINT('',(4.746284803417,8.48288525464));
#1429 = CARTESIAN_POINT('',(4.741526606151,8.488508863383));
#1430 = CARTESIAN_POINT('',(4.736870404848,8.492971031028));
#1431 = CARTESIAN_POINT('',(4.732226675054,8.496696531548));
#1432 = CARTESIAN_POINT('',(4.727536352326,8.499800890959));
#1433 = CARTESIAN_POINT('',(4.722904654239,8.50182257035));
#1434 = CARTESIAN_POINT('',(4.718267084241,8.503196678257));
#1435 = CARTESIAN_POINT('',(4.713651858881,8.503704781274));
#1436 = CARTESIAN_POINT('',(4.707886045101,8.503319145307));
#1437 = CARTESIAN_POINT('',(4.706733529667,8.50319092319));
#1438 = CARTESIAN_POINT('',(4.705581195135,8.503011122413));
#1439 = CARTESIAN_POINT('',(4.704429535732,8.502780257205));
#1440 = CARTESIAN_POINT('',(4.703279429849,8.502499240846));
#1441 = CARTESIAN_POINT('',(4.702131682646,8.502168910583));
#1442 = CARTESIAN_POINT('',(4.700986688013,8.501789676377));
#1443 = CARTESIAN_POINT('',(4.699844209557,8.501361293476));
#1444 = CARTESIAN_POINT('',(4.698703280962,8.500882758823));
#1445 = CARTESIAN_POINT('',(4.697562225404,8.50035233129));
#1446 = CARTESIAN_POINT('',(4.695275363145,8.499183020201));
#1447 = CARTESIAN_POINT('',(4.694128359342,8.498542936254));
#1448 = CARTESIAN_POINT('',(4.692985346489,8.497855076781));
#1449 = CARTESIAN_POINT('',(4.691828128965,8.497100884431));
#1450 = CARTESIAN_POINT('',(4.690660024895,8.496283669944));
#1451 = CARTESIAN_POINT('',(4.689495866265,8.495418615502));
#1452 = CARTESIAN_POINT('',(4.688343236991,8.494513708276));
#1453 = CARTESIAN_POINT('',(4.687199860832,8.493566867755));
#1454 = CARTESIAN_POINT('',(4.686068452926,8.49258078796));
#1455 = CARTESIAN_POINT('',(4.684966749753,8.491573274287));
#1456 = CARTESIAN_POINT('',(4.682806918528,8.489500950057));
#1457 = CARTESIAN_POINT('',(4.681749731514,8.488436945158));
#1458 = CARTESIAN_POINT('',(4.680705031532,8.487336798031));
#1459 = CARTESIAN_POINT('',(4.679675246142,8.486202362377));
#1460 = CARTESIAN_POINT('',(4.678654708258,8.485029004785));
#1461 = CARTESIAN_POINT('',(4.67763252811,8.483807906326));
#1462 = CARTESIAN_POINT('',(4.676601432418,8.482533146375));
#1463 = CARTESIAN_POINT('',(4.675562070206,8.481205153292));
#1464 = CARTESIAN_POINT('',(4.674519452899,8.479827851523));
#1465 = CARTESIAN_POINT('',(4.673475364307,8.478402578863));
#1466 = CARTESIAN_POINT('',(4.671380124219,8.47545260616));
#1467 = CARTESIAN_POINT('',(4.670329714724,8.47392850624));
#1468 = CARTESIAN_POINT('',(4.669277428224,8.472355886975));
#1469 = CARTESIAN_POINT('',(4.668223699215,8.470735031521));
#1470 = CARTESIAN_POINT('',(4.667168597262,8.46906598557));
#1471 = CARTESIAN_POINT('',(4.666111939932,8.46734863076));
#1472 = CARTESIAN_POINT('',(4.665053405857,8.465582758354));
#1473 = CARTESIAN_POINT('',(4.663992647636,8.463768142615));
#1474 = CARTESIAN_POINT('',(4.662929404905,8.461904614462));
#1475 = CARTESIAN_POINT('',(4.661863617259,8.459992134914));
#1476 = CARTESIAN_POINT('',(4.656523217377,8.45018580365));
#1477 = CARTESIAN_POINT('',(4.652209228188,8.441548597002));
#1478 = CARTESIAN_POINT('',(4.64787738572,8.432185377516));
#1479 = CARTESIAN_POINT('',(4.643482927971,8.421940960137));
#1480 = CARTESIAN_POINT('',(4.639069145884,8.410986666629));
#1481 = CARTESIAN_POINT('',(4.634633376603,8.399303240564));
#1482 = CARTESIAN_POINT('',(4.630136741665,8.386736355731));
#1483 = CARTESIAN_POINT('',(4.625598279676,8.37336684829));
#1484 = CARTESIAN_POINT('',(4.621066816097,8.359388451471));
#1485 = CARTESIAN_POINT('',(4.616463027723,8.34448246771));
#1486 = CARTESIAN_POINT('',(4.610671368731,8.324906240917));
#1487 = CARTESIAN_POINT('',(4.609511004898,8.320943040805));
#1488 = CARTESIAN_POINT('',(4.608349091249,8.316933812888));
#1489 = CARTESIAN_POINT('',(4.607186533841,8.312882179854));
#1490 = CARTESIAN_POINT('',(4.606023895793,8.308790392315));
#1491 = CARTESIAN_POINT('',(4.604860941831,8.304657506633));
#1492 = CARTESIAN_POINT('',(4.603696494436,8.300478809286));
#1493 = CARTESIAN_POINT('',(4.602528601205,8.296246486575));
#1494 = CARTESIAN_POINT('',(4.601355013855,8.291951540981));
#1495 = CARTESIAN_POINT('',(4.60017397849,8.287586952993));
#1496 = CARTESIAN_POINT('',(4.597796696316,8.278717225577));
#1497 = CARTESIAN_POINT('',(4.596597976556,8.27420284372));
#1498 = CARTESIAN_POINT('',(4.595394195278,8.269626691938));
#1499 = CARTESIAN_POINT('',(4.594188861422,8.265004936954));
#1500 = CARTESIAN_POINT('',(4.592986969022,8.260358646981));
#1501 = CARTESIAN_POINT('',(4.591795219679,8.255713476558));
#1502 = CARTESIAN_POINT('',(4.590620605367,8.251095418418));
#1503 = CARTESIAN_POINT('',(4.589468483088,8.246525489221));
#1504 = CARTESIAN_POINT('',(4.588341272482,8.242016213982));
#1505 = CARTESIAN_POINT('',(4.587238907913,8.23757277603));
#1506 = CARTESIAN_POINT('',(4.585085444461,8.228830619307));
#1507 = CARTESIAN_POINT('',(4.584035616197,8.224537172771));
#1508 = CARTESIAN_POINT('',(4.583011354712,8.220318042592));
#1509 = CARTESIAN_POINT('',(4.582012743744,8.216176434689));
#1510 = CARTESIAN_POINT('',(4.581058030615,8.212196881176));
#1511 = CARTESIAN_POINT('',(4.580136778612,8.208335270432));
#1512 = CARTESIAN_POINT('',(4.579222200085,8.204474170565));
#1513 = CARTESIAN_POINT('',(4.578310780795,8.200600472709));
#1514 = CARTESIAN_POINT('',(4.577415198665,8.196773701));
#1515 = CARTESIAN_POINT('',(4.576506986716,8.192869023919));
#1516 = CARTESIAN_POINT('',(4.574669793712,8.184929079676));
#1517 = CARTESIAN_POINT('',(4.573739499462,8.180887831385));
#1518 = CARTESIAN_POINT('',(4.572801090963,8.176790046692));
#1519 = CARTESIAN_POINT('',(4.57185471406,8.172636326603));
#1520 = CARTESIAN_POINT('',(4.57090171236,8.168432198554));
#1521 = CARTESIAN_POINT('',(4.569945309881,8.164190923624));
#1522 = CARTESIAN_POINT('',(4.568989010586,8.159926914628));
#1523 = CARTESIAN_POINT('',(4.568034385344,8.155646633421));
#1524 = CARTESIAN_POINT('',(4.567079915779,8.151343836432));
#1525 = CARTESIAN_POINT('',(4.566122565557,8.147006036709));
#1526 = CARTESIAN_POINT('',(4.561328481505,8.12517111016));
#1527 = CARTESIAN_POINT('',(4.557471907016,8.10724815864));
#1528 = CARTESIAN_POINT('',(4.553482052452,8.088387797257));
#1529 = CARTESIAN_POINT('',(4.549596051806,8.069634182618));
#1530 = CARTESIAN_POINT('',(4.545557946734,8.049816322932));
#1531 = CARTESIAN_POINT('',(4.5414893378,8.029531675983));
#1532 = CARTESIAN_POINT('',(4.537452900782,8.009051986225));
#1533 = CARTESIAN_POINT('',(4.5332960574,7.987638657325));
#1534 = CARTESIAN_POINT('',(4.52912545613,7.965814085674));
#1535 = CARTESIAN_POINT('',(4.524928931739,7.943546664972));
#1536 = CARTESIAN_POINT('',(4.519613786564,7.914930815659));
#1537 = CARTESIAN_POINT('',(4.51854706852,7.909167372474));
#1538 = CARTESIAN_POINT('',(4.517477168202,7.903366616222));
#1539 = CARTESIAN_POINT('',(4.516403975612,7.897527902701));
#1540 = CARTESIAN_POINT('',(4.515327701394,7.891652460414));
#1541 = CARTESIAN_POINT('',(4.514249321314,7.885745987778));
#1542 = CARTESIAN_POINT('',(4.513170527771,7.879818370161));
#1543 = CARTESIAN_POINT('',(4.512093188412,7.873880517038));
#1544 = CARTESIAN_POINT('',(4.511018311791,7.867938318945));
#1545 = CARTESIAN_POINT('',(4.509944520115,7.86198372452));
#1546 = CARTESIAN_POINT('',(4.507787537985,7.849982150325));
#1547 = CARTESIAN_POINT('',(4.506700312103,7.843911653326));
#1548 = CARTESIAN_POINT('',(4.505642429571,7.837993377108));
#1549 = CARTESIAN_POINT('',(4.504435169677,7.83118543756));
#1550 = CARTESIAN_POINT('',(4.503527211919,7.826103338808));
#1551 = CARTESIAN_POINT('',(4.502165531926,7.818357331347));
#1552 = CARTESIAN_POINT('',(4.501124955562,7.812464168071));
#1553 = CARTESIAN_POINT('',(4.499939938119,7.805709943281));
#1554 = CARTESIAN_POINT('',(4.498830989886,7.799380063692));
#1555 = CARTESIAN_POINT('',(4.49775532403,7.793225062799));
#1556 = CARTESIAN_POINT('',(4.495721036752,7.781558999427));
#1557 = CARTESIAN_POINT('',(4.494754841546,7.776004406855));
#1558 = CARTESIAN_POINT('',(4.493908373478,7.771124093284));
#1559 = CARTESIAN_POINT('',(4.493038249689,7.766099039743));
#1560 = CARTESIAN_POINT('',(4.49234420287,7.762064704891));
#1561 = CARTESIAN_POINT('',(4.491455535989,7.756915965101));
#1562 = CARTESIAN_POINT('',(4.490813980352,7.753160818118));
#1563 = CARTESIAN_POINT('',(4.489994820788,7.748386504521));
#1564 = CARTESIAN_POINT('',(4.489185114405,7.743654500144));
#1565 = CARTESIAN_POINT('',(4.488358482824,7.738816342858));
#1566 = CARTESIAN_POINT('',(4.486676543811,7.728956262399));
#1567 = CARTESIAN_POINT('',(4.485823609797,7.723947920311));
#1568 = CARTESIAN_POINT('',(4.484957500577,7.718854381049));
#1569 = CARTESIAN_POINT('',(4.484088329299,7.713733272353));
#1570 = CARTESIAN_POINT('',(4.483223603509,7.708627375162));
#1571 = CARTESIAN_POINT('',(4.482364058102,7.703540880239));
#1572 = CARTESIAN_POINT('',(4.481505681212,7.698450931205));
#1573 = CARTESIAN_POINT('',(4.480644362803,7.693334112503));
#1574 = CARTESIAN_POINT('',(4.479779596569,7.688187542399));
#1575 = CARTESIAN_POINT('',(4.478913664986,7.683024229633));
#1576 = CARTESIAN_POINT('',(4.474559029726,7.65701484905));
#1577 = CARTESIAN_POINT('',(4.471004493601,7.63564433613));
#1578 = CARTESIAN_POINT('',(4.467339727407,7.613469710909));
#1579 = CARTESIAN_POINT('',(4.463808975248,7.591940304946));
#1580 = CARTESIAN_POINT('',(4.459988802061,7.568528550703));
#1581 = CARTESIAN_POINT('',(4.456221357268,7.545308824901));
#1582 = CARTESIAN_POINT('',(4.452507920293,7.522256186702));
#1583 = CARTESIAN_POINT('',(4.448509010675,7.497319550687));
#1584 = CARTESIAN_POINT('',(4.444645482197,7.473087366321));
#1585 = CARTESIAN_POINT('',(4.440659473159,7.447960125937));
#1586 = CARTESIAN_POINT('',(4.435602155174,7.415913712995));
#1587 = CARTESIAN_POINT('',(4.43458691832,7.409472521739));
#1588 = CARTESIAN_POINT('',(4.433569109654,7.40300721571));
#1589 = CARTESIAN_POINT('',(4.432548221871,7.396514497012));
#1590 = CARTESIAN_POINT('',(4.431525480408,7.390002315355));
#1591 = CARTESIAN_POINT('',(4.430503481736,7.383487519743));
#1592 = CARTESIAN_POINT('',(4.429483887748,7.376980893044));
#1593 = CARTESIAN_POINT('',(4.428465036367,7.370471641498));
#1594 = CARTESIAN_POINT('',(4.427441327502,7.363923409446));
#1595 = CARTESIAN_POINT('',(4.426406244467,7.357293891351));
#1596 = CARTESIAN_POINT('',(4.424315495878,7.343886331999));
#1597 = CARTESIAN_POINT('',(4.42325699382,7.33708990491));
#1598 = CARTESIAN_POINT('',(4.42219668031,7.330274143304));
#1599 = CARTESIAN_POINT('',(4.421084967651,7.323117433481));
#1600 = CARTESIAN_POINT('',(4.419973145011,7.315952489977));
#1601 = CARTESIAN_POINT('',(4.418888812209,7.308958420492));
#1602 = CARTESIAN_POINT('',(4.41781159384,7.302003240792));
#1603 = CARTESIAN_POINT('',(4.416746433297,7.295119151848));
#1604 = CARTESIAN_POINT('',(4.415741881733,7.288620927023));
#1605 = CARTESIAN_POINT('',(4.414790360495,7.282459162112));
#1606 = CARTESIAN_POINT('',(4.412962403989,7.270610656125));
#1607 = CARTESIAN_POINT('',(4.412087146397,7.264931589627));
#1608 = CARTESIAN_POINT('',(4.411246143863,7.259468964687));
#1609 = CARTESIAN_POINT('',(4.410431578756,7.254173091408));
#1610 = CARTESIAN_POINT('',(4.409634868568,7.24898950078));
#1611 = CARTESIAN_POINT('',(4.408848620953,7.243871160193));
#1612 = CARTESIAN_POINT('',(4.408067794854,7.238785729131));
#1613 = CARTESIAN_POINT('',(4.40728990664,7.233716846716));
#1614 = CARTESIAN_POINT('',(4.406514119355,7.228658441349));
#1615 = CARTESIAN_POINT('',(4.40573905396,7.223601054156));
#1616 = CARTESIAN_POINT('',(4.404179267676,7.213417279235));
#1617 = CARTESIAN_POINT('',(4.403395280021,7.208295440918));
#1618 = CARTESIAN_POINT('',(4.402603302122,7.203118170219));
#1619 = CARTESIAN_POINT('',(4.401802712994,7.197881406876));
#1620 = CARTESIAN_POINT('',(4.400994616922,7.192592375985));
#1621 = CARTESIAN_POINT('',(4.400180674022,7.187261937198));
#1622 = CARTESIAN_POINT('',(4.399362310258,7.181899418551));
#1623 = CARTESIAN_POINT('',(4.398540307726,7.176509935548));
#1624 = CARTESIAN_POINT('',(4.397714774279,7.17109419482));
#1625 = CARTESIAN_POINT('',(4.39688549336,7.165650782968));
#1626 = CARTESIAN_POINT('',(4.392721293473,7.13830156886));
#1627 = CARTESIAN_POINT('',(4.389331722084,7.115990752124));
#1628 = CARTESIAN_POINT('',(4.385851768817,7.093039940156));
#1629 = CARTESIAN_POINT('',(4.382308038475,7.069620405594));
#1630 = CARTESIAN_POINT('',(4.378704095979,7.045755214138));
#1631 = CARTESIAN_POINT('',(4.375027023181,7.021360959254));
#1632 = CARTESIAN_POINT('',(4.371272416,6.996408879905));
#1633 = CARTESIAN_POINT('',(4.36745018692,6.970962741776));
#1634 = CARTESIAN_POINT('',(4.363565831267,6.945058621051));
#1635 = CARTESIAN_POINT('',(4.359604112563,6.918599491606));
#1636 = CARTESIAN_POINT('',(4.354566991809,6.884906721256));
#1637 = CARTESIAN_POINT('',(4.353555287893,6.87813700544));
#1638 = CARTESIAN_POINT('',(4.352539274883,6.871335938318));
#1639 = CARTESIAN_POINT('',(4.351518923421,6.864503330299));
#1640 = CARTESIAN_POINT('',(4.350494204211,6.857638991854));
#1641 = CARTESIAN_POINT('',(4.349465087863,6.850742733359));
#1642 = CARTESIAN_POINT('',(4.348431545098,6.843814365303));
#1643 = CARTESIAN_POINT('',(4.347393546531,6.836853698069));
#1644 = CARTESIAN_POINT('',(4.346351062859,6.82986054212));
#1645 = CARTESIAN_POINT('',(4.34530406473,6.82283470787));
#1646 = CARTESIAN_POINT('',(4.343200980895,6.808717303644));
#1647 = CARTESIAN_POINT('',(4.342145708754,6.801631268095));
#1648 = CARTESIAN_POINT('',(4.341083586264,6.794496582036));
#1649 = CARTESIAN_POINT('',(4.340018696933,6.787340973604));
#1650 = CARTESIAN_POINT('',(4.338952224526,6.780172428526));
#1651 = CARTESIAN_POINT('',(4.337881155059,6.772970352129));
#1652 = CARTESIAN_POINT('',(4.336802194912,6.765712246343));
#1653 = CARTESIAN_POINT('',(4.335717082036,6.758409869617));
#1654 = CARTESIAN_POINT('',(4.334635231145,6.751127247431));
#1655 = CARTESIAN_POINT('',(4.33356942029,6.743951303978));
#1656 = CARTESIAN_POINT('',(4.331470560243,6.729817267153));
#1657 = CARTESIAN_POINT('',(4.330441960458,6.722889319836));
#1658 = CARTESIAN_POINT('',(4.329421316307,6.71601363732));
#1659 = CARTESIAN_POINT('',(4.328459007922,6.709531031203));
#1660 = CARTESIAN_POINT('',(4.327532385085,6.703288511072));
#1661 = CARTESIAN_POINT('',(4.326613621268,6.697098353077));
#1662 = CARTESIAN_POINT('',(4.32570528432,6.690978313838));
#1663 = CARTESIAN_POINT('',(4.324812456717,6.684962830481));
#1664 = CARTESIAN_POINT('',(4.323916730188,6.678927585109));
#1665 = CARTESIAN_POINT('',(4.323005130861,6.672785709044));
#1666 = CARTESIAN_POINT('',(4.321166866793,6.660400596192));
#1667 = CARTESIAN_POINT('',(4.320239644349,6.654153624348));
#1668 = CARTESIAN_POINT('',(4.31930647554,6.647866644534));
#1669 = CARTESIAN_POINT('',(4.318368839932,6.641549598896));
#1670 = CARTESIAN_POINT('',(4.317429388399,6.635220300794));
#1671 = CARTESIAN_POINT('',(4.316491491097,6.628901396563));
#1672 = CARTESIAN_POINT('',(4.315557671311,6.622609842282));
#1673 = CARTESIAN_POINT('',(4.31462810001,6.616346786486));
#1674 = CARTESIAN_POINT('',(4.313700324585,6.610095748292));
#1675 = CARTESIAN_POINT('',(4.312771406602,6.603836981909));
#1676 = CARTESIAN_POINT('',(4.308132584918,6.572581658611));
#1677 = CARTESIAN_POINT('',(4.304428506345,6.547623518141));
#1678 = CARTESIAN_POINT('',(4.300660785218,6.522236697013));
#1679 = CARTESIAN_POINT('',(4.296993336675,6.497523457601));
#1680 = CARTESIAN_POINT('',(4.293268010634,6.472419705727));
#1681 = CARTESIAN_POINT('',(4.289525436099,6.447199710102));
#1682 = CARTESIAN_POINT('',(4.285823829925,6.422254618677));
#1683 = CARTESIAN_POINT('',(4.282105344435,6.397194406157));
#1684 = CARTESIAN_POINT('',(4.278391416788,6.37216460687));
#1685 = CARTESIAN_POINT('',(4.274664025527,6.347043560537));
#1686 = CARTESIAN_POINT('',(4.270020846285,6.315748916083));
#1687 = CARTESIAN_POINT('',(4.269092974289,6.309495056166));
#1688 = CARTESIAN_POINT('',(4.268165672316,6.303244966101));
#1689 = CARTESIAN_POINT('',(4.267238647162,6.29699668076));
#1690 = CARTESIAN_POINT('',(4.266311276609,6.290746030018));
#1691 = CARTESIAN_POINT('',(4.265382598792,6.284486567034));
#1692 = CARTESIAN_POINT('',(4.264451520246,6.278210963266));
#1693 = CARTESIAN_POINT('',(4.263517243096,6.271913870979));
#1694 = CARTESIAN_POINT('',(4.262579910875,6.265596252378));
#1695 = CARTESIAN_POINT('',(4.26164147343,6.25927117618));
#1696 = CARTESIAN_POINT('',(4.259772067724,6.246670985819));
#1697 = CARTESIAN_POINT('',(4.258837331784,6.240370618615));
#1698 = CARTESIAN_POINT('',(4.257925762338,6.234225476213));
#1699 = CARTESIAN_POINT('',(4.256972656068,6.227801879036));
#1700 = CARTESIAN_POINT('',(4.256089299907,6.221845736609));
#1701 = CARTESIAN_POINT('',(4.255211671615,6.215927934283));
#1702 = CARTESIAN_POINT('',(4.254297456523,6.209764854377));
#1703 = CARTESIAN_POINT('',(4.253398595164,6.203704632173));
#1704 = CARTESIAN_POINT('',(4.252467941947,6.197431270298));
#1705 = CARTESIAN_POINT('',(4.251510530286,6.190978505312));
#1706 = CARTESIAN_POINT('',(4.249520050279,6.177565774805));
#1707 = CARTESIAN_POINT('',(4.24848687026,6.170605150585));
#1708 = CARTESIAN_POINT('',(4.247411894275,6.163364091285));
#1709 = CARTESIAN_POINT('',(4.246325452902,6.156049685866));
#1710 = CARTESIAN_POINT('',(4.245216805646,6.148588559757));
#1711 = CARTESIAN_POINT('',(4.244088239447,6.140996371639));
#1712 = CARTESIAN_POINT('',(4.242965594471,6.133449678638));
#1713 = CARTESIAN_POINT('',(4.241862315422,6.126040360397));
#1714 = CARTESIAN_POINT('',(4.240763463063,6.118666317344));
#1715 = CARTESIAN_POINT('',(4.239664769489,6.1112981662));
#1716 = CARTESIAN_POINT('',(4.237474788283,6.096622115674));
#1717 = CARTESIAN_POINT('',(4.236382824981,6.089309608847));
#1718 = CARTESIAN_POINT('',(4.235291576982,6.082006690357));
#1719 = CARTESIAN_POINT('',(4.234199758215,6.07470449854));
#1720 = CARTESIAN_POINT('',(4.233106891052,6.067399742037));
#1721 = CARTESIAN_POINT('',(4.232013088942,6.060093201673));
#1722 = CARTESIAN_POINT('',(4.230918838878,6.052788232339));
#1723 = CARTESIAN_POINT('',(4.229824784066,6.045489264862));
#1724 = CARTESIAN_POINT('',(4.228731506392,6.038200307894));
#1725 = CARTESIAN_POINT('',(4.227639309051,6.030923449776));
#1726 = CARTESIAN_POINT('',(4.222182759168,5.994593003027));
#1727 = CARTESIAN_POINT('',(4.217834656719,5.965721217105));
#1728 = CARTESIAN_POINT('',(4.21349195938,5.936961149025));
#1729 = CARTESIAN_POINT('',(4.209157254661,5.908330717486));
#1730 = CARTESIAN_POINT('',(4.204834405508,5.879856578505));
#1731 = CARTESIAN_POINT('',(4.200523880015,5.851541929183));
#1732 = CARTESIAN_POINT('',(4.196223462824,5.823371465974));
#1733 = CARTESIAN_POINT('',(4.19193135598,5.795332812677));
#1734 = CARTESIAN_POINT('',(4.187648676786,5.767433733904));
#1735 = CARTESIAN_POINT('',(4.1833783604,5.739694449318));
#1736 = CARTESIAN_POINT('',(4.16207393223,5.601694023986));
#1737 = CARTESIAN_POINT('',(4.145195961173,5.49361385803));
#1738 = CARTESIAN_POINT('',(4.128481934839,5.38785153338));
#1739 = CARTESIAN_POINT('',(4.111930632734,5.284405300612));
#1740 = CARTESIAN_POINT('',(4.095541240679,5.183273993927));
#1741 = CARTESIAN_POINT('',(4.079313350723,5.084457031084));
#1742 = CARTESIAN_POINT('',(4.063246961252,4.987954413481));
#1743 = CARTESIAN_POINT('',(4.047342476883,4.893766726077));
#1744 = CARTESIAN_POINT('',(4.031600708546,4.801895137452));
#1745 = CARTESIAN_POINT('',(4.016022873434,4.71234139977));
#1746 = CARTESIAN_POINT('',(3.996757525422,4.603299461053));
#1747 = CARTESIAN_POINT('',(3.992914687768,4.581635920398));
#1748 = CARTESIAN_POINT('',(3.989082074979,4.560117215922));
#1749 = CARTESIAN_POINT('',(3.98525967998,4.538743336725));
#1750 = CARTESIAN_POINT('',(3.98144749568,4.517514271891));
#1751 = CARTESIAN_POINT('',(3.977645515015,4.496430010526));
#1752 = CARTESIAN_POINT('',(3.973853730885,4.475490541712));
#1753 = CARTESIAN_POINT('',(3.970072136227,4.454695854553));
#1754 = CARTESIAN_POINT('',(3.966300723948,4.434045938135));
#1755 = CARTESIAN_POINT('',(3.962539486975,4.413540781556));
#1756 = CARTESIAN_POINT('',(3.955037349472,4.372819966263));
#1757 = CARTESIAN_POINT('',(3.951295348974,4.352598638305));
#1758 = CARTESIAN_POINT('',(3.947567490278,4.332542314898));
#1759 = CARTESIAN_POINT('',(3.943845874837,4.312610636623));
#1760 = CARTESIAN_POINT('',(3.940132809204,4.292815376789));
#1761 = CARTESIAN_POINT('',(3.936433622324,4.273183750378));
#1762 = CARTESIAN_POINT('',(3.932747080768,4.253709443628));
#1763 = CARTESIAN_POINT('',(3.929066808049,4.234359856376));
#1764 = CARTESIAN_POINT('',(3.92539256203,4.215133712221));
#1765 = CARTESIAN_POINT('',(3.92173567279,4.19608885507));
#1766 = CARTESIAN_POINT('',(3.917176570813,4.172459928189));
#1767 = CARTESIAN_POINT('',(3.916265569427,4.167744117867));
#1768 = CARTESIAN_POINT('',(3.915354589514,4.163034205848));
#1769 = CARTESIAN_POINT('',(3.914443281511,4.158328405723));
#1770 = CARTESIAN_POINT('',(3.913531667493,4.153626831288));
#1771 = CARTESIAN_POINT('',(3.912620064928,4.148931106484));
#1772 = CARTESIAN_POINT('',(3.911709010306,4.144243975212));
#1773 = CARTESIAN_POINT('',(3.910799182911,4.139568911315));
#1774 = CARTESIAN_POINT('',(3.909891328457,4.134909728378));
#1775 = CARTESIAN_POINT('',(3.908986182831,4.130270189686));
#1776 = CARTESIAN_POINT('',(3.907182608705,4.121037046461));
#1777 = CARTESIAN_POINT('',(3.906283779918,4.116441649208));
#1778 = CARTESIAN_POINT('',(3.905390098919,4.111877717606));
#1779 = CARTESIAN_POINT('',(3.90449589491,4.107317074253));
#1780 = CARTESIAN_POINT('',(3.903596820652,4.102737905759));
#1781 = CARTESIAN_POINT('',(3.902692064286,4.09813560593));
#1782 = CARTESIAN_POINT('',(3.901782262487,4.093512656777));
#1783 = CARTESIAN_POINT('',(3.900865788902,4.088860575582));
#1784 = CARTESIAN_POINT('',(3.899936091105,4.084146955207));
#1785 = CARTESIAN_POINT('',(3.898982750046,4.07932062588));
#1786 = CARTESIAN_POINT('',(3.897015120624,4.069375305709));
#1787 = CARTESIAN_POINT('',(3.896005260299,4.064278415301));
#1788 = CARTESIAN_POINT('',(3.894927444961,4.058848081742));
#1789 = CARTESIAN_POINT('',(3.893900556238,4.053679854756));
#1790 = CARTESIAN_POINT('',(3.892669780392,4.047498880941));
#1791 = CARTESIAN_POINT('',(3.891461206595,4.041437482877));
#1792 = CARTESIAN_POINT('',(3.890249315744,4.035368062849));
#1793 = CARTESIAN_POINT('',(3.888964835306,4.028944923852));
#1794 = CARTESIAN_POINT('',(3.887705652927,4.022658143893));
#1795 = CARTESIAN_POINT('',(3.886439962936,4.016349289909));
#1796 = CARTESIAN_POINT('',(3.883941817972,4.003919807417));
#1797 = CARTESIAN_POINT('',(3.882707440846,3.997789548471));
#1798 = CARTESIAN_POINT('',(3.881482047358,3.991714919476));
#1799 = CARTESIAN_POINT('',(3.880265404565,3.985694743591));
#1800 = CARTESIAN_POINT('',(3.879055370514,3.979718200874));
#1801 = CARTESIAN_POINT('',(3.877846806498,3.97375933339));
#1802 = CARTESIAN_POINT('',(3.876634127481,3.967789928781));
#1803 = CARTESIAN_POINT('',(3.875414829449,3.961797338045));
#1804 = CARTESIAN_POINT('',(3.874191331712,3.955793782066));
#1805 = CARTESIAN_POINT('',(3.872968472901,3.949803702639));
#1806 = CARTESIAN_POINT('',(3.866846102451,3.919863753139));
#1807 = CARTESIAN_POINT('',(3.861921789817,3.895942363601));
#1808 = CARTESIAN_POINT('',(3.857128929186,3.872848799734));
#1809 = CARTESIAN_POINT('',(3.852154151831,3.849000724976));
#1810 = CARTESIAN_POINT('',(3.847296430188,3.825907445624));
#1811 = CARTESIAN_POINT('',(3.842450981342,3.803040380044));
#1812 = CARTESIAN_POINT('',(3.837531116638,3.779961756893));
#1813 = CARTESIAN_POINT('',(3.832678297357,3.757385324528));
#1814 = CARTESIAN_POINT('',(3.827798950296,3.734839019795));
#1815 = CARTESIAN_POINT('',(3.822928830365,3.712503562029));
#1816 = CARTESIAN_POINT('',(3.798585582642,3.601682177942));
#1817 = CARTESIAN_POINT('',(3.779147619397,3.515828533705));
#1818 = CARTESIAN_POINT('',(3.75974538602,3.432777528075));
#1819 = CARTESIAN_POINT('',(3.740378203705,3.352528542014));
#1820 = CARTESIAN_POINT('',(3.721045619898,3.275081161879));
#1821 = CARTESIAN_POINT('',(3.701747408312,3.200435179412));
#1822 = CARTESIAN_POINT('',(3.682483568908,3.12859059175));
#1823 = CARTESIAN_POINT('',(3.663254327911,3.059547601418));
#1824 = CARTESIAN_POINT('',(3.6440601378,2.99330661633));
#1825 = CARTESIAN_POINT('',(3.624901677314,2.929868249793));
#1826 = CARTESIAN_POINT('',(3.600999394981,2.854074588179));
#1827 = CARTESIAN_POINT('',(3.596221160387,2.839091011119));
#1828 = CARTESIAN_POINT('',(3.59144514418,2.824282585718));
#1829 = CARTESIAN_POINT('',(3.58667134289,2.809649308378));
#1830 = CARTESIAN_POINT('',(3.581899753013,2.795191175487));
#1831 = CARTESIAN_POINT('',(3.577130371097,2.780908183453));
#1832 = CARTESIAN_POINT('',(3.572363193629,2.766800328665));
#1833 = CARTESIAN_POINT('',(3.567598217153,2.752867607526));
#1834 = CARTESIAN_POINT('',(3.56283543817,2.739110016429));
#1835 = CARTESIAN_POINT('',(3.558074853207,2.725527551775));
#1836 = CARTESIAN_POINT('',(3.548558064351,2.698712868143));
#1837 = CARTESIAN_POINT('',(3.543802531084,2.685482150111));
#1838 = CARTESIAN_POINT('',(3.539046413811,2.672420309752));
#1839 = CARTESIAN_POINT('',(3.534296205733,2.659541946291));
#1840 = CARTESIAN_POINT('',(3.529548433504,2.646839248566));
#1841 = CARTESIAN_POINT('',(3.524798836495,2.634302634234));
#1842 = CARTESIAN_POINT('',(3.5200508801,2.621939891689));
#1843 = CARTESIAN_POINT('',(3.515310994822,2.609765475099));
#1844 = CARTESIAN_POINT('',(3.510575073789,2.597770144468));
#1845 = CARTESIAN_POINT('',(3.505827903315,2.5859196854));
#1846 = CARTESIAN_POINT('',(3.499910951881,2.57135755966));
#1847 = CARTESIAN_POINT('',(3.498728333171,2.568457504107));
#1848 = CARTESIAN_POINT('',(3.497546325353,2.565569457196));
#1849 = CARTESIAN_POINT('',(3.496364685251,2.562692872646));
#1850 = CARTESIAN_POINT('',(3.495182896959,2.559826591317));
#1851 = CARTESIAN_POINT('',(3.494000162866,2.556968821211));
#1852 = CARTESIAN_POINT('',(3.492815576416,2.554117525422));
#1853 = CARTESIAN_POINT('',(3.491628475984,2.551271217496));
#1854 = CARTESIAN_POINT('',(3.490438980536,2.548430164783));
#1855 = CARTESIAN_POINT('',(3.489248706481,2.545597999256));
#1856 = CARTESIAN_POINT('',(3.486874625804,2.539969473122));
#1857 = CARTESIAN_POINT('',(3.485689625025,2.537170429363));
#1858 = CARTESIAN_POINT('',(3.484513031996,2.534400913872));
#1859 = CARTESIAN_POINT('',(3.483328842057,2.531624964886));
#1860 = CARTESIAN_POINT('',(3.482168890628,2.528914115019));
#1861 = CARTESIAN_POINT('',(3.48102983121,2.526260844748));
#1862 = CARTESIAN_POINT('',(3.479876634167,2.523586444179));
#1863 = CARTESIAN_POINT('',(3.478702648662,2.520875969104));
#1864 = CARTESIAN_POINT('',(3.477529146677,2.518177216606));
#1865 = CARTESIAN_POINT('',(3.47632273744,2.515415159174));
#1866 = CARTESIAN_POINT('',(3.473851462411,2.509780967286));
#1867 = CARTESIAN_POINT('',(3.472583493494,2.506901877832));
#1868 = CARTESIAN_POINT('',(3.471286113441,2.503967746206));
#1869 = CARTESIAN_POINT('',(3.46996334652,2.500988318937));
#1870 = CARTESIAN_POINT('',(3.468619729202,2.497974641749));
#1871 = CARTESIAN_POINT('',(3.46725982583,2.494937826742));
#1872 = CARTESIAN_POINT('',(3.465887851703,2.491888082685));
#1873 = CARTESIAN_POINT('',(3.464507403641,2.488834008494));
#1874 = CARTESIAN_POINT('',(3.463121297972,2.485782149824));
#1875 = CARTESIAN_POINT('',(3.461731515975,2.48273681883));
#1876 = CARTESIAN_POINT('',(3.458946997575,2.4766635353));
#1877 = CARTESIAN_POINT('',(3.457552643197,2.473636660099));
#1878 = CARTESIAN_POINT('',(3.456157996376,2.470623555245));
#1879 = CARTESIAN_POINT('',(3.454767365627,2.467633808691));
#1880 = CARTESIAN_POINT('',(3.453382743775,2.464671845657));
#1881 = CARTESIAN_POINT('',(3.452002962675,2.461735044378));
#1882 = CARTESIAN_POINT('',(3.450625219079,2.458817137301));
#1883 = CARTESIAN_POINT('',(3.449247367044,2.455913321107));
#1884 = CARTESIAN_POINT('',(3.44786937179,2.453023498284));
#1885 = CARTESIAN_POINT('',(3.446492320377,2.450150073581));
#1886 = CARTESIAN_POINT('',(3.43959763946,2.435833346697));
#1887 = CARTESIAN_POINT('',(3.434064728512,2.424570259186));
#1888 = CARTESIAN_POINT('',(3.42852477367,2.413520233825));
#1889 = CARTESIAN_POINT('',(3.423055041074,2.402857037032));
#1890 = CARTESIAN_POINT('',(3.417491311472,2.39221135554));
#1891 = CARTESIAN_POINT('',(3.411961964919,2.381871885962));
#1892 = CARTESIAN_POINT('',(3.406482033897,2.371872455613));
#1893 = CARTESIAN_POINT('',(3.400924249788,2.361926864516));
#1894 = CARTESIAN_POINT('',(3.395418420892,2.352326990404));
#1895 = CARTESIAN_POINT('',(3.389894499062,2.342915332313));
#1896 = CARTESIAN_POINT('',(3.362289874376,2.297035342177));
#1897 = CARTESIAN_POINT('',(3.340209056601,2.26400104642));
#1898 = CARTESIAN_POINT('',(3.318130892697,2.234635407633));
#1899 = CARTESIAN_POINT('',(3.296055211848,2.208937647543));
#1900 = CARTESIAN_POINT('',(3.273981900527,2.186907249002));
#1901 = CARTESIAN_POINT('',(3.2519109025,2.168543955963));
#1902 = CARTESIAN_POINT('',(3.229842218811,2.15384777351));
#1903 = CARTESIAN_POINT('',(3.207775907806,2.142818967827));
#1904 = CARTESIAN_POINT('',(3.185712085108,2.135458066224));
#1905 = CARTESIAN_POINT('',(3.163650923635,2.131765857119));
#1906 = CARTESIAN_POINT('',(3.14159265359,2.131743390049));
#1907 = ( GEOMETRIC_REPRESENTATION_CONTEXT(2) 
PARAMETRIC_REPRESENTATION_CONTEXT() REPRESENTATION_CONTEXT('2D SPACE',''
  ) );
#1908 = PCURVE('',#704,#1909);
#1909 = DEFINITIONAL_REPRESENTATION('',(#1910),#1923);
#1910 = B_SPLINE_CURVE_WITH_KNOTS('',6,(#1911,#1912,#1913,#1914,#1915,
    #1916,#1917,#1918,#1919,#1920,#1921,#1922),.UNSPECIFIED.,.F.,.F.,(7,
    5,7),(0.793262481706,1.042901163338,1.292539844969),.UNSPECIFIED.);
#1911 = CARTESIAN_POINT('',(3.141557110021,104.2566983826));
#1912 = CARTESIAN_POINT('',(2.884631957187,104.25684985254));
#1913 = CARTESIAN_POINT('',(2.629779346476,103.51967751493));
#1914 = CARTESIAN_POINT('',(2.360916277718,102.23594485668));
#1915 = CARTESIAN_POINT('',(2.245980295382,101.0944546716));
#1916 = CARTESIAN_POINT('',(1.863572640454,99.413214287686));
#1917 = CARTESIAN_POINT('',(1.868008137164,94.787225037698));
#1918 = CARTESIAN_POINT('',(2.247409317505,93.272345424403));
#1919 = CARTESIAN_POINT('',(2.358080004018,91.902122342029));
#1920 = CARTESIAN_POINT('',(2.640717712028,90.761684843175));
#1921 = CARTESIAN_POINT('',(2.881710174543,90.000730103742));
#1922 = CARTESIAN_POINT('',(3.141557110543,90.000810134335));
#1923 = ( GEOMETRIC_REPRESENTATION_CONTEXT(2) 
PARAMETRIC_REPRESENTATION_CONTEXT() REPRESENTATION_CONTEXT('2D SPACE',''
  ) );
#1924 = ADVANCED_FACE('',(#1925),#704,.F.);
#1925 = FACE_BOUND('',#1926,.F.);
#1926 = EDGE_LOOP('',(#1927,#1928));
#1927 = ORIENTED_EDGE('',*,*,#108,.T.);
#1928 = ORIENTED_EDGE('',*,*,#760,.T.);
#1929 = ADVANCED_FACE('',(#1930),#73,.F.);
#1930 = FACE_BOUND('',#1931,.F.);
#1931 = EDGE_LOOP('',(#1932,#1933));
#1932 = ORIENTED_EDGE('',*,*,#737,.T.);
#1933 = ORIENTED_EDGE('',*,*,#56,.T.);
#1934 = ( GEOMETRIC_REPRESENTATION_CONTEXT(3) 
GLOBAL_UNCERTAINTY_ASSIGNED_CONTEXT((#1938)) 
GLOBAL_UNIT_ASSIGNED_CONTEXT((#1935,#1936,#1937)) REPRESENTATION_CONTEXT
('Context #1','3D Context with UNIT and UNCERTAINTY') );
#1935 = ( LENGTH_UNIT() NAMED_UNIT(*) SI_UNIT(.MILLI.,.METRE.) );
#1936 = ( NAMED_UNIT(*) PLANE_ANGLE_UNIT() SI_UNIT($,.RADIAN.) );
#1937 = ( NAMED_UNIT(*) SI_UNIT($,.STERADIAN.) SOLID_ANGLE_UNIT() );
#1938 = UNCERTAINTY_MEASURE_WITH_UNIT(LENGTH_MEASURE(0.1),#1935,
  'distance_accuracy_value','confusion accuracy');
#1939 = PRODUCT_RELATED_PRODUCT_CATEGORY('part',$,(#7));
ENDSEC;
END-ISO-10303-21;
