ISO-10303-21;
HEADER;
FILE_DESCRIPTION(('Open CASCADE Model'),'2;1');
FILE_NAME('Open CASCADE Shape Model','2026-10-07T15:24:24',('Author'),(
    'Open CASCADE'),'Open CASCADE STEP processor 7.9','Open CASCADE 7.9'
  ,'Unknown');
FILE_SCHEMA(('AUTOMOTIVE_DESIGN { 1 0 10303 214 1 1 1 1 }'));
ENDSEC;
DATA;
#1 = APPLICATION_PROTOCOL_DEFINITION('international standard',
  'automotive_design',2000,#2);
#2 = APPLICATION_CONTEXT(
  'core data for automotive mechanical design processes');
#3 = SHAPE_DEFINITION_REPRESENTATION(#4,#10);
#4 = PRODUCT_DEFINITION_SHAPE('','',#5);
#5 = PRODUCT_DEFINITION('design','',#6,#9);
#6 = PRODUCT_DEFINITION_FORMATION('','',#7);
#7 = PRODUCT('Open CASCADE STEP translator 7.9 7',
  'Open CASCADE STEP translator 7.9 7','',(#8));
#8 = PRODUCT_CONTEXT('',#2,'mechanical');
#9 = PRODUCT_DEFINITION_CONTEXT('part definition',#2,'design');
#10 = ADVANCED_BREP_SHAPE_REPRESENTATION('',(#11,#15),#5861);
#11 = AXIS2_PLACEMENT_3D('',#12,#13,#14);
#12 = CARTESIAN_POINT('',(0.,0.,0.));
#13 = DIRECTION('',(0.,0.,1.));
#14 = DIRECTION('',(1.,0.,-0.));
#15 = MANIFOLD_SOLID_BREP('',#16);
#16 = CLOSED_SHELL('',(#17,#1776,#1929,#2162,#2387,#2502,#2706,#2964,
    #3014,#3297,#3506,#3708,#3714,#3794,#3828,#3905,#3938,#4017,#4050,
    #4151,#4184,#4261,#4294,#4371,#4404,#4483,#4516,#4934,#5294,#5371,
    #5404,#5548,#5574,#5601,#5671,#5705,#5779,#5807,#5854));
#17 = ADVANCED_FACE('',(#18),#33,.T.);
#18 = FACE_BOUND('',#19,.T.);
#19 = EDGE_LOOP('',(#20,#80,#121,#1596));
#20 = ORIENTED_EDGE('',*,*,#21,.T.);
#21 = EDGE_CURVE('',#22,#24,#26,.T.);
#22 = VERTEX_POINT('',#23);
#23 = CARTESIAN_POINT('',(-19.26854848981,-290.0160697827,
    303.89975680799));
#24 = VERTEX_POINT('',#25);
#25 = CARTESIAN_POINT('',(-17.67985721386,-285.4350887584,
    304.00634532333));
#26 = SURFACE_CURVE('',#27,(#32,#56),.PCURVE_S1.);
#27 = CIRCLE('',#28,2.5612494996);
#28 = AXIS2_PLACEMENT_3D('',#29,#30,#31);
#29 = CARTESIAN_POINT('',(-17.695180006,-287.9955994095,303.94676834028)
  );
#30 = DIRECTION('',(6.026672487881E-13,2.32613219594E-02,-0.999729418843
    ));
#31 = DIRECTION('',(-5.982545681735E-03,-0.999711528099,
    -2.32609056844E-02));
#32 = PCURVE('',#33,#50);
#33 = SURFACE_OF_REVOLUTION('',#34,#47);
#34 = B_SPLINE_CURVE_WITH_KNOTS('',6,(#35,#36,#37,#38,#39,#40,#41,#42,
    #43,#44,#45,#46),.UNSPECIFIED.,.F.,.F.,(7,5,7),(5.608053774243,
    6.478337448966,7.34862112369),.UNSPECIFIED.);
#35 = CARTESIAN_POINT('',(-17.71050279813,-290.5561100606,
    303.88719135724));
#36 = CARTESIAN_POINT('',(-17.7115874881,-290.7320992144,303.6565802259)
  );
#37 = CARTESIAN_POINT('',(-17.71243636835,-290.8679493941,
    303.39533733857));
#38 = CARTESIAN_POINT('',(-17.7130083736,-290.9569977365,303.11218952951
    ));
#39 = CARTESIAN_POINT('',(-17.71327726597,-290.9951060878,
    302.81782530354));
#40 = CARTESIAN_POINT('',(-17.71323706543,-290.9815407559,
    302.52368279005));
#41 = CARTESIAN_POINT('',(-17.71256398219,-290.8558255919,
    301.95727776235));
#42 = CARTESIAN_POINT('',(-17.71193110154,-290.7436761422,
    301.68501697104));
#43 = CARTESIAN_POINT('',(-17.71101460526,-290.5846115317,
    301.43441723845));
#44 = CARTESIAN_POINT('',(-17.70984601298,-290.384135611,301.21553220955
    ));
#45 = CARTESIAN_POINT('',(-17.70847369258,-290.1505198646,
    301.03629594691));
#46 = CARTESIAN_POINT('',(-17.70695512663,-289.8934934965,
    300.90179690299));
#47 = AXIS1_PLACEMENT('',#48,#49);
#48 = CARTESIAN_POINT('',(-17.695180006,-287.966522757,302.69710656673)
  );
#49 = DIRECTION('',(6.047861984028E-13,2.326132195937E-02,
    -0.999729418843));
#50 = DEFINITIONAL_REPRESENTATION('',(#51),#55);
#51 = LINE('',#52,#53);
#52 = CARTESIAN_POINT('',(-1.432187701766E-14,5.608053774244));
#53 = VECTOR('',#54,1.);
#54 = DIRECTION('',(1.,-2.836648897833E-13));
#55 = ( GEOMETRIC_REPRESENTATION_CONTEXT(2) 
PARAMETRIC_REPRESENTATION_CONTEXT() REPRESENTATION_CONTEXT('2D SPACE',''
  ) );
#56 = PCURVE('',#57,#74);
#57 = SURFACE_OF_REVOLUTION('',#58,#71);
#58 = B_SPLINE_CURVE_WITH_KNOTS('',6,(#59,#60,#61,#62,#63,#64,#65,#66,
    #67,#68,#69,#70),.UNSPECIFIED.,.F.,.F.,(7,5,7),(5.608053774243,
    6.478337448967,7.348621123691),.UNSPECIFIED.);
#59 = CARTESIAN_POINT('',(-17.67985721386,-285.4350887584,
    304.00634532333));
#60 = CARTESIAN_POINT('',(-17.6787725239,-285.2590996046,304.23695645467
    ));
#61 = CARTESIAN_POINT('',(-17.67792364365,-285.1232494249,304.498199342)
  );
#62 = CARTESIAN_POINT('',(-17.67735163839,-285.0342010824,
    304.78134715106));
#63 = CARTESIAN_POINT('',(-17.67708274602,-284.9960927312,
    305.07571137703));
#64 = CARTESIAN_POINT('',(-17.67712294656,-285.0096580631,
    305.36985389052));
#65 = CARTESIAN_POINT('',(-17.67779602981,-285.1353732271,
    305.93625891822));
#66 = CARTESIAN_POINT('',(-17.67842891046,-285.2475226767,
    306.20851970953));
#67 = CARTESIAN_POINT('',(-17.67934540673,-285.4065872873,
    306.45911944213));
#68 = CARTESIAN_POINT('',(-17.68051399901,-285.607063208,306.67800447102
    ));
#69 = CARTESIAN_POINT('',(-17.68188631942,-285.8406789544,
    306.85724073366));
#70 = CARTESIAN_POINT('',(-17.68340488537,-286.0977053224,
    306.99173977758));
#71 = AXIS1_PLACEMENT('',#72,#73);
#72 = CARTESIAN_POINT('',(-17.695180006,-288.0246760619,305.19643011384)
  );
#73 = DIRECTION('',(-6.865956141921E-13,-2.326132195943E-02,
    0.999729418843));
#74 = DEFINITIONAL_REPRESENTATION('',(#75),#79);
#75 = LINE('',#76,#77);
#76 = CARTESIAN_POINT('',(3.141592653589,5.608053774243));
#77 = VECTOR('',#78,1.);
#78 = DIRECTION('',(-1.,7.824006405864E-14));
#79 = ( GEOMETRIC_REPRESENTATION_CONTEXT(2) 
PARAMETRIC_REPRESENTATION_CONTEXT() REPRESENTATION_CONTEXT('2D SPACE',''
  ) );
#80 = ORIENTED_EDGE('',*,*,#81,.T.);
#81 = EDGE_CURVE('',#24,#82,#84,.T.);
#82 = VERTEX_POINT('',#83);
#83 = CARTESIAN_POINT('',(-17.68340488537,-285.9581373907,
    300.99336326452));
#84 = SURFACE_CURVE('',#85,(#90,#97),.PCURVE_S1.);
#85 = CIRCLE('',#86,2.);
#86 = AXIS2_PLACEMENT_3D('',#87,#88,#89);
#87 = CARTESIAN_POINT('',(-17.68919746031,-286.9668112289,
    302.72036747241));
#88 = DIRECTION('',(-0.999982104413,5.980926917683E-03,
    1.391619206357E-04));
#89 = DIRECTION('',(-5.980926975596E-03,-0.999982114096,3.5381624998E-18
    ));
#90 = PCURVE('',#33,#91);
#91 = DEFINITIONAL_REPRESENTATION('',(#92),#96);
#92 = LINE('',#93,#94);
#93 = CARTESIAN_POINT('',(3.14159265359,3.164855657637));
#94 = VECTOR('',#95,1.);
#95 = DIRECTION('',(-6.327484200898E-14,1.));
#96 = ( GEOMETRIC_REPRESENTATION_CONTEXT(2) 
PARAMETRIC_REPRESENTATION_CONTEXT() REPRESENTATION_CONTEXT('2D SPACE',''
  ) );
#97 = PCURVE('',#98,#115);
#98 = SURFACE_OF_REVOLUTION('',#99,#112);
#99 = B_SPLINE_CURVE_WITH_KNOTS('',6,(#100,#101,#102,#103,#104,#105,#106
    ,#107,#108,#109,#110,#111),.UNSPECIFIED.,.F.,.F.,(7,5,7),(
    5.608053774242,6.478337448966,7.34862112369),.UNSPECIFIED.);
#100 = CARTESIAN_POINT('',(-17.71050279813,-290.5561100606,
    303.88719135724));
#101 = CARTESIAN_POINT('',(-17.7115874881,-290.7320992144,303.6565802259
    ));
#102 = CARTESIAN_POINT('',(-17.71243636835,-290.8679493941,
    303.39533733857));
#103 = CARTESIAN_POINT('',(-17.7130083736,-290.9569977365,
    303.11218952951));
#104 = CARTESIAN_POINT('',(-17.71327726597,-290.9951060878,
    302.81782530354));
#105 = CARTESIAN_POINT('',(-17.71323706543,-290.9815407559,
    302.52368279005));
#106 = CARTESIAN_POINT('',(-17.71256398219,-290.8558255919,
    301.95727776235));
#107 = CARTESIAN_POINT('',(-17.71193110153,-290.7436761422,
    301.68501697104));
#108 = CARTESIAN_POINT('',(-17.71101460526,-290.5846115317,
    301.43441723844));
#109 = CARTESIAN_POINT('',(-17.70984601298,-290.384135611,
    301.21553220955));
#110 = CARTESIAN_POINT('',(-17.70847369258,-290.1505198646,
    301.03629594691));
#111 = CARTESIAN_POINT('',(-17.70695512663,-289.8934934965,
    300.90179690299));
#112 = AXIS1_PLACEMENT('',#113,#114);
#113 = CARTESIAN_POINT('',(-17.695180006,-287.966522757,302.69710656673)
  );
#114 = DIRECTION('',(6.047861984028E-13,2.326132195937E-02,
    -0.999729418843));
#115 = DEFINITIONAL_REPRESENTATION('',(#116),#120);
#116 = LINE('',#117,#118);
#117 = CARTESIAN_POINT('',(3.14159265359,3.164855657636));
#118 = VECTOR('',#119,1.);
#119 = DIRECTION('',(-7.526644513161E-14,1.));
#120 = ( GEOMETRIC_REPRESENTATION_CONTEXT(2) 
PARAMETRIC_REPRESENTATION_CONTEXT() REPRESENTATION_CONTEXT('2D SPACE',''
  ) );
#121 = ORIENTED_EDGE('',*,*,#122,.F.);
#122 = EDGE_CURVE('',#123,#82,#125,.T.);
#123 = VERTEX_POINT('',#124);
#124 = CARTESIAN_POINT('',(-18.67366032195,-289.6331495706,
    300.90785448594));
#125 = SURFACE_CURVE('',#126,(#131,#138),.PCURVE_S1.);
#126 = CIRCLE('',#127,1.968245836552);
#127 = AXIS2_PLACEMENT_3D('',#128,#129,#130);
#128 = CARTESIAN_POINT('',(-17.695180006,-287.9258154436,300.94758008376
    ));
#129 = DIRECTION('',(6.047943450303E-13,2.326132195937E-02,
    -0.999729418843));
#130 = DIRECTION('',(-5.982545681734E-03,-0.999711528099,
    -2.326090568437E-02));
#131 = PCURVE('',#33,#132);
#132 = DEFINITIONAL_REPRESENTATION('',(#133),#137);
#133 = LINE('',#134,#135);
#134 = CARTESIAN_POINT('',(-2.171707258469E-12,7.348621123687));
#135 = VECTOR('',#136,1.);
#136 = DIRECTION('',(1.,2.728478935208E-12));
#137 = ( GEOMETRIC_REPRESENTATION_CONTEXT(2) 
PARAMETRIC_REPRESENTATION_CONTEXT() REPRESENTATION_CONTEXT('2D SPACE',''
  ) );
#138 = PCURVE('',#139,#1584);
#139 = B_SPLINE_SURFACE_WITH_KNOTS('',10,10,(
    (#140,#141,#142,#143,#144,#145,#146,#147,#148,#149,#150,#151,#152
      ,#153,#154,#155,#156,#157,#158,#159,#160,#161,#162,#163,#164,#165
      ,#166,#167,#168,#169,#170,#171,#172,#173,#174,#175,#176,#177)
    ,(#178,#179,#180,#181,#182,#183,#184,#185,#186,#187,#188,#189,#190
      ,#191,#192,#193,#194,#195,#196,#197,#198,#199,#200,#201,#202,#203
      ,#204,#205,#206,#207,#208,#209,#210,#211,#212,#213,#214,#215)
    ,(#216,#217,#218,#219,#220,#221,#222,#223,#224,#225,#226,#227,#228
      ,#229,#230,#231,#232,#233,#234,#235,#236,#237,#238,#239,#240,#241
      ,#242,#243,#244,#245,#246,#247,#248,#249,#250,#251,#252,#253)
    ,(#254,#255,#256,#257,#258,#259,#260,#261,#262,#263,#264,#265,#266
      ,#267,#268,#269,#270,#271,#272,#273,#274,#275,#276,#277,#278,#279
      ,#280,#281,#282,#283,#284,#285,#286,#287,#288,#289,#290,#291)
    ,(#292,#293,#294,#295,#296,#297,#298,#299,#300,#301,#302,#303,#304
      ,#305,#306,#307,#308,#309,#310,#311,#312,#313,#314,#315,#316,#317
      ,#318,#319,#320,#321,#322,#323,#324,#325,#326,#327,#328,#329)
    ,(#330,#331,#332,#333,#334,#335,#336,#337,#338,#339,#340,#341,#342
      ,#343,#344,#345,#346,#347,#348,#349,#350,#351,#352,#353,#354,#355
      ,#356,#357,#358,#359,#360,#361,#362,#363,#364,#365,#366,#367)
    ,(#368,#369,#370,#371,#372,#373,#374,#375,#376,#377,#378,#379,#380
      ,#381,#382,#383,#384,#385,#386,#387,#388,#389,#390,#391,#392,#393
      ,#394,#395,#396,#397,#398,#399,#400,#401,#402,#403,#404,#405)
    ,(#406,#407,#408,#409,#410,#411,#412,#413,#414,#415,#416,#417,#418
      ,#419,#420,#421,#422,#423,#424,#425,#426,#427,#428,#429,#430,#431
      ,#432,#433,#434,#435,#436,#437,#438,#439,#440,#441,#442,#443)
    ,(#444,#445,#446,#447,#448,#449,#450,#451,#452,#453,#454,#455,#456
      ,#457,#458,#459,#460,#461,#462,#463,#464,#465,#466,#467,#468,#469
      ,#470,#471,#472,#473,#474,#475,#476,#477,#478,#479,#480,#481)
    ,(#482,#483,#484,#485,#486,#487,#488,#489,#490,#491,#492,#493,#494
      ,#495,#496,#497,#498,#499,#500,#501,#502,#503,#504,#505,#506,#507
      ,#508,#509,#510,#511,#512,#513,#514,#515,#516,#517,#518,#519)
    ,(#520,#521,#522,#523,#524,#525,#526,#527,#528,#529,#530,#531,#532
      ,#533,#534,#535,#536,#537,#538,#539,#540,#541,#542,#543,#544,#545
      ,#546,#547,#548,#549,#550,#551,#552,#553,#554,#555,#556,#557)
    ,(#558,#559,#560,#561,#562,#563,#564,#565,#566,#567,#568,#569,#570
      ,#571,#572,#573,#574,#575,#576,#577,#578,#579,#580,#581,#582,#583
      ,#584,#585,#586,#587,#588,#589,#590,#591,#592,#593,#594,#595)
    ,(#596,#597,#598,#599,#600,#601,#602,#603,#604,#605,#606,#607,#608
      ,#609,#610,#611,#612,#613,#614,#615,#616,#617,#618,#619,#620,#621
      ,#622,#623,#624,#625,#626,#627,#628,#629,#630,#631,#632,#633)
    ,(#634,#635,#636,#637,#638,#639,#640,#641,#642,#643,#644,#645,#646
      ,#647,#648,#649,#650,#651,#652,#653,#654,#655,#656,#657,#658,#659
      ,#660,#661,#662,#663,#664,#665,#666,#667,#668,#669,#670,#671)
    ,(#672,#673,#674,#675,#676,#677,#678,#679,#680,#681,#682,#683,#684
      ,#685,#686,#687,#688,#689,#690,#691,#692,#693,#694,#695,#696,#697
      ,#698,#699,#700,#701,#702,#703,#704,#705,#706,#707,#708,#709)
    ,(#710,#711,#712,#713,#714,#715,#716,#717,#718,#719,#720,#721,#722
      ,#723,#724,#725,#726,#727,#728,#729,#730,#731,#732,#733,#734,#735
      ,#736,#737,#738,#739,#740,#741,#742,#743,#744,#745,#746,#747)
    ,(#748,#749,#750,#751,#752,#753,#754,#755,#756,#757,#758,#759,#760
      ,#761,#762,#763,#764,#765,#766,#767,#768,#769,#770,#771,#772,#773
      ,#774,#775,#776,#777,#778,#779,#780,#781,#782,#783,#784,#785)
    ,(#786,#787,#788,#789,#790,#791,#792,#793,#794,#795,#796,#797,#798
      ,#799,#800,#801,#802,#803,#804,#805,#806,#807,#808,#809,#810,#811
      ,#812,#813,#814,#815,#816,#817,#818,#819,#820,#821,#822,#823)
    ,(#824,#825,#826,#827,#828,#829,#830,#831,#832,#833,#834,#835,#836
      ,#837,#838,#839,#840,#841,#842,#843,#844,#845,#846,#847,#848,#849
      ,#850,#851,#852,#853,#854,#855,#856,#857,#858,#859,#860,#861)
    ,(#862,#863,#864,#865,#866,#867,#868,#869,#870,#871,#872,#873,#874
      ,#875,#876,#877,#878,#879,#880,#881,#882,#883,#884,#885,#886,#887
      ,#888,#889,#890,#891,#892,#893,#894,#895,#896,#897,#898,#899)
    ,(#900,#901,#902,#903,#904,#905,#906,#907,#908,#909,#910,#911,#912
      ,#913,#914,#915,#916,#917,#918,#919,#920,#921,#922,#923,#924,#925
      ,#926,#927,#928,#929,#930,#931,#932,#933,#934,#935,#936,#937)
    ,(#938,#939,#940,#941,#942,#943,#944,#945,#946,#947,#948,#949,#950
      ,#951,#952,#953,#954,#955,#956,#957,#958,#959,#960,#961,#962,#963
      ,#964,#965,#966,#967,#968,#969,#970,#971,#972,#973,#974,#975)
    ,(#976,#977,#978,#979,#980,#981,#982,#983,#984,#985,#986,#987,#988
      ,#989,#990,#991,#992,#993,#994,#995,#996,#997,#998,#999,#1000
      ,#1001,#1002,#1003,#1004,#1005,#1006,#1007,#1008,#1009,#1010,#1011
      ,#1012,#1013)
    ,(#1014,#1015,#1016,#1017,#1018,#1019,#1020,#1021,#1022,#1023,#1024
      ,#1025,#1026,#1027,#1028,#1029,#1030,#1031,#1032,#1033,#1034,#1035
      ,#1036,#1037,#1038,#1039,#1040,#1041,#1042,#1043,#1044,#1045,#1046
      ,#1047,#1048,#1049,#1050,#1051)
    ,(#1052,#1053,#1054,#1055,#1056,#1057,#1058,#1059,#1060,#1061,#1062
      ,#1063,#1064,#1065,#1066,#1067,#1068,#1069,#1070,#1071,#1072,#1073
      ,#1074,#1075,#1076,#1077,#1078,#1079,#1080,#1081,#1082,#1083,#1084
      ,#1085,#1086,#1087,#1088,#1089)
    ,(#1090,#1091,#1092,#1093,#1094,#1095,#1096,#1097,#1098,#1099,#1100
      ,#1101,#1102,#1103,#1104,#1105,#1106,#1107,#1108,#1109,#1110,#1111
      ,#1112,#1113,#1114,#1115,#1116,#1117,#1118,#1119,#1120,#1121,#1122
      ,#1123,#1124,#1125,#1126,#1127)
    ,(#1128,#1129,#1130,#1131,#1132,#1133,#1134,#1135,#1136,#1137,#1138
      ,#1139,#1140,#1141,#1142,#1143,#1144,#1145,#1146,#1147,#1148,#1149
      ,#1150,#1151,#1152,#1153,#1154,#1155,#1156,#1157,#1158,#1159,#1160
      ,#1161,#1162,#1163,#1164,#1165)
    ,(#1166,#1167,#1168,#1169,#1170,#1171,#1172,#1173,#1174,#1175,#1176
      ,#1177,#1178,#1179,#1180,#1181,#1182,#1183,#1184,#1185,#1186,#1187
      ,#1188,#1189,#1190,#1191,#1192,#1193,#1194,#1195,#1196,#1197,#1198
      ,#1199,#1200,#1201,#1202,#1203)
    ,(#1204,#1205,#1206,#1207,#1208,#1209,#1210,#1211,#1212,#1213,#1214
      ,#1215,#1216,#1217,#1218,#1219,#1220,#1221,#1222,#1223,#1224,#1225
      ,#1226,#1227,#1228,#1229,#1230,#1231,#1232,#1233,#1234,#1235,#1236
      ,#1237,#1238,#1239,#1240,#1241)
    ,(#1242,#1243,#1244,#1245,#1246,#1247,#1248,#1249,#1250,#1251,#1252
      ,#1253,#1254,#1255,#1256,#1257,#1258,#1259,#1260,#1261,#1262,#1263
      ,#1264,#1265,#1266,#1267,#1268,#1269,#1270,#1271,#1272,#1273,#1274
      ,#1275,#1276,#1277,#1278,#1279)
    ,(#1280,#1281,#1282,#1283,#1284,#1285,#1286,#1287,#1288,#1289,#1290
      ,#1291,#1292,#1293,#1294,#1295,#1296,#1297,#1298,#1299,#1300,#1301
      ,#1302,#1303,#1304,#1305,#1306,#1307,#1308,#1309,#1310,#1311,#1312
      ,#1313,#1314,#1315,#1316,#1317)
    ,(#1318,#1319,#1320,#1321,#1322,#1323,#1324,#1325,#1326,#1327,#1328
      ,#1329,#1330,#1331,#1332,#1333,#1334,#1335,#1336,#1337,#1338,#1339
      ,#1340,#1341,#1342,#1343,#1344,#1345,#1346,#1347,#1348,#1349,#1350
      ,#1351,#1352,#1353,#1354,#1355)
    ,(#1356,#1357,#1358,#1359,#1360,#1361,#1362,#1363,#1364,#1365,#1366
      ,#1367,#1368,#1369,#1370,#1371,#1372,#1373,#1374,#1375,#1376,#1377
      ,#1378,#1379,#1380,#1381,#1382,#1383,#1384,#1385,#1386,#1387,#1388
      ,#1389,#1390,#1391,#1392,#1393)
    ,(#1394,#1395,#1396,#1397,#1398,#1399,#1400,#1401,#1402,#1403,#1404
      ,#1405,#1406,#1407,#1408,#1409,#1410,#1411,#1412,#1413,#1414,#1415
      ,#1416,#1417,#1418,#1419,#1420,#1421,#1422,#1423,#1424,#1425,#1426
      ,#1427,#1428,#1429,#1430,#1431)
    ,(#1432,#1433,#1434,#1435,#1436,#1437,#1438,#1439,#1440,#1441,#1442
      ,#1443,#1444,#1445,#1446,#1447,#1448,#1449,#1450,#1451,#1452,#1453
      ,#1454,#1455,#1456,#1457,#1458,#1459,#1460,#1461,#1462,#1463,#1464
      ,#1465,#1466,#1467,#1468,#1469)
    ,(#1470,#1471,#1472,#1473,#1474,#1475,#1476,#1477,#1478,#1479,#1480
      ,#1481,#1482,#1483,#1484,#1485,#1486,#1487,#1488,#1489,#1490,#1491
      ,#1492,#1493,#1494,#1495,#1496,#1497,#1498,#1499,#1500,#1501,#1502
      ,#1503,#1504,#1505,#1506,#1507)
    ,(#1508,#1509,#1510,#1511,#1512,#1513,#1514,#1515,#1516,#1517,#1518
      ,#1519,#1520,#1521,#1522,#1523,#1524,#1525,#1526,#1527,#1528,#1529
      ,#1530,#1531,#1532,#1533,#1534,#1535,#1536,#1537,#1538,#1539,#1540
      ,#1541,#1542,#1543,#1544,#1545)
    ,(#1546,#1547,#1548,#1549,#1550,#1551,#1552,#1553,#1554,#1555,#1556
      ,#1557,#1558,#1559,#1560,#1561,#1562,#1563,#1564,#1565,#1566,#1567
      ,#1568,#1569,#1570,#1571,#1572,#1573,#1574,#1575,#1576,#1577,#1578
      ,#1579,#1580,#1581,#1582,#1583
    )),.UNSPECIFIED.,.F.,.F.,.F.,(11,9,9,9,11),(11,9,9,9,11),(
    -4.090173346365,-1.977321760089,0.135529826188,2.248381412465,
    4.361232998741),(-2.164135474028,-1.082057494029,2.04859703401E-05,
    1.08209846597,2.164176445969),.UNSPECIFIED.);
#140 = CARTESIAN_POINT('',(-19.89570631984,-294.0096890946,
    301.06981890027));
#141 = CARTESIAN_POINT('',(-19.78749738122,-294.0088855071,
    301.03402250777));
#142 = CARTESIAN_POINT('',(-19.67928844096,-294.0080792173,
    300.99815841406));
#143 = CARTESIAN_POINT('',(-19.57107949245,-294.0072673728,
    300.96215629676));
#144 = CARTESIAN_POINT('',(-19.46287053344,-294.0064491869,
    300.92599679598));
#145 = CARTESIAN_POINT('',(-19.35466156376,-294.0056248598,
    300.88968493524));
#146 = CARTESIAN_POINT('',(-19.2464525887,-294.0047971303,
    300.85328834763));
#147 = CARTESIAN_POINT('',(-19.13824362434,-294.0039738576,
    300.81700106778));
#148 = CARTESIAN_POINT('',(-19.03003470196,-294.0031700555,
    300.78119366669));
#149 = CARTESIAN_POINT('',(-18.92182586772,-294.0024077782,
    300.74641048775));
#150 = CARTESIAN_POINT('',(-18.70540848146,-294.0010167747,
    300.68013903116));
#151 = CARTESIAN_POINT('',(-18.59719993141,-294.0003889779,
    300.64867368796));
#152 = CARTESIAN_POINT('',(-18.48899155975,-293.9998457899,
    300.61929598234));
#153 = CARTESIAN_POINT('',(-18.38078348799,-293.999444865,
    300.59342879453));
#154 = CARTESIAN_POINT('',(-18.27257563599,-293.9991483936,
    300.57013918399));
#155 = CARTESIAN_POINT('',(-18.16436820601,-293.9990521691,
    300.55179126145));
#156 = CARTESIAN_POINT('',(-18.05616120394,-293.9991589996,
    300.53845436355));
#157 = CARTESIAN_POINT('',(-17.94795454228,-293.9994273689,
    300.52910404989));
#158 = CARTESIAN_POINT('',(-17.83974828911,-293.9998894719,
    300.52453484304));
#159 = CARTESIAN_POINT('',(-17.62333656509,-294.0011845799,
    300.52454984378));
#160 = CARTESIAN_POINT('',(-17.51513109458,-294.0020177467,
    300.52913804659));
#161 = CARTESIAN_POINT('',(-17.40692602925,-294.0030429396,
    300.53846520975));
#162 = CARTESIAN_POINT('',(-17.29872131144,-294.0042327421,
    300.55185475255));
#163 = CARTESIAN_POINT('',(-17.19051703042,-294.0056294195,
    300.57034957452));
#164 = CARTESIAN_POINT('',(-17.08231315464,-294.0072180369,
    300.59358109982));
#165 = CARTESIAN_POINT('',(-16.97410952356,-294.0089223642,
    300.61966797932));
#166 = CARTESIAN_POINT('',(-16.86590618291,-294.0107642516,
    300.64914932766));
#167 = CARTESIAN_POINT('',(-16.75770302277,-294.0126916262,
    300.6807399827));
#168 = CARTESIAN_POINT('',(-16.54129698717,-294.0166814457,
    300.74725369066));
#169 = CARTESIAN_POINT('',(-16.43309411003,-294.018743091,
    300.78215700823));
#170 = CARTESIAN_POINT('',(-16.32489132107,-294.0208467231,
    300.81809594934));
#171 = CARTESIAN_POINT('',(-16.21668857504,-294.0229710361,
    300.85454463846));
#172 = CARTESIAN_POINT('',(-16.10848584044,-294.0251012944,
    300.89113937013));
#173 = CARTESIAN_POINT('',(-16.00028309979,-294.0272294088,
    300.92768043208));
#174 = CARTESIAN_POINT('',(-15.89208034592,-294.0293522231,
    300.9640898899));
#175 = CARTESIAN_POINT('',(-15.78387757734,-294.0314692927,
    301.00035669043));
#176 = CARTESIAN_POINT('',(-15.67567479515,-294.0335814138,
    301.03650042566));
#177 = CARTESIAN_POINT('',(-15.56747200426,-294.0356911832,
    301.07258511366));
#178 = CARTESIAN_POINT('',(-19.8944441781,-293.798879427,301.08574146168
    ));
#179 = CARTESIAN_POINT('',(-19.78623534175,-293.7981244755,
    301.05114520564));
#180 = CARTESIAN_POINT('',(-19.67802650292,-293.7973663677,
    301.01647001162));
#181 = CARTESIAN_POINT('',(-19.56981765329,-293.7966014485,
    300.98162583864));
#182 = CARTESIAN_POINT('',(-19.46160878776,-293.7958276194,
    300.94656076164));
#183 = CARTESIAN_POINT('',(-19.35339990367,-293.795043888,
    300.91125066119));
#184 = CARTESIAN_POINT('',(-19.24519100273,-293.7942513168,
    300.87572149756));
#185 = CARTESIAN_POINT('',(-19.13698209653,-293.7934556604,
    300.84011560094));
#186 = CARTESIAN_POINT('',(-19.02877321391,-293.7926707248,
    300.80477361086));
#187 = CARTESIAN_POINT('',(-18.92056440297,-293.7919195462,
    300.77026413645));
#188 = CARTESIAN_POINT('',(-18.70414703782,-293.7905386755,
    300.70424236194));
#189 = CARTESIAN_POINT('',(-18.59593848776,-293.7899109089,
    300.67277753139));
#190 = CARTESIAN_POINT('',(-18.48773009219,-293.7893566058,
    300.64312541612));
#191 = CARTESIAN_POINT('',(-18.37952203542,-293.7889626419,
    300.61742963656));
#192 = CARTESIAN_POINT('',(-18.27131413169,-293.7886421657,
    300.59354765649));
#193 = CARTESIAN_POINT('',(-18.1631066702,-293.7885308496,
    300.57482694643));
#194 = CARTESIAN_POINT('',(-18.05489970292,-293.788654634,
    300.56190843619));
#195 = CARTESIAN_POINT('',(-17.94669301995,-293.7889129986,
    300.55231106926));
#196 = CARTESIAN_POINT('',(-17.8384867657,-293.7893748945,
    300.54773672749));
#197 = CARTESIAN_POINT('',(-17.62207503904,-293.7906692429,
    300.5477329721));
#198 = CARTESIAN_POINT('',(-17.51386956721,-293.7915020459,
    300.55231226719));
#199 = CARTESIAN_POINT('',(-17.4056645157,-293.7925340604,
    300.56180778984));
#200 = CARTESIAN_POINT('',(-17.29745976581,-293.7937088276,
    300.57482656488));
#201 = CARTESIAN_POINT('',(-17.18925551604,-293.7951206088,
    300.5936940958));
#202 = CARTESIAN_POINT('',(-17.08105168092,-293.7967286246,
    300.61740470304));
#203 = CARTESIAN_POINT('',(-16.9728480413,-293.7984291106,
    300.64339686737));
#204 = CARTESIAN_POINT('',(-16.86464472165,-293.8002810334,
    300.67312613682));
#205 = CARTESIAN_POINT('',(-16.75644156028,-293.8022079439,
    300.70470551798));
#206 = CARTESIAN_POINT('',(-16.54003550007,-293.8061862642,
    300.77093583637));
#207 = CARTESIAN_POINT('',(-16.43183259764,-293.8082360088,
    300.80554564185));
#208 = CARTESIAN_POINT('',(-16.32362976766,-293.8103202149,
    300.84100538316));
#209 = CARTESIAN_POINT('',(-16.21542696313,-293.8124169156,
    300.87677277031));
#210 = CARTESIAN_POINT('',(-16.10722415517,-293.8145123488,
    300.91250830882));
#211 = CARTESIAN_POINT('',(-15.99902132931,-293.8166002066,
    300.94805597725));
#212 = CARTESIAN_POINT('',(-15.89081848252,-293.8186789512,
    300.98337809833));
#213 = CARTESIAN_POINT('',(-15.78261561538,-293.8207494035,
    301.01849454942));
#214 = CARTESIAN_POINT('',(-15.67441273174,-293.8228135323,
    301.05345407422));
#215 = CARTESIAN_POINT('',(-15.56620983817,-293.8248747906,
    301.08834170406));
#216 = CARTESIAN_POINT('',(-19.89318186097,-293.5879867846,
    301.09961619562));
#217 = CARTESIAN_POINT('',(-19.78497313319,-293.5872834491,
    301.06629359717));
#218 = CARTESIAN_POINT('',(-19.67676440286,-293.5865768702,
    301.03289001967));
#219 = CARTESIAN_POINT('',(-19.56855566766,-293.5858662719,
    300.99938600569));
#220 = CARTESIAN_POINT('',(-19.46034689017,-293.5851341574,
    300.96535061783));
#221 = CARTESIAN_POINT('',(-19.35213813766,-293.5844128622,
    300.93158077377));
#222 = CARTESIAN_POINT('',(-19.24392928527,-293.5836433628,
    300.8966211237));
#223 = CARTESIAN_POINT('',(-19.13572048518,-293.5828979601,
    300.86225512055));
#224 = CARTESIAN_POINT('',(-19.02751164538,-293.5821334432,
    300.8274168524));
#225 = CARTESIAN_POINT('',(-18.91930285658,-293.5813927747,
    300.79316660369));
#226 = CARTESIAN_POINT('',(-18.70288556666,-293.5800476402,
    300.72802630263));
#227 = CARTESIAN_POINT('',(-18.59467711532,-293.579466912,300.6977222466
    ));
#228 = CARTESIAN_POINT('',(-18.48646836369,-293.5787433364,
    300.6638921503));
#229 = CARTESIAN_POINT('',(-18.37826094538,-293.5786531848,
    300.64569445693));
#230 = CARTESIAN_POINT('',(-18.27005212121,-293.5778951166,
    300.61101235105));
#231 = CARTESIAN_POINT('',(-18.16184555969,-293.5782119829,
    300.60285905857));
#232 = CARTESIAN_POINT('',(-18.05363794627,-293.5780286164,
    300.58235994182));
#233 = CARTESIAN_POINT('',(-17.94543152587,-293.5784122765,
    300.57585480884));
#234 = CARTESIAN_POINT('',(-17.83722522088,-293.5788501104,
    300.5706865148));
#235 = CARTESIAN_POINT('',(-17.62081349145,-293.5801436842,
    300.57066368426));
#236 = CARTESIAN_POINT('',(-17.51260804915,-293.5809907266,
    300.57559429495));
#237 = CARTESIAN_POINT('',(-17.40440282798,-293.5819423477,
    300.58310636373));
#238 = CARTESIAN_POINT('',(-17.29619851673,-293.5833258051,
    300.6012745881));
#239 = CARTESIAN_POINT('',(-17.18799353341,-293.5843892376,
    300.61154668449));
#240 = CARTESIAN_POINT('',(-17.07979073922,-293.5864917215,
    300.64745918614));
#241 = CARTESIAN_POINT('',(-16.97158603739,-293.5876881641,
    300.66101323558));
#242 = CARTESIAN_POINT('',(-16.86338338143,-293.5898551454,
    300.69851753077));
#243 = CARTESIAN_POINT('',(-16.75518006363,-293.5917078756,
    300.72826658005));
#244 = CARTESIAN_POINT('',(-16.53877393003,-293.5956515863,
    300.79364314831));
#245 = CARTESIAN_POINT('',(-16.43057100509,-293.5976906603,
    300.82798987248));
#246 = CARTESIAN_POINT('',(-16.3223681305,-293.5997539637,300.8629337297
    ));
#247 = CARTESIAN_POINT('',(-16.21416521937,-293.601799836,
    300.89744739007));
#248 = CARTESIAN_POINT('',(-16.10596236615,-293.603874344,
    300.93266594151));
#249 = CARTESIAN_POINT('',(-15.99775940781,-293.6058989404,
    300.96665345186));
#250 = CARTESIAN_POINT('',(-15.88955647466,-293.607937171,
    301.00097514916));
#251 = CARTESIAN_POINT('',(-15.78135349347,-293.6099534212,
    301.03475457791));
#252 = CARTESIAN_POINT('',(-15.67315050134,-293.6119662891,
    301.06844902404));
#253 = CARTESIAN_POINT('',(-15.56494749883,-293.6139760615,
    301.10206621788));
#254 = CARTESIAN_POINT('',(-19.89191934736,-293.3770011609,
    301.11119615126));
#255 = CARTESIAN_POINT('',(-19.78371073275,-293.3763516264,
    301.07920120166));
#256 = CARTESIAN_POINT('',(-19.67550212418,-293.3757028707,
    301.04722423096));
#257 = CARTESIAN_POINT('',(-19.56729346995,-293.3750305831,
    301.01466612677));
#258 = CARTESIAN_POINT('',(-19.45908492067,-293.374406888,
    300.98330526554));
#259 = CARTESIAN_POINT('',(-19.35087606984,-293.3736388688,
    300.94838319053));
#260 = CARTESIAN_POINT('',(-19.24266758718,-293.373044655,
    300.91774847346));
#261 = CARTESIAN_POINT('',(-19.13445866377,-293.3722410075,
    300.88194515823));
#262 = CARTESIAN_POINT('',(-19.02624996909,-293.3715451763,
    300.84880184191));
#263 = CARTESIAN_POINT('',(-18.91804129907,-293.3708608984,
    300.8159429091));
#264 = CARTESIAN_POINT('',(-18.70162385028,-293.3694406673,
    300.74894910721));
#265 = CARTESIAN_POINT('',(-18.59341493033,-293.3686373839,
    300.7131521988));
#266 = CARTESIAN_POINT('',(-18.48520781101,-293.3686892977,
    300.6984606588));
#267 = CARTESIAN_POINT('',(-18.37699787704,-293.3674034859,
    300.65075405197));
#268 = CARTESIAN_POINT('',(-18.2687925941,-293.3683282069,
    300.65760212648));
#269 = CARTESIAN_POINT('',(-18.16058173149,-293.3666028356,
    300.59904832656));
#270 = CARTESIAN_POINT('',(-18.05237767193,-293.3681065717,
    300.62018450717));
#271 = CARTESIAN_POINT('',(-17.94416970392,-293.3677555113,
    300.59554726748));
#272 = CARTESIAN_POINT('',(-17.83596365152,-293.3683138529,
    300.59335302466));
#273 = CARTESIAN_POINT('',(-17.61955192708,-293.3696100688,
    300.59339529226));
#274 = CARTESIAN_POINT('',(-17.51134631867,-293.3703784819,
    300.59638592491));
#275 = CARTESIAN_POINT('',(-17.40314213692,-293.371824021,300.6160857585
    ));
#276 = CARTESIAN_POINT('',(-17.29493515509,-293.3719394392,
    300.60296384112));
#277 = CARTESIAN_POINT('',(-17.18673431517,-293.3749699503,
    300.66177708784));
#278 = CARTESIAN_POINT('',(-17.07852608228,-293.3744920482,
    300.63401260402));
#279 = CARTESIAN_POINT('',(-16.97032730493,-293.3784986152,
    300.71691483971));
#280 = CARTESIAN_POINT('',(-16.86212085998,-293.3788686712,
    300.71007481308));
#281 = CARTESIAN_POINT('',(-16.75391837853,-293.3811182842,
    300.7496182053));
#282 = CARTESIAN_POINT('',(-16.53751235671,-293.3851151218,
    300.81630630684));
#283 = CARTESIAN_POINT('',(-16.42930929881,-293.3870913771,
    300.84910273749));
#284 = CARTESIAN_POINT('',(-16.32110627751,-293.38908473,300.88232119749
    ));
#285 = CARTESIAN_POINT('',(-16.2129035079,-293.3911986961,
    300.91851393303));
#286 = CARTESIAN_POINT('',(-16.10470026444,-293.3930869116,
    300.94913761602));
#287 = CARTESIAN_POINT('',(-15.9964974243,-293.395168994,300.98454120228
    ));
#288 = CARTESIAN_POINT('',(-15.88829425436,-293.3970939717,
    301.01607044268));
#289 = CARTESIAN_POINT('',(-15.78009119576,-293.3990741277,
    301.04895791208));
#290 = CARTESIAN_POINT('',(-15.67188808167,-293.4010290907,
    301.08122400552));
#291 = CARTESIAN_POINT('',(-15.56368496545,-293.4029851437,
    301.11351552043));
#292 = CARTESIAN_POINT('',(-19.89065661673,-293.165912783,
    301.12024014544));
#293 = CARTESIAN_POINT('',(-19.78244811762,-293.1653181499,
    301.08959988055));
#294 = CARTESIAN_POINT('',(-19.67423961155,-293.1647179736,
    301.05882202605));
#295 = CARTESIAN_POINT('',(-19.56603119473,-293.1641585959,
    301.02904924394));
#296 = CARTESIAN_POINT('',(-19.45782242433,-293.1634295436,
    300.99508968386));
#297 = CARTESIAN_POINT('',(-19.3496143615,-293.1630356316,300.9693983037
    ));
#298 = CARTESIAN_POINT('',(-19.24140515911,-293.1621001285,
    300.93034198563));
#299 = CARTESIAN_POINT('',(-19.13319705469,-293.1616846266,
    300.9041170388));
#300 = CARTESIAN_POINT('',(-19.02498816718,-293.1608976506,
    300.86872407799));
#301 = CARTESIAN_POINT('',(-18.91677937556,-293.1601557904,
    300.83444420874));
#302 = CARTESIAN_POINT('',(-18.70036269374,-293.1590989588,
    300.77641782745));
#303 = CARTESIAN_POINT('',(-18.59215512995,-293.1589394422,
    300.75650838588));
#304 = CARTESIAN_POINT('',(-18.48394398738,-293.157080788,
    300.69466508895));
#305 = CARTESIAN_POINT('',(-18.37573858969,-293.1579526543,
    300.70021025481));
#306 = CARTESIAN_POINT('',(-18.26752911472,-293.1568804684,
    300.65777230157));
#307 = CARTESIAN_POINT('',(-18.15932283651,-293.1573374329,
    300.65307892782));
#308 = CARTESIAN_POINT('',(-18.05111414831,-293.1566415497,
    300.61993007306));
#309 = CARTESIAN_POINT('',(-17.94290845994,-293.157374045,
    300.62203382159));
#310 = CARTESIAN_POINT('',(-17.83470205509,-293.1577644521,
    300.61569484723));
#311 = CARTESIAN_POINT('',(-17.61829029802,-293.1590458557,
    300.61537175149));
#312 = CARTESIAN_POINT('',(-17.51008490357,-293.1599160552,
    300.62087368404));
#313 = CARTESIAN_POINT('',(-17.40187916368,-293.1606217726,
    300.62231827682));
#314 = CARTESIAN_POINT('',(-17.29367637728,-293.1627288061,
    300.65834257768));
#315 = CARTESIAN_POINT('',(-17.18546783859,-293.1621075335,
    300.62703917094));
#316 = CARTESIAN_POINT('',(-17.07727298369,-293.1679734642,
    300.75582899044));
#317 = CARTESIAN_POINT('',(-16.96905754556,-293.1640804139,
    300.64378214821));
#318 = CARTESIAN_POINT('',(-16.86086201291,-293.1696248499,
    300.76463713956));
#319 = CARTESIAN_POINT('',(-16.75265704517,-293.1706952654,
    300.7750805138));
#320 = CARTESIAN_POINT('',(-16.53625038095,-293.1743876558,
    300.83425566563));
#321 = CARTESIAN_POINT('',(-16.42804747681,-293.176436662,
    300.86884806815));
#322 = CARTESIAN_POINT('',(-16.319844662,-293.1785288485,300.90450429384
    ));
#323 = CARTESIAN_POINT('',(-16.2116410208,-293.1802279695,
    300.93046253665));
#324 = CARTESIAN_POINT('',(-16.10343857459,-293.1824966751,
    300.9704716069));
#325 = CARTESIAN_POINT('',(-15.9952348863,-293.1841741844,
    300.99589632862));
#326 = CARTESIAN_POINT('',(-15.88703197135,-293.1862219878,
    301.03045254936));
#327 = CARTESIAN_POINT('',(-15.77882866542,-293.1880839474,
    301.06042578151));
#328 = CARTESIAN_POINT('',(-15.67062545012,-293.1899913604,
    301.09151759043));
#329 = CARTESIAN_POINT('',(-15.56242221788,-293.1918925058,
    301.12245437402));
#330 = CARTESIAN_POINT('',(-19.88939364843,-292.9547118565,
    301.12650645905));
#331 = CARTESIAN_POINT('',(-19.78118526387,-292.9541716267,
    301.09720873155));
#332 = CARTESIAN_POINT('',(-19.67297691206,-292.9536448256,
    301.06824109674));
#333 = CARTESIAN_POINT('',(-19.56476840757,-292.9530433177,
    301.03742955405));
#334 = CARTESIAN_POINT('',(-19.45656043165,-292.952691916,
    301.01278800674));
#335 = CARTESIAN_POINT('',(-19.34835122866,-292.9517566086,
    300.9737373999));
#336 = CARTESIAN_POINT('',(-19.24014380974,-292.95166714,300.95555865599
    ));
#337 = CARTESIAN_POINT('',(-19.13193440755,-292.9506365216,
    300.91415371282));
#338 = CARTESIAN_POINT('',(-19.02372629084,-292.9502149458,
    300.88777840758));
#339 = CARTESIAN_POINT('',(-18.91551784925,-292.9496390022,
    300.85759251747));
#340 = CARTESIAN_POINT('',(-18.69910000553,-292.948032011,
    300.78598919366));
#341 = CARTESIAN_POINT('',(-18.59089009284,-292.9467579798,
    300.73857452239));
#342 = CARTESIAN_POINT('',(-18.48268601007,-292.9482509889,
    300.75944699762));
#343 = CARTESIAN_POINT('',(-18.37447468302,-292.946300337,
    300.69533035867));
#344 = CARTESIAN_POINT('',(-18.26626705332,-292.9461196994,
    300.67490387687));
#345 = CARTESIAN_POINT('',(-18.15806118195,-292.946753238,
    300.67455896924));
#346 = CARTESIAN_POINT('',(-18.04985340093,-292.9464979207,
    300.65228701506));
#347 = CARTESIAN_POINT('',(-17.94164669231,-292.9467422188,
    300.6423410174));
#348 = CARTESIAN_POINT('',(-17.8334403995,-292.9471874616,
    300.63735575356));
#349 = CARTESIAN_POINT('',(-17.61702868331,-292.9484882467,
    300.63751072764));
#350 = CARTESIAN_POINT('',(-17.5088231503,-292.9492929132,
    300.64139621845));
#351 = CARTESIAN_POINT('',(-17.4006188071,-292.9506615462,
    300.65919873894));
#352 = CARTESIAN_POINT('',(-17.29241139243,-292.950574468,
    300.64107802034));
#353 = CARTESIAN_POINT('',(-17.18421499704,-292.9557084085,
    300.75180486786));
#354 = CARTESIAN_POINT('',(-17.07599519646,-292.9497500053,
    300.5887868521));
#355 = CARTESIAN_POINT('',(-16.96781064913,-292.9605011753,
    300.83813798234));
#356 = CARTESIAN_POINT('',(-16.85959529233,-292.9566464858,
    300.72703796289));
#357 = CARTESIAN_POINT('',(-16.75139465116,-292.959768924,
    300.78812156794));
#358 = CARTESIAN_POINT('',(-16.53498889143,-292.9638905107,
    300.85788896892));
#359 = CARTESIAN_POINT('',(-16.42678556002,-292.9657373012,
    300.88749059085));
#360 = CARTESIAN_POINT('',(-16.31858194342,-292.9674483884,
    300.91374408033));
#361 = CARTESIAN_POINT('',(-16.21037973872,-292.9698309322,
    300.95656403915));
#362 = CARTESIAN_POINT('',(-16.10217534235,-292.9711719262,
    300.97368499858));
#363 = CARTESIAN_POINT('',(-15.99397293228,-292.9734588851,
    301.01414327301));
#364 = CARTESIAN_POINT('',(-15.88576915183,-292.975093904,
    301.03851834614));
#365 = CARTESIAN_POINT('',(-15.77756595706,-292.9770099084,
    301.06982219841));
#366 = CARTESIAN_POINT('',(-15.66936258369,-292.978842009,
    301.09905681637));
#367 = CARTESIAN_POINT('',(-15.56115923578,-292.980688544,
    301.12864577698));
#368 = CARTESIAN_POINT('',(-19.88813042619,-292.7433906062,
    301.12980320643));
#369 = CARTESIAN_POINT('',(-19.77992215081,-292.7429022723,
    301.10178600692));
#370 = CARTESIAN_POINT('',(-19.67171387469,-292.7424111666,
    301.0736994648));
#371 = CARTESIAN_POINT('',(-19.56350576222,-292.7419961774,
    301.04748990786));
#372 = CARTESIAN_POINT('',(-19.45529708881,-292.7413130057,
    301.01466197732));
#373 = CARTESIAN_POINT('',(-19.34708964408,-292.7412124588,
    300.9962104943));
#374 = CARTESIAN_POINT('',(-19.23888023984,-292.7401812868,
    300.95479268979));
#375 = CARTESIAN_POINT('',(-19.13067292544,-292.7401406908,
    300.93781970952));
#376 = CARTESIAN_POINT('',(-19.02246394613,-292.7393103824,
    300.90135705823));
#377 = CARTESIAN_POINT('',(-18.91425543232,-292.7387004525,
    300.87033271177));
#378 = CARTESIAN_POINT('',(-18.69783932025,-292.7379139056,
    300.81897572052));
#379 = CARTESIAN_POINT('',(-18.58963228318,-292.7380040993,
    300.80522816567));
#380 = CARTESIAN_POINT('',(-18.48141921629,-292.7352333797,
    300.72087646783));
#381 = CARTESIAN_POINT('',(-18.37321486438,-292.7366020457,
    300.73868142238));
#382 = CARTESIAN_POINT('',(-18.26500753685,-292.7365455652,
    300.72130794287));
#383 = CARTESIAN_POINT('',(-18.15679714336,-292.7350541543,
    300.66853277302));
#384 = CARTESIAN_POINT('',(-18.04859221915,-292.7361409524,
    300.67937591032));
#385 = CARTESIAN_POINT('',(-17.94038487513,-292.7360896018,
    300.66213581365));
#386 = CARTESIAN_POINT('',(-17.83217874143,-292.7366087613,
    300.65897401652));
#387 = CARTESIAN_POINT('',(-17.615766984,-292.7378906806,300.65866364001
    ));
#388 = CARTESIAN_POINT('',(-17.50756155499,-292.738744706,
    300.66376670757));
#389 = CARTESIAN_POINT('',(-17.39935594561,-292.7395134756,
    300.66676681269));
#390 = CARTESIAN_POINT('',(-17.29115364724,-292.7418500343,
    300.7084579362));
#391 = CARTESIAN_POINT('',(-17.18294217365,-292.7398402534,
    300.64288608923));
#392 = CARTESIAN_POINT('',(-17.07475237239,-292.748099553,
    300.83074332585));
#393 = CARTESIAN_POINT('',(-16.96653205898,-292.7418964934,
    300.66168864225));
#394 = CARTESIAN_POINT('',(-16.85833925624,-292.7487352993,
    300.81448709144));
#395 = CARTESIAN_POINT('',(-16.75013359857,-292.749478738,
    300.81686164847));
#396 = CARTESIAN_POINT('',(-16.53372631105,-292.7528758961,
    300.8687517453));
#397 = CARTESIAN_POINT('',(-16.42552316909,-292.75481241,300.90056835493
    ));
#398 = CARTESIAN_POINT('',(-16.31732054047,-292.7569931531,
    300.93841029663));
#399 = CARTESIAN_POINT('',(-16.20911602069,-292.7582760317,
    300.95409643659));
#400 = CARTESIAN_POINT('',(-16.10091387873,-292.7606891919,
    300.99767106804));
#401 = CARTESIAN_POINT('',(-15.99270950559,-292.7620422499,
    301.01508856637));
#402 = CARTESIAN_POINT('',(-15.88450652796,-292.7640603843,
    301.04891333348));
#403 = CARTESIAN_POINT('',(-15.77630290647,-292.7657728194,
    301.07519659744));
#404 = CARTESIAN_POINT('',(-15.66809946127,-292.7675713663,
    301.10360209462));
#405 = CARTESIAN_POINT('',(-15.55989600268,-292.7693654679,
    301.13189746022));
#406 = CARTESIAN_POINT('',(-19.88686694401,-292.5319461634,
    301.1300595902));
#407 = CARTESIAN_POINT('',(-19.7786587688,-292.5315053634,
    301.10321533863));
#408 = CARTESIAN_POINT('',(-19.6704506325,-292.5310807019,
    301.07676822434));
#409 = CARTESIAN_POINT('',(-19.56224242314,-292.5306192281,
    301.04941178846));
#410 = CARTESIAN_POINT('',(-19.45403453614,-292.5303097468,
    301.02580513225));
#411 = CARTESIAN_POINT('',(-19.34582590781,-292.5296473,300.99348737847)
  );
#412 = CARTESIAN_POINT('',(-19.23761841979,-292.5295252694,
    300.97450532603));
#413 = CARTESIAN_POINT('',(-19.12940956814,-292.5287560296,
    300.93955038784));
#414 = CARTESIAN_POINT('',(-19.02120180576,-292.5285028073,
    300.91732948449));
#415 = CARTESIAN_POINT('',(-18.91299345302,-292.5279692885,
    300.88819039162));
#416 = CARTESIAN_POINT('',(-18.69657636434,-292.526720454,
    300.82542497605));
#417 = CARTESIAN_POINT('',(-18.58836738471,-292.5258891215,
    300.7889351372));
#418 = CARTESIAN_POINT('',(-18.48016169702,-292.5266195202,
    300.79098635702));
#419 = CARTESIAN_POINT('',(-18.37195196289,-292.5254278683,
    300.74560180512));
#420 = CARTESIAN_POINT('',(-18.26374309103,-292.5246530435,
    300.71050855133));
#421 = CARTESIAN_POINT('',(-18.15553821548,-292.5257633494,
    300.72193119534));
#422 = CARTESIAN_POINT('',(-18.04732934777,-292.5249901537,
    300.68687725597));
#423 = CARTESIAN_POINT('',(-17.93912335387,-292.5255747061,
    300.68532818006));
#424 = CARTESIAN_POINT('',(-17.83091697171,-292.5259775393,
    300.67929602846));
#425 = CARTESIAN_POINT('',(-17.61450523227,-292.5272680869,
    300.67919841248));
#426 = CARTESIAN_POINT('',(-17.50629978217,-292.5281124375,
    300.68406321943));
#427 = CARTESIAN_POINT('',(-17.39809459834,-292.5290826401,
    300.69203401329));
#428 = CARTESIAN_POINT('',(-17.28988973772,-292.5302065301,
    300.70379800443));
#429 = CARTESIAN_POINT('',(-17.18168711865,-292.5323908042,
    300.74173204764));
#430 = CARTESIAN_POINT('',(-17.07347843614,-292.531702043,
    300.70876203132));
#431 = CARTESIAN_POINT('',(-16.96528140126,-292.5365340747,300.812037865
    ));
#432 = CARTESIAN_POINT('',(-16.85707290528,-292.5359318047,
    300.78120314278));
#433 = CARTESIAN_POINT('',(-16.74887063702,-292.5382828057,300.823249483
    ));
#434 = CARTESIAN_POINT('',(-16.53246441429,-292.5421852751,300.887610147
    ));
#435 = CARTESIAN_POINT('',(-16.42426109646,-292.5440387395,
    300.9173769162));
#436 = CARTESIAN_POINT('',(-16.31605709053,-292.5455659305,
    300.93909179659));
#437 = CARTESIAN_POINT('',(-16.20785434293,-292.54769089,300.97555651905
    ));
#438 = CARTESIAN_POINT('',(-16.09965002778,-292.5490716131,
    300.99365615385));
#439 = CARTESIAN_POINT('',(-15.99144702097,-292.5510749576,
    301.02711769821));
#440 = CARTESIAN_POINT('',(-15.88324316075,-292.5526729122,
    301.05057660961));
#441 = CARTESIAN_POINT('',(-15.77503966393,-292.5544453659,
    301.07833914553));
#442 = CARTESIAN_POINT('',(-15.66683607258,-292.5561743193,
    301.10502817408));
#443 = CARTESIAN_POINT('',(-15.55863251172,-292.55792008,301.13213051579
    ));
#444 = CARTESIAN_POINT('',(-19.8856032111,-292.3203828499,
    301.12738226688));
#445 = CARTESIAN_POINT('',(-19.77739512532,-292.319984471,
    301.10158474819));
#446 = CARTESIAN_POINT('',(-19.66918707068,-292.319598363,
    301.07608894267));
#447 = CARTESIAN_POINT('',(-19.56097905922,-292.3192308584,
    301.05105124413));
#448 = CARTESIAN_POINT('',(-19.45277097875,-292.3188291857,
    301.02516946077));
#449 = CARTESIAN_POINT('',(-19.34456306939,-292.3185081399,
    301.00127674349));
#450 = CARTESIAN_POINT('',(-19.23635485643,-292.3180424355,
    300.97381324892));
#451 = CARTESIAN_POINT('',(-19.12814696646,-292.3177294788,
    300.9501188033));
#452 = CARTESIAN_POINT('',(-19.0199387321,-292.317252895,300.92238540926
    ));
#453 = CARTESIAN_POINT('',(-18.91173069978,-292.3168715299,
    300.89700124806));
#454 = CARTESIAN_POINT('',(-18.69531455252,-292.3160689857,
    300.84524898145));
#455 = CARTESIAN_POINT('',(-18.58710632616,-292.3155951803,
    300.81758234887));
#456 = CARTESIAN_POINT('',(-18.47889827955,-292.3152057619,
    300.79199717308));
#457 = CARTESIAN_POINT('',(-18.37068888895,-292.3141810048,
    300.75073377314));
#458 = CARTESIAN_POINT('',(-18.26248359281,-292.3150942528,
    300.75729460608));
#459 = CARTESIAN_POINT('',(-18.15427405176,-292.3139996791,
    300.71430831389));
#460 = CARTESIAN_POINT('',(-18.04606834931,-292.3147222497,
    300.71616452161));
#461 = CARTESIAN_POINT('',(-17.93786131512,-292.3148160333,
    300.70250490273));
#462 = CARTESIAN_POINT('',(-17.82965514297,-292.3153179671,
    300.69891800179));
#463 = CARTESIAN_POINT('',(-17.61324339353,-292.3166043748,
    300.69871832084));
#464 = CARTESIAN_POINT('',(-17.50503783384,-292.3173969418,
    300.7023050616));
#465 = CARTESIAN_POINT('',(-17.39683301827,-292.3185421415,
    300.71459507012));
#466 = CARTESIAN_POINT('',(-17.28862733528,-292.3192753612,
    300.71671840991));
#467 = CARTESIAN_POINT('',(-17.18042439755,-292.3213100711,
    300.75096063843));
#468 = CARTESIAN_POINT('',(-17.07221896421,-292.3221601815,
    300.75596945422));
#469 = CARTESIAN_POINT('',(-16.9640157829,-292.3240782903,300.7873338728
    ));
#470 = CARTESIAN_POINT('',(-16.85581251829,-292.3259567577,
    300.81771982894));
#471 = CARTESIAN_POINT('',(-16.74760897426,-292.327702714,
    300.84483507161));
#472 = CARTESIAN_POINT('',(-16.53120169202,-292.3311030457,
    300.89680414648));
#473 = CARTESIAN_POINT('',(-16.42299801031,-292.3327841354,
    300.92231736172));
#474 = CARTESIAN_POINT('',(-16.31479456215,-292.3345765482,
    300.95057686623));
#475 = CARTESIAN_POINT('',(-16.2065907189,-292.3361815558,
    300.97421128879));
#476 = CARTESIAN_POINT('',(-16.09838725086,-292.3379653616,
    301.00225672457));
#477 = CARTESIAN_POINT('',(-15.99018343096,-292.3395821112,
    301.02617966703));
#478 = CARTESIAN_POINT('',(-15.88197980654,-292.3412927692,
    301.05241850996));
#479 = CARTESIAN_POINT('',(-15.77377609581,-292.3429632431,
    301.07766548202));
#480 = CARTESIAN_POINT('',(-15.66557242296,-292.3446536772,
    301.10340366387));
#481 = CARTESIAN_POINT('',(-15.55736877063,-292.3463560753,
    301.12943612885));
#482 = CARTESIAN_POINT('',(-19.88433925221,-292.1087124083,
    301.12206103604));
#483 = CARTESIAN_POINT('',(-19.77613124695,-292.1083521217,
    301.09720340149));
#484 = CARTESIAN_POINT('',(-19.66792328202,-292.1080083692,
    301.07275267277));
#485 = CARTESIAN_POINT('',(-19.55971534612,-292.1076763909,
    301.04859150849));
#486 = CARTESIAN_POINT('',(-19.45150742097,-292.1073483338,
    301.02452629164));
#487 = CARTESIAN_POINT('',(-19.34329949811,-292.1070208606,
    301.00047479579));
#488 = CARTESIAN_POINT('',(-19.23509155611,-292.1066839858,
    300.97619066783));
#489 = CARTESIAN_POINT('',(-19.12688359721,-292.1063388856,
    300.95170287789));
#490 = CARTESIAN_POINT('',(-19.01867560325,-292.105976709,
    300.92679297049));
#491 = CARTESIAN_POINT('',(-18.91046759022,-292.1056048573,
    300.90164348413));
#492 = CARTESIAN_POINT('',(-18.69405159195,-292.1048733847,
    300.85164493721));
#493 = CARTESIAN_POINT('',(-18.58584377991,-292.1045957844,
    300.82881994104));
#494 = CARTESIAN_POINT('',(-18.47763478946,-292.1037595208,
    300.79220771246));
#495 = CARTESIAN_POINT('',(-18.36942839649,-292.1041536743,
    300.78595897542));
#496 = CARTESIAN_POINT('',(-18.26121950657,-292.1033653859,
    300.75052997154));
#497 = CARTESIAN_POINT('',(-18.15301322907,-292.1038153268,
    300.7456577903));
#498 = CARTESIAN_POINT('',(-18.04480590607,-292.1037713264,
    300.72859687387));
#499 = CARTESIAN_POINT('',(-17.93659948078,-292.1041532315,
    300.72204696258));
#500 = CARTESIAN_POINT('',(-17.82839324701,-292.1046265261,
    300.71775328506));
#501 = CARTESIAN_POINT('',(-17.61198149632,-292.1059129791,
    300.71755467764));
#502 = CARTESIAN_POINT('',(-17.50377598072,-292.1067268253,
    300.72166679404));
#503 = CARTESIAN_POINT('',(-17.39557064715,-292.1076266435,
    300.72790121921));
#504 = CARTESIAN_POINT('',(-17.28736626995,-292.1089792991,
    300.74531175826));
#505 = CARTESIAN_POINT('',(-17.17916071068,-292.1097704326,
    300.7488650782));
#506 = CARTESIAN_POINT('',(-17.07095804484,-292.1119329763,
    300.7862627016));
#507 = CARTESIAN_POINT('',(-16.96275251132,-292.1127351561,
    300.79008855281));
#508 = CARTESIAN_POINT('',(-16.85454995498,-292.1149493465,
    300.82875977625));
#509 = CARTESIAN_POINT('',(-16.74634602934,-292.1165144256,
    300.8514114534));
#510 = CARTESIAN_POINT('',(-16.52993860505,-292.1198478425,
    300.9017294636));
#511 = CARTESIAN_POINT('',(-16.42173490671,-292.1215214649,
    300.92705836877));
#512 = CARTESIAN_POINT('',(-16.31353119179,-292.12318774,300.95220517886
    ));
#513 = CARTESIAN_POINT('',(-16.20532743781,-292.1248358687,
    300.97690340866));
#514 = CARTESIAN_POINT('',(-16.09712366905,-292.1264770329,
    301.00142917142));
#515 = CARTESIAN_POINT('',(-15.9889198769,-292.1281074691,301.0256894685
    ));
#516 = CARTESIAN_POINT('',(-15.88071608656,-292.1297390249,
    301.04997681455));
#517 = CARTESIAN_POINT('',(-15.77251230142,-292.1313742063,
    301.07435272112));
#518 = CARTESIAN_POINT('',(-15.66430853717,-292.1330210755,
    301.09901611506));
#519 = CARTESIAN_POINT('',(-15.55610480266,-292.1346844787,
    301.12408638956));
#520 = CARTESIAN_POINT('',(-19.88181094918,-291.6851890489,
    301.10691511534));
#521 = CARTESIAN_POINT('',(-19.77360309132,-291.6848982965,
    301.08377308412));
#522 = CARTESIAN_POINT('',(-19.66539528802,-291.6846304572,
    301.06119530365));
#523 = CARTESIAN_POINT('',(-19.55718752627,-291.684380177,
    301.03904981951));
#524 = CARTESIAN_POINT('',(-19.44897979091,-291.6841414717,
    301.01718924031));
#525 = CARTESIAN_POINT('',(-19.34077206035,-291.6839049603,
    300.99538221962));
#526 = CARTESIAN_POINT('',(-19.23256432949,-291.6836690368,
    300.97358940145));
#527 = CARTESIAN_POINT('',(-19.12435657311,-291.6834212583,
    300.95150348596));
#528 = CARTESIAN_POINT('',(-19.01614879261,-291.683161786,
    300.92912837213));
#529 = CARTESIAN_POINT('',(-18.90794098108,-291.6828864932,
    300.90636186614));
#530 = CARTESIAN_POINT('',(-18.69152537893,-291.6823438962,
    300.86102419567));
#531 = CARTESIAN_POINT('',(-18.58331737355,-291.6819748093,
    300.83594123208));
#532 = CARTESIAN_POINT('',(-18.47511088598,-291.6823238013,
    300.82857805261));
#533 = CARTESIAN_POINT('',(-18.36690193538,-291.6815052659,
    300.79240198873));
#534 = CARTESIAN_POINT('',(-18.25869624502,-291.6822315472,
    300.7943481791));
#535 = CARTESIAN_POINT('',(-18.15048829076,-291.6818869941,
    300.76986894412));
#536 = CARTESIAN_POINT('',(-18.04228205927,-291.68236005,300.76556685976
    ));
#537 = CARTESIAN_POINT('',(-17.93407549812,-291.682678524,
    300.75745124762));
#538 = CARTESIAN_POINT('',(-17.82586936356,-291.6831997801,
    300.75434082423));
#539 = CARTESIAN_POINT('',(-17.60945760783,-291.6844859197,
    300.75413451149));
#540 = CARTESIAN_POINT('',(-17.50125198398,-291.6852494769,
    300.75700578061));
#541 = CARTESIAN_POINT('',(-17.39304681296,-291.6862272217,
    300.76516403892));
#542 = CARTESIAN_POINT('',(-17.28484123485,-291.6870106164,
    300.76852670393));
#543 = CARTESIAN_POINT('',(-17.17663760136,-291.6887148198,
    300.79461426574));
#544 = CARTESIAN_POINT('',(-17.0684313608,-291.6891809657,
    300.79014857452));
#545 = CARTESIAN_POINT('',(-16.96022881725,-291.6914002858,
    300.82894792767));
#546 = CARTESIAN_POINT('',(-16.85202347834,-291.6922942391,
    300.8350386511));
#547 = CARTESIAN_POINT('',(-16.74381981829,-291.6939854015,
    300.86080218839));
#548 = CARTESIAN_POINT('',(-16.52741201539,-291.6971404604,
    300.90671885936));
#549 = CARTESIAN_POINT('',(-16.41920811334,-291.6987185391,
    300.9296898365));
#550 = CARTESIAN_POINT('',(-16.31100417226,-291.7002790641,
    300.95222671235));
#551 = CARTESIAN_POINT('',(-16.20280020908,-291.7018292944,
    300.97450877256));
#552 = CARTESIAN_POINT('',(-16.09459621807,-291.7033660222,
    300.99645728753));
#553 = CARTESIAN_POINT('',(-15.98639223197,-291.704904232,
    301.01844185722));
#554 = CARTESIAN_POINT('',(-15.87818824895,-291.7064440029,
    301.04046452788));
#555 = CARTESIAN_POINT('',(-15.7699842896,-291.7079957314,
    301.06278146034));
#556 = CARTESIAN_POINT('',(-15.66178036281,-291.7095649327,
    301.08552858972));
#557 = CARTESIAN_POINT('',(-15.55357647889,-291.7111572075,
    301.10884392138));
#558 = CARTESIAN_POINT('',(-19.880546605,-291.4733360893,301.09708939391
    ));
#559 = CARTESIAN_POINT('',(-19.77233881407,-291.473076796,
    301.07472350454));
#560 = CARTESIAN_POINT('',(-19.66413108784,-291.472845026,
    301.05303557033));
#561 = CARTESIAN_POINT('',(-19.55592339021,-291.4726243785,
    301.03162108864));
#562 = CARTESIAN_POINT('',(-19.44771580151,-291.4724549579,
    301.01147009546));
#563 = CARTESIAN_POINT('',(-19.33950804465,-291.472205295,
    300.98933832287));
#564 = CARTESIAN_POINT('',(-19.23130059269,-291.4721025248,
    300.97083138988));
#565 = CARTESIAN_POINT('',(-19.12309273959,-291.4718097721,
    300.94763601534));
#566 = CARTESIAN_POINT('',(-19.01488524259,-291.4716850956,
    300.92858728794));
#567 = CARTESIAN_POINT('',(-18.90667741813,-291.4714048871,
    300.90569980445));
#568 = CARTESIAN_POINT('',(-18.69026216938,-291.4710303318,
    300.86450904694));
#569 = CARTESIAN_POINT('',(-18.58205545498,-291.471272823,
    300.85451842669));
#570 = CARTESIAN_POINT('',(-18.47384501246,-291.4697491699,
    300.80094237835));
#571 = CARTESIAN_POINT('',(-18.36564376272,-291.4725736325,
    300.85466586703));
#572 = CARTESIAN_POINT('',(-18.25743002988,-291.4694969175,
    300.76276434011));
#573 = CARTESIAN_POINT('',(-18.1492283271,-291.4721059435,
    300.81116965284));
#574 = CARTESIAN_POINT('',(-18.04101916062,-291.4711936122,
    300.77268092642));
#575 = CARTESIAN_POINT('',(-17.93281361705,-291.4719927758,
    300.77642634479));
#576 = CARTESIAN_POINT('',(-17.8246073752,-291.4724642263,300.7720870281
    ));
#577 = CARTESIAN_POINT('',(-17.60819561741,-291.4737505417,
    300.77188494292));
#578 = CARTESIAN_POINT('',(-17.49999011409,-291.4745722207,
    300.77619088797));
#579 = CARTESIAN_POINT('',(-17.39178381865,-291.4750155544,
    300.77116093677));
#580 = CARTESIAN_POINT('',(-17.28358151542,-291.4773569388,
    300.8129722491));
#581 = CARTESIAN_POINT('',(-17.17537095149,-291.475766378,
    300.75775226501));
#582 = CARTESIAN_POINT('',(-17.06717367002,-291.4804889655,
    300.85832750881));
#583 = CARTESIAN_POINT('',(-16.95896262044,-291.4786684127,
    300.79743106914));
#584 = CARTESIAN_POINT('',(-16.85076166134,-291.4816409729,
    300.85481842805));
#585 = CARTESIAN_POINT('',(-16.74255659558,-291.4826653122,
    300.86412598538));
#586 = CARTESIAN_POINT('',(-16.52614844359,-291.4856553917,
    300.9059713364));
#587 = CARTESIAN_POINT('',(-16.41794457083,-291.487248488,
    300.92931272882));
#588 = CARTESIAN_POINT('',(-16.30974032108,-291.4886631724,
    300.94825017167));
#589 = CARTESIAN_POINT('',(-16.20153647801,-291.4902710873,
    300.97195627144));
#590 = CARTESIAN_POINT('',(-16.09333217782,-291.4916621609,
    300.99030922564));
#591 = CARTESIAN_POINT('',(-15.98512823586,-291.4932208281,
    301.01279993025));
#592 = CARTESIAN_POINT('',(-15.87692409781,-291.4946866436,
    301.03299701153));
#593 = CARTESIAN_POINT('',(-15.76872007796,-291.4962091532,
    301.05459351342));
#594 = CARTESIAN_POINT('',(-15.66051607423,-291.4977413726,
    301.07642815699));
#595 = CARTESIAN_POINT('',(-15.55231212295,-291.4993014961,
    301.09895028387));
#596 = CARTESIAN_POINT('',(-19.8792821017,-291.2614079335,301.0854078766
    ));
#597 = CARTESIAN_POINT('',(-19.77107437319,-291.261177824,
    301.06376193617));
#598 = CARTESIAN_POINT('',(-19.66286670312,-291.2609717992,
    301.04270898572));
#599 = CARTESIAN_POINT('',(-19.55465918297,-291.2608355289,
    301.0233767048));
#600 = CARTESIAN_POINT('',(-19.4464513693,-291.2605552023,
    301.00048761395));
#601 = CARTESIAN_POINT('',(-19.33824435486,-291.2606626299,
    300.98716918327));
#602 = CARTESIAN_POINT('',(-19.23003607879,-291.2601639593,
    300.95889106859));
#603 = CARTESIAN_POINT('',(-19.1218293316,-291.2603994045,
    300.94873095764));
#604 = CARTESIAN_POINT('',(-19.01362117379,-291.2599639462,
    300.92201401007));
#605 = CARTESIAN_POINT('',(-18.90541392598,-291.2599557876,
    300.90583955087));
#606 = CARTESIAN_POINT('',(-18.68899935921,-291.2599064391,
    300.87267472995));
#607 = CARTESIAN_POINT('',(-18.58079073926,-291.2592467923,
    300.84042139089));
#608 = CARTESIAN_POINT('',(-18.47258856335,-291.2616296741,
    300.8832471708));
#609 = CARTESIAN_POINT('',(-18.36437112302,-291.2568132258,300.748418166
    ));
#610 = CARTESIAN_POINT('',(-18.2561772446,-291.2630905714,
    300.88733804552));
#611 = CARTESIAN_POINT('',(-18.14796023216,-291.258496347,
    300.75799858871));
#612 = CARTESIAN_POINT('',(-18.03975921501,-291.2614146845,
    300.81403116703));
#613 = CARTESIAN_POINT('',(-17.93155116429,-291.2610378904,
    300.78876092235));
#614 = CARTESIAN_POINT('',(-17.82334535621,-291.2617137259,
    300.7894639679));
#615 = CARTESIAN_POINT('',(-17.60693359531,-291.2630004969,
    300.7892734422));
#616 = CARTESIAN_POINT('',(-17.49872762047,-291.2635976664,
    300.78803880348));
#617 = CARTESIAN_POINT('',(-17.39052406222,-291.2653503084,
    300.81531944184));
#618 = CARTESIAN_POINT('',(-17.28231287902,-291.2634514063,
    300.75249376705));
#619 = CARTESIAN_POINT('',(-17.1741190403,-291.2698416202,
    300.89421537037));
#620 = CARTESIAN_POINT('',(-17.06590010478,-291.2642429071,
    300.74009110462));
#621 = CARTESIAN_POINT('',(-16.95770673699,-291.2708381684,
    300.88687609628));
#622 = CARTESIAN_POINT('',(-16.84949677949,-291.2695327612,
    300.83869261752));
#623 = CARTESIAN_POINT('',(-16.74129381926,-291.2715565369,
    300.87266482049));
#624 = CARTESIAN_POINT('',(-16.52488493579,-291.2742016335,
    300.90599614366));
#625 = CARTESIAN_POINT('',(-16.41668045583,-291.2755057487,
    300.92220622247));
#626 = CARTESIAN_POINT('',(-16.30847695959,-291.2772797081,
    300.95001019732));
#627 = CARTESIAN_POINT('',(-16.20027186292,-291.2782974632,
    300.95914883685));
#628 = CARTESIAN_POINT('',(-16.09206853627,-291.280144994,
    300.98877149486));
#629 = CARTESIAN_POINT('',(-15.98386374046,-291.2813034642,
    301.00138114538));
#630 = CARTESIAN_POINT('',(-15.87565988726,-291.2829008505,
    301.02482904103));
#631 = CARTESIAN_POINT('',(-15.76745567495,-291.2843318872,
    301.04416686217));
#632 = CARTESIAN_POINT('',(-15.65925161926,-291.2858388607,
    301.06537929473));
#633 = CARTESIAN_POINT('',(-15.55104760626,-291.2873693148,
    301.08716941439));
#634 = CARTESIAN_POINT('',(-19.87801748266,-291.0494252092,
    301.07237966622));
#635 = CARTESIAN_POINT('',(-19.7698098155,-291.049223686,301.05143892349
    ));
#636 = CARTESIAN_POINT('',(-19.66160225018,-291.0490671002,
    301.03160583337));
#637 = CARTESIAN_POINT('',(-19.55339459627,-291.0488620526,
    301.01057466096));
#638 = CARTESIAN_POINT('',(-19.44518757144,-291.048965849,
    300.99716791247));
#639 = CARTESIAN_POINT('',(-19.3369792625,-291.048438891,300.96818800139
    ));
#640 = CARTESIAN_POINT('',(-19.22877309294,-291.0489611705,
    300.96511066565));
#641 = CARTESIAN_POINT('',(-19.12056447058,-291.0482964024,
    300.93273280839));
#642 = CARTESIAN_POINT('',(-19.01235799091,-291.0486562202,
    300.9256406022));
#643 = CARTESIAN_POINT('',(-18.90415048656,-291.048534387,
    300.90666357376));
#644 = CARTESIAN_POINT('',(-18.68773580603,-291.0484291496,
    300.87211892714));
#645 = CARTESIAN_POINT('',(-18.57953026899,-291.0492282593,
    300.87586380684));
#646 = CARTESIAN_POINT('',(-18.47131746624,-291.0466055302,
    300.79517119213));
#647 = CARTESIAN_POINT('',(-18.36312315605,-291.052647187,
    300.92826552862));
#648 = CARTESIAN_POINT('',(-18.25490038633,-291.0453987239,
    300.73344753974));
#649 = CARTESIAN_POINT('',(-18.14670712215,-291.0518973823,
    300.87780592332));
#650 = CARTESIAN_POINT('',(-18.03849361472,-291.0489931043,
    300.79017998632));
#651 = CARTESIAN_POINT('',(-17.93028974604,-291.050564569,
    300.81297553516));
#652 = CARTESIAN_POINT('',(-17.82208332608,-291.0509577244,
    300.80670549993));
#653 = CARTESIAN_POINT('',(-17.60567156162,-291.0522452285,
    300.80653247631));
#654 = CARTESIAN_POINT('',(-17.49746623612,-291.0531571214,
    300.81306465045));
#655 = CARTESIAN_POINT('',(-17.389258216,-291.0527624827,300.78736040225
    ));
#656 = CARTESIAN_POINT('',(-17.28106039497,-291.057291677,
    300.88314852435));
#657 = CARTESIAN_POINT('',(-17.17284112797,-291.0514694861,
    300.72352801007));
#658 = CARTESIAN_POINT('',(-17.06465321869,-291.0607428987,
    300.93638166683));
#659 = CARTESIAN_POINT('',(-16.95643498508,-291.0554469068,
    300.78973662156));
#660 = CARTESIAN_POINT('',(-16.84823652077,-291.0596213847,
    300.87678073627));
#661 = CARTESIAN_POINT('',(-16.74003021322,-291.0600554697,
    300.87152207648));
#662 = CARTESIAN_POINT('',(-16.52362151224,-291.0627853087,
    300.90694536482));
#663 = CARTESIAN_POINT('',(-16.41541728791,-291.0642179079,
    300.92632434549));
#664 = CARTESIAN_POINT('',(-16.30721194701,-291.0651178125,
    300.93255638799));
#665 = CARTESIAN_POINT('',(-16.19900902691,-291.0671557907,
    300.96688049722));
#666 = CARTESIAN_POINT('',(-16.09080324314,-291.0678602511,
    300.96828043409));
#667 = CARTESIAN_POINT('',(-15.98260001423,-291.0697422043,
    300.99875836423));
#668 = CARTESIAN_POINT('',(-15.8743952379,-291.0709107296,
    301.01161416664));
#669 = CARTESIAN_POINT('',(-15.7661912091,-291.072424451,301.03299694367
    ));
#670 = CARTESIAN_POINT('',(-15.65798704524,-291.0738795822,
    301.05292927346));
#671 = CARTESIAN_POINT('',(-15.54978297214,-291.0753811597,
    301.0740071777));
#672 = CARTESIAN_POINT('',(-19.87675279455,-290.8374102637,
    301.05855635499));
#673 = CARTESIAN_POINT('',(-19.76854519026,-290.8372379766,
    301.03833682577));
#674 = CARTESIAN_POINT('',(-19.66033765956,-290.8370951644,
    301.01884267424));
#675 = CARTESIAN_POINT('',(-19.55213036542,-290.8370676012,
    301.00219377296));
#676 = CARTESIAN_POINT('',(-19.44392259388,-290.8367900863,
    300.9793683405));
#677 = CARTESIAN_POINT('',(-19.33571612447,-290.8371783819,
    300.9729882806));
#678 = CARTESIAN_POINT('',(-19.22750772164,-290.8365909875,
    300.94251115157));
#679 = CARTESIAN_POINT('',(-19.11930163247,-290.8371621533,
    300.94064283872));
#680 = CARTESIAN_POINT('',(-19.01109373804,-290.8368515083,
    300.91700638349));
#681 = CARTESIAN_POINT('',(-18.90288684037,-290.8370079056,
    300.90489216866));
#682 = CARTESIAN_POINT('',(-18.68647320057,-290.837404477,
    300.88273372909));
#683 = CARTESIAN_POINT('',(-18.57826502642,-290.8369578379,
    300.85573795327));
#684 = CARTESIAN_POINT('',(-18.47006313916,-290.839443591,
    300.90109109634));
#685 = CARTESIAN_POINT('',(-18.36184575544,-290.8347532407,
    300.76940495796));
#686 = CARTESIAN_POINT('',(-18.25365336956,-290.8415676821,
    300.92152650552));
#687 = CARTESIAN_POINT('',(-18.14543510825,-290.8365393073,
    300.78152022179));
#688 = CARTESIAN_POINT('',(-18.03723527578,-290.8399273039,
    300.84911354412));
#689 = CARTESIAN_POINT('',(-17.92902697411,-290.8394663127,
    300.8217753982));
#690 = CARTESIAN_POINT('',(-17.82082129022,-290.8401983968,
    300.82386423333));
#691 = CARTESIAN_POINT('',(-17.60440952009,-290.8414867494,
    300.82371294845));
#692 = CARTESIAN_POINT('',(-17.4962034315,-290.8420276959,
    300.82109211687));
#693 = CARTESIAN_POINT('',(-17.38800000138,-290.843874395,
    300.85068659693));
#694 = CARTESIAN_POINT('',(-17.27978797435,-290.8414877823,
    300.77585023996));
#695 = CARTESIAN_POINT('',(-17.1715947748,-290.8483322127,
    300.92873941059));
#696 = CARTESIAN_POINT('',(-17.06337505733,-290.8421996458,
    300.76148839567));
#697 = CARTESIAN_POINT('',(-16.95518116385,-290.8486408898,
    300.90444494391));
#698 = CARTESIAN_POINT('',(-16.84697109896,-290.8472519214,
    300.85420901704));
#699 = CARTESIAN_POINT('',(-16.73876767221,-290.8490562103,
    300.88276423218));
#700 = CARTESIAN_POINT('',(-16.52235781394,-290.8512452934,
    300.90484004134));
#701 = CARTESIAN_POINT('',(-16.41415299491,-290.8523875083,
    300.91705514195));
#702 = CARTESIAN_POINT('',(-16.30594923744,-290.8540371042,
    300.94179070232));
#703 = CARTESIAN_POINT('',(-16.19774334929,-290.8547030183,
    300.94223769766));
#704 = CARTESIAN_POINT('',(-16.08954031435,-290.8566610362,
    300.97459925492));
#705 = CARTESIAN_POINT('',(-15.98133484185,-290.8575204146,
    300.9798180117));
#706 = CARTESIAN_POINT('',(-15.87313103732,-290.859124616,301.0034418182
    ));
#707 = CARTESIAN_POINT('',(-15.76492658544,-290.8604433789,
    301.02000724428));
#708 = CARTESIAN_POINT('',(-15.65672240219,-290.8618872913,
    301.03966494344));
#709 = CARTESIAN_POINT('',(-15.54851826848,-290.8633595076,
    301.06001834891));
#710 = CARTESIAN_POINT('',(-19.87548808248,-290.6253850285,
    301.0444793313));
#711 = CARTESIAN_POINT('',(-19.76728054359,-290.6252431419,
    301.02500974144));
#712 = CARTESIAN_POINT('',(-19.65907312384,-290.6251536277,
    301.00683118195));
#713 = CARTESIAN_POINT('',(-19.55086572059,-290.6250594471,
    300.98853330309));
#714 = CARTESIAN_POINT('',(-19.44265871183,-290.6251776586,
    300.9754850325));
#715 = CARTESIAN_POINT('',(-19.33445107866,-290.6249449248,
    300.95375682274));
#716 = CARTESIAN_POINT('',(-19.22624460708,-290.6253519885,
    300.94784506149));
#717 = CARTESIAN_POINT('',(-19.11803694131,-290.6251201511,
    300.92614400436));
#718 = CARTESIAN_POINT('',(-19.00983038843,-290.6254600151,
    300.91856376827));
#719 = CARTESIAN_POINT('',(-18.90162343553,-290.6256058747,
    300.90619479464));
#720 = CARTESIAN_POINT('',(-18.6852097307,-290.6259645798,
    300.88310011734));
#721 = CARTESIAN_POINT('',(-18.577003821,-290.6265856404,300.88245063911
    ));
#722 = CARTESIAN_POINT('',(-18.46879439393,-290.6255878523,
    300.8418666998));
#723 = CARTESIAN_POINT('',(-18.36059440507,-290.6288437521,
    300.90618538234));
#724 = CARTESIAN_POINT('',(-18.25237935647,-290.6253879517,
    300.80500155615));
#725 = CARTESIAN_POINT('',(-18.14418043896,-290.6290846117,
    300.88017557436));
#726 = CARTESIAN_POINT('',(-18.03597019262,-290.6277959723,
    300.8324394472));
#727 = CARTESIAN_POINT('',(-17.92776544442,-290.6289299982,
    300.8444327404));
#728 = CARTESIAN_POINT('',(-17.81955923231,-290.6294287818,
    300.84077022086));
#729 = CARTESIAN_POINT('',(-17.60314745721,-290.6307181375,
    300.84064288358));
#730 = CARTESIAN_POINT('',(-17.49494188012,-290.6315177568,
    300.84440356051));
#731 = CARTESIAN_POINT('',(-17.38673494207,-290.6316165819,
    300.83088416682));
#732 = CARTESIAN_POINT('',(-17.27853322441,-290.6343654969,
    300.88271937895));
#733 = CARTESIAN_POINT('',(-17.17032076988,-290.6316561606,
    300.79995476604));
#734 = CARTESIAN_POINT('',(-17.06212379585,-290.6367590478,
    300.90984905518));
#735 = CARTESIAN_POINT('',(-16.95391224479,-290.6345414426,300.83920144)
  );
#736 = CARTESIAN_POINT('',(-16.84571000775,-290.6369509085,
    300.8826800853));
#737 = CARTESIAN_POINT('',(-16.73750414992,-290.637596826,
    300.88264951135));
#738 = CARTESIAN_POINT('',(-16.52109443849,-290.6398489473,
    300.90628288376));
#739 = CARTESIAN_POINT('',(-16.41288961842,-290.6410049959,
    300.91883513626));
#740 = CARTESIAN_POINT('',(-16.30468433312,-290.6419456224,
    300.92606795824));
#741 = CARTESIAN_POINT('',(-16.19648046961,-290.6435164181,
    300.94886953309));
#742 = CARTESIAN_POINT('',(-16.08827493785,-290.6443674995,300.95387957)
  );
#743 = CARTESIAN_POINT('',(-15.98007109305,-290.645932259,
    300.97653825404));
#744 = CARTESIAN_POINT('',(-15.87186629522,-290.647097252,
    300.98930469294));
#745 = CARTESIAN_POINT('',(-15.76366204098,-290.6484964279,
    301.00786311178));
#746 = CARTESIAN_POINT('',(-15.65545774021,-290.6498848423,
    301.02614976096));
#747 = CARTESIAN_POINT('',(-15.54725354322,-290.6513265955,
    301.04575187018));
#748 = CARTESIAN_POINT('',(-19.8742233874,-290.4133695724,
    301.03064404545));
#749 = CARTESIAN_POINT('',(-19.76601591558,-290.4132592045,
    301.01195213882));
#750 = CARTESIAN_POINT('',(-19.65780856447,-290.413198619,
    300.99448616239));
#751 = CARTESIAN_POINT('',(-19.54960135371,-290.4132056025,
    300.97868857867));
#752 = CARTESIAN_POINT('',(-19.44139417386,-290.4132001728,
    300.96257487425));
#753 = CARTESIAN_POINT('',(-19.3331872577,-290.4133751753,
    300.95093112241));
#754 = CARTESIAN_POINT('',(-19.22498015034,-290.4133883698,
    300.93526968621));
#755 = CARTESIAN_POINT('',(-19.11677341871,-290.4136738691,
    300.9263577654));
#756 = CARTESIAN_POINT('',(-19.0085665329,-290.4138358176,
    300.91438163228));
#757 = CARTESIAN_POINT('',(-18.90035988683,-290.4141222248,
    300.90547908814));
#758 = CARTESIAN_POINT('',(-18.68394681749,-290.4147961319,
    300.89016735901));
#759 = CARTESIAN_POINT('',(-18.57574008262,-290.4150319458,
    300.88001365477));
#760 = CARTESIAN_POINT('',(-18.46753486409,-290.4159267068,
    300.88610159516));
#761 = CARTESIAN_POINT('',(-18.35932593666,-290.4152526563,
    300.85353088754));
#762 = CARTESIAN_POINT('',(-18.25112333123,-290.4172102562,
    300.88579328758));
#763 = CARTESIAN_POINT('',(-18.14291404566,-290.4164339545,
    300.85071557009));
#764 = CARTESIAN_POINT('',(-18.03470963251,-290.4176601402,
    300.86496349299));
#765 = CARTESIAN_POINT('',(-17.9265030085,-290.4179935624,
    300.85722726117));
#766 = CARTESIAN_POINT('',(-17.81829712639,-290.418636255,
    300.85711074161));
#767 = CARTESIAN_POINT('',(-17.60188534558,-290.4199265686,
    300.85700764333));
#768 = CARTESIAN_POINT('',(-17.49367946549,-290.420570829,300.8569367822
    ));
#769 = CARTESIAN_POINT('',(-17.38547420501,-290.4215493546,
    300.86510641927));
#770 = CARTESIAN_POINT('',(-17.27726719821,-290.4215517935,
    300.84922798287));
#771 = CARTESIAN_POINT('',(-17.16906416868,-290.4237336111,
    300.88705132718));
#772 = CARTESIAN_POINT('',(-17.06085573808,-290.4229403408,
    300.85157110474));
#773 = CARTESIAN_POINT('',(-16.9526525955,-290.4250037617,
    300.88648670976));
#774 = CARTESIAN_POINT('',(-16.84444624541,-290.4253647643,
    300.87944108982));
#775 = CARTESIAN_POINT('',(-16.73624127731,-290.4264383187,
    300.88996221861));
#776 = CARTESIAN_POINT('',(-16.51983083552,-290.428357314,
    300.90537019902));
#777 = CARTESIAN_POINT('',(-16.41162572192,-290.4293700702,
    300.9143875788));
#778 = CARTESIAN_POINT('',(-16.30342091063,-290.4305149844,
    300.9266696713));
#779 = CARTESIAN_POINT('',(-16.19521569089,-290.4315156443,
    300.93537402664));
#780 = CARTESIAN_POINT('',(-16.08701129927,-290.4328177828,
    300.95155184387));
#781 = CARTESIAN_POINT('',(-15.97880636367,-290.433930418,
    300.96302413551));
#782 = CARTESIAN_POINT('',(-15.87060195861,-290.4352415733,
    300.97941631901));
#783 = CARTESIAN_POINT('',(-15.7623974568,-290.4365321413,
    300.99528850974));
#784 = CARTESIAN_POINT('',(-15.65419310378,-290.4378926935,
    301.01288962973));
#785 = CARTESIAN_POINT('',(-15.54598884094,-290.4393028963,
    301.03171314983));
#786 = CARTESIAN_POINT('',(-19.87295874518,-290.2013813456,
    301.01748123002));
#787 = CARTESIAN_POINT('',(-19.76475134057,-290.2013033652,
    300.99958864612));
#788 = CARTESIAN_POINT('',(-19.65654407557,-290.2012839706,
    300.9831394564));
#789 = CARTESIAN_POINT('',(-19.54833694683,-290.2013192045,
    300.96803548386));
#790 = CARTESIAN_POINT('',(-19.4401299512,-290.2014201586,
    300.95455431933));
#791 = CARTESIAN_POINT('',(-19.33192305648,-290.2015528186,
    300.94184798415));
#792 = CARTESIAN_POINT('',(-19.22371626495,-290.2017719493,
    300.93128729352));
#793 = CARTESIAN_POINT('',(-19.11550956137,-290.2020101955,
    300.92118923536));
#794 = CARTESIAN_POINT('',(-19.00730291874,-290.202324601,
    300.91298620634));
#795 = CARTESIAN_POINT('',(-18.89909642626,-290.2026901311,
    300.90603848736));
#796 = CARTESIAN_POINT('',(-18.68268366547,-290.2035074698,
    300.89426600678));
#797 = CARTESIAN_POINT('',(-18.57447745609,-290.2039880649,
    300.89015162238));
#798 = CARTESIAN_POINT('',(-18.46627100077,-290.2043761509,
    300.88376098896));
#799 = CARTESIAN_POINT('',(-18.35806564872,-290.2051405816,
    300.8866134537));
#800 = CARTESIAN_POINT('',(-18.24985853685,-290.2053250348,
    300.87522348583));
#801 = CARTESIAN_POINT('',(-18.14165326313,-290.206144791,
    300.87944414364));
#802 = CARTESIAN_POINT('',(-18.03344677939,-290.2065580555,
    300.8736802125));
#803 = CARTESIAN_POINT('',(-17.92524091575,-290.2071975734,
    300.87348072973));
#804 = CARTESIAN_POINT('',(-17.81703494261,-290.2078074634,
    300.8725579032));
#805 = CARTESIAN_POINT('',(-17.60062315828,-290.2090987094,
    300.87247750004));
#806 = CARTESIAN_POINT('',(-17.49241733696,-290.2097806891,
    300.87333583744));
#807 = CARTESIAN_POINT('',(-17.38421148852,-290.2104287376,
    300.87336311246));
#808 = CARTESIAN_POINT('',(-17.27600601532,-290.2113194791,
    300.87936345521));
#809 = CARTESIAN_POINT('',(-17.16779995413,-290.2117713247,
    300.87457546964));
#810 = CARTESIAN_POINT('',(-17.05959485523,-290.212905561,300.8865644081
    ));
#811 = CARTESIAN_POINT('',(-16.95138895927,-290.2134178376,
    300.88327152864));
#812 = CARTESIAN_POINT('',(-16.84318361674,-290.214332821,
    300.88987426923));
#813 = CARTESIAN_POINT('',(-16.73497810923,-290.2151463598,
    300.89397943197));
#814 = CARTESIAN_POINT('',(-16.51856737449,-290.2169237781,
    300.90589398629));
#815 = CARTESIAN_POINT('',(-16.41036207896,-290.2178559757,
    300.91292142145));
#816 = CARTESIAN_POINT('',(-16.30215684966,-290.2188390096,
    300.92119669093));
#817 = CARTESIAN_POINT('',(-16.19395188525,-290.2199020838,
    300.93146362515));
#818 = CARTESIAN_POINT('',(-16.08574690449,-290.2209793,300.94206917645)
  );
#819 = CARTESIAN_POINT('',(-15.97754219308,-290.2221479505,
    300.95494422992));
#820 = CARTESIAN_POINT('',(-15.86933750997,-290.2233451212,
    300.96851445171));
#821 = CARTESIAN_POINT('',(-15.76113297385,-290.224609623,
    300.98374782356));
#822 = CARTESIAN_POINT('',(-15.65292853265,-290.2259285248,
    301.00032052571));
#823 = CARTESIAN_POINT('',(-15.54472420019,-290.2273062844,
    301.01834340194));
#824 = CARTESIAN_POINT('',(-19.87169418789,-289.9894351114,
    301.00535507868));
#825 = CARTESIAN_POINT('',(-19.76348684859,-289.989390136,
    300.98827747241));
#826 = CARTESIAN_POINT('',(-19.65527966406,-289.9894092052,
    300.97277754551));
#827 = CARTESIAN_POINT('',(-19.54707263666,-289.9894925322,
    300.95886084149));
#828 = CARTESIAN_POINT('',(-19.43886575377,-289.9896378701,
    300.94647214585));
#829 = CARTESIAN_POINT('',(-19.33065901124,-289.9898458465,
    300.93562649896));
#830 = CARTESIAN_POINT('',(-19.22245236447,-289.9901119038,
    300.92621647802));
#831 = CARTESIAN_POINT('',(-19.11424583082,-289.9904399007,
    300.91833637887));
#832 = CARTESIAN_POINT('',(-19.00603936329,-289.9908240196,
    300.91184854907));
#833 = CARTESIAN_POINT('',(-18.89783300344,-289.99126602,300.90679173665
    ));
#834 = CARTESIAN_POINT('',(-18.68142056489,-289.9922501834,
    300.89914087109));
#835 = CARTESIAN_POINT('',(-18.5732144798,-289.9927912768,
    300.89652064504));
#836 = CARTESIAN_POINT('',(-18.46500855044,-289.9933756165,
    300.89495867879));
#837 = CARTESIAN_POINT('',(-18.35680257488,-289.9939451014,300.89302748)
  );
#838 = CARTESIAN_POINT('',(-18.24859646602,-289.9945018199,
    300.89079678176));
#839 = CARTESIAN_POINT('',(-18.14039058789,-289.9951065624,
    300.88973042102));
#840 = CARTESIAN_POINT('',(-18.03218452671,-289.9956881537,
    300.88811169605));
#841 = CARTESIAN_POINT('',(-17.92397859385,-289.9963048258,
    300.88735128172));
#842 = CARTESIAN_POINT('',(-17.81577266014,-289.9969326114,
    300.88686958279));
#843 = CARTESIAN_POINT('',(-17.59936087468,-289.9982246539,
    300.88680893553));
#844 = CARTESIAN_POINT('',(-17.49115501753,-289.998888937,
    300.88723056612));
#845 = CARTESIAN_POINT('',(-17.38294920683,-289.9995643689,
    300.88793197758));
#846 = CARTESIAN_POINT('',(-17.27474342007,-290.0002758333,
    300.8895148198));
#847 = CARTESIAN_POINT('',(-17.16653771187,-290.0009636905,
    300.89053456811));
#848 = CARTESIAN_POINT('',(-17.0583319857,-290.0017013269,
    300.89276142591));
#849 = CARTESIAN_POINT('',(-16.95012633376,-290.0024260281,
    300.89468504102));
#850 = CARTESIAN_POINT('',(-16.84192066582,-290.0031356953,
    300.89623478754));
#851 = CARTESIAN_POINT('',(-16.73371502917,-290.0038894649,
    300.89886397895));
#852 = CARTESIAN_POINT('',(-16.51730390731,-290.0054966945,
    300.9065738776));
#853 = CARTESIAN_POINT('',(-16.40909842028,-290.0063512448,
    300.91168126492));
#854 = CARTESIAN_POINT('',(-16.30089307079,-290.0072645116,
    300.91824033212));
#855 = CARTESIAN_POINT('',(-16.19268789073,-290.0082344612,
    300.92620543101));
#856 = CARTESIAN_POINT('',(-16.08448285943,-290.0092668076,
    300.93571183996));
#857 = CARTESIAN_POINT('',(-15.9762779773,-290.0103574784,
    300.94665981731));
#858 = CARTESIAN_POINT('',(-15.86807322025,-290.0115110504,
    300.95915736386));
#859 = CARTESIAN_POINT('',(-15.75986858173,-290.0127268643,
    300.97318860689));
#860 = CARTESIAN_POINT('',(-15.65166405843,-290.0140072222,
    300.98881012537));
#861 = CARTESIAN_POINT('',(-15.54345965205,-290.0153518964,
    301.00601602695));
#862 = CARTESIAN_POINT('',(-19.8691653058,-289.5656520247,300.9838016827
    ));
#863 = CARTESIAN_POINT('',(-19.76095809096,-289.5656733699,
    300.96836238838));
#864 = CARTESIAN_POINT('',(-19.65275105848,-289.5657696168,
    300.95476836598));
#865 = CARTESIAN_POINT('',(-19.54454421474,-289.5659417382,
    300.94304379057));
#866 = CARTESIAN_POINT('',(-19.43633756157,-289.5661899269,
    300.93319202207));
#867 = CARTESIAN_POINT('',(-19.32813107237,-289.5665103478,
    300.92512031207));
#868 = CARTESIAN_POINT('',(-19.21992474126,-289.5669042167,
    300.91885818738));
#869 = CARTESIAN_POINT('',(-19.11171849943,-289.5673640408,
    300.91422897669));
#870 = CARTESIAN_POINT('',(-19.00351235594,-289.5678904931,
    300.91124911128));
#871 = CARTESIAN_POINT('',(-18.89530627873,-289.5684727839,
    300.90965545512));
#872 = CARTESIAN_POINT('',(-18.67889437161,-289.5697318672,
    300.90879596936));
#873 = CARTESIAN_POINT('',(-18.57068850284,-289.5704031138,
    300.90939713496));
#874 = CARTESIAN_POINT('',(-18.46248324181,-289.571185739,
    300.91269378104));
#875 = CARTESIAN_POINT('',(-18.35427667755,-289.5717060553,
    300.90961558154));
#876 = CARTESIAN_POINT('',(-18.24607174714,-289.5725512455,
    300.91442759369));
#877 = CARTESIAN_POINT('',(-18.13786524606,-289.5730750747,
    300.91142514493));
#878 = CARTESIAN_POINT('',(-18.0296597245,-289.5737983713,
    300.91327187965));
#879 = CARTESIAN_POINT('',(-17.92145373799,-289.5744261872,
    300.91279703862));
#880 = CARTESIAN_POINT('',(-17.81324786932,-289.5750781717,
    300.91291098348));
#881 = CARTESIAN_POINT('',(-17.59683609003,-289.5763715081,
    300.91288226294));
#882 = CARTESIAN_POINT('',(-17.48863019786,-289.5770127775,
    300.91273752698));
#883 = CARTESIAN_POINT('',(-17.38042429362,-289.5776788794,
    300.9131980645));
#884 = CARTESIAN_POINT('',(-17.27221843603,-289.5782473646,
    300.91128412534));
#885 = CARTESIAN_POINT('',(-17.1640124743,-289.5790203658,
    300.91434420247));
#886 = CARTESIAN_POINT('',(-17.05580667473,-289.5794643923,
    300.90940172185));
#887 = CARTESIAN_POINT('',(-16.94760066892,-289.5802413504,
    300.91254842366));
#888 = CARTESIAN_POINT('',(-16.83939481482,-289.5807493747,
    300.90915675825));
#889 = CARTESIAN_POINT('',(-16.73118884428,-289.5813710566,
    300.90851680634));
#890 = CARTESIAN_POINT('',(-16.51477708701,-289.5826990181,
    300.9093279988));
#891 = CARTESIAN_POINT('',(-16.40657128625,-289.5834109791,
    300.91091550781));
#892 = CARTESIAN_POINT('',(-16.29836565426,-289.5841796776,
    300.91391143493));
#893 = CARTESIAN_POINT('',(-16.1901602051,-289.5850159887,
    300.91858096605));
#894 = CARTESIAN_POINT('',(-16.08195494553,-289.5859190107,
    300.92490217145));
#895 = CARTESIAN_POINT('',(-15.97374983925,-289.5868961842,
    300.93305018201));
#896 = CARTESIAN_POINT('',(-15.86554487643,-289.5879460896,
    300.94299073948));
#897 = CARTESIAN_POINT('',(-15.75734004575,-289.5890725645,
    300.95481636077));
#898 = CARTESIAN_POINT('',(-15.64913534865,-289.590275366,
    300.96852264592));
#899 = CARTESIAN_POINT('',(-15.5409307869,-289.591553469,300.98408404085
    ));
#900 = CARTESIAN_POINT('',(-19.86790097971,-289.3538151959,
    300.97437517061));
#901 = CARTESIAN_POINT('',(-19.75969382428,-289.353869846,
    300.95975891135));
#902 = CARTESIAN_POINT('',(-19.65148686571,-289.35400453,300.94711449333
    ));
#903 = CARTESIAN_POINT('',(-19.54328009239,-289.3542196435,
    300.93645296372));
#904 = CARTESIAN_POINT('',(-19.43507359074,-289.3545178734,
    300.92783132011));
#905 = CARTESIAN_POINT('',(-19.3268671606,-289.3548937472,
    300.92113703182));
#906 = CARTESIAN_POINT('',(-19.21866102532,-289.3553439788,
    300.91625411499));
#907 = CARTESIAN_POINT('',(-19.11045490064,-289.3558684156,
    300.9132226828));
#908 = CARTESIAN_POINT('',(-19.00224889924,-289.3564553986,
    300.91173439617));
#909 = CARTESIAN_POINT('',(-18.89404297701,-289.3571017915,
    300.91171912106));
#910 = CARTESIAN_POINT('',(-18.67763128902,-289.3584763839,
    300.9137131728));
#911 = CARTESIAN_POINT('',(-18.56942536188,-289.359188169,
    300.91533582696));
#912 = CARTESIAN_POINT('',(-18.46122077074,-289.3600805656,
    300.92127984859));
#913 = CARTESIAN_POINT('',(-18.35301331795,-289.3605198112,
    300.91629923492));
#914 = CARTESIAN_POINT('',(-18.24480956369,-289.3615671032,
    300.92599932149));
#915 = CARTESIAN_POINT('',(-18.13660231866,-289.3619924593,
    300.92063668332));
#916 = CARTESIAN_POINT('',(-18.02839726642,-289.3628127387,
    300.92484384744));
#917 = CARTESIAN_POINT('',(-17.92019118827,-289.3634341639,
    300.9242211125));
#918 = CARTESIAN_POINT('',(-17.81198536134,-289.364098714,
    300.92464389287));
#919 = CARTESIAN_POINT('',(-17.59557358918,-289.3653925466,
    300.9246273452));
#920 = CARTESIAN_POINT('',(-17.48736768607,-289.3660216554,
    300.92418412391));
#921 = CARTESIAN_POINT('',(-17.37916172246,-289.3666950774,
    300.92481459423));
#922 = CARTESIAN_POINT('',(-17.27095591201,-289.3671654986,
    300.92051507186));
#923 = CARTESIAN_POINT('',(-17.16274964934,-289.3680393538,
    300.92599220696));
#924 = CARTESIAN_POINT('',(-17.05454413609,-289.3682787498,
    300.91610101796));
#925 = CARTESIAN_POINT('',(-16.9463376172,-289.3691377821,
    300.92117362603));
#926 = CARTESIAN_POINT('',(-16.83813194884,-289.3695353031,
    300.91511719599));
#927 = CARTESIAN_POINT('',(-16.72992575388,-289.3701156515,
    300.91343591185));
#928 = CARTESIAN_POINT('',(-16.51351372547,-289.3713262801,
    300.91134857127));
#929 = CARTESIAN_POINT('',(-16.40530780636,-289.3719731194,
    300.91133267651));
#930 = CARTESIAN_POINT('',(-16.29710205728,-289.37268033,300.91281297811
    ));
#931 = CARTESIAN_POINT('',(-16.18889645393,-289.3734510953,
    300.9158624673));
#932 = CARTESIAN_POINT('',(-16.08069114395,-289.3742969771,
    300.92078424411));
#933 = CARTESIAN_POINT('',(-15.97248586782,-289.3752181725,
    300.9275429951));
#934 = CARTESIAN_POINT('',(-15.86428084024,-289.3762175421,
    300.93624033132));
#935 = CARTESIAN_POINT('',(-15.75607590008,-289.377300709,
    300.94699558973));
#936 = CARTESIAN_POINT('',(-15.647871114,-289.3784648356,300.95974623249
    ));
#937 = CARTESIAN_POINT('',(-15.53966647127,-289.3797094644,
    300.97448044067));
#938 = CARTESIAN_POINT('',(-19.86663680465,-289.1420446573,
    300.96658320056));
#939 = CARTESIAN_POINT('',(-19.75842970242,-289.1421325046,
    300.95278790769));
#940 = CARTESIAN_POINT('',(-19.65022279413,-289.1423032166,
    300.94103525143));
#941 = CARTESIAN_POINT('',(-19.54201619429,-289.1425660008,
    300.93154233662));
#942 = CARTESIAN_POINT('',(-19.43380947747,-289.1429025897,
    300.92390587627));
#943 = CARTESIAN_POINT('',(-19.3256036126,-289.1433329046,
    300.91848792092));
#944 = CARTESIAN_POINT('',(-19.21739720302,-289.143836399,
    300.91498471939));
#945 = CARTESIAN_POINT('',(-19.10919143409,-289.1444099648,
    300.91312638364));
#946 = CARTESIAN_POINT('',(-19.00098553028,-289.1450559082,
    300.9130956266));
#947 = CARTESIAN_POINT('',(-18.89277966791,-289.1457531544,
    300.91434410254));
#948 = CARTESIAN_POINT('',(-18.67636827382,-289.1472328073,
    300.91891967929));
#949 = CARTESIAN_POINT('',(-18.56816314543,-289.1480574215,
    300.92324057417));
#950 = CARTESIAN_POINT('',(-18.45995455417,-289.1483988365,
    300.91599273309));
#951 = CARTESIAN_POINT('',(-18.35175560291,-289.1502176883,
    300.94428309588));
#952 = CARTESIAN_POINT('',(-18.24354175427,-289.1495996099,
    300.91378329631));
#953 = CARTESIAN_POINT('',(-18.13534269317,-289.1514555293,
    300.94302869941));
#954 = CARTESIAN_POINT('',(-18.02713338521,-289.1515383946,
    300.92939837459));
#955 = CARTESIAN_POINT('',(-17.91892875618,-289.1524285819,
    300.93529287451));
#956 = CARTESIAN_POINT('',(-17.8107227277,-289.1530606321,
    300.93493121716));
#957 = CARTESIAN_POINT('',(-17.59431096581,-289.1543547726,
    300.93492250919));
#958 = CARTESIAN_POINT('',(-17.4861050068,-289.1550175983,
    300.93529257704));
#959 = CARTESIAN_POINT('',(-17.3778993101,-289.1554170257,
    300.92927974032));
#960 = CARTESIAN_POINT('',(-17.26969250431,-289.1566411094,
    300.94321334933));
#961 = CARTESIAN_POINT('',(-17.16148810781,-289.1560552067,
    300.91336880776));
#962 = CARTESIAN_POINT('',(-17.05327988307,-289.1579944042,
    300.94452057779));
#963 = CARTESIAN_POINT('',(-16.94507574425,-289.1574470262,
    300.91566557048));
#964 = CARTESIAN_POINT('',(-16.83686855014,-289.1584061482,
    300.92306058256));
#965 = CARTESIAN_POINT('',(-16.7286626481,-289.1588723478,
    300.91864921179));
#966 = CARTESIAN_POINT('',(-16.51225046376,-289.1599763342,
    300.91394129831));
#967 = CARTESIAN_POINT('',(-16.40404438938,-289.1605712834,
    300.91263570004));
#968 = CARTESIAN_POINT('',(-16.29583849187,-289.1612188375,
    300.91264221555));
#969 = CARTESIAN_POINT('',(-16.18763301596,-289.16193944,300.91449137616
    ));
#970 = CARTESIAN_POINT('',(-16.07942723663,-289.1627320689,
    300.91803667582));
#971 = CARTESIAN_POINT('',(-15.97122226261,-289.1635974582,
    300.92348147759));
#972 = CARTESIAN_POINT('',(-15.86301687757,-289.164558506,
    300.93119791579));
#973 = CARTESIAN_POINT('',(-15.7548119021,-289.1655934697,300.9407696295
    ));
#974 = CARTESIAN_POINT('',(-15.64660701612,-289.1667213081,
    300.95262265661));
#975 = CARTESIAN_POINT('',(-15.53840228633,-289.1679325227,
    300.96653044913));
#976 = CARTESIAN_POINT('',(-19.8653727967,-288.9303518737,
    300.96070964364));
#977 = CARTESIAN_POINT('',(-19.75716574832,-288.930471705,
    300.94770484977));
#978 = CARTESIAN_POINT('',(-19.64895894112,-288.9306813726,
    300.93691159474));
#979 = CARTESIAN_POINT('',(-19.5407520818,-288.9309721007,
    300.92814478855));
#980 = CARTESIAN_POINT('',(-19.43254638584,-288.9313592173,
    300.92163634078));
#981 = CARTESIAN_POINT('',(-19.32433930508,-288.9318542561,
    300.9180196819));
#982 = CARTESIAN_POINT('',(-19.2161340826,-288.9323721546,
    300.91468780897));
#983 = CARTESIAN_POINT('',(-19.10792785472,-288.9330269878,
    300.91492643209));
#984 = CARTESIAN_POINT('',(-18.99972204462,-288.93369872,300.91553463802
    ));
#985 = CARTESIAN_POINT('',(-18.89151643703,-288.9344405486,
    300.91785731543));
#986 = CARTESIAN_POINT('',(-18.67510511359,-288.9359474705,
    300.92310302408));
#987 = CARTESIAN_POINT('',(-18.56689885769,-288.936656539,
    300.92470779305));
#988 = CARTESIAN_POINT('',(-18.45869747953,-288.9381005702,
    300.94396154543));
#989 = CARTESIAN_POINT('',(-18.35048231967,-288.9373544901,
    300.9104743746));
#990 = CARTESIAN_POINT('',(-18.24228928361,-288.940195288,
    300.96346274229));
#991 = CARTESIAN_POINT('',(-18.13407315609,-288.9391769276,
    300.92328353057));
#992 = CARTESIAN_POINT('',(-18.02587317551,-288.9408744994,
    300.9486991894));
#993 = CARTESIAN_POINT('',(-17.91766548396,-288.9412381239,
    300.94186166699));
#994 = CARTESIAN_POINT('',(-17.80945996704,-288.9419625062,
    300.94373801771));
#995 = CARTESIAN_POINT('',(-17.59304821569,-288.9432568165,
    300.94373304418));
#996 = CARTESIAN_POINT('',(-17.48484236135,-288.9438255685,
    300.94182441357));
#997 = CARTESIAN_POINT('',(-17.37663593311,-288.9447632523,
    300.94882620731));
#998 = CARTESIAN_POINT('',(-17.26843131556,-288.9443388531,
    300.92289085411));
#999 = CARTESIAN_POINT('',(-17.16022258513,-288.9466880968,
    300.96395935332));
#1000 = CARTESIAN_POINT('',(-17.05201983765,-288.9450965277,
    300.90986209368));
#1001 = CARTESIAN_POINT('',(-16.94381090396,-288.9471678817,
    300.94410277935));
#1002 = CARTESIAN_POINT('',(-16.83560599954,-288.9470012793,
    300.92443060449));
#1003 = CARTESIAN_POINT('',(-16.72739950545,-288.9475855843,
    300.92279723594));
#1004 = CARTESIAN_POINT('',(-16.51098727714,-288.9486631565,
    300.91744034277));
#1005 = CARTESIAN_POINT('',(-16.40278126357,-288.9492135473,
    300.91506159646));
#1006 = CARTESIAN_POINT('',(-16.29457534287,-288.9498341125,
    300.91439835931));
#1007 = CARTESIAN_POINT('',(-16.18636910524,-288.9504731454,
    300.91414629537));
#1008 = CARTESIAN_POINT('',(-16.07816437343,-288.9512492857,
    300.91746156698));
#1009 = CARTESIAN_POINT('',(-15.96995799414,-288.9520511217,
    300.92114425079));
#1010 = CARTESIAN_POINT('',(-15.86175336254,-288.9529598524,
    300.92767983932));
#1011 = CARTESIAN_POINT('',(-15.75354802855,-288.9539669196,
    300.93653092569));
#1012 = CARTESIAN_POINT('',(-15.64534307511,-288.9550553809,
    300.94741288766));
#1013 = CARTESIAN_POINT('',(-15.53713826455,-288.956234336,
    300.96052354694));
#1014 = CARTESIAN_POINT('',(-19.86410898832,-288.7187414326,
    300.95686500428));
#1015 = CARTESIAN_POINT('',(-19.75590198426,-288.7188929343,
    300.94464381262));
#1016 = CARTESIAN_POINT('',(-19.64769514101,-288.7191319337,
    300.93458499715));
#1017 = CARTESIAN_POINT('',(-19.53948893713,-288.7194654695,
    300.92680827605));
#1018 = CARTESIAN_POINT('',(-19.43128162324,-288.7199198249,
    300.92218786703));
#1019 = CARTESIAN_POINT('',(-19.3230767586,-288.7203603333,
    300.91688448579));
#1020 = CARTESIAN_POINT('',(-19.21486999471,-288.7210293065,
    300.91756082227));
#1021 = CARTESIAN_POINT('',(-19.106664524,-288.7216265573,
    300.91626381148));
#1022 = CARTESIAN_POINT('',(-18.99845888725,-288.7223688956,
    300.91860037626));
#1023 = CARTESIAN_POINT('',(-18.8902531661,-288.7231164803,
    300.92108757446));
#1024 = CARTESIAN_POINT('',(-18.6738420332,-288.7247062144,
    300.92837666635));
#1025 = CARTESIAN_POINT('',(-18.56563708935,-288.7255971705,
    300.93432692013));
#1026 = CARTESIAN_POINT('',(-18.4574278776,-288.7258294216,
    300.92444649806));
#1027 = CARTESIAN_POINT('',(-18.34923126075,-288.7280880365,
    300.96337826316));
#1028 = CARTESIAN_POINT('',(-18.24101385834,-288.72691334,
    300.91949024951));
#1029 = CARTESIAN_POINT('',(-18.13281830986,-288.7293687747,
    300.96320967399));
#1030 = CARTESIAN_POINT('',(-18.02460706071,-288.7291562539,
    300.94247833279));
#1031 = CARTESIAN_POINT('',(-17.91640319772,-288.7301838155,
    300.9516982506));
#1032 = CARTESIAN_POINT('',(-17.80819708654,-288.7308080464,
    300.95115438446));
#1033 = CARTESIAN_POINT('',(-17.59178534708,-288.7321023477,
    300.95114980729));
#1034 = CARTESIAN_POINT('',(-17.48357934347,-288.7327735757,
    300.95171565663));
#1035 = CARTESIAN_POINT('',(-17.37537380633,-288.7330331254,
    300.94231779872));
#1036 = CARTESIAN_POINT('',(-17.26716638221,-288.734559897,
    300.96352872879));
#1037 = CARTESIAN_POINT('',(-17.15896283802,-288.7333612148,
    300.91888786689));
#1038 = CARTESIAN_POINT('',(-17.0507535497,-288.735871584,
    300.96378221671));
#1039 = CARTESIAN_POINT('',(-16.94254979757,-288.7348726348,
    300.92399765476));
#1040 = CARTESIAN_POINT('',(-16.83434247462,-288.7359462,300.93415403738
    ));
#1041 = CARTESIAN_POINT('',(-16.72613647158,-288.7363447015,
    300.92808026076));
#1042 = CARTESIAN_POINT('',(-16.50972408086,-288.7373374399,
    300.92062997321));
#1043 = CARTESIAN_POINT('',(-16.40151793266,-288.7378817189,
    300.91807754417));
#1044 = CARTESIAN_POINT('',(-16.29331189243,-288.7384320211,
    300.91569601067));
#1045 = CARTESIAN_POINT('',(-16.18510660196,-288.7391282829,
    300.91696511693));
#1046 = CARTESIAN_POINT('',(-16.07689980212,-288.7397536703,
    300.91629335307));
#1047 = CARTESIAN_POINT('',(-15.9686957349,-288.7406079383,
    300.92159309266));
#1048 = CARTESIAN_POINT('',(-15.86048929279,-288.741450433,
    300.92627963054));
#1049 = CARTESIAN_POINT('',(-15.75228440128,-288.7424137083,
    300.93410960557));
#1050 = CARTESIAN_POINT('',(-15.64407929441,-288.7434726128,
    300.94425342101));
#1051 = CARTESIAN_POINT('',(-15.53587439389,-288.7446195929,
    300.95657273193));
#1052 = CARTESIAN_POINT('',(-19.86284540608,-288.5072169011,
    300.95513609911));
#1053 = CARTESIAN_POINT('',(-19.75463844896,-288.5073976188,
    300.9436362917));
#1054 = CARTESIAN_POINT('',(-19.64643174513,-288.507669976,
    300.93439181533));
#1055 = CARTESIAN_POINT('',(-19.5382248929,-288.5080454774,
    300.92773478229));
#1056 = CARTESIAN_POINT('',(-19.43001929136,-288.5084484818,
    300.92160703104));
#1057 = CARTESIAN_POINT('',(-19.32181268572,-288.5090967896,
    300.92175795752));
#1058 = CARTESIAN_POINT('',(-19.21360708016,-288.5096147619,
    300.91847852842));
#1059 = CARTESIAN_POINT('',(-19.10540131704,-288.5103624296,
    300.92097742981));
#1060 = CARTESIAN_POINT('',(-18.9971955401,-288.5110716713,
    300.92251498296));
#1061 = CARTESIAN_POINT('',(-18.88899001268,-288.511854133,
    300.92584376477));
#1062 = CARTESIAN_POINT('',(-18.6725789079,-288.5134355067,
    300.93291968745));
#1063 = CARTESIAN_POINT('',(-18.56437306753,-288.5142065596,
    300.9360111576));
#1064 = CARTESIAN_POINT('',(-18.45616977461,-288.5153923295,
    300.94908891443));
#1065 = CARTESIAN_POINT('',(-18.34795891215,-288.5153272089,
    300.93200650469));
#1066 = CARTESIAN_POINT('',(-18.23976065533,-288.5173378391,
    300.96498590153));
#1067 = CARTESIAN_POINT('',(-18.13154880486,-288.5170547927,
    300.94258381107));
#1068 = CARTESIAN_POINT('',(-18.02334662816,-288.5183865383,
    300.95916527408));
#1069 = CARTESIAN_POINT('',(-17.91513970969,-288.5188932734,
    300.95579826017));
#1070 = CARTESIAN_POINT('',(-17.80693410336,-288.5196043717,
    300.95735676216));
#1071 = CARTESIAN_POINT('',(-17.59052237371,-288.5208986212,
    300.95735029054));
#1072 = CARTESIAN_POINT('',(-17.48231648968,-288.5214810155,
    300.95576835927));
#1073 = CARTESIAN_POINT('',(-17.37411020644,-288.5222728718,
    300.95923256483));
#1074 = CARTESIAN_POINT('',(-17.26590501197,-288.5222219264,
    300.9423197089));
#1075 = CARTESIAN_POINT('',(-17.15769731171,-288.5238215529,
    300.96525806707));
#1076 = CARTESIAN_POINT('',(-17.049493029,-288.5230765052,
    300.93157330587));
#1077 = CARTESIAN_POINT('',(-16.9412853691,-288.5244543677,
    300.94910008376));
#1078 = CARTESIAN_POINT('',(-16.8330797113,-288.5245511192,
    300.9357295174));
#1079 = CARTESIAN_POINT('',(-16.72487335711,-288.5250729543,
    300.93259743888));
#1080 = CARTESIAN_POINT('',(-16.50846102974,-288.5260754668,
    300.9253954269));
#1081 = CARTESIAN_POINT('',(-16.4002549252,-288.5265847663,
    300.92199912087));
#1082 = CARTESIAN_POINT('',(-16.29204888013,-288.5271678004,
    300.92040588322));
#1083 = CARTESIAN_POINT('',(-16.18384270344,-288.5277125526,
    300.91785887953));
#1084 = CARTESIAN_POINT('',(-16.07563760501,-288.5284892285,
    300.92113501158));
#1085 = CARTESIAN_POINT('',(-15.96743104446,-288.5291353187,
    300.92099031842));
#1086 = CARTESIAN_POINT('',(-15.85922643667,-288.5300281056,
    300.92714336033));
#1087 = CARTESIAN_POINT('',(-15.75102075546,-288.5309493856,
    300.933859687));
#1088 = CARTESIAN_POINT('',(-15.64281564005,-288.5319744588,
    300.94317562077));
#1089 = CARTESIAN_POINT('',(-15.53461066327,-288.5330918859,
    300.95476543495));
#1090 = CARTESIAN_POINT('',(-19.86158203907,-288.2957816671,
    300.95560998206));
#1091 = CARTESIAN_POINT('',(-19.75337514905,-288.2959896271,
    300.94478098534));
#1092 = CARTESIAN_POINT('',(-19.64516844947,-288.2962879308,
    300.93618194358));
#1093 = CARTESIAN_POINT('',(-19.53696200076,-288.2966636577,
    300.92947737776));
#1094 = CARTESIAN_POINT('',(-19.42875572125,-288.2971999706,
    300.92678453808));
#1095 = CARTESIAN_POINT('',(-19.32054965247,-288.2977075399,
    300.92330146138));
#1096 = CARTESIAN_POINT('',(-19.21234388045,-288.2983911179,
    300.92421632958));
#1097 = CARTESIAN_POINT('',(-19.10413804815,-288.299056664,
    300.92466314487));
#1098 = CARTESIAN_POINT('',(-18.99593248433,-288.2998110381,
    300.92729829103));
#1099 = CARTESIAN_POINT('',(-18.88772687999,-288.3005850893,
    300.93042899444));
#1100 = CARTESIAN_POINT('',(-18.67131580913,-288.3021870293,
    300.93801489631));
#1101 = CARTESIAN_POINT('',(-18.56311043359,-288.3030251321,
    300.94271109504));
#1102 = CARTESIAN_POINT('',(-18.45490414181,-288.3037170749,
    300.94388993483));
#1103 = CARTESIAN_POINT('',(-18.34670065517,-288.3048716192,
    300.95622106081));
#1104 = CARTESIAN_POINT('',(-18.23849236515,-288.3052100386,
    300.94884691291));
#1105 = CARTESIAN_POINT('',(-18.13028915856,-288.3063863532,
    300.96168760059));
#1106 = CARTESIAN_POINT('',(-18.02208216566,-288.3069029369,
    300.95857799924));
#1107 = CARTESIAN_POINT('',(-17.91387689905,-288.3076928146,
    300.96205673021));
#1108 = CARTESIAN_POINT('',(-17.80567103408,-288.3083599477,
    300.96255257986));
#1109 = CARTESIAN_POINT('',(-17.58925931421,-288.3096540542,
    300.96254303977));
#1110 = CARTESIAN_POINT('',(-17.48105336738,-288.3102813329,
    300.96204414095));
#1111 = CARTESIAN_POINT('',(-17.3728474797,-288.3107836374,
    300.95851048924));
#1112 = CARTESIAN_POINT('',(-17.26464108578,-288.3115658073,
    300.96172101898));
#1113 = CARTESIAN_POINT('',(-17.15643555431,-288.3116736114,
    300.94862932451));
#1114 = CARTESIAN_POINT('',(-17.04822866641,-288.3126384825,
    300.95621544576));
#1115 = CARTESIAN_POINT('',(-16.94002295646,-288.312767999,
    300.94363017357));
#1116 = CARTESIAN_POINT('',(-16.83181650286,-288.3133714125,
    300.94247074989));
#1117 = CARTESIAN_POINT('',(-16.72361031017,-288.3138243632,
    300.93769001445));
#1118 = CARTESIAN_POINT('',(-16.50719793021,-288.3148057164,
    300.92996317686));
#1119 = CARTESIAN_POINT('',(-16.39899178489,-288.3153235891,
    300.92676889463));
#1120 = CARTESIAN_POINT('',(-16.29078576458,-288.315861435,
    300.92407787102));
#1121 = CARTESIAN_POINT('',(-16.18257984577,-288.3164891533,
    300.92359890521));
#1122 = CARTESIAN_POINT('',(-16.07437393045,-288.3170987831,
    300.92265570464));
#1123 = CARTESIAN_POINT('',(-15.96616843419,-288.3178863698,
    300.92615053302));
#1124 = CARTESIAN_POINT('',(-15.85796264301,-288.3186451166,
    300.9288605342));
#1125 = CARTESIAN_POINT('',(-15.74975734003,-288.3195658842,
    300.93561270312));
#1126 = CARTESIAN_POINT('',(-15.64155212299,-288.3205647181,
    300.94427726215));
#1127 = CARTESIAN_POINT('',(-15.53334709674,-288.3216545717,
    300.95518795187));
#1128 = CARTESIAN_POINT('',(-19.86031883061,-288.084430917,
    300.95817273145));
#1129 = CARTESIAN_POINT('',(-19.75211200553,-288.0846683881,
    300.94807198142));
#1130 = CARTESIAN_POINT('',(-19.64390538098,-288.0849935964,
    300.94013494687));
#1131 = CARTESIAN_POINT('',(-19.53569891235,-288.0854035647,
    300.93429045023));
#1132 = CARTESIAN_POINT('',(-19.42749267206,-288.0859194799,
    300.93106177671));
#1133 = CARTESIAN_POINT('',(-19.31928665741,-288.0864913382,
    300.92920285062));
#1134 = CARTESIAN_POINT('',(-19.21108075473,-288.0871355567,
    300.92913073023));
#1135 = CARTESIAN_POINT('',(-19.10287505172,-288.0878339508,
    300.93038760426));
#1136 = CARTESIAN_POINT('',(-18.99466938816,-288.0885759412,
    300.93272628202));
#1137 = CARTESIAN_POINT('',(-18.88646381356,-288.0893507198,
    300.93587116108));
#1138 = CARTESIAN_POINT('',(-18.6700527261,-288.0909371525,
    300.94307257399));
#1139 = CARTESIAN_POINT('',(-18.56184719723,-288.0917466753,
    300.94707825464));
#1140 = CARTESIAN_POINT('',(-18.45364184614,-288.0925912044,
    300.95193196485));
#1141 = CARTESIAN_POINT('',(-18.34543596329,-288.0933421388,
    300.95452326925));
#1142 = CARTESIAN_POINT('',(-18.23723092802,-288.0942240764,
    300.96026685221));
#1143 = CARTESIAN_POINT('',(-18.12902488342,-288.0949197194,
    300.96149840773));
#1144 = CARTESIAN_POINT('',(-18.02081947744,-288.0957044121,300.96486645
    ));
#1145 = CARTESIAN_POINT('',(-17.9126136691,-288.096400818,
    300.96608533604));
#1146 = CARTESIAN_POINT('',(-17.80440789594,-288.0970824542,
    300.96693213712));
#1147 = CARTESIAN_POINT('',(-17.58799618444,-288.0983764356,
    300.9669192681));
#1148 = CARTESIAN_POINT('',(-17.47979026416,-288.0989887143,
    300.96605836712));
#1149 = CARTESIAN_POINT('',(-17.37158425036,-288.0995865137,
    300.96483131562));
#1150 = CARTESIAN_POINT('',(-17.26337825182,-288.1000943934,
    300.96141727432));
#1151 = CARTESIAN_POINT('',(-17.15517201718,-288.1006936801,
    300.96019430564));
#1152 = CARTESIAN_POINT('',(-17.04696596714,-288.1011023765,
    300.95435723515));
#1153 = CARTESIAN_POINT('',(-16.93875965662,-288.101645223,
    300.95174681612));
#1154 = CARTESIAN_POINT('',(-16.83055346109,-288.1020918805,
    300.9468120182));
#1155 = CARTESIAN_POINT('',(-16.72234724269,-288.1025742524,
    300.94274181828));
#1156 = CARTESIAN_POINT('',(-16.50593491168,-288.1035716525,
    300.93541292743));
#1157 = CARTESIAN_POINT('',(-16.39772879358,-288.1040888827,
    300.93220656517));
#1158 = CARTESIAN_POINT('',(-16.28952272472,-288.1046392443,
    300.92981474636));
#1159 = CARTESIAN_POINT('',(-16.1813168032,-288.1052337274,
    300.92851835955));
#1160 = CARTESIAN_POINT('',(-16.0731109094,-288.1058832073,
    300.92856959606));
#1161 = CARTESIAN_POINT('',(-15.96490521623,-288.1066058072,
    300.93042884014));
#1162 = CARTESIAN_POINT('',(-15.85669953304,-288.1073850304,
    300.93367218212));
#1163 = CARTESIAN_POINT('',(-15.74849407351,-288.1082711599,
    300.93955660174));
#1164 = CARTESIAN_POINT('',(-15.6402888152,-288.1092427325,
    300.94754973842));
#1165 = CARTESIAN_POINT('',(-15.53208372887,-288.1103027049,
    300.9577231201));
#1166 = CARTESIAN_POINT('',(-19.85905570966,-287.8731447257,
    300.96233266758));
#1167 = CARTESIAN_POINT('',(-19.75084893662,-287.8734094451,
    300.95290487713));
#1168 = CARTESIAN_POINT('',(-19.64264235248,-287.873758541,
    300.94555808042));
#1169 = CARTESIAN_POINT('',(-19.53443593236,-287.8741899814,
    300.9402429973));
#1170 = CARTESIAN_POINT('',(-19.42622968047,-287.8747093677,
    300.93710052039));
#1171 = CARTESIAN_POINT('',(-19.31802365838,-287.8752889063,
    300.93543141381));
#1172 = CARTESIAN_POINT('',(-19.20981777391,-287.8759321627,
    300.93533412527));
#1173 = CARTESIAN_POINT('',(-19.10161203887,-287.8766255348,
    300.9364697833));
#1174 = CARTESIAN_POINT('',(-18.99340637941,-287.8773607156,
    300.93863810898));
#1175 = CARTESIAN_POINT('',(-18.88520078307,-287.8781252158,
    300.94152982978));
#1176 = CARTESIAN_POINT('',(-18.66878965523,-287.8796907452,
    300.94821548648));
#1177 = CARTESIAN_POINT('',(-18.56058412462,-287.8804917313,
    300.95200829691));
#1178 = CARTESIAN_POINT('',(-18.45237859989,-287.8812993354,
    300.95596481565));
#1179 = CARTESIAN_POINT('',(-18.34417306098,-287.8821018435,
    300.95979551513));
#1180 = CARTESIAN_POINT('',(-18.23596749049,-287.8828892691,
    300.96325358989));
#1181 = CARTESIAN_POINT('',(-18.12776187732,-287.8836542258,
    300.96615688653));
#1182 = CARTESIAN_POINT('',(-18.01955621099,-287.8843920608,
    300.96839076178));
#1183 = CARTESIAN_POINT('',(-17.91135048706,-287.8851003818,
    300.96989673668));
#1184 = CARTESIAN_POINT('',(-17.80314470126,-287.8857782556,
    300.97065189134));
#1185 = CARTESIAN_POINT('',(-17.58673299864,-287.8870721086,
    300.97063593132));
#1186 = CARTESIAN_POINT('',(-17.47852708214,-287.8876880862,
    300.96986472678));
#1187 = CARTESIAN_POINT('',(-17.37032109846,-287.8882734925,
    300.96833980797));
#1188 = CARTESIAN_POINT('',(-17.26211504756,-287.8888291479,
    300.96608078713));
#1189 = CARTESIAN_POINT('',(-17.15390893413,-287.8893572974,
    300.96314338409));
#1190 = CARTESIAN_POINT('',(-17.04570276841,-287.8898625849,
    300.95964092053));
#1191 = CARTESIAN_POINT('',(-16.93749656942,-287.8903523828,
    300.9557562774));
#1192 = CARTESIAN_POINT('',(-16.82929036293,-287.8908368288,
    300.95173918328));
#1193 = CARTESIAN_POINT('',(-16.72108417799,-287.8913278037,
    300.9478837482));
#1194 = CARTESIAN_POINT('',(-16.50467189568,-287.8923464338,
    300.94107862482));
#1195 = CARTESIAN_POINT('',(-16.39646579918,-287.8928741296,
    300.93813004438));
#1196 = CARTESIAN_POINT('',(-16.28825976427,-287.893431443,
    300.93591224487));
#1197 = CARTESIAN_POINT('',(-16.18005383023,-287.8940310734,
    300.93473955707));
#1198 = CARTESIAN_POINT('',(-16.07184796182,-287.8946814706,
    300.93481609432));
#1199 = CARTESIAN_POINT('',(-15.96364222517,-287.8953963196,
    300.93648223974));
#1200 = CARTESIAN_POINT('',(-15.85543651832,-287.8961719673,
    300.93963800577));
#1201 = CARTESIAN_POINT('',(-15.74723101457,-287.8970363475,
    300.94498556669));
#1202 = CARTESIAN_POINT('',(-15.63902569597,-287.8979837179,
    300.95238088844));
#1203 = CARTESIAN_POINT('',(-15.53082054607,-287.8990161004,
    300.96187285081));
#1204 = CARTESIAN_POINT('',(-19.85652961362,-287.4506673354,
    300.97300033425));
#1205 = CARTESIAN_POINT('',(-19.74832292587,-287.4509798276,
    300.96475263363));
#1206 = CARTESIAN_POINT('',(-19.64011641111,-287.4513685333,
    300.95838402926));
#1207 = CARTESIAN_POINT('',(-19.53191003181,-287.4518337237,
    300.95390438677));
#1208 = CARTESIAN_POINT('',(-19.4237038325,-287.4523533068,
    300.95075855717));
#1209 = CARTESIAN_POINT('',(-19.31549777412,-287.4529376133,
    300.94921080046));
#1210 = CARTESIAN_POINT('',(-19.20729190406,-287.4535681969,
    300.94879700048));
#1211 = CARTESIAN_POINT('',(-19.09908612604,-287.4542439838,
    300.94949938982));
#1212 = CARTESIAN_POINT('',(-18.99088043144,-287.4549551256,
    300.9510736822));
#1213 = CARTESIAN_POINT('',(-18.88267478237,-287.4556917265,
    300.953276838));
#1214 = CARTESIAN_POINT('',(-18.66626353457,-287.4571982661,
    300.95850724199));
#1215 = CARTESIAN_POINT('',(-18.5580579359,-287.4579681654,
    300.96153353772));
#1216 = CARTESIAN_POINT('',(-18.44985233789,-287.4587451554,
    300.96473560258));
#1217 = CARTESIAN_POINT('',(-18.34164672605,-287.4595200159,
    300.96788571077));
#1218 = CARTESIAN_POINT('',(-18.23344109386,-287.4602844293,
    300.97077738265));
#1219 = CARTESIAN_POINT('',(-18.1252354345,-287.4610314981,
    300.97324058768));
#1220 = CARTESIAN_POINT('',(-18.01702974287,-287.4617563176,
    300.97515372656));
#1221 = CARTESIAN_POINT('',(-17.90882400931,-287.4624560255,
    300.97644727219));
#1222 = CARTESIAN_POINT('',(-17.80061822515,-287.4631295164,
    300.97709438542));
#1223 = CARTESIAN_POINT('',(-17.58420654415,-287.464423124,
    300.97707236945));
#1224 = CARTESIAN_POINT('',(-17.47600064725,-287.4650432373,
    300.97640314051));
#1225 = CARTESIAN_POINT('',(-17.36779469002,-287.4656370508,
    300.9750854583));
#1226 = CARTESIAN_POINT('',(-17.2595886683,-287.4662055668,
    300.97314357803));
#1227 = CARTESIAN_POINT('',(-17.15138258484,-287.4667515708,
    300.97064512692));
#1228 = CARTESIAN_POINT('',(-17.04317645478,-287.467279943,
    300.9677111742));
#1229 = CARTESIAN_POINT('',(-16.93497030081,-287.4677976257,
    300.96451272497));
#1230 = CARTESIAN_POINT('',(-16.82676415106,-287.4683130216,
    300.96125850667));
#1231 = CARTESIAN_POINT('',(-16.71855803032,-287.4688354827,
    300.95817939469));
#1232 = CARTESIAN_POINT('',(-16.50214587871,-287.4699139018,
    300.95284925679));
#1233 = CARTESIAN_POINT('',(-16.39393984814,-287.4704698992,
    300.95059918179));
#1234 = CARTESIAN_POINT('',(-16.28573387962,-287.471051599,
    300.9489839286));
#1235 = CARTESIAN_POINT('',(-16.17752797819,-287.471669055,
    300.94825061746));
#1236 = CARTESIAN_POINT('',(-16.0693221758,-287.4723322279,
    300.94864590711));
#1237 = CARTESIAN_POINT('',(-15.96111638455,-287.4730422051,
    300.95018850325));
#1238 = CARTESIAN_POINT('',(-15.85291072596,-287.4738175214,
    300.95334400319));
#1239 = CARTESIAN_POINT('',(-15.74470512079,-287.4746476786,
    300.95784461004));
#1240 = CARTESIAN_POINT('',(-15.63649970345,-287.4755549047,
    300.96424848248));
#1241 = CARTESIAN_POINT('',(-15.52829443639,-287.4765388982,
    300.97254515657));
#1242 = CARTESIAN_POINT('',(-19.85526663628,-287.2394763494,
    300.97951353984));
#1243 = CARTESIAN_POINT('',(-19.74705998151,-287.2398093272,
    300.97177201657));
#1244 = CARTESIAN_POINT('',(-19.6388534944,-287.2402133865,
    300.96578244625));
#1245 = CARTESIAN_POINT('',(-19.53064710835,-287.2406916761,
    300.96162784268));
#1246 = CARTESIAN_POINT('',(-19.42244099424,-287.2412071204,
    300.95837333312));
#1247 = CARTESIAN_POINT('',(-19.31423485926,-287.2417872158,
    300.95672332043));
#1248 = CARTESIAN_POINT('',(-19.2060290366,-287.2424094199,
    300.95610020147));
#1249 = CARTESIAN_POINT('',(-19.09782321433,-287.2430690996,
    300.95640450358));
#1250 = CARTESIAN_POINT('',(-18.9896174983,-287.2437646726,
    300.95759450752));
#1251 = CARTESIAN_POINT('',(-18.88141181315,-287.2444829458,
    300.95934529488));
#1252 = CARTESIAN_POINT('',(-18.665000485,-287.2459522248,
    300.96365693533));
#1253 = CARTESIAN_POINT('',(-18.55679484407,-287.2467029988,
    300.96621165863));
#1254 = CARTESIAN_POINT('',(-18.44858918844,-287.2474613789,
    300.96895558783));
#1255 = CARTESIAN_POINT('',(-18.34038352705,-287.2482192945,
    300.97168737309));
#1256 = CARTESIAN_POINT('',(-18.2321778583,-287.2489690785,
    300.97422010276));
#1257 = CARTESIAN_POINT('',(-18.12397217662,-287.2497044925,
    300.97639453201));
#1258 = CARTESIAN_POINT('',(-18.01576646179,-287.2504205482,
    300.97809195009));
#1259 = CARTESIAN_POINT('',(-17.90756071281,-287.2511144645,
    300.97924172675));
#1260 = CARTESIAN_POINT('',(-17.79935493262,-287.251784946,
    300.9798155236));
#1261 = CARTESIAN_POINT('',(-17.5829432867,-287.2530784435,
    300.97979075487));
#1262 = CARTESIAN_POINT('',(-17.47473740645,-287.253701446,
    300.97919208011));
#1263 = CARTESIAN_POINT('',(-17.36653145796,-287.2543009743,
    300.97801584595));
#1264 = CARTESIAN_POINT('',(-17.25832544978,-287.2548781701,
    300.97628823495));
#1265 = CARTESIAN_POINT('',(-17.15011939304,-287.2554358516,
    300.97407846421));
#1266 = CARTESIAN_POINT('',(-17.04191328883,-287.2559788953,
    300.97150497348));
#1267 = CARTESIAN_POINT('',(-16.93370715697,-287.2565136605,
    300.96872799405));
#1268 = CARTESIAN_POINT('',(-16.82550102893,-287.2570478451,
    300.96593639122));
#1269 = CARTESIAN_POINT('',(-16.71729494715,-287.2575896428,
    300.96333405359));
#1270 = CARTESIAN_POINT('',(-16.50088287355,-287.2587057565,
    300.95893339412));
#1271 = CARTESIAN_POINT('',(-16.39267688461,-287.2592803063,
    300.95714119074));
#1272 = CARTESIAN_POINT('',(-16.28447096092,-287.2598777696,
    300.95591520828));
#1273 = CARTESIAN_POINT('',(-16.17626508299,-287.260511516,
    300.95558405133));
#1274 = CARTESIAN_POINT('',(-16.06805936326,-287.2611831287,300.95619094
    ));
#1275 = CARTESIAN_POINT('',(-15.95985351321,-287.2618973567,
    300.95783581579));
#1276 = CARTESIAN_POINT('',(-15.85164795552,-287.2626767479,
    300.96109925399));
#1277 = CARTESIAN_POINT('',(-15.7434422883,-287.2634936329,
    300.96527008085));
#1278 = CARTESIAN_POINT('',(-15.63523683348,-287.264385278,
    300.9712894721));
#1279 = CARTESIAN_POINT('',(-15.52703151259,-287.2653485148,
    300.97907324186));
#1280 = CARTESIAN_POINT('',(-19.85400370452,-287.0283144924,
    300.98674544565));
#1281 = CARTESIAN_POINT('',(-19.74579707362,-287.0286628424,
    300.97938349856));
#1282 = CARTESIAN_POINT('',(-19.63759059638,-287.0290802259,
    300.97372344639));
#1283 = CARTESIAN_POINT('',(-19.52938426812,-287.0295439146,
    300.96920018927));
#1284 = CARTESIAN_POINT('',(-19.42117801393,-287.0301108752,
    300.96723721874));
#1285 = CARTESIAN_POINT('',(-19.31297213576,-287.0306201118,
    300.96380826959));
#1286 = CARTESIAN_POINT('',(-19.20476608928,-287.0312734964,
    300.963974643));
#1287 = CARTESIAN_POINT('',(-19.0965603552,-287.0318978217,
    300.96339546635));
#1288 = CARTESIAN_POINT('',(-18.98835457704,-287.0325795462,
    300.96424577822));
#1289 = CARTESIAN_POINT('',(-18.88014885691,-287.033276813,
    300.96547812192));
#1290 = CARTESIAN_POINT('',(-18.66373743945,-287.0347044367,
    300.96876240297));
#1291 = CARTESIAN_POINT('',(-18.55553173889,-287.0354339467,
    300.97079386629));
#1292 = CARTESIAN_POINT('',(-18.44732604485,-287.0361718295,
    300.97303174193));
#1293 = CARTESIAN_POINT('',(-18.33912032738,-287.0369107381,
    300.97529867761));
#1294 = CARTESIAN_POINT('',(-18.23091459733,-287.0376442464,
    300.9774271872));
#1295 = CARTESIAN_POINT('',(-18.12270886212,-287.038366033,
    300.97927073691));
#1296 = CARTESIAN_POINT('',(-18.01450314191,-287.0390720272,
    300.98071792104));
#1297 = CARTESIAN_POINT('',(-17.90629740413,-287.0397590917,
    300.98169984352));
#1298 = CARTESIAN_POINT('',(-17.79809161526,-287.0404262286,
    300.98218824764));
#1299 = CARTESIAN_POINT('',(-17.58167999414,-287.0417196259,
    300.98216115804));
#1300 = CARTESIAN_POINT('',(-17.47347411851,-287.0423459069,
    300.98164555353));
#1301 = CARTESIAN_POINT('',(-17.36526820963,-287.0429521485,
    300.98063526431));
#1302 = CARTESIAN_POINT('',(-17.25706223891,-287.0435394605,
    300.97915695851));
#1303 = CARTESIAN_POINT('',(-17.1488561868,-287.0441106787,
    300.97727835045));
#1304 = CARTESIAN_POINT('',(-17.04065008991,-287.0446701529,
    300.97511088833));
#1305 = CARTESIAN_POINT('',(-16.93244398366,-287.0452240135,
    300.97280205716));
#1306 = CARTESIAN_POINT('',(-16.82423790386,-287.0457788928,
    300.97052097618));
#1307 = CARTESIAN_POINT('',(-16.71603185317,-287.046342162,
    300.9684471059));
#1308 = CARTESIAN_POINT('',(-16.49961986707,-287.0475003638,
    300.96508446762));
#1309 = CARTESIAN_POINT('',(-16.39141393226,-287.0480961521,
    300.96381650078));
#1310 = CARTESIAN_POINT('',(-16.28320800571,-287.0487075992,
    300.96293326464));
#1311 = CARTESIAN_POINT('',(-16.17500236279,-287.0493771021,
    300.96349641241));
#1312 = CARTESIAN_POINT('',(-16.06679629275,-287.0500171576,
    300.96330285978));
#1313 = CARTESIAN_POINT('',(-15.95859099084,-287.0508029232,
    300.96674548219));
#1314 = CARTESIAN_POINT('',(-15.8503850805,-287.0515302198,
    300.96870129886));
#1315 = CARTESIAN_POINT('',(-15.74217953039,-287.0523617767,
    300.97324361581));
#1316 = CARTESIAN_POINT('',(-15.63397402899,-287.0532399101,
    300.97892846297));
#1317 = CARTESIAN_POINT('',(-15.52576866674,-287.0541875532,
    300.98632726106));
#1318 = CARTESIAN_POINT('',(-19.85274081363,-286.8171665812,
    300.99431933154));
#1319 = CARTESIAN_POINT('',(-19.74453420719,-286.8175247106,
    300.98719777987));
#1320 = CARTESIAN_POINT('',(-19.63632775443,-286.8179446802,
    300.9815998129));
#1321 = CARTESIAN_POINT('',(-19.52812141534,-286.8184260715,
    300.97751631374));
#1322 = CARTESIAN_POINT('',(-19.41991531263,-286.8189305019,
    300.97398866487));
#1323 = CARTESIAN_POINT('',(-19.3117091316,-286.8195308754,
    300.97284400598));
#1324 = CARTESIAN_POINT('',(-19.20350337726,-286.8200881254,
    300.97060412173));
#1325 = CARTESIAN_POINT('',(-19.09529744975,-286.8207390937,
    300.97070006042));
#1326 = CARTESIAN_POINT('',(-18.98709168733,-286.821388162,
    300.97073951651));
#1327 = CARTESIAN_POINT('',(-18.87888591464,-286.822066786,
    300.97151268563));
#1328 = CARTESIAN_POINT('',(-18.66247439471,-286.8234521717,
    300.97375668972));
#1329 = CARTESIAN_POINT('',(-18.55426865318,-286.8241601145,
    300.9752556999));
#1330 = CARTESIAN_POINT('',(-18.44606284573,-286.8248768063,
    300.97697566613));
#1331 = CARTESIAN_POINT('',(-18.33785706342,-286.825596422,
    300.97876291133));
#1332 = CARTESIAN_POINT('',(-18.22965131188,-286.8263125316,
    300.98046930818));
#1333 = CARTESIAN_POINT('',(-18.12144556362,-286.8270204929,
    300.98196419853));
#1334 = CARTESIAN_POINT('',(-18.01323976634,-286.8277154745,
    300.98314518337));
#1335 = CARTESIAN_POINT('',(-17.9050339861,-286.8283953867,
    300.98394830676));
#1336 = CARTESIAN_POINT('',(-17.79682829021,-286.8290588087,
    300.98434577342));
#1337 = CARTESIAN_POINT('',(-17.58041667288,-286.8303521447,
    300.98431690658));
#1338 = CARTESIAN_POINT('',(-17.47221090554,-286.8309820198,
    300.98389054902));
#1339 = CARTESIAN_POINT('',(-17.36400498454,-286.8315954719,
    300.98305773283));
#1340 = CARTESIAN_POINT('',(-17.25579898357,-286.832193599,
    300.98184496161));
#1341 = CARTESIAN_POINT('',(-17.14759297551,-286.832778862,
    300.98031570148));
#1342 = CARTESIAN_POINT('',(-17.03938693275,-286.8333556601,
    300.97857230379));
#1343 = CARTESIAN_POINT('',(-16.9311808417,-286.8339290293,
    300.9767463437));
#1344 = CARTESIAN_POINT('',(-16.82297474051,-286.8345052401,
    300.97498736578));
#1345 = CARTESIAN_POINT('',(-16.71476873981,-286.8350902756,
    300.97345071834));
#1346 = CARTESIAN_POINT('',(-16.49835683102,-286.8362911103,
    300.97113810892));
#1347 = CARTESIAN_POINT('',(-16.39015092293,-286.8369057123,
    300.97033355923));
#1348 = CARTESIAN_POINT('',(-16.2819451491,-286.8375501861,
    300.97027033919));
#1349 = CARTESIAN_POINT('',(-16.17373920503,-286.8381926594,
    300.97014826888));
#1350 = CARTESIAN_POINT('',(-16.06553382436,-286.8389299113,
    300.97238867309));
#1351 = CARTESIAN_POINT('',(-15.95732784385,-286.8396234682,
    300.97351842311));
#1352 = CARTESIAN_POINT('',(-15.84912234341,-286.8404139346,
    300.97705678825));
#1353 = CARTESIAN_POINT('',(-15.74091670814,-286.8412275288,
    300.98115155973));
#1354 = CARTESIAN_POINT('',(-15.63271121956,-286.8421029732,
    300.9867723352));
#1355 = CARTESIAN_POINT('',(-15.52450583986,-286.8430406743,
    300.99392663177));
#1356 = CARTESIAN_POINT('',(-19.85147795724,-286.6060227627,
    301.00199140771));
#1357 = CARTESIAN_POINT('',(-19.74327137192,-286.6063869022,
    300.99501725746));
#1358 = CARTESIAN_POINT('',(-19.63506493615,-286.606808576,
    300.98945942521));
#1359 = CARTESIAN_POINT('',(-19.52685860365,-286.6072873081,
    300.98531094658));
#1360 = CARTESIAN_POINT('',(-19.41865250246,-286.6077918267,
    300.98178213475));
#1361 = CARTESIAN_POINT('',(-19.31044635811,-286.6083636784,
    300.97993189326));
#1362 = CARTESIAN_POINT('',(-19.20224050044,-286.6089355863,
    300.97805796721));
#1363 = CARTESIAN_POINT('',(-19.0940346047,-286.6095543732,
    300.97735636594));
#1364 = CARTESIAN_POINT('',(-18.98582878672,-286.6101911556,
    300.97709341077));
#1365 = CARTESIAN_POINT('',(-18.87762297,-286.6108490935,300.97735736348
    ));
#1366 = CARTESIAN_POINT('',(-18.66121134599,-286.6121938827,
    300.97860122238));
#1367 = CARTESIAN_POINT('',(-18.55300555915,-286.6128808504,
    300.97958555923));
#1368 = CARTESIAN_POINT('',(-18.44479970257,-286.6135772815,
    300.9808024187));
#1369 = CARTESIAN_POINT('',(-18.33659386093,-286.6142775355,
    300.98212011572));
#1370 = CARTESIAN_POINT('',(-18.22838809367,-286.6149770853,
    300.98341086591));
#1371 = CARTESIAN_POINT('',(-18.12018232469,-286.615670642,
    300.98455930627));
#1372 = CARTESIAN_POINT('',(-18.01197652686,-286.6163552678,
    300.98547530855));
#1373 = CARTESIAN_POINT('',(-17.90377071142,-286.6170278833,
    300.986099666));
#1374 = CARTESIAN_POINT('',(-17.79556496726,-286.6176875877,
    300.98640648969));
#1375 = CARTESIAN_POINT('',(-17.57915333429,-286.618980862,
    300.98637640725));
#1376 = CARTESIAN_POINT('',(-17.47094753489,-286.6196144671,
    300.98603954775));
#1377 = CARTESIAN_POINT('',(-17.36274160946,-286.6202350421,
    300.98538454432));
#1378 = CARTESIAN_POINT('',(-17.25453564856,-286.6208437345,
    300.98443670717));
#1379 = CARTESIAN_POINT('',(-17.14632968463,-286.6214431957,
    300.98325462509));
#1380 = CARTESIAN_POINT('',(-17.03812369164,-286.6220368215,
    300.98192887438));
#1381 = CARTESIAN_POINT('',(-16.9299176285,-286.6226295716,
    300.98057547223));
#1382 = CARTESIAN_POINT('',(-16.82171156096,-286.623226231,
    300.97932338072));
#1383 = CARTESIAN_POINT('',(-16.71350560565,-286.62383241,
    300.97830567735));
#1384 = CARTESIAN_POINT('',(-16.49709376505,-286.6250741885,
    300.97700181179));
#1385 = CARTESIAN_POINT('',(-16.38888790117,-286.6257096739,
    300.97671110651));
#1386 = CARTESIAN_POINT('',(-16.28068212381,-286.6263664896,
    300.97695248231));
#1387 = CARTESIAN_POINT('',(-16.17247634719,-286.6270415411,
    300.97763649148));
#1388 = CARTESIAN_POINT('',(-16.0642708021,-286.6277638247,
    300.97950431187));
#1389 = CARTESIAN_POINT('',(-15.95606497849,-286.6284862439,
    300.98134787002));
#1390 = CARTESIAN_POINT('',(-15.84785947822,-286.6292764995,
    300.98488373893));
#1391 = CARTESIAN_POINT('',(-15.73965386067,-286.6300927125,
    300.9890432852));
#1392 = CARTESIAN_POINT('',(-15.63144838119,-286.6309663736,
    300.99462156019));
#1393 = CARTESIAN_POINT('',(-15.52324299667,-286.6318979295,
    301.00162520777));
#1394 = CARTESIAN_POINT('',(-19.8502151225,-286.394877845,
    301.00963408022));
#1395 = CARTESIAN_POINT('',(-19.74200855253,-286.3952450842,
    301.00273543009));
#1396 = CARTESIAN_POINT('',(-19.63380212197,-286.3956676305,
    300.99719930808));
#1397 = CARTESIAN_POINT('',(-19.52559581952,-286.3961317096,
    300.99268276151));
#1398 = CARTESIAN_POINT('',(-19.41738961238,-286.3966627836,
    300.98982508422));
#1399 = CARTESIAN_POINT('',(-19.30918365255,-286.3971701313,
    300.98635648137));
#1400 = CARTESIAN_POINT('',(-19.20097756685,-286.3977772488,
    300.98537671106));
#1401 = CARTESIAN_POINT('',(-19.09277174864,-286.3983573979,
    300.98370715349));
#1402 = CARTESIAN_POINT('',(-18.984565856,-286.3989845306,
    300.98321210202));
#1403 = CARTESIAN_POINT('',(-18.87636000144,-286.3996230263,
    300.98299548769));
#1404 = CARTESIAN_POINT('',(-18.65994827874,-286.4009297579,
    300.98330241744));
#1405 = CARTESIAN_POINT('',(-18.55174243221,-286.4015971523,
    300.98380444204));
#1406 = CARTESIAN_POINT('',(-18.44353659387,-286.4022742963,
    300.98454835557));
#1407 = CARTESIAN_POINT('',(-18.335330736,-286.4029568219,
    300.98542323584));
#1408 = CARTESIAN_POINT('',(-18.2271248666,-286.4036398924,
    300.98631930931));
#1409 = CARTESIAN_POINT('',(-18.11891907045,-286.4043203574,
    300.98713825581));
#1410 = CARTESIAN_POINT('',(-18.01071332744,-286.4049945466,
    300.98780052642));
#1411 = CARTESIAN_POINT('',(-17.90250755764,-286.4056605643,
    300.98825402563));
#1412 = CARTESIAN_POINT('',(-17.79430164818,-286.4063167525,
    300.9884741284));
#1413 = CARTESIAN_POINT('',(-17.57788999449,-286.4076100131,
    300.98844342111));
#1414 = CARTESIAN_POINT('',(-17.46968404477,-286.4082470592,
    300.98819248472));
#1415 = CARTESIAN_POINT('',(-17.36147818933,-286.408874338,
    300.98770806367));
#1416 = CARTESIAN_POINT('',(-17.25327233093,-286.4094932804,
    300.98701406151));
#1417 = CARTESIAN_POINT('',(-17.14506638872,-286.4101060877,
    300.98616261205));
#1418 = CARTESIAN_POINT('',(-17.03686037278,-286.410716105,
    300.98523335132));
#1419 = CARTESIAN_POINT('',(-16.92865436144,-286.4113267806,
    300.984325542));
#1420 = CARTESIAN_POINT('',(-16.82044839821,-286.4119428385,
    300.98354985938));
#1421 = CARTESIAN_POINT('',(-16.71224246487,-286.4125687445,
    300.98301822783));
#1422 = CARTESIAN_POINT('',(-16.49583068792,-286.413848888,
    300.98265879223));
#1423 = CARTESIAN_POINT('',(-16.38762486795,-286.4145039699,
    300.98285282346));
#1424 = CARTESIAN_POINT('',(-16.27941905924,-286.4151705212,
    300.98332713084));
#1425 = CARTESIAN_POINT('',(-16.17121351871,-286.4158845262,
    300.98498958023));
#1426 = CARTESIAN_POINT('',(-16.06300760448,-286.4165712373,
    300.98595077211));
#1427 = CARTESIAN_POINT('',(-15.95480223056,-286.4173587253,
    300.98942951121));
#1428 = CARTESIAN_POINT('',(-15.84659651612,-286.4181220731,
    300.99228415945));
#1429 = CARTESIAN_POINT('',(-15.7383909889,-286.4189530293,
    300.99681428573));
#1430 = CARTESIAN_POINT('',(-15.63018551069,-286.4198257263,
    301.00236866269));
#1431 = CARTESIAN_POINT('',(-15.52198012794,-286.420754078,
    301.00929418396));
#1432 = CARTESIAN_POINT('',(-19.84895229458,-286.183729311,
    301.01718619551));
#1433 = CARTESIAN_POINT('',(-19.74074573539,-286.1840970177,
    301.0102982453));
#1434 = CARTESIAN_POINT('',(-19.63253931013,-286.1845156563,
    301.00466415817));
#1435 = CARTESIAN_POINT('',(-19.5243330019,-286.1849828143,
    301.00022604709));
#1436 = CARTESIAN_POINT('',(-19.41612684753,-286.1854727946,
    300.99634137044));
#1437 = CARTESIAN_POINT('',(-19.30792069503,-286.1860300569,
    300.99412848005));
#1438 = CARTESIAN_POINT('',(-19.19971478655,-286.186567538,
    300.99140670333));
#1439 = CARTESIAN_POINT('',(-19.09150879253,-286.1871655015,
    300.99019370594));
#1440 = CARTESIAN_POINT('',(-18.98330290229,-286.187766264,
    300.98904250137));
#1441 = CARTESIAN_POINT('',(-18.87509699514,-286.1883893639,
    300.98844808331));
#1442 = CARTESIAN_POINT('',(-18.65868518226,-286.1896612235,
    300.98789551864));
#1443 = CARTESIAN_POINT('',(-18.5504792706,-286.1903106833,
    300.98795631343));
#1444 = CARTESIAN_POINT('',(-18.44227337984,-286.1909702751,
    300.98826635662));
#1445 = CARTESIAN_POINT('',(-18.33406745331,-286.1916360217,
    300.98873266395));
#1446 = CARTESIAN_POINT('',(-18.22586152345,-286.1923045477,
    300.98926365742));
#1447 = CARTESIAN_POINT('',(-18.1176556448,-286.1929722695,
    300.98977569673));
#1448 = CARTESIAN_POINT('',(-18.0094498727,-286.1936369535,
    300.99020167447));
#1449 = CARTESIAN_POINT('',(-17.90124413937,-286.1942964459,
    300.99049532131));
#1450 = CARTESIAN_POINT('',(-17.7930383339,-286.1949497447,
    300.99063475126));
#1451 = CARTESIAN_POINT('',(-17.57662666648,-286.1962429937,
    300.99060393435));
#1452 = CARTESIAN_POINT('',(-17.46842082959,-286.1968829583,
    300.99043364048));
#1453 = CARTESIAN_POINT('',(-17.36021504008,-286.1975166839,
    300.99010905853));
#1454 = CARTESIAN_POINT('',(-17.25200918869,-286.1981452808,
    300.98965199399));
#1455 = CARTESIAN_POINT('',(-17.14380322586,-286.19877074,
    300.98910853739));
#1456 = CARTESIAN_POINT('',(-17.03559720233,-286.1993954873,
    300.98854636155));
#1457 = CARTESIAN_POINT('',(-16.92739120096,-286.2000229933,
    300.98804964039));
#1458 = CARTESIAN_POINT('',(-16.81918525569,-286.2006567375,
    300.98771082857));
#1459 = CARTESIAN_POINT('',(-16.7109793351,-286.2013007134,
    300.98762370968));
#1460 = CARTESIAN_POINT('',(-16.49456761554,-286.2026159852,
    300.98813017462));
#1461 = CARTESIAN_POINT('',(-16.38636180922,-286.2032865786,
    300.9887045866));
#1462 = CARTESIAN_POINT('',(-16.27815611236,-286.2039797196,
    300.98984136706));
#1463 = CARTESIAN_POINT('',(-16.16995032629,-286.204675663,
    300.99103906041));
#1464 = CARTESIAN_POINT('',(-16.06174487678,-286.2054326834,
    300.99376193681));
#1465 = CARTESIAN_POINT('',(-15.95353910562,-286.2061696261,
    300.99596647741));
#1466 = CARTESIAN_POINT('',(-15.84533361456,-286.2069744765,
    300.99986005476));
#1467 = CARTESIAN_POINT('',(-15.7371280687,-286.2078022094,
    301.00430744785));
#1468 = CARTESIAN_POINT('',(-15.62892261187,-286.2086787786,
    301.00995906808));
#1469 = CARTESIAN_POINT('',(-15.52071723745,-286.2096065779,
    301.01687180842));
#1470 = CARTESIAN_POINT('',(-19.84768946382,-285.9725753265,
    301.02460296987));
#1471 = CARTESIAN_POINT('',(-19.73948290977,-285.9729419227,
    301.01768695733));
#1472 = CARTESIAN_POINT('',(-19.63127648294,-285.9733570059,
    301.01196492591));
#1473 = CARTESIAN_POINT('',(-19.52307017073,-285.9738138612,
    301.00727076366));
#1474 = CARTESIAN_POINT('',(-19.41486397046,-285.974309869,
    301.00354063838));
#1475 = CARTESIAN_POINT('',(-19.30665787587,-285.9748279019,
    301.00034905723));
#1476 = CARTESIAN_POINT('',(-19.19845182979,-285.9753826816,
    300.99806693459));
#1477 = CARTESIAN_POINT('',(-19.09024586481,-285.9759505089,
    300.99610329698));
#1478 = CARTESIAN_POINT('',(-18.98203990593,-285.976542215,
    300.99473292694));
#1479 = CARTESIAN_POINT('',(-18.87383395769,-285.9771490355,
    300.99373694345));
#1480 = CARTESIAN_POINT('',(-18.65742205813,-285.9783894498,
    300.99240994506));
#1481 = CARTESIAN_POINT('',(-18.54921610824,-285.9790229534,
    300.9920752928));
#1482 = CARTESIAN_POINT('',(-18.44101004836,-285.9796665391,
    300.99199540187));
#1483 = CARTESIAN_POINT('',(-18.33280404104,-285.9803174461,
    300.99209322054));
#1484 = CARTESIAN_POINT('',(-18.22459811243,-285.9809725686,
    300.99229300622));
#1485 = CARTESIAN_POINT('',(-18.11639219066,-285.981629177,
    300.99252621534));
#1486 = CARTESIAN_POINT('',(-18.00818625979,-285.9822848275,
    300.99273634609));
#1487 = CARTESIAN_POINT('',(-17.89998049279,-285.9829383054,
    300.99288419404));
#1488 = CARTESIAN_POINT('',(-17.79177502349,-285.9835889332,
    300.99295017605));
#1489 = CARTESIAN_POINT('',(-17.57536336018,-285.9848822004,
    300.99291972562));
#1490 = CARTESIAN_POINT('',(-17.46715786856,-285.9855248295,
    300.99282347113));
#1491 = CARTESIAN_POINT('',(-17.35895207047,-285.9861646303,
    300.99264521256));
#1492 = CARTESIAN_POINT('',(-17.25074610347,-285.9868022372,
    300.99240469129));
#1493 = CARTESIAN_POINT('',(-17.14254013894,-285.9874389335,
    300.9921415411));
#1494 = CARTESIAN_POINT('',(-17.03433417795,-285.9880771126,
    300.99191249813));
#1495 = CARTESIAN_POINT('',(-16.9261281538,-285.9887195772,
    300.99178663467));
#1496 = CARTESIAN_POINT('',(-16.81792211139,-285.9893694358,
    300.99184031155));
#1497 = CARTESIAN_POINT('',(-16.70971621855,-285.9900294762,
    300.99215140272));
#1498 = CARTESIAN_POINT('',(-16.4933045462,-285.9913764111,
    300.99343761693));
#1499 = CARTESIAN_POINT('',(-16.38509876754,-285.9920633925,
    300.99441639535));
#1500 = CARTESIAN_POINT('',(-16.27689304194,-285.9927656261,
    300.99577288241));
#1501 = CARTESIAN_POINT('',(-16.16868741024,-285.9934919659,
    300.99772843269));
#1502 = CARTESIAN_POINT('',(-16.06048175349,-285.9942314153,
    301.00000371423));
#1503 = CARTESIAN_POINT('',(-15.95227620359,-285.9950079534,
    301.00319720748));
#1504 = CARTESIAN_POINT('',(-15.84407064213,-285.9958065926,
    301.00693083869));
#1505 = CARTESIAN_POINT('',(-15.73586513562,-285.9966446648,
    301.01163559792));
#1506 = CARTESIAN_POINT('',(-15.62765969189,-285.9975247403,
    301.01737383766));
#1507 = CARTESIAN_POINT('',(-15.51945432699,-285.9984535773,
    301.02431285344));
#1508 = CARTESIAN_POINT('',(-19.84642662748,-285.7614140269,
    301.03183829627));
#1509 = CARTESIAN_POINT('',(-19.73822007418,-285.7617781156,
    301.02485995613));
#1510 = CARTESIAN_POINT('',(-19.63001364143,-285.7621881695,
    301.01901343933));
#1511 = CARTESIAN_POINT('',(-19.52180732019,-285.7626384174,
    301.01415624617));
#1512 = CARTESIAN_POINT('',(-19.41360110051,-285.7631228565,
    301.01014006215));
#1513 = CARTESIAN_POINT('',(-19.30539496823,-285.7636360813,
    301.00683247709));
#1514 = CARTESIAN_POINT('',(-19.19718890456,-285.7641737371,
    301.00412650213));
#1515 = CARTESIAN_POINT('',(-19.08898288632,-285.764732426,
    301.00194016339));
#1516 = CARTESIAN_POINT('',(-18.98077689132,-285.7653094996,
    301.00020880639));
#1517 = CARTESIAN_POINT('',(-18.87257090214,-285.7659024847,
    300.99887233675));
#1518 = CARTESIAN_POINT('',(-18.65615892869,-285.7671145958,
    300.99684769218));
#1519 = CARTESIAN_POINT('',(-18.54795294291,-285.767733772,
    300.99616096152));
#1520 = CARTESIAN_POINT('',(-18.43974695039,-285.7683635431,
    300.99573695485));
#1521 = CARTESIAN_POINT('',(-18.331540962,-285.7690012994,
    300.99551071925));
#1522 = CARTESIAN_POINT('',(-18.22333500228,-285.7696446051,
    300.99541964709));
#1523 = CARTESIAN_POINT('',(-18.11512909408,-285.7702912277,
    300.99540735531));
#1524 = CARTESIAN_POINT('',(-18.00692325441,-285.7709393951,
    300.99542748362));
#1525 = CARTESIAN_POINT('',(-17.89871747629,-285.7715877297,
    300.99544679531));
#1526 = CARTESIAN_POINT('',(-17.79051172042,-285.7722353969,
    300.9954482338));
#1527 = CARTESIAN_POINT('',(-17.5741000763,-285.7735286924,
    300.99541852037));
#1528 = CARTESIAN_POINT('',(-17.46589431331,-285.7741743222,
    300.9953873986));
#1529 = CARTESIAN_POINT('',(-17.35768852588,-285.7748192881,
    300.99533855324));
#1530 = CARTESIAN_POINT('',(-17.2494826788,-285.7754644419,
    300.99528926602));
#1531 = CARTESIAN_POINT('',(-17.14127677222,-285.7761111619,
    300.99527304949));
#1532 = CARTESIAN_POINT('',(-17.03307082834,-285.7767612475,
    300.9953366899));
#1533 = CARTESIAN_POINT('',(-16.9248648807,-285.7774169431,
    300.9955370266));
#1534 = CARTESIAN_POINT('',(-16.81665896196,-285.778080707,
    300.99593720685));
#1535 = CARTESIAN_POINT('',(-16.7084530948,-285.7787551722,
    300.99660270973));
#1536 = CARTESIAN_POINT('',(-16.49204146849,-285.7801305905,
    300.99859104052));
#1537 = CARTESIAN_POINT('',(-16.3838357078,-285.7808314935,
    300.99991238378));
#1538 = CARTESIAN_POINT('',(-16.27563000803,-285.7815484479,
    301.00163214556));
#1539 = CARTESIAN_POINT('',(-16.16742436243,-285.7822839479,
    301.00381071167));
#1540 = CARTESIAN_POINT('',(-16.05921876048,-285.7830406343,
    301.00651292743));
#1541 = CARTESIAN_POINT('',(-15.95101319347,-285.783821932,
    301.0098209505));
#1542 = CARTESIAN_POINT('',(-15.84280766174,-285.7846321894,
    301.01384205068));
#1543 = CARTESIAN_POINT('',(-15.73460217377,-285.7854768421,
    301.01870908404));
#1544 = CARTESIAN_POINT('',(-15.62639674526,-285.7863619107,
    301.02457094735));
#1545 = CARTESIAN_POINT('',(-15.51819139139,-285.7872931936,
    301.03157076695));
#1546 = CARTESIAN_POINT('',(-19.84516377927,-285.5502453889,
    301.03889213152));
#1547 = CARTESIAN_POINT('',(-19.73695722286,-285.5506060112,
    301.03182794971));
#1548 = CARTESIAN_POINT('',(-19.62875078128,-285.5510104496,
    301.02584273616));
#1549 = CARTESIAN_POINT('',(-19.52054444522,-285.5514531822,
    301.02080010506));
#1550 = CARTESIAN_POINT('',(-19.41233820393,-285.5519286529,
    301.01656311941));
#1551 = CARTESIAN_POINT('',(-19.30413204322,-285.5524318312,
    301.01300823478));
#1552 = CARTESIAN_POINT('',(-19.19592594512,-285.5529585343,
    301.01003311135));
#1553 = CARTESIAN_POINT('',(-19.08771988921,-285.553505497,
    301.00755829347));
#1554 = CARTESIAN_POINT('',(-18.97951385587,-285.554070207,
    301.00552275846));
#1555 = CARTESIAN_POINT('',(-18.8713078309,-285.5546504885,
    301.00387333241));
#1556 = CARTESIAN_POINT('',(-18.65489579349,-285.5558372068,
    301.00122261749));
#1557 = CARTESIAN_POINT('',(-18.54668977767,-285.5564437035,
    301.00022277153));
#1558 = CARTESIAN_POINT('',(-18.4384837631,-285.5570611226,
    300.99949389421));
#1559 = CARTESIAN_POINT('',(-18.33027776213,-285.5576873146,
    300.99898163396));
#1560 = CARTESIAN_POINT('',(-18.22207179359,-285.5583202677,
    300.99863443808));
#1561 = CARTESIAN_POINT('',(-18.11386587549,-285.5589581856,
    300.99840616867));
#1562 = CARTESIAN_POINT('',(-18.00566001746,-285.5595995574,
    300.99825870732));
#1563 = CARTESIAN_POINT('',(-17.89745421337,-285.5602432363,
    300.99816457185));
#1564 = CARTESIAN_POINT('',(-17.7892484339,-285.5608885103,
    300.99810952265));
#1565 = CARTESIAN_POINT('',(-17.57283680424,-285.5621818473,
    300.99808082989));
#1566 = CARTESIAN_POINT('',(-17.46463102867,-285.5628299108,
    300.99810721477));
#1567 = CARTESIAN_POINT('',(-17.35642523534,-285.5634795797,
    300.99817292542));
#1568 = CARTESIAN_POINT('',(-17.24821939896,-285.5641315773,
    300.99829249621));
#1569 = CARTESIAN_POINT('',(-17.14001351858,-285.5647870667,
    300.99849377229));
#1570 = CARTESIAN_POINT('',(-17.03180760995,-285.565447573,
    300.99881527442));
#1571 = CARTESIAN_POINT('',(-16.9236016981,-285.5661149116,
    300.99930357196));
#1572 = CARTESIAN_POINT('',(-16.81539580981,-285.5667911101,
    301.000010647));
#1573 = CARTESIAN_POINT('',(-16.70718996612,-285.5674783354,
    301.00099126631));
#1574 = CARTESIAN_POINT('',(-16.4907783835,-285.5688792994,
    301.00360942919));
#1575 = CARTESIAN_POINT('',(-16.38257264093,-285.5695929766,
    301.00524548956));
#1576 = CARTESIAN_POINT('',(-16.27436695538,-285.5703223593,
    301.00727096799));
#1577 = CARTESIAN_POINT('',(-16.16616132205,-285.5710696311,
    301.0097392395));
#1578 = CARTESIAN_POINT('',(-16.05795573217,-285.5718373108,
    301.01271146468));
#1579 = CARTESIAN_POINT('',(-15.94975017952,-285.5726286696,
    301.01626727231));
#1580 = CARTESIAN_POINT('',(-15.84154466405,-285.5734479027,
    301.02050927437));
#1581 = CARTESIAN_POINT('',(-15.73333919302,-285.5743000559,
    301.02556141413));
#1582 = CARTESIAN_POINT('',(-15.62513377923,-285.5751907068,
    301.03156114654));
#1583 = CARTESIAN_POINT('',(-15.51692843667,-285.5761254011,
    301.03864545166));
#1584 = DEFINITIONAL_REPRESENTATION('',(#1585),#1595);
#1585 = B_SPLINE_CURVE_WITH_KNOTS('',8,(#1586,#1587,#1588,#1589,#1590,
    #1591,#1592,#1593,#1594),.UNSPECIFIED.,.F.,.F.,(9,9),(0.51430902941,
    3.14159265359),.PIECEWISE_BEZIER_KNOTS.);
#1586 = CARTESIAN_POINT('',(0.283443683508,-0.968236638865));
#1587 = CARTESIAN_POINT('',(0.601381330095,-1.531005492516));
#1588 = CARTESIAN_POINT('',(1.130525495063,-1.974423643522));
#1589 = CARTESIAN_POINT('',(1.818495966396,-2.206018570661));
#1590 = CARTESIAN_POINT('',(2.564953514423,-2.160712626652));
#1591 = CARTESIAN_POINT('',(3.237124767554,-1.832888388091));
#1592 = CARTESIAN_POINT('',(3.722176579682,-1.292763126287));
#1593 = CARTESIAN_POINT('',(3.964760512806,-0.646363726133));
#1594 = CARTESIAN_POINT('',(3.964757271583,2.878059893363E-05));
#1595 = ( GEOMETRIC_REPRESENTATION_CONTEXT(2) 
PARAMETRIC_REPRESENTATION_CONTEXT() REPRESENTATION_CONTEXT('2D SPACE',''
  ) );
#1596 = ORIENTED_EDGE('',*,*,#1597,.T.);
#1597 = EDGE_CURVE('',#123,#22,#1598,.T.);
#1598 = SURFACE_CURVE('',#1599,(#1625,#1698),.PCURVE_S1.);
#1599 = B_SPLINE_CURVE_WITH_KNOTS('',3,(#1600,#1601,#1602,#1603,#1604,
    #1605,#1606,#1607,#1608,#1609,#1610,#1611,#1612,#1613,#1614,#1615,
    #1616,#1617,#1618,#1619,#1620,#1621,#1622,#1623,#1624),
  .UNSPECIFIED.,.F.,.F.,(4,2,2,2,1,1,2,2,2,2,1,2,2,4),(0.,0.25,
    0.374999999999,0.437499999999,0.468749999999,0.484374999999,
    0.492187499999,0.499999999999,0.624999999999,0.687499999999,
    0.718749999999,0.734374999999,0.749999999999,1.),.UNSPECIFIED.);
#1600 = CARTESIAN_POINT('',(-18.67366032195,-289.6331495706,
    300.90785448594));
#1601 = CARTESIAN_POINT('',(-18.87269562685,-289.7502296706,
    301.01490176653));
#1602 = CARTESIAN_POINT('',(-19.08140443787,-289.8598655882,
    301.17103075113));
#1603 = CARTESIAN_POINT('',(-19.35162985461,-289.9982381827,
    301.499189783));
#1604 = CARTESIAN_POINT('',(-19.43424144323,-290.0399908408,
    301.62402402171));
#1605 = CARTESIAN_POINT('',(-19.53784406216,-290.0932216298,
    301.83370053242));
#1606 = CARTESIAN_POINT('',(-19.56898432326,-290.1093877362,
    301.90729976514));
#1607 = CARTESIAN_POINT('',(-19.60944979668,-290.1307893937,
    302.02284762566));
#1608 = CARTESIAN_POINT('',(-19.62812164691,-290.1407768199,
    302.08190513561));
#1609 = CARTESIAN_POINT('',(-19.64692934702,-290.151057818,
    302.15292080625));
#1610 = CARTESIAN_POINT('',(-19.65432668314,-290.1551558638,
    302.18379254447));
#1611 = CARTESIAN_POINT('',(-19.65910810349,-290.157817804,
    302.20446874254));
#1612 = CARTESIAN_POINT('',(-19.66180065203,-290.1593258291,
    302.21661034414));
#1613 = CARTESIAN_POINT('',(-19.69345949378,-290.1771411124,
    302.36410503944));
#1614 = CARTESIAN_POINT('',(-19.70845594359,-290.1880471157,
    302.50925474189));
#1615 = CARTESIAN_POINT('',(-19.70590360114,-290.1936997751,
    302.73167214855));
#1616 = CARTESIAN_POINT('',(-19.70089574777,-290.1937883208,
    302.80657920797));
#1617 = CARTESIAN_POINT('',(-19.68697712167,-290.1908883246,
    302.91936811137));
#1618 = CARTESIAN_POINT('',(-19.67841824657,-290.1886790972,
    302.97586840087));
#1619 = CARTESIAN_POINT('',(-19.66744868483,-290.1852586313,
    303.03238096811));
#1620 = CARTESIAN_POINT('',(-19.65960021723,-290.1827005539,
    303.0700417548));
#1621 = CARTESIAN_POINT('',(-19.65568872936,-290.1813808635,
    303.08768191826));
#1622 = CARTESIAN_POINT('',(-19.57511030419,-290.1531720871,
    303.42752435944));
#1623 = CARTESIAN_POINT('',(-19.43239862894,-290.0907860125,
    303.69391193799));
#1624 = CARTESIAN_POINT('',(-19.26854848981,-290.0160697827,
    303.89975680799));
#1625 = PCURVE('',#33,#1626);
#1626 = DEFINITIONAL_REPRESENTATION('',(#1627),#1697);
#1627 = B_SPLINE_CURVE_WITH_KNOTS('',3,(#1628,#1629,#1630,#1631,#1632,
    #1633,#1634,#1635,#1636,#1637,#1638,#1639,#1640,#1641,#1642,#1643,
    #1644,#1645,#1646,#1647,#1648,#1649,#1650,#1651,#1652,#1653,#1654,
    #1655,#1656,#1657,#1658,#1659,#1660,#1661,#1662,#1663,#1664,#1665,
    #1666,#1667,#1668,#1669,#1670,#1671,#1672,#1673,#1674,#1675,#1676,
    #1677,#1678,#1679,#1680,#1681,#1682,#1683,#1684,#1685,#1686,#1687,
    #1688,#1689,#1690,#1691,#1692,#1693,#1694,#1695,#1696),
  .UNSPECIFIED.,.F.,.F.,(4,1,1,1,1,1,1,1,1,1,1,1,1,1,1,1,1,1,1,1,1,1,1,1
    ,1,1,1,1,1,1,1,1,1,1,1,1,1,1,1,1,1,1,1,1,1,1,1,1,1,1,1,1,1,1,1,1,1,1
    ,1,1,1,1,1,1,1,1,4),(0.,1.515151515152E-02,3.030303030303E-02,
    4.545454545455E-02,6.060606060606E-02,7.575757575758E-02,
    9.090909090909E-02,0.106060606061,0.121212121212,0.136363636364,
    0.151515151515,0.166666666667,0.181818181818,0.19696969697,
    0.212121212121,0.227272727273,0.242424242424,0.257575757576,
    0.272727272727,0.287878787879,0.30303030303,0.318181818182,
    0.333333333333,0.348484848485,0.363636363636,0.378787878788,
    0.393939393939,0.409090909091,0.424242424242,0.439393939394,
    0.454545454545,0.469696969697,0.484848484848,0.5,0.515151515152,
    0.530303030303,0.545454545455,0.560606060606,0.575757575758,
    0.590909090909,0.606060606061,0.621212121212,0.636363636364,
    0.651515151515,0.666666666667,0.681818181818,0.69696969697,
    0.712121212121,0.727272727273,0.742424242424,0.757575757576,
    0.772727272727,0.787878787879,0.80303030303,0.818181818182,
    0.833333333333,0.848484848485,0.863636363636,0.878787878788,
    0.893939393939,0.909090909091,0.924242424242,0.939393939394,
    0.954545454545,0.969696969697,0.984848484848,1.),.UNSPECIFIED.);
#1628 = CARTESIAN_POINT('',(0.514309029408,7.34862112369));
#1629 = CARTESIAN_POINT('',(0.517873206935,7.341751969224));
#1630 = CARTESIAN_POINT('',(0.524917812217,7.327902432922));
#1631 = CARTESIAN_POINT('',(0.535228737112,7.306798554502));
#1632 = CARTESIAN_POINT('',(0.545278487459,7.285369305997));
#1633 = CARTESIAN_POINT('',(0.555063474066,7.263618556182));
#1634 = CARTESIAN_POINT('',(0.564580988929,7.241549826842));
#1635 = CARTESIAN_POINT('',(0.57382924103,7.219166171761));
#1636 = CARTESIAN_POINT('',(0.582807200738,7.196470088891));
#1637 = CARTESIAN_POINT('',(0.591514506512,7.173463428452));
#1638 = CARTESIAN_POINT('',(0.59995136555,7.150147307497));
#1639 = CARTESIAN_POINT('',(0.608118465864,7.126522029586));
#1640 = CARTESIAN_POINT('',(0.61601689561,7.102587008076));
#1641 = CARTESIAN_POINT('',(0.62364806618,7.078340703773));
#1642 = CARTESIAN_POINT('',(0.631013654258,7.053780538988));
#1643 = CARTESIAN_POINT('',(0.638115502558,7.028902932543));
#1644 = CARTESIAN_POINT('',(0.644955702157,7.003702919284));
#1645 = CARTESIAN_POINT('',(0.651536022066,6.978175359178));
#1646 = CARTESIAN_POINT('',(0.657859797578,6.952310256432));
#1647 = CARTESIAN_POINT('',(0.663918067876,6.926121738194));
#1648 = CARTESIAN_POINT('',(0.66971157892,6.899613707073));
#1649 = CARTESIAN_POINT('',(0.675240233512,6.872789139567));
#1650 = CARTESIAN_POINT('',(0.680504220174,6.845649672189));
#1651 = CARTESIAN_POINT('',(0.685503634385,6.818195655258));
#1652 = CARTESIAN_POINT('',(0.690238496888,6.790425827774));
#1653 = CARTESIAN_POINT('',(0.694708712091,6.762338093466));
#1654 = CARTESIAN_POINT('',(0.698913885953,6.733926331053));
#1655 = CARTESIAN_POINT('',(0.702853812864,6.705193285546));
#1656 = CARTESIAN_POINT('',(0.706529203281,6.676141855784));
#1657 = CARTESIAN_POINT('',(0.709939940014,6.646776520174));
#1658 = CARTESIAN_POINT('',(0.713086604229,6.617079700138));
#1659 = CARTESIAN_POINT('',(0.715965379215,6.58711045071));
#1660 = CARTESIAN_POINT('',(0.718590120962,6.556646956073));
#1661 = CARTESIAN_POINT('',(0.72091056652,6.526522418416));
#1662 = CARTESIAN_POINT('',(0.723113205822,6.493623646354));
#1663 = CARTESIAN_POINT('',(0.72450272666,6.469571447592));
#1664 = CARTESIAN_POINT('',(0.725830843492,6.442979936054));
#1665 = CARTESIAN_POINT('',(0.726898164553,6.416901931821));
#1666 = CARTESIAN_POINT('',(0.727759448601,6.39052077393));
#1667 = CARTESIAN_POINT('',(0.728400649327,6.364055939371));
#1668 = CARTESIAN_POINT('',(0.728825438014,6.337448553711));
#1669 = CARTESIAN_POINT('',(0.729032006167,6.310713572476));
#1670 = CARTESIAN_POINT('',(0.729019249355,6.283845404097));
#1671 = CARTESIAN_POINT('',(0.728785124098,6.256843114635));
#1672 = CARTESIAN_POINT('',(0.728332549575,6.2297097419));
#1673 = CARTESIAN_POINT('',(0.727661591273,6.202443739649));
#1674 = CARTESIAN_POINT('',(0.726772726734,6.175051456395));
#1675 = CARTESIAN_POINT('',(0.725663254996,6.147508446642));
#1676 = CARTESIAN_POINT('',(0.724340031965,6.119903168574));
#1677 = CARTESIAN_POINT('',(0.722780116084,6.091907735315));
#1678 = CARTESIAN_POINT('',(0.72106851128,6.064745333619));
#1679 = CARTESIAN_POINT('',(0.718986903702,6.035255958634));
#1680 = CARTESIAN_POINT('',(0.716650506618,6.005747693341));
#1681 = CARTESIAN_POINT('',(0.71410353437,5.976736495583));
#1682 = CARTESIAN_POINT('',(0.71133566826,5.948070279791));
#1683 = CARTESIAN_POINT('',(0.708350745535,5.919778228328));
#1684 = CARTESIAN_POINT('',(0.705148411104,5.891843230461));
#1685 = CARTESIAN_POINT('',(0.701729089903,5.864262847605));
#1686 = CARTESIAN_POINT('',(0.698092710367,5.837032949575));
#1687 = CARTESIAN_POINT('',(0.694239102892,5.810152054462));
#1688 = CARTESIAN_POINT('',(0.690167950768,5.783620106039));
#1689 = CARTESIAN_POINT('',(0.685878863097,5.757438728553));
#1690 = CARTESIAN_POINT('',(0.68137141743,5.731611073073));
#1691 = CARTESIAN_POINT('',(0.676645214774,5.70614176587));
#1692 = CARTESIAN_POINT('',(0.671699931757,5.681036809502));
#1693 = CARTESIAN_POINT('',(0.666535391138,5.656303530073));
#1694 = CARTESIAN_POINT('',(0.661151583971,5.631950352769));
#1695 = CARTESIAN_POINT('',(0.657416455877,5.61597491122));
#1696 = CARTESIAN_POINT('',(0.655512456,5.608053774243));
#1697 = ( GEOMETRIC_REPRESENTATION_CONTEXT(2) 
PARAMETRIC_REPRESENTATION_CONTEXT() REPRESENTATION_CONTEXT('2D SPACE',''
  ) );
#1698 = PCURVE('',#1699,#1704);
#1699 = CYLINDRICAL_SURFACE('',#1700,2.);
#1700 = AXIS2_PLACEMENT_3D('',#1701,#1702,#1703);
#1701 = CARTESIAN_POINT('',(-17.701854837,-289.0819184196,
    302.67115396683));
#1702 = DIRECTION('',(-5.982545681755E-03,-0.999711528099,
    -2.326090568418E-02));
#1703 = DIRECTION('',(-6.091501001532E-13,-2.326132195918E-02,
    0.999729418843));
#1704 = DEFINITIONAL_REPRESENTATION('',(#1705),#1775);
#1705 = B_SPLINE_CURVE_WITH_KNOTS('',3,(#1706,#1707,#1708,#1709,#1710,
    #1711,#1712,#1713,#1714,#1715,#1716,#1717,#1718,#1719,#1720,#1721,
    #1722,#1723,#1724,#1725,#1726,#1727,#1728,#1729,#1730,#1731,#1732,
    #1733,#1734,#1735,#1736,#1737,#1738,#1739,#1740,#1741,#1742,#1743,
    #1744,#1745,#1746,#1747,#1748,#1749,#1750,#1751,#1752,#1753,#1754,
    #1755,#1756,#1757,#1758,#1759,#1760,#1761,#1762,#1763,#1764,#1765,
    #1766,#1767,#1768,#1769,#1770,#1771,#1772,#1773,#1774),
  .UNSPECIFIED.,.F.,.F.,(4,1,1,1,1,1,1,1,1,1,1,1,1,1,1,1,1,1,1,1,1,1,1,1
    ,1,1,1,1,1,1,1,1,1,1,1,1,1,1,1,1,1,1,1,1,1,1,1,1,1,1,1,1,1,1,1,1,1,1
    ,1,1,1,1,1,1,1,1,4),(0.,1.515151515152E-02,3.030303030303E-02,
    4.545454545455E-02,6.060606060606E-02,7.575757575758E-02,
    9.090909090909E-02,0.106060606061,0.121212121212,0.136363636364,
    0.151515151515,0.166666666667,0.181818181818,0.19696969697,
    0.212121212121,0.227272727273,0.242424242424,0.257575757576,
    0.272727272727,0.287878787879,0.30303030303,0.318181818182,
    0.333333333333,0.348484848485,0.363636363636,0.378787878788,
    0.393939393939,0.409090909091,0.424242424242,0.439393939394,
    0.454545454545,0.469696969697,0.484848484848,0.5,0.515151515152,
    0.530303030303,0.545454545455,0.560606060606,0.575757575758,
    0.590909090909,0.606060606061,0.621212121212,0.636363636364,
    0.651515151515,0.666666666667,0.681818181818,0.69696969697,
    0.712121212121,0.727272727273,0.742424242424,0.757575757576,
    0.772727272727,0.787878787879,0.80303030303,0.818181818182,
    0.833333333333,0.848484848485,0.863636363636,0.878787878788,
    0.893939393939,0.909090909091,0.924242424242,0.939393939394,
    0.954545454545,0.969696969697,0.984848484848,1.),
  .QUASI_UNIFORM_KNOTS.);
#1706 = CARTESIAN_POINT('',(2.636232143305,0.597901949937));
#1707 = CARTESIAN_POINT('',(2.629362937157,0.604916922468));
#1708 = CARTESIAN_POINT('',(2.615506576297,0.61888423504));
#1709 = CARTESIAN_POINT('',(2.594376488778,0.639633302376));
#1710 = CARTESIAN_POINT('',(2.572909481556,0.660166464135));
#1711 = CARTESIAN_POINT('',(2.551113036412,0.680469716266));
#1712 = CARTESIAN_POINT('',(2.528993820894,0.700529054714));
#1713 = CARTESIAN_POINT('',(2.506557536207,0.720330475426));
#1714 = CARTESIAN_POINT('',(2.483808895487,0.73985997435));
#1715 = CARTESIAN_POINT('',(2.460751569,0.759103547426));
#1716 = CARTESIAN_POINT('',(2.437388140608,0.778047190624));
#1717 = CARTESIAN_POINT('',(2.413720065113,0.796676899803));
#1718 = CARTESIAN_POINT('',(2.389747627124,0.814978671235));
#1719 = CARTESIAN_POINT('',(2.365469912666,0.832938499658));
#1720 = CARTESIAN_POINT('',(2.340884751546,0.850542385523));
#1721 = CARTESIAN_POINT('',(2.315988790676,0.867776307969));
#1722 = CARTESIAN_POINT('',(2.290777103332,0.884626325669));
#1723 = CARTESIAN_POINT('',(2.265244558218,0.90107820047));
#1724 = CARTESIAN_POINT('',(2.239380652164,0.917118801992));
#1725 = CARTESIAN_POINT('',(2.213202630916,0.932728623618));
#1726 = CARTESIAN_POINT('',(2.186713247989,0.947886738371));
#1727 = CARTESIAN_POINT('',(2.159914716507,0.962572763695));
#1728 = CARTESIAN_POINT('',(2.132807703256,0.976766178605));
#1729 = CARTESIAN_POINT('',(2.105391566569,0.990446471409));
#1730 = CARTESIAN_POINT('',(2.077664023428,1.003593231665));
#1731 = CARTESIAN_POINT('',(2.049621888882,1.016185634647));
#1732 = CARTESIAN_POINT('',(2.021258136004,1.028204411508));
#1733 = CARTESIAN_POINT('',(1.992573807792,1.03962368679));
#1734 = CARTESIAN_POINT('',(1.963569768366,1.050415131811));
#1735 = CARTESIAN_POINT('',(1.934248959781,1.060550968404));
#1736 = CARTESIAN_POINT('',(1.904592577518,1.070007037733));
#1737 = CARTESIAN_POINT('',(1.874658489126,1.078744081419));
#1738 = CARTESIAN_POINT('',(1.84422359416,1.086768736728));
#1739 = CARTESIAN_POINT('',(1.814120684472,1.093904422792));
#1740 = CARTESIAN_POINT('',(1.78123555303,1.100658568359));
#1741 = CARTESIAN_POINT('',(1.757191660177,1.104974208936));
#1742 = CARTESIAN_POINT('',(1.730611025747,1.109248967588));
#1743 = CARTESIAN_POINT('',(1.704541822934,1.112823972393));
#1744 = CARTESIAN_POINT('',(1.678166462069,1.115859337037));
#1745 = CARTESIAN_POINT('',(1.6517028345,1.118295727762));
#1746 = CARTESIAN_POINT('',(1.625090971926,1.120132614977));
#1747 = CARTESIAN_POINT('',(1.598344889797,1.12135369987));
#1748 = CARTESIAN_POINT('',(1.571458286568,1.121946956339));
#1749 = CARTESIAN_POINT('',(1.544429644683,1.121899036672));
#1750 = CARTESIAN_POINT('',(1.517261894016,1.121188845375));
#1751 = CARTESIAN_POINT('',(1.489953968954,1.119798187473));
#1752 = CARTESIAN_POINT('',(1.462513226682,1.117709726376));
#1753 = CARTESIAN_POINT('',(1.434916634255,1.114900422956));
#1754 = CARTESIAN_POINT('',(1.407255044286,1.111367482942));
#1755 = CARTESIAN_POINT('',(1.379203024111,1.107021384796));
#1756 = CARTESIAN_POINT('',(1.351989175118,1.102096600484));
#1757 = CARTESIAN_POINT('',(1.322453797558,1.095909155206));
#1758 = CARTESIAN_POINT('',(1.292909243302,1.088868389768));
#1759 = CARTESIAN_POINT('',(1.263873720392,1.081130963902));
#1760 = CARTESIAN_POINT('',(1.235195822804,1.072695441203));
#1761 = CARTESIAN_POINT('',(1.206905130125,1.063602747001));
#1762 = CARTESIAN_POINT('',(1.178984318966,1.053882455831));
#1763 = CARTESIAN_POINT('',(1.151430237123,1.043567183665));
#1764 = CARTESIAN_POINT('',(1.124237535225,1.032688731525));
#1765 = CARTESIAN_POINT('',(1.097403035797,1.021279118798));
#1766 = CARTESIAN_POINT('',(1.070924534239,1.009370306361));
#1767 = CARTESIAN_POINT('',(1.044801082126,0.996994270766));
#1768 = CARTESIAN_POINT('',(1.019032864381,0.984182984368));
#1769 = CARTESIAN_POINT('',(0.993621180919,0.970968420644));
#1770 = CARTESIAN_POINT('',(0.968568385592,0.957382552774));
#1771 = CARTESIAN_POINT('',(0.943877866999,0.943457354013));
#1772 = CARTESIAN_POINT('',(0.919553886301,0.929224797599));
#1773 = CARTESIAN_POINT('',(0.903585917365,0.919552837049));
#1774 = CARTESIAN_POINT('',(0.895664793858,0.914676288246));
#1775 = ( GEOMETRIC_REPRESENTATION_CONTEXT(2) 
PARAMETRIC_REPRESENTATION_CONTEXT() REPRESENTATION_CONTEXT('2D SPACE',''
  ) );
#1776 = ADVANCED_FACE('',(#1777),#57,.T.);
#1777 = FACE_BOUND('',#1778,.T.);
#1778 = EDGE_LOOP('',(#1779,#1820,#1821,#1902));
#1779 = ORIENTED_EDGE('',*,*,#1780,.F.);
#1780 = EDGE_CURVE('',#24,#1781,#1783,.T.);
#1781 = VERTEX_POINT('',#1782);
#1782 = CARTESIAN_POINT('',(-17.68340488537,-286.0977053224,
    306.99173977758));
#1783 = SURFACE_CURVE('',#1784,(#1789,#1796),.PCURVE_S1.);
#1784 = CIRCLE('',#1785,2.);
#1785 = AXIS2_PLACEMENT_3D('',#1786,#1787,#1788);
#1786 = CARTESIAN_POINT('',(-17.68919746032,-287.0249645338,
    305.21969101952));
#1787 = DIRECTION('',(0.999982104413,-5.980926917685E-03,
    -1.391619205543E-04));
#1788 = DIRECTION('',(5.980926975598E-03,0.999982114096,
    -3.832294690734E-18));
#1789 = PCURVE('',#57,#1790);
#1790 = DEFINITIONAL_REPRESENTATION('',(#1791),#1795);
#1791 = LINE('',#1792,#1793);
#1792 = CARTESIAN_POINT('',(0.,-2.32630040481E-02));
#1793 = VECTOR('',#1794,1.);
#1794 = DIRECTION('',(0.,1.));
#1795 = ( GEOMETRIC_REPRESENTATION_CONTEXT(2) 
PARAMETRIC_REPRESENTATION_CONTEXT() REPRESENTATION_CONTEXT('2D SPACE',''
  ) );
#1796 = PCURVE('',#1797,#1814);
#1797 = SURFACE_OF_REVOLUTION('',#1798,#1811);
#1798 = B_SPLINE_CURVE_WITH_KNOTS('',6,(#1799,#1800,#1801,#1802,#1803,
    #1804,#1805,#1806,#1807,#1808,#1809,#1810),.UNSPECIFIED.,.F.,.F.,(7,
    5,7),(5.608053774242,6.478337448967,7.348621123691),.UNSPECIFIED.);
#1799 = CARTESIAN_POINT('',(-17.67985721386,-285.4350887584,
    304.00634532333));
#1800 = CARTESIAN_POINT('',(-17.6787725239,-285.2590996046,
    304.23695645467));
#1801 = CARTESIAN_POINT('',(-17.67792364365,-285.1232494249,
    304.498199342));
#1802 = CARTESIAN_POINT('',(-17.67735163839,-285.0342010824,
    304.78134715107));
#1803 = CARTESIAN_POINT('',(-17.67708274602,-284.9960927312,
    305.07571137703));
#1804 = CARTESIAN_POINT('',(-17.67712294656,-285.0096580631,
    305.36985389052));
#1805 = CARTESIAN_POINT('',(-17.67779602981,-285.1353732271,
    305.93625891822));
#1806 = CARTESIAN_POINT('',(-17.67842891046,-285.2475226767,
    306.20851970953));
#1807 = CARTESIAN_POINT('',(-17.67934540673,-285.4065872873,
    306.45911944212));
#1808 = CARTESIAN_POINT('',(-17.68051399901,-285.607063208,
    306.67800447102));
#1809 = CARTESIAN_POINT('',(-17.68188631942,-285.8406789544,
    306.85724073366));
#1810 = CARTESIAN_POINT('',(-17.68340488537,-286.0977053224,
    306.99173977758));
#1811 = AXIS1_PLACEMENT('',#1812,#1813);
#1812 = CARTESIAN_POINT('',(-17.695180006,-288.0246760619,
    305.19643011384));
#1813 = DIRECTION('',(-6.865956141921E-13,-2.326132195943E-02,
    0.999729418843));
#1814 = DEFINITIONAL_REPRESENTATION('',(#1815),#1819);
#1815 = LINE('',#1816,#1817);
#1816 = CARTESIAN_POINT('',(6.28318530718,-2.32630040491E-02));
#1817 = VECTOR('',#1818,1.);
#1818 = DIRECTION('',(0.,1.));
#1819 = ( GEOMETRIC_REPRESENTATION_CONTEXT(2) 
PARAMETRIC_REPRESENTATION_CONTEXT() REPRESENTATION_CONTEXT('2D SPACE',''
  ) );
#1820 = ORIENTED_EDGE('',*,*,#21,.F.);
#1821 = ORIENTED_EDGE('',*,*,#1822,.F.);
#1822 = EDGE_CURVE('',#1823,#22,#1825,.T.);
#1823 = VERTEX_POINT('',#1824);
#1824 = CARTESIAN_POINT('',(-18.67366032196,-289.7727175024,
    306.906230999));
#1825 = SURFACE_CURVE('',#1826,(#1839,#1868),.PCURVE_S1.);
#1826 = B_SPLINE_CURVE_WITH_KNOTS('',3,(#1827,#1828,#1829,#1830,#1831,
    #1832,#1833,#1834,#1835,#1836,#1837,#1838),.UNSPECIFIED.,.F.,.F.,(4,
    2,2,2,2,4),(0.,0.25,0.375,0.5,0.75,1.),.UNSPECIFIED.);
#1827 = CARTESIAN_POINT('',(-18.67366032196,-289.7727175024,
    306.906230999));
#1828 = CARTESIAN_POINT('',(-18.91373557961,-289.9077806591,
    306.77068269296));
#1829 = CARTESIAN_POINT('',(-19.13121769981,-290.0138164422,
    306.58311727953));
#1830 = CARTESIAN_POINT('',(-19.3892104178,-290.1299083848,
    306.23980976351));
#1831 = CARTESIAN_POINT('',(-19.46385979639,-290.161449415,
    306.11522553338));
#1832 = CARTESIAN_POINT('',(-19.5855079461,-290.2103601265,
    305.85055543006));
#1833 = CARTESIAN_POINT('',(-19.63214023171,-290.2276122844,
    305.71211798538));
#1834 = CARTESIAN_POINT('',(-19.7267083471,-290.2590674259,
    305.27287438147));
#1835 = CARTESIAN_POINT('',(-19.72260374003,-290.2506177399,
    304.9683508786));
#1836 = CARTESIAN_POINT('',(-19.58508187321,-290.1762164768,
    304.39468833284));
#1837 = CARTESIAN_POINT('',(-19.45184211664,-290.1102718093,
    304.12589190145));
#1838 = CARTESIAN_POINT('',(-19.26854848981,-290.0160697827,
    303.89975680799));
#1839 = PCURVE('',#57,#1840);
#1840 = DEFINITIONAL_REPRESENTATION('',(#1841),#1867);
#1841 = B_SPLINE_CURVE_WITH_KNOTS('',3,(#1842,#1843,#1844,#1845,#1846,
    #1847,#1848,#1849,#1850,#1851,#1852,#1853,#1854,#1855,#1856,#1857,
    #1858,#1859,#1860,#1861,#1862,#1863,#1864,#1865,#1866),
  .UNSPECIFIED.,.F.,.F.,(4,1,1,1,1,1,1,1,1,1,1,1,1,1,1,1,1,1,1,1,1,1,4),
  (0.,4.545454545455E-02,9.090909090909E-02,0.136363636364,
    0.181818181818,0.227272727273,0.272727272727,0.318181818182,
    0.363636363636,0.409090909091,0.454545454545,0.5,0.545454545455,
    0.590909090909,0.636363636364,0.681818181818,0.727272727273,
    0.772727272727,0.818181818182,0.863636363636,0.909090909091,
    0.954545454545,1.),.UNSPECIFIED.);
#1842 = CARTESIAN_POINT('',(2.627283624181,7.348621123691));
#1843 = CARTESIAN_POINT('',(2.614404431993,7.323760235065));
#1844 = CARTESIAN_POINT('',(2.590481218803,7.273805231762));
#1845 = CARTESIAN_POINT('',(2.559407241965,7.198258089276));
#1846 = CARTESIAN_POINT('',(2.532379231351,7.122201150567));
#1847 = CARTESIAN_POINT('',(2.508878031619,7.045669954529));
#1848 = CARTESIAN_POINT('',(2.488489605659,6.968665339654));
#1849 = CARTESIAN_POINT('',(2.470909530548,6.891113039598));
#1850 = CARTESIAN_POINT('',(2.455886463905,6.813042420188));
#1851 = CARTESIAN_POINT('',(2.443222985219,6.734410386056));
#1852 = CARTESIAN_POINT('',(2.432803849574,6.655330628527));
#1853 = CARTESIAN_POINT('',(2.424540129654,6.576032644172));
#1854 = CARTESIAN_POINT('',(2.418269633602,6.495242425201));
#1855 = CARTESIAN_POINT('',(2.414071140998,6.413586106453));
#1856 = CARTESIAN_POINT('',(2.411938880945,6.332361741395));
#1857 = CARTESIAN_POINT('',(2.411757988851,6.251217106124));
#1858 = CARTESIAN_POINT('',(2.413511268436,6.170253681796));
#1859 = CARTESIAN_POINT('',(2.417215911401,6.089454171133));
#1860 = CARTESIAN_POINT('',(2.422959494706,6.008827181555));
#1861 = CARTESIAN_POINT('',(2.430807193791,5.928379769768));
#1862 = CARTESIAN_POINT('',(2.440822997937,5.848071502151));
#1863 = CARTESIAN_POINT('',(2.453143275137,5.767898618178));
#1864 = CARTESIAN_POINT('',(2.467957335458,5.687871939493));
#1865 = CARTESIAN_POINT('',(2.479698313592,5.634637696264));
#1866 = CARTESIAN_POINT('',(2.486080197589,5.608053774243));
#1867 = ( GEOMETRIC_REPRESENTATION_CONTEXT(2) 
PARAMETRIC_REPRESENTATION_CONTEXT() REPRESENTATION_CONTEXT('2D SPACE',''
  ) );
#1868 = PCURVE('',#1869,#1874);
#1869 = CYLINDRICAL_SURFACE('',#1870,2.);
#1870 = AXIS2_PLACEMENT_3D('',#1871,#1872,#1873);
#1871 = CARTESIAN_POINT('',(-17.701854837,-289.1400717245,
    305.17047751394));
#1872 = DIRECTION('',(-5.982545681735E-03,-0.999711528099,
    -2.326090568422E-02));
#1873 = DIRECTION('',(-6.091478504337E-13,-2.326132195922E-02,
    0.999729418843));
#1874 = DEFINITIONAL_REPRESENTATION('',(#1875),#1901);
#1875 = B_SPLINE_CURVE_WITH_KNOTS('',3,(#1876,#1877,#1878,#1879,#1880,
    #1881,#1882,#1883,#1884,#1885,#1886,#1887,#1888,#1889,#1890,#1891,
    #1892,#1893,#1894,#1895,#1896,#1897,#1898,#1899,#1900),
  .UNSPECIFIED.,.F.,.F.,(4,1,1,1,1,1,1,1,1,1,1,1,1,1,1,1,1,1,1,1,1,1,4),
  (0.,4.545454545455E-02,9.090909090909E-02,0.136363636364,
    0.181818181818,0.227272727273,0.272727272727,0.318181818182,
    0.363636363636,0.409090909091,0.454545454545,0.5,0.545454545455,
    0.590909090909,0.636363636364,0.681818181818,0.727272727273,
    0.772727272727,0.818181818182,0.863636363636,0.909090909091,
    0.954545454545,1.),.UNSPECIFIED.);
#1876 = CARTESIAN_POINT('',(0.505360510284,0.59790194994));
#1877 = CARTESIAN_POINT('',(0.530217294816,0.623286210368));
#1878 = CARTESIAN_POINT('',(0.580124617416,0.672207180458));
#1879 = CARTESIAN_POINT('',(0.655545650129,0.740045986805));
#1880 = CARTESIAN_POINT('',(0.731501439328,0.802342133833));
#1881 = CARTESIAN_POINT('',(0.807980974555,0.85909566016));
#1882 = CARTESIAN_POINT('',(0.884988167618,0.910306421846));
#1883 = CARTESIAN_POINT('',(0.962583081492,0.955974956034));
#1884 = CARTESIAN_POINT('',(1.040723402001,0.996099258094));
#1885 = CARTESIAN_POINT('',(1.119435721983,1.030686809399));
#1886 = CARTESIAN_POINT('',(1.198584768402,1.059709689098));
#1887 = CARTESIAN_POINT('',(1.277931066931,1.083118228773));
#1888 = CARTESIAN_POINT('',(1.358743364347,1.101181764735));
#1889 = CARTESIAN_POINT('',(1.440396840469,1.113667617479));
#1890 = CARTESIAN_POINT('',(1.521617770393,1.120218620462));
#1891 = CARTESIAN_POINT('',(1.602765499235,1.120930476171));
#1892 = CARTESIAN_POINT('',(1.683736839869,1.1157775412));
#1893 = CARTESIAN_POINT('',(1.764544452746,1.104766686678));
#1894 = CARTESIAN_POINT('',(1.845182798937,1.087896071491));
#1895 = CARTESIAN_POINT('',(1.92564531263,1.065166188965));
#1896 = CARTESIAN_POINT('',(2.005960411994,1.036576906914));
#1897 = CARTESIAN_POINT('',(2.086124182054,1.002128260761));
#1898 = CARTESIAN_POINT('',(2.166124331028,0.961820241003));
#1899 = CARTESIAN_POINT('',(2.21934601586,0.93104198049));
#1900 = CARTESIAN_POINT('',(2.245927859733,0.914676288254));
#1901 = ( GEOMETRIC_REPRESENTATION_CONTEXT(2) 
PARAMETRIC_REPRESENTATION_CONTEXT() REPRESENTATION_CONTEXT('2D SPACE',''
  ) );
#1902 = ORIENTED_EDGE('',*,*,#1903,.F.);
#1903 = EDGE_CURVE('',#1781,#1823,#1904,.T.);
#1904 = SURFACE_CURVE('',#1905,(#1910,#1917),.PCURVE_S1.);
#1905 = CIRCLE('',#1906,1.968245836552);
#1906 = AXIS2_PLACEMENT_3D('',#1907,#1908,#1909);
#1907 = CARTESIAN_POINT('',(-17.695180006,-288.0653833754,
    306.94595659681));
#1908 = DIRECTION('',(-6.865795909236E-13,-2.326132195943E-02,
    0.999729418843));
#1909 = DIRECTION('',(5.982545681734E-03,0.999711528099,
    2.326090568443E-02));
#1910 = PCURVE('',#57,#1911);
#1911 = DEFINITIONAL_REPRESENTATION('',(#1912),#1916);
#1912 = LINE('',#1913,#1914);
#1913 = CARTESIAN_POINT('',(0.,7.348621123689));
#1914 = VECTOR('',#1915,1.);
#1915 = DIRECTION('',(1.,-5.341341491305E-13));
#1916 = ( GEOMETRIC_REPRESENTATION_CONTEXT(2) 
PARAMETRIC_REPRESENTATION_CONTEXT() REPRESENTATION_CONTEXT('2D SPACE',''
  ) );
#1917 = PCURVE('',#1918,#1923);
#1918 = PLANE('',#1919);
#1919 = AXIS2_PLACEMENT_3D('',#1920,#1921,#1922);
#1920 = CARTESIAN_POINT('',(-17.7014001788,-289.1048035126,
    306.92177176639));
#1921 = DIRECTION('',(-7.403992069949E-13,-2.326132195853E-02,
    0.999729418843));
#1922 = DIRECTION('',(-1.722732572139E-14,0.999729418843,
    2.326132195853E-02));
#1923 = DEFINITIONAL_REPRESENTATION('',(#1924),#1928);
#1924 = CIRCLE('',#1925,1.968245836552);
#1925 = AXIS2_PLACEMENT_2D('',#1926,#1927);
#1926 = CARTESIAN_POINT('',(1.039701460874,-6.220172798027E-03));
#1927 = DIRECTION('',(0.999982104413,-5.982545681751E-03));
#1928 = ( GEOMETRIC_REPRESENTATION_CONTEXT(2) 
PARAMETRIC_REPRESENTATION_CONTEXT() REPRESENTATION_CONTEXT('2D SPACE',''
  ) );
#1929 = ADVANCED_FACE('',(#1930),#98,.T.);
#1930 = FACE_BOUND('',#1931,.T.);
#1931 = EDGE_LOOP('',(#1932,#1933,#1957,#2134));
#1932 = ORIENTED_EDGE('',*,*,#81,.F.);
#1933 = ORIENTED_EDGE('',*,*,#1934,.T.);
#1934 = EDGE_CURVE('',#24,#1935,#1937,.T.);
#1935 = VERTEX_POINT('',#1936);
#1936 = CARTESIAN_POINT('',(-16.14610536956,-290.0347452211,
    303.89932227503));
#1937 = SURFACE_CURVE('',#1938,(#1943,#1950),.PCURVE_S1.);
#1938 = CIRCLE('',#1939,2.5612494996);
#1939 = AXIS2_PLACEMENT_3D('',#1940,#1941,#1942);
#1940 = CARTESIAN_POINT('',(-17.695180006,-287.9955994095,
    303.94676834028));
#1941 = DIRECTION('',(6.026672487881E-13,2.32613219594E-02,
    -0.999729418843));
#1942 = DIRECTION('',(-5.982545681735E-03,-0.999711528099,
    -2.32609056844E-02));
#1943 = PCURVE('',#98,#1944);
#1944 = DEFINITIONAL_REPRESENTATION('',(#1945),#1949);
#1945 = LINE('',#1946,#1947);
#1946 = CARTESIAN_POINT('',(7.505107646466E-14,5.608053774242));
#1947 = VECTOR('',#1948,1.);
#1948 = DIRECTION('',(1.,2.325766287771E-13));
#1949 = ( GEOMETRIC_REPRESENTATION_CONTEXT(2) 
PARAMETRIC_REPRESENTATION_CONTEXT() REPRESENTATION_CONTEXT('2D SPACE',''
  ) );
#1950 = PCURVE('',#1797,#1951);
#1951 = DEFINITIONAL_REPRESENTATION('',(#1952),#1956);
#1952 = LINE('',#1953,#1954);
#1953 = CARTESIAN_POINT('',(9.424777960769,5.608053774243));
#1954 = VECTOR('',#1955,1.);
#1955 = DIRECTION('',(-1.,-2.025667411929E-13));
#1956 = ( GEOMETRIC_REPRESENTATION_CONTEXT(2) 
PARAMETRIC_REPRESENTATION_CONTEXT() REPRESENTATION_CONTEXT('2D SPACE',''
  ) );
#1957 = ORIENTED_EDGE('',*,*,#1958,.T.);
#1958 = EDGE_CURVE('',#1935,#1959,#1961,.T.);
#1959 = VERTEX_POINT('',#1960);
#1960 = CARTESIAN_POINT('',(-16.7372033035,-289.6447315858,
    300.90758500004));
#1961 = SURFACE_CURVE('',#1962,(#1988,#2061),.PCURVE_S1.);
#1962 = B_SPLINE_CURVE_WITH_KNOTS('',3,(#1963,#1964,#1965,#1966,#1967,
    #1968,#1969,#1970,#1971,#1972,#1973,#1974,#1975,#1976,#1977,#1978,
    #1979,#1980,#1981,#1982,#1983,#1984,#1985,#1986,#1987),
  .UNSPECIFIED.,.F.,.F.,(4,2,2,1,2,2,2,2,1,1,2,2,2,4),(0.,0.125,
    0.187500000001,0.218750000001,0.234375000001,0.250000000001,
    0.375000000001,0.437500000001,0.468750000001,0.484375000001,
    0.492187500001,0.500000000001,0.750000000001,1.),.UNSPECIFIED.);
#1963 = CARTESIAN_POINT('',(-16.14610536956,-290.0347452211,
    303.89932227503));
#1964 = CARTESIAN_POINT('',(-16.06469922416,-290.0730627753,
    303.7964245686));
#1965 = CARTESIAN_POINT('',(-15.98873302046,-290.1079440106,
    303.67910355881));
#1966 = CARTESIAN_POINT('',(-15.89093795624,-290.1513233529,
    303.48125017206));
#1967 = CARTESIAN_POINT('',(-15.86104620183,-290.1642823833,
    303.41168072963));
#1968 = CARTESIAN_POINT('',(-15.82134821965,-290.1808902714,
    303.30216468747));
#1969 = CARTESIAN_POINT('',(-15.80278458465,-290.18848534,
    303.24611969774));
#1970 = CARTESIAN_POINT('',(-15.78635235531,-290.1948970984,
    303.18822811207));
#1971 = CARTESIAN_POINT('',(-15.77589357769,-290.1988945043,
    303.14923522981));
#1972 = CARTESIAN_POINT('',(-15.77063294734,-290.2008560859,
    303.12836322234));
#1973 = CARTESIAN_POINT('',(-15.7306462843,-290.2153737811,
    302.95995017108));
#1974 = CARTESIAN_POINT('',(-15.71210324003,-290.2191127292,
    302.80915482859));
#1975 = CARTESIAN_POINT('',(-15.70917167041,-290.213804569,
    302.58733165929));
#1976 = CARTESIAN_POINT('',(-15.7123161678,-290.2102060325,
    302.51410740357));
#1977 = CARTESIAN_POINT('',(-15.72293508151,-290.2023244189,
    302.40598673007));
#1978 = CARTESIAN_POINT('',(-15.72971817756,-290.1977616327,
    302.35235410648));
#1979 = CARTESIAN_POINT('',(-15.74013065044,-290.1913960183,
    302.29065827205));
#1980 = CARTESIAN_POINT('',(-15.74511895057,-290.1884487996,
    302.26441758627));
#1981 = CARTESIAN_POINT('',(-15.74856023305,-290.1864357554,
    302.24696972114));
#1982 = CARTESIAN_POINT('',(-15.74995649711,-290.1856246925,
    302.24007553361));
#1983 = CARTESIAN_POINT('',(-15.82315331395,-290.1435792125,
    301.89410028586));
#1984 = CARTESIAN_POINT('',(-15.97290156941,-290.0659429347,
    301.60996195538));
#1985 = CARTESIAN_POINT('',(-16.33170398066,-289.8766859962,
    301.17098230988));
#1986 = CARTESIAN_POINT('',(-16.53944059695,-289.7642521619,
    301.01463788021));
#1987 = CARTESIAN_POINT('',(-16.7372033035,-289.6447315858,
    300.90758500004));
#1988 = PCURVE('',#98,#1989);
#1989 = DEFINITIONAL_REPRESENTATION('',(#1990),#2060);
#1990 = B_SPLINE_CURVE_WITH_KNOTS('',3,(#1991,#1992,#1993,#1994,#1995,
    #1996,#1997,#1998,#1999,#2000,#2001,#2002,#2003,#2004,#2005,#2006,
    #2007,#2008,#2009,#2010,#2011,#2012,#2013,#2014,#2015,#2016,#2017,
    #2018,#2019,#2020,#2021,#2022,#2023,#2024,#2025,#2026,#2027,#2028,
    #2029,#2030,#2031,#2032,#2033,#2034,#2035,#2036,#2037,#2038,#2039,
    #2040,#2041,#2042,#2043,#2044,#2045,#2046,#2047,#2048,#2049,#2050,
    #2051,#2052,#2053,#2054,#2055,#2056,#2057,#2058,#2059),
  .UNSPECIFIED.,.F.,.F.,(4,1,1,1,1,1,1,1,1,1,1,1,1,1,1,1,1,1,1,1,1,1,1,1
    ,1,1,1,1,1,1,1,1,1,1,1,1,1,1,1,1,1,1,1,1,1,1,1,1,1,1,1,1,1,1,1,1,1,1
    ,1,1,1,1,1,1,1,1,4),(0.,1.515151515152E-02,3.030303030303E-02,
    4.545454545455E-02,6.060606060606E-02,7.575757575758E-02,
    9.090909090909E-02,0.106060606061,0.121212121212,0.136363636364,
    0.151515151515,0.166666666667,0.181818181818,0.19696969697,
    0.212121212121,0.227272727273,0.242424242424,0.257575757576,
    0.272727272727,0.287878787879,0.30303030303,0.318181818182,
    0.333333333333,0.348484848485,0.363636363636,0.378787878788,
    0.393939393939,0.409090909091,0.424242424242,0.439393939394,
    0.454545454545,0.469696969697,0.484848484848,0.5,0.515151515152,
    0.530303030303,0.545454545455,0.560606060606,0.575757575758,
    0.590909090909,0.606060606061,0.621212121212,0.636363636364,
    0.651515151515,0.666666666667,0.681818181818,0.69696969697,
    0.712121212121,0.727272727273,0.742424242424,0.757575757576,
    0.772727272727,0.787878787879,0.80303030303,0.818181818182,
    0.833333333333,0.848484848485,0.863636363636,0.878787878788,
    0.893939393939,0.909090909091,0.924242424242,0.939393939394,
    0.954545454545,0.969696969697,0.984848484848,1.),.UNSPECIFIED.);
#1991 = CARTESIAN_POINT('',(5.627672851179,5.608053774242));
#1992 = CARTESIAN_POINT('',(5.625769734526,5.615971271736));
#1993 = CARTESIAN_POINT('',(5.622035900695,5.631928011249));
#1994 = CARTESIAN_POINT('',(5.616652673741,5.656225017657));
#1995 = CARTESIAN_POINT('',(5.611487384391,5.680880106774));
#1996 = CARTESIAN_POINT('',(5.606540136884,5.70589113712));
#1997 = CARTESIAN_POINT('',(5.601810910186,5.731257147231));
#1998 = CARTESIAN_POINT('',(5.597299576884,5.756978569216));
#1999 = CARTESIAN_POINT('',(5.59300597829,5.783057217721));
#2000 = CARTESIAN_POINT('',(5.588929919416,5.80949642269));
#2001 = CARTESIAN_POINT('',(5.585071410048,5.836300757677));
#2002 = CARTESIAN_POINT('',(5.58143074019,5.863463861988));
#2003 = CARTESIAN_POINT('',(5.578007756799,5.89098359012));
#2004 = CARTESIAN_POINT('',(5.574802041299,5.918865962884));
#2005 = CARTESIAN_POINT('',(5.571815537666,5.947090803327));
#2006 = CARTESIAN_POINT('',(5.569041865568,5.975741338164));
#2007 = CARTESIAN_POINT('',(5.566504071696,6.004500446538));
#2008 = CARTESIAN_POINT('',(5.564116362264,6.034553165215));
#2009 = CARTESIAN_POINT('',(5.562098793254,6.062873791081));
#2010 = CARTESIAN_POINT('',(5.560336296112,6.090559484311));
#2011 = CARTESIAN_POINT('',(5.558784022349,6.118257270103));
#2012 = CARTESIAN_POINT('',(5.557451916359,6.145795409892));
#2013 = CARTESIAN_POINT('',(5.556336171178,6.173220790445));
#2014 = CARTESIAN_POINT('',(5.555437536273,6.200521018359));
#2015 = CARTESIAN_POINT('',(5.554756482371,6.22769885056));
#2016 = CARTESIAN_POINT('',(5.554294119035,6.254752589667));
#2017 = CARTESIAN_POINT('',(5.554053274633,6.281680294819));
#2018 = CARTESIAN_POINT('',(5.55403258043,6.308483212094));
#2019 = CARTESIAN_POINT('',(5.554230264085,6.335161573412));
#2020 = CARTESIAN_POINT('',(5.554646619718,6.361719722068));
#2021 = CARTESIAN_POINT('',(5.555281123559,6.388141031777));
#2022 = CARTESIAN_POINT('',(5.556138055347,6.41448546755));
#2023 = CARTESIAN_POINT('',(5.557201902982,6.440528844673));
#2024 = CARTESIAN_POINT('',(5.558528716674,6.467109475475));
#2025 = CARTESIAN_POINT('',(5.55991049655,6.491097613416));
#2026 = CARTESIAN_POINT('',(5.562122810153,6.524174277877));
#2027 = CARTESIAN_POINT('',(5.56445566735,6.554371795612));
#2028 = CARTESIAN_POINT('',(5.567095619217,6.584912325963));
#2029 = CARTESIAN_POINT('',(5.569989781724,6.614945541367));
#2030 = CARTESIAN_POINT('',(5.573150147216,6.644709936561));
#2031 = CARTESIAN_POINT('',(5.576571976212,6.674149871233));
#2032 = CARTESIAN_POINT('',(5.58025559926,6.703286166107));
#2033 = CARTESIAN_POINT('',(5.58420051229,6.732116856091));
#2034 = CARTESIAN_POINT('',(5.588406897161,6.760643855549));
#2035 = CARTESIAN_POINT('',(5.592875152638,6.788865902539));
#2036 = CARTESIAN_POINT('',(5.597605958817,6.816780550947));
#2037 = CARTESIAN_POINT('',(5.602600193462,6.844383759806));
#2038 = CARTESIAN_POINT('',(5.607858899202,6.871670105806));
#2039 = CARTESIAN_POINT('',(5.613383183215,6.898632957827));
#2040 = CARTESIAN_POINT('',(5.619174319832,6.925264224257));
#2041 = CARTESIAN_POINT('',(5.625233088523,6.951555883204));
#2042 = CARTESIAN_POINT('',(5.631561942875,6.97749483629));
#2043 = CARTESIAN_POINT('',(5.638146916293,7.003093929426));
#2044 = CARTESIAN_POINT('',(5.644991835538,7.028360939086));
#2045 = CARTESIAN_POINT('',(5.65209839595,7.053301738698));
#2046 = CARTESIAN_POINT('',(5.659468762345,7.077921213628));
#2047 = CARTESIAN_POINT('',(5.667104806759,7.102223060721));
#2048 = CARTESIAN_POINT('',(5.675008241137,7.126209898361));
#2049 = CARTESIAN_POINT('',(5.683180503391,7.149883304006));
#2050 = CARTESIAN_POINT('',(5.691622702038,7.173243880971));
#2051 = CARTESIAN_POINT('',(5.700335537081,7.196291326396));
#2052 = CARTESIAN_POINT('',(5.709319218218,7.219024507098));
#2053 = CARTESIAN_POINT('',(5.718573375338,7.24144154095));
#2054 = CARTESIAN_POINT('',(5.728096957438,7.263539882955));
#2055 = CARTESIAN_POINT('',(5.737888137682,7.285316418152));
#2056 = CARTESIAN_POINT('',(5.74794415501,7.306767550035));
#2057 = CARTESIAN_POINT('',(5.758261350679,7.327889323904));
#2058 = CARTESIAN_POINT('',(5.76531007284,7.341748064605));
#2059 = CARTESIAN_POINT('',(5.76887627777,7.34862112369));
#2060 = ( GEOMETRIC_REPRESENTATION_CONTEXT(2) 
PARAMETRIC_REPRESENTATION_CONTEXT() REPRESENTATION_CONTEXT('2D SPACE',''
  ) );
#2061 = PCURVE('',#1699,#2062);
#2062 = DEFINITIONAL_REPRESENTATION('',(#2063),#2133);
#2063 = B_SPLINE_CURVE_WITH_KNOTS('',3,(#2064,#2065,#2066,#2067,#2068,
    #2069,#2070,#2071,#2072,#2073,#2074,#2075,#2076,#2077,#2078,#2079,
    #2080,#2081,#2082,#2083,#2084,#2085,#2086,#2087,#2088,#2089,#2090,
    #2091,#2092,#2093,#2094,#2095,#2096,#2097,#2098,#2099,#2100,#2101,
    #2102,#2103,#2104,#2105,#2106,#2107,#2108,#2109,#2110,#2111,#2112,
    #2113,#2114,#2115,#2116,#2117,#2118,#2119,#2120,#2121,#2122,#2123,
    #2124,#2125,#2126,#2127,#2128,#2129,#2130,#2131,#2132),
  .UNSPECIFIED.,.F.,.F.,(4,1,1,1,1,1,1,1,1,1,1,1,1,1,1,1,1,1,1,1,1,1,1,1
    ,1,1,1,1,1,1,1,1,1,1,1,1,1,1,1,1,1,1,1,1,1,1,1,1,1,1,1,1,1,1,1,1,1,1
    ,1,1,1,1,1,1,1,1,4),(0.,1.515151515152E-02,3.030303030303E-02,
    4.545454545455E-02,6.060606060606E-02,7.575757575758E-02,
    9.090909090909E-02,0.106060606061,0.121212121212,0.136363636364,
    0.151515151515,0.166666666667,0.181818181818,0.19696969697,
    0.212121212121,0.227272727273,0.242424242424,0.257575757576,
    0.272727272727,0.287878787879,0.30303030303,0.318181818182,
    0.333333333333,0.348484848485,0.363636363636,0.378787878788,
    0.393939393939,0.409090909091,0.424242424242,0.439393939394,
    0.454545454545,0.469696969697,0.484848484848,0.5,0.515151515152,
    0.530303030303,0.545454545455,0.560606060606,0.575757575758,
    0.590909090909,0.606060606061,0.621212121212,0.636363636364,
    0.651515151515,0.666666666667,0.681818181818,0.69696969697,
    0.712121212121,0.727272727273,0.742424242424,0.757575757576,
    0.772727272727,0.787878787879,0.80303030303,0.818181818182,
    0.833333333333,0.848484848485,0.863636363636,0.878787878788,
    0.893939393939,0.909090909091,0.924242424242,0.939393939394,
    0.954545454545,0.969696969697,0.984848484848,1.),.UNSPECIFIED.);
#2064 = CARTESIAN_POINT('',(5.387520513321,0.914676288242));
#2065 = CARTESIAN_POINT('',(5.379603022041,0.919550588673));
#2066 = CARTESIAN_POINT('',(5.363652213622,0.929209058148));
#2067 = CARTESIAN_POINT('',(5.339378680799,0.943399771593));
#2068 = CARTESIAN_POINT('',(5.314758425601,0.957266897645));
#2069 = CARTESIAN_POINT('',(5.289790504344,0.970783839781));
#2070 = CARTESIAN_POINT('',(5.26447292281,0.983924001085));
#2071 = CARTESIAN_POINT('',(5.238802463007,0.996660786113));
#2072 = CARTESIAN_POINT('',(5.212774722667,1.008967593928));
#2073 = CARTESIAN_POINT('',(5.186384002275,1.02081784409));
#2074 = CARTESIAN_POINT('',(5.15962362956,1.032184879669));
#2075 = CARTESIAN_POINT('',(5.13249735156,1.043033158132));
#2076 = CARTESIAN_POINT('',(5.10500531218,1.053329894831));
#2077 = CARTESIAN_POINT('',(5.07713992733,1.063043145246));
#2078 = CARTESIAN_POINT('',(5.048920430487,1.072135465189));
#2079 = CARTESIAN_POINT('',(5.020262577001,1.080588248915));
#2080 = CARTESIAN_POINT('',(4.991483768119,1.088296906992));
#2081 = CARTESIAN_POINT('',(4.961397710889,1.09547755612));
#2082 = CARTESIAN_POINT('',(4.933035342357,1.101436738793));
#2083 = CARTESIAN_POINT('',(4.905301551378,1.106505705884));
#2084 = CARTESIAN_POINT('',(4.877552256454,1.110834504826));
#2085 = CARTESIAN_POINT('',(4.849962616774,1.114407204095));
#2086 = CARTESIAN_POINT('',(4.822488382948,1.117252352648));
#2087 = CARTESIAN_POINT('',(4.7951440993,1.119386556473));
#2088 = CARTESIAN_POINT('',(4.76792855632,1.120829712957));
#2089 = CARTESIAN_POINT('',(4.740844393187,1.121600496857));
#2090 = CARTESIAN_POINT('',(4.713893854234,1.121719182053));
#2091 = CARTESIAN_POINT('',(4.687075345953,1.121200151231));
#2092 = CARTESIAN_POINT('',(4.660388105814,1.120056436101));
#2093 = CARTESIAN_POINT('',(4.633826987231,1.118301222084));
#2094 = CARTESIAN_POINT('',(4.60740747078,1.115951915736));
#2095 = CARTESIAN_POINT('',(4.581068249526,1.113008835469));
#2096 = CARTESIAN_POINT('',(4.555031975459,1.109529106985));
#2097 = CARTESIAN_POINT('',(4.528459185623,1.105350241524));
#2098 = CARTESIAN_POINT('',(4.504476287968,1.101129814495));
#2099 = CARTESIAN_POINT('',(4.471407190062,1.094457940061));
#2100 = CARTESIAN_POINT('',(4.441222210325,1.087418600518));
#2101 = CARTESIAN_POINT('',(4.410699072643,1.07948601906));
#2102 = CARTESIAN_POINT('',(4.380688454192,1.070833701723));
#2103 = CARTESIAN_POINT('',(4.350951792202,1.061447782272));
#2104 = CARTESIAN_POINT('',(4.32154446557,1.051364600719));
#2105 = CARTESIAN_POINT('',(4.292445132111,1.040607044357));
#2106 = CARTESIAN_POINT('',(4.263654992411,1.029201605101));
#2107 = CARTESIAN_POINT('',(4.235171124576,1.017173809108));
#2108 = CARTESIAN_POINT('',(4.206993550088,1.004549440941));
#2109 = CARTESIAN_POINT('',(4.17912325344,0.991354217294));
#2110 = CARTESIAN_POINT('',(4.151562612077,0.977613867934));
#2111 = CARTESIAN_POINT('',(4.124315195134,0.963354138202));
#2112 = CARTESIAN_POINT('',(4.097385647661,0.948600698074));
#2113 = CARTESIAN_POINT('',(4.070779842223,0.933379503407));
#2114 = CARTESIAN_POINT('',(4.044503860785,0.917715441906));
#2115 = CARTESIAN_POINT('',(4.018567380543,0.901637387994));
#2116 = CARTESIAN_POINT('',(3.992965550464,0.885144936323));
#2117 = CARTESIAN_POINT('',(3.967689631395,0.868253398306));
#2118 = CARTESIAN_POINT('',(3.942733797587,0.8509769763));
#2119 = CARTESIAN_POINT('',(3.91809309555,0.833330169831));
#2120 = CARTESIAN_POINT('',(3.893763976849,0.815327398799));
#2121 = CARTESIAN_POINT('',(3.869744132557,0.796983104439));
#2122 = CARTESIAN_POINT('',(3.846032507158,0.778311722271));
#2123 = CARTESIAN_POINT('',(3.822629257576,0.759327689345));
#2124 = CARTESIAN_POINT('',(3.799535720905,0.740045442301));
#2125 = CARTESIAN_POINT('',(3.776754374772,0.72047941789));
#2126 = CARTESIAN_POINT('',(3.754288794628,0.700644052833));
#2127 = CARTESIAN_POINT('',(3.732143610502,0.680553783857));
#2128 = CARTESIAN_POINT('',(3.710324452202,0.660223047691));
#2129 = CARTESIAN_POINT('',(3.688837928066,0.63966628106));
#2130 = CARTESIAN_POINT('',(3.667691471377,0.618897920692));
#2131 = CARTESIAN_POINT('',(3.653826274775,0.604920909107));
#2132 = CARTESIAN_POINT('',(3.646953163874,0.597901949934));
#2133 = ( GEOMETRIC_REPRESENTATION_CONTEXT(2) 
PARAMETRIC_REPRESENTATION_CONTEXT() REPRESENTATION_CONTEXT('2D SPACE',''
  ) );
#2134 = ORIENTED_EDGE('',*,*,#2135,.F.);
#2135 = EDGE_CURVE('',#82,#1959,#2136,.T.);
#2136 = SURFACE_CURVE('',#2137,(#2142,#2149),.PCURVE_S1.);
#2137 = CIRCLE('',#2138,1.968245836552);
#2138 = AXIS2_PLACEMENT_3D('',#2139,#2140,#2141);
#2139 = CARTESIAN_POINT('',(-17.695180006,-287.9258154436,
    300.94758008376));
#2140 = DIRECTION('',(6.047943450303E-13,2.326132195937E-02,
    -0.999729418843));
#2141 = DIRECTION('',(-5.982545681734E-03,-0.999711528099,
    -2.326090568437E-02));
#2142 = PCURVE('',#98,#2143);
#2143 = DEFINITIONAL_REPRESENTATION('',(#2144),#2148);
#2144 = LINE('',#2145,#2146);
#2145 = CARTESIAN_POINT('',(8.881784197001E-16,7.348621123704));
#2146 = VECTOR('',#2147,1.);
#2147 = DIRECTION('',(1.,-2.734225948207E-12));
#2148 = ( GEOMETRIC_REPRESENTATION_CONTEXT(2) 
PARAMETRIC_REPRESENTATION_CONTEXT() REPRESENTATION_CONTEXT('2D SPACE',''
  ) );
#2149 = PCURVE('',#139,#2150);
#2150 = DEFINITIONAL_REPRESENTATION('',(#2151),#2161);
#2151 = B_SPLINE_CURVE_WITH_KNOTS('',8,(#2152,#2153,#2154,#2155,#2156,
    #2157,#2158,#2159,#2160),.UNSPECIFIED.,.F.,.F.,(9,9),(3.14159265359,
    5.768876277768),.PIECEWISE_BEZIER_KNOTS.);
#2152 = CARTESIAN_POINT('',(3.964757271583,2.87805989343E-05));
#2153 = CARTESIAN_POINT('',(3.96475403036,0.646421287331));
#2154 = CARTESIAN_POINT('',(3.722163614732,1.292818106559));
#2155 = CARTESIAN_POINT('',(3.237106385902,1.832938207788));
#2156 = CARTESIAN_POINT('',(2.564931845172,2.160755294992));
#2157 = CARTESIAN_POINT('',(1.818473842828,2.206053297315));
#2158 = CARTESIAN_POINT('',(1.130505694117,1.974451050759));
#2159 = CARTESIAN_POINT('',(0.601365976064,1.531027270126));
#2160 = CARTESIAN_POINT('',(0.283433973307,0.968255033914));
#2161 = ( GEOMETRIC_REPRESENTATION_CONTEXT(2) 
PARAMETRIC_REPRESENTATION_CONTEXT() REPRESENTATION_CONTEXT('2D SPACE',''
  ) );
#2162 = ADVANCED_FACE('',(#2163),#139,.T.);
#2163 = FACE_BOUND('',#2164,.T.);
#2164 = EDGE_LOOP('',(#2165,#2166,#2167,#2193,#2363));
#2165 = ORIENTED_EDGE('',*,*,#122,.T.);
#2166 = ORIENTED_EDGE('',*,*,#2135,.T.);
#2167 = ORIENTED_EDGE('',*,*,#2168,.T.);
#2168 = EDGE_CURVE('',#1959,#2169,#2171,.T.);
#2169 = VERTEX_POINT('',#2170);
#2170 = CARTESIAN_POINT('',(-16.7508816795,-291.9304525636,
    300.85440171807));
#2171 = SURFACE_CURVE('',#2172,(#2176,#2186),.PCURVE_S1.);
#2172 = LINE('',#2173,#2174);
#2173 = CARTESIAN_POINT('',(-16.73292191191,-288.9292909084,
    300.92423160023));
#2174 = VECTOR('',#2175,1.);
#2175 = DIRECTION('',(-5.982545681734E-03,-0.999711528099,
    -2.326090568426E-02));
#2176 = PCURVE('',#139,#2177);
#2177 = DEFINITIONAL_REPRESENTATION('',(#2178),#2185);
#2178 = B_SPLINE_CURVE_WITH_KNOTS('',5,(#2179,#2180,#2181,#2182,#2183,
    #2184),.UNSPECIFIED.,.F.,.F.,(6,6),(0.715647121445,3.002027655785),
  .PIECEWISE_BEZIER_KNOTS.);
#2179 = CARTESIAN_POINT('',(0.283433973312,0.968255033912));
#2180 = CARTESIAN_POINT('',(-0.173774295738,0.968252601755));
#2181 = CARTESIAN_POINT('',(-0.630972404769,0.968250169652));
#2182 = CARTESIAN_POINT('',(-1.088208717646,0.968247737346));
#2183 = CARTESIAN_POINT('',(-1.545386602556,0.968245305351));
#2184 = CARTESIAN_POINT('',(-2.002606970151,0.968242873129));
#2185 = ( GEOMETRIC_REPRESENTATION_CONTEXT(2) 
PARAMETRIC_REPRESENTATION_CONTEXT() REPRESENTATION_CONTEXT('2D SPACE',''
  ) );
#2186 = PCURVE('',#1699,#2187);
#2187 = DEFINITIONAL_REPRESENTATION('',(#2188),#2192);
#2188 = LINE('',#2189,#2190);
#2189 = CARTESIAN_POINT('',(3.646953163873,-0.117745171512));
#2190 = VECTOR('',#2191,1.);
#2191 = DIRECTION('',(-1.320780413245E-14,1.));
#2192 = ( GEOMETRIC_REPRESENTATION_CONTEXT(2) 
PARAMETRIC_REPRESENTATION_CONTEXT() REPRESENTATION_CONTEXT('2D SPACE',''
  ) );
#2193 = ORIENTED_EDGE('',*,*,#2194,.F.);
#2194 = EDGE_CURVE('',#2195,#2169,#2197,.T.);
#2195 = VERTEX_POINT('',#2196);
#2196 = CARTESIAN_POINT('',(-18.68733869795,-291.9188705484,
    300.85467120397));
#2197 = SURFACE_CURVE('',#2198,(#2241,#2297),.PCURVE_S1.);
#2198 = B_SPLINE_CURVE_WITH_KNOTS('',3,(#2199,#2200,#2201,#2202,#2203,
    #2204,#2205,#2206,#2207,#2208,#2209,#2210,#2211,#2212,#2213,#2214,
    #2215,#2216,#2217,#2218,#2219,#2220,#2221,#2222,#2223,#2224,#2225,
    #2226,#2227,#2228,#2229,#2230,#2231,#2232,#2233,#2234,#2235,#2236,
    #2237,#2238,#2239,#2240),.UNSPECIFIED.,.F.,.F.,(4,2,2,1,1,2,2,2,1,1,
    1,2,2,2,2,1,1,1,2,2,2,1,1,2,2,4),(0.,0.125,0.1875,0.21875,0.234375,
    0.2421875,0.25,0.312500000001,0.343750000001,0.359375000001,
    0.367187500001,0.371093750001,0.375000000001,0.500000000001,
    0.562500000001,0.593750000001,0.609375000001,0.617187500001,
    0.621093750001,0.625000000001,0.687500000001,0.718750000001,
    0.734375000001,0.742187500001,0.75,1.),.UNSPECIFIED.);
#2199 = CARTESIAN_POINT('',(-18.68733869795,-291.9188705484,
    300.85467120397));
#2200 = CARTESIAN_POINT('',(-18.68846424015,-292.1128652719,
    300.85013783006));
#2201 = CARTESIAN_POINT('',(-18.67405429787,-292.2976122865,
    300.83697976006));
#2202 = CARTESIAN_POINT('',(-18.62813011426,-292.5609114035,
    300.80620257505));
#2203 = CARTESIAN_POINT('',(-18.60874912335,-292.6463752501,
    300.79414277074));
#2204 = CARTESIAN_POINT('',(-18.57328630907,-292.771133069,
    300.77396011512));
#2205 = CARTESIAN_POINT('',(-18.55395575077,-292.832652592,
    300.7633495674));
#2206 = CARTESIAN_POINT('',(-18.52853283761,-292.9029259894,
    300.75023882817));
#2207 = CARTESIAN_POINT('',(-18.51701408047,-292.9327224211,
    300.74448499021));
#2208 = CARTESIAN_POINT('',(-18.50919552013,-292.9525154975,
    300.74062162135));
#2209 = CARTESIAN_POINT('',(-18.50601858253,-292.9604302536,
    300.73906400058));
#2210 = CARTESIAN_POINT('',(-18.46235819464,-293.066374074,
    300.71795283817));
#2211 = CARTESIAN_POINT('',(-18.41901473441,-293.1504951914,
    300.69900940023));
#2212 = CARTESIAN_POINT('',(-18.34688061856,-293.2616329279,
    300.67165579458));
#2213 = CARTESIAN_POINT('',(-18.30903516076,-293.3134409074,
    300.6582488579));
#2214 = CARTESIAN_POINT('',(-18.26172158212,-293.3673101552,
    300.6434179733));
#2215 = CARTESIAN_POINT('',(-18.23727084422,-293.3926025199,
    300.63625101299));
#2216 = CARTESIAN_POINT('',(-18.22662149812,-293.4030903102,
    300.63323769963));
#2217 = CARTESIAN_POINT('',(-18.21948402529,-293.4100040072,
    300.63124233102));
#2218 = CARTESIAN_POINT('',(-18.21704479166,-293.4123459072,
    300.63056469793));
#2219 = CARTESIAN_POINT('',(-18.0601259721,-293.5593463501,
    300.58775738184));
#2220 = CARTESIAN_POINT('',(-17.89728773519,-293.6311445643,
    300.56474983511));
#2221 = CARTESIAN_POINT('',(-17.6451666988,-293.6328272826,
    300.56473044347));
#2222 = CARTESIAN_POINT('',(-17.5623299451,-293.6156655466,
    300.57043989454));
#2223 = CARTESIAN_POINT('',(-17.44078887096,-293.5633153233,
    300.58679495496));
#2224 = CARTESIAN_POINT('',(-17.3806939373,-293.5304882923,
    300.59691883267));
#2225 = CARTESIAN_POINT('',(-17.31193379318,-293.4805439629,
    300.61195302303));
#2226 = CARTESIAN_POINT('',(-17.27791017351,-293.4526596063,
    300.62025232831));
#2227 = CARTESIAN_POINT('',(-17.26340696788,-293.4400850561,
    300.62397426123));
#2228 = CARTESIAN_POINT('',(-17.25375578642,-293.4315633233,
    300.62649195362));
#2229 = CARTESIAN_POINT('',(-17.24776771172,-293.4261612807,
    300.6280845171));
#2230 = CARTESIAN_POINT('',(-17.18594605309,-293.3695896478,
    300.64473760141));
#2231 = CARTESIAN_POINT('',(-17.13242332525,-293.3062619958,
    300.6622046901));
#2232 = CARTESIAN_POINT('',(-17.05896633869,-293.196108991,
    300.68951071163));
#2233 = CARTESIAN_POINT('',(-17.02394151047,-293.1372422268,
    300.70344442029));
#2234 = CARTESIAN_POINT('',(-16.9859985987,-293.0619247522,
    300.71989095938));
#2235 = CARTESIAN_POINT('',(-16.97035517889,-293.0282224317,
    300.72695101782));
#2236 = CARTESIAN_POINT('',(-16.96006265676,-293.0054378375,
    300.73165711082));
#2237 = CARTESIAN_POINT('',(-16.95414751069,-292.9919311008,
    300.73440261915));
#2238 = CARTESIAN_POINT('',(-16.816432551,-292.6700998528,
    300.79901988131));
#2239 = CARTESIAN_POINT('',(-16.75328367738,-292.319666694,
    300.84530532717));
#2240 = CARTESIAN_POINT('',(-16.7508816795,-291.9304525636,
    300.85440171807));
#2241 = PCURVE('',#139,#2242);
#2242 = DEFINITIONAL_REPRESENTATION('',(#2243),#2296);
#2243 = B_SPLINE_CURVE_WITH_KNOTS('',3,(#2244,#2245,#2246,#2247,#2248,
    #2249,#2250,#2251,#2252,#2253,#2254,#2255,#2256,#2257,#2258,#2259,
    #2260,#2261,#2262,#2263,#2264,#2265,#2266,#2267,#2268,#2269,#2270,
    #2271,#2272,#2273,#2274,#2275,#2276,#2277,#2278,#2279,#2280,#2281,
    #2282,#2283,#2284,#2285,#2286,#2287,#2288,#2289,#2290,#2291,#2292,
    #2293,#2294,#2295),.UNSPECIFIED.,.F.,.F.,(4,2,2,2,2,2,2,2,2,2,2,2,2,
    2,2,2,2,2,2,2,2,2,2,2,2,4),(0.,0.125,0.1875,0.21875,0.234375,
    0.2421875,0.25,0.3125,0.34375,0.359375,0.3671875,0.37109375,0.375,
    0.5,0.5625,0.59375,0.609375,0.6171875,0.62109375,0.625,0.6875,
    0.71875,0.734375,0.7421875,0.75,1.),.UNSPECIFIED.);
#2244 = CARTESIAN_POINT('',(-2.002597259952,-0.968248799645));
#2245 = CARTESIAN_POINT('',(-2.196619720943,-0.968214454344));
#2246 = CARTESIAN_POINT('',(-2.381658562973,-0.952698807903));
#2247 = CARTESIAN_POINT('',(-2.645708697797,-0.90519735849));
#2248 = CARTESIAN_POINT('',(-2.731473377767,-0.885304161033));
#2249 = CARTESIAN_POINT('',(-2.856731866639,-0.849093365688));
#2250 = CARTESIAN_POINT('',(-2.897919894913,-0.83596038795));
#2251 = CARTESIAN_POINT('',(-2.958852993076,-0.814625664549));
#2252 = CARTESIAN_POINT('',(-2.979022535088,-0.807241547283));
#2253 = CARTESIAN_POINT('',(-3.009064360853,-0.795751160406));
#2254 = CARTESIAN_POINT('',(-3.019042888232,-0.791851996285));
#2255 = CARTESIAN_POINT('',(-3.038929070611,-0.783914702825));
#2256 = CARTESIAN_POINT('',(-3.046881272121,-0.780690285722));
#2257 = CARTESIAN_POINT('',(-3.153330124306,-0.73639433514));
#2258 = CARTESIAN_POINT('',(-3.237888685737,-0.692546041158));
#2259 = CARTESIAN_POINT('',(-3.34960966565,-0.619744858696));
#2260 = CARTESIAN_POINT('',(-3.384330463776,-0.59430722869));
#2261 = CARTESIAN_POINT('',(-3.432629035909,-0.554367307258));
#2262 = CARTESIAN_POINT('',(-3.448098122445,-0.540756754043));
#2263 = CARTESIAN_POINT('',(-3.470355644352,-0.519892876989));
#2264 = CARTESIAN_POINT('',(-3.477617133672,-0.512863576766));
#2265 = CARTESIAN_POINT('',(-3.488272783269,-0.502207396958));
#2266 = CARTESIAN_POINT('',(-3.491785235737,-0.498636632111));
#2267 = CARTESIAN_POINT('',(-3.498731269489,-0.491457663475));
#2268 = CARTESIAN_POINT('',(-3.501084064503,-0.48900437395));
#2269 = CARTESIAN_POINT('',(-3.648756657493,-0.33120329465));
#2270 = CARTESIAN_POINT('',(-3.720453007926,-0.167935353778));
#2271 = CARTESIAN_POINT('',(-3.720628264123,8.41912363483E-02));
#2272 = CARTESIAN_POINT('',(-3.70275465987,0.166923071047));
#2273 = CARTESIAN_POINT('',(-3.649059714847,0.288146608865));
#2274 = CARTESIAN_POINT('',(-3.626680659188,0.328077359612));
#2275 = CARTESIAN_POINT('',(-3.586392768274,0.387161668293));
#2276 = CARTESIAN_POINT('',(-3.571843586732,0.406721134947));
#2277 = CARTESIAN_POINT('',(-3.548340219423,0.435846638079));
#2278 = CARTESIAN_POINT('',(-3.540225831154,0.445519522982));
#2279 = CARTESIAN_POINT('',(-3.527634379064,0.459974117461));
#2280 = CARTESIAN_POINT('',(-3.523367250086,0.464783193475));
#2281 = CARTESIAN_POINT('',(-3.514693040437,0.474382889069));
#2282 = CARTESIAN_POINT('',(-3.509195256409,0.480338329037));
#2283 = CARTESIAN_POINT('',(-3.451627293991,0.541818247713));
#2284 = CARTESIAN_POINT('',(-3.387325615625,0.594958887777));
#2285 = CARTESIAN_POINT('',(-3.27572032292,0.667752098305));
#2286 = CARTESIAN_POINT('',(-3.235993046161,0.690865617704));
#2287 = CARTESIAN_POINT('',(-3.172616824301,0.723845017744));
#2288 = CARTESIAN_POINT('',(-3.15086053256,0.734556337914));
#2289 = CARTESIAN_POINT('',(-3.117280104907,0.750205768852));
#2290 = CARTESIAN_POINT('',(-3.105928964015,0.755352654279));
#2291 = CARTESIAN_POINT('',(-3.082911406994,0.76550811281));
#2292 = CARTESIAN_POINT('',(-3.069269475331,0.771342017674));
#2293 = CARTESIAN_POINT('',(-2.744268605547,0.907121388709));
#2294 = CARTESIAN_POINT('',(-2.391877651728,0.968167975329));
#2295 = CARTESIAN_POINT('',(-2.002606970151,0.968242873129));
#2296 = ( GEOMETRIC_REPRESENTATION_CONTEXT(2) 
PARAMETRIC_REPRESENTATION_CONTEXT() REPRESENTATION_CONTEXT('2D SPACE',''
  ) );
#2297 = PCURVE('',#1699,#2298);
#2298 = DEFINITIONAL_REPRESENTATION('',(#2299),#2362);
#2299 = B_SPLINE_CURVE_WITH_KNOTS('',11,(#2300,#2301,#2302,#2303,#2304,
    #2305,#2306,#2307,#2308,#2309,#2310,#2311,#2312,#2313,#2314,#2315,
    #2316,#2317,#2318,#2319,#2320,#2321,#2322,#2323,#2324,#2325,#2326,
    #2327,#2328,#2329,#2330,#2331,#2332,#2333,#2334,#2335,#2336,#2337,
    #2338,#2339,#2340,#2341,#2342,#2343,#2344,#2345,#2346,#2347,#2348,
    #2349,#2350,#2351,#2352,#2353,#2354,#2355,#2356,#2357,#2358,#2359,
    #2360,#2361),.UNSPECIFIED.,.F.,.F.,(12,10,10,10,10,10,12),(0.,0.25,
    0.375,0.5,0.625,0.75,1.),.UNSPECIFIED.);
#2300 = CARTESIAN_POINT('',(2.636232143306,2.884282484277));
#2301 = CARTESIAN_POINT('',(2.636243169086,2.990128454503));
#2302 = CARTESIAN_POINT('',(2.637356826697,3.090414117138));
#2303 = CARTESIAN_POINT('',(2.647143706778,3.217262816569));
#2304 = CARTESIAN_POINT('',(2.632833405439,3.231401760624));
#2305 = CARTESIAN_POINT('',(2.684391307359,3.515959094586));
#2306 = CARTESIAN_POINT('',(2.628104574443,3.329444564069));
#2307 = CARTESIAN_POINT('',(2.71146030802,3.731052531982));
#2308 = CARTESIAN_POINT('',(2.66862309756,3.57952931778));
#2309 = CARTESIAN_POINT('',(2.715814639514,3.806512182811));
#2310 = CARTESIAN_POINT('',(2.721532366589,3.843039082372));
#2311 = CARTESIAN_POINT('',(2.754143731318,3.986970361329));
#2312 = CARTESIAN_POINT('',(2.76704026091,4.042547334841));
#2313 = CARTESIAN_POINT('',(2.782160147369,4.090021556208));
#2314 = CARTESIAN_POINT('',(2.789743361498,4.125697614049));
#2315 = CARTESIAN_POINT('',(2.805076737427,4.173336137272));
#2316 = CARTESIAN_POINT('',(2.824228055187,4.221997058467));
#2317 = CARTESIAN_POINT('',(2.833992427654,4.251259456966));
#2318 = CARTESIAN_POINT('',(2.844388844722,4.280511273268));
#2319 = CARTESIAN_POINT('',(2.871027015603,4.333777860556));
#2320 = CARTESIAN_POINT('',(2.877773769194,4.349398532669));
#2321 = CARTESIAN_POINT('',(2.916994677088,4.420131425384));
#2322 = CARTESIAN_POINT('',(2.941245808612,4.45997056737));
#2323 = CARTESIAN_POINT('',(2.962934203993,4.490844299981));
#2324 = CARTESIAN_POINT('',(2.983526278116,4.515482613805));
#2325 = CARTESIAN_POINT('',(3.005265104677,4.538094377634));
#2326 = CARTESIAN_POINT('',(3.028368438395,4.559126332067));
#2327 = CARTESIAN_POINT('',(3.051485711332,4.576081090341));
#2328 = CARTESIAN_POINT('',(3.073581785369,4.587004941952));
#2329 = CARTESIAN_POINT('',(3.095415242967,4.593256255454));
#2330 = CARTESIAN_POINT('',(3.118778998248,4.598165275984));
#2331 = CARTESIAN_POINT('',(3.164563022775,4.598226951568));
#2332 = CARTESIAN_POINT('',(3.187896402526,4.593416115809));
#2333 = CARTESIAN_POINT('',(3.209731705132,4.587161510395));
#2334 = CARTESIAN_POINT('',(3.231818436163,4.576231930037));
#2335 = CARTESIAN_POINT('',(3.254884967594,4.559337983001));
#2336 = CARTESIAN_POINT('',(3.277913524944,4.538398452394));
#2337 = CARTESIAN_POINT('',(3.299598264114,4.515820216288));
#2338 = CARTESIAN_POINT('',(3.320184456291,4.49110984659));
#2339 = CARTESIAN_POINT('',(3.341886799776,4.460135007051));
#2340 = CARTESIAN_POINT('',(3.366084877089,4.420353770312));
#2341 = CARTESIAN_POINT('',(3.404902675167,4.35030617828));
#2342 = CARTESIAN_POINT('',(3.4143936992,4.330616475381));
#2343 = CARTESIAN_POINT('',(3.434303902015,4.286649434274));
#2344 = CARTESIAN_POINT('',(3.450564750509,4.249448004402));
#2345 = CARTESIAN_POINT('',(3.461806337029,4.218654967928));
#2346 = CARTESIAN_POINT('',(3.474967085057,4.178042997278));
#2347 = CARTESIAN_POINT('',(3.491316510703,4.127996703981));
#2348 = CARTESIAN_POINT('',(3.504697485035,4.084919908189));
#2349 = CARTESIAN_POINT('',(3.513693326019,4.048147202567));
#2350 = CARTESIAN_POINT('',(3.529323931284,3.985544727864));
#2351 = CARTESIAN_POINT('',(3.560674277172,3.847683309489));
#2352 = CARTESIAN_POINT('',(3.573176094086,3.781805023314));
#2353 = CARTESIAN_POINT('',(3.595719675133,3.661636920723));
#2354 = CARTESIAN_POINT('',(3.606042172366,3.584111169405));
#2355 = CARTESIAN_POINT('',(3.615035457224,3.501928712806));
#2356 = CARTESIAN_POINT('',(3.628344898197,3.3905066305));
#2357 = CARTESIAN_POINT('',(3.636876990308,3.289351630329));
#2358 = CARTESIAN_POINT('',(3.639165036995,3.204864691923));
#2359 = CARTESIAN_POINT('',(3.645607374251,3.091843403654));
#2360 = CARTESIAN_POINT('',(3.646941823461,2.990462797037));
#2361 = CARTESIAN_POINT('',(3.646953163874,2.884282484273));
#2362 = ( GEOMETRIC_REPRESENTATION_CONTEXT(2) 
PARAMETRIC_REPRESENTATION_CONTEXT() REPRESENTATION_CONTEXT('2D SPACE',''
  ) );
#2363 = ORIENTED_EDGE('',*,*,#2364,.T.);
#2364 = EDGE_CURVE('',#2195,#123,#2365,.T.);
#2365 = SURFACE_CURVE('',#2366,(#2370,#2380),.PCURVE_S1.);
#2366 = LINE('',#2367,#2368);
#2367 = CARTESIAN_POINT('',(-18.66937893036,-288.9177088933,
    300.92450108613));
#2368 = VECTOR('',#2369,1.);
#2369 = DIRECTION('',(5.982545681734E-03,0.999711528099,
    2.326090568426E-02));
#2370 = PCURVE('',#139,#2371);
#2371 = DEFINITIONAL_REPRESENTATION('',(#2372),#2379);
#2372 = B_SPLINE_CURVE_WITH_KNOTS('',5,(#2373,#2374,#2375,#2376,#2377,
    #2378),.UNSPECIFIED.,.F.,.F.,(6,6),(-3.002027655795,-0.715647121456)
  ,.PIECEWISE_BEZIER_KNOTS.);
#2373 = CARTESIAN_POINT('',(-2.002597259952,-0.968248799644));
#2374 = CARTESIAN_POINT('',(-1.545378007312,-0.968246367429));
#2375 = CARTESIAN_POINT('',(-1.088197359512,-0.968243935419));
#2376 = CARTESIAN_POINT('',(-0.630963590298,-0.968241503126));
#2377 = CARTESIAN_POINT('',(-0.173764590758,-0.968239071018));
#2378 = CARTESIAN_POINT('',(0.283443683511,-0.968236638862));
#2379 = ( GEOMETRIC_REPRESENTATION_CONTEXT(2) 
PARAMETRIC_REPRESENTATION_CONTEXT() REPRESENTATION_CONTEXT('2D SPACE',''
  ) );
#2380 = PCURVE('',#1699,#2381);
#2381 = DEFINITIONAL_REPRESENTATION('',(#2382),#2386);
#2382 = LINE('',#2383,#2384);
#2383 = CARTESIAN_POINT('',(2.636232143308,-0.117745171518));
#2384 = VECTOR('',#2385,1.);
#2385 = DIRECTION('',(-2.64156082649E-14,-1.));
#2386 = ( GEOMETRIC_REPRESENTATION_CONTEXT(2) 
PARAMETRIC_REPRESENTATION_CONTEXT() REPRESENTATION_CONTEXT('2D SPACE',''
  ) );
#2387 = ADVANCED_FACE('',(#2388),#1699,.T.);
#2388 = FACE_BOUND('',#2389,.T.);
#2389 = EDGE_LOOP('',(#2390,#2421,#2450,#2471,#2472,#2473,#2474,#2475,
    #2476));
#2390 = ORIENTED_EDGE('',*,*,#2391,.T.);
#2391 = EDGE_CURVE('',#2392,#2394,#2396,.T.);
#2392 = VERTEX_POINT('',#2393);
#2393 = CARTESIAN_POINT('',(-16.17776537201,-295.3252805749,
    303.77622412079));
#2394 = VERTEX_POINT('',#2395);
#2395 = CARTESIAN_POINT('',(-17.73898693214,-295.2403435594,
    300.52732077602));
#2396 = SURFACE_CURVE('',#2397,(#2402,#2409),.PCURVE_S1.);
#2397 = CIRCLE('',#2398,2.);
#2398 = AXIS2_PLACEMENT_3D('',#2399,#2400,#2401);
#2399 = CARTESIAN_POINT('',(-17.73898693214,-295.2868662033,
    302.52677961371));
#2400 = DIRECTION('',(5.982545681797E-03,0.999711528099,
    2.326090568422E-02));
#2401 = DIRECTION('',(6.091492598965E-13,2.326132195922E-02,
    -0.999729418843));
#2402 = PCURVE('',#1699,#2403);
#2403 = DEFINITIONAL_REPRESENTATION('',(#2404),#2408);
#2404 = LINE('',#2405,#2406);
#2405 = CARTESIAN_POINT('',(9.424777960768,6.206738253304));
#2406 = VECTOR('',#2407,1.);
#2407 = DIRECTION('',(-1.,-8.700157108221E-14));
#2408 = ( GEOMETRIC_REPRESENTATION_CONTEXT(2) 
PARAMETRIC_REPRESENTATION_CONTEXT() REPRESENTATION_CONTEXT('2D SPACE',''
  ) );
#2409 = PCURVE('',#2410,#2415);
#2410 = TOROIDAL_SURFACE('',#2411,4.,2.);
#2411 = AXIS2_PLACEMENT_3D('',#2412,#2413,#2414);
#2412 = CARTESIAN_POINT('',(-17.73898693213,-295.1938209155,
    298.52786193834));
#2413 = DIRECTION('',(0.999982104413,-5.980926917682E-03,
    -1.391619206309E-04));
#2414 = DIRECTION('',(2.991272841427E-03,0.520000659792,-0.854160620787)
  );
#2415 = DEFINITIONAL_REPRESENTATION('',(#2416),#2420);
#2416 = LINE('',#2417,#2418);
#2417 = CARTESIAN_POINT('',(2.61799387799,-3.141592653588));
#2418 = VECTOR('',#2419,1.);
#2419 = DIRECTION('',(4.356010479412E-13,1.));
#2420 = ( GEOMETRIC_REPRESENTATION_CONTEXT(2) 
PARAMETRIC_REPRESENTATION_CONTEXT() REPRESENTATION_CONTEXT('2D SPACE',''
  ) );
#2421 = ORIENTED_EDGE('',*,*,#2422,.T.);
#2422 = EDGE_CURVE('',#2394,#2423,#2425,.T.);
#2423 = VERTEX_POINT('',#2424);
#2424 = CARTESIAN_POINT('',(-19.30020849226,-295.3066051366,
    303.77665865374));
#2425 = SURFACE_CURVE('',#2426,(#2431,#2438),.PCURVE_S1.);
#2426 = CIRCLE('',#2427,2.);
#2427 = AXIS2_PLACEMENT_3D('',#2428,#2429,#2430);
#2428 = CARTESIAN_POINT('',(-17.73898693214,-295.2868662033,
    302.52677961371));
#2429 = DIRECTION('',(5.982545681797E-03,0.999711528099,
    2.326090568422E-02));
#2430 = DIRECTION('',(6.091492598965E-13,2.326132195922E-02,
    -0.999729418843));
#2431 = PCURVE('',#1699,#2432);
#2432 = DEFINITIONAL_REPRESENTATION('',(#2433),#2437);
#2433 = LINE('',#2434,#2435);
#2434 = CARTESIAN_POINT('',(3.14159265359,6.206738253303));
#2435 = VECTOR('',#2436,1.);
#2436 = DIRECTION('',(-1.,2.847324144513E-14));
#2437 = ( GEOMETRIC_REPRESENTATION_CONTEXT(2) 
PARAMETRIC_REPRESENTATION_CONTEXT() REPRESENTATION_CONTEXT('2D SPACE',''
  ) );
#2438 = PCURVE('',#2439,#2444);
#2439 = TOROIDAL_SURFACE('',#2440,4.,2.);
#2440 = AXIS2_PLACEMENT_3D('',#2441,#2442,#2443);
#2441 = CARTESIAN_POINT('',(-17.73898693213,-295.1938209155,
    298.52786193834));
#2442 = DIRECTION('',(0.999982104413,-5.980926917682E-03,
    -1.391619206309E-04));
#2443 = DIRECTION('',(2.991272841427E-03,0.520000659792,-0.854160620787)
  );
#2444 = DEFINITIONAL_REPRESENTATION('',(#2445),#2449);
#2445 = LINE('',#2446,#2447);
#2446 = CARTESIAN_POINT('',(2.617993877993,3.14159265359));
#2447 = VECTOR('',#2448,1.);
#2448 = DIRECTION('',(-4.530013621581E-13,1.));
#2449 = ( GEOMETRIC_REPRESENTATION_CONTEXT(2) 
PARAMETRIC_REPRESENTATION_CONTEXT() REPRESENTATION_CONTEXT('2D SPACE',''
  ) );
#2450 = ORIENTED_EDGE('',*,*,#2451,.T.);
#2451 = EDGE_CURVE('',#2423,#22,#2452,.T.);
#2452 = SURFACE_CURVE('',#2453,(#2457,#2464),.PCURVE_S1.);
#2453 = LINE('',#2454,#2455);
#2454 = CARTESIAN_POINT('',(-19.28428351103,-292.6454658536,
    303.83857702533));
#2455 = VECTOR('',#2456,1.);
#2456 = DIRECTION('',(5.982545681734E-03,0.999711528099,
    2.326090568418E-02));
#2457 = PCURVE('',#1699,#2458);
#2458 = DEFINITIONAL_REPRESENTATION('',(#2459),#2463);
#2459 = LINE('',#2460,#2461);
#2460 = CARTESIAN_POINT('',(0.895664793859,3.54483108488));
#2461 = VECTOR('',#2462,1.);
#2462 = DIRECTION('',(2.517483049797E-15,-1.));
#2463 = ( GEOMETRIC_REPRESENTATION_CONTEXT(2) 
PARAMETRIC_REPRESENTATION_CONTEXT() REPRESENTATION_CONTEXT('2D SPACE',''
  ) );
#2464 = PCURVE('',#1869,#2465);
#2465 = DEFINITIONAL_REPRESENTATION('',(#2466),#2470);
#2466 = LINE('',#2467,#2468);
#2467 = CARTESIAN_POINT('',(2.245927859733,3.544831084888));
#2468 = VECTOR('',#2469,1.);
#2469 = DIRECTION('',(1.166433813072E-14,-1.));
#2470 = ( GEOMETRIC_REPRESENTATION_CONTEXT(2) 
PARAMETRIC_REPRESENTATION_CONTEXT() REPRESENTATION_CONTEXT('2D SPACE',''
  ) );
#2471 = ORIENTED_EDGE('',*,*,#1597,.F.);
#2472 = ORIENTED_EDGE('',*,*,#2364,.F.);
#2473 = ORIENTED_EDGE('',*,*,#2194,.T.);
#2474 = ORIENTED_EDGE('',*,*,#2168,.F.);
#2475 = ORIENTED_EDGE('',*,*,#1958,.F.);
#2476 = ORIENTED_EDGE('',*,*,#2477,.T.);
#2477 = EDGE_CURVE('',#1935,#2392,#2478,.T.);
#2478 = SURFACE_CURVE('',#2479,(#2483,#2490),.PCURVE_S1.);
#2479 = LINE('',#2480,#2481);
#2480 = CARTESIAN_POINT('',(-16.16184039078,-292.6641412919,
    303.83814249237));
#2481 = VECTOR('',#2482,1.);
#2482 = DIRECTION('',(-5.982545681734E-03,-0.999711528099,
    -2.326090568418E-02));
#2483 = PCURVE('',#1699,#2484);
#2484 = DEFINITIONAL_REPRESENTATION('',(#2485),#2489);
#2485 = LINE('',#2486,#2487);
#2486 = CARTESIAN_POINT('',(5.38752051332,3.544831084876));
#2487 = VECTOR('',#2488,1.);
#2488 = DIRECTION('',(1.678322033195E-15,1.));
#2489 = ( GEOMETRIC_REPRESENTATION_CONTEXT(2) 
PARAMETRIC_REPRESENTATION_CONTEXT() REPRESENTATION_CONTEXT('2D SPACE',''
  ) );
#2490 = PCURVE('',#2491,#2496);
#2491 = CYLINDRICAL_SURFACE('',#2492,2.);
#2492 = AXIS2_PLACEMENT_3D('',#2493,#2494,#2495);
#2493 = CARTESIAN_POINT('',(-17.701854837,-289.1400717245,
    305.17047751394));
#2494 = DIRECTION('',(-5.982545681735E-03,-0.999711528099,
    -2.326090568422E-02));
#2495 = DIRECTION('',(-6.091478504337E-13,-2.326132195922E-02,
    0.999729418843));
#2496 = DEFINITIONAL_REPRESENTATION('',(#2497),#2501);
#2497 = LINE('',#2498,#2499);
#2498 = CARTESIAN_POINT('',(4.037257447446,3.544831084884));
#2499 = VECTOR('',#2500,1.);
#2500 = DIRECTION('',(2.181818643153E-14,1.));
#2501 = ( GEOMETRIC_REPRESENTATION_CONTEXT(2) 
PARAMETRIC_REPRESENTATION_CONTEXT() REPRESENTATION_CONTEXT('2D SPACE',''
  ) );
#2502 = ADVANCED_FACE('',(#2503),#1797,.T.);
#2503 = FACE_BOUND('',#2504,.T.);
#2504 = EDGE_LOOP('',(#2505,#2506,#2507,#2531));
#2505 = ORIENTED_EDGE('',*,*,#1934,.F.);
#2506 = ORIENTED_EDGE('',*,*,#1780,.T.);
#2507 = ORIENTED_EDGE('',*,*,#2508,.F.);
#2508 = EDGE_CURVE('',#2509,#1781,#2511,.T.);
#2509 = VERTEX_POINT('',#2510);
#2510 = CARTESIAN_POINT('',(-16.73720330351,-289.7842995176,
    306.9059615131));
#2511 = SURFACE_CURVE('',#2512,(#2517,#2524),.PCURVE_S1.);
#2512 = CIRCLE('',#2513,1.968245836552);
#2513 = AXIS2_PLACEMENT_3D('',#2514,#2515,#2516);
#2514 = CARTESIAN_POINT('',(-17.695180006,-288.0653833754,
    306.94595659681));
#2515 = DIRECTION('',(-6.865795909236E-13,-2.326132195943E-02,
    0.999729418843));
#2516 = DIRECTION('',(5.982545681734E-03,0.999711528099,
    2.326090568443E-02));
#2517 = PCURVE('',#1797,#2518);
#2518 = DEFINITIONAL_REPRESENTATION('',(#2519),#2523);
#2519 = LINE('',#2520,#2521);
#2520 = CARTESIAN_POINT('',(-5.346834086595E-13,7.348621123687));
#2521 = VECTOR('',#2522,1.);
#2522 = DIRECTION('',(1.,2.934357224336E-13));
#2523 = ( GEOMETRIC_REPRESENTATION_CONTEXT(2) 
PARAMETRIC_REPRESENTATION_CONTEXT() REPRESENTATION_CONTEXT('2D SPACE',''
  ) );
#2524 = PCURVE('',#1918,#2525);
#2525 = DEFINITIONAL_REPRESENTATION('',(#2526),#2530);
#2526 = CIRCLE('',#2527,1.968245836552);
#2527 = AXIS2_PLACEMENT_2D('',#2528,#2529);
#2528 = CARTESIAN_POINT('',(1.039701460874,-6.220172798027E-03));
#2529 = DIRECTION('',(0.999982104413,-5.982545681751E-03));
#2530 = ( GEOMETRIC_REPRESENTATION_CONTEXT(2) 
PARAMETRIC_REPRESENTATION_CONTEXT() REPRESENTATION_CONTEXT('2D SPACE',''
  ) );
#2531 = ORIENTED_EDGE('',*,*,#2532,.T.);
#2532 = EDGE_CURVE('',#2509,#1935,#2533,.T.);
#2533 = SURFACE_CURVE('',#2534,(#2560,#2633),.PCURVE_S1.);
#2534 = B_SPLINE_CURVE_WITH_KNOTS('',3,(#2535,#2536,#2537,#2538,#2539,
    #2540,#2541,#2542,#2543,#2544,#2545,#2546,#2547,#2548,#2549,#2550,
    #2551,#2552,#2553,#2554,#2555,#2556,#2557,#2558,#2559),
  .UNSPECIFIED.,.F.,.F.,(4,2,2,2,1,1,2,2,2,2,1,2,2,4),(0.,0.25,0.375,
    0.4375,0.46875,0.484375,0.492187499999,0.499999999999,0.624999999999
    ,0.687499999999,0.718749999999,0.734374999999,0.749999999999,1.),
  .UNSPECIFIED.);
#2535 = CARTESIAN_POINT('',(-16.73720330351,-289.7842995176,
    306.9059615131));
#2536 = CARTESIAN_POINT('',(-16.53955292262,-289.8986467316,
    306.79352947023));
#2537 = CARTESIAN_POINT('',(-16.33212702304,-290.0033913516,
    306.63241236123));
#2538 = CARTESIAN_POINT('',(-16.06348477978,-290.1295744932,
    306.29809774763));
#2539 = CARTESIAN_POINT('',(-15.98134379117,-290.1664613109,
    306.17143375566));
#2540 = CARTESIAN_POINT('',(-15.87832695888,-290.2111182264,
    305.95947963126));
#2541 = CARTESIAN_POINT('',(-15.84736181594,-290.2242151883,
    305.88519951664));
#2542 = CARTESIAN_POINT('',(-15.80712307887,-290.2407022426,
    305.76877007606));
#2543 = CARTESIAN_POINT('',(-15.78855559438,-290.2481548223,
    305.70930677872));
#2544 = CARTESIAN_POINT('',(-15.76985245315,-290.2553461052,
    305.63788456972));
#2545 = CARTESIAN_POINT('',(-15.76249607371,-290.2580921125,
    305.60685358669));
#2546 = CARTESIAN_POINT('',(-15.75774108221,-290.2598465584,
    305.58607462984));
#2547 = CARTESIAN_POINT('',(-15.75506338562,-290.2608203647,
    305.57387528193));
#2548 = CARTESIAN_POINT('',(-15.72357885951,-290.2721340448,
    305.42570282504));
#2549 = CARTESIAN_POINT('',(-15.70867353895,-290.2764561686,
    305.28019880035));
#2550 = CARTESIAN_POINT('',(-15.71123141082,-290.2717275005,
    305.05775989462));
#2551 = CARTESIAN_POINT('',(-15.71621911682,-290.2682722351,
    304.98293117074));
#2552 = CARTESIAN_POINT('',(-15.73007066661,-290.2599634646,
    304.87040306864));
#2553 = CARTESIAN_POINT('',(-15.73858677798,-290.2550266703,
    304.81406905004));
#2554 = CARTESIAN_POINT('',(-15.74949891161,-290.2488506281,
    304.75777977069));
#2555 = CARTESIAN_POINT('',(-15.75730573689,-290.2444500789,
    304.72028089466));
#2556 = CARTESIAN_POINT('',(-15.76119624951,-290.2422647076,
    304.70272228564));
#2557 = CARTESIAN_POINT('',(-15.84133689898,-290.197319101,
    304.36458197265));
#2558 = CARTESIAN_POINT('',(-15.98321797825,-290.1209086792,
    304.10142385793));
#2559 = CARTESIAN_POINT('',(-16.14610536956,-290.0347452211,
    303.89932227503));
#2560 = PCURVE('',#1797,#2561);
#2561 = DEFINITIONAL_REPRESENTATION('',(#2562),#2632);
#2562 = B_SPLINE_CURVE_WITH_KNOTS('',3,(#2563,#2564,#2565,#2566,#2567,
    #2568,#2569,#2570,#2571,#2572,#2573,#2574,#2575,#2576,#2577,#2578,
    #2579,#2580,#2581,#2582,#2583,#2584,#2585,#2586,#2587,#2588,#2589,
    #2590,#2591,#2592,#2593,#2594,#2595,#2596,#2597,#2598,#2599,#2600,
    #2601,#2602,#2603,#2604,#2605,#2606,#2607,#2608,#2609,#2610,#2611,
    #2612,#2613,#2614,#2615,#2616,#2617,#2618,#2619,#2620,#2621,#2622,
    #2623,#2624,#2625,#2626,#2627,#2628,#2629,#2630,#2631),
  .UNSPECIFIED.,.F.,.F.,(4,1,1,1,1,1,1,1,1,1,1,1,1,1,1,1,1,1,1,1,1,1,1,1
    ,1,1,1,1,1,1,1,1,1,1,1,1,1,1,1,1,1,1,1,1,1,1,1,1,1,1,1,1,1,1,1,1,1,1
    ,1,1,1,1,1,1,1,1,4),(0.,1.515151515152E-02,3.030303030303E-02,
    4.545454545455E-02,6.060606060606E-02,7.575757575758E-02,
    9.090909090909E-02,0.106060606061,0.121212121212,0.136363636364,
    0.151515151515,0.166666666667,0.181818181818,0.19696969697,
    0.212121212121,0.227272727273,0.242424242424,0.257575757576,
    0.272727272727,0.287878787879,0.30303030303,0.318181818182,
    0.333333333333,0.348484848485,0.363636363636,0.378787878788,
    0.393939393939,0.409090909091,0.424242424242,0.439393939394,
    0.454545454545,0.469696969697,0.484848484848,0.5,0.515151515152,
    0.530303030303,0.545454545455,0.560606060606,0.575757575758,
    0.590909090909,0.606060606061,0.621212121212,0.636363636364,
    0.651515151515,0.666666666667,0.681818181818,0.69696969697,
    0.712121212121,0.727272727273,0.742424242424,0.757575757576,
    0.772727272727,0.787878787879,0.80303030303,0.818181818182,
    0.833333333333,0.848484848485,0.863636363636,0.878787878788,
    0.893939393939,0.909090909091,0.924242424242,0.939393939394,
    0.954545454545,0.969696969697,0.984848484848,1.),.UNSPECIFIED.);
#2563 = CARTESIAN_POINT('',(3.655901682998,7.348621123691));
#2564 = CARTESIAN_POINT('',(3.659465860525,7.341751969224));
#2565 = CARTESIAN_POINT('',(3.666510465807,7.327902432921));
#2566 = CARTESIAN_POINT('',(3.676821390701,7.306798554502));
#2567 = CARTESIAN_POINT('',(3.686871141048,7.285369305997));
#2568 = CARTESIAN_POINT('',(3.696656127654,7.263618556182));
#2569 = CARTESIAN_POINT('',(3.706173642517,7.241549826844));
#2570 = CARTESIAN_POINT('',(3.715421894618,7.219166171762));
#2571 = CARTESIAN_POINT('',(3.724399854325,7.196470088894));
#2572 = CARTESIAN_POINT('',(3.733107160099,7.173463428455));
#2573 = CARTESIAN_POINT('',(3.741544019137,7.150147307501));
#2574 = CARTESIAN_POINT('',(3.74971111945,7.126522029589));
#2575 = CARTESIAN_POINT('',(3.757609549196,7.102587008081));
#2576 = CARTESIAN_POINT('',(3.765240719766,7.078340703777));
#2577 = CARTESIAN_POINT('',(3.772606307844,7.053780538993));
#2578 = CARTESIAN_POINT('',(3.779708156144,7.028902932549));
#2579 = CARTESIAN_POINT('',(3.786548355743,7.003702919291));
#2580 = CARTESIAN_POINT('',(3.793128675651,6.978175359185));
#2581 = CARTESIAN_POINT('',(3.799452451163,6.952310256439));
#2582 = CARTESIAN_POINT('',(3.805510721461,6.926121738202));
#2583 = CARTESIAN_POINT('',(3.811304232505,6.899613707082));
#2584 = CARTESIAN_POINT('',(3.816832887098,6.872789139576));
#2585 = CARTESIAN_POINT('',(3.82209687376,6.845649672199));
#2586 = CARTESIAN_POINT('',(3.827096287972,6.818195655268));
#2587 = CARTESIAN_POINT('',(3.831831150475,6.790425827784));
#2588 = CARTESIAN_POINT('',(3.836301365678,6.762338093476));
#2589 = CARTESIAN_POINT('',(3.840506539541,6.733926331063));
#2590 = CARTESIAN_POINT('',(3.844446466452,6.705193285554));
#2591 = CARTESIAN_POINT('',(3.848121856869,6.676141855791));
#2592 = CARTESIAN_POINT('',(3.851532593601,6.646776520179));
#2593 = CARTESIAN_POINT('',(3.854679257816,6.617079700142));
#2594 = CARTESIAN_POINT('',(3.857558032804,6.587110450715));
#2595 = CARTESIAN_POINT('',(3.860182774553,6.556646956077));
#2596 = CARTESIAN_POINT('',(3.86250322011,6.526522418419));
#2597 = CARTESIAN_POINT('',(3.864705859413,6.493623646353));
#2598 = CARTESIAN_POINT('',(3.866095380251,6.469571447592));
#2599 = CARTESIAN_POINT('',(3.867423497083,6.442979936053));
#2600 = CARTESIAN_POINT('',(3.868490818144,6.41690193182));
#2601 = CARTESIAN_POINT('',(3.869352102193,6.390520773929));
#2602 = CARTESIAN_POINT('',(3.86999330292,6.36405593937));
#2603 = CARTESIAN_POINT('',(3.870418091607,6.33744855371));
#2604 = CARTESIAN_POINT('',(3.87062465976,6.310713572476));
#2605 = CARTESIAN_POINT('',(3.870611902947,6.283845404097));
#2606 = CARTESIAN_POINT('',(3.87037777769,6.256843114635));
#2607 = CARTESIAN_POINT('',(3.869925203167,6.229709741899));
#2608 = CARTESIAN_POINT('',(3.869254244864,6.202443739646));
#2609 = CARTESIAN_POINT('',(3.868365380324,6.175051456391));
#2610 = CARTESIAN_POINT('',(3.867255908586,6.147508446638));
#2611 = CARTESIAN_POINT('',(3.865932685555,6.11990316857));
#2612 = CARTESIAN_POINT('',(3.864372769673,6.091907735315));
#2613 = CARTESIAN_POINT('',(3.862661164871,6.064745333618));
#2614 = CARTESIAN_POINT('',(3.860579557292,6.035255958632));
#2615 = CARTESIAN_POINT('',(3.858243160207,6.005747693337));
#2616 = CARTESIAN_POINT('',(3.855696187958,5.976736495577));
#2617 = CARTESIAN_POINT('',(3.852928321848,5.948070279784));
#2618 = CARTESIAN_POINT('',(3.849943399123,5.919778228319));
#2619 = CARTESIAN_POINT('',(3.846741064692,5.891843230451));
#2620 = CARTESIAN_POINT('',(3.843321743491,5.864262847595));
#2621 = CARTESIAN_POINT('',(3.839685363954,5.837032949565));
#2622 = CARTESIAN_POINT('',(3.835831756479,5.810152054452));
#2623 = CARTESIAN_POINT('',(3.831760604356,5.783620106029));
#2624 = CARTESIAN_POINT('',(3.827471516685,5.757438728544));
#2625 = CARTESIAN_POINT('',(3.822964071017,5.731611073065));
#2626 = CARTESIAN_POINT('',(3.818237868362,5.706141765863));
#2627 = CARTESIAN_POINT('',(3.813292585345,5.681036809497));
#2628 = CARTESIAN_POINT('',(3.808128044727,5.656303530069));
#2629 = CARTESIAN_POINT('',(3.802744237561,5.631950352768));
#2630 = CARTESIAN_POINT('',(3.799009109467,5.615974911219));
#2631 = CARTESIAN_POINT('',(3.79710510959,5.608053774242));
#2632 = ( GEOMETRIC_REPRESENTATION_CONTEXT(2) 
PARAMETRIC_REPRESENTATION_CONTEXT() REPRESENTATION_CONTEXT('2D SPACE',''
  ) );
#2633 = PCURVE('',#2491,#2634);
#2634 = DEFINITIONAL_REPRESENTATION('',(#2635),#2705);
#2635 = B_SPLINE_CURVE_WITH_KNOTS('',3,(#2636,#2637,#2638,#2639,#2640,
    #2641,#2642,#2643,#2644,#2645,#2646,#2647,#2648,#2649,#2650,#2651,
    #2652,#2653,#2654,#2655,#2656,#2657,#2658,#2659,#2660,#2661,#2662,
    #2663,#2664,#2665,#2666,#2667,#2668,#2669,#2670,#2671,#2672,#2673,
    #2674,#2675,#2676,#2677,#2678,#2679,#2680,#2681,#2682,#2683,#2684,
    #2685,#2686,#2687,#2688,#2689,#2690,#2691,#2692,#2693,#2694,#2695,
    #2696,#2697,#2698,#2699,#2700,#2701,#2702,#2703,#2704),
  .UNSPECIFIED.,.F.,.F.,(4,1,1,1,1,1,1,1,1,1,1,1,1,1,1,1,1,1,1,1,1,1,1,1
    ,1,1,1,1,1,1,1,1,1,1,1,1,1,1,1,1,1,1,1,1,1,1,1,1,1,1,1,1,1,1,1,1,1,1
    ,1,1,1,1,1,1,1,1,4),(0.,1.515151515152E-02,3.030303030303E-02,
    4.545454545455E-02,6.060606060606E-02,7.575757575758E-02,
    9.090909090909E-02,0.106060606061,0.121212121212,0.136363636364,
    0.151515151515,0.166666666667,0.181818181818,0.19696969697,
    0.212121212121,0.227272727273,0.242424242424,0.257575757576,
    0.272727272727,0.287878787879,0.30303030303,0.318181818182,
    0.333333333333,0.348484848485,0.363636363636,0.378787878788,
    0.393939393939,0.409090909091,0.424242424242,0.439393939394,
    0.454545454545,0.469696969697,0.484848484848,0.5,0.515151515152,
    0.530303030303,0.545454545455,0.560606060606,0.575757575758,
    0.590909090909,0.606060606061,0.621212121212,0.636363636364,
    0.651515151515,0.666666666667,0.681818181818,0.69696969697,
    0.712121212121,0.727272727273,0.742424242424,0.757575757576,
    0.772727272727,0.787878787879,0.80303030303,0.818181818182,
    0.833333333333,0.848484848485,0.863636363636,0.878787878788,
    0.893939393939,0.909090909091,0.924242424242,0.939393939394,
    0.954545454545,0.969696969697,0.984848484848,1.),
  .QUASI_UNIFORM_KNOTS.);
#2636 = CARTESIAN_POINT('',(5.777824796896,0.597901949947));
#2637 = CARTESIAN_POINT('',(5.770955590747,0.604916922477));
#2638 = CARTESIAN_POINT('',(5.757099229888,0.618884235049));
#2639 = CARTESIAN_POINT('',(5.735969142369,0.639633302384));
#2640 = CARTESIAN_POINT('',(5.714502135148,0.660166464143));
#2641 = CARTESIAN_POINT('',(5.692705690004,0.680469716274));
#2642 = CARTESIAN_POINT('',(5.670586474486,0.700529054721));
#2643 = CARTESIAN_POINT('',(5.6481501898,0.720330475433));
#2644 = CARTESIAN_POINT('',(5.62540154908,0.739859974356));
#2645 = CARTESIAN_POINT('',(5.602344222593,0.759103547432));
#2646 = CARTESIAN_POINT('',(5.578980794202,0.77804719063));
#2647 = CARTESIAN_POINT('',(5.555312718707,0.79667689981));
#2648 = CARTESIAN_POINT('',(5.531340280719,0.814978671241));
#2649 = CARTESIAN_POINT('',(5.507062566261,0.832938499665));
#2650 = CARTESIAN_POINT('',(5.482477405141,0.85054238553));
#2651 = CARTESIAN_POINT('',(5.457581444272,0.867776307977));
#2652 = CARTESIAN_POINT('',(5.432369756928,0.884626325677));
#2653 = CARTESIAN_POINT('',(5.406837211814,0.901078200479));
#2654 = CARTESIAN_POINT('',(5.380973305761,0.917118802001));
#2655 = CARTESIAN_POINT('',(5.354795284513,0.932728623627));
#2656 = CARTESIAN_POINT('',(5.328305901586,0.94788673838));
#2657 = CARTESIAN_POINT('',(5.301507370105,0.962572763704));
#2658 = CARTESIAN_POINT('',(5.274400356854,0.976766178612));
#2659 = CARTESIAN_POINT('',(5.246984220167,0.990446471415));
#2660 = CARTESIAN_POINT('',(5.219256677025,1.00359323167));
#2661 = CARTESIAN_POINT('',(5.191214542479,1.016185634653));
#2662 = CARTESIAN_POINT('',(5.162850789601,1.028204411513));
#2663 = CARTESIAN_POINT('',(5.134166461388,1.039623686798));
#2664 = CARTESIAN_POINT('',(5.10516242196,1.050415131821));
#2665 = CARTESIAN_POINT('',(5.075841613373,1.060550968417));
#2666 = CARTESIAN_POINT('',(5.046185231109,1.070007037747));
#2667 = CARTESIAN_POINT('',(5.016251142718,1.078744081429));
#2668 = CARTESIAN_POINT('',(4.98581624775,1.08676873673));
#2669 = CARTESIAN_POINT('',(4.955713338061,1.0939044228));
#2670 = CARTESIAN_POINT('',(4.922828206615,1.100658568368));
#2671 = CARTESIAN_POINT('',(4.898784313762,1.104974208943));
#2672 = CARTESIAN_POINT('',(4.872203679332,1.109248967594));
#2673 = CARTESIAN_POINT('',(4.846134476519,1.112823972398));
#2674 = CARTESIAN_POINT('',(4.819759115654,1.11585933704));
#2675 = CARTESIAN_POINT('',(4.793295488085,1.118295727764));
#2676 = CARTESIAN_POINT('',(4.766683625512,1.120132614978));
#2677 = CARTESIAN_POINT('',(4.739937543383,1.121353699872));
#2678 = CARTESIAN_POINT('',(4.713050940154,1.121946956341));
#2679 = CARTESIAN_POINT('',(4.68602229827,1.121899036676));
#2680 = CARTESIAN_POINT('',(4.658854547602,1.121188845381));
#2681 = CARTESIAN_POINT('',(4.631546622539,1.11979818748));
#2682 = CARTESIAN_POINT('',(4.604105880266,1.117709726384));
#2683 = CARTESIAN_POINT('',(4.576509287839,1.114900422964));
#2684 = CARTESIAN_POINT('',(4.548847697869,1.111367482951));
#2685 = CARTESIAN_POINT('',(4.520795677698,1.107021384809));
#2686 = CARTESIAN_POINT('',(4.493581828705,1.10209660049));
#2687 = CARTESIAN_POINT('',(4.464046451144,1.095909155217));
#2688 = CARTESIAN_POINT('',(4.434501896884,1.088868389778));
#2689 = CARTESIAN_POINT('',(4.405466373973,1.081130963912));
#2690 = CARTESIAN_POINT('',(4.376788476383,1.072695441213));
#2691 = CARTESIAN_POINT('',(4.348497783703,1.06360274701));
#2692 = CARTESIAN_POINT('',(4.320576972543,1.05388245584));
#2693 = CARTESIAN_POINT('',(4.2930228907,1.043567183673));
#2694 = CARTESIAN_POINT('',(4.265830188801,1.032688731533));
#2695 = CARTESIAN_POINT('',(4.238995689374,1.021279118805));
#2696 = CARTESIAN_POINT('',(4.212517187816,1.009370306367));
#2697 = CARTESIAN_POINT('',(4.186393735704,0.996994270771));
#2698 = CARTESIAN_POINT('',(4.160625517959,0.984182984373));
#2699 = CARTESIAN_POINT('',(4.135213834498,0.970968420649));
#2700 = CARTESIAN_POINT('',(4.110161039173,0.957382552778));
#2701 = CARTESIAN_POINT('',(4.085470520582,0.943457354017));
#2702 = CARTESIAN_POINT('',(4.061146539887,0.929224797603));
#2703 = CARTESIAN_POINT('',(4.045178570952,0.919552837053));
#2704 = CARTESIAN_POINT('',(4.037257447446,0.91467628825));
#2705 = ( GEOMETRIC_REPRESENTATION_CONTEXT(2) 
PARAMETRIC_REPRESENTATION_CONTEXT() REPRESENTATION_CONTEXT('2D SPACE',''
  ) );
#2706 = ADVANCED_FACE('',(#2707),#1869,.T.);
#2707 = FACE_BOUND('',#2708,.T.);
#2708 = EDGE_LOOP('',(#2709,#2734,#2914,#2935,#2936,#2937));
#2709 = ORIENTED_EDGE('',*,*,#2710,.F.);
#2710 = EDGE_CURVE('',#2711,#2713,#2715,.T.);
#2711 = VERTEX_POINT('',#2712);
#2712 = CARTESIAN_POINT('',(-17.72936101228,-293.7834638671,
    307.06297810707));
#2713 = VERTEX_POINT('',#2714);
#2714 = CARTESIAN_POINT('',(-17.73898693214,-295.3915421522,
    307.02556199851));
#2715 = SURFACE_CURVE('',#2716,(#2720,#2727),.PCURVE_S1.);
#2716 = LINE('',#2717,#2718);
#2717 = CARTESIAN_POINT('',(-17.701854837,-289.1865943684,
    307.16993635162));
#2718 = VECTOR('',#2719,1.);
#2719 = DIRECTION('',(-5.982545681735E-03,-0.999711528099,
    -2.326090568422E-02));
#2720 = PCURVE('',#1869,#2721);
#2721 = DEFINITIONAL_REPRESENTATION('',(#2722),#2726);
#2722 = LINE('',#2723,#2724);
#2723 = CARTESIAN_POINT('',(0.,1.720401598959E-12));
#2724 = VECTOR('',#2725,1.);
#2725 = DIRECTION('',(0.,1.));
#2726 = ( GEOMETRIC_REPRESENTATION_CONTEXT(2) 
PARAMETRIC_REPRESENTATION_CONTEXT() REPRESENTATION_CONTEXT('2D SPACE',''
  ) );
#2727 = PCURVE('',#2491,#2728);
#2728 = DEFINITIONAL_REPRESENTATION('',(#2729),#2733);
#2729 = LINE('',#2730,#2731);
#2730 = CARTESIAN_POINT('',(6.28318530718,1.720401598959E-12));
#2731 = VECTOR('',#2732,1.);
#2732 = DIRECTION('',(0.,1.));
#2733 = ( GEOMETRIC_REPRESENTATION_CONTEXT(2) 
PARAMETRIC_REPRESENTATION_CONTEXT() REPRESENTATION_CONTEXT('2D SPACE',''
  ) );
#2734 = ORIENTED_EDGE('',*,*,#2735,.F.);
#2735 = EDGE_CURVE('',#2736,#2711,#2738,.T.);
#2736 = VERTEX_POINT('',#2737);
#2737 = CARTESIAN_POINT('',(-18.68733869795,-292.0584384802,
    306.85304771703));
#2738 = SURFACE_CURVE('',#2739,(#2763,#2836),.PCURVE_S1.);
#2739 = B_SPLINE_CURVE_WITH_KNOTS('',3,(#2740,#2741,#2742,#2743,#2744,
    #2745,#2746,#2747,#2748,#2749,#2750,#2751,#2752,#2753,#2754,#2755,
    #2756,#2757,#2758,#2759,#2760,#2761,#2762),.UNSPECIFIED.,.F.,.F.,(4,
    2,2,1,1,1,2,2,2,1,1,2,2,4),(0.,0.249981002991,0.253886956163,
    0.257792909335,0.265604815678,0.281228628365,0.312476253739,
    0.374971504487,0.378877457658,0.38278341083,0.390595317174,
    0.406219129861,0.437466755234,0.499962005982),.UNSPECIFIED.);
#2740 = CARTESIAN_POINT('',(-18.68733869795,-292.0584384802,
    306.85304771703));
#2741 = CARTESIAN_POINT('',(-18.68969099762,-292.4515188214,
    306.84390167391));
#2742 = CARTESIAN_POINT('',(-18.62765075572,-292.8054304213,
    306.8739755011));
#2743 = CARTESIAN_POINT('',(-18.4992204072,-293.1208983636,
    306.92261992029));
#2744 = CARTESIAN_POINT('',(-18.49631329399,-293.1279545315,
    306.9237171224));
#2745 = CARTESIAN_POINT('',(-18.49136990785,-293.1397570643,
    306.92557304121));
#2746 = CARTESIAN_POINT('',(-18.48390111992,-293.1573374165,
    306.92836435738));
#2747 = CARTESIAN_POINT('',(-18.46609799187,-293.1974947533,
    306.93492197557));
#2748 = CARTESIAN_POINT('',(-18.42898795175,-293.2743609433,
    306.94815664657));
#2749 = CARTESIAN_POINT('',(-18.39460157939,-293.334354883,
    306.95950866067));
#2750 = CARTESIAN_POINT('',(-18.3223922531,-293.4465503509,
    306.98175473527));
#2751 = CARTESIAN_POINT('',(-18.26967059957,-293.5109579907,
    306.9959545047));
#2752 = CARTESIAN_POINT('',(-18.20878665368,-293.5685442019,
    307.0093069311));
#2753 = CARTESIAN_POINT('',(-18.20281287583,-293.5741159452,
    307.01060415372));
#2754 = CARTESIAN_POINT('',(-18.1932083549,-293.5828863302,
    307.01265808487));
#2755 = CARTESIAN_POINT('',(-18.17877862298,-293.5958282733,
    307.01570399453));
#2756 = CARTESIAN_POINT('',(-18.14494860865,-293.6245327836,
    307.02255642978));
#2757 = CARTESIAN_POINT('',(-18.11567611775,-293.6465836866,
    307.02796080466));
#2758 = CARTESIAN_POINT('',(-18.05676413651,-293.687298979,
    307.03806797965));
#2759 = CARTESIAN_POINT('',(-18.01700015503,-293.7099279515,
    307.04386675382));
#2760 = CARTESIAN_POINT('',(-17.89624098039,-293.7643860391,
    307.05797914255));
#2761 = CARTESIAN_POINT('',(-17.81377866504,-293.7828029613,
    307.06294726387));
#2762 = CARTESIAN_POINT('',(-17.72936101228,-293.7834638671,
    307.06297810707));
#2763 = PCURVE('',#1869,#2764);
#2764 = DEFINITIONAL_REPRESENTATION('',(#2765),#2835);
#2765 = B_SPLINE_CURVE_WITH_KNOTS('',3,(#2766,#2767,#2768,#2769,#2770,
    #2771,#2772,#2773,#2774,#2775,#2776,#2777,#2778,#2779,#2780,#2781,
    #2782,#2783,#2784,#2785,#2786,#2787,#2788,#2789,#2790,#2791,#2792,
    #2793,#2794,#2795,#2796,#2797,#2798,#2799,#2800,#2801,#2802,#2803,
    #2804,#2805,#2806,#2807,#2808,#2809,#2810,#2811,#2812,#2813,#2814,
    #2815,#2816,#2817,#2818,#2819,#2820,#2821,#2822,#2823,#2824,#2825,
    #2826,#2827,#2828,#2829,#2830,#2831,#2832,#2833,#2834),
  .UNSPECIFIED.,.F.,.F.,(4,1,1,1,1,1,1,1,1,1,1,1,1,1,1,1,1,1,1,1,1,1,1,1
    ,1,1,1,1,1,1,1,1,1,1,1,1,1,1,1,1,1,1,1,1,1,1,1,1,1,1,1,1,1,1,1,1,1,1
    ,1,1,1,1,1,1,1,1,4),(0.,7.575181908818E-03,1.515036381764E-02,
    2.272554572645E-02,3.030072763527E-02,3.787590954409E-02,
    4.545109145291E-02,5.302627336173E-02,6.060145527055E-02,
    6.817663717936E-02,7.575181908818E-02,8.3327000997E-02,
    9.090218290582E-02,9.847736481464E-02,0.106052546723,0.113627728632,
    0.121202910541,0.12877809245,0.136353274359,0.143928456268,
    0.151503638176,0.159078820085,0.166654001994,0.174229183903,
    0.181804365812,0.18937954772,0.196954729629,0.204529911538,
    0.212105093447,0.219680275356,0.227255457265,0.234830639173,
    0.242405821082,0.249981002991,0.2575561849,0.265131366809,
    0.272706548717,0.280281730626,0.287856912535,0.295432094444,
    0.303007276353,0.310582458262,0.31815764017,0.325732822079,
    0.333308003988,0.340883185897,0.348458367806,0.356033549714,
    0.363608731623,0.371183913532,0.378759095441,0.38633427735,
    0.393909459259,0.401484641167,0.409059823076,0.416635004985,
    0.424210186894,0.431785368803,0.439360550711,0.44693573262,
    0.454510914529,0.462086096438,0.469661278347,0.477236460256,
    0.484811642164,0.492386824073,0.499962005982),.UNSPECIFIED.);
#2766 = CARTESIAN_POINT('',(0.505360510284,2.88428248428));
#2767 = CARTESIAN_POINT('',(0.505360510671,2.896197446903));
#2768 = CARTESIAN_POINT('',(0.50529193899,2.919953074697));
#2769 = CARTESIAN_POINT('',(0.504984241432,2.955363018054));
#2770 = CARTESIAN_POINT('',(0.504472580011,2.990548857103));
#2771 = CARTESIAN_POINT('',(0.503757834931,3.025509985872));
#2772 = CARTESIAN_POINT('',(0.502840885687,3.060245798387));
#2773 = CARTESIAN_POINT('',(0.501722609312,3.094755688673));
#2774 = CARTESIAN_POINT('',(0.500403878159,3.129039050757));
#2775 = CARTESIAN_POINT('',(0.498885558124,3.163095278666));
#2776 = CARTESIAN_POINT('',(0.49716850707,3.196923766425));
#2777 = CARTESIAN_POINT('',(0.495253573489,3.230523908062));
#2778 = CARTESIAN_POINT('',(0.493141595399,3.263895097602));
#2779 = CARTESIAN_POINT('',(0.490833399462,3.297036729072));
#2780 = CARTESIAN_POINT('',(0.488329800315,3.329948196498));
#2781 = CARTESIAN_POINT('',(0.485631600116,3.362628893906));
#2782 = CARTESIAN_POINT('',(0.482739588286,3.395078215322));
#2783 = CARTESIAN_POINT('',(0.479654541453,3.427295554775));
#2784 = CARTESIAN_POINT('',(0.476377223588,3.459280306286));
#2785 = CARTESIAN_POINT('',(0.472908386321,3.491031863893));
#2786 = CARTESIAN_POINT('',(0.469248769456,3.522549621585));
#2787 = CARTESIAN_POINT('',(0.465399101596,3.553832973525));
#2788 = CARTESIAN_POINT('',(0.461360101185,3.58488131323));
#2789 = CARTESIAN_POINT('',(0.457132476803,3.615694036627));
#2790 = CARTESIAN_POINT('',(0.452716931015,3.646270530651));
#2791 = CARTESIAN_POINT('',(0.448114151753,3.676610215787));
#2792 = CARTESIAN_POINT('',(0.443324850922,3.706712387324));
#2793 = CARTESIAN_POINT('',(0.438349627541,3.736576807774));
#2794 = CARTESIAN_POINT('',(0.433189486388,3.76620149596));
#2795 = CARTESIAN_POINT('',(0.427843910976,3.795590978238));
#2796 = CARTESIAN_POINT('',(0.422318064559,3.824725494516));
#2797 = CARTESIAN_POINT('',(0.416595925499,3.853675922964));
#2798 = CARTESIAN_POINT('',(0.410740557986,3.882174875155));
#2799 = CARTESIAN_POINT('',(0.404519907731,3.911217390784));
#2800 = CARTESIAN_POINT('',(0.398803363177,3.937087063654));
#2801 = CARTESIAN_POINT('',(0.390349730397,3.973650843015));
#2802 = CARTESIAN_POINT('',(0.382384030341,4.006194248049));
#2803 = CARTESIAN_POINT('',(0.374051145172,4.038635897202));
#2804 = CARTESIAN_POINT('',(0.365582977895,4.069928164397));
#2805 = CARTESIAN_POINT('',(0.356919961802,4.100354146954));
#2806 = CARTESIAN_POINT('',(0.348080159946,4.129840568206));
#2807 = CARTESIAN_POINT('',(0.339060543448,4.158409732475));
#2808 = CARTESIAN_POINT('',(0.32986354376,4.186058286734));
#2809 = CARTESIAN_POINT('',(0.320489955371,4.212789926764));
#2810 = CARTESIAN_POINT('',(0.31094105044,4.238605994979));
#2811 = CARTESIAN_POINT('',(0.301216040291,4.263510707197));
#2812 = CARTESIAN_POINT('',(0.29131922241,4.287498935831));
#2813 = CARTESIAN_POINT('',(0.281235876674,4.310600037947));
#2814 = CARTESIAN_POINT('',(0.271021589724,4.332714775399));
#2815 = CARTESIAN_POINT('',(0.260469057257,4.35422380624));
#2816 = CARTESIAN_POINT('',(0.250351547442,4.373716798939));
#2817 = CARTESIAN_POINT('',(0.237782242883,4.396467484106));
#2818 = CARTESIAN_POINT('',(0.222841098273,4.421774452706));
#2819 = CARTESIAN_POINT('',(0.208479406295,4.444365827043));
#2820 = CARTESIAN_POINT('',(0.193904313948,4.46566481832));
#2821 = CARTESIAN_POINT('',(0.179328057706,4.485295648329));
#2822 = CARTESIAN_POINT('',(0.164693005559,4.50336463935));
#2823 = CARTESIAN_POINT('',(0.150012937231,4.519847975123));
#2824 = CARTESIAN_POINT('',(0.135282043884,4.534756640568));
#2825 = CARTESIAN_POINT('',(0.120499314878,4.548091993459));
#2826 = CARTESIAN_POINT('',(0.105662292232,4.55985936566));
#2827 = CARTESIAN_POINT('',(9.076791616208E-02,4.570060230122));
#2828 = CARTESIAN_POINT('',(7.58129607143E-02,4.578696142938));
#2829 = CARTESIAN_POINT('',(6.079414650151E-02,4.585768637926));
#2830 = CARTESIAN_POINT('',(4.57081161022E-02,4.591279254871));
#2831 = CARTESIAN_POINT('',(3.055144446337E-02,4.595229531958));
#2832 = CARTESIAN_POINT('',(1.532064834566E-02,4.597621007803));
#2833 = CARTESIAN_POINT('',(5.114993756188E-03,4.598177149872));
#2834 = CARTESIAN_POINT('',(-1.370997652295E-06,4.598195933537));
#2835 = ( GEOMETRIC_REPRESENTATION_CONTEXT(2) 
PARAMETRIC_REPRESENTATION_CONTEXT() REPRESENTATION_CONTEXT('2D SPACE',''
  ) );
#2836 = PCURVE('',#2837,#2842);
#2837 = CYLINDRICAL_SURFACE('',#2838,6.000000000001);
#2838 = AXIS2_PLACEMENT_3D('',#2839,#2840,#2841);
#2839 = CARTESIAN_POINT('',(-16.54329348713,-292.2108300191,
    312.8511258553));
#2840 = DIRECTION('',(-0.999982104413,5.980926917683E-03,
    1.391619206297E-04));
#2841 = DIRECTION('',(5.181036539434E-03,0.85414491881,0.520009244659));
#2842 = DEFINITIONAL_REPRESENTATION('',(#2843),#2913);
#2843 = B_SPLINE_CURVE_WITH_KNOTS('',3,(#2844,#2845,#2846,#2847,#2848,
    #2849,#2850,#2851,#2852,#2853,#2854,#2855,#2856,#2857,#2858,#2859,
    #2860,#2861,#2862,#2863,#2864,#2865,#2866,#2867,#2868,#2869,#2870,
    #2871,#2872,#2873,#2874,#2875,#2876,#2877,#2878,#2879,#2880,#2881,
    #2882,#2883,#2884,#2885,#2886,#2887,#2888,#2889,#2890,#2891,#2892,
    #2893,#2894,#2895,#2896,#2897,#2898,#2899,#2900,#2901,#2902,#2903,
    #2904,#2905,#2906,#2907,#2908,#2909,#2910,#2911,#2912),
  .UNSPECIFIED.,.F.,.F.,(4,1,1,1,1,1,1,1,1,1,1,1,1,1,1,1,1,1,1,1,1,1,1,1
    ,1,1,1,1,1,1,1,1,1,1,1,1,1,1,1,1,1,1,1,1,1,1,1,1,1,1,1,1,1,1,1,1,1,1
    ,1,1,1,1,1,1,1,1,4),(0.,7.575181908818E-03,1.515036381764E-02,
    2.272554572645E-02,3.030072763527E-02,3.787590954409E-02,
    4.545109145291E-02,5.302627336173E-02,6.060145527055E-02,
    6.817663717936E-02,7.575181908818E-02,8.3327000997E-02,
    9.090218290582E-02,9.847736481464E-02,0.106052546723,0.113627728632,
    0.121202910541,0.12877809245,0.136353274359,0.143928456268,
    0.151503638176,0.159078820085,0.166654001994,0.174229183903,
    0.181804365812,0.18937954772,0.196954729629,0.204529911538,
    0.212105093447,0.219680275356,0.227255457265,0.234830639173,
    0.242405821082,0.249981002991,0.2575561849,0.265131366809,
    0.272706548717,0.280281730626,0.287856912535,0.295432094444,
    0.303007276353,0.310582458262,0.31815764017,0.325732822079,
    0.333308003988,0.340883185897,0.348458367806,0.356033549714,
    0.363608731623,0.371183913532,0.378759095441,0.38633427735,
    0.393909459259,0.401484641167,0.409059823076,0.416635004985,
    0.424210186894,0.431785368803,0.439360550711,0.44693573262,
    0.454510914529,0.462086096438,0.469661278347,0.477236460256,
    0.484811642164,0.492386824073,0.499962005982),.UNSPECIFIED.);
#2844 = CARTESIAN_POINT('',(2.094395102394,2.144083580459));
#2845 = CARTESIAN_POINT('',(2.096380928973,2.144083580459));
#2846 = CARTESIAN_POINT('',(2.100340201215,2.143965762891));
#2847 = CARTESIAN_POINT('',(2.10624206144,2.143435583833));
#2848 = CARTESIAN_POINT('',(2.112106970614,2.142551952071));
#2849 = CARTESIAN_POINT('',(2.117935017147,2.141314867604));
#2850 = CARTESIAN_POINT('',(2.123726283732,2.139724330432));
#2851 = CARTESIAN_POINT('',(2.129480846529,2.137780340555));
#2852 = CARTESIAN_POINT('',(2.135198775358,2.135482897974));
#2853 = CARTESIAN_POINT('',(2.140880133632,2.132832002687));
#2854 = CARTESIAN_POINT('',(2.146524978367,2.129827654696));
#2855 = CARTESIAN_POINT('',(2.152133360166,2.126469853999));
#2856 = CARTESIAN_POINT('',(2.157705323224,2.122758600598));
#2857 = CARTESIAN_POINT('',(2.163240905323,2.118693894492));
#2858 = CARTESIAN_POINT('',(2.168740137843,2.114275735681));
#2859 = CARTESIAN_POINT('',(2.174203045759,2.109504124165));
#2860 = CARTESIAN_POINT('',(2.179629647659,2.104379059944));
#2861 = CARTESIAN_POINT('',(2.185019955753,2.098900543018));
#2862 = CARTESIAN_POINT('',(2.190373975882,2.093068573388));
#2863 = CARTESIAN_POINT('',(2.195691707548,2.08688315105));
#2864 = CARTESIAN_POINT('',(2.200973143914,2.080344276019));
#2865 = CARTESIAN_POINT('',(2.206218271865,2.073451948237));
#2866 = CARTESIAN_POINT('',(2.211427071897,2.066206167923));
#2867 = CARTESIAN_POINT('',(2.216599518655,2.058606934259));
#2868 = CARTESIAN_POINT('',(2.221735579034,2.050654250299));
#2869 = CARTESIAN_POINT('',(2.226835219412,2.042348104645));
#2870 = CARTESIAN_POINT('',(2.231898378791,2.033688539831));
#2871 = CARTESIAN_POINT('',(2.236925069188,2.024675397124));
#2872 = CARTESIAN_POINT('',(2.241915001139,2.015309268917));
#2873 = CARTESIAN_POINT('',(2.246868981492,2.005587944373));
#2874 = CARTESIAN_POINT('',(2.251783696956,1.995519674449));
#2875 = CARTESIAN_POINT('',(2.256671182355,1.985073666153));
#2876 = CARTESIAN_POINT('',(2.261486164286,1.974364840495));
#2877 = CARTESIAN_POINT('',(2.266397218487,1.962964306429));
#2878 = CARTESIAN_POINT('',(2.27077479697,1.952472707128));
#2879 = CARTESIAN_POINT('',(2.276967962378,1.936916360945));
#2880 = CARTESIAN_POINT('',(2.282486599731,1.922200939929));
#2881 = CARTESIAN_POINT('',(2.287993474097,1.906754973326));
#2882 = CARTESIAN_POINT('',(2.293311000734,1.890999535646));
#2883 = CARTESIAN_POINT('',(2.298486733984,1.874821799603));
#2884 = CARTESIAN_POINT('',(2.30350795153,1.858251999838));
#2885 = CARTESIAN_POINT('',(2.308378086891,1.841282025067));
#2886 = CARTESIAN_POINT('',(2.313096215103,1.82391408579));
#2887 = CARTESIAN_POINT('',(2.317662556802,1.806147451287));
#2888 = CARTESIAN_POINT('',(2.322076936042,1.787982833937));
#2889 = CARTESIAN_POINT('',(2.326339765072,1.769418114946));
#2890 = CARTESIAN_POINT('',(2.330449808799,1.750461057111));
#2891 = CARTESIAN_POINT('',(2.334411758691,1.731082728041));
#2892 = CARTESIAN_POINT('',(2.338208160418,1.711391094496));
#2893 = CARTESIAN_POINT('',(2.341904128858,1.690983221832));
#2894 = CARTESIAN_POINT('',(2.345256560535,1.671362881864));
#2895 = CARTESIAN_POINT('',(2.349172569598,1.646917921973));
#2896 = CARTESIAN_POINT('',(2.353533603833,1.617787546815));
#2897 = CARTESIAN_POINT('',(2.3574310623,1.589710955515));
#2898 = CARTESIAN_POINT('',(2.361109218699,1.56114524291));
#2899 = CARTESIAN_POINT('',(2.364502624258,1.532503829193));
#2900 = CARTESIAN_POINT('',(2.367628801258,1.503675938757));
#2901 = CARTESIAN_POINT('',(2.370483070756,1.474691253837));
#2902 = CARTESIAN_POINT('',(2.373066693797,1.445541821102));
#2903 = CARTESIAN_POINT('',(2.37537931971,1.416229771641));
#2904 = CARTESIAN_POINT('',(2.377421029001,1.386754534431));
#2905 = CARTESIAN_POINT('',(2.379191807967,1.357116262478));
#2906 = CARTESIAN_POINT('',(2.380691668314,1.327314914785));
#2907 = CARTESIAN_POINT('',(2.381920612743,1.297350502338));
#2908 = CARTESIAN_POINT('',(2.382878642974,1.267223022196));
#2909 = CARTESIAN_POINT('',(2.383565757136,1.236932475147));
#2910 = CARTESIAN_POINT('',(2.38398195084,1.206478860982));
#2911 = CARTESIAN_POINT('',(2.384078795436,1.186067740167));
#2912 = CARTESIAN_POINT('',(2.3840820623,1.175835001913));
#2913 = ( GEOMETRIC_REPRESENTATION_CONTEXT(2) 
PARAMETRIC_REPRESENTATION_CONTEXT() REPRESENTATION_CONTEXT('2D SPACE',''
  ) );
#2914 = ORIENTED_EDGE('',*,*,#2915,.F.);
#2915 = EDGE_CURVE('',#1823,#2736,#2916,.T.);
#2916 = SURFACE_CURVE('',#2917,(#2921,#2928),.PCURVE_S1.);
#2917 = LINE('',#2918,#2919);
#2918 = CARTESIAN_POINT('',(-18.66937893036,-289.057276825,
    306.92287759919));
#2919 = VECTOR('',#2920,1.);
#2920 = DIRECTION('',(-5.982545681734E-03,-0.999711528099,
    -2.326090568411E-02));
#2921 = PCURVE('',#1869,#2922);
#2922 = DEFINITIONAL_REPRESENTATION('',(#2923),#2927);
#2923 = LINE('',#2924,#2925);
#2924 = CARTESIAN_POINT('',(0.505360510284,-0.117745171505));
#2925 = VECTOR('',#2926,1.);
#2926 = DIRECTION('',(-2.680407309233E-14,1.));
#2927 = ( GEOMETRIC_REPRESENTATION_CONTEXT(2) 
PARAMETRIC_REPRESENTATION_CONTEXT() REPRESENTATION_CONTEXT('2D SPACE',''
  ) );
#2928 = PCURVE('',#1918,#2929);
#2929 = DEFINITIONAL_REPRESENTATION('',(#2930),#2934);
#2930 = LINE('',#2931,#2932);
#2931 = CARTESIAN_POINT('',(4.75395509067E-02,0.967978751562));
#2932 = VECTOR('',#2933,1.);
#2933 = DIRECTION('',(-0.999982104413,5.982545681751E-03));
#2934 = ( GEOMETRIC_REPRESENTATION_CONTEXT(2) 
PARAMETRIC_REPRESENTATION_CONTEXT() REPRESENTATION_CONTEXT('2D SPACE',''
  ) );
#2935 = ORIENTED_EDGE('',*,*,#1822,.T.);
#2936 = ORIENTED_EDGE('',*,*,#2451,.F.);
#2937 = ORIENTED_EDGE('',*,*,#2938,.T.);
#2938 = EDGE_CURVE('',#2423,#2713,#2939,.T.);
#2939 = SURFACE_CURVE('',#2940,(#2945,#2952),.PCURVE_S1.);
#2940 = CIRCLE('',#2941,2.);
#2941 = AXIS2_PLACEMENT_3D('',#2942,#2943,#2944);
#2942 = CARTESIAN_POINT('',(-17.73898693214,-295.3450195082,
    305.02610316082));
#2943 = DIRECTION('',(5.982545681696E-03,0.999711528099,
    2.326090568416E-02));
#2944 = DIRECTION('',(6.092124417781E-13,2.326132195916E-02,
    -0.999729418843));
#2945 = PCURVE('',#1869,#2946);
#2946 = DEFINITIONAL_REPRESENTATION('',(#2947),#2951);
#2947 = LINE('',#2948,#2949);
#2948 = CARTESIAN_POINT('',(3.141592653591,6.206738253314));
#2949 = VECTOR('',#2950,1.);
#2950 = DIRECTION('',(-1.,-1.123111190333E-13));
#2951 = ( GEOMETRIC_REPRESENTATION_CONTEXT(2) 
PARAMETRIC_REPRESENTATION_CONTEXT() REPRESENTATION_CONTEXT('2D SPACE',''
  ) );
#2952 = PCURVE('',#2953,#2958);
#2953 = TOROIDAL_SURFACE('',#2954,4.,2.);
#2954 = AXIS2_PLACEMENT_3D('',#2955,#2956,#2957);
#2955 = CARTESIAN_POINT('',(-17.73898693214,-295.4380647961,
    309.02502083619));
#2956 = DIRECTION('',(0.999982104413,-5.980926917682E-03,
    -1.391619206284E-04));
#2957 = DIRECTION('',(-5.181036539432E-03,-0.85414491881,-0.520009244659
    ));
#2958 = DEFINITIONAL_REPRESENTATION('',(#2959),#2963);
#2959 = LINE('',#2960,#2961);
#2960 = CARTESIAN_POINT('',(1.047197551196,6.283185307178));
#2961 = VECTOR('',#2962,1.);
#2962 = DIRECTION('',(-8.980934905805E-13,-1.));
#2963 = ( GEOMETRIC_REPRESENTATION_CONTEXT(2) 
PARAMETRIC_REPRESENTATION_CONTEXT() REPRESENTATION_CONTEXT('2D SPACE',''
  ) );
#2964 = ADVANCED_FACE('',(#2965),#1918,.T.);
#2965 = FACE_BOUND('',#2966,.T.);
#2966 = EDGE_LOOP('',(#2967,#2990,#2991,#2992,#2993));
#2967 = ORIENTED_EDGE('',*,*,#2968,.T.);
#2968 = EDGE_CURVE('',#2969,#2509,#2971,.T.);
#2969 = VERTEX_POINT('',#2970);
#2970 = CARTESIAN_POINT('',(-16.7508816795,-292.0700204953,
    306.85277823113));
#2971 = SURFACE_CURVE('',#2972,(#2976,#2983),.PCURVE_S1.);
#2972 = LINE('',#2973,#2974);
#2973 = CARTESIAN_POINT('',(-16.73292191191,-289.0688588402,
    306.92260811329));
#2974 = VECTOR('',#2975,1.);
#2975 = DIRECTION('',(5.982545681734E-03,0.999711528099,
    2.326090568411E-02));
#2976 = PCURVE('',#1918,#2977);
#2977 = DEFINITIONAL_REPRESENTATION('',(#2978),#2982);
#2978 = LINE('',#2979,#2980);
#2979 = CARTESIAN_POINT('',(3.595440101345E-02,-0.968478266885));
#2980 = VECTOR('',#2981,1.);
#2981 = DIRECTION('',(0.999982104413,-5.982545681751E-03));
#2982 = ( GEOMETRIC_REPRESENTATION_CONTEXT(2) 
PARAMETRIC_REPRESENTATION_CONTEXT() REPRESENTATION_CONTEXT('2D SPACE',''
  ) );
#2983 = PCURVE('',#2491,#2984);
#2984 = DEFINITIONAL_REPRESENTATION('',(#2985),#2989);
#2985 = LINE('',#2986,#2987);
#2986 = CARTESIAN_POINT('',(5.777824796894,-0.117745171509));
#2987 = VECTOR('',#2988,1.);
#2988 = DIRECTION('',(-2.408481930046E-14,-1.));
#2989 = ( GEOMETRIC_REPRESENTATION_CONTEXT(2) 
PARAMETRIC_REPRESENTATION_CONTEXT() REPRESENTATION_CONTEXT('2D SPACE',''
  ) );
#2990 = ORIENTED_EDGE('',*,*,#2508,.T.);
#2991 = ORIENTED_EDGE('',*,*,#1903,.T.);
#2992 = ORIENTED_EDGE('',*,*,#2915,.T.);
#2993 = ORIENTED_EDGE('',*,*,#2994,.T.);
#2994 = EDGE_CURVE('',#2736,#2969,#2995,.T.);
#2995 = SURFACE_CURVE('',#2996,(#3000,#3007),.PCURVE_S1.);
#2996 = LINE('',#2997,#2998);
#2997 = CARTESIAN_POINT('',(-17.71911018873,-292.0642294878,
    306.85291297408));
#2998 = VECTOR('',#2999,1.);
#2999 = DIRECTION('',(0.999982104413,-5.980926917683E-03,
    -1.391619206297E-04));
#3000 = PCURVE('',#1918,#3001);
#3001 = DEFINITIONAL_REPRESENTATION('',(#3002),#3006);
#3002 = LINE('',#3003,#3004);
#3003 = CARTESIAN_POINT('',(-2.960226956784,1.771000992805E-02));
#3004 = VECTOR('',#3005,1.);
#3005 = DIRECTION('',(-5.982545681817E-03,-0.999982104413));
#3006 = ( GEOMETRIC_REPRESENTATION_CONTEXT(2) 
PARAMETRIC_REPRESENTATION_CONTEXT() REPRESENTATION_CONTEXT('2D SPACE',''
  ) );
#3007 = PCURVE('',#2837,#3008);
#3008 = DEFINITIONAL_REPRESENTATION('',(#3009),#3013);
#3009 = LINE('',#3010,#3011);
#3010 = CARTESIAN_POINT('',(2.094395102395,1.175837743908));
#3011 = VECTOR('',#3012,1.);
#3012 = DIRECTION('',(0.,-1.));
#3013 = ( GEOMETRIC_REPRESENTATION_CONTEXT(2) 
PARAMETRIC_REPRESENTATION_CONTEXT() REPRESENTATION_CONTEXT('2D SPACE',''
  ) );
#3014 = ADVANCED_FACE('',(#3015),#2410,.T.);
#3015 = FACE_BOUND('',#3016,.T.);
#3016 = EDGE_LOOP('',(#3017,#3199,#3245,#3274,#3296));
#3017 = ORIENTED_EDGE('',*,*,#3018,.T.);
#3018 = EDGE_CURVE('',#2392,#3019,#3021,.T.);
#3019 = VERTEX_POINT('',#3020);
#3020 = CARTESIAN_POINT('',(-17.75636464615,-298.2198407862,
    303.7088741973));
#3021 = SURFACE_CURVE('',#3022,(#3048,#3121),.PCURVE_S1.);
#3022 = B_SPLINE_CURVE_WITH_KNOTS('',3,(#3023,#3024,#3025,#3026,#3027,
    #3028,#3029,#3030,#3031,#3032,#3033,#3034,#3035,#3036,#3037,#3038,
    #3039,#3040,#3041,#3042,#3043,#3044,#3045,#3046,#3047),
  .UNSPECIFIED.,.F.,.F.,(4,2,2,2,1,2,2,2,2,1,1,2,2,4),(0.,0.125082096418
    ,0.187623144627,0.218893668732,0.234528930784,0.24234656181,
    0.250164192836,0.312705241045,0.34397576515,0.359611027202,
    0.367428658228,0.371337473741,0.375246289254,0.500328385672),
  .UNSPECIFIED.);
#3023 = CARTESIAN_POINT('',(-16.17776537201,-295.3252805749,
    303.77622412079));
#3024 = CARTESIAN_POINT('',(-16.17969700615,-295.6480657267,
    303.76871367926));
#3025 = CARTESIAN_POINT('',(-16.20215784564,-295.9518662445,
    303.75940954306));
#3026 = CARTESIAN_POINT('',(-16.27266190449,-296.3915672659,
    303.74955438241));
#3027 = CARTESIAN_POINT('',(-16.30242536698,-296.5354183556,
    303.74677614879));
#3028 = CARTESIAN_POINT('',(-16.35815572509,-296.7477997344,
    303.74270761455));
#3029 = CARTESIAN_POINT('',(-16.37858544393,-296.8180191886,
    303.74135781416));
#3030 = CARTESIAN_POINT('',(-16.4122575294,-296.9224826023,
    303.73917078972));
#3031 = CARTESIAN_POINT('',(-16.42985073105,-296.9744968346,
    303.73803577992));
#3032 = CARTESIAN_POINT('',(-16.44862800103,-297.0261741316,
    303.73679809322));
#3033 = CARTESIAN_POINT('',(-16.46141473953,-297.0605488642,
    303.73594509995));
#3034 = CARTESIAN_POINT('',(-16.46708943252,-297.0755125055,
    303.73556255011));
#3035 = CARTESIAN_POINT('',(-16.53526396369,-297.2504913462,
    303.73089426511));
#3036 = CARTESIAN_POINT('',(-16.60438811618,-297.3927120584,
    303.72671360405));
#3037 = CARTESIAN_POINT('',(-16.72250557202,-297.5840090959,
    303.72201442953));
#3038 = CARTESIAN_POINT('',(-16.76427844119,-297.6440908117,
    303.72069400903));
#3039 = CARTESIAN_POINT('',(-16.83067738578,-297.7283255633,
    303.7191341282));
#3040 = CARTESIAN_POINT('',(-16.86481088658,-297.7689699021,
    303.71845775231));
#3041 = CARTESIAN_POINT('',(-16.90628751547,-297.8137203896,
    303.71784355201));
#3042 = CARTESIAN_POINT('',(-16.92441899498,-297.8323171697,
    303.71761595513));
#3043 = CARTESIAN_POINT('',(-16.93658582919,-297.8445845295,
    303.71747190322));
#3044 = CARTESIAN_POINT('',(-16.94149953284,-297.8494761866,
    303.71741764291));
#3045 = CARTESIAN_POINT('',(-17.1940808005,-298.0954678321,
    303.71472821691));
#3046 = CARTESIAN_POINT('',(-17.46952224243,-298.2216695878,
    303.70876949589));
#3047 = CARTESIAN_POINT('',(-17.75636464615,-298.2198407862,
    303.7088741973));
#3048 = PCURVE('',#2410,#3049);
#3049 = DEFINITIONAL_REPRESENTATION('',(#3050),#3120);
#3050 = B_SPLINE_CURVE_WITH_KNOTS('',3,(#3051,#3052,#3053,#3054,#3055,
    #3056,#3057,#3058,#3059,#3060,#3061,#3062,#3063,#3064,#3065,#3066,
    #3067,#3068,#3069,#3070,#3071,#3072,#3073,#3074,#3075,#3076,#3077,
    #3078,#3079,#3080,#3081,#3082,#3083,#3084,#3085,#3086,#3087,#3088,
    #3089,#3090,#3091,#3092,#3093,#3094,#3095,#3096,#3097,#3098,#3099,
    #3100,#3101,#3102,#3103,#3104,#3105,#3106,#3107,#3108,#3109,#3110,
    #3111,#3112,#3113,#3114,#3115,#3116,#3117,#3118,#3119),
  .UNSPECIFIED.,.F.,.F.,(4,1,1,1,1,1,1,1,1,1,1,1,1,1,1,1,1,1,1,1,1,1,1,1
    ,1,1,1,1,1,1,1,1,1,1,1,1,1,1,1,1,1,1,1,1,1,1,1,1,1,1,1,1,1,1,1,1,1,1
    ,1,1,1,1,1,1,1,1,4),(0.,7.580733116242E-03,1.516146623248E-02,
    2.274219934873E-02,3.032293246497E-02,3.790366558121E-02,
    4.548439869745E-02,5.30651318137E-02,6.064586492994E-02,
    6.822659804618E-02,7.580733116242E-02,8.338806427867E-02,
    9.096879739491E-02,9.854953051115E-02,0.106130263627,0.113710996744,
    0.12129172986,0.128872462976,0.136453196092,0.144033929209,
    0.151614662325,0.159195395441,0.166776128557,0.174356861674,
    0.18193759479,0.189518327906,0.197099061022,0.204679794139,
    0.212260527255,0.219841260371,0.227421993487,0.235002726604,
    0.24258345972,0.250164192836,0.257744925952,0.265325659068,
    0.272906392185,0.280487125301,0.288067858417,0.295648591533,
    0.30322932465,0.310810057766,0.318390790882,0.325971523998,
    0.333552257115,0.341132990231,0.348713723347,0.356294456463,
    0.36387518958,0.371455922696,0.379036655812,0.386617388928,
    0.394198122045,0.401778855161,0.409359588277,0.416940321393,
    0.42452105451,0.432101787626,0.439682520742,0.447263253858,
    0.454843986975,0.462424720091,0.470005453207,0.477586186323,
    0.48516691944,0.492747652556,0.500328385672),.UNSPECIFIED.);
#3051 = CARTESIAN_POINT('',(2.617993877993,0.895664793857));
#3052 = CARTESIAN_POINT('',(2.621721193488,0.895664782277));
#3053 = CARTESIAN_POINT('',(2.629149479547,0.895538417639));
#3054 = CARTESIAN_POINT('',(2.640212579724,0.894970945476));
#3055 = CARTESIAN_POINT('',(2.651196035134,0.894026704869));
#3056 = CARTESIAN_POINT('',(2.662099605998,0.892706651186));
#3057 = CARTESIAN_POINT('',(2.672923098897,0.891011593862));
#3058 = CARTESIAN_POINT('',(2.683666371228,0.888942170751));
#3059 = CARTESIAN_POINT('',(2.694329326526,0.886498847251));
#3060 = CARTESIAN_POINT('',(2.704911912271,0.883681911811));
#3061 = CARTESIAN_POINT('',(2.715414117064,0.880491475342));
#3062 = CARTESIAN_POINT('',(2.725835968018,0.87692747261));
#3063 = CARTESIAN_POINT('',(2.7361775282,0.872989665696));
#3064 = CARTESIAN_POINT('',(2.746438893904,0.86867765105));
#3065 = CARTESIAN_POINT('',(2.756620192918,0.863990863962));
#3066 = CARTESIAN_POINT('',(2.766721579315,0.858928603721));
#3067 = CARTESIAN_POINT('',(2.776743241545,0.853489992687));
#3068 = CARTESIAN_POINT('',(2.786685361206,0.847674193279));
#3069 = CARTESIAN_POINT('',(2.796548256251,0.841479673908));
#3070 = CARTESIAN_POINT('',(2.80633159317,0.834909016083));
#3071 = CARTESIAN_POINT('',(2.816035021871,0.827962813908));
#3072 = CARTESIAN_POINT('',(2.825658350235,0.820641537397));
#3073 = CARTESIAN_POINT('',(2.835201472986,0.812945421192));
#3074 = CARTESIAN_POINT('',(2.844664383438,0.804874497529));
#3075 = CARTESIAN_POINT('',(2.854047176388,0.796428561047));
#3076 = CARTESIAN_POINT('',(2.863350003171,0.787607276194));
#3077 = CARTESIAN_POINT('',(2.872573226613,0.778409796884));
#3078 = CARTESIAN_POINT('',(2.881716748973,0.76883638265));
#3079 = CARTESIAN_POINT('',(2.890780081231,0.758887984631));
#3080 = CARTESIAN_POINT('',(2.899763999361,0.748563439881));
#3081 = CARTESIAN_POINT('',(2.908665671463,0.737866964416));
#3082 = CARTESIAN_POINT('',(2.91749613655,0.726781745319));
#3083 = CARTESIAN_POINT('',(2.926214285417,0.715370308185));
#3084 = CARTESIAN_POINT('',(2.934973164823,0.703400186614));
#3085 = CARTESIAN_POINT('',(2.943195804775,0.691746990883));
#3086 = CARTESIAN_POINT('',(2.953206672115,0.676895129174));
#3087 = CARTESIAN_POINT('',(2.962407049494,0.662483840769));
#3088 = CARTESIAN_POINT('',(2.971492980534,0.6475403657));
#3089 = CARTESIAN_POINT('',(2.980277803625,0.632326879961));
#3090 = CARTESIAN_POINT('',(2.988811484065,0.616773814593));
#3091 = CARTESIAN_POINT('',(2.997080673264,0.600899655748));
#3092 = CARTESIAN_POINT('',(3.005089063691,0.584698463754));
#3093 = CARTESIAN_POINT('',(3.012835836227,0.56817006324));
#3094 = CARTESIAN_POINT('',(3.020321444679,0.551311859539));
#3095 = CARTESIAN_POINT('',(3.027545403168,0.534127545037));
#3096 = CARTESIAN_POINT('',(3.034508180452,0.516615770863));
#3097 = CARTESIAN_POINT('',(3.041208127555,0.498782443286));
#3098 = CARTESIAN_POINT('',(3.047651446662,0.480604386499));
#3099 = CARTESIAN_POINT('',(3.053815180083,0.462164421172));
#3100 = CARTESIAN_POINT('',(3.059784851672,0.443156527665));
#3101 = CARTESIAN_POINT('',(3.065241313111,0.424722062816));
#3102 = CARTESIAN_POINT('',(3.071372723985,0.402611859937));
#3103 = CARTESIAN_POINT('',(3.077807763348,0.377750959718));
#3104 = CARTESIAN_POINT('',(3.083638998284,0.353477189606));
#3105 = CARTESIAN_POINT('',(3.089113148638,0.328902868216));
#3106 = CARTESIAN_POINT('',(3.094167188387,0.304270794113));
#3107 = CARTESIAN_POINT('',(3.098820577104,0.279519226142));
#3108 = CARTESIAN_POINT('',(3.103070144248,0.254666517416));
#3109 = CARTESIAN_POINT('',(3.1069182384,0.229708182887));
#3110 = CARTESIAN_POINT('',(3.110365169205,0.204644618288));
#3111 = CARTESIAN_POINT('',(3.113411217867,0.179473819618));
#3112 = CARTESIAN_POINT('',(3.116056084274,0.154193489526));
#3113 = CARTESIAN_POINT('',(3.118299021884,0.128800637359));
#3114 = CARTESIAN_POINT('',(3.120138787182,0.103291861398));
#3115 = CARTESIAN_POINT('',(3.121573644873,7.766345483521E-02));
#3116 = CARTESIAN_POINT('',(3.122601337052,5.191158349285E-02));
#3117 = CARTESIAN_POINT('',(3.123219141951,2.60324047362E-02));
#3118 = CARTESIAN_POINT('',(3.123355455053,8.692404788021E-03));
#3119 = CARTESIAN_POINT('',(3.123354182317,0.));
#3120 = ( GEOMETRIC_REPRESENTATION_CONTEXT(2) 
PARAMETRIC_REPRESENTATION_CONTEXT() REPRESENTATION_CONTEXT('2D SPACE',''
  ) );
#3121 = PCURVE('',#3122,#3127);
#3122 = TOROIDAL_SURFACE('',#3123,4.,2.);
#3123 = AXIS2_PLACEMENT_3D('',#3124,#3125,#3126);
#3124 = CARTESIAN_POINT('',(-17.73898693214,-295.4380647961,
    309.02502083619));
#3125 = DIRECTION('',(0.999982104413,-5.980926917682E-03,
    -1.391619206284E-04));
#3126 = DIRECTION('',(-5.181036539432E-03,-0.85414491881,-0.520009244659
    ));
#3127 = DEFINITIONAL_REPRESENTATION('',(#3128),#3198);
#3128 = B_SPLINE_CURVE_WITH_KNOTS('',3,(#3129,#3130,#3131,#3132,#3133,
    #3134,#3135,#3136,#3137,#3138,#3139,#3140,#3141,#3142,#3143,#3144,
    #3145,#3146,#3147,#3148,#3149,#3150,#3151,#3152,#3153,#3154,#3155,
    #3156,#3157,#3158,#3159,#3160,#3161,#3162,#3163,#3164,#3165,#3166,
    #3167,#3168,#3169,#3170,#3171,#3172,#3173,#3174,#3175,#3176,#3177,
    #3178,#3179,#3180,#3181,#3182,#3183,#3184,#3185,#3186,#3187,#3188,
    #3189,#3190,#3191,#3192,#3193,#3194,#3195,#3196,#3197),
  .UNSPECIFIED.,.F.,.F.,(4,1,1,1,1,1,1,1,1,1,1,1,1,1,1,1,1,1,1,1,1,1,1,1
    ,1,1,1,1,1,1,1,1,1,1,1,1,1,1,1,1,1,1,1,1,1,1,1,1,1,1,1,1,1,1,1,1,1,1
    ,1,1,1,1,1,1,1,1,4),(0.,7.580733116242E-03,1.516146623248E-02,
    2.274219934873E-02,3.032293246497E-02,3.790366558121E-02,
    4.548439869745E-02,5.30651318137E-02,6.064586492994E-02,
    6.822659804618E-02,7.580733116242E-02,8.338806427867E-02,
    9.096879739491E-02,9.854953051115E-02,0.106130263627,0.113710996744,
    0.12129172986,0.128872462976,0.136453196092,0.144033929209,
    0.151614662325,0.159195395441,0.166776128557,0.174356861674,
    0.18193759479,0.189518327906,0.197099061022,0.204679794139,
    0.212260527255,0.219841260371,0.227421993487,0.235002726604,
    0.24258345972,0.250164192836,0.257744925952,0.265325659068,
    0.272906392185,0.280487125301,0.288067858417,0.295648591533,
    0.30322932465,0.310810057766,0.318390790882,0.325971523998,
    0.333552257115,0.341132990231,0.348713723347,0.356294456463,
    0.36387518958,0.371455922696,0.379036655812,0.386617388928,
    0.394198122045,0.401778855161,0.409359588277,0.416940321393,
    0.42452105451,0.432101787626,0.439682520742,0.447263253858,
    0.454843986975,0.462424720091,0.470005453207,0.477586186323,
    0.48516691944,0.492747652556,0.500328385672),.QUASI_UNIFORM_KNOTS.);
#3129 = CARTESIAN_POINT('',(1.047197551195,0.89566479386));
#3130 = CARTESIAN_POINT('',(1.043470226106,0.895664788669));
#3131 = CARTESIAN_POINT('',(1.03604195732,0.895525596014));
#3132 = CARTESIAN_POINT('',(1.024979437349,0.894905416358));
#3133 = CARTESIAN_POINT('',(1.013997606226,0.893880035547));
#3134 = CARTESIAN_POINT('',(1.003097036451,0.892455526282));
#3135 = CARTESIAN_POINT('',(0.992278153183,0.89063783982));
#3136 = CARTESIAN_POINT('',(0.981541217126,0.8884327671));
#3137 = CARTESIAN_POINT('',(0.970886335325,0.885845913581));
#3138 = CARTESIAN_POINT('',(0.960313464789,0.882882674639));
#3139 = CARTESIAN_POINT('',(0.949822418264,0.879548214927));
#3140 = CARTESIAN_POINT('',(0.939412869685,0.875847450159));
#3141 = CARTESIAN_POINT('',(0.929084359665,0.871785032962));
#3142 = CARTESIAN_POINT('',(0.918836301872,0.867365336695));
#3143 = CARTESIAN_POINT('',(0.908667986347,0.862592459055));
#3144 = CARTESIAN_POINT('',(0.898578594512,0.857470163402));
#3145 = CARTESIAN_POINT('',(0.888567170634,0.852002063459));
#3146 = CARTESIAN_POINT('',(0.878632755841,0.846190910087));
#3147 = CARTESIAN_POINT('',(0.868773915345,0.840041239123));
#3148 = CARTESIAN_POINT('',(0.858991645644,0.833541850967));
#3149 = CARTESIAN_POINT('',(0.849286230712,0.826689883383));
#3150 = CARTESIAN_POINT('',(0.839657911693,0.819481693894));
#3151 = CARTESIAN_POINT('',(0.830106903464,0.811913657767));
#3152 = CARTESIAN_POINT('',(0.820633397398,0.803981952291));
#3153 = CARTESIAN_POINT('',(0.811237540258,0.795682685927));
#3154 = CARTESIAN_POINT('',(0.801919522272,0.787011676406));
#3155 = CARTESIAN_POINT('',(0.792679252247,0.777965303832));
#3156 = CARTESIAN_POINT('',(0.783517720976,0.768537087588));
#3157 = CARTESIAN_POINT('',(0.774436569992,0.75872064051));
#3158 = CARTESIAN_POINT('',(0.76543616504,0.748508729461));
#3159 = CARTESIAN_POINT('',(0.756520587827,0.737899838356));
#3160 = CARTESIAN_POINT('',(0.747680273883,0.726871092459));
#3161 = CARTESIAN_POINT('',(0.738958138995,0.715478143216));
#3162 = CARTESIAN_POINT('',(0.730203007674,0.703482746313));
#3163 = CARTESIAN_POINT('',(0.721993996463,0.69175391335));
#3164 = CARTESIAN_POINT('',(0.712009412925,0.676769770581));
#3165 = CARTESIAN_POINT('',(0.702836606323,0.662232253003));
#3166 = CARTESIAN_POINT('',(0.693780955634,0.647161140527));
#3167 = CARTESIAN_POINT('',(0.685026957467,0.631829229973));
#3168 = CARTESIAN_POINT('',(0.67652329946,0.616171970926));
#3169 = CARTESIAN_POINT('',(0.668281636326,0.600213577638));
#3170 = CARTESIAN_POINT('',(0.660296563498,0.583952809086));
#3171 = CARTESIAN_POINT('',(0.652567091138,0.567393634401));
#3172 = CARTESIAN_POINT('',(0.645090912391,0.55053672081));
#3173 = CARTESIAN_POINT('',(0.637868377921,0.533382378831));
#3174 = CARTESIAN_POINT('',(0.630898222547,0.515928210322));
#3175 = CARTESIAN_POINT('',(0.624181511704,0.498178138363));
#3176 = CARTESIAN_POINT('',(0.617711237632,0.480107412458));
#3177 = CARTESIAN_POINT('',(0.611510752651,0.46179382929));
#3178 = CARTESIAN_POINT('',(0.605493453307,0.442930087025));
#3179 = CARTESIAN_POINT('',(0.599983151869,0.424642532767));
#3180 = CARTESIAN_POINT('',(0.593776420587,0.402715156023));
#3181 = CARTESIAN_POINT('',(0.587277896885,0.377984704801));
#3182 = CARTESIAN_POINT('',(0.581400938313,0.353785879331));
#3183 = CARTESIAN_POINT('',(0.575895624135,0.32924551771));
#3184 = CARTESIAN_POINT('',(0.570824046339,0.304615037826));
#3185 = CARTESIAN_POINT('',(0.566165049386,0.279841682798));
#3186 = CARTESIAN_POINT('',(0.561920179216,0.254951441095));
#3187 = CARTESIAN_POINT('',(0.558085330614,0.229946545841));
#3188 = CARTESIAN_POINT('',(0.554658377974,0.204833056628));
#3189 = CARTESIAN_POINT('',(0.55163716205,0.179613598908));
#3190 = CARTESIAN_POINT('',(0.549020059031,0.154289451037));
#3191 = CARTESIAN_POINT('',(0.546805855688,0.128860138054));
#3192 = CARTESIAN_POINT('',(0.544993810793,0.103323701366));
#3193 = CARTESIAN_POINT('',(0.543583659703,7.767680539098E-02));
#3194 = CARTESIAN_POINT('',(0.542575655672,5.19148658388E-02));
#3195 = CARTESIAN_POINT('',(0.541970517953,2.603229931125E-02));
#3196 = CARTESIAN_POINT('',(0.541836648638,8.692307490458E-03));
#3197 = CARTESIAN_POINT('',(0.541837311882,0.));
#3198 = ( GEOMETRIC_REPRESENTATION_CONTEXT(2) 
PARAMETRIC_REPRESENTATION_CONTEXT() REPRESENTATION_CONTEXT('2D SPACE',''
  ) );
#3199 = ORIENTED_EDGE('',*,*,#3200,.T.);
#3200 = EDGE_CURVE('',#3019,#3201,#3203,.T.);
#3201 = VERTEX_POINT('',#3202);
#3202 = CARTESIAN_POINT('',(-17.77474561387,-301.1571007122,
    297.86603463257));
#3203 = SURFACE_CURVE('',#3204,(#3209,#3216),.PCURVE_S1.);
#3204 = CIRCLE('',#3205,6.);
#3205 = AXIS2_PLACEMENT_3D('',#3206,#3207,#3208);
#3206 = CARTESIAN_POINT('',(-17.73898693213,-295.1938209155,
    298.52786193834));
#3207 = DIRECTION('',(0.999982104413,-5.980926917682E-03,
    -1.391619206309E-04));
#3208 = DIRECTION('',(5.980926975595E-03,0.999982114096,
    -4.03325325747E-18));
#3209 = PCURVE('',#2410,#3210);
#3210 = DEFINITIONAL_REPRESENTATION('',(#3211),#3215);
#3211 = LINE('',#3212,#3213);
#3212 = CARTESIAN_POINT('',(1.023934547147,0.));
#3213 = VECTOR('',#3214,1.);
#3214 = DIRECTION('',(1.,0.));
#3215 = ( GEOMETRIC_REPRESENTATION_CONTEXT(2) 
PARAMETRIC_REPRESENTATION_CONTEXT() REPRESENTATION_CONTEXT('2D SPACE',''
  ) );
#3216 = PCURVE('',#2439,#3217);
#3217 = DEFINITIONAL_REPRESENTATION('',(#3218),#3244);
#3218 = B_SPLINE_CURVE_WITH_KNOTS('',3,(#3219,#3220,#3221,#3222,#3223,
    #3224,#3225,#3226,#3227,#3228,#3229,#3230,#3231,#3232,#3233,#3234,
    #3235,#3236,#3237,#3238,#3239,#3240,#3241,#3242,#3243),
  .UNSPECIFIED.,.F.,.F.,(4,1,1,1,1,1,1,1,1,1,1,1,1,1,1,1,1,1,1,1,1,1,4),
  (2.099419635169,2.151815202672,2.204210770175,2.256606337679,
    2.309001905182,2.361397472685,2.413793040188,2.466188607691,
    2.518584175194,2.570979742698,2.623375310201,2.675770877704,
    2.728166445207,2.78056201271,2.832957580213,2.885353147717,
    2.93774871522,2.990144282723,3.042539850226,3.094935417729,
    3.147330985232,3.199726552736,3.252122120239),.UNSPECIFIED.);
#3219 = CARTESIAN_POINT('',(3.123354182317,6.28318530718));
#3220 = CARTESIAN_POINT('',(3.140819371484,6.28318530718));
#3221 = CARTESIAN_POINT('',(3.17574974982,6.28318530718));
#3222 = CARTESIAN_POINT('',(3.228145317323,6.28318530718));
#3223 = CARTESIAN_POINT('',(3.280540884826,6.28318530718));
#3224 = CARTESIAN_POINT('',(3.332936452329,6.28318530718));
#3225 = CARTESIAN_POINT('',(3.385332019832,6.28318530718));
#3226 = CARTESIAN_POINT('',(3.437727587336,6.28318530718));
#3227 = CARTESIAN_POINT('',(3.490123154839,6.28318530718));
#3228 = CARTESIAN_POINT('',(3.542518722342,6.28318530718));
#3229 = CARTESIAN_POINT('',(3.594914289845,6.28318530718));
#3230 = CARTESIAN_POINT('',(3.647309857348,6.28318530718));
#3231 = CARTESIAN_POINT('',(3.699705424851,6.28318530718));
#3232 = CARTESIAN_POINT('',(3.752100992355,6.28318530718));
#3233 = CARTESIAN_POINT('',(3.804496559858,6.28318530718));
#3234 = CARTESIAN_POINT('',(3.856892127361,6.28318530718));
#3235 = CARTESIAN_POINT('',(3.909287694864,6.28318530718));
#3236 = CARTESIAN_POINT('',(3.961683262367,6.28318530718));
#3237 = CARTESIAN_POINT('',(4.01407882987,6.28318530718));
#3238 = CARTESIAN_POINT('',(4.066474397374,6.28318530718));
#3239 = CARTESIAN_POINT('',(4.118869964877,6.28318530718));
#3240 = CARTESIAN_POINT('',(4.17126553238,6.28318530718));
#3241 = CARTESIAN_POINT('',(4.223661099883,6.28318530718));
#3242 = CARTESIAN_POINT('',(4.258591478218,6.28318530718));
#3243 = CARTESIAN_POINT('',(4.276056667386,6.28318530718));
#3244 = ( GEOMETRIC_REPRESENTATION_CONTEXT(2) 
PARAMETRIC_REPRESENTATION_CONTEXT() REPRESENTATION_CONTEXT('2D SPACE',''
  ) );
#3245 = ORIENTED_EDGE('',*,*,#3246,.T.);
#3246 = EDGE_CURVE('',#3201,#3247,#3249,.T.);
#3247 = VERTEX_POINT('',#3248);
#3248 = CARTESIAN_POINT('',(-17.75090649271,-297.1815808477,
    298.30725283641));
#3249 = SURFACE_CURVE('',#3250,(#3255,#3262),.PCURVE_S1.);
#3250 = CIRCLE('',#3251,2.);
#3251 = AXIS2_PLACEMENT_3D('',#3252,#3253,#3254);
#3252 = CARTESIAN_POINT('',(-17.76282605329,-299.16934078,
    298.08664373449));
#3253 = DIRECTION('',(-5.214132130241E-04,-0.110303406371,0.993897825066
    ));
#3254 = DIRECTION('',(5.959780289136E-03,0.993879966121,0.110304550961)
  );
#3255 = PCURVE('',#2410,#3256);
#3256 = DEFINITIONAL_REPRESENTATION('',(#3257),#3261);
#3257 = LINE('',#3258,#3259);
#3258 = CARTESIAN_POINT('',(4.276056667385,-3.14159265359));
#3259 = VECTOR('',#3260,1.);
#3260 = DIRECTION('',(4.710048088283E-13,1.));
#3261 = ( GEOMETRIC_REPRESENTATION_CONTEXT(2) 
PARAMETRIC_REPRESENTATION_CONTEXT() REPRESENTATION_CONTEXT('2D SPACE',''
  ) );
#3262 = PCURVE('',#3263,#3268);
#3263 = CYLINDRICAL_SURFACE('',#3264,2.);
#3264 = AXIS2_PLACEMENT_3D('',#3265,#3266,#3267);
#3265 = CARTESIAN_POINT('',(-17.7632998789,-299.2695771707,
    298.98983189503));
#3266 = DIRECTION('',(5.214132130243E-04,0.110303406371,-0.993897825066)
  );
#3267 = DIRECTION('',(-5.959780289136E-03,-0.993879966121,
    -0.110304550961));
#3268 = DEFINITIONAL_REPRESENTATION('',(#3269),#3273);
#3269 = LINE('',#3270,#3271);
#3270 = CARTESIAN_POINT('',(9.424777960769,0.908733410781));
#3271 = VECTOR('',#3272,1.);
#3272 = DIRECTION('',(-1.,0.));
#3273 = ( GEOMETRIC_REPRESENTATION_CONTEXT(2) 
PARAMETRIC_REPRESENTATION_CONTEXT() REPRESENTATION_CONTEXT('2D SPACE',''
  ) );
#3274 = ORIENTED_EDGE('',*,*,#3275,.F.);
#3275 = EDGE_CURVE('',#2394,#3247,#3276,.T.);
#3276 = SURFACE_CURVE('',#3277,(#3282,#3289),.PCURVE_S1.);
#3277 = CIRCLE('',#3278,2.);
#3278 = AXIS2_PLACEMENT_3D('',#3279,#3280,#3281);
#3279 = CARTESIAN_POINT('',(-17.73898693213,-295.1938209155,
    298.52786193834));
#3280 = DIRECTION('',(0.999982104413,-5.980926917682E-03,
    -1.391619206309E-04));
#3281 = DIRECTION('',(5.980926975595E-03,0.999982114096,
    -4.296998141421E-18));
#3282 = PCURVE('',#2410,#3283);
#3283 = DEFINITIONAL_REPRESENTATION('',(#3284),#3288);
#3284 = LINE('',#3285,#3286);
#3285 = CARTESIAN_POINT('',(1.023934547147,3.14159265359));
#3286 = VECTOR('',#3287,1.);
#3287 = DIRECTION('',(1.,-5.356723674035E-16));
#3288 = ( GEOMETRIC_REPRESENTATION_CONTEXT(2) 
PARAMETRIC_REPRESENTATION_CONTEXT() REPRESENTATION_CONTEXT('2D SPACE',''
  ) );
#3289 = PCURVE('',#2439,#3290);
#3290 = DEFINITIONAL_REPRESENTATION('',(#3291),#3295);
#3291 = LINE('',#3292,#3293);
#3292 = CARTESIAN_POINT('',(1.023934547147,3.14159265359));
#3293 = VECTOR('',#3294,1.);
#3294 = DIRECTION('',(1.,-5.356723674035E-16));
#3295 = ( GEOMETRIC_REPRESENTATION_CONTEXT(2) 
PARAMETRIC_REPRESENTATION_CONTEXT() REPRESENTATION_CONTEXT('2D SPACE',''
  ) );
#3296 = ORIENTED_EDGE('',*,*,#2391,.F.);
#3297 = ADVANCED_FACE('',(#3298),#2439,.T.);
#3298 = FACE_BOUND('',#3299,.T.);
#3299 = EDGE_LOOP('',(#3300,#3301,#3477,#3478,#3479));
#3300 = ORIENTED_EDGE('',*,*,#3200,.F.);
#3301 = ORIENTED_EDGE('',*,*,#3302,.T.);
#3302 = EDGE_CURVE('',#3019,#2423,#3303,.T.);
#3303 = SURFACE_CURVE('',#3304,(#3331,#3404),.PCURVE_S1.);
#3304 = B_SPLINE_CURVE_WITH_KNOTS('',3,(#3305,#3306,#3307,#3308,#3309,
    #3310,#3311,#3312,#3313,#3314,#3315,#3316,#3317,#3318,#3319,#3320,
    #3321,#3322,#3323,#3324,#3325,#3326,#3327,#3328,#3329,#3330),
  .UNSPECIFIED.,.F.,.F.,(4,2,2,1,1,2,2,2,2,1,1,2,2,2,4),(0.500328385672,
    0.562787337463,0.594016813359,0.609631551307,0.61743892028,
    0.621342604767,0.625246289254,0.687705241045,0.718934716941,
    0.734549454888,0.742356823862,0.746260508349,0.750164192836,
    0.875082096418,1.),.UNSPECIFIED.);
#3305 = CARTESIAN_POINT('',(-17.75636464615,-298.2198407862,
    303.7088741973));
#3306 = CARTESIAN_POINT('',(-17.89959759023,-298.2189287087,
    303.70892781003));
#3307 = CARTESIAN_POINT('',(-18.04013233518,-298.1862665477,
    303.70987627444));
#3308 = CARTESIAN_POINT('',(-18.24246725821,-298.0918071336,
    303.71267455961));
#3309 = CARTESIAN_POINT('',(-18.30851230313,-298.052761435,
    303.71379460386));
#3310 = CARTESIAN_POINT('',(-18.40503109304,-297.9832753004,
    303.71540200029));
#3311 = CARTESIAN_POINT('',(-18.45265438896,-297.9458043034,
    303.71618397847));
#3312 = CARTESIAN_POINT('',(-18.50701510197,-297.8974217196,
    303.71694510831));
#3313 = CARTESIAN_POINT('',(-18.53004690622,-297.8756988641,
    303.71722463592));
#3314 = CARTESIAN_POINT('',(-18.54534148068,-297.8609989383,
    303.71739897855));
#3315 = CARTESIAN_POINT('',(-18.55417977395,-297.8523212281,
    303.71749098605));
#3316 = CARTESIAN_POINT('',(-18.65755618583,-297.7492226017,
    303.71852452721));
#3317 = CARTESIAN_POINT('',(-18.74453516045,-297.635296296,
    303.72064424443));
#3318 = CARTESIAN_POINT('',(-18.86038685403,-297.4421968714,
    303.72543804667));
#3319 = CARTESIAN_POINT('',(-18.8965796429,-297.3741180283,
    303.72728664462));
#3320 = CARTESIAN_POINT('',(-18.94742022125,-297.2667213237,
    303.73026538655));
#3321 = CARTESIAN_POINT('',(-18.97197900528,-297.2117022786,
    303.73180465215));
#3322 = CARTESIAN_POINT('',(-18.99917007577,-297.1452544047,
    303.73363430644));
#3323 = CARTESIAN_POINT('',(-19.01051564155,-297.116297575,
    303.7344189493));
#3324 = CARTESIAN_POINT('',(-19.01801155459,-297.0968870666,
    303.73494138028));
#3325 = CARTESIAN_POINT('',(-19.02212789666,-297.0860545046,
    303.73523094741));
#3326 = CARTESIAN_POINT('',(-19.12839068164,-296.802856913,
    303.74273350268));
#3327 = CARTESIAN_POINT('',(-19.19661919063,-296.5194741613,
    303.74666543091));
#3328 = CARTESIAN_POINT('',(-19.28336419989,-295.9328112898,
    303.75983919271));
#3329 = CARTESIAN_POINT('',(-19.302138257,-295.6290779033,
    303.76915548068));
#3330 = CARTESIAN_POINT('',(-19.30020849226,-295.3066051366,
    303.77665865374));
#3331 = PCURVE('',#2439,#3332);
#3332 = DEFINITIONAL_REPRESENTATION('',(#3333),#3403);
#3333 = B_SPLINE_CURVE_WITH_KNOTS('',3,(#3334,#3335,#3336,#3337,#3338,
    #3339,#3340,#3341,#3342,#3343,#3344,#3345,#3346,#3347,#3348,#3349,
    #3350,#3351,#3352,#3353,#3354,#3355,#3356,#3357,#3358,#3359,#3360,
    #3361,#3362,#3363,#3364,#3365,#3366,#3367,#3368,#3369,#3370,#3371,
    #3372,#3373,#3374,#3375,#3376,#3377,#3378,#3379,#3380,#3381,#3382,
    #3383,#3384,#3385,#3386,#3387,#3388,#3389,#3390,#3391,#3392,#3393,
    #3394,#3395,#3396,#3397,#3398,#3399,#3400,#3401,#3402),
  .UNSPECIFIED.,.F.,.F.,(4,1,1,1,1,1,1,1,1,1,1,1,1,1,1,1,1,1,1,1,1,1,1,1
    ,1,1,1,1,1,1,1,1,1,1,1,1,1,1,1,1,1,1,1,1,1,1,1,1,1,1,1,1,1,1,1,1,1,1
    ,1,1,1,1,1,1,1,1,4),(0.500328385672,0.507899167707,0.515469949743,
    0.523040731778,0.530611513813,0.538182295848,0.545753077884,
    0.553323859919,0.560894641954,0.568465423989,0.576036206025,
    0.58360698806,0.591177770095,0.598748552131,0.606319334166,
    0.613890116201,0.621460898236,0.629031680272,0.636602462307,
    0.644173244342,0.651744026377,0.659314808413,0.666885590448,
    0.674456372483,0.682027154519,0.689597936554,0.697168718589,
    0.704739500624,0.71231028266,0.719881064695,0.72745184673,
    0.735022628765,0.742593410801,0.750164192836,0.757734974871,
    0.765305756907,0.772876538942,0.780447320977,0.788018103012,
    0.795588885048,0.803159667083,0.810730449118,0.818301231153,
    0.825872013189,0.833442795224,0.841013577259,0.848584359295,
    0.85615514133,0.863725923365,0.8712967054,0.878867487436,
    0.886438269471,0.894009051506,0.901579833541,0.909150615577,
    0.916721397612,0.924292179647,0.931862961683,0.939433743718,
    0.947004525753,0.954575307788,0.962146089824,0.969716871859,
    0.977287653894,0.984858435929,0.992429217965,1.),.UNSPECIFIED.);
#3334 = CARTESIAN_POINT('',(3.123354182317,6.28318530718));
#3335 = CARTESIAN_POINT('',(3.123352827966,6.274504354873));
#3336 = CARTESIAN_POINT('',(3.123213742775,6.25717926063));
#3337 = CARTESIAN_POINT('',(3.122597283689,6.231300818462));
#3338 = CARTESIAN_POINT('',(3.121574500252,6.20553024884));
#3339 = CARTESIAN_POINT('',(3.120146168705,6.179866556708));
#3340 = CARTESIAN_POINT('',(3.118312600737,6.154309156621));
#3341 = CARTESIAN_POINT('',(3.116073582549,6.128858032451));
#3342 = CARTESIAN_POINT('',(3.113428418236,6.103513879008));
#3343 = CARTESIAN_POINT('',(3.110375885129,6.078278199426));
#3344 = CARTESIAN_POINT('',(3.106914439734,6.053153563989));
#3345 = CARTESIAN_POINT('',(3.103046432183,6.028136285446));
#3346 = CARTESIAN_POINT('',(3.098772307414,6.003227787777));
#3347 = CARTESIAN_POINT('',(3.094090475737,5.978422022742));
#3348 = CARTESIAN_POINT('',(3.089006330868,5.953742398264));
#3349 = CARTESIAN_POINT('',(3.083497620943,5.929105232382));
#3350 = CARTESIAN_POINT('',(3.077649123463,5.904819893976));
#3351 = CARTESIAN_POINT('',(3.071144058363,5.879732455328));
#3352 = CARTESIAN_POINT('',(3.065161681796,5.85813876054));
#3353 = CARTESIAN_POINT('',(3.059675908951,5.839595756031));
#3354 = CARTESIAN_POINT('',(3.053721017697,5.820645403272));
#3355 = CARTESIAN_POINT('',(3.047555722767,5.802211869778));
#3356 = CARTESIAN_POINT('',(3.04111064632,5.784046115798));
#3357 = CARTESIAN_POINT('',(3.034404335269,5.766214463927));
#3358 = CARTESIAN_POINT('',(3.027431812846,5.748699879978));
#3359 = CARTESIAN_POINT('',(3.020194449752,5.731508388046));
#3360 = CARTESIAN_POINT('',(3.012692026035,5.714642201508));
#3361 = CARTESIAN_POINT('',(3.004924683025,5.698100044001));
#3362 = CARTESIAN_POINT('',(2.996892023073,5.681879477803));
#3363 = CARTESIAN_POINT('',(2.988594973545,5.665981846253));
#3364 = CARTESIAN_POINT('',(2.980030093332,5.650402897697));
#3365 = CARTESIAN_POINT('',(2.971210451226,5.635161108046));
#3366 = CARTESIAN_POINT('',(2.962087338039,5.620188088407));
#3367 = CARTESIAN_POINT('',(2.952842339353,5.605736951153));
#3368 = CARTESIAN_POINT('',(2.942797903351,5.590864420972));
#3369 = CARTESIAN_POINT('',(2.934641423865,5.579319941686));
#3370 = CARTESIAN_POINT('',(2.925879921983,5.567363736773));
#3371 = CARTESIAN_POINT('',(2.917180505334,5.55599571979));
#3372 = CARTESIAN_POINT('',(2.908363644929,5.544946081806));
#3373 = CARTESIAN_POINT('',(2.899476778685,5.534285527295));
#3374 = CARTESIAN_POINT('',(2.890506645565,5.523993827563));
#3375 = CARTESIAN_POINT('',(2.881456370778,5.514075437706));
#3376 = CARTESIAN_POINT('',(2.872324816242,5.504528524864));
#3377 = CARTESIAN_POINT('',(2.863112118993,5.495353271515));
#3378 = CARTESIAN_POINT('',(2.853818212456,5.486549651757));
#3379 = CARTESIAN_POINT('',(2.844443228136,5.478118025604));
#3380 = CARTESIAN_POINT('',(2.834987392454,5.4700589738));
#3381 = CARTESIAN_POINT('',(2.825451062136,5.462373338538));
#3382 = CARTESIAN_POINT('',(2.815834709656,5.455062186394));
#3383 = CARTESIAN_POINT('',(2.806138969164,5.448126863094));
#3384 = CARTESIAN_POINT('',(2.796364489545,5.441568745622));
#3385 = CARTESIAN_POINT('',(2.786512497408,5.435390100107));
#3386 = CARTESIAN_POINT('',(2.776581132674,5.429588901476));
#3387 = CARTESIAN_POINT('',(2.766570263536,5.424164020746));
#3388 = CARTESIAN_POINT('',(2.756479660363,5.419114517449));
#3389 = CARTESIAN_POINT('',(2.746309149206,5.414439545994));
#3390 = CARTESIAN_POINT('',(2.736058573505,5.410138400927));
#3391 = CARTESIAN_POINT('',(2.725727807289,5.406210521914));
#3392 = CARTESIAN_POINT('',(2.715316754655,5.402655506516));
#3393 = CARTESIAN_POINT('',(2.704825353016,5.399473117917));
#3394 = CARTESIAN_POINT('',(2.694253575411,5.396663291069));
#3395 = CARTESIAN_POINT('',(2.683601433147,5.394226136376));
#3396 = CARTESIAN_POINT('',(2.672868978371,5.392161941034));
#3397 = CARTESIAN_POINT('',(2.662056306882,5.390471168482));
#3398 = CARTESIAN_POINT('',(2.65116356031,5.389154453942));
#3399 = CARTESIAN_POINT('',(2.640190930777,5.388212603601));
#3400 = CARTESIAN_POINT('',(2.629138656459,5.387646569068));
#3401 = CARTESIAN_POINT('',(2.62171758624,5.38752052487));
#3402 = CARTESIAN_POINT('',(2.617993877992,5.387520513319));
#3403 = ( GEOMETRIC_REPRESENTATION_CONTEXT(2) 
PARAMETRIC_REPRESENTATION_CONTEXT() REPRESENTATION_CONTEXT('2D SPACE',''
  ) );
#3404 = PCURVE('',#2953,#3405);
#3405 = DEFINITIONAL_REPRESENTATION('',(#3406),#3476);
#3406 = B_SPLINE_CURVE_WITH_KNOTS('',3,(#3407,#3408,#3409,#3410,#3411,
    #3412,#3413,#3414,#3415,#3416,#3417,#3418,#3419,#3420,#3421,#3422,
    #3423,#3424,#3425,#3426,#3427,#3428,#3429,#3430,#3431,#3432,#3433,
    #3434,#3435,#3436,#3437,#3438,#3439,#3440,#3441,#3442,#3443,#3444,
    #3445,#3446,#3447,#3448,#3449,#3450,#3451,#3452,#3453,#3454,#3455,
    #3456,#3457,#3458,#3459,#3460,#3461,#3462,#3463,#3464,#3465,#3466,
    #3467,#3468,#3469,#3470,#3471,#3472,#3473,#3474,#3475),
  .UNSPECIFIED.,.F.,.F.,(4,1,1,1,1,1,1,1,1,1,1,1,1,1,1,1,1,1,1,1,1,1,1,1
    ,1,1,1,1,1,1,1,1,1,1,1,1,1,1,1,1,1,1,1,1,1,1,1,1,1,1,1,1,1,1,1,1,1,1
    ,1,1,1,1,1,1,1,1,4),(0.500328385672,0.507899167707,0.515469949743,
    0.523040731778,0.530611513813,0.538182295848,0.545753077884,
    0.553323859919,0.560894641954,0.568465423989,0.576036206025,
    0.58360698806,0.591177770095,0.598748552131,0.606319334166,
    0.613890116201,0.621460898236,0.629031680272,0.636602462307,
    0.644173244342,0.651744026377,0.659314808413,0.666885590448,
    0.674456372483,0.682027154519,0.689597936554,0.697168718589,
    0.704739500624,0.71231028266,0.719881064695,0.72745184673,
    0.735022628765,0.742593410801,0.750164192836,0.757734974871,
    0.765305756907,0.772876538942,0.780447320977,0.788018103012,
    0.795588885048,0.803159667083,0.810730449118,0.818301231153,
    0.825872013189,0.833442795224,0.841013577259,0.848584359295,
    0.85615514133,0.863725923365,0.8712967054,0.878867487436,
    0.886438269471,0.894009051506,0.901579833541,0.909150615577,
    0.916721397612,0.924292179647,0.931862961683,0.939433743718,
    0.947004525753,0.954575307788,0.962146089824,0.969716871859,
    0.977287653894,0.984858435929,0.992429217965,1.),.UNSPECIFIED.);
#3407 = CARTESIAN_POINT('',(0.541837311882,6.283185307705));
#3408 = CARTESIAN_POINT('',(0.541838033441,6.274504354299));
#3409 = CARTESIAN_POINT('',(0.541975110678,6.257179093882));
#3410 = CARTESIAN_POINT('',(0.542586249244,6.231298899253));
#3411 = CARTESIAN_POINT('',(0.543601319097,6.20552408042));
#3412 = CARTESIAN_POINT('',(0.545019470026,6.17985258673));
#3413 = CARTESIAN_POINT('',(0.54684032482,6.154282735491));
#3414 = CARTESIAN_POINT('',(0.549064039066,6.12881336846));
#3415 = CARTESIAN_POINT('',(0.551691269159,6.103443988585));
#3416 = CARTESIAN_POINT('',(0.554723177989,6.078174884255));
#3417 = CARTESIAN_POINT('',(0.558161379687,6.053007291769));
#3418 = CARTESIAN_POINT('',(0.562008417461,6.02794313005));
#3419 = CARTESIAN_POINT('',(0.566266544489,6.00298898323));
#3420 = CARTESIAN_POINT('',(0.570940498983,5.978146272032));
#3421 = CARTESIAN_POINT('',(0.576027535592,5.953446859447));
#3422 = CARTESIAN_POINT('',(0.581554415767,5.928821115604));
#3423 = CARTESIAN_POINT('',(0.587439439153,5.904592338985));
#3424 = CARTESIAN_POINT('',(0.594006637939,5.879632432292));
#3425 = CARTESIAN_POINT('',(0.60006962522,5.858235330204));
#3426 = CARTESIAN_POINT('',(0.605611096901,5.839845310373));
#3427 = CARTESIAN_POINT('',(0.611614593937,5.821043148314));
#3428 = CARTESIAN_POINT('',(0.617816917415,5.802738274561));
#3429 = CARTESIAN_POINT('',(0.624288971912,5.784681415047));
#3430 = CARTESIAN_POINT('',(0.631012171015,5.766934948016));
#3431 = CARTESIAN_POINT('',(0.637991889052,5.749478953164));
#3432 = CARTESIAN_POINT('',(0.645227162913,5.732316744424));
#3433 = CARTESIAN_POINT('',(0.652718344209,5.715446747215));
#3434 = CARTESIAN_POINT('',(0.660466913117,5.698869391275));
#3435 = CARTESIAN_POINT('',(0.668475134937,5.682585782812));
#3436 = CARTESIAN_POINT('',(0.676743578225,5.666600248583));
#3437 = CARTESIAN_POINT('',(0.68527712962,5.650912061718));
#3438 = CARTESIAN_POINT('',(0.694064400626,5.635545162196));
#3439 = CARTESIAN_POINT('',(0.70315590775,5.620438205616));
#3440 = CARTESIAN_POINT('',(0.712372333945,5.605855494474));
#3441 = CARTESIAN_POINT('',(0.722390993689,5.590852657866));
#3442 = CARTESIAN_POINT('',(0.730534458763,5.57923570666));
#3443 = CARTESIAN_POINT('',(0.739290533855,5.567244716732));
#3444 = CARTESIAN_POINT('',(0.747991694604,5.555881516489));
#3445 = CARTESIAN_POINT('',(0.756815858658,5.544871707807));
#3446 = CARTESIAN_POINT('',(0.765714382897,5.534282598942));
#3447 = CARTESIAN_POINT('',(0.774699306335,5.524089736566));
#3448 = CARTESIAN_POINT('',(0.783766384275,5.514293103723));
#3449 = CARTESIAN_POINT('',(0.792915711943,5.504886030172));
#3450 = CARTESIAN_POINT('',(0.802146199102,5.495863563449));
#3451 = CARTESIAN_POINT('',(0.811457051392,5.487220261928));
#3452 = CARTESIAN_POINT('',(0.820847373941,5.478950817628));
#3453 = CARTESIAN_POINT('',(0.830316279268,5.471049917738));
#3454 = CARTESIAN_POINT('',(0.839862855893,5.463512302454));
#3455 = CARTESIAN_POINT('',(0.849486189919,5.456332781061));
#3456 = CARTESIAN_POINT('',(0.859185314126,5.44950620215));
#3457 = CARTESIAN_POINT('',(0.868959394137,5.443027633692));
#3458 = CARTESIAN_POINT('',(0.878807038864,5.436891735306));
#3459 = CARTESIAN_POINT('',(0.888730501028,5.431093775073));
#3460 = CARTESIAN_POINT('',(0.898730930479,5.425637766224));
#3461 = CARTESIAN_POINT('',(0.908809361452,5.420526628632));
#3462 = CARTESIAN_POINT('',(0.91896672842,5.415763959065));
#3463 = CARTESIAN_POINT('',(0.929203854522,5.411353552983));
#3464 = CARTESIAN_POINT('',(0.939521447308,5.407299526173));
#3465 = CARTESIAN_POINT('',(0.949920092522,5.403606272881));
#3466 = CARTESIAN_POINT('',(0.960400248443,5.400278464847));
#3467 = CARTESIAN_POINT('',(0.970962240152,5.397321036293));
#3468 = CARTESIAN_POINT('',(0.981606253877,5.394739169427));
#3469 = CARTESIAN_POINT('',(0.992332331602,5.392538276293));
#3470 = CARTESIAN_POINT('',(1.003140365286,5.390723978094));
#3471 = CARTESIAN_POINT('',(1.014030093262,5.389302080625));
#3472 = CARTESIAN_POINT('',(1.025001089438,5.388278549087));
#3473 = CARTESIAN_POINT('',(1.036052780428,5.387659469347));
#3474 = CARTESIAN_POINT('',(1.043473833329,5.38752051845));
#3475 = CARTESIAN_POINT('',(1.047197551196,5.387520513322));
#3476 = ( GEOMETRIC_REPRESENTATION_CONTEXT(2) 
PARAMETRIC_REPRESENTATION_CONTEXT() REPRESENTATION_CONTEXT('2D SPACE',''
  ) );
#3477 = ORIENTED_EDGE('',*,*,#2422,.F.);
#3478 = ORIENTED_EDGE('',*,*,#3275,.T.);
#3479 = ORIENTED_EDGE('',*,*,#3480,.T.);
#3480 = EDGE_CURVE('',#3247,#3201,#3481,.T.);
#3481 = SURFACE_CURVE('',#3482,(#3487,#3494),.PCURVE_S1.);
#3482 = CIRCLE('',#3483,2.);
#3483 = AXIS2_PLACEMENT_3D('',#3484,#3485,#3486);
#3484 = CARTESIAN_POINT('',(-17.76282605329,-299.16934078,
    298.08664373449));
#3485 = DIRECTION('',(-5.214132130241E-04,-0.110303406371,0.993897825066
    ));
#3486 = DIRECTION('',(5.959780289136E-03,0.993879966121,0.110304550961)
  );
#3487 = PCURVE('',#2439,#3488);
#3488 = DEFINITIONAL_REPRESENTATION('',(#3489),#3493);
#3489 = LINE('',#3490,#3491);
#3490 = CARTESIAN_POINT('',(4.276056667388,3.14159265359));
#3491 = VECTOR('',#3492,1.);
#3492 = DIRECTION('',(-4.61392465791E-13,1.));
#3493 = ( GEOMETRIC_REPRESENTATION_CONTEXT(2) 
PARAMETRIC_REPRESENTATION_CONTEXT() REPRESENTATION_CONTEXT('2D SPACE',''
  ) );
#3494 = PCURVE('',#3495,#3500);
#3495 = CYLINDRICAL_SURFACE('',#3496,2.);
#3496 = AXIS2_PLACEMENT_3D('',#3497,#3498,#3499);
#3497 = CARTESIAN_POINT('',(-17.7632998789,-299.2695771707,
    298.98983189503));
#3498 = DIRECTION('',(5.214132130243E-04,0.110303406371,-0.993897825066)
  );
#3499 = DIRECTION('',(-5.959780289136E-03,-0.993879966121,
    -0.110304550961));
#3500 = DEFINITIONAL_REPRESENTATION('',(#3501),#3505);
#3501 = LINE('',#3502,#3503);
#3502 = CARTESIAN_POINT('',(3.14159265359,0.908733410781));
#3503 = VECTOR('',#3504,1.);
#3504 = DIRECTION('',(-1.,0.));
#3505 = ( GEOMETRIC_REPRESENTATION_CONTEXT(2) 
PARAMETRIC_REPRESENTATION_CONTEXT() REPRESENTATION_CONTEXT('2D SPACE',''
  ) );
#3506 = ADVANCED_FACE('',(#3507),#2491,.T.);
#3507 = FACE_BOUND('',#3508,.T.);
#3508 = EDGE_LOOP('',(#3509,#3682,#3683,#3705,#3706,#3707));
#3509 = ORIENTED_EDGE('',*,*,#3510,.F.);
#3510 = EDGE_CURVE('',#2711,#2969,#3511,.T.);
#3511 = SURFACE_CURVE('',#3512,(#3536,#3609),.PCURVE_S1.);
#3512 = B_SPLINE_CURVE_WITH_KNOTS('',3,(#3513,#3514,#3515,#3516,#3517,
    #3518,#3519,#3520,#3521,#3522,#3523,#3524,#3525,#3526,#3527,#3528,
    #3529,#3530,#3531,#3532,#3533,#3534,#3535),.UNSPECIFIED.,.F.,.F.,(4,
    2,2,1,1,1,2,2,2,1,1,1,1,2,4),(0.499962005982,0.624971504487,
    0.628878051315,0.632784598143,0.6405976918,0.656223879113,
    0.687476253739,0.749981002991,0.753887549819,0.757794096648,
    0.765607190304,0.781233377617,0.812485752243,0.874990501496,1.),
  .UNSPECIFIED.);
#3513 = CARTESIAN_POINT('',(-17.72936101228,-293.7834638671,
    307.06297810707));
#3514 = CARTESIAN_POINT('',(-17.56050004411,-293.7847856287,
    307.06303968189));
#3515 = CARTESIAN_POINT('',(-17.39947201212,-293.7147383883,
    307.04221015879));
#3516 = CARTESIAN_POINT('',(-17.23938621351,-293.5668845485,
    307.00743039373));
#3517 = CARTESIAN_POINT('',(-17.23700245775,-293.5646268806,
    307.00690249728));
#3518 = CARTESIAN_POINT('',(-17.22984609444,-293.5577932077,
    307.00530805597));
#3519 = CARTESIAN_POINT('',(-17.21916291937,-293.5474220313,
    307.0028981015));
#3520 = CARTESIAN_POINT('',(-17.194595094,-293.5223770436,
    306.99715128633));
#3521 = CARTESIAN_POINT('',(-17.146897727,-293.4688974707,
    306.98520034644));
#3522 = CARTESIAN_POINT('',(-17.10847972714,-293.4172214542,
    306.97430423949));
#3523 = CARTESIAN_POINT('',(-17.03493054173,-293.3060197028,
    306.95204823899));
#3524 = CARTESIAN_POINT('',(-16.99028014949,-293.2214149114,
    306.93657162594));
#3525 = CARTESIAN_POINT('',(-16.94749422675,-293.1202334929,
    306.92086522366));
#3526 = CARTESIAN_POINT('',(-16.94594527021,-293.1165222983,
    306.92029522677));
#3527 = CARTESIAN_POINT('',(-16.94193336878,-293.1068432164,
    306.91881717549));
#3528 = CARTESIAN_POINT('',(-16.9359623939,-293.0922920118,
    306.91661345658));
#3529 = CARTESIAN_POINT('',(-16.92235826034,-293.0581112075,
    306.91156652604));
#3530 = CARTESIAN_POINT('',(-16.89646256031,-292.9888383388,
    306.90186566444));
#3531 = CARTESIAN_POINT('',(-16.84992145738,-292.8466547546,
    306.88413863565));
#3532 = CARTESIAN_POINT('',(-16.81902971468,-292.718575483,
    306.87217192982));
#3533 = CARTESIAN_POINT('',(-16.76924780006,-292.4542853642,
    306.8535459427));
#3534 = CARTESIAN_POINT('',(-16.75206175027,-292.2672158731,
    306.84818996446));
#3535 = CARTESIAN_POINT('',(-16.7508816795,-292.0700204953,
    306.85277823113));
#3536 = PCURVE('',#2491,#3537);
#3537 = DEFINITIONAL_REPRESENTATION('',(#3538),#3608);
#3538 = B_SPLINE_CURVE_WITH_KNOTS('',3,(#3539,#3540,#3541,#3542,#3543,
    #3544,#3545,#3546,#3547,#3548,#3549,#3550,#3551,#3552,#3553,#3554,
    #3555,#3556,#3557,#3558,#3559,#3560,#3561,#3562,#3563,#3564,#3565,
    #3566,#3567,#3568,#3569,#3570,#3571,#3572,#3573,#3574,#3575,#3576,
    #3577,#3578,#3579,#3580,#3581,#3582,#3583,#3584,#3585,#3586,#3587,
    #3588,#3589,#3590,#3591,#3592,#3593,#3594,#3595,#3596,#3597,#3598,
    #3599,#3600,#3601,#3602,#3603,#3604,#3605,#3606,#3607),
  .UNSPECIFIED.,.F.,.F.,(4,1,1,1,1,1,1,1,1,1,1,1,1,1,1,1,1,1,1,1,1,1,1,1
    ,1,1,1,1,1,1,1,1,1,1,1,1,1,1,1,1,1,1,1,1,1,1,1,1,1,1,1,1,1,1,1,1,1,1
    ,1,1,1,1,1,1,1,1,4),(0.499962005982,0.507538339225,0.515114672467,
    0.52269100571,0.530267338953,0.537843672195,0.545420005438,
    0.552996338681,0.560572671924,0.568149005166,0.575725338409,
    0.583301671652,0.590878004894,0.598454338137,0.60603067138,
    0.613607004622,0.621183337865,0.628759671108,0.636336004351,
    0.643912337593,0.651488670836,0.659065004079,0.666641337321,
    0.674217670564,0.681794003807,0.689370337049,0.696946670292,
    0.704523003535,0.712099336778,0.71967567002,0.727252003263,
    0.734828336506,0.742404669748,0.749981002991,0.757557336234,
    0.765133669476,0.772710002719,0.780286335962,0.787862669204,
    0.795439002447,0.80301533569,0.810591668933,0.818168002175,
    0.825744335418,0.833320668661,0.840897001903,0.848473335146,
    0.856049668389,0.863626001631,0.871202334874,0.878778668117,
    0.88635500136,0.893931334602,0.901507667845,0.909084001088,
    0.91666033433,0.924236667573,0.931813000816,0.939389334058,
    0.946965667301,0.954542000544,0.962118333787,0.969694667029,
    0.977271000272,0.984847333515,0.992423666757,1.),.UNSPECIFIED.);
#3539 = CARTESIAN_POINT('',(6.283183936182,4.598195933537));
#3540 = CARTESIAN_POINT('',(6.278066807011,4.59821470503));
#3541 = CARTESIAN_POINT('',(6.26786289543,4.597732023169));
#3542 = CARTESIAN_POINT('',(6.252642842637,4.595444447746));
#3543 = CARTESIAN_POINT('',(6.237503294001,4.591590441664));
#3544 = CARTESIAN_POINT('',(6.222439235628,4.586167126653));
#3545 = CARTESIAN_POINT('',(6.207445856169,4.579171625347));
#3546 = CARTESIAN_POINT('',(6.192518576879,4.570601057013));
#3547 = CARTESIAN_POINT('',(6.177653058488,4.560452553476));
#3548 = CARTESIAN_POINT('',(6.162845174803,4.548723199694));
#3549 = CARTESIAN_POINT('',(6.148091140741,4.535410255541));
#3550 = CARTESIAN_POINT('',(6.133387054241,4.520510328093));
#3551 = CARTESIAN_POINT('',(6.118730626653,4.5040224607));
#3552 = CARTESIAN_POINT('',(6.104114743824,4.485936604414));
#3553 = CARTESIAN_POINT('',(6.089551514446,4.466276643207));
#3554 = CARTESIAN_POINT('',(6.07498253715,4.444939821666));
#3555 = CARTESIAN_POINT('',(6.060613803809,4.422296009001));
#3556 = CARTESIAN_POINT('',(6.045665837676,4.396951215315));
#3557 = CARTESIAN_POINT('',(6.033038254215,4.374094262514));
#3558 = CARTESIAN_POINT('',(6.022969582095,4.354690927529));
#3559 = CARTESIAN_POINT('',(6.012430370345,4.333211705848));
#3560 = CARTESIAN_POINT('',(6.002234625131,4.31114031615));
#3561 = CARTESIAN_POINT('',(5.992163986259,4.288076436548));
#3562 = CARTESIAN_POINT('',(5.982276938086,4.26412456162));
#3563 = CARTESIAN_POINT('',(5.972558136521,4.239253897499));
#3564 = CARTESIAN_POINT('',(5.963012192726,4.213469913945));
#3565 = CARTESIAN_POINT('',(5.953638562563,4.18676830923));
#3566 = CARTESIAN_POINT('',(5.944438091598,4.159147549351));
#3567 = CARTESIAN_POINT('',(5.935411610274,4.130603999574));
#3568 = CARTESIAN_POINT('',(5.926561771551,4.101141226461));
#3569 = CARTESIAN_POINT('',(5.917885630719,4.070736707822));
#3570 = CARTESIAN_POINT('',(5.909401791005,4.039465075177));
#3571 = CARTESIAN_POINT('',(5.901049212125,4.007038433954));
#3572 = CARTESIAN_POINT('',(5.893064800533,3.974521840243));
#3573 = CARTESIAN_POINT('',(5.884574209232,3.937931073583));
#3574 = CARTESIAN_POINT('',(5.878851016868,3.912126069047));
#3575 = CARTESIAN_POINT('',(5.872622171412,3.883146655183));
#3576 = CARTESIAN_POINT('',(5.866759488943,3.854707013882));
#3577 = CARTESIAN_POINT('',(5.861030193428,3.825812116926));
#3578 = CARTESIAN_POINT('',(5.855497469915,3.79672877737));
#3579 = CARTESIAN_POINT('',(5.850145198412,3.767385734523));
#3580 = CARTESIAN_POINT('',(5.844978503848,3.737802326363));
#3581 = CARTESIAN_POINT('',(5.839996814843,3.707973622416));
#3582 = CARTESIAN_POINT('',(5.835201079479,3.677901167417));
#3583 = CARTESIAN_POINT('',(5.830591874241,3.647584975239));
#3584 = CARTESIAN_POINT('',(5.826169900592,3.617025591601));
#3585 = CARTESIAN_POINT('',(5.821935833902,3.586223420663));
#3586 = CARTESIAN_POINT('',(5.817890365725,3.555178904743));
#3587 = CARTESIAN_POINT('',(5.814034194136,3.523892475077));
#3588 = CARTESIAN_POINT('',(5.810368028181,3.492364569074));
#3589 = CARTESIAN_POINT('',(5.806892586871,3.460595610533));
#3590 = CARTESIAN_POINT('',(5.803608604921,3.428586071525));
#3591 = CARTESIAN_POINT('',(5.800516763222,3.396335748772));
#3592 = CARTESIAN_POINT('',(5.797617901557,3.363845688454));
#3593 = CARTESIAN_POINT('',(5.794912854575,3.331116766851));
#3594 = CARTESIAN_POINT('',(5.792402477219,3.298149905769));
#3595 = CARTESIAN_POINT('',(5.790087637592,3.264946014815));
#3596 = CARTESIAN_POINT('',(5.787969218298,3.231506006864));
#3597 = CARTESIAN_POINT('',(5.786048115263,3.197830793916));
#3598 = CARTESIAN_POINT('',(5.784325236962,3.163921288204));
#3599 = CARTESIAN_POINT('',(5.782801503259,3.129778401901));
#3600 = CARTESIAN_POINT('',(5.781477844075,3.095403047193));
#3601 = CARTESIAN_POINT('',(5.780355197804,3.060796136266));
#3602 = CARTESIAN_POINT('',(5.779434509487,3.025958581304));
#3603 = CARTESIAN_POINT('',(5.778716728788,2.990891294491));
#3604 = CARTESIAN_POINT('',(5.778202807485,2.955595188012));
#3605 = CARTESIAN_POINT('',(5.777893697591,2.920071174052));
#3606 = CARTESIAN_POINT('',(5.777824796419,2.89623716788));
#3607 = CARTESIAN_POINT('',(5.777824796895,2.884282484276));
#3608 = ( GEOMETRIC_REPRESENTATION_CONTEXT(2) 
PARAMETRIC_REPRESENTATION_CONTEXT() REPRESENTATION_CONTEXT('2D SPACE',''
  ) );
#3609 = PCURVE('',#2837,#3610);
#3610 = DEFINITIONAL_REPRESENTATION('',(#3611),#3681);
#3611 = B_SPLINE_CURVE_WITH_KNOTS('',3,(#3612,#3613,#3614,#3615,#3616,
    #3617,#3618,#3619,#3620,#3621,#3622,#3623,#3624,#3625,#3626,#3627,
    #3628,#3629,#3630,#3631,#3632,#3633,#3634,#3635,#3636,#3637,#3638,
    #3639,#3640,#3641,#3642,#3643,#3644,#3645,#3646,#3647,#3648,#3649,
    #3650,#3651,#3652,#3653,#3654,#3655,#3656,#3657,#3658,#3659,#3660,
    #3661,#3662,#3663,#3664,#3665,#3666,#3667,#3668,#3669,#3670,#3671,
    #3672,#3673,#3674,#3675,#3676,#3677,#3678,#3679,#3680),
  .UNSPECIFIED.,.F.,.F.,(4,1,1,1,1,1,1,1,1,1,1,1,1,1,1,1,1,1,1,1,1,1,1,1
    ,1,1,1,1,1,1,1,1,1,1,1,1,1,1,1,1,1,1,1,1,1,1,1,1,1,1,1,1,1,1,1,1,1,1
    ,1,1,1,1,1,1,1,1,4),(0.499962005982,0.507538339225,0.515114672467,
    0.52269100571,0.530267338953,0.537843672195,0.545420005438,
    0.552996338681,0.560572671924,0.568149005166,0.575725338409,
    0.583301671652,0.590878004894,0.598454338137,0.60603067138,
    0.613607004622,0.621183337865,0.628759671108,0.636336004351,
    0.643912337593,0.651488670836,0.659065004079,0.666641337321,
    0.674217670564,0.681794003807,0.689370337049,0.696946670292,
    0.704523003535,0.712099336778,0.71967567002,0.727252003263,
    0.734828336506,0.742404669748,0.749981002991,0.757557336234,
    0.765133669476,0.772710002719,0.780286335962,0.787862669204,
    0.795439002447,0.80301533569,0.810591668933,0.818168002175,
    0.825744335418,0.833320668661,0.840897001903,0.848473335146,
    0.856049668389,0.863626001631,0.871202334874,0.878778668117,
    0.88635500136,0.893931334602,0.901507667845,0.909084001088,
    0.91666033433,0.924236667573,0.931813000816,0.939389334058,
    0.946965667301,0.954542000544,0.962118333787,0.969694667029,
    0.977271000272,0.984847333515,0.992423666757,1.),.UNSPECIFIED.);
#3612 = CARTESIAN_POINT('',(2.3840820623,1.175835001913));
#3613 = CARTESIAN_POINT('',(2.384085327093,1.165600708392));
#3614 = CARTESIAN_POINT('',(2.384000879042,1.145192776937));
#3615 = CARTESIAN_POINT('',(2.383601326312,1.11476013941));
#3616 = CARTESIAN_POINT('',(2.382928945046,1.084504054506));
#3617 = CARTESIAN_POINT('',(2.381983787865,1.05442181493));
#3618 = CARTESIAN_POINT('',(2.380765903304,1.024510714366));
#3619 = CARTESIAN_POINT('',(2.379275332531,0.99476804284));
#3620 = CARTESIAN_POINT('',(2.37751210972,0.965191104033));
#3621 = CARTESIAN_POINT('',(2.375476250173,0.935777150667));
#3622 = CARTESIAN_POINT('',(2.373167787426,0.906523625647));
#3623 = CARTESIAN_POINT('',(2.3705866303,0.877427262095));
#3624 = CARTESIAN_POINT('',(2.367733094863,0.848487442095));
#3625 = CARTESIAN_POINT('',(2.364605920431,0.819693661653));
#3626 = CARTESIAN_POINT('',(2.361209678137,0.791072312133));
#3627 = CARTESIAN_POINT('',(2.357527128865,0.762512089547));
#3628 = CARTESIAN_POINT('',(2.35362239479,0.734415575947));
#3629 = CARTESIAN_POINT('',(2.349255930809,0.705267504588));
#3630 = CARTESIAN_POINT('',(2.345321486474,0.680710117869));
#3631 = CARTESIAN_POINT('',(2.341984512453,0.66118467874));
#3632 = CARTESIAN_POINT('',(2.338293661763,0.640802583958));
#3633 = CARTESIAN_POINT('',(2.334504677009,0.621146853422));
#3634 = CARTESIAN_POINT('',(2.330549017625,0.601793318023));
#3635 = CARTESIAN_POINT('',(2.326445042432,0.582855634295));
#3636 = CARTESIAN_POINT('',(2.322187857247,0.564303345214));
#3637 = CARTESIAN_POINT('',(2.317778780622,0.546144622339));
#3638 = CARTESIAN_POINT('',(2.313217447174,0.528377236463));
#3639 = CARTESIAN_POINT('',(2.308503894102,0.511001932852));
#3640 = CARTESIAN_POINT('',(2.303637924158,0.494017959645));
#3641 = CARTESIAN_POINT('',(2.298620536096,0.477427579027));
#3642 = CARTESIAN_POINT('',(2.293448288479,0.461222494116));
#3643 = CARTESIAN_POINT('',(2.288134155285,0.445433630254));
#3644 = CARTESIAN_POINT('',(2.282629738692,0.429945582954));
#3645 = CARTESIAN_POINT('',(2.277115561985,0.415189044824));
#3646 = CARTESIAN_POINT('',(2.270917685453,0.39955664992));
#3647 = CARTESIAN_POINT('',(2.266550950853,0.389047169409));
#3648 = CARTESIAN_POINT('',(2.261650493237,0.377625088785));
#3649 = CARTESIAN_POINT('',(2.256845479303,0.366896529244));
#3650 = CARTESIAN_POINT('',(2.251967328584,0.356431131911));
#3651 = CARTESIAN_POINT('',(2.247061211897,0.346344211097));
#3652 = CARTESIAN_POINT('',(2.242115025822,0.336604868427));
#3653 = CARTESIAN_POINT('',(2.237132009032,0.327221383095));
#3654 = CARTESIAN_POINT('',(2.232111283706,0.318191536697));
#3655 = CARTESIAN_POINT('',(2.227053063072,0.309515923653));
#3656 = CARTESIAN_POINT('',(2.221957298284,0.301194384689));
#3657 = CARTESIAN_POINT('',(2.216824025422,0.293226962482));
#3658 = CARTESIAN_POINT('',(2.211653250316,0.285613645597));
#3659 = CARTESIAN_POINT('',(2.206444979251,0.278354437098));
#3660 = CARTESIAN_POINT('',(2.201199210529,0.271449336164));
#3661 = CARTESIAN_POINT('',(2.195915937402,0.264898343014));
#3662 = CARTESIAN_POINT('',(2.190595144701,0.25870145759));
#3663 = CARTESIAN_POINT('',(2.185236819299,0.252858679908));
#3664 = CARTESIAN_POINT('',(2.179840825818,0.247370009964));
#3665 = CARTESIAN_POINT('',(2.17440723956,0.242235447758));
#3666 = CARTESIAN_POINT('',(2.168936099121,0.23745499329));
#3667 = CARTESIAN_POINT('',(2.163427443986,0.233028646561));
#3668 = CARTESIAN_POINT('',(2.157881304406,0.22895640757));
#3669 = CARTESIAN_POINT('',(2.152297704065,0.225238276317));
#3670 = CARTESIAN_POINT('',(2.146676659329,0.221874252803));
#3671 = CARTESIAN_POINT('',(2.141018179404,0.218864337027));
#3672 = CARTESIAN_POINT('',(2.135322266261,0.21620852899));
#3673 = CARTESIAN_POINT('',(2.12958891462,0.21390682869));
#3674 = CARTESIAN_POINT('',(2.123818111936,0.21195923613));
#3675 = CARTESIAN_POINT('',(2.118009838356,0.210365751307));
#3676 = CARTESIAN_POINT('',(2.112164066773,0.209126374223));
#3677 = CARTESIAN_POINT('',(2.106280762564,0.208241104877));
#3678 = CARTESIAN_POINT('',(2.10035988451,0.207709943269));
#3679 = CARTESIAN_POINT('',(2.096387549049,0.207591907357));
#3680 = CARTESIAN_POINT('',(2.094395102393,0.207591907357));
#3681 = ( GEOMETRIC_REPRESENTATION_CONTEXT(2) 
PARAMETRIC_REPRESENTATION_CONTEXT() REPRESENTATION_CONTEXT('2D SPACE',''
  ) );
#3682 = ORIENTED_EDGE('',*,*,#2710,.T.);
#3683 = ORIENTED_EDGE('',*,*,#3684,.T.);
#3684 = EDGE_CURVE('',#2713,#2392,#3685,.T.);
#3685 = SURFACE_CURVE('',#3686,(#3691,#3698),.PCURVE_S1.);
#3686 = CIRCLE('',#3687,2.);
#3687 = AXIS2_PLACEMENT_3D('',#3688,#3689,#3690);
#3688 = CARTESIAN_POINT('',(-17.73898693214,-295.3450195082,
    305.02610316082));
#3689 = DIRECTION('',(5.982545681696E-03,0.999711528099,
    2.326090568416E-02));
#3690 = DIRECTION('',(6.092124417781E-13,2.326132195916E-02,
    -0.999729418843));
#3691 = PCURVE('',#2491,#3692);
#3692 = DEFINITIONAL_REPRESENTATION('',(#3693),#3697);
#3693 = LINE('',#3694,#3695);
#3694 = CARTESIAN_POINT('',(9.424777960769,6.206738253313));
#3695 = VECTOR('',#3696,1.);
#3696 = DIRECTION('',(-1.,6.011017638409E-14));
#3697 = ( GEOMETRIC_REPRESENTATION_CONTEXT(2) 
PARAMETRIC_REPRESENTATION_CONTEXT() REPRESENTATION_CONTEXT('2D SPACE',''
  ) );
#3698 = PCURVE('',#3122,#3699);
#3699 = DEFINITIONAL_REPRESENTATION('',(#3700),#3704);
#3700 = LINE('',#3701,#3702);
#3701 = CARTESIAN_POINT('',(1.04719755119,6.28318530718));
#3702 = VECTOR('',#3703,1.);
#3703 = DIRECTION('',(9.091664178102E-13,-1.));
#3704 = ( GEOMETRIC_REPRESENTATION_CONTEXT(2) 
PARAMETRIC_REPRESENTATION_CONTEXT() REPRESENTATION_CONTEXT('2D SPACE',''
  ) );
#3705 = ORIENTED_EDGE('',*,*,#2477,.F.);
#3706 = ORIENTED_EDGE('',*,*,#2532,.F.);
#3707 = ORIENTED_EDGE('',*,*,#2968,.F.);
#3708 = ADVANCED_FACE('',(#3709),#2837,.F.);
#3709 = FACE_BOUND('',#3710,.F.);
#3710 = EDGE_LOOP('',(#3711,#3712,#3713));
#3711 = ORIENTED_EDGE('',*,*,#3510,.F.);
#3712 = ORIENTED_EDGE('',*,*,#2735,.F.);
#3713 = ORIENTED_EDGE('',*,*,#2994,.T.);
#3714 = ADVANCED_FACE('',(#3715),#2953,.T.);
#3715 = FACE_BOUND('',#3716,.T.);
#3716 = EDGE_LOOP('',(#3717,#3741,#3770,#3792,#3793));
#3717 = ORIENTED_EDGE('',*,*,#3718,.F.);
#3718 = EDGE_CURVE('',#3719,#3019,#3721,.T.);
#3719 = VERTEX_POINT('',#3720);
#3720 = CARTESIAN_POINT('',(-17.77007315138,-300.5629343089,
    305.90496536824));
#3721 = SURFACE_CURVE('',#3722,(#3727,#3734),.PCURVE_S1.);
#3722 = CIRCLE('',#3723,6.);
#3723 = AXIS2_PLACEMENT_3D('',#3724,#3725,#3726);
#3724 = CARTESIAN_POINT('',(-17.73898693214,-295.4380647961,
    309.02502083619));
#3725 = DIRECTION('',(0.999982104413,-5.980926917682E-03,
    -1.391619206284E-04));
#3726 = DIRECTION('',(5.980926975595E-03,0.999982114096,
    -4.072534410399E-18));
#3727 = PCURVE('',#2953,#3728);
#3728 = DEFINITIONAL_REPRESENTATION('',(#3729),#3733);
#3729 = LINE('',#3730,#3731);
#3730 = CARTESIAN_POINT('',(-3.688454433236,6.28318530718));
#3731 = VECTOR('',#3732,1.);
#3732 = DIRECTION('',(1.,0.));
#3733 = ( GEOMETRIC_REPRESENTATION_CONTEXT(2) 
PARAMETRIC_REPRESENTATION_CONTEXT() REPRESENTATION_CONTEXT('2D SPACE',''
  ) );
#3734 = PCURVE('',#3122,#3735);
#3735 = DEFINITIONAL_REPRESENTATION('',(#3736),#3740);
#3736 = LINE('',#3737,#3738);
#3737 = CARTESIAN_POINT('',(-3.688454433236,0.));
#3738 = VECTOR('',#3739,1.);
#3739 = DIRECTION('',(1.,0.));
#3740 = ( GEOMETRIC_REPRESENTATION_CONTEXT(2) 
PARAMETRIC_REPRESENTATION_CONTEXT() REPRESENTATION_CONTEXT('2D SPACE',''
  ) );
#3741 = ORIENTED_EDGE('',*,*,#3742,.F.);
#3742 = EDGE_CURVE('',#3743,#3719,#3745,.T.);
#3743 = VERTEX_POINT('',#3744);
#3744 = CARTESIAN_POINT('',(-17.74934900522,-297.1463546337,
    307.98500234687));
#3745 = SURFACE_CURVE('',#3746,(#3751,#3758),.PCURVE_S1.);
#3746 = CIRCLE('',#3747,2.);
#3747 = AXIS2_PLACEMENT_3D('',#3748,#3749,#3750);
#3748 = CARTESIAN_POINT('',(-17.7597110783,-298.8546444713,
    306.94498385756));
#3749 = DIRECTION('',(-2.991272841375E-03,-0.520000659792,0.854160620787
    ));
#3750 = DIRECTION('',(7.489885447964E-15,-0.854164442205,-0.520002986216
    ));
#3751 = PCURVE('',#2953,#3752);
#3752 = DEFINITIONAL_REPRESENTATION('',(#3753),#3757);
#3753 = LINE('',#3754,#3755);
#3754 = CARTESIAN_POINT('',(0.,5.181082898806E-03));
#3755 = VECTOR('',#3756,1.);
#3756 = DIRECTION('',(0.,1.));
#3757 = ( GEOMETRIC_REPRESENTATION_CONTEXT(2) 
PARAMETRIC_REPRESENTATION_CONTEXT() REPRESENTATION_CONTEXT('2D SPACE',''
  ) );
#3758 = PCURVE('',#3759,#3764);
#3759 = TOROIDAL_SURFACE('',#3760,4.,2.);
#3760 = AXIS2_PLACEMENT_3D('',#3761,#3762,#3763);
#3761 = CARTESIAN_POINT('',(-17.73898693214,-295.4380647961,
    309.02502083619));
#3762 = DIRECTION('',(0.999982104413,-5.980926917682E-03,
    -1.391619206284E-04));
#3763 = DIRECTION('',(-5.181036539432E-03,-0.85414491881,-0.520009244659
    ));
#3764 = DEFINITIONAL_REPRESENTATION('',(#3765),#3769);
#3765 = LINE('',#3766,#3767);
#3766 = CARTESIAN_POINT('',(6.28318530718,5.181082898806E-03));
#3767 = VECTOR('',#3768,1.);
#3768 = DIRECTION('',(0.,1.));
#3769 = ( GEOMETRIC_REPRESENTATION_CONTEXT(2) 
PARAMETRIC_REPRESENTATION_CONTEXT() REPRESENTATION_CONTEXT('2D SPACE',''
  ) );
#3770 = ORIENTED_EDGE('',*,*,#3771,.T.);
#3771 = EDGE_CURVE('',#3743,#2713,#3772,.T.);
#3772 = SURFACE_CURVE('',#3773,(#3778,#3785),.PCURVE_S1.);
#3773 = CIRCLE('',#3774,2.);
#3774 = AXIS2_PLACEMENT_3D('',#3775,#3776,#3777);
#3775 = CARTESIAN_POINT('',(-17.73898693214,-295.4380647961,
    309.02502083619));
#3776 = DIRECTION('',(0.999982104413,-5.980926917682E-03,
    -1.391619206284E-04));
#3777 = DIRECTION('',(5.980926975595E-03,0.999982114096,
    -4.394195172118E-18));
#3778 = PCURVE('',#2953,#3779);
#3779 = DEFINITIONAL_REPRESENTATION('',(#3780),#3784);
#3780 = LINE('',#3781,#3782);
#3781 = CARTESIAN_POINT('',(-3.688454433238,3.14159265359));
#3782 = VECTOR('',#3783,1.);
#3783 = DIRECTION('',(1.,-6.785183320482E-15));
#3784 = ( GEOMETRIC_REPRESENTATION_CONTEXT(2) 
PARAMETRIC_REPRESENTATION_CONTEXT() REPRESENTATION_CONTEXT('2D SPACE',''
  ) );
#3785 = PCURVE('',#3122,#3786);
#3786 = DEFINITIONAL_REPRESENTATION('',(#3787),#3791);
#3787 = LINE('',#3788,#3789);
#3788 = CARTESIAN_POINT('',(-3.688454433238,3.14159265359));
#3789 = VECTOR('',#3790,1.);
#3790 = DIRECTION('',(1.,-6.785183320482E-15));
#3791 = ( GEOMETRIC_REPRESENTATION_CONTEXT(2) 
PARAMETRIC_REPRESENTATION_CONTEXT() REPRESENTATION_CONTEXT('2D SPACE',''
  ) );
#3792 = ORIENTED_EDGE('',*,*,#2938,.F.);
#3793 = ORIENTED_EDGE('',*,*,#3302,.F.);
#3794 = ADVANCED_FACE('',(#3795),#3122,.T.);
#3795 = FACE_BOUND('',#3796,.T.);
#3796 = EDGE_LOOP('',(#3797,#3824,#3825,#3826,#3827));
#3797 = ORIENTED_EDGE('',*,*,#3798,.F.);
#3798 = EDGE_CURVE('',#3719,#3743,#3799,.T.);
#3799 = SURFACE_CURVE('',#3800,(#3805,#3812),.PCURVE_S1.);
#3800 = CIRCLE('',#3801,2.);
#3801 = AXIS2_PLACEMENT_3D('',#3802,#3803,#3804);
#3802 = CARTESIAN_POINT('',(-17.7597110783,-298.8546444713,
    306.94498385756));
#3803 = DIRECTION('',(-2.991272841375E-03,-0.520000659792,0.854160620787
    ));
#3804 = DIRECTION('',(7.489885447964E-15,-0.854164442205,-0.520002986216
    ));
#3805 = PCURVE('',#3122,#3806);
#3806 = DEFINITIONAL_REPRESENTATION('',(#3807),#3811);
#3807 = LINE('',#3808,#3809);
#3808 = CARTESIAN_POINT('',(0.,-6.278004224281));
#3809 = VECTOR('',#3810,1.);
#3810 = DIRECTION('',(0.,1.));
#3811 = ( GEOMETRIC_REPRESENTATION_CONTEXT(2) 
PARAMETRIC_REPRESENTATION_CONTEXT() REPRESENTATION_CONTEXT('2D SPACE',''
  ) );
#3812 = PCURVE('',#3813,#3818);
#3813 = TOROIDAL_SURFACE('',#3814,4.,2.);
#3814 = AXIS2_PLACEMENT_3D('',#3815,#3816,#3817);
#3815 = CARTESIAN_POINT('',(-17.73898693214,-295.4380647961,
    309.02502083619));
#3816 = DIRECTION('',(0.999982104413,-5.980926917682E-03,
    -1.391619206284E-04));
#3817 = DIRECTION('',(-5.181036539432E-03,-0.85414491881,-0.520009244659
    ));
#3818 = DEFINITIONAL_REPRESENTATION('',(#3819),#3823);
#3819 = LINE('',#3820,#3821);
#3820 = CARTESIAN_POINT('',(6.28318530718,-6.278004224281));
#3821 = VECTOR('',#3822,1.);
#3822 = DIRECTION('',(0.,1.));
#3823 = ( GEOMETRIC_REPRESENTATION_CONTEXT(2) 
PARAMETRIC_REPRESENTATION_CONTEXT() REPRESENTATION_CONTEXT('2D SPACE',''
  ) );
#3824 = ORIENTED_EDGE('',*,*,#3718,.T.);
#3825 = ORIENTED_EDGE('',*,*,#3018,.F.);
#3826 = ORIENTED_EDGE('',*,*,#3684,.F.);
#3827 = ORIENTED_EDGE('',*,*,#3771,.F.);
#3828 = ADVANCED_FACE('',(#3829),#3263,.T.);
#3829 = FACE_BOUND('',#3830,.T.);
#3830 = EDGE_LOOP('',(#3831,#3854,#3855,#3878));
#3831 = ORIENTED_EDGE('',*,*,#3832,.F.);
#3832 = EDGE_CURVE('',#3247,#3833,#3835,.T.);
#3833 = VERTEX_POINT('',#3834);
#3834 = CARTESIAN_POINT('',(-17.74616823664,-296.1792169408,
    289.27537123098));
#3835 = SURFACE_CURVE('',#3836,(#3840,#3847),.PCURVE_S1.);
#3836 = LINE('',#3837,#3838);
#3837 = CARTESIAN_POINT('',(-17.75138031832,-297.2818172384,
    299.21044099696));
#3838 = VECTOR('',#3839,1.);
#3839 = DIRECTION('',(5.214132130243E-04,0.110303406371,-0.993897825066)
  );
#3840 = PCURVE('',#3263,#3841);
#3841 = DEFINITIONAL_REPRESENTATION('',(#3842),#3846);
#3842 = LINE('',#3843,#3844);
#3843 = CARTESIAN_POINT('',(3.14159265359,-7.749689778791E-12));
#3844 = VECTOR('',#3845,1.);
#3845 = DIRECTION('',(-7.819044918215E-16,1.));
#3846 = ( GEOMETRIC_REPRESENTATION_CONTEXT(2) 
PARAMETRIC_REPRESENTATION_CONTEXT() REPRESENTATION_CONTEXT('2D SPACE',''
  ) );
#3847 = PCURVE('',#3495,#3848);
#3848 = DEFINITIONAL_REPRESENTATION('',(#3849),#3853);
#3849 = LINE('',#3850,#3851);
#3850 = CARTESIAN_POINT('',(3.14159265359,-7.749689778791E-12));
#3851 = VECTOR('',#3852,1.);
#3852 = DIRECTION('',(-7.819044918215E-16,1.));
#3853 = ( GEOMETRIC_REPRESENTATION_CONTEXT(2) 
PARAMETRIC_REPRESENTATION_CONTEXT() REPRESENTATION_CONTEXT('2D SPACE',''
  ) );
#3854 = ORIENTED_EDGE('',*,*,#3246,.F.);
#3855 = ORIENTED_EDGE('',*,*,#3856,.T.);
#3856 = EDGE_CURVE('',#3201,#3857,#3859,.T.);
#3857 = VERTEX_POINT('',#3858);
#3858 = CARTESIAN_POINT('',(-17.77000735779,-300.1547368053,
    288.83415302714));
#3859 = SURFACE_CURVE('',#3860,(#3864,#3871),.PCURVE_S1.);
#3860 = LINE('',#3861,#3862);
#3861 = CARTESIAN_POINT('',(-17.77521943948,-301.2573371029,
    298.76922279311));
#3862 = VECTOR('',#3863,1.);
#3863 = DIRECTION('',(5.214132130243E-04,0.110303406371,-0.993897825066)
  );
#3864 = PCURVE('',#3263,#3865);
#3865 = DEFINITIONAL_REPRESENTATION('',(#3866),#3870);
#3866 = LINE('',#3867,#3868);
#3867 = CARTESIAN_POINT('',(6.28318530718,-2.160494005921E-12));
#3868 = VECTOR('',#3869,1.);
#3869 = DIRECTION('',(0.,1.));
#3870 = ( GEOMETRIC_REPRESENTATION_CONTEXT(2) 
PARAMETRIC_REPRESENTATION_CONTEXT() REPRESENTATION_CONTEXT('2D SPACE',''
  ) );
#3871 = PCURVE('',#3495,#3872);
#3872 = DEFINITIONAL_REPRESENTATION('',(#3873),#3877);
#3873 = LINE('',#3874,#3875);
#3874 = CARTESIAN_POINT('',(0.,-2.160494005921E-12));
#3875 = VECTOR('',#3876,1.);
#3876 = DIRECTION('',(0.,1.));
#3877 = ( GEOMETRIC_REPRESENTATION_CONTEXT(2) 
PARAMETRIC_REPRESENTATION_CONTEXT() REPRESENTATION_CONTEXT('2D SPACE',''
  ) );
#3878 = ORIENTED_EDGE('',*,*,#3879,.T.);
#3879 = EDGE_CURVE('',#3857,#3833,#3880,.T.);
#3880 = SURFACE_CURVE('',#3881,(#3886,#3893),.PCURVE_S1.);
#3881 = CIRCLE('',#3882,2.);
#3882 = AXIS2_PLACEMENT_3D('',#3883,#3884,#3885);
#3883 = CARTESIAN_POINT('',(-17.75808779722,-298.1669768731,
    289.05476212906));
#3884 = DIRECTION('',(-5.214132130331E-04,-0.110303406371,0.993897825066
    ));
#3885 = DIRECTION('',(5.959780289136E-03,0.993879966121,0.110304550961)
  );
#3886 = PCURVE('',#3263,#3887);
#3887 = DEFINITIONAL_REPRESENTATION('',(#3888),#3892);
#3888 = LINE('',#3889,#3890);
#3889 = CARTESIAN_POINT('',(9.424777960769,9.996067518619));
#3890 = VECTOR('',#3891,1.);
#3891 = DIRECTION('',(-1.,0.));
#3892 = ( GEOMETRIC_REPRESENTATION_CONTEXT(2) 
PARAMETRIC_REPRESENTATION_CONTEXT() REPRESENTATION_CONTEXT('2D SPACE',''
  ) );
#3893 = PCURVE('',#3894,#3899);
#3894 = TOROIDAL_SURFACE('',#3895,4.,2.);
#3895 = AXIS2_PLACEMENT_3D('',#3896,#3897,#3898);
#3896 = CARTESIAN_POINT('',(-17.78192691837,-302.1424967375,
    288.61354392521));
#3897 = DIRECTION('',(0.999982104413,-5.980926917683E-03,
    -1.391619206297E-04));
#3898 = DIRECTION('',(-5.181036539434E-03,-0.85414491881,-0.520009244659
    ));
#3899 = DEFINITIONAL_REPRESENTATION('',(#3900),#3904);
#3900 = LINE('',#3901,#3902);
#3901 = CARTESIAN_POINT('',(2.705260340596,6.28318530718));
#3902 = VECTOR('',#3903,1.);
#3903 = DIRECTION('',(-5.856461353467E-13,-1.));
#3904 = ( GEOMETRIC_REPRESENTATION_CONTEXT(2) 
PARAMETRIC_REPRESENTATION_CONTEXT() REPRESENTATION_CONTEXT('2D SPACE',''
  ) );
#3905 = ADVANCED_FACE('',(#3906),#3495,.T.);
#3906 = FACE_BOUND('',#3907,.T.);
#3907 = EDGE_LOOP('',(#3908,#3909,#3910,#3937));
#3908 = ORIENTED_EDGE('',*,*,#3480,.F.);
#3909 = ORIENTED_EDGE('',*,*,#3832,.T.);
#3910 = ORIENTED_EDGE('',*,*,#3911,.T.);
#3911 = EDGE_CURVE('',#3833,#3857,#3912,.T.);
#3912 = SURFACE_CURVE('',#3913,(#3918,#3925),.PCURVE_S1.);
#3913 = CIRCLE('',#3914,2.);
#3914 = AXIS2_PLACEMENT_3D('',#3915,#3916,#3917);
#3915 = CARTESIAN_POINT('',(-17.75808779722,-298.1669768731,
    289.05476212906));
#3916 = DIRECTION('',(-5.214132130331E-04,-0.110303406371,0.993897825066
    ));
#3917 = DIRECTION('',(5.959780289136E-03,0.993879966121,0.110304550961)
  );
#3918 = PCURVE('',#3495,#3919);
#3919 = DEFINITIONAL_REPRESENTATION('',(#3920),#3924);
#3920 = LINE('',#3921,#3922);
#3921 = CARTESIAN_POINT('',(3.14159265359,9.996067518619));
#3922 = VECTOR('',#3923,1.);
#3923 = DIRECTION('',(-1.,0.));
#3924 = ( GEOMETRIC_REPRESENTATION_CONTEXT(2) 
PARAMETRIC_REPRESENTATION_CONTEXT() REPRESENTATION_CONTEXT('2D SPACE',''
  ) );
#3925 = PCURVE('',#3926,#3931);
#3926 = TOROIDAL_SURFACE('',#3927,4.,2.);
#3927 = AXIS2_PLACEMENT_3D('',#3928,#3929,#3930);
#3928 = CARTESIAN_POINT('',(-17.78192691837,-302.1424967375,
    288.61354392521));
#3929 = DIRECTION('',(0.999982104413,-5.980926917683E-03,
    -1.391619206297E-04));
#3930 = DIRECTION('',(-5.181036539434E-03,-0.85414491881,-0.520009244659
    ));
#3931 = DEFINITIONAL_REPRESENTATION('',(#3932),#3936);
#3932 = LINE('',#3933,#3934);
#3933 = CARTESIAN_POINT('',(2.705260340592,6.28318530718));
#3934 = VECTOR('',#3935,1.);
#3935 = DIRECTION('',(5.822535436867E-13,-1.));
#3936 = ( GEOMETRIC_REPRESENTATION_CONTEXT(2) 
PARAMETRIC_REPRESENTATION_CONTEXT() REPRESENTATION_CONTEXT('2D SPACE',''
  ) );
#3937 = ORIENTED_EDGE('',*,*,#3856,.F.);
#3938 = ADVANCED_FACE('',(#3939),#3759,.T.);
#3939 = FACE_BOUND('',#3940,.T.);
#3940 = EDGE_LOOP('',(#3941,#3965,#3994,#4016));
#3941 = ORIENTED_EDGE('',*,*,#3942,.F.);
#3942 = EDGE_CURVE('',#3943,#3719,#3945,.T.);
#3943 = VERTEX_POINT('',#3944);
#3944 = CARTESIAN_POINT('',(-17.77474561388,-301.4256728863,
    309.40877945098));
#3945 = SURFACE_CURVE('',#3946,(#3951,#3958),.PCURVE_S1.);
#3946 = CIRCLE('',#3947,6.);
#3947 = AXIS2_PLACEMENT_3D('',#3948,#3949,#3950);
#3948 = CARTESIAN_POINT('',(-17.73898693214,-295.4380647961,
    309.02502083619));
#3949 = DIRECTION('',(0.999982104413,-5.980926917682E-03,
    -1.391619206284E-04));
#3950 = DIRECTION('',(5.980926975595E-03,0.999982114096,
    -4.072534410399E-18));
#3951 = PCURVE('',#3759,#3952);
#3952 = DEFINITIONAL_REPRESENTATION('',(#3953),#3957);
#3953 = LINE('',#3954,#3955);
#3954 = CARTESIAN_POINT('',(2.594730873942,6.28318530718));
#3955 = VECTOR('',#3956,1.);
#3956 = DIRECTION('',(1.,0.));
#3957 = ( GEOMETRIC_REPRESENTATION_CONTEXT(2) 
PARAMETRIC_REPRESENTATION_CONTEXT() REPRESENTATION_CONTEXT('2D SPACE',''
  ) );
#3958 = PCURVE('',#3813,#3959);
#3959 = DEFINITIONAL_REPRESENTATION('',(#3960),#3964);
#3960 = LINE('',#3961,#3962);
#3961 = CARTESIAN_POINT('',(2.594730873942,0.));
#3962 = VECTOR('',#3963,1.);
#3963 = DIRECTION('',(1.,0.));
#3964 = ( GEOMETRIC_REPRESENTATION_CONTEXT(2) 
PARAMETRIC_REPRESENTATION_CONTEXT() REPRESENTATION_CONTEXT('2D SPACE',''
  ) );
#3965 = ORIENTED_EDGE('',*,*,#3966,.T.);
#3966 = EDGE_CURVE('',#3943,#3967,#3969,.T.);
#3967 = VERTEX_POINT('',#3968);
#3968 = CARTESIAN_POINT('',(-17.75090649272,-297.4339341595,
    309.15294037445));
#3969 = SURFACE_CURVE('',#3970,(#3975,#3982),.PCURVE_S1.);
#3970 = CIRCLE('',#3971,2.);
#3971 = AXIS2_PLACEMENT_3D('',#3972,#3973,#3974);
#3972 = CARTESIAN_POINT('',(-17.7628260533,-299.4298035229,
    309.28085991271));
#3973 = DIRECTION('',(-5.214132117926E-04,-6.395779515838E-02,
    -0.99795246809));
#3974 = DIRECTION('',(-5.959780289291E-03,-0.997934681706,
    6.395976913044E-02));
#3975 = PCURVE('',#3759,#3976);
#3976 = DEFINITIONAL_REPRESENTATION('',(#3977),#3981);
#3977 = LINE('',#3978,#3979);
#3978 = CARTESIAN_POINT('',(5.672320068982,6.28318530718));
#3979 = VECTOR('',#3980,1.);
#3980 = DIRECTION('',(3.126838646844E-13,-1.));
#3981 = ( GEOMETRIC_REPRESENTATION_CONTEXT(2) 
PARAMETRIC_REPRESENTATION_CONTEXT() REPRESENTATION_CONTEXT('2D SPACE',''
  ) );
#3982 = PCURVE('',#3983,#3988);
#3983 = CYLINDRICAL_SURFACE('',#3984,2.);
#3984 = AXIS2_PLACEMENT_3D('',#3985,#3986,#3987);
#3985 = CARTESIAN_POINT('',(-17.7632998789,-299.4879241082,
    308.37398716259));
#3986 = DIRECTION('',(5.214132118127E-04,6.395779515834E-02,
    0.99795246809));
#3987 = DIRECTION('',(5.959780289292E-03,0.997934681706,
    -6.39597691304E-02));
#3988 = DEFINITIONAL_REPRESENTATION('',(#3989),#3993);
#3989 = LINE('',#3990,#3991);
#3990 = CARTESIAN_POINT('',(3.14159265359,0.908733410776));
#3991 = VECTOR('',#3992,1.);
#3992 = DIRECTION('',(-1.,-5.428146656365E-14));
#3993 = ( GEOMETRIC_REPRESENTATION_CONTEXT(2) 
PARAMETRIC_REPRESENTATION_CONTEXT() REPRESENTATION_CONTEXT('2D SPACE',''
  ) );
#3994 = ORIENTED_EDGE('',*,*,#3995,.T.);
#3995 = EDGE_CURVE('',#3967,#3743,#3996,.T.);
#3996 = SURFACE_CURVE('',#3997,(#4002,#4009),.PCURVE_S1.);
#3997 = CIRCLE('',#3998,2.);
#3998 = AXIS2_PLACEMENT_3D('',#3999,#4000,#4001);
#3999 = CARTESIAN_POINT('',(-17.73898693214,-295.4380647961,
    309.02502083619));
#4000 = DIRECTION('',(0.999982104413,-5.980926917682E-03,
    -1.391619206284E-04));
#4001 = DIRECTION('',(5.980926975595E-03,0.999982114096,
    -4.394195172118E-18));
#4002 = PCURVE('',#3759,#4003);
#4003 = DEFINITIONAL_REPRESENTATION('',(#4004),#4008);
#4004 = LINE('',#4005,#4006);
#4005 = CARTESIAN_POINT('',(2.594730873942,3.14159265359));
#4006 = VECTOR('',#4007,1.);
#4007 = DIRECTION('',(1.,0.));
#4008 = ( GEOMETRIC_REPRESENTATION_CONTEXT(2) 
PARAMETRIC_REPRESENTATION_CONTEXT() REPRESENTATION_CONTEXT('2D SPACE',''
  ) );
#4009 = PCURVE('',#3813,#4010);
#4010 = DEFINITIONAL_REPRESENTATION('',(#4011),#4015);
#4011 = LINE('',#4012,#4013);
#4012 = CARTESIAN_POINT('',(2.594730873942,3.14159265359));
#4013 = VECTOR('',#4014,1.);
#4014 = DIRECTION('',(1.,0.));
#4015 = ( GEOMETRIC_REPRESENTATION_CONTEXT(2) 
PARAMETRIC_REPRESENTATION_CONTEXT() REPRESENTATION_CONTEXT('2D SPACE',''
  ) );
#4016 = ORIENTED_EDGE('',*,*,#3742,.T.);
#4017 = ADVANCED_FACE('',(#4018),#3813,.T.);
#4018 = FACE_BOUND('',#4019,.T.);
#4019 = EDGE_LOOP('',(#4020,#4047,#4048,#4049));
#4020 = ORIENTED_EDGE('',*,*,#4021,.T.);
#4021 = EDGE_CURVE('',#3967,#3943,#4022,.T.);
#4022 = SURFACE_CURVE('',#4023,(#4028,#4035),.PCURVE_S1.);
#4023 = CIRCLE('',#4024,2.);
#4024 = AXIS2_PLACEMENT_3D('',#4025,#4026,#4027);
#4025 = CARTESIAN_POINT('',(-17.7628260533,-299.4298035229,
    309.28085991271));
#4026 = DIRECTION('',(-5.214132117926E-04,-6.395779515838E-02,
    -0.99795246809));
#4027 = DIRECTION('',(-5.959780289291E-03,-0.997934681706,
    6.395976913044E-02));
#4028 = PCURVE('',#3813,#4029);
#4029 = DEFINITIONAL_REPRESENTATION('',(#4030),#4034);
#4030 = LINE('',#4031,#4032);
#4031 = CARTESIAN_POINT('',(5.672320068983,6.28318530718));
#4032 = VECTOR('',#4033,1.);
#4033 = DIRECTION('',(-2.13167842651E-13,-1.));
#4034 = ( GEOMETRIC_REPRESENTATION_CONTEXT(2) 
PARAMETRIC_REPRESENTATION_CONTEXT() REPRESENTATION_CONTEXT('2D SPACE',''
  ) );
#4035 = PCURVE('',#4036,#4041);
#4036 = CYLINDRICAL_SURFACE('',#4037,2.);
#4037 = AXIS2_PLACEMENT_3D('',#4038,#4039,#4040);
#4038 = CARTESIAN_POINT('',(-17.7632998789,-299.4879241082,
    308.37398716259));
#4039 = DIRECTION('',(5.214132118127E-04,6.395779515834E-02,
    0.99795246809));
#4040 = DIRECTION('',(5.959780289292E-03,0.997934681706,
    -6.39597691304E-02));
#4041 = DEFINITIONAL_REPRESENTATION('',(#4042),#4046);
#4042 = LINE('',#4043,#4044);
#4043 = CARTESIAN_POINT('',(9.424777960769,0.908733410776));
#4044 = VECTOR('',#4045,1.);
#4045 = DIRECTION('',(-1.,7.237528875152E-14));
#4046 = ( GEOMETRIC_REPRESENTATION_CONTEXT(2) 
PARAMETRIC_REPRESENTATION_CONTEXT() REPRESENTATION_CONTEXT('2D SPACE',''
  ) );
#4047 = ORIENTED_EDGE('',*,*,#3942,.T.);
#4048 = ORIENTED_EDGE('',*,*,#3798,.T.);
#4049 = ORIENTED_EDGE('',*,*,#3995,.F.);
#4050 = ADVANCED_FACE('',(#4051),#3894,.T.);
#4051 = FACE_BOUND('',#4052,.T.);
#4052 = EDGE_LOOP('',(#4053,#4084,#4128,#4129));
#4053 = ORIENTED_EDGE('',*,*,#4054,.T.);
#4054 = EDGE_CURVE('',#4055,#4057,#4059,.T.);
#4055 = VERTEX_POINT('',#4056);
#4056 = CARTESIAN_POINT('',(-17.78192691837,-302.0959740936,
    286.61408508753));
#4057 = VERTEX_POINT('',#4058);
#4058 = CARTESIAN_POINT('',(-17.78192691837,-302.0029288058,
    282.61516741216));
#4059 = SURFACE_CURVE('',#4060,(#4065,#4072),.PCURVE_S1.);
#4060 = CIRCLE('',#4061,2.);
#4061 = AXIS2_PLACEMENT_3D('',#4062,#4063,#4064);
#4062 = CARTESIAN_POINT('',(-17.78192691837,-302.0494514497,
    284.61462624984));
#4063 = DIRECTION('',(5.982545681734E-03,0.999711528099,
    2.32609056841E-02));
#4064 = DIRECTION('',(6.09150533834E-13,2.32613219591E-02,
    -0.999729418843));
#4065 = PCURVE('',#3894,#4066);
#4066 = DEFINITIONAL_REPRESENTATION('',(#4067),#4071);
#4067 = LINE('',#4068,#4069);
#4068 = CARTESIAN_POINT('',(1.0471975512,6.28318530718));
#4069 = VECTOR('',#4070,1.);
#4070 = DIRECTION('',(-3.946008174802E-13,-1.));
#4071 = ( GEOMETRIC_REPRESENTATION_CONTEXT(2) 
PARAMETRIC_REPRESENTATION_CONTEXT() REPRESENTATION_CONTEXT('2D SPACE',''
  ) );
#4072 = PCURVE('',#4073,#4078);
#4073 = CYLINDRICAL_SURFACE('',#4074,2.);
#4074 = AXIS2_PLACEMENT_3D('',#4075,#4076,#4077);
#4075 = CARTESIAN_POINT('',(-17.77863651825,-301.4996101092,
    284.62741974797));
#4076 = DIRECTION('',(-5.982545681734E-03,-0.999711528099,
    -2.326090568401E-02));
#4077 = DIRECTION('',(-6.092091891716E-13,-2.326132195901E-02,
    0.999729418843));
#4078 = DEFINITIONAL_REPRESENTATION('',(#4079),#4083);
#4079 = LINE('',#4080,#4081);
#4080 = CARTESIAN_POINT('',(9.424777960769,0.549999999996));
#4081 = VECTOR('',#4082,1.);
#4082 = DIRECTION('',(-1.,-1.119555247875E-13));
#4083 = ( GEOMETRIC_REPRESENTATION_CONTEXT(2) 
PARAMETRIC_REPRESENTATION_CONTEXT() REPRESENTATION_CONTEXT('2D SPACE',''
  ) );
#4084 = ORIENTED_EDGE('',*,*,#4085,.T.);
#4085 = EDGE_CURVE('',#4057,#3833,#4086,.T.);
#4086 = SURFACE_CURVE('',#4087,(#4092,#4099),.PCURVE_S1.);
#4087 = CIRCLE('',#4088,6.);
#4088 = AXIS2_PLACEMENT_3D('',#4089,#4090,#4091);
#4089 = CARTESIAN_POINT('',(-17.78192691837,-302.1424967375,
    288.61354392521));
#4090 = DIRECTION('',(0.999982104413,-5.980926917683E-03,
    -1.391619206297E-04));
#4091 = DIRECTION('',(5.980926975596E-03,0.999982114096,
    -3.951620457178E-18));
#4092 = PCURVE('',#3894,#4093);
#4093 = DEFINITIONAL_REPRESENTATION('',(#4094),#4098);
#4094 = LINE('',#4095,#4096);
#4095 = CARTESIAN_POINT('',(-3.688454433237,0.));
#4096 = VECTOR('',#4097,1.);
#4097 = DIRECTION('',(1.,0.));
#4098 = ( GEOMETRIC_REPRESENTATION_CONTEXT(2) 
PARAMETRIC_REPRESENTATION_CONTEXT() REPRESENTATION_CONTEXT('2D SPACE',''
  ) );
#4099 = PCURVE('',#3926,#4100);
#4100 = DEFINITIONAL_REPRESENTATION('',(#4101),#4127);
#4101 = B_SPLINE_CURVE_WITH_KNOTS('',3,(#4102,#4103,#4104,#4105,#4106,
    #4107,#4108,#4109,#4110,#4111,#4112,#4113,#4114,#4115,#4116,#4117,
    #4118,#4119,#4120,#4121,#4122,#4123,#4124,#4125,#4126),
  .UNSPECIFIED.,.F.,.F.,(4,1,1,1,1,1,1,1,1,1,1,1,1,1,1,1,1,1,1,1,1,1,4),
  (4.735651984433,4.81101847486,4.886384965287,4.961751455714,
    5.037117946141,5.112484436568,5.187850926995,5.263217417423,
    5.33858390785,5.413950398277,5.489316888704,5.564683379131,
    5.640049869558,5.715416359985,5.790782850412,5.866149340839,
    5.941515831266,6.016882321693,6.09224881212,6.167615302547,
    6.242981792975,6.318348283402,6.393714773829),.UNSPECIFIED.);
#4102 = CARTESIAN_POINT('',(1.047197551196,6.28318530718));
#4103 = CARTESIAN_POINT('',(1.072319714672,6.28318530718));
#4104 = CARTESIAN_POINT('',(1.122564041623,6.28318530718));
#4105 = CARTESIAN_POINT('',(1.19793053205,6.28318530718));
#4106 = CARTESIAN_POINT('',(1.273297022477,6.28318530718));
#4107 = CARTESIAN_POINT('',(1.348663512904,6.28318530718));
#4108 = CARTESIAN_POINT('',(1.424030003331,6.28318530718));
#4109 = CARTESIAN_POINT('',(1.499396493758,6.28318530718));
#4110 = CARTESIAN_POINT('',(1.574762984185,6.28318530718));
#4111 = CARTESIAN_POINT('',(1.650129474612,6.28318530718));
#4112 = CARTESIAN_POINT('',(1.72549596504,6.28318530718));
#4113 = CARTESIAN_POINT('',(1.800862455467,6.28318530718));
#4114 = CARTESIAN_POINT('',(1.876228945894,6.28318530718));
#4115 = CARTESIAN_POINT('',(1.951595436321,6.28318530718));
#4116 = CARTESIAN_POINT('',(2.026961926748,6.28318530718));
#4117 = CARTESIAN_POINT('',(2.102328417175,6.28318530718));
#4118 = CARTESIAN_POINT('',(2.177694907602,6.28318530718));
#4119 = CARTESIAN_POINT('',(2.253061398029,6.28318530718));
#4120 = CARTESIAN_POINT('',(2.328427888456,6.28318530718));
#4121 = CARTESIAN_POINT('',(2.403794378883,6.28318530718));
#4122 = CARTESIAN_POINT('',(2.47916086931,6.28318530718));
#4123 = CARTESIAN_POINT('',(2.554527359737,6.28318530718));
#4124 = CARTESIAN_POINT('',(2.629893850165,6.28318530718));
#4125 = CARTESIAN_POINT('',(2.680138177116,6.28318530718));
#4126 = CARTESIAN_POINT('',(2.705260340592,6.28318530718));
#4127 = ( GEOMETRIC_REPRESENTATION_CONTEXT(2) 
PARAMETRIC_REPRESENTATION_CONTEXT() REPRESENTATION_CONTEXT('2D SPACE',''
  ) );
#4128 = ORIENTED_EDGE('',*,*,#3879,.F.);
#4129 = ORIENTED_EDGE('',*,*,#4130,.F.);
#4130 = EDGE_CURVE('',#4055,#3857,#4131,.T.);
#4131 = SURFACE_CURVE('',#4132,(#4137,#4144),.PCURVE_S1.);
#4132 = CIRCLE('',#4133,2.);
#4133 = AXIS2_PLACEMENT_3D('',#4134,#4135,#4136);
#4134 = CARTESIAN_POINT('',(-17.78192691837,-302.1424967375,
    288.61354392521));
#4135 = DIRECTION('',(0.999982104413,-5.980926917683E-03,
    -1.391619206297E-04));
#4136 = DIRECTION('',(5.980926975596E-03,0.999982114096,
    -3.658229420073E-18));
#4137 = PCURVE('',#3894,#4138);
#4138 = DEFINITIONAL_REPRESENTATION('',(#4139),#4143);
#4139 = LINE('',#4140,#4141);
#4140 = CARTESIAN_POINT('',(-3.688454433237,3.14159265359));
#4141 = VECTOR('',#4142,1.);
#4142 = DIRECTION('',(1.,4.285378939228E-15));
#4143 = ( GEOMETRIC_REPRESENTATION_CONTEXT(2) 
PARAMETRIC_REPRESENTATION_CONTEXT() REPRESENTATION_CONTEXT('2D SPACE',''
  ) );
#4144 = PCURVE('',#3926,#4145);
#4145 = DEFINITIONAL_REPRESENTATION('',(#4146),#4150);
#4146 = LINE('',#4147,#4148);
#4147 = CARTESIAN_POINT('',(-3.688454433237,3.14159265359));
#4148 = VECTOR('',#4149,1.);
#4149 = DIRECTION('',(1.,4.285378939228E-15));
#4150 = ( GEOMETRIC_REPRESENTATION_CONTEXT(2) 
PARAMETRIC_REPRESENTATION_CONTEXT() REPRESENTATION_CONTEXT('2D SPACE',''
  ) );
#4151 = ADVANCED_FACE('',(#4152),#3926,.T.);
#4152 = FACE_BOUND('',#4153,.T.);
#4153 = EDGE_LOOP('',(#4154,#4155,#4182,#4183));
#4154 = ORIENTED_EDGE('',*,*,#4085,.F.);
#4155 = ORIENTED_EDGE('',*,*,#4156,.T.);
#4156 = EDGE_CURVE('',#4057,#4055,#4157,.T.);
#4157 = SURFACE_CURVE('',#4158,(#4163,#4170),.PCURVE_S1.);
#4158 = CIRCLE('',#4159,2.);
#4159 = AXIS2_PLACEMENT_3D('',#4160,#4161,#4162);
#4160 = CARTESIAN_POINT('',(-17.78192691837,-302.0494514497,
    284.61462624984));
#4161 = DIRECTION('',(5.982545681734E-03,0.999711528099,
    2.32609056841E-02));
#4162 = DIRECTION('',(6.09150533834E-13,2.32613219591E-02,
    -0.999729418843));
#4163 = PCURVE('',#3926,#4164);
#4164 = DEFINITIONAL_REPRESENTATION('',(#4165),#4169);
#4165 = LINE('',#4166,#4167);
#4166 = CARTESIAN_POINT('',(1.047197551197,6.28318530718));
#4167 = VECTOR('',#4168,1.);
#4168 = DIRECTION('',(3.91278904813E-13,-1.));
#4169 = ( GEOMETRIC_REPRESENTATION_CONTEXT(2) 
PARAMETRIC_REPRESENTATION_CONTEXT() REPRESENTATION_CONTEXT('2D SPACE',''
  ) );
#4170 = PCURVE('',#4171,#4176);
#4171 = CYLINDRICAL_SURFACE('',#4172,2.);
#4172 = AXIS2_PLACEMENT_3D('',#4173,#4174,#4175);
#4173 = CARTESIAN_POINT('',(-17.77863651825,-301.4996101092,
    284.62741974797));
#4174 = DIRECTION('',(-5.982545681734E-03,-0.999711528099,
    -2.326090568401E-02));
#4175 = DIRECTION('',(-6.092091891716E-13,-2.326132195901E-02,
    0.999729418843));
#4176 = DEFINITIONAL_REPRESENTATION('',(#4177),#4181);
#4177 = LINE('',#4178,#4179);
#4178 = CARTESIAN_POINT('',(3.14159265359,0.549999999995));
#4179 = VECTOR('',#4180,1.);
#4180 = DIRECTION('',(-1.,1.119555247875E-13));
#4181 = ( GEOMETRIC_REPRESENTATION_CONTEXT(2) 
PARAMETRIC_REPRESENTATION_CONTEXT() REPRESENTATION_CONTEXT('2D SPACE',''
  ) );
#4182 = ORIENTED_EDGE('',*,*,#4130,.T.);
#4183 = ORIENTED_EDGE('',*,*,#3911,.F.);
#4184 = ADVANCED_FACE('',(#4185),#3983,.T.);
#4185 = FACE_BOUND('',#4186,.T.);
#4186 = EDGE_LOOP('',(#4187,#4188,#4211,#4240));
#4187 = ORIENTED_EDGE('',*,*,#3966,.F.);
#4188 = ORIENTED_EDGE('',*,*,#4189,.T.);
#4189 = EDGE_CURVE('',#3943,#4190,#4192,.T.);
#4190 = VERTEX_POINT('',#4191);
#4191 = CARTESIAN_POINT('',(-17.77000735781,-300.8444670329,
    318.47750695225));
#4192 = SURFACE_CURVE('',#4193,(#4197,#4204),.PCURVE_S1.);
#4193 = LINE('',#4194,#4195);
#4194 = CARTESIAN_POINT('',(-17.77521943948,-301.4837934716,
    308.50190670085));
#4195 = VECTOR('',#4196,1.);
#4196 = DIRECTION('',(5.214132118127E-04,6.395779515834E-02,
    0.99795246809));
#4197 = PCURVE('',#3983,#4198);
#4198 = DEFINITIONAL_REPRESENTATION('',(#4199),#4203);
#4199 = LINE('',#4200,#4201);
#4200 = CARTESIAN_POINT('',(3.14159265359,-1.041389197098E-12));
#4201 = VECTOR('',#4202,1.);
#4202 = DIRECTION('',(0.,1.));
#4203 = ( GEOMETRIC_REPRESENTATION_CONTEXT(2) 
PARAMETRIC_REPRESENTATION_CONTEXT() REPRESENTATION_CONTEXT('2D SPACE',''
  ) );
#4204 = PCURVE('',#4036,#4205);
#4205 = DEFINITIONAL_REPRESENTATION('',(#4206),#4210);
#4206 = LINE('',#4207,#4208);
#4207 = CARTESIAN_POINT('',(3.14159265359,-1.041389197098E-12));
#4208 = VECTOR('',#4209,1.);
#4209 = DIRECTION('',(0.,1.));
#4210 = ( GEOMETRIC_REPRESENTATION_CONTEXT(2) 
PARAMETRIC_REPRESENTATION_CONTEXT() REPRESENTATION_CONTEXT('2D SPACE',''
  ) );
#4211 = ORIENTED_EDGE('',*,*,#4212,.T.);
#4212 = EDGE_CURVE('',#4190,#4213,#4215,.T.);
#4213 = VERTEX_POINT('',#4214);
#4214 = CARTESIAN_POINT('',(-17.74616823666,-296.8527283061,
    318.22166787573));
#4215 = SURFACE_CURVE('',#4216,(#4221,#4228),.PCURVE_S1.);
#4216 = CIRCLE('',#4217,2.);
#4217 = AXIS2_PLACEMENT_3D('',#4218,#4219,#4220);
#4218 = CARTESIAN_POINT('',(-17.75808779723,-298.8485976695,
    318.34958741399));
#4219 = DIRECTION('',(-5.214132118078E-04,-6.395779515832E-02,
    -0.99795246809));
#4220 = DIRECTION('',(-5.959780289291E-03,-0.997934681706,
    6.395976913038E-02));
#4221 = PCURVE('',#3983,#4222);
#4222 = DEFINITIONAL_REPRESENTATION('',(#4223),#4227);
#4223 = LINE('',#4224,#4225);
#4224 = CARTESIAN_POINT('',(3.14159265359,9.99606751862));
#4225 = VECTOR('',#4226,1.);
#4226 = DIRECTION('',(-1.,0.));
#4227 = ( GEOMETRIC_REPRESENTATION_CONTEXT(2) 
PARAMETRIC_REPRESENTATION_CONTEXT() REPRESENTATION_CONTEXT('2D SPACE',''
  ) );
#4228 = PCURVE('',#4229,#4234);
#4229 = TOROIDAL_SURFACE('',#4230,4.,2.);
#4230 = AXIS2_PLACEMENT_3D('',#4231,#4232,#4233);
#4231 = CARTESIAN_POINT('',(-17.78192691839,-302.8403363963,
    318.60542649051));
#4232 = DIRECTION('',(0.999982104413,-5.980926917683E-03,
    -1.391619206297E-04));
#4233 = DIRECTION('',(-5.181036539434E-03,-0.85414491881,-0.520009244659
    ));
#4234 = DEFINITIONAL_REPRESENTATION('',(#4235),#4239);
#4235 = LINE('',#4236,#4237);
#4236 = CARTESIAN_POINT('',(2.530727415393,3.14159265359));
#4237 = VECTOR('',#4238,1.);
#4238 = DIRECTION('',(-2.031314256561E-13,1.));
#4239 = ( GEOMETRIC_REPRESENTATION_CONTEXT(2) 
PARAMETRIC_REPRESENTATION_CONTEXT() REPRESENTATION_CONTEXT('2D SPACE',''
  ) );
#4240 = ORIENTED_EDGE('',*,*,#4241,.F.);
#4241 = EDGE_CURVE('',#3967,#4213,#4242,.T.);
#4242 = SURFACE_CURVE('',#4243,(#4247,#4254),.PCURVE_S1.);
#4243 = LINE('',#4244,#4245);
#4244 = CARTESIAN_POINT('',(-17.75138031833,-297.4920547448,
    308.24606762433));
#4245 = VECTOR('',#4246,1.);
#4246 = DIRECTION('',(5.214132118127E-04,6.395779515834E-02,
    0.99795246809));
#4247 = PCURVE('',#3983,#4248);
#4248 = DEFINITIONAL_REPRESENTATION('',(#4249),#4253);
#4249 = LINE('',#4250,#4251);
#4250 = CARTESIAN_POINT('',(0.,1.15552012403E-12));
#4251 = VECTOR('',#4252,1.);
#4252 = DIRECTION('',(0.,1.));
#4253 = ( GEOMETRIC_REPRESENTATION_CONTEXT(2) 
PARAMETRIC_REPRESENTATION_CONTEXT() REPRESENTATION_CONTEXT('2D SPACE',''
  ) );
#4254 = PCURVE('',#4036,#4255);
#4255 = DEFINITIONAL_REPRESENTATION('',(#4256),#4260);
#4256 = LINE('',#4257,#4258);
#4257 = CARTESIAN_POINT('',(6.28318530718,1.15552012403E-12));
#4258 = VECTOR('',#4259,1.);
#4259 = DIRECTION('',(0.,1.));
#4260 = ( GEOMETRIC_REPRESENTATION_CONTEXT(2) 
PARAMETRIC_REPRESENTATION_CONTEXT() REPRESENTATION_CONTEXT('2D SPACE',''
  ) );
#4261 = ADVANCED_FACE('',(#4262),#4036,.T.);
#4262 = FACE_BOUND('',#4263,.T.);
#4263 = EDGE_LOOP('',(#4264,#4265,#4266,#4267));
#4264 = ORIENTED_EDGE('',*,*,#4189,.F.);
#4265 = ORIENTED_EDGE('',*,*,#4021,.F.);
#4266 = ORIENTED_EDGE('',*,*,#4241,.T.);
#4267 = ORIENTED_EDGE('',*,*,#4268,.T.);
#4268 = EDGE_CURVE('',#4213,#4190,#4269,.T.);
#4269 = SURFACE_CURVE('',#4270,(#4275,#4282),.PCURVE_S1.);
#4270 = CIRCLE('',#4271,2.);
#4271 = AXIS2_PLACEMENT_3D('',#4272,#4273,#4274);
#4272 = CARTESIAN_POINT('',(-17.75808779723,-298.8485976695,
    318.34958741399));
#4273 = DIRECTION('',(-5.214132118078E-04,-6.395779515832E-02,
    -0.99795246809));
#4274 = DIRECTION('',(-5.959780289291E-03,-0.997934681706,
    6.395976913038E-02));
#4275 = PCURVE('',#4036,#4276);
#4276 = DEFINITIONAL_REPRESENTATION('',(#4277),#4281);
#4277 = LINE('',#4278,#4279);
#4278 = CARTESIAN_POINT('',(9.424777960769,9.99606751862));
#4279 = VECTOR('',#4280,1.);
#4280 = DIRECTION('',(-1.,-3.618764437576E-14));
#4281 = ( GEOMETRIC_REPRESENTATION_CONTEXT(2) 
PARAMETRIC_REPRESENTATION_CONTEXT() REPRESENTATION_CONTEXT('2D SPACE',''
  ) );
#4282 = PCURVE('',#4283,#4288);
#4283 = TOROIDAL_SURFACE('',#4284,4.,2.);
#4284 = AXIS2_PLACEMENT_3D('',#4285,#4286,#4287);
#4285 = CARTESIAN_POINT('',(-17.78192691839,-302.8403363963,
    318.60542649051));
#4286 = DIRECTION('',(0.999982104413,-5.980926917683E-03,
    -1.391619206297E-04));
#4287 = DIRECTION('',(-5.181036539434E-03,-0.85414491881,-0.520009244659
    ));
#4288 = DEFINITIONAL_REPRESENTATION('',(#4289),#4293);
#4289 = LINE('',#4290,#4291);
#4290 = CARTESIAN_POINT('',(2.530727415391,-3.14159265359));
#4291 = VECTOR('',#4292,1.);
#4292 = DIRECTION('',(2.777684421811E-13,1.));
#4293 = ( GEOMETRIC_REPRESENTATION_CONTEXT(2) 
PARAMETRIC_REPRESENTATION_CONTEXT() REPRESENTATION_CONTEXT('2D SPACE',''
  ) );
#4294 = ADVANCED_FACE('',(#4295),#4073,.T.);
#4295 = FACE_BOUND('',#4296,.T.);
#4296 = EDGE_LOOP('',(#4297,#4320,#4321,#4344));
#4297 = ORIENTED_EDGE('',*,*,#4298,.F.);
#4298 = EDGE_CURVE('',#4057,#4299,#4301,.T.);
#4299 = VERTEX_POINT('',#4300);
#4300 = CARTESIAN_POINT('',(-17.81483091962,-307.5013422103,
    282.48723243089));
#4301 = SURFACE_CURVE('',#4302,(#4306,#4313),.PCURVE_S1.);
#4302 = LINE('',#4303,#4304);
#4303 = CARTESIAN_POINT('',(-17.77863651824,-301.4530874653,
    282.62796091028));
#4304 = VECTOR('',#4305,1.);
#4305 = DIRECTION('',(-5.982545681734E-03,-0.999711528099,
    -2.326090568401E-02));
#4306 = PCURVE('',#4073,#4307);
#4307 = DEFINITIONAL_REPRESENTATION('',(#4308),#4312);
#4308 = LINE('',#4309,#4310);
#4309 = CARTESIAN_POINT('',(3.14159265359,-1.912581204522E-12));
#4310 = VECTOR('',#4311,1.);
#4311 = DIRECTION('',(-1.291895883201E-15,1.));
#4312 = ( GEOMETRIC_REPRESENTATION_CONTEXT(2) 
PARAMETRIC_REPRESENTATION_CONTEXT() REPRESENTATION_CONTEXT('2D SPACE',''
  ) );
#4313 = PCURVE('',#4171,#4314);
#4314 = DEFINITIONAL_REPRESENTATION('',(#4315),#4319);
#4315 = LINE('',#4316,#4317);
#4316 = CARTESIAN_POINT('',(3.14159265359,-1.912581204522E-12));
#4317 = VECTOR('',#4318,1.);
#4318 = DIRECTION('',(-1.291895883201E-15,1.));
#4319 = ( GEOMETRIC_REPRESENTATION_CONTEXT(2) 
PARAMETRIC_REPRESENTATION_CONTEXT() REPRESENTATION_CONTEXT('2D SPACE',''
  ) );
#4320 = ORIENTED_EDGE('',*,*,#4054,.F.);
#4321 = ORIENTED_EDGE('',*,*,#4322,.T.);
#4322 = EDGE_CURVE('',#4055,#4323,#4325,.T.);
#4323 = VERTEX_POINT('',#4324);
#4324 = CARTESIAN_POINT('',(-17.81483091962,-307.5943874982,
    286.48615010627));
#4325 = SURFACE_CURVE('',#4326,(#4330,#4337),.PCURVE_S1.);
#4326 = LINE('',#4327,#4328);
#4327 = CARTESIAN_POINT('',(-17.77863651825,-301.5461327532,
    286.62687858565));
#4328 = VECTOR('',#4329,1.);
#4329 = DIRECTION('',(-5.982545681734E-03,-0.999711528099,
    -2.326090568401E-02));
#4330 = PCURVE('',#4073,#4331);
#4331 = DEFINITIONAL_REPRESENTATION('',(#4332),#4336);
#4332 = LINE('',#4333,#4334);
#4333 = CARTESIAN_POINT('',(6.28318530718,2.145283950483E-12));
#4334 = VECTOR('',#4335,1.);
#4335 = DIRECTION('',(0.,1.));
#4336 = ( GEOMETRIC_REPRESENTATION_CONTEXT(2) 
PARAMETRIC_REPRESENTATION_CONTEXT() REPRESENTATION_CONTEXT('2D SPACE',''
  ) );
#4337 = PCURVE('',#4171,#4338);
#4338 = DEFINITIONAL_REPRESENTATION('',(#4339),#4343);
#4339 = LINE('',#4340,#4341);
#4340 = CARTESIAN_POINT('',(0.,2.145283950483E-12));
#4341 = VECTOR('',#4342,1.);
#4342 = DIRECTION('',(0.,1.));
#4343 = ( GEOMETRIC_REPRESENTATION_CONTEXT(2) 
PARAMETRIC_REPRESENTATION_CONTEXT() REPRESENTATION_CONTEXT('2D SPACE',''
  ) );
#4344 = ORIENTED_EDGE('',*,*,#4345,.T.);
#4345 = EDGE_CURVE('',#4323,#4299,#4346,.T.);
#4346 = SURFACE_CURVE('',#4347,(#4352,#4359),.PCURVE_S1.);
#4347 = CIRCLE('',#4348,2.);
#4348 = AXIS2_PLACEMENT_3D('',#4349,#4350,#4351);
#4349 = CARTESIAN_POINT('',(-17.81483091962,-307.5478648542,
    284.48669126858));
#4350 = DIRECTION('',(5.982545681713E-03,0.999711528099,
    2.326090568408E-02));
#4351 = DIRECTION('',(6.092023586979E-13,2.326132195908E-02,
    -0.999729418843));
#4352 = PCURVE('',#4073,#4353);
#4353 = DEFINITIONAL_REPRESENTATION('',(#4354),#4358);
#4354 = LINE('',#4355,#4356);
#4355 = CARTESIAN_POINT('',(9.424777960769,6.050000000002));
#4356 = VECTOR('',#4357,1.);
#4357 = DIRECTION('',(-1.,-8.820738316591E-14));
#4358 = ( GEOMETRIC_REPRESENTATION_CONTEXT(2) 
PARAMETRIC_REPRESENTATION_CONTEXT() REPRESENTATION_CONTEXT('2D SPACE',''
  ) );
#4359 = PCURVE('',#4360,#4365);
#4360 = TOROIDAL_SURFACE('',#4361,4.,2.);
#4361 = AXIS2_PLACEMENT_3D('',#4362,#4363,#4364);
#4362 = CARTESIAN_POINT('',(-17.81483091962,-307.6409101421,
    288.48560894395));
#4363 = DIRECTION('',(0.999982104413,-5.980926917683E-03,
    -1.391619206297E-04));
#4364 = DIRECTION('',(-5.181036539434E-03,-0.85414491881,-0.520009244659
    ));
#4365 = DEFINITIONAL_REPRESENTATION('',(#4366),#4370);
#4366 = LINE('',#4367,#4368);
#4367 = CARTESIAN_POINT('',(1.047197551191,6.28318530718));
#4368 = VECTOR('',#4369,1.);
#4369 = DIRECTION('',(6.66361545263E-13,-1.));
#4370 = ( GEOMETRIC_REPRESENTATION_CONTEXT(2) 
PARAMETRIC_REPRESENTATION_CONTEXT() REPRESENTATION_CONTEXT('2D SPACE',''
  ) );
#4371 = ADVANCED_FACE('',(#4372),#4171,.T.);
#4372 = FACE_BOUND('',#4373,.T.);
#4373 = EDGE_LOOP('',(#4374,#4375,#4376,#4403));
#4374 = ORIENTED_EDGE('',*,*,#4156,.F.);
#4375 = ORIENTED_EDGE('',*,*,#4298,.T.);
#4376 = ORIENTED_EDGE('',*,*,#4377,.T.);
#4377 = EDGE_CURVE('',#4299,#4323,#4378,.T.);
#4378 = SURFACE_CURVE('',#4379,(#4384,#4391),.PCURVE_S1.);
#4379 = CIRCLE('',#4380,2.);
#4380 = AXIS2_PLACEMENT_3D('',#4381,#4382,#4383);
#4381 = CARTESIAN_POINT('',(-17.81483091962,-307.5478648542,
    284.48669126858));
#4382 = DIRECTION('',(5.982545681713E-03,0.999711528099,
    2.326090568408E-02));
#4383 = DIRECTION('',(6.092023586979E-13,2.326132195908E-02,
    -0.999729418843));
#4384 = PCURVE('',#4171,#4385);
#4385 = DEFINITIONAL_REPRESENTATION('',(#4386),#4390);
#4386 = LINE('',#4387,#4388);
#4387 = CARTESIAN_POINT('',(3.14159265359,6.050000000001));
#4388 = VECTOR('',#4389,1.);
#4389 = DIRECTION('',(-1.,8.820738316593E-14));
#4390 = ( GEOMETRIC_REPRESENTATION_CONTEXT(2) 
PARAMETRIC_REPRESENTATION_CONTEXT() REPRESENTATION_CONTEXT('2D SPACE',''
  ) );
#4391 = PCURVE('',#4392,#4397);
#4392 = TOROIDAL_SURFACE('',#4393,4.,2.);
#4393 = AXIS2_PLACEMENT_3D('',#4394,#4395,#4396);
#4394 = CARTESIAN_POINT('',(-17.81483091962,-307.6409101421,
    288.48560894395));
#4395 = DIRECTION('',(0.999982104413,-5.980926917683E-03,
    -1.391619206297E-04));
#4396 = DIRECTION('',(-5.181036539434E-03,-0.85414491881,-0.520009244659
    ));
#4397 = DEFINITIONAL_REPRESENTATION('',(#4398),#4402);
#4398 = LINE('',#4399,#4400);
#4399 = CARTESIAN_POINT('',(1.047197551195,6.28318530718));
#4400 = VECTOR('',#4401,1.);
#4401 = DIRECTION('',(-6.544874744523E-13,-1.));
#4402 = ( GEOMETRIC_REPRESENTATION_CONTEXT(2) 
PARAMETRIC_REPRESENTATION_CONTEXT() REPRESENTATION_CONTEXT('2D SPACE',''
  ) );
#4403 = ORIENTED_EDGE('',*,*,#4322,.F.);
#4404 = ADVANCED_FACE('',(#4405),#4229,.T.);
#4405 = FACE_BOUND('',#4406,.T.);
#4406 = EDGE_LOOP('',(#4407,#4431,#4432,#4456));
#4407 = ORIENTED_EDGE('',*,*,#4408,.F.);
#4408 = EDGE_CURVE('',#4213,#4409,#4411,.T.);
#4409 = VERTEX_POINT('',#4410);
#4410 = CARTESIAN_POINT('',(-17.78192691839,-302.9799043281,
    324.60380300357));
#4411 = SURFACE_CURVE('',#4412,(#4417,#4424),.PCURVE_S1.);
#4412 = CIRCLE('',#4413,6.);
#4413 = AXIS2_PLACEMENT_3D('',#4414,#4415,#4416);
#4414 = CARTESIAN_POINT('',(-17.78192691839,-302.8403363963,
    318.60542649051));
#4415 = DIRECTION('',(0.999982104413,-5.980926917683E-03,
    -1.391619206297E-04));
#4416 = DIRECTION('',(5.980926975596E-03,0.999982114096,
    -3.938491446496E-18));
#4417 = PCURVE('',#4229,#4418);
#4418 = DEFINITIONAL_REPRESENTATION('',(#4419),#4423);
#4419 = LINE('',#4420,#4421);
#4420 = CARTESIAN_POINT('',(-3.688454433237,6.28318530718));
#4421 = VECTOR('',#4422,1.);
#4422 = DIRECTION('',(1.,0.));
#4423 = ( GEOMETRIC_REPRESENTATION_CONTEXT(2) 
PARAMETRIC_REPRESENTATION_CONTEXT() REPRESENTATION_CONTEXT('2D SPACE',''
  ) );
#4424 = PCURVE('',#4283,#4425);
#4425 = DEFINITIONAL_REPRESENTATION('',(#4426),#4430);
#4426 = LINE('',#4427,#4428);
#4427 = CARTESIAN_POINT('',(-3.688454433237,0.));
#4428 = VECTOR('',#4429,1.);
#4429 = DIRECTION('',(1.,0.));
#4430 = ( GEOMETRIC_REPRESENTATION_CONTEXT(2) 
PARAMETRIC_REPRESENTATION_CONTEXT() REPRESENTATION_CONTEXT('2D SPACE',''
  ) );
#4431 = ORIENTED_EDGE('',*,*,#4212,.F.);
#4432 = ORIENTED_EDGE('',*,*,#4433,.T.);
#4433 = EDGE_CURVE('',#4190,#4434,#4436,.T.);
#4434 = VERTEX_POINT('',#4435);
#4435 = CARTESIAN_POINT('',(-17.78192691839,-302.8868590402,
    320.6048853282));
#4436 = SURFACE_CURVE('',#4437,(#4442,#4449),.PCURVE_S1.);
#4437 = CIRCLE('',#4438,2.);
#4438 = AXIS2_PLACEMENT_3D('',#4439,#4440,#4441);
#4439 = CARTESIAN_POINT('',(-17.78192691839,-302.8403363963,
    318.60542649051));
#4440 = DIRECTION('',(0.999982104413,-5.980926917683E-03,
    -1.391619206297E-04));
#4441 = DIRECTION('',(5.980926975596E-03,0.999982114096,
    -3.617677717723E-18));
#4442 = PCURVE('',#4229,#4443);
#4443 = DEFINITIONAL_REPRESENTATION('',(#4444),#4448);
#4444 = LINE('',#4445,#4446);
#4445 = CARTESIAN_POINT('',(-3.688454433237,3.14159265359));
#4446 = VECTOR('',#4447,1.);
#4447 = DIRECTION('',(1.,-4.285378939248E-15));
#4448 = ( GEOMETRIC_REPRESENTATION_CONTEXT(2) 
PARAMETRIC_REPRESENTATION_CONTEXT() REPRESENTATION_CONTEXT('2D SPACE',''
  ) );
#4449 = PCURVE('',#4283,#4450);
#4450 = DEFINITIONAL_REPRESENTATION('',(#4451),#4455);
#4451 = LINE('',#4452,#4453);
#4452 = CARTESIAN_POINT('',(-3.688454433237,3.14159265359));
#4453 = VECTOR('',#4454,1.);
#4454 = DIRECTION('',(1.,-4.285378939248E-15));
#4455 = ( GEOMETRIC_REPRESENTATION_CONTEXT(2) 
PARAMETRIC_REPRESENTATION_CONTEXT() REPRESENTATION_CONTEXT('2D SPACE',''
  ) );
#4456 = ORIENTED_EDGE('',*,*,#4457,.T.);
#4457 = EDGE_CURVE('',#4434,#4409,#4458,.T.);
#4458 = SURFACE_CURVE('',#4459,(#4464,#4471),.PCURVE_S1.);
#4459 = CIRCLE('',#4460,2.);
#4460 = AXIS2_PLACEMENT_3D('',#4461,#4462,#4463);
#4461 = CARTESIAN_POINT('',(-17.78192691839,-302.9333816841,
    322.60434416589));
#4462 = DIRECTION('',(5.982545681746E-03,0.999711528099,
    2.32609056843E-02));
#4463 = DIRECTION('',(6.091398273376E-13,2.32613219593E-02,
    -0.999729418843));
#4464 = PCURVE('',#4229,#4465);
#4465 = DEFINITIONAL_REPRESENTATION('',(#4466),#4470);
#4466 = LINE('',#4467,#4468);
#4467 = CARTESIAN_POINT('',(4.188790204783,3.14159265359));
#4468 = VECTOR('',#4469,1.);
#4469 = DIRECTION('',(7.856676853144E-13,1.));
#4470 = ( GEOMETRIC_REPRESENTATION_CONTEXT(2) 
PARAMETRIC_REPRESENTATION_CONTEXT() REPRESENTATION_CONTEXT('2D SPACE',''
  ) );
#4471 = PCURVE('',#4472,#4477);
#4472 = CYLINDRICAL_SURFACE('',#4473,2.);
#4473 = AXIS2_PLACEMENT_3D('',#4474,#4475,#4476);
#4474 = CARTESIAN_POINT('',(-17.77863651827,-302.3835403437,
    322.61713766401));
#4475 = DIRECTION('',(-5.982545681734E-03,-0.999711528099,
    -2.326090568428E-02));
#4476 = DIRECTION('',(-6.091539490709E-13,-2.326132195928E-02,
    0.999729418843));
#4477 = DEFINITIONAL_REPRESENTATION('',(#4478),#4482);
#4478 = LINE('',#4479,#4480);
#4479 = CARTESIAN_POINT('',(3.14159265359,0.549999999995));
#4480 = VECTOR('',#4481,1.);
#4481 = DIRECTION('',(-1.,2.940246105531E-14));
#4482 = ( GEOMETRIC_REPRESENTATION_CONTEXT(2) 
PARAMETRIC_REPRESENTATION_CONTEXT() REPRESENTATION_CONTEXT('2D SPACE',''
  ) );
#4483 = ADVANCED_FACE('',(#4484),#4283,.T.);
#4484 = FACE_BOUND('',#4485,.T.);
#4485 = EDGE_LOOP('',(#4486,#4487,#4488,#4515));
#4486 = ORIENTED_EDGE('',*,*,#4268,.F.);
#4487 = ORIENTED_EDGE('',*,*,#4408,.T.);
#4488 = ORIENTED_EDGE('',*,*,#4489,.T.);
#4489 = EDGE_CURVE('',#4409,#4434,#4490,.T.);
#4490 = SURFACE_CURVE('',#4491,(#4496,#4503),.PCURVE_S1.);
#4491 = CIRCLE('',#4492,2.);
#4492 = AXIS2_PLACEMENT_3D('',#4493,#4494,#4495);
#4493 = CARTESIAN_POINT('',(-17.78192691839,-302.9333816841,
    322.60434416589));
#4494 = DIRECTION('',(5.982545681746E-03,0.999711528099,
    2.32609056843E-02));
#4495 = DIRECTION('',(6.091398273376E-13,2.32613219593E-02,
    -0.999729418843));
#4496 = PCURVE('',#4283,#4497);
#4497 = DEFINITIONAL_REPRESENTATION('',(#4498),#4502);
#4498 = LINE('',#4499,#4500);
#4499 = CARTESIAN_POINT('',(4.188790204788,-3.14159265359));
#4500 = VECTOR('',#4501,1.);
#4501 = DIRECTION('',(-7.825578096259E-13,1.));
#4502 = ( GEOMETRIC_REPRESENTATION_CONTEXT(2) 
PARAMETRIC_REPRESENTATION_CONTEXT() REPRESENTATION_CONTEXT('2D SPACE',''
  ) );
#4503 = PCURVE('',#4504,#4509);
#4504 = CYLINDRICAL_SURFACE('',#4505,2.);
#4505 = AXIS2_PLACEMENT_3D('',#4506,#4507,#4508);
#4506 = CARTESIAN_POINT('',(-17.77863651827,-302.3835403437,
    322.61713766401));
#4507 = DIRECTION('',(-5.982545681734E-03,-0.999711528099,
    -2.326090568428E-02));
#4508 = DIRECTION('',(-6.091539490709E-13,-2.326132195928E-02,
    0.999729418843));
#4509 = DEFINITIONAL_REPRESENTATION('',(#4510),#4514);
#4510 = LINE('',#4511,#4512);
#4511 = CARTESIAN_POINT('',(9.424777960769,0.549999999996));
#4512 = VECTOR('',#4513,1.);
#4513 = DIRECTION('',(-1.,-2.940246105531E-14));
#4514 = ( GEOMETRIC_REPRESENTATION_CONTEXT(2) 
PARAMETRIC_REPRESENTATION_CONTEXT() REPRESENTATION_CONTEXT('2D SPACE',''
  ) );
#4515 = ORIENTED_EDGE('',*,*,#4433,.F.);
#4516 = ADVANCED_FACE('',(#4517),#4360,.T.);
#4517 = FACE_BOUND('',#4518,.T.);
#4518 = EDGE_LOOP('',(#4519,#4600,#4622,#4623,#4647,#4676,#4806));
#4519 = ORIENTED_EDGE('',*,*,#4520,.F.);
#4520 = EDGE_CURVE('',#4521,#4523,#4525,.T.);
#4521 = VERTEX_POINT('',#4522);
#4522 = CARTESIAN_POINT('',(-17.84205345357,-312.098952733,284.47));
#4523 = VERTEX_POINT('',#4524);
#4524 = CARTESIAN_POINT('',(-16.1886730256,-310.8534323826,284.47));
#4525 = SURFACE_CURVE('',#4526,(#4547,#4571),.PCURVE_S1.);
#4526 = B_SPLINE_CURVE_WITH_KNOTS('',7,(#4527,#4528,#4529,#4530,#4531,
    #4532,#4533,#4534,#4535,#4536,#4537,#4538,#4539,#4540,#4541,#4542,
    #4543,#4544,#4545,#4546),.UNSPECIFIED.,.F.,.F.,(8,6,6,8),(0.,
    0.373454261792,0.575851540262,1.),.UNSPECIFIED.);
#4527 = CARTESIAN_POINT('',(-17.84205345357,-312.098952733,284.47));
#4528 = CARTESIAN_POINT('',(-17.69483265653,-312.0998517202,284.47));
#4529 = CARTESIAN_POINT('',(-17.54739832126,-312.0837349819,284.47));
#4530 = CARTESIAN_POINT('',(-17.40217962385,-312.0505431029,284.47));
#4531 = CARTESIAN_POINT('',(-17.26122489316,-312.0010348211,284.47));
#4532 = CARTESIAN_POINT('',(-17.1262401103,-311.936366898,284.47));
#4533 = CARTESIAN_POINT('',(-16.99858106584,-311.8580536112,284.47));
#4534 = CARTESIAN_POINT('',(-16.81455576402,-311.7190785721,284.47));
#4535 = CARTESIAN_POINT('',(-16.75227455557,-311.6667292919,284.47));
#4536 = CARTESIAN_POINT('',(-16.69252134483,-311.6111351392,284.47));
#4537 = CARTESIAN_POINT('',(-16.63538321998,-311.5525565928,284.47));
#4538 = CARTESIAN_POINT('',(-16.58091055791,-311.4912504474,284.47));
#4539 = CARTESIAN_POINT('',(-16.52912218308,-311.4274638415,284.47));
#4540 = CARTESIAN_POINT('',(-16.37709099304,-311.2230426285,284.47));
#4541 = CARTESIAN_POINT('',(-16.28597463565,-311.0748456413,284.47));
#4542 = CARTESIAN_POINT('',(-16.20648826983,-310.9188805354,284.47));
#4543 = CARTESIAN_POINT('',(-16.1380647007,-310.7569374732,284.47));
#4544 = CARTESIAN_POINT('',(-16.07986209822,-310.5905002217,284.47));
#4545 = CARTESIAN_POINT('',(-16.03087420881,-310.4207004775,284.47));
#4546 = CARTESIAN_POINT('',(-15.99003140349,-310.2482798605,284.47));
#4547 = PCURVE('',#4360,#4548);
#4548 = DEFINITIONAL_REPRESENTATION('',(#4549),#4570);
#4549 = B_SPLINE_CURVE_WITH_KNOTS('',7,(#4550,#4551,#4552,#4553,#4554,
    #4555,#4556,#4557,#4558,#4559,#4560,#4561,#4562,#4563,#4564,#4565,
    #4566,#4567,#4568,#4569),.UNSPECIFIED.,.F.,.F.,(8,6,6,8),(0.,
    0.373454261792,0.575851540262,1.),.UNSPECIFIED.);
#4550 = CARTESIAN_POINT('',(0.186361623421,-3.552713678801E-15));
#4551 = CARTESIAN_POINT('',(0.186357027788,7.361176960953E-02));
#4552 = CARTESIAN_POINT('',(0.188250574409,0.147279349887));
#4553 = CARTESIAN_POINT('',(0.192047102029,0.220440041373));
#4554 = CARTESIAN_POINT('',(0.197711677685,0.292725867888));
#4555 = CARTESIAN_POINT('',(0.205213648766,0.363814406468));
#4556 = CARTESIAN_POINT('',(0.214510906625,0.433392624749));
#4557 = CARTESIAN_POINT('',(0.231495606622,0.537829131397));
#4558 = CARTESIAN_POINT('',(0.237973799099,0.574017333258));
#4559 = CARTESIAN_POINT('',(0.244952438586,0.609651469869));
#4560 = CARTESIAN_POINT('',(0.252423662509,0.644702329191));
#4561 = CARTESIAN_POINT('',(0.260379877959,0.679145783116));
#4562 = CARTESIAN_POINT('',(0.268813841701,0.712961611815));
#4563 = CARTESIAN_POINT('',(0.296380053289,0.815645655173));
#4564 = CARTESIAN_POINT('',(0.317100861861,0.882293462101));
#4565 = CARTESIAN_POINT('',(0.339829607898,0.945978088592));
#4566 = CARTESIAN_POINT('',(0.364523097536,1.00660493106));
#4567 = CARTESIAN_POINT('',(0.391134794747,1.064082812717));
#4568 = CARTESIAN_POINT('',(0.41961727053,1.118325736858));
#4569 = CARTESIAN_POINT('',(0.449938807633,1.169256023314));
#4570 = ( GEOMETRIC_REPRESENTATION_CONTEXT(2) 
PARAMETRIC_REPRESENTATION_CONTEXT() REPRESENTATION_CONTEXT('2D SPACE',''
  ) );
#4571 = PCURVE('',#4572,#4577);
#4572 = PLANE('',#4573);
#4573 = AXIS2_PLACEMENT_3D('',#4574,#4575,#4576);
#4574 = CARTESIAN_POINT('',(-16.7,-316.9049576035,284.47));
#4575 = DIRECTION('',(0.,0.,1.));
#4576 = DIRECTION('',(0.,1.,0.));
#4577 = DEFINITIONAL_REPRESENTATION('',(#4578),#4599);
#4578 = B_SPLINE_CURVE_WITH_KNOTS('',7,(#4579,#4580,#4581,#4582,#4583,
    #4584,#4585,#4586,#4587,#4588,#4589,#4590,#4591,#4592,#4593,#4594,
    #4595,#4596,#4597,#4598),.UNSPECIFIED.,.F.,.F.,(8,6,6,8),(0.,
    0.373454261792,0.575851540262,1.),.UNSPECIFIED.);
#4579 = CARTESIAN_POINT('',(4.806004870409,1.142053453576));
#4580 = CARTESIAN_POINT('',(4.805105883227,0.994832656531));
#4581 = CARTESIAN_POINT('',(4.821222621567,0.847398321269));
#4582 = CARTESIAN_POINT('',(4.85441450058,0.702179623855));
#4583 = CARTESIAN_POINT('',(4.903922782362,0.561224893164));
#4584 = CARTESIAN_POINT('',(4.968590705446,0.426240110302));
#4585 = CARTESIAN_POINT('',(5.046903992286,0.298581065848));
#4586 = CARTESIAN_POINT('',(5.185879031387,0.11455576402));
#4587 = CARTESIAN_POINT('',(5.238228311529,5.227455557182E-02));
#4588 = CARTESIAN_POINT('',(5.293822464214,-7.478655170351E-03));
#4589 = CARTESIAN_POINT('',(5.352401010683,-6.461678001235E-02));
#4590 = CARTESIAN_POINT('',(5.413707156045,-0.119089442086));
#4591 = CARTESIAN_POINT('',(5.477493761998,-0.170877816913));
#4592 = CARTESIAN_POINT('',(5.681914974903,-0.322909006954));
#4593 = CARTESIAN_POINT('',(5.830111962141,-0.414025364342));
#4594 = CARTESIAN_POINT('',(5.986077068063,-0.493511730165));
#4595 = CARTESIAN_POINT('',(6.148020130277,-0.561935299293));
#4596 = CARTESIAN_POINT('',(6.314457381719,-0.620137901775));
#4597 = CARTESIAN_POINT('',(6.484257125918,-0.66912579119));
#4598 = CARTESIAN_POINT('',(6.65667774299,-0.709968596509));
#4599 = ( GEOMETRIC_REPRESENTATION_CONTEXT(2) 
PARAMETRIC_REPRESENTATION_CONTEXT() REPRESENTATION_CONTEXT('2D SPACE',''
  ) );
#4600 = ORIENTED_EDGE('',*,*,#4601,.T.);
#4601 = EDGE_CURVE('',#4521,#4299,#4602,.T.);
#4602 = SURFACE_CURVE('',#4603,(#4608,#4615),.PCURVE_S1.);
#4603 = CIRCLE('',#4604,6.);
#4604 = AXIS2_PLACEMENT_3D('',#4605,#4606,#4607);
#4605 = CARTESIAN_POINT('',(-17.81483091962,-307.6409101421,
    288.48560894395));
#4606 = DIRECTION('',(0.999982104413,-5.980926917683E-03,
    -1.391619206297E-04));
#4607 = DIRECTION('',(5.980926975596E-03,0.999982114096,
    -3.917315622814E-18));
#4608 = PCURVE('',#4360,#4609);
#4609 = DEFINITIONAL_REPRESENTATION('',(#4610),#4614);
#4610 = LINE('',#4611,#4612);
#4611 = CARTESIAN_POINT('',(-3.688454433236,0.));
#4612 = VECTOR('',#4613,1.);
#4613 = DIRECTION('',(1.,0.));
#4614 = ( GEOMETRIC_REPRESENTATION_CONTEXT(2) 
PARAMETRIC_REPRESENTATION_CONTEXT() REPRESENTATION_CONTEXT('2D SPACE',''
  ) );
#4615 = PCURVE('',#4392,#4616);
#4616 = DEFINITIONAL_REPRESENTATION('',(#4617),#4621);
#4617 = LINE('',#4618,#4619);
#4618 = CARTESIAN_POINT('',(-3.688454433236,6.28318530718));
#4619 = VECTOR('',#4620,1.);
#4620 = DIRECTION('',(1.,0.));
#4621 = ( GEOMETRIC_REPRESENTATION_CONTEXT(2) 
PARAMETRIC_REPRESENTATION_CONTEXT() REPRESENTATION_CONTEXT('2D SPACE',''
  ) );
#4622 = ORIENTED_EDGE('',*,*,#4345,.F.);
#4623 = ORIENTED_EDGE('',*,*,#4624,.F.);
#4624 = EDGE_CURVE('',#4625,#4323,#4627,.T.);
#4625 = VERTEX_POINT('',#4626);
#4626 = CARTESIAN_POINT('',(-17.8251929927,-309.3491999797,
    287.44559045463));
#4627 = SURFACE_CURVE('',#4628,(#4633,#4640),.PCURVE_S1.);
#4628 = CIRCLE('',#4629,2.);
#4629 = AXIS2_PLACEMENT_3D('',#4630,#4631,#4632);
#4630 = CARTESIAN_POINT('',(-17.81483091962,-307.6409101421,
    288.48560894395));
#4631 = DIRECTION('',(0.999982104413,-5.980926917683E-03,
    -1.391619206297E-04));
#4632 = DIRECTION('',(5.980926975596E-03,0.999982114096,
    -3.553832609324E-18));
#4633 = PCURVE('',#4360,#4634);
#4634 = DEFINITIONAL_REPRESENTATION('',(#4635),#4639);
#4635 = LINE('',#4636,#4637);
#4636 = CARTESIAN_POINT('',(-3.688454433235,3.14159265359));
#4637 = VECTOR('',#4638,1.);
#4638 = DIRECTION('',(1.,4.240739575301E-16));
#4639 = ( GEOMETRIC_REPRESENTATION_CONTEXT(2) 
PARAMETRIC_REPRESENTATION_CONTEXT() REPRESENTATION_CONTEXT('2D SPACE',''
  ) );
#4640 = PCURVE('',#4392,#4641);
#4641 = DEFINITIONAL_REPRESENTATION('',(#4642),#4646);
#4642 = LINE('',#4643,#4644);
#4643 = CARTESIAN_POINT('',(-3.688454433235,3.14159265359));
#4644 = VECTOR('',#4645,1.);
#4645 = DIRECTION('',(1.,4.240739575301E-16));
#4646 = ( GEOMETRIC_REPRESENTATION_CONTEXT(2) 
PARAMETRIC_REPRESENTATION_CONTEXT() REPRESENTATION_CONTEXT('2D SPACE',''
  ) );
#4647 = ORIENTED_EDGE('',*,*,#4648,.F.);
#4648 = EDGE_CURVE('',#4649,#4625,#4651,.T.);
#4649 = VERTEX_POINT('',#4650);
#4650 = CARTESIAN_POINT('',(-16.0235545437,-311.783390066,285.97));
#4651 = SURFACE_CURVE('',#4652,(#4657,#4664),.PCURVE_S1.);
#4652 = CIRCLE('',#4653,2.);
#4653 = AXIS2_PLACEMENT_3D('',#4654,#4655,#4656);
#4654 = CARTESIAN_POINT('',(-17.83555506578,-311.0574898173,
    286.40557196532));
#4655 = DIRECTION('',(-2.991272841374E-03,-0.520000659792,0.854160620787
    ));
#4656 = DIRECTION('',(7.491837011875E-15,-0.854164442205,-0.520002986216
    ));
#4657 = PCURVE('',#4360,#4658);
#4658 = DEFINITIONAL_REPRESENTATION('',(#4659),#4663);
#4659 = LINE('',#4660,#4661);
#4660 = CARTESIAN_POINT('',(0.,-6.278004224281));
#4661 = VECTOR('',#4662,1.);
#4662 = DIRECTION('',(0.,1.));
#4663 = ( GEOMETRIC_REPRESENTATION_CONTEXT(2) 
PARAMETRIC_REPRESENTATION_CONTEXT() REPRESENTATION_CONTEXT('2D SPACE',''
  ) );
#4664 = PCURVE('',#4665,#4670);
#4665 = TOROIDAL_SURFACE('',#4666,4.,2.);
#4666 = AXIS2_PLACEMENT_3D('',#4667,#4668,#4669);
#4667 = CARTESIAN_POINT('',(-17.81483091962,-307.6409101421,
    288.48560894395));
#4668 = DIRECTION('',(0.999982104413,-5.980926917683E-03,
    -1.391619206297E-04));
#4669 = DIRECTION('',(-5.181036539434E-03,-0.85414491881,-0.520009244659
    ));
#4670 = DEFINITIONAL_REPRESENTATION('',(#4671),#4675);
#4671 = LINE('',#4672,#4673);
#4672 = CARTESIAN_POINT('',(6.28318530718,-6.278004224281));
#4673 = VECTOR('',#4674,1.);
#4674 = DIRECTION('',(0.,1.));
#4675 = ( GEOMETRIC_REPRESENTATION_CONTEXT(2) 
PARAMETRIC_REPRESENTATION_CONTEXT() REPRESENTATION_CONTEXT('2D SPACE',''
  ) );
#4676 = ORIENTED_EDGE('',*,*,#4677,.F.);
#4677 = EDGE_CURVE('',#4678,#4649,#4680,.T.);
#4678 = VERTEX_POINT('',#4679);
#4679 = CARTESIAN_POINT('',(-15.8338314726,-310.7211158121,285.97));
#4680 = SURFACE_CURVE('',#4681,(#4719,#4760),.PCURVE_S1.);
#4681 = B_SPLINE_CURVE_WITH_KNOTS('',8,(#4682,#4683,#4684,#4685,#4686,
    #4687,#4688,#4689,#4690,#4691,#4692,#4693,#4694,#4695,#4696,#4697,
    #4698,#4699,#4700,#4701,#4702,#4703,#4704,#4705,#4706,#4707,#4708,
    #4709,#4710,#4711,#4712,#4713,#4714,#4715,#4716,#4717,#4718),
  .UNSPECIFIED.,.F.,.F.,(9,7,7,7,7,9),(0.,1.340706825855E-02,
    0.266846297966,0.355863159801,0.665325641069,1.),.UNSPECIFIED.);
#4682 = CARTESIAN_POINT('',(-16.47394099703,-307.5904021648,285.97));
#4683 = CARTESIAN_POINT('',(-16.47417075162,-307.5976446446,285.97));
#4684 = CARTESIAN_POINT('',(-16.47437422614,-307.6048879794,285.97));
#4685 = CARTESIAN_POINT('',(-16.47455137435,-307.6121320559,285.97));
#4686 = CARTESIAN_POINT('',(-16.47470215902,-307.6193767602,285.97));
#4687 = CARTESIAN_POINT('',(-16.47482655191,-307.6266219775,285.97));
#4688 = CARTESIAN_POINT('',(-16.47492453379,-307.6338675922,285.97));
#4689 = CARTESIAN_POINT('',(-16.47499609445,-307.6411134879,285.97));
#4690 = CARTESIAN_POINT('',(-16.47589449837,-307.7853347429,285.97));
#4691 = CARTESIAN_POINT('',(-16.46730546419,-307.9222180772,285.97));
#4692 = CARTESIAN_POINT('',(-16.44929946219,-308.0581157762,285.97));
#4693 = CARTESIAN_POINT('',(-16.42311557129,-308.1926625805,285.97));
#4694 = CARTESIAN_POINT('',(-16.39084241553,-308.3258391584,285.97));
#4695 = CARTESIAN_POINT('',(-16.35426437182,-308.4577476935,285.97));
#4696 = CARTESIAN_POINT('',(-16.31493336263,-308.5886468511,285.97));
#4697 = CARTESIAN_POINT('',(-16.25972033117,-308.7647360509,285.97));
#4698 = CARTESIAN_POINT('',(-16.24517654054,-308.8104465056,285.97));
#4699 = CARTESIAN_POINT('',(-16.23049442252,-308.8561123699,285.97));
#4700 = CARTESIAN_POINT('',(-16.2157241595,-308.9017495517,285.97));
#4701 = CARTESIAN_POINT('',(-16.20091277357,-308.9473730088,285.97));
#4702 = CARTESIAN_POINT('',(-16.18610436103,-308.9929968689,285.97));
#4703 = CARTESIAN_POINT('',(-16.17134032692,-309.038634549,285.97));
#4704 = CARTESIAN_POINT('',(-16.10562290542,-309.2430485269,285.97));
#4705 = CARTESIAN_POINT('',(-16.05561128806,-309.4020647245,285.97));
#4706 = CARTESIAN_POINT('',(-16.00824422034,-309.5619370966,285.97));
#4707 = CARTESIAN_POINT('',(-15.96484476468,-309.7229900421,285.97));
#4708 = CARTESIAN_POINT('',(-15.92657881187,-309.8853456526,285.97));
#4709 = CARTESIAN_POINT('',(-15.89450935405,-310.0489499119,285.97));
#4710 = CARTESIAN_POINT('',(-15.86960744988,-310.2135808116,285.97));
#4711 = CARTESIAN_POINT('',(-15.83454315396,-310.5575982639,285.97));
#4712 = CARTESIAN_POINT('',(-15.82574471003,-310.7371119231,285.97));
#4713 = CARTESIAN_POINT('',(-15.82750055026,-310.9168458523,285.97));
#4714 = CARTESIAN_POINT('',(-15.84080934553,-311.0960122749,285.97));
#4715 = CARTESIAN_POINT('',(-15.86652447959,-311.2735918526,285.97));
#4716 = CARTESIAN_POINT('',(-15.90531922506,-311.4483435376,285.97));
#4717 = CARTESIAN_POINT('',(-15.95762669122,-311.6188202048,285.97));
#4718 = CARTESIAN_POINT('',(-16.02355454369,-311.783390066,285.97));
#4719 = PCURVE('',#4360,#4720);
#4720 = DEFINITIONAL_REPRESENTATION('',(#4721),#4759);
#4721 = B_SPLINE_CURVE_WITH_KNOTS('',8,(#4722,#4723,#4724,#4725,#4726,
    #4727,#4728,#4729,#4730,#4731,#4732,#4733,#4734,#4735,#4736,#4737,
    #4738,#4739,#4740,#4741,#4742,#4743,#4744,#4745,#4746,#4747,#4748,
    #4749,#4750,#4751,#4752,#4753,#4754,#4755,#4756,#4757,#4758),
  .UNSPECIFIED.,.F.,.F.,(9,7,7,7,7,9),(0.,1.340706825855E-02,
    0.266846297966,0.355863159801,0.665325641069,1.),.UNSPECIFIED.);
#4722 = CARTESIAN_POINT('',(1.047197551197,2.406768146176));
#4723 = CARTESIAN_POINT('',(1.044319384183,2.406893784111));
#4724 = CARTESIAN_POINT('',(1.041440499423,2.407001692433));
#4725 = CARTESIAN_POINT('',(1.038561014483,2.407091848512));
#4726 = CARTESIAN_POINT('',(1.035681047317,2.407164234188));
#4727 = CARTESIAN_POINT('',(1.032800716263,2.407218835777));
#4728 = CARTESIAN_POINT('',(1.029920140045,2.407255644068));
#4729 = CARTESIAN_POINT('',(1.027039437773,2.407274654324));
#4730 = CARTESIAN_POINT('',(0.969703525726,2.407298776379));
#4731 = CARTESIAN_POINT('',(0.915305814784,2.400961859026));
#4732 = CARTESIAN_POINT('',(0.861812498231,2.388286618367));
#4733 = CARTESIAN_POINT('',(0.809855237497,2.36990457119));
#4734 = CARTESIAN_POINT('',(0.759791070488,2.346816098176));
#4735 = CARTESIAN_POINT('',(0.711805712669,2.319850150525));
#4736 = CARTESIAN_POINT('',(0.665941215579,2.289696555716));
#4737 = CARTESIAN_POINT('',(0.606754025945,2.245286465409));
#4738 = CARTESIAN_POINT('',(0.591620084032,2.233405465112));
#4739 = CARTESIAN_POINT('',(0.576735270716,2.221208091049));
#4740 = CARTESIAN_POINT('',(0.562097405533,2.208713114562));
#4741 = CARTESIAN_POINT('',(0.547704004098,2.195937378017));
#4742 = CARTESIAN_POINT('',(0.533552310082,2.182895914465));
#4743 = CARTESIAN_POINT('',(0.519639327202,2.169602067309));
#4744 = CARTESIAN_POINT('',(0.458412818644,2.109015774329));
#4745 = CARTESIAN_POINT('',(0.413726685155,2.059072520874));
#4746 = CARTESIAN_POINT('',(0.37174969088,2.006720542017));
#4747 = CARTESIAN_POINT('',(0.332356458199,1.952260668668));
#4748 = CARTESIAN_POINT('',(0.29543123157,1.89589855633));
#4749 = CARTESIAN_POINT('',(0.260860367848,1.837781900287));
#4750 = CARTESIAN_POINT('',(0.228531517962,1.778013527554));
#4751 = CARTESIAN_POINT('',(0.165678251581,1.650319898582));
#4752 = CARTESIAN_POINT('',(0.135512150458,1.582120616206));
#4753 = CARTESIAN_POINT('',(0.107711495312,1.512181933913));
#4754 = CARTESIAN_POINT('',(8.215132246571E-02,1.440589330144));
#4755 = CARTESIAN_POINT('',(5.870987296877E-02,1.367407643342));
#4756 = CARTESIAN_POINT('',(3.72719082284E-02,1.292692370083));
#4757 = CARTESIAN_POINT('',(1.773231503833E-02,1.216504311956));
#4758 = CARTESIAN_POINT('',(-3.099742684753E-13,1.138927571209));
#4759 = ( GEOMETRIC_REPRESENTATION_CONTEXT(2) 
PARAMETRIC_REPRESENTATION_CONTEXT() REPRESENTATION_CONTEXT('2D SPACE',''
  ) );
#4760 = PCURVE('',#4761,#4766);
#4761 = PLANE('',#4762);
#4762 = AXIS2_PLACEMENT_3D('',#4763,#4764,#4765);
#4763 = CARTESIAN_POINT('',(12.7,-317.8,285.97));
#4764 = DIRECTION('',(0.,0.,1.));
#4765 = DIRECTION('',(0.,1.,0.));
#4766 = DEFINITIONAL_REPRESENTATION('',(#4767),#4805);
#4767 = B_SPLINE_CURVE_WITH_KNOTS('',8,(#4768,#4769,#4770,#4771,#4772,
    #4773,#4774,#4775,#4776,#4777,#4778,#4779,#4780,#4781,#4782,#4783,
    #4784,#4785,#4786,#4787,#4788,#4789,#4790,#4791,#4792,#4793,#4794,
    #4795,#4796,#4797,#4798,#4799,#4800,#4801,#4802,#4803,#4804),
  .UNSPECIFIED.,.F.,.F.,(9,7,7,7,7,9),(0.,1.340706825855E-02,
    0.266846297966,0.355863159801,0.665325641069,1.),.UNSPECIFIED.);
#4768 = CARTESIAN_POINT('',(10.20959783518,29.173940997038));
#4769 = CARTESIAN_POINT('',(10.202355355356,29.174170751627));
#4770 = CARTESIAN_POINT('',(10.195112020564,29.174374226145));
#4771 = CARTESIAN_POINT('',(10.187867944021,29.174551374354));
#4772 = CARTESIAN_POINT('',(10.180623239726,29.17470215902));
#4773 = CARTESIAN_POINT('',(10.173378022456,29.174826551911));
#4774 = CARTESIAN_POINT('',(10.166132407771,29.174924533797));
#4775 = CARTESIAN_POINT('',(10.158886512012,29.174996094454));
#4776 = CARTESIAN_POINT('',(10.014665257079,29.175894498378));
#4777 = CARTESIAN_POINT('',(9.877781922721,29.16730546419));
#4778 = CARTESIAN_POINT('',(9.741884223743,29.14929946219));
#4779 = CARTESIAN_POINT('',(9.607337419436,29.123115571297));
#4780 = CARTESIAN_POINT('',(9.474160841557,29.090842415535));
#4781 = CARTESIAN_POINT('',(9.34225230643,29.054264371821));
#4782 = CARTESIAN_POINT('',(9.211353148858,29.014933362639));
#4783 = CARTESIAN_POINT('',(9.035263949032,28.959720331177));
#4784 = CARTESIAN_POINT('',(8.989553494391,28.945176540545));
#4785 = CARTESIAN_POINT('',(8.943887630092,28.930494422523));
#4786 = CARTESIAN_POINT('',(8.898250448284,28.915724159501));
#4787 = CARTESIAN_POINT('',(8.852626991138,28.90091277357));
#4788 = CARTESIAN_POINT('',(8.807003131077,28.886104361032));
#4789 = CARTESIAN_POINT('',(8.761365450994,28.871340326929));
#4790 = CARTESIAN_POINT('',(8.556951473074,28.805622905427));
#4791 = CARTESIAN_POINT('',(8.397935275455,28.755611288063));
#4792 = CARTESIAN_POINT('',(8.238062903387,28.708244220343));
#4793 = CARTESIAN_POINT('',(8.07700995781,28.66484476468));
#4794 = CARTESIAN_POINT('',(7.914654347306,28.62657881187));
#4795 = CARTESIAN_POINT('',(7.751050088081,28.594509354051));
#4796 = CARTESIAN_POINT('',(7.58641918839,28.569607449881));
#4797 = CARTESIAN_POINT('',(7.242401736098,28.534543153966));
#4798 = CARTESIAN_POINT('',(7.062888076852,28.525744710038));
#4799 = CARTESIAN_POINT('',(6.883154147628,28.527500550269));
#4800 = CARTESIAN_POINT('',(6.703987725098,28.54080934553));
#4801 = CARTESIAN_POINT('',(6.526408147337,28.566524479594));
#4802 = CARTESIAN_POINT('',(6.351656462308,28.605319225069));
#4803 = CARTESIAN_POINT('',(6.181179795108,28.657626691222));
#4804 = CARTESIAN_POINT('',(6.016609933989,28.723554543698));
#4805 = ( GEOMETRIC_REPRESENTATION_CONTEXT(2) 
PARAMETRIC_REPRESENTATION_CONTEXT() REPRESENTATION_CONTEXT('2D SPACE',''
  ) );
#4806 = ORIENTED_EDGE('',*,*,#4807,.F.);
#4807 = EDGE_CURVE('',#4523,#4678,#4808,.T.);
#4808 = SURFACE_CURVE('',#4809,(#4847,#4888),.PCURVE_S1.);
#4809 = B_SPLINE_CURVE_WITH_KNOTS('',8,(#4810,#4811,#4812,#4813,#4814,
    #4815,#4816,#4817,#4818,#4819,#4820,#4821,#4822,#4823,#4824,#4825,
    #4826,#4827,#4828,#4829,#4830,#4831,#4832,#4833,#4834,#4835,#4836,
    #4837,#4838,#4839,#4840,#4841,#4842,#4843,#4844,#4845,#4846),
  .UNSPECIFIED.,.F.,.F.,(9,7,7,7,7,9),(0.,3.061950712376E-02,
    0.53322395366,0.908535062433,0.95386837823,1.),.UNSPECIFIED.);
#4810 = CARTESIAN_POINT('',(-16.2837274015,-310.8666640396,284.32));
#4811 = CARTESIAN_POINT('',(-16.27966858477,-310.8661459839,
    284.32587291219));
#4812 = CARTESIAN_POINT('',(-16.27563122763,-310.8656265493,
    284.33176145559));
#4813 = CARTESIAN_POINT('',(-16.27161530052,-310.86510574,
    284.33766558342));
#4814 = CARTESIAN_POINT('',(-16.26762079265,-310.8645835625,
    284.34358522189));
#4815 = CARTESIAN_POINT('',(-16.26364771193,-310.8640600257,
    284.3495202702));
#4816 = CARTESIAN_POINT('',(-16.25969608505,-310.8635351408,
    284.35547060053));
#4817 = CARTESIAN_POINT('',(-16.2557659574,-310.8630089215,
    284.36143605809));
#4818 = CARTESIAN_POINT('',(-16.18770019499,-310.8538221085,
    284.46558189193));
#4819 = CARTESIAN_POINT('',(-16.12934352787,-310.8448064532,
    284.56778740468));
#4820 = CARTESIAN_POINT('',(-16.07687550618,-310.8354815724,
    284.67349843676));
#4821 = CARTESIAN_POINT('',(-16.030301724,-310.8258926003,
    284.78220332608));
#4822 = CARTESIAN_POINT('',(-15.98955870408,-310.8160819752,
    284.89342097259));
#4823 = CARTESIAN_POINT('',(-15.95452477304,-310.8060889189,
    285.0067067419));
#4824 = CARTESIAN_POINT('',(-15.92502836284,-310.7959490706,
    285.12165661104));
#4825 = CARTESIAN_POINT('',(-15.88280175911,-310.7780366879,
    285.32471941651));
#4826 = CARTESIAN_POINT('',(-15.8677165835,-310.7703146667,
    285.41225971278));
#4827 = CARTESIAN_POINT('',(-15.85550788891,-310.7625411237,
    285.50038408351));
#4828 = CARTESIAN_POINT('',(-15.84607280241,-310.7547276801,
    285.58896078573));
#4829 = CARTESIAN_POINT('',(-15.83929717432,-310.7468846418,
    285.6778729864));
#4830 = CARTESIAN_POINT('',(-15.83505685182,-310.7390209739,
    285.76701905369));
#4831 = CARTESIAN_POINT('',(-15.83321895243,-310.7311442747,
    285.85631284833));
#4832 = CARTESIAN_POINT('',(-15.83369437431,-310.7223085105,
    285.95647903598));
#4833 = CARTESIAN_POINT('',(-15.83377861351,-310.7213561709,
    285.96727518444));
#4834 = CARTESIAN_POINT('',(-15.83389560736,-310.7204037429,
    285.97807233557));
#4835 = CARTESIAN_POINT('',(-15.8340451064,-310.7194512372,
    285.9888703678));
#4836 = CARTESIAN_POINT('',(-15.83422685948,-310.7184986642,
    285.99966916275));
#4837 = CARTESIAN_POINT('',(-15.83444061382,-310.717546034,
    286.01046860525));
#4838 = CARTESIAN_POINT('',(-15.83468611493,-310.7165933567,
    286.0212685833));
#4839 = CARTESIAN_POINT('',(-15.83524497617,-310.7146711496,
    286.04305958477));
#4840 = CARTESIAN_POINT('',(-15.83555945374,-310.7137016195,
    286.05405061273));
#4841 = CARTESIAN_POINT('',(-15.83590628101,-310.7127320503,
    286.06504208442));
#4842 = CARTESIAN_POINT('',(-15.83628514754,-310.7117624933,
    286.07603341709));
#4843 = CARTESIAN_POINT('',(-15.83669585663,-310.7107928738,
    286.08702545909));
#4844 = CARTESIAN_POINT('',(-15.83713803419,-310.7098233098,
    286.09801687197));
#4845 = CARTESIAN_POINT('',(-15.83761148826,-310.7088537192,
    286.10900858489));
#4846 = CARTESIAN_POINT('',(-15.83811589477,-310.707884155,286.12));
#4847 = PCURVE('',#4360,#4848);
#4848 = DEFINITIONAL_REPRESENTATION('',(#4849),#4887);
#4849 = B_SPLINE_CURVE_WITH_KNOTS('',8,(#4850,#4851,#4852,#4853,#4854,
    #4855,#4856,#4857,#4858,#4859,#4860,#4861,#4862,#4863,#4864,#4865,
    #4866,#4867,#4868,#4869,#4870,#4871,#4872,#4873,#4874,#4875,#4876,
    #4877,#4878,#4879,#4880,#4881,#4882,#4883,#4884,#4885,#4886),
  .UNSPECIFIED.,.F.,.F.,(9,7,7,7,7,9),(0.,3.061950712376E-02,
    0.53322395366,0.908535062433,0.95386837823,1.),.UNSPECIFIED.);
#4850 = CARTESIAN_POINT('',(0.36637275808,0.887465518977));
#4851 = CARTESIAN_POINT('',(0.365772205424,0.890676605577));
#4852 = CARTESIAN_POINT('',(0.365168761862,0.893885458802));
#4853 = CARTESIAN_POINT('',(0.364562385945,0.897091862517));
#4854 = CARTESIAN_POINT('',(0.363953049862,0.900295676507));
#4855 = CARTESIAN_POINT('',(0.363340739442,0.903496836474));
#4856 = CARTESIAN_POINT('',(0.362725454148,0.906695354042));
#4857 = CARTESIAN_POINT('',(0.362107207083,0.909891316751));
#4858 = CARTESIAN_POINT('',(0.351289620375,0.96550582134));
#4859 = CARTESIAN_POINT('',(0.340295830006,1.017245978903));
#4860 = CARTESIAN_POINT('',(0.32848654788,1.068268209042));
#4861 = CARTESIAN_POINT('',(0.315841161177,1.118542464227));
#4862 = CARTESIAN_POINT('',(0.302336993601,1.168041901799));
#4863 = CARTESIAN_POINT('',(0.287949781196,1.216740145631));
#4864 = CARTESIAN_POINT('',(0.272654180629,1.264609708754));
#4865 = CARTESIAN_POINT('',(0.244304936918,1.346726869965));
#4866 = CARTESIAN_POINT('',(0.231664082197,1.381355422082));
#4867 = CARTESIAN_POINT('',(0.218490321665,1.415496559389));
#4868 = CARTESIAN_POINT('',(0.20477183111,1.449139251004));
#4869 = CARTESIAN_POINT('',(0.190496422394,1.48227172325));
#4870 = CARTESIAN_POINT('',(0.175651579639,1.514881073838));
#4871 = CARTESIAN_POINT('',(0.16022449541,1.546952886062));
#4872 = CARTESIAN_POINT('',(0.142266784492,1.582277853909));
#4873 = CARTESIAN_POINT('',(0.140322776764,1.586076783563));
#4874 = CARTESIAN_POINT('',(0.138370060771,1.589867602912));
#4875 = CARTESIAN_POINT('',(0.13640861354,1.593650282426));
#4876 = CARTESIAN_POINT('',(0.134438412065,1.597424792078));
#4877 = CARTESIAN_POINT('',(0.132459433311,1.601191101342));
#4878 = CARTESIAN_POINT('',(0.130471654209,1.604949179189));
#4879 = CARTESIAN_POINT('',(0.126443289549,1.612514842104));
#4880 = CARTESIAN_POINT('',(0.124402628701,1.616322350106));
#4881 = CARTESIAN_POINT('',(0.122351360756,1.6201199811));
#4882 = CARTESIAN_POINT('',(0.120294894698,1.62391252089));
#4883 = CARTESIAN_POINT('',(0.118222704513,1.62769064332));
#4884 = CARTESIAN_POINT('',(0.116148049524,1.631466053191));
#4885 = CARTESIAN_POINT('',(0.114059790473,1.635228891909));
#4886 = CARTESIAN_POINT('',(0.11196355503,1.63898412901));
#4887 = ( GEOMETRIC_REPRESENTATION_CONTEXT(2) 
PARAMETRIC_REPRESENTATION_CONTEXT() REPRESENTATION_CONTEXT('2D SPACE',''
  ) );
#4888 = PCURVE('',#4889,#4894);
#4889 = PLANE('',#4890);
#4890 = AXIS2_PLACEMENT_3D('',#4891,#4892,#4893);
#4891 = CARTESIAN_POINT('',(-16.7,-310.1816887828,292.08518679025));
#4892 = DIRECTION('',(0.,0.99613196445,-8.786984352519E-02));
#4893 = DIRECTION('',(0.,-8.786984352519E-02,-0.99613196445));
#4894 = DEFINITIONAL_REPRESENTATION('',(#4895),#4933);
#4895 = B_SPLINE_CURVE_WITH_KNOTS('',8,(#4896,#4897,#4898,#4899,#4900,
    #4901,#4902,#4903,#4904,#4905,#4906,#4907,#4908,#4909,#4910,#4911,
    #4912,#4913,#4914,#4915,#4916,#4917,#4918,#4919,#4920,#4921,#4922,
    #4923,#4924,#4925,#4926,#4927,#4928,#4929,#4930,#4931,#4932),
  .UNSPECIFIED.,.F.,.F.,(9,7,7,7,7,9),(0.,3.061950712376E-02,
    0.53322395366,0.908535062433,0.95386837823,1.),.UNSPECIFIED.);
#4896 = CARTESIAN_POINT('',(7.79533944033,-0.416272598498));
#4897 = CARTESIAN_POINT('',(7.789443723297,-0.420331415226));
#4898 = CARTESIAN_POINT('',(7.783532314354,-0.424368772369));
#4899 = CARTESIAN_POINT('',(7.777605260468,-0.428384699474));
#4900 = CARTESIAN_POINT('',(7.771662635715,-0.432379207348));
#4901 = CARTESIAN_POINT('',(7.765704541286,-0.436352288061));
#4902 = CARTESIAN_POINT('',(7.759731105486,-0.440303914947));
#4903 = CARTESIAN_POINT('',(7.753742483732,-0.4442340426));
#4904 = CARTESIAN_POINT('',(7.649192245851,-0.51229980501));
#4905 = CARTESIAN_POINT('',(7.546589863438,-0.570656472121));
#4906 = CARTESIAN_POINT('',(7.440468349569,-0.623124493816));
#4907 = CARTESIAN_POINT('',(7.331341353145,-0.669698276));
#4908 = CARTESIAN_POINT('',(7.219691842365,-0.71044129592));
#4909 = CARTESIAN_POINT('',(7.105966178145,-0.745475226954));
#4910 = CARTESIAN_POINT('',(6.990569952293,-0.774971637156));
#4911 = CARTESIAN_POINT('',(6.78671864271,-0.817198240889));
#4912 = CARTESIAN_POINT('',(6.698838422627,-0.832283416497));
#4913 = CARTESIAN_POINT('',(6.61037186009,-0.844492111081));
#4914 = CARTESIAN_POINT('',(6.52145120963,-0.853927197588));
#4915 = CARTESIAN_POINT('',(6.432193757968,-0.860702825676));
#4916 = CARTESIAN_POINT('',(6.342701531567,-0.864943148176));
#4917 = CARTESIAN_POINT('',(6.25306100418,-0.866781047563));
#4918 = CARTESIAN_POINT('',(6.152505865677,-0.866305625682));
#4919 = CARTESIAN_POINT('',(6.141667795171,-0.866221386484));
#4920 = CARTESIAN_POINT('',(6.130828718109,-0.866104392633));
#4921 = CARTESIAN_POINT('',(6.119988756526,-0.865954893597));
#4922 = CARTESIAN_POINT('',(6.109148029255,-0.865773140511));
#4923 = CARTESIAN_POINT('',(6.098306651924,-0.865559386178));
#4924 = CARTESIAN_POINT('',(6.08746473696,-0.865313885068));
#4925 = CARTESIAN_POINT('',(6.065589119824,-0.864755023827));
#4926 = CARTESIAN_POINT('',(6.05455541309,-0.864440546259));
#4927 = CARTESIAN_POINT('',(6.043521260909,-0.864093718988));
#4928 = CARTESIAN_POINT('',(6.032487248285,-0.863714852459));
#4929 = CARTESIAN_POINT('',(6.021452523575,-0.863304143362));
#4930 = CARTESIAN_POINT('',(6.010418430435,-0.862861965808));
#4931 = CARTESIAN_POINT('',(5.99938403609,-0.862388511738));
#4932 = CARTESIAN_POINT('',(5.988349940706,-0.861884105228));
#4933 = ( GEOMETRIC_REPRESENTATION_CONTEXT(2) 
PARAMETRIC_REPRESENTATION_CONTEXT() REPRESENTATION_CONTEXT('2D SPACE',''
  ) );
#4934 = ADVANCED_FACE('',(#4935),#4392,.T.);
#4935 = FACE_BOUND('',#4936,.T.);
#4936 = EDGE_LOOP('',(#4937,#5064,#5091,#5092,#5093,#5094,#5186));
#4937 = ORIENTED_EDGE('',*,*,#4938,.T.);
#4938 = EDGE_CURVE('',#4939,#4941,#4943,.T.);
#4939 = VERTEX_POINT('',#4940);
#4940 = CARTESIAN_POINT('',(-19.83359350195,-310.7211158121,285.97));
#4941 = VERTEX_POINT('',#4942);
#4942 = CARTESIAN_POINT('',(-19.65578679116,-311.7624958662,285.97));
#4943 = SURFACE_CURVE('',#4944,(#4982,#5023),.PCURVE_S1.);
#4944 = B_SPLINE_CURVE_WITH_KNOTS('',8,(#4945,#4946,#4947,#4948,#4949,
    #4950,#4951,#4952,#4953,#4954,#4955,#4956,#4957,#4958,#4959,#4960,
    #4961,#4962,#4963,#4964,#4965,#4966,#4967,#4968,#4969,#4970,#4971,
    #4972,#4973,#4974,#4975,#4976,#4977,#4978,#4979,#4980,#4981),
  .UNSPECIFIED.,.F.,.F.,(9,7,7,7,7,9),(0.,1.340633900013E-02,
    0.266834366088,0.35584951587,0.665315616886,1.),.UNSPECIFIED.);
#4945 = CARTESIAN_POINT('',(-19.1561338985,-307.574351193,285.97));
#4946 = CARTESIAN_POINT('',(-19.15599081798,-307.5815969784,285.97));
#4947 = CARTESIAN_POINT('',(-19.15587402314,-307.5888433042,285.97));
#4948 = CARTESIAN_POINT('',(-19.15578355887,-307.5960900566,285.97));
#4949 = CARTESIAN_POINT('',(-19.15571946103,-307.6033371213,285.97));
#4950 = CARTESIAN_POINT('',(-19.1556817565,-307.6105843832,285.97));
#4951 = CARTESIAN_POINT('',(-19.15567046311,-307.6178317265,285.97));
#4952 = CARTESIAN_POINT('',(-19.15568558971,-307.6250790348,285.97));
#4953 = CARTESIAN_POINT('',(-19.15651251247,-307.7693235095,285.97));
#4954 = CARTESIAN_POINT('',(-19.16673763461,-307.9061159955,285.97));
#4955 = CARTESIAN_POINT('',(-19.18636648364,-308.0418104683,285.97));
#4956 = CARTESIAN_POINT('',(-19.21415554449,-308.1760567308,285.97));
#4957 = CARTESIAN_POINT('',(-19.24801570737,-308.308860611,285.97));
#4958 = CARTESIAN_POINT('',(-19.28616374091,-308.4403457099,285.97));
#4959 = CARTESIAN_POINT('',(-19.32705074811,-308.5707892876,285.97));
#4960 = CARTESIAN_POINT('',(-19.38435458397,-308.7462403535,285.97));
#4961 = CARTESIAN_POINT('',(-19.39944115109,-308.7917835672,285.97));
#4962 = CARTESIAN_POINT('',(-19.4146652654,-308.8372806207,285.97));
#4963 = CARTESIAN_POINT('',(-19.42997692744,-308.8827480194,285.97));
#4964 = CARTESIAN_POINT('',(-19.44532928722,-308.9282012803,285.97));
#4965 = CARTESIAN_POINT('',(-19.46067841103,-308.9736550539,285.97));
#4966 = CARTESIAN_POINT('',(-19.47598304822,-309.0191232474,285.97));
#4967 = CARTESIAN_POINT('',(-19.54412226439,-309.222788163,285.97));
#4968 = CARTESIAN_POINT('',(-19.59601480042,-309.3812367881,285.97));
#4969 = CARTESIAN_POINT('',(-19.64526919204,-309.5405737825,285.97));
#4970 = CARTESIAN_POINT('',(-19.69056595853,-309.7011390333,285.97));
#4971 = CARTESIAN_POINT('',(-19.73074044587,-309.8630681419,285.97));
#4972 = CARTESIAN_POINT('',(-19.76472885543,-310.0263192725,285.97));
#4973 = CARTESIAN_POINT('',(-19.79155738809,-310.190681398,285.97));
#4974 = CARTESIAN_POINT('',(-19.83063880414,-310.5343388286,285.97));
#4975 = CARTESIAN_POINT('',(-19.84152814625,-310.7137773308,285.97));
#4976 = CARTESIAN_POINT('',(-19.84186010645,-310.8935590332,285.97));
#4977 = CARTESIAN_POINT('',(-19.83062673881,-311.0729070862,285.97));
#4978 = CARTESIAN_POINT('',(-19.8069627948,-311.2508112984,285.97));
#4979 = CARTESIAN_POINT('',(-19.7701806801,-311.4260375915,285.97));
#4980 = CARTESIAN_POINT('',(-19.71983072822,-311.5971429501,285.97));
#4981 = CARTESIAN_POINT('',(-19.65578679117,-311.7624958662,285.97));
#4982 = PCURVE('',#4392,#4983);
#4983 = DEFINITIONAL_REPRESENTATION('',(#4984),#5022);
#4984 = B_SPLINE_CURVE_WITH_KNOTS('',8,(#4985,#4986,#4987,#4988,#4989,
    #4990,#4991,#4992,#4993,#4994,#4995,#4996,#4997,#4998,#4999,#5000,
    #5001,#5002,#5003,#5004,#5005,#5006,#5007,#5008,#5009,#5010,#5011,
    #5012,#5013,#5014,#5015,#5016,#5017,#5018,#5019,#5020,#5021),
  .UNSPECIFIED.,.F.,.F.,(9,7,7,7,7,9),(0.,1.340633900013E-02,
    0.266834366088,0.35584951587,0.665315616886,1.),.UNSPECIFIED.);
#4985 = CARTESIAN_POINT('',(1.047197551197,3.876695560172));
#4986 = CARTESIAN_POINT('',(1.044319384371,3.876569903602));
#4987 = CARTESIAN_POINT('',(1.041440499711,3.876461979272));
#4988 = CARTESIAN_POINT('',(1.038561014799,3.876371809819));
#4989 = CARTESIAN_POINT('',(1.035681047601,3.876299413403));
#4990 = CARTESIAN_POINT('',(1.032800716471,3.876244803712));
#4991 = CARTESIAN_POINT('',(1.029920140147,3.87620798996));
#4992 = CARTESIAN_POINT('',(1.027039437754,3.876188976884));
#4993 = CARTESIAN_POINT('',(0.969702968282,3.876164851031));
#4994 = CARTESIAN_POINT('',(0.915304705667,3.882502838103));
#4995 = CARTESIAN_POINT('',(0.861810941388,3.895180216564));
#4996 = CARTESIAN_POINT('',(0.809853476915,3.913565336963));
#4997 = CARTESIAN_POINT('',(0.759789399468,3.936657559796));
#4998 = CARTESIAN_POINT('',(0.71180439908,3.963627788041));
#4999 = CARTESIAN_POINT('',(0.66594048572,3.993786080949));
#5000 = CARTESIAN_POINT('',(0.606753940925,4.038203289027));
#5001 = CARTESIAN_POINT('',(0.591619919624,4.050086411937));
#5002 = CARTESIAN_POINT('',(0.576735062707,4.062285962523));
#5003 = CARTESIAN_POINT('',(0.562097187992,4.07478316494));
#5004 = CARTESIAN_POINT('',(0.547703809237,4.087561172902));
#5005 = CARTESIAN_POINT('',(0.533552168182,4.100604949925));
#5006 = CARTESIAN_POINT('',(0.519639266601,4.113901149585));
#5007 = CARTESIAN_POINT('',(0.45841176968,4.174499591649));
#5008 = CARTESIAN_POINT('',(0.413725027094,4.22445322998));
#5009 = CARTESIAN_POINT('',(0.371747832049,4.27681605035));
#5010 = CARTESIAN_POINT('',(0.332354706574,4.331287136509));
#5011 = CARTESIAN_POINT('',(0.295429800486,4.387660784001));
#5012 = CARTESIAN_POINT('',(0.260859390807,4.445789264098));
#5013 = CARTESIAN_POINT('',(0.228531064093,4.50556972167));
#5014 = CARTESIAN_POINT('',(0.165678336813,4.633290182063));
#5015 = CARTESIAN_POINT('',(0.135512328333,4.701504354631));
#5016 = CARTESIAN_POINT('',(0.1077118016,4.771458242447));
#5017 = CARTESIAN_POINT('',(8.215173441891E-02,4.843066341028));
#5018 = CARTESIAN_POINT('',(5.871032324785E-02,4.916263806914));
#5019 = CARTESIAN_POINT('',(3.727230385788E-02,4.990995150347));
#5020 = CARTESIAN_POINT('',(1.773255713073E-02,5.067199574976));
#5021 = CARTESIAN_POINT('',(-3.099742684753E-13,5.144792964599));
#5022 = ( GEOMETRIC_REPRESENTATION_CONTEXT(2) 
PARAMETRIC_REPRESENTATION_CONTEXT() REPRESENTATION_CONTEXT('2D SPACE',''
  ) );
#5023 = PCURVE('',#4761,#5024);
#5024 = DEFINITIONAL_REPRESENTATION('',(#5025),#5063);
#5025 = B_SPLINE_CURVE_WITH_KNOTS('',8,(#5026,#5027,#5028,#5029,#5030,
    #5031,#5032,#5033,#5034,#5035,#5036,#5037,#5038,#5039,#5040,#5041,
    #5042,#5043,#5044,#5045,#5046,#5047,#5048,#5049,#5050,#5051,#5052,
    #5053,#5054,#5055,#5056,#5057,#5058,#5059,#5060,#5061,#5062),
  .UNSPECIFIED.,.F.,.F.,(9,7,7,7,7,9),(0.,1.340633900013E-02,
    0.266834366088,0.35584951587,0.665315616886,1.),.UNSPECIFIED.);
#5026 = CARTESIAN_POINT('',(10.225648806995,31.856133898502));
#5027 = CARTESIAN_POINT('',(10.218403021576,31.855990817982));
#5028 = CARTESIAN_POINT('',(10.211156695773,31.855874023143));
#5029 = CARTESIAN_POINT('',(10.20390994332,31.855783558871));
#5030 = CARTESIAN_POINT('',(10.196662878618,31.855719461038));
#5031 = CARTESIAN_POINT('',(10.189415616747,31.855681756504));
#5032 = CARTESIAN_POINT('',(10.182168273456,31.855670463117));
#5033 = CARTESIAN_POINT('',(10.174920965168,31.855685589712));
#5034 = CARTESIAN_POINT('',(10.030676490416,31.856512512475));
#5035 = CARTESIAN_POINT('',(9.893884004446,31.866737634617));
#5036 = CARTESIAN_POINT('',(9.758189531606,31.886366483641));
#5037 = CARTESIAN_POINT('',(9.623943269156,31.914155544496));
#5038 = CARTESIAN_POINT('',(9.491139388948,31.948015707373));
#5039 = CARTESIAN_POINT('',(9.359654290079,31.986163740918));
#5040 = CARTESIAN_POINT('',(9.229210712366,32.027050748118));
#5041 = CARTESIAN_POINT('',(9.053759646462,32.084354583975));
#5042 = CARTESIAN_POINT('',(9.008216432701,32.099441151091));
#5043 = CARTESIAN_POINT('',(8.962719379259,32.114665265402));
#5044 = CARTESIAN_POINT('',(8.917251980533,32.129976927447));
#5045 = CARTESIAN_POINT('',(8.871798719696,32.145329287229));
#5046 = CARTESIAN_POINT('',(8.826344946083,32.160678411031));
#5047 = CARTESIAN_POINT('',(8.780876752579,32.175983048226));
#5048 = CARTESIAN_POINT('',(8.577211836956,32.244122264392));
#5049 = CARTESIAN_POINT('',(8.418763211805,32.296014800429));
#5050 = CARTESIAN_POINT('',(8.25942621745,32.345269192046));
#5051 = CARTESIAN_POINT('',(8.098860966605,32.39056595853));
#5052 = CARTESIAN_POINT('',(7.936931858079,32.430740445872));
#5053 = CARTESIAN_POINT('',(7.773680727498,32.464728855439));
#5054 = CARTESIAN_POINT('',(7.609318601942,32.491557388092));
#5055 = CARTESIAN_POINT('',(7.265661171344,32.530638804148));
#5056 = CARTESIAN_POINT('',(7.086222669191,32.54152814625));
#5057 = CARTESIAN_POINT('',(6.90644096678,32.541860106456));
#5058 = CARTESIAN_POINT('',(6.727092913781,32.530626738812));
#5059 = CARTESIAN_POINT('',(6.549188701564,32.506962794806));
#5060 = CARTESIAN_POINT('',(6.373962408438,32.470180680105));
#5061 = CARTESIAN_POINT('',(6.202857049885,32.419830728229));
#5062 = CARTESIAN_POINT('',(6.037504133777,32.355786791171));
#5063 = ( GEOMETRIC_REPRESENTATION_CONTEXT(2) 
PARAMETRIC_REPRESENTATION_CONTEXT() REPRESENTATION_CONTEXT('2D SPACE',''
  ) );
#5064 = ORIENTED_EDGE('',*,*,#5065,.F.);
#5065 = EDGE_CURVE('',#4625,#4941,#5066,.T.);
#5066 = SURFACE_CURVE('',#5067,(#5072,#5079),.PCURVE_S1.);
#5067 = CIRCLE('',#5068,2.);
#5068 = AXIS2_PLACEMENT_3D('',#5069,#5070,#5071);
#5069 = CARTESIAN_POINT('',(-17.83555506578,-311.0574898173,
    286.40557196532));
#5070 = DIRECTION('',(-2.991272841374E-03,-0.520000659792,0.854160620787
    ));
#5071 = DIRECTION('',(7.491837011875E-15,-0.854164442205,-0.520002986216
    ));
#5072 = PCURVE('',#4392,#5073);
#5073 = DEFINITIONAL_REPRESENTATION('',(#5074),#5078);
#5074 = LINE('',#5075,#5076);
#5075 = CARTESIAN_POINT('',(0.,5.181082898771E-03));
#5076 = VECTOR('',#5077,1.);
#5077 = DIRECTION('',(0.,1.));
#5078 = ( GEOMETRIC_REPRESENTATION_CONTEXT(2) 
PARAMETRIC_REPRESENTATION_CONTEXT() REPRESENTATION_CONTEXT('2D SPACE',''
  ) );
#5079 = PCURVE('',#5080,#5085);
#5080 = TOROIDAL_SURFACE('',#5081,4.,2.);
#5081 = AXIS2_PLACEMENT_3D('',#5082,#5083,#5084);
#5082 = CARTESIAN_POINT('',(-17.81483091962,-307.6409101421,
    288.48560894395));
#5083 = DIRECTION('',(0.999982104413,-5.980926917683E-03,
    -1.391619206297E-04));
#5084 = DIRECTION('',(-5.181036539434E-03,-0.85414491881,-0.520009244659
    ));
#5085 = DEFINITIONAL_REPRESENTATION('',(#5086),#5090);
#5086 = LINE('',#5087,#5088);
#5087 = CARTESIAN_POINT('',(6.28318530718,5.181082898771E-03));
#5088 = VECTOR('',#5089,1.);
#5089 = DIRECTION('',(0.,1.));
#5090 = ( GEOMETRIC_REPRESENTATION_CONTEXT(2) 
PARAMETRIC_REPRESENTATION_CONTEXT() REPRESENTATION_CONTEXT('2D SPACE',''
  ) );
#5091 = ORIENTED_EDGE('',*,*,#4624,.T.);
#5092 = ORIENTED_EDGE('',*,*,#4377,.F.);
#5093 = ORIENTED_EDGE('',*,*,#4601,.F.);
#5094 = ORIENTED_EDGE('',*,*,#5095,.F.);
#5095 = EDGE_CURVE('',#5096,#4521,#5098,.T.);
#5096 = VERTEX_POINT('',#5097);
#5097 = CARTESIAN_POINT('',(-19.47174853663,-310.8534323826,284.47));
#5098 = SURFACE_CURVE('',#5099,(#5126,#5156),.PCURVE_S1.);
#5099 = B_SPLINE_CURVE_WITH_KNOTS('',7,(#5100,#5101,#5102,#5103,#5104,
    #5105,#5106,#5107,#5108,#5109,#5110,#5111,#5112,#5113,#5114,#5115,
    #5116,#5117,#5118,#5119,#5120,#5121,#5122,#5123,#5124,#5125),
  .UNSPECIFIED.,.F.,.F.,(8,6,6,6,8),(0.,2.293293799921E-02,
    0.422283174427,0.623611313727,1.),.UNSPECIFIED.);
#5100 = CARTESIAN_POINT('',(-19.66662111637,-310.2482798605,284.47));
#5101 = CARTESIAN_POINT('',(-19.66449166698,-310.2575401236,284.47));
#5102 = CARTESIAN_POINT('',(-19.66233833949,-310.2667932496,284.47));
#5103 = CARTESIAN_POINT('',(-19.66016112499,-310.276038379,284.47));
#5104 = CARTESIAN_POINT('',(-19.65795972589,-310.2852760019,284.47));
#5105 = CARTESIAN_POINT('',(-19.65573395229,-310.2945061132,284.47));
#5106 = CARTESIAN_POINT('',(-19.6534837564,-310.3037280483,284.47));
#5107 = CARTESIAN_POINT('',(-19.61159503793,-310.4733921701,284.47));
#5108 = CARTESIAN_POINT('',(-19.56451439183,-310.6313794296,284.47));
#5109 = CARTESIAN_POINT('',(-19.50910267648,-310.7862358019,284.47));
#5110 = CARTESIAN_POINT('',(-19.44455585748,-310.9369910768,284.47));
#5111 = CARTESIAN_POINT('',(-19.37020522947,-311.0824013509,284.47));
#5112 = CARTESIAN_POINT('',(-19.28560075729,-311.2209845243,284.47));
#5113 = CARTESIAN_POINT('',(-19.14271042594,-311.4166402953,284.47));
#5114 = CARTESIAN_POINT('',(-19.09218495435,-311.4800446229,284.47));
#5115 = CARTESIAN_POINT('',(-19.039017626,-311.5410526255,284.47));
#5116 = CARTESIAN_POINT('',(-18.98322482839,-311.5994262325,284.47));
#5117 = CARTESIAN_POINT('',(-18.92485288274,-311.6549179702,284.47));
#5118 = CARTESIAN_POINT('',(-18.86398294565,-311.7072765199,284.47));
#5119 = CARTESIAN_POINT('',(-18.68249377945,-311.8478138454,284.47));
#5120 = CARTESIAN_POINT('',(-18.55579847938,-311.9276647956,284.47));
#5121 = CARTESIAN_POINT('',(-18.42161514763,-311.9939642893,284.47));
#5122 = CARTESIAN_POINT('',(-18.28128013157,-312.0451818386,284.47));
#5123 = CARTESIAN_POINT('',(-18.13648430094,-312.0801397619,284.47));
#5124 = CARTESIAN_POINT('',(-17.98926574057,-312.0980537978,284.47));
#5125 = CARTESIAN_POINT('',(-17.84205345357,-312.098952733,284.47));
#5126 = PCURVE('',#4392,#5127);
#5127 = DEFINITIONAL_REPRESENTATION('',(#5128),#5155);
#5128 = B_SPLINE_CURVE_WITH_KNOTS('',7,(#5129,#5130,#5131,#5132,#5133,
    #5134,#5135,#5136,#5137,#5138,#5139,#5140,#5141,#5142,#5143,#5144,
    #5145,#5146,#5147,#5148,#5149,#5150,#5151,#5152,#5153,#5154),
  .UNSPECIFIED.,.F.,.F.,(8,6,6,6,8),(0.,2.293293799921E-02,
    0.422283174427,0.623611313727,1.),.UNSPECIFIED.);
#5129 = CARTESIAN_POINT('',(0.446145191306,5.120677470854));
#5130 = CARTESIAN_POINT('',(0.44452935978,5.123428832533));
#5131 = CARTESIAN_POINT('',(0.44291831334,5.126188458784));
#5132 = CARTESIAN_POINT('',(0.44131347477,5.128959893992));
#5133 = CARTESIAN_POINT('',(0.439713676484,5.131740179928));
#5134 = CARTESIAN_POINT('',(0.438118681462,5.134528689366));
#5135 = CARTESIAN_POINT('',(0.436529499646,5.137327920982));
#5136 = CARTESIAN_POINT('',(0.4073619988,5.189040110256));
#5137 = CARTESIAN_POINT('',(0.38139606122,5.240805698887));
#5138 = CARTESIAN_POINT('',(0.357073565722,5.295372356388));
#5139 = CARTESIAN_POINT('',(0.334432429966,5.352671207671));
#5140 = CARTESIAN_POINT('',(0.313511009217,5.412627716799));
#5141 = CARTESIAN_POINT('',(0.294346184583,5.475162003463));
#5142 = CARTESIAN_POINT('',(0.268226740273,5.572968544541));
#5143 = CARTESIAN_POINT('',(0.259931293481,5.606377437096));
#5144 = CARTESIAN_POINT('',(0.252101371934,5.640396663231));
#5145 = CARTESIAN_POINT('',(0.244743953874,5.675006660614));
#5146 = CARTESIAN_POINT('',(0.237866348999,5.710184136873));
#5147 = CARTESIAN_POINT('',(0.231476123137,5.745900960688));
#5148 = CARTESIAN_POINT('',(0.214559965291,5.849841285173));
#5149 = CARTESIAN_POINT('',(0.205255946455,5.919408405144));
#5150 = CARTESIAN_POINT('',(0.197746512072,5.990486678591));
#5151 = CARTESIAN_POINT('',(0.192073859846,6.062763381515));
#5152 = CARTESIAN_POINT('',(0.18826874383,6.13591633016));
#5153 = CARTESIAN_POINT('',(0.186366218789,6.209577792672));
#5154 = CARTESIAN_POINT('',(0.186361623421,6.28318530718));
#5155 = ( GEOMETRIC_REPRESENTATION_CONTEXT(2) 
PARAMETRIC_REPRESENTATION_CONTEXT() REPRESENTATION_CONTEXT('2D SPACE',''
  ) );
#5156 = PCURVE('',#4572,#5157);
#5157 = DEFINITIONAL_REPRESENTATION('',(#5158),#5185);
#5158 = B_SPLINE_CURVE_WITH_KNOTS('',7,(#5159,#5160,#5161,#5162,#5163,
    #5164,#5165,#5166,#5167,#5168,#5169,#5170,#5171,#5172,#5173,#5174,
    #5175,#5176,#5177,#5178,#5179,#5180,#5181,#5182,#5183,#5184),
  .UNSPECIFIED.,.F.,.F.,(8,6,6,6,8),(0.,2.293293799921E-02,
    0.422283174427,0.623611313727,1.),.UNSPECIFIED.);
#5159 = CARTESIAN_POINT('',(6.65667774299,2.966621116379));
#5160 = CARTESIAN_POINT('',(6.647417479849,2.964491666987));
#5161 = CARTESIAN_POINT('',(6.638164353851,2.962338339494));
#5162 = CARTESIAN_POINT('',(6.628919224435,2.960161124992));
#5163 = CARTESIAN_POINT('',(6.619681601542,2.957959725896));
#5164 = CARTESIAN_POINT('',(6.610451490293,2.95573395229));
#5165 = CARTESIAN_POINT('',(6.601229555127,2.953483756401));
#5166 = CARTESIAN_POINT('',(6.431565433391,2.911595037935));
#5167 = CARTESIAN_POINT('',(6.273578173849,2.864514391833));
#5168 = CARTESIAN_POINT('',(6.118721801507,2.809102676485));
#5169 = CARTESIAN_POINT('',(5.967966526642,2.744555857486));
#5170 = CARTESIAN_POINT('',(5.822556252513,2.670205229476));
#5171 = CARTESIAN_POINT('',(5.683973079181,2.585600757299));
#5172 = CARTESIAN_POINT('',(5.488317308185,2.442710425949));
#5173 = CARTESIAN_POINT('',(5.424912980541,2.392184954352));
#5174 = CARTESIAN_POINT('',(5.363904977962,2.339017626001));
#5175 = CARTESIAN_POINT('',(5.305531370954,2.283224828398));
#5176 = CARTESIAN_POINT('',(5.250039633215,2.224852882743));
#5177 = CARTESIAN_POINT('',(5.197681083524,2.163982945659));
#5178 = CARTESIAN_POINT('',(5.0571437581,1.982493779453));
#5179 = CARTESIAN_POINT('',(4.977292807858,1.85579847938));
#5180 = CARTESIAN_POINT('',(4.91099331418,1.721615147631));
#5181 = CARTESIAN_POINT('',(4.859775764847,1.581280131577));
#5182 = CARTESIAN_POINT('',(4.824817841583,1.436484300944));
#5183 = CARTESIAN_POINT('',(4.806903805625,1.289265740575));
#5184 = CARTESIAN_POINT('',(4.806004870408,1.142053453575));
#5185 = ( GEOMETRIC_REPRESENTATION_CONTEXT(2) 
PARAMETRIC_REPRESENTATION_CONTEXT() REPRESENTATION_CONTEXT('2D SPACE',''
  ) );
#5186 = ORIENTED_EDGE('',*,*,#5187,.T.);
#5187 = EDGE_CURVE('',#5096,#4939,#5188,.T.);
#5188 = SURFACE_CURVE('',#5189,(#5222,#5258),.PCURVE_S1.);
#5189 = B_SPLINE_CURVE_WITH_KNOTS('',7,(#5190,#5191,#5192,#5193,#5194,
    #5195,#5196,#5197,#5198,#5199,#5200,#5201,#5202,#5203,#5204,#5205,
    #5206,#5207,#5208,#5209,#5210,#5211,#5212,#5213,#5214,#5215,#5216,
    #5217,#5218,#5219,#5220,#5221),.UNSPECIFIED.,.F.,.F.,(8,6,6,6,6,8),(
    0.,2.97467201171E-02,0.533492612887,0.908296777531,0.953655578846,1.
    ),.UNSPECIFIED.);
#5190 = CARTESIAN_POINT('',(-19.37611006529,-310.8666640396,284.32));
#5191 = CARTESIAN_POINT('',(-19.38063779172,-310.8660893145,
    284.32651534111));
#5192 = CARTESIAN_POINT('',(-19.38513871371,-310.8655128527,
    284.33305037153));
#5193 = CARTESIAN_POINT('',(-19.38961285269,-310.8649346626,
    284.33960499343));
#5194 = CARTESIAN_POINT('',(-19.39406020567,-310.8643547561,
    284.34617907343));
#5195 = CARTESIAN_POINT('',(-19.39848074529,-310.8637731481,
    284.35277244254));
#5196 = CARTESIAN_POINT('',(-19.4028744198,-310.8631898567,
    284.35938489622));
#5197 = CARTESIAN_POINT('',(-19.48118960576,-310.8526990024,
    284.47831392581));
#5198 = CARTESIAN_POINT('',(-19.54742063662,-310.8423153155,
    284.59602805932));
#5199 = CARTESIAN_POINT('',(-19.60579217915,-310.8315291757,
    284.71830457848));
#5200 = CARTESIAN_POINT('',(-19.65632572583,-310.8204118867,
    284.84433515415));
#5201 = CARTESIAN_POINT('',(-19.69917103803,-310.8090289397,
    284.97337734709));
#5202 = CARTESIAN_POINT('',(-19.73458097632,-310.7974388414,
    285.10476790099));
#5203 = CARTESIAN_POINT('',(-19.78396413193,-310.7769529082,
    285.33700562965));
#5204 = CARTESIAN_POINT('',(-19.80110530014,-310.7681263658,
    285.43706727412));
#5205 = CARTESIAN_POINT('',(-19.81446115692,-310.7592333786,
    285.53788216593));
#5206 = CARTESIAN_POINT('',(-19.82419762271,-310.7502918814,
    285.63924698941));
#5207 = CARTESIAN_POINT('',(-19.83050208715,-310.7413172196,
    285.74098778241));
#5208 = CARTESIAN_POINT('',(-19.83358015924,-310.7323220807,
    285.84296071204));
#5209 = CARTESIAN_POINT('',(-19.83366116225,-310.7222265619,
    285.95740804128));
#5210 = CARTESIAN_POINT('',(-19.83362588573,-310.7211365437,
    285.96976497637));
#5211 = CARTESIAN_POINT('',(-19.8335469797,-310.7200463895,
    285.9821234543));
#5212 = CARTESIAN_POINT('',(-19.83342483923,-310.7189561163,
    285.99448328004));
#5213 = CARTESIAN_POINT('',(-19.83325986279,-310.7178657409,
    286.0068442649));
#5214 = CARTESIAN_POINT('',(-19.83305245217,-310.7167752793,
    286.01920622647));
#5215 = CARTESIAN_POINT('',(-19.83254815278,-310.7145705183,
    286.04420038634));
#5216 = CARTESIAN_POINT('',(-19.83224941612,-310.7134562145,
    286.05683263457));
#5217 = CARTESIAN_POINT('',(-19.83190724468,-310.7123418622,
    286.06946543183));
#5218 = CARTESIAN_POINT('',(-19.83152204519,-310.7112274465,
    286.08209894817));
#5219 = CARTESIAN_POINT('',(-19.83109430555,-310.7101130353,
    286.09473241325));
#5220 = CARTESIAN_POINT('',(-19.83062441832,-310.7089985903,
    286.1073662611));
#5221 = CARTESIAN_POINT('',(-19.83011286116,-310.707884155,286.12));
#5222 = PCURVE('',#4392,#5223);
#5223 = DEFINITIONAL_REPRESENTATION('',(#5224),#5257);
#5224 = B_SPLINE_CURVE_WITH_KNOTS('',7,(#5225,#5226,#5227,#5228,#5229,
    #5230,#5231,#5232,#5233,#5234,#5235,#5236,#5237,#5238,#5239,#5240,
    #5241,#5242,#5243,#5244,#5245,#5246,#5247,#5248,#5249,#5250,#5251,
    #5252,#5253,#5254,#5255,#5256),.UNSPECIFIED.,.F.,.F.,(8,6,6,6,6,8),(
    0.,2.97467201171E-02,0.533492612887,0.908296777531,0.953655578846,1.
    ),.UNSPECIFIED.);
#5225 = CARTESIAN_POINT('',(0.363647222255,5.403263591382));
#5226 = CARTESIAN_POINT('',(0.362971655153,5.3997074804));
#5227 = CARTESIAN_POINT('',(0.362292474157,5.396154283656));
#5228 = CARTESIAN_POINT('',(0.361609634475,5.392604236612));
#5229 = CARTESIAN_POINT('',(0.360923109098,5.389057472517));
#5230 = CARTESIAN_POINT('',(0.360232888805,5.385514022407));
#5231 = CARTESIAN_POINT('',(0.359538982158,5.381973815102));
#5232 = CARTESIAN_POINT('',(0.347028471619,5.318537008359));
#5233 = CARTESIAN_POINT('',(0.334159833823,5.259552599368));
#5234 = CARTESIAN_POINT('',(0.320207118848,5.20154096388));
#5235 = CARTESIAN_POINT('',(0.305136809313,5.144545989697));
#5236 = CARTESIAN_POINT('',(0.288911439106,5.088608073688));
#5237 = CARTESIAN_POINT('',(0.271490874738,5.033769775125));
#5238 = CARTESIAN_POINT('',(0.238952111446,4.940127717946));
#5239 = CARTESIAN_POINT('',(0.224385278779,4.900810642244));
#5240 = CARTESIAN_POINT('',(0.209115145524,4.862142530935));
#5241 = CARTESIAN_POINT('',(0.193122828566,4.824140961318));
#5242 = CARTESIAN_POINT('',(0.176388712111,4.786825340299));
#5243 = CARTESIAN_POINT('',(0.158892548965,4.75021792727));
#5244 = CARTESIAN_POINT('',(0.138401438715,4.710003497917));
#5245 = CARTESIAN_POINT('',(0.136177850637,4.705672894634));
#5246 = CARTESIAN_POINT('',(0.133942760866,4.701353093897));
#5247 = CARTESIAN_POINT('',(0.131696132626,4.697044143466));
#5248 = CARTESIAN_POINT('',(0.129437929075,4.692746092115));
#5249 = CARTESIAN_POINT('',(0.127168113304,4.688458989638));
#5250 = CARTESIAN_POINT('',(0.122555608485,4.679813866877));
#5251 = CARTESIAN_POINT('',(0.120212192949,4.675456525989));
#5252 = CARTESIAN_POINT('',(0.117857723234,4.671109685795));
#5253 = CARTESIAN_POINT('',(0.115488323163,4.666776860618));
#5254 = CARTESIAN_POINT('',(0.113110197483,4.662452491102));
#5255 = CARTESIAN_POINT('',(0.110717049073,4.658142260169));
#5256 = CARTESIAN_POINT('',(0.108312449309,4.653842974241));
#5257 = ( GEOMETRIC_REPRESENTATION_CONTEXT(2) 
PARAMETRIC_REPRESENTATION_CONTEXT() REPRESENTATION_CONTEXT('2D SPACE',''
  ) );
#5258 = PCURVE('',#4889,#5259);
#5259 = DEFINITIONAL_REPRESENTATION('',(#5260),#5293);
#5260 = B_SPLINE_CURVE_WITH_KNOTS('',7,(#5261,#5262,#5263,#5264,#5265,
    #5266,#5267,#5268,#5269,#5270,#5271,#5272,#5273,#5274,#5275,#5276,
    #5277,#5278,#5279,#5280,#5281,#5282,#5283,#5284,#5285,#5286,#5287,
    #5288,#5289,#5290,#5291,#5292),.UNSPECIFIED.,.F.,.F.,(8,6,6,6,6,8),(
    0.,2.97467201171E-02,0.533492612887,0.908296777531,0.953655578846,1.
    ),.UNSPECIFIED.);
#5261 = CARTESIAN_POINT('',(7.79533944033,2.676110065294));
#5262 = CARTESIAN_POINT('',(7.788798799788,2.68063779172));
#5263 = CARTESIAN_POINT('',(7.782238393484,2.685138713713));
#5264 = CARTESIAN_POINT('',(7.775658319618,2.68961285269));
#5265 = CARTESIAN_POINT('',(7.769058712104,2.694060205675));
#5266 = CARTESIAN_POINT('',(7.762439740572,2.698480745299));
#5267 = CARTESIAN_POINT('',(7.755801610371,2.702874419801));
#5268 = CARTESIAN_POINT('',(7.636410772779,2.781189605769));
#5269 = CARTESIAN_POINT('',(7.51823954877,2.847420636622));
#5270 = CARTESIAN_POINT('',(7.395488223122,2.905792179154));
#5271 = CARTESIAN_POINT('',(7.268968263748,2.95632572583));
#5272 = CARTESIAN_POINT('',(7.139424992835,2.999171038034));
#5273 = CARTESIAN_POINT('',(7.007524242143,3.034580976321));
#5274 = CARTESIAN_POINT('',(6.774384721525,3.083964131932));
#5275 = CARTESIAN_POINT('',(6.673934532154,3.101105300143));
#5276 = CARTESIAN_POINT('',(6.572728170536,3.114461156924));
#5277 = CARTESIAN_POINT('',(6.470969741843,3.124197622714));
#5278 = CARTESIAN_POINT('',(6.368833883712,3.130502087151));
#5279 = CARTESIAN_POINT('',(6.266464987546,3.133580159248));
#5280 = CARTESIAN_POINT('',(6.151573252998,3.133661162252));
#5281 = CARTESIAN_POINT('',(6.139168335245,3.13362588573));
#5282 = CARTESIAN_POINT('',(6.126761868665,3.1335469797));
#5283 = CARTESIAN_POINT('',(6.114354049032,3.133424839239));
#5284 = CARTESIAN_POINT('',(6.101945065785,3.133259862794));
#5285 = CARTESIAN_POINT('',(6.089535102033,3.133052452177));
#5286 = CARTESIAN_POINT('',(6.064443888459,3.132548152784));
#5287 = CARTESIAN_POINT('',(6.05176258851,3.132249416126));
#5288 = CARTESIAN_POINT('',(6.039080737401,3.131907244683));
#5289 = CARTESIAN_POINT('',(6.026398164417,3.13152204519));
#5290 = CARTESIAN_POINT('',(6.013715642891,3.131094305555));
#5291 = CARTESIAN_POINT('',(6.00103273711,3.13062441832));
#5292 = CARTESIAN_POINT('',(5.988349940706,3.130112861169));
#5293 = ( GEOMETRIC_REPRESENTATION_CONTEXT(2) 
PARAMETRIC_REPRESENTATION_CONTEXT() REPRESENTATION_CONTEXT('2D SPACE',''
  ) );
#5294 = ADVANCED_FACE('',(#5295),#4472,.T.);
#5295 = FACE_BOUND('',#5296,.T.);
#5296 = EDGE_LOOP('',(#5297,#5298,#5321,#5350));
#5297 = ORIENTED_EDGE('',*,*,#4457,.F.);
#5298 = ORIENTED_EDGE('',*,*,#5299,.T.);
#5299 = EDGE_CURVE('',#4434,#5300,#5302,.T.);
#5300 = VERTEX_POINT('',#5301);
#5301 = CARTESIAN_POINT('',(-17.81483091964,-308.3852724448,
    320.47695034694));
#5302 = SURFACE_CURVE('',#5303,(#5307,#5314),.PCURVE_S1.);
#5303 = LINE('',#5304,#5305);
#5304 = CARTESIAN_POINT('',(-17.77863651827,-302.3370176998,
    320.61767882633));
#5305 = VECTOR('',#5306,1.);
#5306 = DIRECTION('',(-5.982545681734E-03,-0.999711528099,
    -2.326090568428E-02));
#5307 = PCURVE('',#4472,#5308);
#5308 = DEFINITIONAL_REPRESENTATION('',(#5309),#5313);
#5309 = LINE('',#5310,#5311);
#5310 = CARTESIAN_POINT('',(3.14159265359,-1.611710764848E-12));
#5311 = VECTOR('',#5312,1.);
#5312 = DIRECTION('',(-1.291895883199E-15,1.));
#5313 = ( GEOMETRIC_REPRESENTATION_CONTEXT(2) 
PARAMETRIC_REPRESENTATION_CONTEXT() REPRESENTATION_CONTEXT('2D SPACE',''
  ) );
#5314 = PCURVE('',#4504,#5315);
#5315 = DEFINITIONAL_REPRESENTATION('',(#5316),#5320);
#5316 = LINE('',#5317,#5318);
#5317 = CARTESIAN_POINT('',(3.14159265359,-1.611710764848E-12));
#5318 = VECTOR('',#5319,1.);
#5319 = DIRECTION('',(-1.291895883199E-15,1.));
#5320 = ( GEOMETRIC_REPRESENTATION_CONTEXT(2) 
PARAMETRIC_REPRESENTATION_CONTEXT() REPRESENTATION_CONTEXT('2D SPACE',''
  ) );
#5321 = ORIENTED_EDGE('',*,*,#5322,.T.);
#5322 = EDGE_CURVE('',#5300,#5323,#5325,.T.);
#5323 = VERTEX_POINT('',#5324);
#5324 = CARTESIAN_POINT('',(-17.81483091964,-308.4783177326,
    324.47586802231));
#5325 = SURFACE_CURVE('',#5326,(#5331,#5338),.PCURVE_S1.);
#5326 = CIRCLE('',#5327,2.);
#5327 = AXIS2_PLACEMENT_3D('',#5328,#5329,#5330);
#5328 = CARTESIAN_POINT('',(-17.81483091964,-308.4317950887,
    322.47640918462));
#5329 = DIRECTION('',(5.982545681755E-03,0.999711528099,
    2.326090568427E-02));
#5330 = DIRECTION('',(6.091428359986E-13,2.326132195927E-02,
    -0.999729418843));
#5331 = PCURVE('',#4472,#5332);
#5332 = DEFINITIONAL_REPRESENTATION('',(#5333),#5337);
#5333 = LINE('',#5334,#5335);
#5334 = CARTESIAN_POINT('',(3.14159265359,6.050000000001));
#5335 = VECTOR('',#5336,1.);
#5336 = DIRECTION('',(-1.,-1.357036664091E-14));
#5337 = ( GEOMETRIC_REPRESENTATION_CONTEXT(2) 
PARAMETRIC_REPRESENTATION_CONTEXT() REPRESENTATION_CONTEXT('2D SPACE',''
  ) );
#5338 = PCURVE('',#5339,#5344);
#5339 = TOROIDAL_SURFACE('',#5340,4.,2.);
#5340 = AXIS2_PLACEMENT_3D('',#5341,#5342,#5343);
#5341 = CARTESIAN_POINT('',(-17.81483091964,-308.3387498009,
    318.47749150925));
#5342 = DIRECTION('',(0.999982104413,-5.980926917683E-03,
    -1.391619206297E-04));
#5343 = DIRECTION('',(-5.181036539434E-03,-0.85414491881,-0.520009244659
    ));
#5344 = DEFINITIONAL_REPRESENTATION('',(#5345),#5349);
#5345 = LINE('',#5346,#5347);
#5346 = CARTESIAN_POINT('',(4.188790204788,3.14159265359));
#5347 = VECTOR('',#5348,1.);
#5348 = DIRECTION('',(-3.248406514668E-13,1.));
#5349 = ( GEOMETRIC_REPRESENTATION_CONTEXT(2) 
PARAMETRIC_REPRESENTATION_CONTEXT() REPRESENTATION_CONTEXT('2D SPACE',''
  ) );
#5350 = ORIENTED_EDGE('',*,*,#5351,.F.);
#5351 = EDGE_CURVE('',#4409,#5323,#5352,.T.);
#5352 = SURFACE_CURVE('',#5353,(#5357,#5364),.PCURVE_S1.);
#5353 = LINE('',#5354,#5355);
#5354 = CARTESIAN_POINT('',(-17.77863651827,-302.4300629876,
    324.6165965017));
#5355 = VECTOR('',#5356,1.);
#5356 = DIRECTION('',(-5.982545681734E-03,-0.999711528099,
    -2.326090568428E-02));
#5357 = PCURVE('',#4472,#5358);
#5358 = DEFINITIONAL_REPRESENTATION('',(#5359),#5363);
#5359 = LINE('',#5360,#5361);
#5360 = CARTESIAN_POINT('',(0.,1.372790769949E-12));
#5361 = VECTOR('',#5362,1.);
#5362 = DIRECTION('',(0.,1.));
#5363 = ( GEOMETRIC_REPRESENTATION_CONTEXT(2) 
PARAMETRIC_REPRESENTATION_CONTEXT() REPRESENTATION_CONTEXT('2D SPACE',''
  ) );
#5364 = PCURVE('',#4504,#5365);
#5365 = DEFINITIONAL_REPRESENTATION('',(#5366),#5370);
#5366 = LINE('',#5367,#5368);
#5367 = CARTESIAN_POINT('',(6.28318530718,1.372790769949E-12));
#5368 = VECTOR('',#5369,1.);
#5369 = DIRECTION('',(0.,1.));
#5370 = ( GEOMETRIC_REPRESENTATION_CONTEXT(2) 
PARAMETRIC_REPRESENTATION_CONTEXT() REPRESENTATION_CONTEXT('2D SPACE',''
  ) );
#5371 = ADVANCED_FACE('',(#5372),#4504,.T.);
#5372 = FACE_BOUND('',#5373,.T.);
#5373 = EDGE_LOOP('',(#5374,#5375,#5376,#5377));
#5374 = ORIENTED_EDGE('',*,*,#5299,.F.);
#5375 = ORIENTED_EDGE('',*,*,#4489,.F.);
#5376 = ORIENTED_EDGE('',*,*,#5351,.T.);
#5377 = ORIENTED_EDGE('',*,*,#5378,.T.);
#5378 = EDGE_CURVE('',#5323,#5300,#5379,.T.);
#5379 = SURFACE_CURVE('',#5380,(#5385,#5392),.PCURVE_S1.);
#5380 = CIRCLE('',#5381,2.);
#5381 = AXIS2_PLACEMENT_3D('',#5382,#5383,#5384);
#5382 = CARTESIAN_POINT('',(-17.81483091964,-308.4317950887,
    322.47640918462));
#5383 = DIRECTION('',(5.982545681755E-03,0.999711528099,
    2.326090568427E-02));
#5384 = DIRECTION('',(6.091428359986E-13,2.326132195927E-02,
    -0.999729418843));
#5385 = PCURVE('',#4504,#5386);
#5386 = DEFINITIONAL_REPRESENTATION('',(#5387),#5391);
#5387 = LINE('',#5388,#5389);
#5388 = CARTESIAN_POINT('',(9.424777960769,6.050000000001));
#5389 = VECTOR('',#5390,1.);
#5390 = DIRECTION('',(-1.,1.357036664091E-14));
#5391 = ( GEOMETRIC_REPRESENTATION_CONTEXT(2) 
PARAMETRIC_REPRESENTATION_CONTEXT() REPRESENTATION_CONTEXT('2D SPACE',''
  ) );
#5392 = PCURVE('',#5393,#5398);
#5393 = TOROIDAL_SURFACE('',#5394,4.,2.);
#5394 = AXIS2_PLACEMENT_3D('',#5395,#5396,#5397);
#5395 = CARTESIAN_POINT('',(-17.81483091964,-308.3387498009,
    318.47749150925));
#5396 = DIRECTION('',(0.999982104413,-5.980926917683E-03,
    -1.391619206297E-04));
#5397 = DIRECTION('',(-5.181036539434E-03,-0.85414491881,-0.520009244659
    ));
#5398 = DEFINITIONAL_REPRESENTATION('',(#5399),#5403);
#5399 = LINE('',#5400,#5401);
#5400 = CARTESIAN_POINT('',(4.188790204786,-3.14159265359));
#5401 = VECTOR('',#5402,1.);
#5402 = DIRECTION('',(3.222962077216E-13,1.));
#5403 = ( GEOMETRIC_REPRESENTATION_CONTEXT(2) 
PARAMETRIC_REPRESENTATION_CONTEXT() REPRESENTATION_CONTEXT('2D SPACE',''
  ) );
#5404 = ADVANCED_FACE('',(#5405),#4665,.T.);
#5405 = FACE_BOUND('',#5406,.T.);
#5406 = EDGE_LOOP('',(#5407,#5431,#5460,#5484,#5547));
#5407 = ORIENTED_EDGE('',*,*,#5408,.F.);
#5408 = EDGE_CURVE('',#5409,#4625,#5411,.T.);
#5409 = VERTEX_POINT('',#5410);
#5410 = CARTESIAN_POINT('',(-17.82679601099,-309.6403331983,
    288.43908713258));
#5411 = SURFACE_CURVE('',#5412,(#5417,#5424),.PCURVE_S1.);
#5412 = CIRCLE('',#5413,2.);
#5413 = AXIS2_PLACEMENT_3D('',#5414,#5415,#5416);
#5414 = CARTESIAN_POINT('',(-17.81483091962,-307.6409101421,
    288.48560894395));
#5415 = DIRECTION('',(0.999982104413,-5.980926917683E-03,
    -1.391619206297E-04));
#5416 = DIRECTION('',(5.980926975596E-03,0.999982114096,
    -3.553832609324E-18));
#5417 = PCURVE('',#4665,#5418);
#5418 = DEFINITIONAL_REPRESENTATION('',(#5419),#5423);
#5419 = LINE('',#5420,#5421);
#5420 = CARTESIAN_POINT('',(2.594730873942,3.14159265359));
#5421 = VECTOR('',#5422,1.);
#5422 = DIRECTION('',(1.,0.));
#5423 = ( GEOMETRIC_REPRESENTATION_CONTEXT(2) 
PARAMETRIC_REPRESENTATION_CONTEXT() REPRESENTATION_CONTEXT('2D SPACE',''
  ) );
#5424 = PCURVE('',#5080,#5425);
#5425 = DEFINITIONAL_REPRESENTATION('',(#5426),#5430);
#5426 = LINE('',#5427,#5428);
#5427 = CARTESIAN_POINT('',(2.594730873942,3.14159265359));
#5428 = VECTOR('',#5429,1.);
#5429 = DIRECTION('',(1.,0.));
#5430 = ( GEOMETRIC_REPRESENTATION_CONTEXT(2) 
PARAMETRIC_REPRESENTATION_CONTEXT() REPRESENTATION_CONTEXT('2D SPACE',''
  ) );
#5431 = ORIENTED_EDGE('',*,*,#5432,.T.);
#5432 = EDGE_CURVE('',#5409,#5433,#5435,.T.);
#5433 = VERTEX_POINT('',#5434);
#5434 = CARTESIAN_POINT('',(-17.85072619371,-313.6391793107,
    288.34604350985));
#5435 = SURFACE_CURVE('',#5436,(#5441,#5448),.PCURVE_S1.);
#5436 = CIRCLE('',#5437,2.);
#5437 = AXIS2_PLACEMENT_3D('',#5438,#5439,#5440);
#5438 = CARTESIAN_POINT('',(-17.83876110235,-311.6397562545,
    288.39256532122));
#5439 = DIRECTION('',(5.990479379908E-13,2.326132195938E-02,
    -0.999729418843));
#5440 = DIRECTION('',(-5.982545681731E-03,-0.999711528099,
    -2.326090568438E-02));
#5441 = PCURVE('',#4665,#5442);
#5442 = DEFINITIONAL_REPRESENTATION('',(#5443),#5447);
#5443 = LINE('',#5444,#5445);
#5444 = CARTESIAN_POINT('',(5.759586531575,6.28318530718));
#5445 = VECTOR('',#5446,1.);
#5446 = DIRECTION('',(8.054578033324E-13,-1.));
#5447 = ( GEOMETRIC_REPRESENTATION_CONTEXT(2) 
PARAMETRIC_REPRESENTATION_CONTEXT() REPRESENTATION_CONTEXT('2D SPACE',''
  ) );
#5448 = PCURVE('',#5449,#5454);
#5449 = CYLINDRICAL_SURFACE('',#5450,2.);
#5450 = AXIS2_PLACEMENT_3D('',#5451,#5452,#5453);
#5451 = CARTESIAN_POINT('',(-17.83876110237,-312.3375959133,
    318.38444788651));
#5452 = DIRECTION('',(6.210734800291E-13,2.326132195937E-02,
    -0.999729418843));
#5453 = DIRECTION('',(-5.982545681731E-03,-0.999711528099,
    -2.326090568437E-02));
#5454 = DEFINITIONAL_REPRESENTATION('',(#5455),#5459);
#5455 = LINE('',#5456,#5457);
#5456 = CARTESIAN_POINT('',(-3.339550858072E-13,29.999999999992));
#5457 = VECTOR('',#5458,1.);
#5458 = DIRECTION('',(1.,0.));
#5459 = ( GEOMETRIC_REPRESENTATION_CONTEXT(2) 
PARAMETRIC_REPRESENTATION_CONTEXT() REPRESENTATION_CONTEXT('2D SPACE',''
  ) );
#5460 = ORIENTED_EDGE('',*,*,#5461,.T.);
#5461 = EDGE_CURVE('',#5433,#5462,#5464,.T.);
#5462 = VERTEX_POINT('',#5463);
#5463 = CARTESIAN_POINT('',(-17.84776014406,-313.087985257,285.97));
#5464 = SURFACE_CURVE('',#5465,(#5470,#5477),.PCURVE_S1.);
#5465 = CIRCLE('',#5466,6.);
#5466 = AXIS2_PLACEMENT_3D('',#5467,#5468,#5469);
#5467 = CARTESIAN_POINT('',(-17.81483091962,-307.6409101421,
    288.48560894395));
#5468 = DIRECTION('',(0.999982104413,-5.980926917683E-03,
    -1.391619206297E-04));
#5469 = DIRECTION('',(5.980926975596E-03,0.999982114096,
    -3.917315622814E-18));
#5470 = PCURVE('',#4665,#5471);
#5471 = DEFINITIONAL_REPRESENTATION('',(#5472),#5476);
#5472 = LINE('',#5473,#5474);
#5473 = CARTESIAN_POINT('',(2.594730873942,0.));
#5474 = VECTOR('',#5475,1.);
#5475 = DIRECTION('',(1.,0.));
#5476 = ( GEOMETRIC_REPRESENTATION_CONTEXT(2) 
PARAMETRIC_REPRESENTATION_CONTEXT() REPRESENTATION_CONTEXT('2D SPACE',''
  ) );
#5477 = PCURVE('',#5080,#5478);
#5478 = DEFINITIONAL_REPRESENTATION('',(#5479),#5483);
#5479 = LINE('',#5480,#5481);
#5480 = CARTESIAN_POINT('',(2.594730873942,6.28318530718));
#5481 = VECTOR('',#5482,1.);
#5482 = DIRECTION('',(1.,0.));
#5483 = ( GEOMETRIC_REPRESENTATION_CONTEXT(2) 
PARAMETRIC_REPRESENTATION_CONTEXT() REPRESENTATION_CONTEXT('2D SPACE',''
  ) );
#5484 = ORIENTED_EDGE('',*,*,#5485,.T.);
#5485 = EDGE_CURVE('',#5462,#4649,#5486,.T.);
#5486 = SURFACE_CURVE('',#5487,(#5505,#5526),.PCURVE_S1.);
#5487 = B_SPLINE_CURVE_WITH_KNOTS('',6,(#5488,#5489,#5490,#5491,#5492,
    #5493,#5494,#5495,#5496,#5497,#5498,#5499,#5500,#5501,#5502,#5503,
    #5504),.UNSPECIFIED.,.F.,.F.,(7,5,5,7),(0.,0.477940813294,
    0.685300688197,1.),.UNSPECIFIED.);
#5488 = CARTESIAN_POINT('',(-17.84776014406,-313.087985257,285.97));
#5489 = CARTESIAN_POINT('',(-17.65922420315,-313.089125014,285.97));
#5490 = CARTESIAN_POINT('',(-17.47045262389,-313.0667722716,285.97));
#5491 = CARTESIAN_POINT('',(-17.28522070204,-313.0208651084,285.97));
#5492 = CARTESIAN_POINT('',(-17.1069067482,-312.9524409282,285.97));
#5493 = CARTESIAN_POINT('',(-16.93851264233,-312.8631251143,285.97));
#5494 = CARTESIAN_POINT('',(-16.7148297766,-312.7086277245,285.97));
#5495 = CARTESIAN_POINT('',(-16.64946076905,-312.658396177,285.97));
#5496 = CARTESIAN_POINT('',(-16.58659470905,-312.6048681792,285.97));
#5497 = CARTESIAN_POINT('',(-16.52639176668,-312.5482444547,285.97));
#5498 = CARTESIAN_POINT('',(-16.46898454066,-312.4887360709,285.97));
#5499 = CARTESIAN_POINT('',(-16.33176076273,-312.332201067,285.97));
#5500 = CARTESIAN_POINT('',(-16.25572261606,-312.2316935534,285.97));
#5501 = CARTESIAN_POINT('',(-16.18673877196,-312.1258031615,285.97));
#5502 = CARTESIAN_POINT('',(-16.12502014899,-312.0152971148,285.97));
#5503 = CARTESIAN_POINT('',(-16.07063929911,-311.9009235722,285.97));
#5504 = CARTESIAN_POINT('',(-16.02355454369,-311.783390066,285.97));
#5505 = PCURVE('',#4665,#5506);
#5506 = DEFINITIONAL_REPRESENTATION('',(#5507),#5525);
#5507 = B_SPLINE_CURVE_WITH_KNOTS('',6,(#5508,#5509,#5510,#5511,#5512,
    #5513,#5514,#5515,#5516,#5517,#5518,#5519,#5520,#5521,#5522,#5523,
    #5524),.UNSPECIFIED.,.F.,.F.,(7,5,5,7),(0.,0.477940813294,
    0.685300688197,1.),.UNSPECIFIED.);
#5508 = CARTESIAN_POINT('',(6.168962585621,-4.618527782441E-14));
#5509 = CARTESIAN_POINT('',(6.168957768903,9.426969187843E-02));
#5510 = CARTESIAN_POINT('',(6.17059458864,0.188586225242));
#5511 = CARTESIAN_POINT('',(6.173876024915,0.282574827454));
#5512 = CARTESIAN_POINT('',(6.178815242722,0.376046629667));
#5513 = CARTESIAN_POINT('',(6.185472801845,0.468802094148));
#5514 = CARTESIAN_POINT('',(6.197558458548,0.600301066939));
#5515 = CARTESIAN_POINT('',(6.201549811818,0.639904793877));
#5516 = CARTESIAN_POINT('',(6.205881017737,0.679304320324));
#5517 = CARTESIAN_POINT('',(6.210558498271,0.718483822413));
#5518 = CARTESIAN_POINT('',(6.215589464653,0.757428495031));
#5519 = CARTESIAN_POINT('',(6.229165190746,0.854846965195));
#5520 = CARTESIAN_POINT('',(6.238181244853,0.912997477321));
#5521 = CARTESIAN_POINT('',(6.248056757274,0.970519848313));
#5522 = CARTESIAN_POINT('',(6.258824495069,1.027373756354));
#5523 = CARTESIAN_POINT('',(6.270521134373,1.083523341786));
#5524 = CARTESIAN_POINT('',(6.28318530718,1.138927571212));
#5525 = ( GEOMETRIC_REPRESENTATION_CONTEXT(2) 
PARAMETRIC_REPRESENTATION_CONTEXT() REPRESENTATION_CONTEXT('2D SPACE',''
  ) );
#5526 = PCURVE('',#4761,#5527);
#5527 = DEFINITIONAL_REPRESENTATION('',(#5528),#5546);
#5528 = B_SPLINE_CURVE_WITH_KNOTS('',6,(#5529,#5530,#5531,#5532,#5533,
    #5534,#5535,#5536,#5537,#5538,#5539,#5540,#5541,#5542,#5543,#5544,
    #5545),.UNSPECIFIED.,.F.,.F.,(7,5,5,7),(0.,0.477940813294,
    0.685300688197,1.),.UNSPECIFIED.);
#5529 = CARTESIAN_POINT('',(4.712014742986,30.547760144064));
#5530 = CARTESIAN_POINT('',(4.710874985927,30.35922420315));
#5531 = CARTESIAN_POINT('',(4.733227728307,30.170452623893));
#5532 = CARTESIAN_POINT('',(4.779134891569,29.985220702049));
#5533 = CARTESIAN_POINT('',(4.847559071792,29.8069067482));
#5534 = CARTESIAN_POINT('',(4.936874885679,29.638512642332));
#5535 = CARTESIAN_POINT('',(5.091372275498,29.414829776608));
#5536 = CARTESIAN_POINT('',(5.141603822911,29.349460769051));
#5537 = CARTESIAN_POINT('',(5.195131820717,29.286594709055));
#5538 = CARTESIAN_POINT('',(5.251755545266,29.226391766684));
#5539 = CARTESIAN_POINT('',(5.311263929045,29.168984540662));
#5540 = CARTESIAN_POINT('',(5.467798932932,29.031760762732));
#5541 = CARTESIAN_POINT('',(5.568306446589,28.955722616065));
#5542 = CARTESIAN_POINT('',(5.674196838464,28.886738771961));
#5543 = CARTESIAN_POINT('',(5.784702885196,28.825020148992));
#5544 = CARTESIAN_POINT('',(5.899076427765,28.770639299111));
#5545 = CARTESIAN_POINT('',(6.016609933996,28.723554543695));
#5546 = ( GEOMETRIC_REPRESENTATION_CONTEXT(2) 
PARAMETRIC_REPRESENTATION_CONTEXT() REPRESENTATION_CONTEXT('2D SPACE',''
  ) );
#5547 = ORIENTED_EDGE('',*,*,#4648,.T.);
#5548 = ADVANCED_FACE('',(#5549),#4572,.T.);
#5549 = FACE_BOUND('',#5550,.T.);
#5550 = EDGE_LOOP('',(#5551,#5572,#5573));
#5551 = ORIENTED_EDGE('',*,*,#5552,.F.);
#5552 = EDGE_CURVE('',#5096,#4523,#5553,.T.);
#5553 = SURFACE_CURVE('',#5554,(#5558,#5565),.PCURVE_S1.);
#5554 = LINE('',#5555,#5556);
#5555 = CARTESIAN_POINT('',(-32.5,-310.8534323826,284.47));
#5556 = VECTOR('',#5557,1.);
#5557 = DIRECTION('',(1.,0.,0.));
#5558 = PCURVE('',#4572,#5559);
#5559 = DEFINITIONAL_REPRESENTATION('',(#5560),#5564);
#5560 = LINE('',#5561,#5562);
#5561 = CARTESIAN_POINT('',(6.0515252209,15.8));
#5562 = VECTOR('',#5563,1.);
#5563 = DIRECTION('',(0.,-1.));
#5564 = ( GEOMETRIC_REPRESENTATION_CONTEXT(2) 
PARAMETRIC_REPRESENTATION_CONTEXT() REPRESENTATION_CONTEXT('2D SPACE',''
  ) );
#5565 = PCURVE('',#4889,#5566);
#5566 = DEFINITIONAL_REPRESENTATION('',(#5567),#5571);
#5567 = LINE('',#5568,#5569);
#5568 = CARTESIAN_POINT('',(7.644756982028,15.8));
#5569 = VECTOR('',#5570,1.);
#5570 = DIRECTION('',(0.,-1.));
#5571 = ( GEOMETRIC_REPRESENTATION_CONTEXT(2) 
PARAMETRIC_REPRESENTATION_CONTEXT() REPRESENTATION_CONTEXT('2D SPACE',''
  ) );
#5572 = ORIENTED_EDGE('',*,*,#5095,.T.);
#5573 = ORIENTED_EDGE('',*,*,#4520,.T.);
#5574 = ADVANCED_FACE('',(#5575),#4889,.F.);
#5575 = FACE_BOUND('',#5576,.F.);
#5576 = EDGE_LOOP('',(#5577,#5578,#5579,#5580));
#5577 = ORIENTED_EDGE('',*,*,#4807,.F.);
#5578 = ORIENTED_EDGE('',*,*,#5552,.F.);
#5579 = ORIENTED_EDGE('',*,*,#5187,.T.);
#5580 = ORIENTED_EDGE('',*,*,#5581,.F.);
#5581 = EDGE_CURVE('',#4678,#4939,#5582,.T.);
#5582 = SURFACE_CURVE('',#5583,(#5587,#5594),.PCURVE_S1.);
#5583 = LINE('',#5584,#5585);
#5584 = CARTESIAN_POINT('',(-14.5,-310.7211158121,285.97));
#5585 = VECTOR('',#5586,1.);
#5586 = DIRECTION('',(-1.,3.157967714489E-15,0.));
#5587 = PCURVE('',#4889,#5588);
#5588 = DEFINITIONAL_REPRESENTATION('',(#5589),#5593);
#5589 = LINE('',#5590,#5591);
#5590 = CARTESIAN_POINT('',(6.138932399008,-2.2));
#5591 = VECTOR('',#5592,1.);
#5592 = DIRECTION('',(-2.774901289298E-16,1.));
#5593 = ( GEOMETRIC_REPRESENTATION_CONTEXT(2) 
PARAMETRIC_REPRESENTATION_CONTEXT() REPRESENTATION_CONTEXT('2D SPACE',''
  ) );
#5594 = PCURVE('',#4761,#5595);
#5595 = DEFINITIONAL_REPRESENTATION('',(#5596),#5600);
#5596 = LINE('',#5597,#5598);
#5597 = CARTESIAN_POINT('',(7.0788841879,27.2));
#5598 = VECTOR('',#5599,1.);
#5599 = DIRECTION('',(3.157967714489E-15,1.));
#5600 = ( GEOMETRIC_REPRESENTATION_CONTEXT(2) 
PARAMETRIC_REPRESENTATION_CONTEXT() REPRESENTATION_CONTEXT('2D SPACE',''
  ) );
#5601 = ADVANCED_FACE('',(#5602),#4761,.F.);
#5602 = FACE_BOUND('',#5603,.F.);
#5603 = EDGE_LOOP('',(#5604,#5605,#5606,#5669,#5670));
#5604 = ORIENTED_EDGE('',*,*,#5581,.T.);
#5605 = ORIENTED_EDGE('',*,*,#4938,.T.);
#5606 = ORIENTED_EDGE('',*,*,#5607,.T.);
#5607 = EDGE_CURVE('',#4941,#5462,#5608,.T.);
#5608 = SURFACE_CURVE('',#5609,(#5627,#5648),.PCURVE_S1.);
#5609 = B_SPLINE_CURVE_WITH_KNOTS('',6,(#5610,#5611,#5612,#5613,#5614,
    #5615,#5616,#5617,#5618,#5619,#5620,#5621,#5622,#5623,#5624,#5625,
    #5626),.UNSPECIFIED.,.F.,.F.,(7,5,5,7),(0.,0.314681297253,
    0.522154772,1.),.UNSPECIFIED.);
#5610 = CARTESIAN_POINT('',(-19.65578679117,-311.7624958662,285.97));
#5611 = CARTESIAN_POINT('',(-19.61008026334,-311.8805040338,285.97));
#5612 = CARTESIAN_POINT('',(-19.55704877155,-311.9954393305,285.97));
#5613 = CARTESIAN_POINT('',(-19.49664272263,-312.1065958277,285.97));
#5614 = CARTESIAN_POINT('',(-19.42892602817,-312.2132257648,285.97));
#5615 = CARTESIAN_POINT('',(-19.35410041973,-312.3145607651,285.97));
#5616 = CARTESIAN_POINT('',(-19.2187491689,-312.4726473078,285.97));
#5617 = CARTESIAN_POINT('',(-19.16203472377,-312.5328285432,285.97));
#5618 = CARTESIAN_POINT('',(-19.10249065612,-312.5901575321,285.97));
#5619 = CARTESIAN_POINT('',(-19.04024711516,-312.6444216269,285.97));
#5620 = CARTESIAN_POINT('',(-18.97546194557,-312.6954181995,285.97));
#5621 = CARTESIAN_POINT('',(-18.75368928628,-312.8524501875,285.97));
#5622 = CARTESIAN_POINT('',(-18.58646530963,-312.9436790279,285.97));
#5623 = CARTESIAN_POINT('',(-18.40909026147,-313.0141629135,285.97));
#5624 = CARTESIAN_POINT('',(-18.2245403015,-313.0622439397,285.97));
#5625 = CARTESIAN_POINT('',(-18.03617424356,-313.0868462365,285.97));
#5626 = CARTESIAN_POINT('',(-17.84776014406,-313.087985257,285.97));
#5627 = PCURVE('',#4761,#5628);
#5628 = DEFINITIONAL_REPRESENTATION('',(#5629),#5647);
#5629 = B_SPLINE_CURVE_WITH_KNOTS('',6,(#5630,#5631,#5632,#5633,#5634,
    #5635,#5636,#5637,#5638,#5639,#5640,#5641,#5642,#5643,#5644,#5645,
    #5646),.UNSPECIFIED.,.F.,.F.,(7,5,5,7),(0.,0.314681297253,
    0.522154772,1.),.UNSPECIFIED.);
#5630 = CARTESIAN_POINT('',(6.037504133784,32.355786791173));
#5631 = CARTESIAN_POINT('',(5.919495966133,32.310080263346));
#5632 = CARTESIAN_POINT('',(5.804560669422,32.257048771559));
#5633 = CARTESIAN_POINT('',(5.693404172275,32.196642722631));
#5634 = CARTESIAN_POINT('',(5.586774235122,32.128926028177));
#5635 = CARTESIAN_POINT('',(5.485439234894,32.054100419738));
#5636 = CARTESIAN_POINT('',(5.327352692171,31.918749168902));
#5637 = CARTESIAN_POINT('',(5.267171456776,31.86203472377));
#5638 = CARTESIAN_POINT('',(5.209842467849,31.802490656121));
#5639 = CARTESIAN_POINT('',(5.155578373039,31.740247115162));
#5640 = CARTESIAN_POINT('',(5.104581800427,31.67546194557));
#5641 = CARTESIAN_POINT('',(4.947549812498,31.453689286282));
#5642 = CARTESIAN_POINT('',(4.856320972021,31.286465309633));
#5643 = CARTESIAN_POINT('',(4.785837086438,31.109090261475));
#5644 = CARTESIAN_POINT('',(4.737756060254,30.924540301504));
#5645 = CARTESIAN_POINT('',(4.713153763476,30.73617424356));
#5646 = CARTESIAN_POINT('',(4.712014742986,30.547760144063));
#5647 = ( GEOMETRIC_REPRESENTATION_CONTEXT(2) 
PARAMETRIC_REPRESENTATION_CONTEXT() REPRESENTATION_CONTEXT('2D SPACE',''
  ) );
#5648 = PCURVE('',#5080,#5649);
#5649 = DEFINITIONAL_REPRESENTATION('',(#5650),#5668);
#5650 = B_SPLINE_CURVE_WITH_KNOTS('',6,(#5651,#5652,#5653,#5654,#5655,
    #5656,#5657,#5658,#5659,#5660,#5661,#5662,#5663,#5664,#5665,#5666,
    #5667),.UNSPECIFIED.,.F.,.F.,(7,5,5,7),(0.,0.314681297253,
    0.522154772,1.),.UNSPECIFIED.);
#5651 = CARTESIAN_POINT('',(6.28318530718,5.144792964596));
#5652 = CARTESIAN_POINT('',(6.270530032486,5.200169391856));
#5653 = CARTESIAN_POINT('',(6.258840858844,5.256290256544));
#5654 = CARTESIAN_POINT('',(6.248079240146,5.313114616025));
#5655 = CARTESIAN_POINT('',(6.238208586203,5.370606686721));
#5656 = CARTESIAN_POINT('',(6.229196209884,5.428726235026));
#5657 = CARTESIAN_POINT('',(6.215621476906,5.526115851065));
#5658 = CARTESIAN_POINT('',(6.210588892777,5.565063236565));
#5659 = CARTESIAN_POINT('',(6.205909754366,5.604245524859));
#5660 = CARTESIAN_POINT('',(6.201576856769,5.643647916826));
#5661 = CARTESIAN_POINT('',(6.197583784879,5.683254594036));
#5662 = CARTESIAN_POINT('',(6.185498686526,5.814695062082));
#5663 = CARTESIAN_POINT('',(6.178840681756,5.907387778727));
#5664 = CARTESIAN_POINT('',(6.173898466575,6.00079658318));
#5665 = CARTESIAN_POINT('',(6.170611733025,6.094722340014));
#5666 = CARTESIAN_POINT('',(6.168967399226,6.188976537123));
#5667 = CARTESIAN_POINT('',(6.168962585621,6.28318530718));
#5668 = ( GEOMETRIC_REPRESENTATION_CONTEXT(2) 
PARAMETRIC_REPRESENTATION_CONTEXT() REPRESENTATION_CONTEXT('2D SPACE',''
  ) );
#5669 = ORIENTED_EDGE('',*,*,#5485,.T.);
#5670 = ORIENTED_EDGE('',*,*,#4677,.F.);
#5671 = ADVANCED_FACE('',(#5672),#5080,.T.);
#5672 = FACE_BOUND('',#5673,.T.);
#5673 = EDGE_LOOP('',(#5674,#5675,#5702,#5703,#5704));
#5674 = ORIENTED_EDGE('',*,*,#5461,.F.);
#5675 = ORIENTED_EDGE('',*,*,#5676,.T.);
#5676 = EDGE_CURVE('',#5433,#5409,#5677,.T.);
#5677 = SURFACE_CURVE('',#5678,(#5683,#5690),.PCURVE_S1.);
#5678 = CIRCLE('',#5679,2.);
#5679 = AXIS2_PLACEMENT_3D('',#5680,#5681,#5682);
#5680 = CARTESIAN_POINT('',(-17.83876110235,-311.6397562545,
    288.39256532122));
#5681 = DIRECTION('',(5.990479379908E-13,2.326132195938E-02,
    -0.999729418843));
#5682 = DIRECTION('',(-5.982545681731E-03,-0.999711528099,
    -2.326090568438E-02));
#5683 = PCURVE('',#5080,#5684);
#5684 = DEFINITIONAL_REPRESENTATION('',(#5685),#5689);
#5685 = LINE('',#5686,#5687);
#5686 = CARTESIAN_POINT('',(5.75958653158,6.28318530718));
#5687 = VECTOR('',#5688,1.);
#5688 = DIRECTION('',(-7.130096805912E-13,-1.));
#5689 = ( GEOMETRIC_REPRESENTATION_CONTEXT(2) 
PARAMETRIC_REPRESENTATION_CONTEXT() REPRESENTATION_CONTEXT('2D SPACE',''
  ) );
#5690 = PCURVE('',#5691,#5696);
#5691 = CYLINDRICAL_SURFACE('',#5692,2.);
#5692 = AXIS2_PLACEMENT_3D('',#5693,#5694,#5695);
#5693 = CARTESIAN_POINT('',(-17.83876110237,-312.3375959133,
    318.38444788651));
#5694 = DIRECTION('',(6.210734800291E-13,2.326132195937E-02,
    -0.999729418843));
#5695 = DIRECTION('',(-5.982545681731E-03,-0.999711528099,
    -2.326090568437E-02));
#5696 = DEFINITIONAL_REPRESENTATION('',(#5697),#5701);
#5697 = LINE('',#5698,#5699);
#5698 = CARTESIAN_POINT('',(0.,29.999999999992));
#5699 = VECTOR('',#5700,1.);
#5700 = DIRECTION('',(1.,-1.809382218788E-14));
#5701 = ( GEOMETRIC_REPRESENTATION_CONTEXT(2) 
PARAMETRIC_REPRESENTATION_CONTEXT() REPRESENTATION_CONTEXT('2D SPACE',''
  ) );
#5702 = ORIENTED_EDGE('',*,*,#5408,.T.);
#5703 = ORIENTED_EDGE('',*,*,#5065,.T.);
#5704 = ORIENTED_EDGE('',*,*,#5607,.T.);
#5705 = ADVANCED_FACE('',(#5706),#5339,.T.);
#5706 = FACE_BOUND('',#5707,.T.);
#5707 = EDGE_LOOP('',(#5708,#5732,#5733,#5757));
#5708 = ORIENTED_EDGE('',*,*,#5709,.F.);
#5709 = EDGE_CURVE('',#5323,#5710,#5712,.T.);
#5710 = VERTEX_POINT('',#5711);
#5711 = CARTESIAN_POINT('',(-17.85072619373,-314.3370189694,
    318.33792607514));
#5712 = SURFACE_CURVE('',#5713,(#5718,#5725),.PCURVE_S1.);
#5713 = CIRCLE('',#5714,6.);
#5714 = AXIS2_PLACEMENT_3D('',#5715,#5716,#5717);
#5715 = CARTESIAN_POINT('',(-17.81483091964,-308.3387498009,
    318.47749150925));
#5716 = DIRECTION('',(0.999982104413,-5.980926917683E-03,
    -1.391619206297E-04));
#5717 = DIRECTION('',(5.980926975596E-03,0.999982114096,
    -3.917315622814E-18));
#5718 = PCURVE('',#5339,#5719);
#5719 = DEFINITIONAL_REPRESENTATION('',(#5720),#5724);
#5720 = LINE('',#5721,#5722);
#5721 = CARTESIAN_POINT('',(2.594730873942,6.28318530718));
#5722 = VECTOR('',#5723,1.);
#5723 = DIRECTION('',(1.,0.));
#5724 = ( GEOMETRIC_REPRESENTATION_CONTEXT(2) 
PARAMETRIC_REPRESENTATION_CONTEXT() REPRESENTATION_CONTEXT('2D SPACE',''
  ) );
#5725 = PCURVE('',#5393,#5726);
#5726 = DEFINITIONAL_REPRESENTATION('',(#5727),#5731);
#5727 = LINE('',#5728,#5729);
#5728 = CARTESIAN_POINT('',(2.594730873942,0.));
#5729 = VECTOR('',#5730,1.);
#5730 = DIRECTION('',(1.,0.));
#5731 = ( GEOMETRIC_REPRESENTATION_CONTEXT(2) 
PARAMETRIC_REPRESENTATION_CONTEXT() REPRESENTATION_CONTEXT('2D SPACE',''
  ) );
#5732 = ORIENTED_EDGE('',*,*,#5322,.F.);
#5733 = ORIENTED_EDGE('',*,*,#5734,.T.);
#5734 = EDGE_CURVE('',#5300,#5735,#5737,.T.);
#5735 = VERTEX_POINT('',#5736);
#5736 = CARTESIAN_POINT('',(-17.826796011,-310.3381728571,
    318.43096969788));
#5737 = SURFACE_CURVE('',#5738,(#5743,#5750),.PCURVE_S1.);
#5738 = CIRCLE('',#5739,2.);
#5739 = AXIS2_PLACEMENT_3D('',#5740,#5741,#5742);
#5740 = CARTESIAN_POINT('',(-17.81483091964,-308.3387498009,
    318.47749150925));
#5741 = DIRECTION('',(0.999982104413,-5.980926917683E-03,
    -1.391619206297E-04));
#5742 = DIRECTION('',(5.980926975596E-03,0.999982114096,
    -4.470216379135E-18));
#5743 = PCURVE('',#5339,#5744);
#5744 = DEFINITIONAL_REPRESENTATION('',(#5745),#5749);
#5745 = LINE('',#5746,#5747);
#5746 = CARTESIAN_POINT('',(2.594730873942,3.14159265359));
#5747 = VECTOR('',#5748,1.);
#5748 = DIRECTION('',(1.,0.));
#5749 = ( GEOMETRIC_REPRESENTATION_CONTEXT(2) 
PARAMETRIC_REPRESENTATION_CONTEXT() REPRESENTATION_CONTEXT('2D SPACE',''
  ) );
#5750 = PCURVE('',#5393,#5751);
#5751 = DEFINITIONAL_REPRESENTATION('',(#5752),#5756);
#5752 = LINE('',#5753,#5754);
#5753 = CARTESIAN_POINT('',(2.594730873942,3.14159265359));
#5754 = VECTOR('',#5755,1.);
#5755 = DIRECTION('',(1.,0.));
#5756 = ( GEOMETRIC_REPRESENTATION_CONTEXT(2) 
PARAMETRIC_REPRESENTATION_CONTEXT() REPRESENTATION_CONTEXT('2D SPACE',''
  ) );
#5757 = ORIENTED_EDGE('',*,*,#5758,.T.);
#5758 = EDGE_CURVE('',#5735,#5710,#5759,.T.);
#5759 = SURFACE_CURVE('',#5760,(#5765,#5772),.PCURVE_S1.);
#5760 = CIRCLE('',#5761,2.);
#5761 = AXIS2_PLACEMENT_3D('',#5762,#5763,#5764);
#5762 = CARTESIAN_POINT('',(-17.83876110237,-312.3375959133,
    318.38444788651));
#5763 = DIRECTION('',(-6.569422740174E-13,-2.326132195937E-02,
    0.999729418843));
#5764 = DIRECTION('',(5.982545681737E-03,0.999711528099,
    2.326090568437E-02));
#5765 = PCURVE('',#5339,#5766);
#5766 = DEFINITIONAL_REPRESENTATION('',(#5767),#5771);
#5767 = LINE('',#5768,#5769);
#5768 = CARTESIAN_POINT('',(5.759586531583,3.14159265359));
#5769 = VECTOR('',#5770,1.);
#5770 = DIRECTION('',(-2.541616585454E-13,1.));
#5771 = ( GEOMETRIC_REPRESENTATION_CONTEXT(2) 
PARAMETRIC_REPRESENTATION_CONTEXT() REPRESENTATION_CONTEXT('2D SPACE',''
  ) );
#5772 = PCURVE('',#5691,#5773);
#5773 = DEFINITIONAL_REPRESENTATION('',(#5774),#5778);
#5774 = LINE('',#5775,#5776);
#5775 = CARTESIAN_POINT('',(3.14159265359,0.));
#5776 = VECTOR('',#5777,1.);
#5777 = DIRECTION('',(-1.,0.));
#5778 = ( GEOMETRIC_REPRESENTATION_CONTEXT(2) 
PARAMETRIC_REPRESENTATION_CONTEXT() REPRESENTATION_CONTEXT('2D SPACE',''
  ) );
#5779 = ADVANCED_FACE('',(#5780),#5393,.T.);
#5780 = FACE_BOUND('',#5781,.T.);
#5781 = EDGE_LOOP('',(#5782,#5783,#5784,#5806));
#5782 = ORIENTED_EDGE('',*,*,#5378,.F.);
#5783 = ORIENTED_EDGE('',*,*,#5709,.T.);
#5784 = ORIENTED_EDGE('',*,*,#5785,.T.);
#5785 = EDGE_CURVE('',#5710,#5735,#5786,.T.);
#5786 = SURFACE_CURVE('',#5787,(#5792,#5799),.PCURVE_S1.);
#5787 = CIRCLE('',#5788,2.);
#5788 = AXIS2_PLACEMENT_3D('',#5789,#5790,#5791);
#5789 = CARTESIAN_POINT('',(-17.83876110237,-312.3375959133,
    318.38444788651));
#5790 = DIRECTION('',(-6.569422740174E-13,-2.326132195937E-02,
    0.999729418843));
#5791 = DIRECTION('',(5.982545681737E-03,0.999711528099,
    2.326090568437E-02));
#5792 = PCURVE('',#5393,#5793);
#5793 = DEFINITIONAL_REPRESENTATION('',(#5794),#5798);
#5794 = LINE('',#5795,#5796);
#5795 = CARTESIAN_POINT('',(5.759586531581,-3.14159265359));
#5796 = VECTOR('',#5797,1.);
#5797 = DIRECTION('',(3.429344736547E-13,1.));
#5798 = ( GEOMETRIC_REPRESENTATION_CONTEXT(2) 
PARAMETRIC_REPRESENTATION_CONTEXT() REPRESENTATION_CONTEXT('2D SPACE',''
  ) );
#5799 = PCURVE('',#5449,#5800);
#5800 = DEFINITIONAL_REPRESENTATION('',(#5801),#5805);
#5801 = LINE('',#5802,#5803);
#5802 = CARTESIAN_POINT('',(9.424777960769,0.));
#5803 = VECTOR('',#5804,1.);
#5804 = DIRECTION('',(-1.,0.));
#5805 = ( GEOMETRIC_REPRESENTATION_CONTEXT(2) 
PARAMETRIC_REPRESENTATION_CONTEXT() REPRESENTATION_CONTEXT('2D SPACE',''
  ) );
#5806 = ORIENTED_EDGE('',*,*,#5734,.F.);
#5807 = ADVANCED_FACE('',(#5808),#5449,.T.);
#5808 = FACE_BOUND('',#5809,.T.);
#5809 = EDGE_LOOP('',(#5810,#5831,#5832,#5853));
#5810 = ORIENTED_EDGE('',*,*,#5811,.F.);
#5811 = EDGE_CURVE('',#5735,#5409,#5812,.T.);
#5812 = SURFACE_CURVE('',#5813,(#5817,#5824),.PCURVE_S1.);
#5813 = LINE('',#5814,#5815);
#5814 = CARTESIAN_POINT('',(-17.826796011,-310.3381728571,
    318.43096969788));
#5815 = VECTOR('',#5816,1.);
#5816 = DIRECTION('',(6.210734800291E-13,2.326132195937E-02,
    -0.999729418843));
#5817 = PCURVE('',#5449,#5818);
#5818 = DEFINITIONAL_REPRESENTATION('',(#5819),#5823);
#5819 = LINE('',#5820,#5821);
#5820 = CARTESIAN_POINT('',(3.14159265359,-1.648459146963E-12));
#5821 = VECTOR('',#5822,1.);
#5822 = DIRECTION('',(0.,1.));
#5823 = ( GEOMETRIC_REPRESENTATION_CONTEXT(2) 
PARAMETRIC_REPRESENTATION_CONTEXT() REPRESENTATION_CONTEXT('2D SPACE',''
  ) );
#5824 = PCURVE('',#5691,#5825);
#5825 = DEFINITIONAL_REPRESENTATION('',(#5826),#5830);
#5826 = LINE('',#5827,#5828);
#5827 = CARTESIAN_POINT('',(3.14159265359,-1.648459146963E-12));
#5828 = VECTOR('',#5829,1.);
#5829 = DIRECTION('',(0.,1.));
#5830 = ( GEOMETRIC_REPRESENTATION_CONTEXT(2) 
PARAMETRIC_REPRESENTATION_CONTEXT() REPRESENTATION_CONTEXT('2D SPACE',''
  ) );
#5831 = ORIENTED_EDGE('',*,*,#5785,.F.);
#5832 = ORIENTED_EDGE('',*,*,#5833,.T.);
#5833 = EDGE_CURVE('',#5710,#5433,#5834,.T.);
#5834 = SURFACE_CURVE('',#5835,(#5839,#5846),.PCURVE_S1.);
#5835 = LINE('',#5836,#5837);
#5836 = CARTESIAN_POINT('',(-17.85072619373,-314.3370189694,
    318.33792607515));
#5837 = VECTOR('',#5838,1.);
#5838 = DIRECTION('',(6.210734800291E-13,2.326132195937E-02,
    -0.999729418843));
#5839 = PCURVE('',#5449,#5840);
#5840 = DEFINITIONAL_REPRESENTATION('',(#5841),#5845);
#5841 = LINE('',#5842,#5843);
#5842 = CARTESIAN_POINT('',(6.28318530718,-8.125901883683E-12));
#5843 = VECTOR('',#5844,1.);
#5844 = DIRECTION('',(0.,1.));
#5845 = ( GEOMETRIC_REPRESENTATION_CONTEXT(2) 
PARAMETRIC_REPRESENTATION_CONTEXT() REPRESENTATION_CONTEXT('2D SPACE',''
  ) );
#5846 = PCURVE('',#5691,#5847);
#5847 = DEFINITIONAL_REPRESENTATION('',(#5848),#5852);
#5848 = LINE('',#5849,#5850);
#5849 = CARTESIAN_POINT('',(0.,-8.125901883683E-12));
#5850 = VECTOR('',#5851,1.);
#5851 = DIRECTION('',(0.,1.));
#5852 = ( GEOMETRIC_REPRESENTATION_CONTEXT(2) 
PARAMETRIC_REPRESENTATION_CONTEXT() REPRESENTATION_CONTEXT('2D SPACE',''
  ) );
#5853 = ORIENTED_EDGE('',*,*,#5432,.F.);
#5854 = ADVANCED_FACE('',(#5855),#5691,.T.);
#5855 = FACE_BOUND('',#5856,.T.);
#5856 = EDGE_LOOP('',(#5857,#5858,#5859,#5860));
#5857 = ORIENTED_EDGE('',*,*,#5758,.F.);
#5858 = ORIENTED_EDGE('',*,*,#5811,.T.);
#5859 = ORIENTED_EDGE('',*,*,#5676,.F.);
#5860 = ORIENTED_EDGE('',*,*,#5833,.F.);
#5861 = ( GEOMETRIC_REPRESENTATION_CONTEXT(3) 
GLOBAL_UNCERTAINTY_ASSIGNED_CONTEXT((#5865)) 
GLOBAL_UNIT_ASSIGNED_CONTEXT((#5862,#5863,#5864)) REPRESENTATION_CONTEXT
('Context #1','3D Context with UNIT and UNCERTAINTY') );
#5862 = ( LENGTH_UNIT() NAMED_UNIT(*) SI_UNIT(.MILLI.,.METRE.) );
#5863 = ( NAMED_UNIT(*) PLANE_ANGLE_UNIT() SI_UNIT($,.RADIAN.) );
#5864 = ( NAMED_UNIT(*) SI_UNIT($,.STERADIAN.) SOLID_ANGLE_UNIT() );
#5865 = UNCERTAINTY_MEASURE_WITH_UNIT(LENGTH_MEASURE(5.E-04),#5862,
  'distance_accuracy_value','confusion accuracy');
#5866 = PRODUCT_RELATED_PRODUCT_CATEGORY('part',$,(#7));
ENDSEC;
END-ISO-10303-21;
