ISO-10303-21;
HEADER;
FILE_DESCRIPTION(('Open CASCADE Model'),'2;1');
FILE_NAME('Open CASCADE Shape Model','2026-10-07T15:24:24',('Author'),(
    'Open CASCADE'),'Open CASCADE STEP processor 7.9','Open CASCADE 7.9'
  ,'Unknown');
FILE_SCHEMA(('AUTOMOTIVE_DESIGN { 1 0 10303 214 1 1 1 1 }'));
ENDSEC;
DATA;
#1 = APPLICATION_PROTOCOL_DEFINITION('international standard',
  'automotive_design',2000,#2);
#2 = APPLICATION_CONTEXT(
  'core data for automotive mechanical design processes');
#3 = SHAPE_DEFINITION_REPRESENTATION(#4,#10);
#4 = PRODUCT_DEFINITION_SHAPE('','',#5);
#5 = PRODUCT_DEFINITION('design','',#6,#9);
#6 = PRODUCT_DEFINITION_FORMATION('','',#7);
#7 = PRODUCT('Open CASCADE STEP translator 7.9 9',
  'Open CASCADE STEP translator 7.9 9','',(#8));
#8 = PRODUCT_CONTEXT('',#2,'mechanical');
#9 = PRODUCT_DEFINITION_CONTEXT('part definition',#2,'design');
#10 = ADVANCED_BREP_SHAPE_REPRESENTATION('',(#11,#15),#2965);
#11 = AXIS2_PLACEMENT_3D('',#12,#13,#14);
#12 = CARTESIAN_POINT('',(0.,0.,0.));
#13 = DIRECTION('',(0.,0.,1.));
#14 = DIRECTION('',(1.,0.,-0.));
#15 = MANIFOLD_SOLID_BREP('',#16);
#16 = CLOSED_SHELL('',(#17,#741,#771,#1407,#1412,#1495,#1585,#1662,#1748
    ,#1846,#2382,#2412,#2608,#2907,#2918,#2946,#2953,#2960));
#17 = ADVANCED_FACE('',(#18,#626),#47,.T.);
#18 = FACE_BOUND('',#19,.T.);
#19 = EDGE_LOOP('',(#20,#528));
#20 = ORIENTED_EDGE('',*,*,#21,.T.);
#21 = EDGE_CURVE('',#22,#24,#26,.T.);
#22 = VERTEX_POINT('',#23);
#23 = CARTESIAN_POINT('',(15.7665181588,-306.8423944069,171.59446868816)
  );
#24 = VERTEX_POINT('',#25);
#25 = CARTESIAN_POINT('',(15.76608124573,-308.4744042721,172.91603723283
    ));
#26 = SURFACE_CURVE('',#27,(#46,#105),.PCURVE_S1.);
#27 = B_SPLINE_CURVE_WITH_KNOTS('',3,(#28,#29,#30,#31,#32,#33,#34,#35,
    #36,#37,#38,#39,#40,#41,#42,#43,#44,#45),.UNSPECIFIED.,.F.,.F.,(4,2,
    2,2,2,2,2,2,4),(0.,6.25E-02,0.125,0.1875,0.25,0.3125,0.375,0.4375,
    0.5),.UNSPECIFIED.);
#28 = CARTESIAN_POINT('',(15.7665181588,-306.8423944069,171.59446868816)
  );
#29 = CARTESIAN_POINT('',(15.62972178892,-306.8424508526,171.59449649837
    ));
#30 = CARTESIAN_POINT('',(15.49517893841,-306.867713408,171.60667949001)
  );
#31 = CARTESIAN_POINT('',(15.23492313285,-306.9657071523,171.6571121119)
  );
#32 = CARTESIAN_POINT('',(15.12087921364,-307.0338637041,171.69312188991
    ));
#33 = CARTESIAN_POINT('',(14.9270568769,-307.2034958398,171.79109171391)
  );
#34 = CARTESIAN_POINT('',(14.8515252086,-307.3012239742,171.85094725855)
  );
#35 = CARTESIAN_POINT('',(14.74352933438,-307.5175939143,171.99770472742
    ));
#36 = CARTESIAN_POINT('',(14.71652635682,-307.6254152739,172.07736500967
    ));
#37 = CARTESIAN_POINT('',(14.71651034471,-307.8382939496,172.24970274212
    ));
#38 = CARTESIAN_POINT('',(14.74352561467,-307.9387525934,172.33865174468
    ));
#39 = CARTESIAN_POINT('',(14.85157142776,-308.1279080017,172.52031716124
    ));
#40 = CARTESIAN_POINT('',(14.92692608644,-308.2067791901,172.60346430004
    ));
#41 = CARTESIAN_POINT('',(15.12100166333,-308.3383117003,172.74950176126
    ));
#42 = CARTESIAN_POINT('',(15.23432389626,-308.3873923435,172.80832222518
    ));
#43 = CARTESIAN_POINT('',(15.49551851126,-308.457351121,172.8940010733)
  );
#44 = CARTESIAN_POINT('',(15.62969722209,-308.4743197212,172.9159299008)
  );
#45 = CARTESIAN_POINT('',(15.76608124573,-308.4744042721,172.91603723283
    ));
#46 = PCURVE('',#47,#52);
#47 = CYLINDRICAL_SURFACE('',#48,4.75);
#48 = AXIS2_PLACEMENT_3D('',#49,#50,#51);
#49 = CARTESIAN_POINT('',(-47.93348184114,-304.7430857482,
    175.85538445386));
#50 = DIRECTION('',(-1.,2.628718675401E-11,-1.306410413968E-15));
#51 = DIRECTION('',(2.042984577947E-11,0.777147582301,-0.629318389469));
#52 = DEFINITIONAL_REPRESENTATION('',(#53),#104);
#53 = B_SPLINE_CURVE_WITH_KNOTS('',7,(#54,#55,#56,#57,#58,#59,#60,#61,
    #62,#63,#64,#65,#66,#67,#68,#69,#70,#71,#72,#73,#74,#75,#76,#77,#78,
    #79,#80,#81,#82,#83,#84,#85,#86,#87,#88,#89,#90,#91,#92,#93,#94,#95,
    #96,#97,#98,#99,#100,#101,#102,#103),.UNSPECIFIED.,.F.,.F.,(8,6,6,6,
    6,6,6,6,8),(0.,6.25E-02,0.125,0.1875,0.25,0.3125,0.375,0.4375,0.5),
  .UNSPECIFIED.);
#54 = CARTESIAN_POINT('',(1.347902655853,-63.69999999999));
#55 = CARTESIAN_POINT('',(1.347908341993,-63.64137298434));
#56 = CARTESIAN_POINT('',(1.348747263918,-63.58315746165));
#57 = CARTESIAN_POINT('',(1.350451491146,-63.52501033864));
#58 = CARTESIAN_POINT('',(1.352955842329,-63.46763382216));
#59 = CARTESIAN_POINT('',(1.356271299679,-63.41091131283));
#60 = CARTESIAN_POINT('',(1.360461236419,-63.35416474052));
#61 = CARTESIAN_POINT('',(1.370379678081,-63.24290194338));
#62 = CARTESIAN_POINT('',(1.37603423995,-63.18912777296));
#63 = CARTESIAN_POINT('',(1.382324996201,-63.13810714048));
#64 = CARTESIAN_POINT('',(1.389234986908,-63.08948755308));
#65 = CARTESIAN_POINT('',(1.396799806124,-63.04299908834));
#66 = CARTESIAN_POINT('',(1.40504688338,-62.9988876186));
#67 = CARTESIAN_POINT('',(1.422680475433,-62.91601215434));
#68 = CARTESIAN_POINT('',(1.43204341331,-62.87735367235));
#69 = CARTESIAN_POINT('',(1.441900233558,-62.84196586236));
#70 = CARTESIAN_POINT('',(1.452188639901,-62.80972113451));
#71 = CARTESIAN_POINT('',(1.462974033778,-62.78042018707));
#72 = CARTESIAN_POINT('',(1.47435177232,-62.75408666071));
#73 = CARTESIAN_POINT('',(1.497876127236,-62.70793163322));
#74 = CARTESIAN_POINT('',(1.509904476429,-62.68838881289));
#75 = CARTESIAN_POINT('',(1.52162760663,-62.67340687628));
#76 = CARTESIAN_POINT('',(1.534013212248,-62.66140641127));
#77 = CARTESIAN_POINT('',(1.545956592541,-62.65391625523));
#78 = CARTESIAN_POINT('',(1.558334618393,-62.6500029872));
#79 = CARTESIAN_POINT('',(1.582990681603,-62.64999739676));
#80 = CARTESIAN_POINT('',(1.595373642253,-62.65390542017));
#81 = CARTESIAN_POINT('',(1.607319831823,-62.66139506798));
#82 = CARTESIAN_POINT('',(1.619729899253,-62.67340814849));
#83 = CARTESIAN_POINT('',(1.631462497749,-62.68838473272));
#84 = CARTESIAN_POINT('',(1.643525583834,-62.70794450767));
#85 = CARTESIAN_POINT('',(1.667120285471,-62.75411585973));
#86 = CARTESIAN_POINT('',(1.678594478655,-62.78061892913));
#87 = CARTESIAN_POINT('',(1.689154457348,-62.80923570637));
#88 = CARTESIAN_POINT('',(1.699803398046,-62.8424024019));
#89 = CARTESIAN_POINT('',(1.709423813131,-62.87705884177));
#90 = CARTESIAN_POINT('',(1.718887341616,-62.91597964362));
#91 = CARTESIAN_POINT('',(1.736568828538,-62.99891178861));
#92 = CARTESIAN_POINT('',(1.744874353409,-63.04333376955));
#93 = CARTESIAN_POINT('',(1.752275219725,-63.08852103748));
#94 = CARTESIAN_POINT('',(1.759379555698,-63.13865255797));
#95 = CARTESIAN_POINT('',(1.765506820114,-63.18840678149));
#96 = CARTESIAN_POINT('',(1.771207204783,-63.24259533412));
#97 = CARTESIAN_POINT('',(1.781156002065,-63.35421268914));
#98 = CARTESIAN_POINT('',(1.785355779023,-63.4110998149));
#99 = CARTESIAN_POINT('',(1.788658392479,-63.46776673236));
#100 = CARTESIAN_POINT('',(1.791148301233,-63.52503772163));
#101 = CARTESIAN_POINT('',(1.792845774615,-63.58308201792));
#102 = CARTESIAN_POINT('',(1.793677641456,-63.64111279116));
#103 = CARTESIAN_POINT('',(1.793689978117,-63.69956308697));
#104 = ( GEOMETRIC_REPRESENTATION_CONTEXT(2) 
PARAMETRIC_REPRESENTATION_CONTEXT() REPRESENTATION_CONTEXT('2D SPACE',''
  ) );
#105 = PCURVE('',#106,#507);
#106 = B_SPLINE_SURFACE_WITH_KNOTS('',10,10,(
    (#107,#108,#109,#110,#111,#112,#113,#114,#115,#116,#117,#118,#119
      ,#120,#121,#122,#123,#124,#125,#126)
    ,(#127,#128,#129,#130,#131,#132,#133,#134,#135,#136,#137,#138,#139
      ,#140,#141,#142,#143,#144,#145,#146)
    ,(#147,#148,#149,#150,#151,#152,#153,#154,#155,#156,#157,#158,#159
      ,#160,#161,#162,#163,#164,#165,#166)
    ,(#167,#168,#169,#170,#171,#172,#173,#174,#175,#176,#177,#178,#179
      ,#180,#181,#182,#183,#184,#185,#186)
    ,(#187,#188,#189,#190,#191,#192,#193,#194,#195,#196,#197,#198,#199
      ,#200,#201,#202,#203,#204,#205,#206)
    ,(#207,#208,#209,#210,#211,#212,#213,#214,#215,#216,#217,#218,#219
      ,#220,#221,#222,#223,#224,#225,#226)
    ,(#227,#228,#229,#230,#231,#232,#233,#234,#235,#236,#237,#238,#239
      ,#240,#241,#242,#243,#244,#245,#246)
    ,(#247,#248,#249,#250,#251,#252,#253,#254,#255,#256,#257,#258,#259
      ,#260,#261,#262,#263,#264,#265,#266)
    ,(#267,#268,#269,#270,#271,#272,#273,#274,#275,#276,#277,#278,#279
      ,#280,#281,#282,#283,#284,#285,#286)
    ,(#287,#288,#289,#290,#291,#292,#293,#294,#295,#296,#297,#298,#299
      ,#300,#301,#302,#303,#304,#305,#306)
    ,(#307,#308,#309,#310,#311,#312,#313,#314,#315,#316,#317,#318,#319
      ,#320,#321,#322,#323,#324,#325,#326)
    ,(#327,#328,#329,#330,#331,#332,#333,#334,#335,#336,#337,#338,#339
      ,#340,#341,#342,#343,#344,#345,#346)
    ,(#347,#348,#349,#350,#351,#352,#353,#354,#355,#356,#357,#358,#359
      ,#360,#361,#362,#363,#364,#365,#366)
    ,(#367,#368,#369,#370,#371,#372,#373,#374,#375,#376,#377,#378,#379
      ,#380,#381,#382,#383,#384,#385,#386)
    ,(#387,#388,#389,#390,#391,#392,#393,#394,#395,#396,#397,#398,#399
      ,#400,#401,#402,#403,#404,#405,#406)
    ,(#407,#408,#409,#410,#411,#412,#413,#414,#415,#416,#417,#418,#419
      ,#420,#421,#422,#423,#424,#425,#426)
    ,(#427,#428,#429,#430,#431,#432,#433,#434,#435,#436,#437,#438,#439
      ,#440,#441,#442,#443,#444,#445,#446)
    ,(#447,#448,#449,#450,#451,#452,#453,#454,#455,#456,#457,#458,#459
      ,#460,#461,#462,#463,#464,#465,#466)
    ,(#467,#468,#469,#470,#471,#472,#473,#474,#475,#476,#477,#478,#479
      ,#480,#481,#482,#483,#484,#485,#486)
    ,(#487,#488,#489,#490,#491,#492,#493,#494,#495,#496,#497,#498,#499
      ,#500,#501,#502,#503,#504,#505,#506
    )),.UNSPECIFIED.,.F.,.F.,.F.,(11,9,11),(11,9,11),(-1.154785860655,
    -1.416977009296E-04,1.154502465253),(-1.154210589365,
    3.357485358217E-04,1.154882086437),.UNSPECIFIED.);
#107 = CARTESIAN_POINT('',(14.151513312267,-307.9377814228,
    172.29253506634));
#108 = CARTESIAN_POINT('',(14.220216478196,-307.8648265339,
    172.23518497014));
#109 = CARTESIAN_POINT('',(14.288919644015,-307.7910151039,
    172.17889262045));
#110 = CARTESIAN_POINT('',(14.357622809721,-307.7163743557,
    172.12362439909));
#111 = CARTESIAN_POINT('',(14.426325975323,-307.6408649318,
    172.06942890935));
#112 = CARTESIAN_POINT('',(14.495029140807,-307.5645266044,
    172.01625703582));
#113 = CARTESIAN_POINT('',(14.563732306193,-307.4873860199,
    171.96407587327));
#114 = CARTESIAN_POINT('',(14.632435471466,-307.4093960262,
    171.91294364977));
#115 = CARTESIAN_POINT('',(14.701138636622,-307.3304986814,
    171.86293191795));
#116 = CARTESIAN_POINT('',(14.769841801664,-307.250726585,
    171.81400042066));
#117 = CARTESIAN_POINT('',(14.90724813152,-307.0894328492,
    171.71829794434));
#118 = CARTESIAN_POINT('',(14.975951296337,-307.0079155108,
    171.67152165386));
#119 = CARTESIAN_POINT('',(15.044654461026,-306.9254900308,
    171.62586683134));
#120 = CARTESIAN_POINT('',(15.113357625662,-306.8424942836,
    171.58091623445));
#121 = CARTESIAN_POINT('',(15.182060790066,-306.7579631337,
    171.53786171259));
#122 = CARTESIAN_POINT('',(15.250763954487,-306.6732803537,
    171.49499443983));
#123 = CARTESIAN_POINT('',(15.319467118702,-306.5872493272,
    171.45379212203));
#124 = CARTESIAN_POINT('',(15.388170282851,-306.5005661599,
    171.41339513593));
#125 = CARTESIAN_POINT('',(15.456873446875,-306.4129850133,
    171.37410706835));
#126 = CARTESIAN_POINT('',(15.525576610792,-306.3245643237,
    171.33585575593));
#127 = CARTESIAN_POINT('',(14.24430935938,-307.9851779865,
    172.34318488866));
#128 = CARTESIAN_POINT('',(14.313012525398,-307.9130716632,
    172.28478689437));
#129 = CARTESIAN_POINT('',(14.381715691425,-307.8401095553,
    172.22744571755));
#130 = CARTESIAN_POINT('',(14.450418856973,-307.7662955692,
    172.17115651249));
#131 = CARTESIAN_POINT('',(14.519122023176,-307.6916721582,
    172.11586690263));
#132 = CARTESIAN_POINT('',(14.587825188096,-307.6161277397,
    172.06171459952));
#133 = CARTESIAN_POINT('',(14.656528354278,-307.5398543153,
    172.00846260606));
#134 = CARTESIAN_POINT('',(14.725231519139,-307.4627466218,
    171.95624080408));
#135 = CARTESIAN_POINT('',(14.793934684692,-307.3846843085,
    171.9051979005));
#136 = CARTESIAN_POINT('',(14.862637849742,-307.3057694703,
    171.85520776724));
#137 = CARTESIAN_POINT('',(15.000044179838,-307.146177828,
    171.75740336889));
#138 = CARTESIAN_POINT('',(15.068747344758,-307.0655097844,
    171.70957828246));
#139 = CARTESIAN_POINT('',(15.137450509539,-306.9839046362,
    171.66291042159));
#140 = CARTESIAN_POINT('',(15.206153674353,-306.9019579975,
    171.6166642911));
#141 = CARTESIAN_POINT('',(15.274856838749,-306.8179119267,
    171.5730107211));
#142 = CARTESIAN_POINT('',(15.343560003404,-306.734428893,
    171.52866189975));
#143 = CARTESIAN_POINT('',(15.412263167637,-306.6490624478,
    171.48663886922));
#144 = CARTESIAN_POINT('',(15.480966331943,-306.5632898097,
    171.44511747742));
#145 = CARTESIAN_POINT('',(15.54966949606,-306.4765586961,
    171.40477969625));
#146 = CARTESIAN_POINT('',(15.61837266009,-306.3889990249,
    171.36546510938));
#147 = CARTESIAN_POINT('',(14.337105406452,-308.0323042118,172.394168553
    ));
#148 = CARTESIAN_POINT('',(14.405808572676,-307.9610495683,
    172.33471882002));
#149 = CARTESIAN_POINT('',(14.474511738333,-307.8889312361,
    172.27633563957));
#150 = CARTESIAN_POINT('',(14.54321490527,-307.8159929195,
    172.21896512255));
#151 = CARTESIAN_POINT('',(14.611918069196,-307.742040319,
    172.16284702468));
#152 = CARTESIAN_POINT('',(14.680621237492,-307.6676143683,
    172.1073136573));
#153 = CARTESIAN_POINT('',(14.749324400428,-307.5919408185,
    172.05332073574));
#154 = CARTESIAN_POINT('',(14.818027567974,-307.5158756473,
    171.9998116271));
#155 = CARTESIAN_POINT('',(14.886730732212,-307.4385641863,
    171.94784143278));
#156 = CARTESIAN_POINT('',(14.955433897872,-307.3605291342,
    171.89676486843));
#157 = CARTESIAN_POINT('',(15.092840228082,-307.2026427103,
    171.79685468575));
#158 = CARTESIAN_POINT('',(15.161543393111,-307.1227978849,
    171.74801299499));
#159 = CARTESIAN_POINT('',(15.23024655814,-307.0420269527,
    171.70031499211));
#160 = CARTESIAN_POINT('',(15.298949722757,-306.9612825297,
    171.65258416587));
#161 = CARTESIAN_POINT('',(15.367652887689,-306.8772685676,
    171.60889105353));
#162 = CARTESIAN_POINT('',(15.436356052017,-306.7957410956,
    171.56212718452));
#163 = CARTESIAN_POINT('',(15.505059216714,-306.7103892308,
    171.52008624049));
#164 = CARTESIAN_POINT('',(15.573762380899,-306.6257420879,
    171.47717491697));
#165 = CARTESIAN_POINT('',(15.642465545222,-306.5398409077,
    171.43581226809));
#166 = CARTESIAN_POINT('',(15.711168709346,-306.4531512309,
    171.39542331732));
#167 = CARTESIAN_POINT('',(14.429901453503,-308.0791687791,
    172.44547534044));
#168 = CARTESIAN_POINT('',(14.49860461959,-308.0087578142,
    172.38498373389));
#169 = CARTESIAN_POINT('',(14.567307786565,-307.9375504369,
    172.3254756665));
#170 = CARTESIAN_POINT('',(14.63601095036,-307.8650732379,
    172.26753556869));
#171 = CARTESIAN_POINT('',(14.704714120508,-307.7933878018,
    172.20861800214));
#172 = CARTESIAN_POINT('',(14.77341728054,-307.7178818628,
    172.15441796181));
#173 = CARTESIAN_POINT('',(14.842120452083,-307.6440859201,
    172.09810674218));
#174 = CARTESIAN_POINT('',(14.91082361327,-307.5685717584,
    172.04391690449));
#175 = CARTESIAN_POINT('',(14.979526781189,-307.4922463385,
    171.99072920207));
#176 = CARTESIAN_POINT('',(15.048229945703,-307.4150011916,
    171.93867712601));
#177 = CARTESIAN_POINT('',(15.185636276382,-307.2588316489,
    171.83664676684));
#178 = CARTESIAN_POINT('',(15.254339441608,-307.1800237848,
    171.78652455028));
#179 = CARTESIAN_POINT('',(15.323042606146,-307.0998725734,
    171.73806116172));
#180 = CARTESIAN_POINT('',(15.391745772158,-307.0199016454,
    171.68937533505));
#181 = CARTESIAN_POINT('',(15.460448935384,-306.937385966,
    171.64383170639));
#182 = CARTESIAN_POINT('',(15.529152101552,-306.8545638039,
    171.59866695535));
#183 = CARTESIAN_POINT('',(15.597855265096,-306.7723691562,
    171.5527269136));
#184 = CARTESIAN_POINT('',(15.66655843017,-306.6879017821,171.509593729)
  );
#185 = CARTESIAN_POINT('',(15.735261594298,-306.6029408288,
    171.46706993663));
#186 = CARTESIAN_POINT('',(15.803964758586,-306.5170913493,
    171.42564343338));
#187 = CARTESIAN_POINT('',(14.52269750049,-308.1257520891,
    172.49712945258));
#188 = CARTESIAN_POINT('',(14.591400667106,-308.0562145348,
    172.43555928765));
#189 = CARTESIAN_POINT('',(14.660103832122,-307.9856160665,
    172.37529917741));
#190 = CARTESIAN_POINT('',(14.728807001617,-307.9153414754,
    172.31463932861));
#191 = CARTESIAN_POINT('',(14.797510161189,-307.8393978035,
    172.26097980471));
#192 = CARTESIAN_POINT('',(14.866213336069,-307.772502545,
    172.19614703801));
#193 = CARTESIAN_POINT('',(14.93491649288,-307.6942739091,
    172.14530910682));
#194 = CARTESIAN_POINT('',(15.003619665292,-307.6213525551,
    172.08791791677));
#195 = CARTESIAN_POINT('',(15.072322827249,-307.5454449507,172.034213964
    ));
#196 = CARTESIAN_POINT('',(15.141025993986,-307.4691819812,
    171.98094909253));
#197 = CARTESIAN_POINT('',(15.278432324501,-307.3147563412,
    171.87676516626));
#198 = CARTESIAN_POINT('',(15.347135489539,-307.2365707869,
    171.82587441896));
#199 = CARTESIAN_POINT('',(15.415838655656,-307.157478648,
    171.77610333257));
#200 = CARTESIAN_POINT('',(15.484541818695,-307.0785199356,
    171.72616718381));
#201 = CARTESIAN_POINT('',(15.553244986123,-306.9941594301,
    171.68290222598));
#202 = CARTESIAN_POINT('',(15.621948148878,-306.9205834941,
    171.62631875026));
#203 = CARTESIAN_POINT('',(15.690651315068,-306.8317500226,
    171.5885774319));
#204 = CARTESIAN_POINT('',(15.759354478579,-306.7499187938,
    171.54218862344));
#205 = CARTESIAN_POINT('',(15.828057643463,-306.6655438054,
    171.49894131311));
#206 = CARTESIAN_POINT('',(15.896760807745,-306.5806062174,
    171.45638869243));
#207 = CARTESIAN_POINT('',(14.615493547476,-308.1720614384,
    172.5491218815));
#208 = CARTESIAN_POINT('',(14.684196713679,-308.1033833403,
    172.48649034415));
#209 = CARTESIAN_POINT('',(14.7528998814,-308.0340560799,172.42466054333
    ));
#210 = CARTESIAN_POINT('',(14.821603044035,-307.9628188438,
    172.36518912815));
#211 = CARTESIAN_POINT('',(14.8903062171,-307.8950688366,172.30141183379
    ));
#212 = CARTESIAN_POINT('',(14.959009373457,-307.816454016,
    172.25105075844));
#213 = CARTESIAN_POINT('',(15.027712549175,-307.7490251485,
    172.18687702663));
#214 = CARTESIAN_POINT('',(15.096415707691,-307.6727521429,
    172.13362411792));
#215 = CARTESIAN_POINT('',(15.165118877319,-307.5987842142,
    172.07752523586));
#216 = CARTESIAN_POINT('',(15.233822041571,-307.5231458819,
    172.02348886371));
#217 = CARTESIAN_POINT('',(15.371228372722,-307.3703505753,
    171.91729165141));
#218 = CARTESIAN_POINT('',(15.439931538442,-307.2929962429,
    171.86537447206));
#219 = CARTESIAN_POINT('',(15.508634702313,-307.2159664398,
    171.8130563999));
#220 = CARTESIAN_POINT('',(15.57733787011,-307.1335381244,
    171.76740530509));
#221 = CARTESIAN_POINT('',(15.646041031781,-307.0612899482,
    171.70918215523));
#222 = CARTESIAN_POINT('',(15.71474419975,-306.9701407895,
    171.67430059503));
#223 = CARTESIAN_POINT('',(15.783447361871,-306.8932565915,
    171.62180253987));
#224 = CARTESIAN_POINT('',(15.852150528329,-306.8109964577,
    171.57594369183));
#225 = CARTESIAN_POINT('',(15.920853692336,-306.7280761815,
    171.53089983222));
#226 = CARTESIAN_POINT('',(15.989556856932,-306.6440846358,
    171.48717896393));
#227 = CARTESIAN_POINT('',(14.708289594385,-308.2180784851,
    172.60147527475));
#228 = CARTESIAN_POINT('',(14.776992761197,-308.1502346723,
    172.53781350048));
#229 = CARTESIAN_POINT('',(14.845695926542,-308.0812719456,
    172.47553340891));
#230 = CARTESIAN_POINT('',(14.914399095898,-308.0126028785,
    172.41289088441));
#231 = CARTESIAN_POINT('',(14.983102256537,-307.9396737491,
    172.35550870091));
#232 = CARTESIAN_POINT('',(15.051805430414,-307.8726431448,
    172.29084305941));
#233 = CARTESIAN_POINT('',(15.120508588604,-307.7968719457,
    172.23697044114));
#234 = CARTESIAN_POINT('',(15.189211760384,-307.7256263793,
    172.1775098061));
#235 = CARTESIAN_POINT('',(15.25791492304,-307.6513607188,
    172.12177821312));
#236 = CARTESIAN_POINT('',(15.3266180898,-307.5767739959,172.06644333664
    ));
#237 = CARTESIAN_POINT('',(15.46402442083,-307.4257368612,
    171.95807493077));
#238 = CARTESIAN_POINT('',(15.532727585893,-307.3493853267,
    171.90491934501));
#239 = CARTESIAN_POINT('',(15.601430752758,-307.2717117208,
    171.85339650395));
#240 = CARTESIAN_POINT('',(15.670133915022,-307.194656955,
    171.80110916884));
#241 = CARTESIAN_POINT('',(15.738837084174,-307.1134302421,
    171.75397426794));
#242 = CARTESIAN_POINT('',(15.807540245147,-307.0358207088,
    171.7023719096));
#243 = CARTESIAN_POINT('',(15.876243413425,-306.9563516529,
    171.65306642539));
#244 = CARTESIAN_POINT('',(15.94494657636,-306.8734733842,171.6079706161
    ));
#245 = CARTESIAN_POINT('',(16.01364974161,-306.7908002715,
    171.56262165032));
#246 = CARTESIAN_POINT('',(16.082352906058,-306.7073678816,
    171.51821025435));
#247 = CARTESIAN_POINT('',(14.801085641281,-308.2637624036,
    172.65424005059));
#248 = CARTESIAN_POINT('',(14.86978880784,-308.1968329664,
    172.58944909157));
#249 = CARTESIAN_POINT('',(14.938491975147,-308.1292473379,
    172.5254685065));
#250 = CARTESIAN_POINT('',(15.007195139703,-308.0597349429,
    172.46386717078));
#251 = CARTESIAN_POINT('',(15.075898309556,-307.9916553266,
    172.40049674341));
#252 = CARTESIAN_POINT('',(15.144601471087,-307.9192581343,
    172.34245772047));
#253 = CARTESIAN_POINT('',(15.213304641976,-307.8496171558,
    172.28101549825));
#254 = CARTESIAN_POINT('',(15.282007804452,-307.776776809,
    172.22352376801));
#255 = CARTESIAN_POINT('',(15.350710972281,-307.7040181701,
    172.16593142642));
#256 = CARTESIAN_POINT('',(15.419414137447,-307.6301710261,
    172.10968314373));
#257 = CARTESIAN_POINT('',(15.556820468908,-307.4808078724,
    171.99924754535));
#258 = CARTESIAN_POINT('',(15.62552363479,-307.4052778992,
    171.94507744718));
#259 = CARTESIAN_POINT('',(15.694226799172,-307.3288538419,
    171.89201138189));
#260 = CARTESIAN_POINT('',(15.762929966692,-307.2517276192,
    171.83981261067));
#261 = CARTESIAN_POINT('',(15.831633128978,-307.1734312371,
    171.78905856431));
#262 = CARTESIAN_POINT('',(15.900336297098,-307.094813775,
    171.73870139839));
#263 = CARTESIAN_POINT('',(15.969039459805,-307.0137946341,
    171.69130972906));
#264 = CARTESIAN_POINT('',(16.037742625914,-306.9335673422,
    171.64294044247));
#265 = CARTESIAN_POINT('',(16.106445790344,-306.8522479268,
    171.59591970181));
#266 = CARTESIAN_POINT('',(16.175148955122,-306.7699794349,
    171.55007102123));
#267 = CARTESIAN_POINT('',(14.893881688115,-308.3091285278,
    172.7073972712));
#268 = CARTESIAN_POINT('',(14.96258485498,-308.2429875201,
    172.64163268658));
#269 = CARTESIAN_POINT('',(15.031288021363,-308.175898774,
    172.57703845305));
#270 = CARTESIAN_POINT('',(15.099991188784,-308.1085536391,
    172.51276088127));
#271 = CARTESIAN_POINT('',(15.168694353752,-308.0391321791,
    172.4510472765));
#272 = CARTESIAN_POINT('',(15.237397522105,-307.970353935,172.3885395104
    ));
#273 = CARTESIAN_POINT('',(15.306100686365,-307.8993901304,
    172.32873052427));
#274 = CARTESIAN_POINT('',(15.374803853986,-307.8283965808,
    172.26895843458));
#275 = CARTESIAN_POINT('',(15.443507019217,-307.7562218484,172.210644879
    ));
#276 = CARTESIAN_POINT('',(15.512210185397,-307.6832688026,
    172.1532925211));
#277 = CARTESIAN_POINT('',(15.649616516974,-307.5356247896,
    172.0407339419));
#278 = CARTESIAN_POINT('',(15.718319682536,-307.4609398715,
    171.98552025926));
#279 = CARTESIAN_POINT('',(15.787022848577,-307.3854098831,
    171.93135019181));
#280 = CARTESIAN_POINT('',(15.855726013134,-307.3089417191,
    171.87833859819));
#281 = CARTESIAN_POINT('',(15.924429179732,-307.231792666,
    171.82616797397));
#282 = CARTESIAN_POINT('',(15.993132343724,-307.15347973,171.77543446863
    ));
#283 = CARTESIAN_POINT('',(16.061835509809,-307.0748709554,
    171.72506644692));
#284 = CARTESIAN_POINT('',(16.130538674337,-306.9949324925,
    171.67634035831));
#285 = CARTESIAN_POINT('',(16.199241839415,-306.9142335159,
    171.62855348436));
#286 = CARTESIAN_POINT('',(16.267945004181,-306.8326777155,
    171.58182468789));
#287 = CARTESIAN_POINT('',(14.986677734929,-308.3542787761,
    172.76082107825));
#288 = CARTESIAN_POINT('',(15.055380901831,-308.289017251,
    172.69397041384));
#289 = CARTESIAN_POINT('',(15.124084068701,-308.222890083,
    172.62818873802));
#290 = CARTESIAN_POINT('',(15.192787235224,-308.1559393166,
    172.56342411987));
#291 = CARTESIAN_POINT('',(15.261490402111,-308.0880825331,
    172.4997783621));
#292 = CARTESIAN_POINT('',(15.330193568173,-308.019385223,
    172.43717054876));
#293 = CARTESIAN_POINT('',(15.398896734936,-307.9498548939,
    172.37559146538));
#294 = CARTESIAN_POINT('',(15.467599900883,-307.8794477749,
    172.31509510436));
#295 = CARTESIAN_POINT('',(15.536303067179,-307.8082018977,
    172.25563454991));
#296 = CARTESIAN_POINT('',(15.605006233151,-307.736091878,172.1972411188
    ));
#297 = CARTESIAN_POINT('',(15.742412564982,-307.5901565808,
    172.08257244102));
#298 = CARTESIAN_POINT('',(15.811115730811,-307.5163303773,
    172.02629833707));
#299 = CARTESIAN_POINT('',(15.879818896406,-307.4416447286,
    171.97108555711));
#300 = CARTESIAN_POINT('',(15.948522062164,-307.3661011935,
    171.91693220499));
#301 = CARTESIAN_POINT('',(16.017225227386,-307.2896933689,
    171.86384613509));
#302 = CARTESIAN_POINT('',(16.085928392989,-307.212466719,
    171.81177127486));
#303 = CARTESIAN_POINT('',(16.154631558045,-307.1343286277,
    171.76082192251));
#304 = CARTESIAN_POINT('',(16.223334723286,-307.0554192275,
    171.71082508686));
#305 = CARTESIAN_POINT('',(16.292037888269,-306.9756005611,
    171.66195109577));
#306 = CARTESIAN_POINT('',(16.360741053186,-306.894919826,
    171.61414168106));
#307 = CARTESIAN_POINT('',(15.172269828468,-308.4439543417,
    172.86844042226));
#308 = CARTESIAN_POINT('',(15.240972995612,-308.3804124024,
    172.79946623433));
#309 = CARTESIAN_POINT('',(15.309676162596,-308.3160061037,
    172.73155944759));
#310 = CARTESIAN_POINT('',(15.378379329606,-308.2507036854,
    172.66475928333));
#311 = CARTESIAN_POINT('',(15.44708249623,-308.1845974468,
    172.59895175787));
#312 = CARTESIAN_POINT('',(15.515785663149,-308.1176280355,
    172.53421017356));
#313 = CARTESIAN_POINT('',(15.584488829508,-308.0497889469,
    172.47054254894));
#314 = CARTESIAN_POINT('',(15.653191996132,-307.9811200359,
    172.40789968494));
#315 = CARTESIAN_POINT('',(15.721895162407,-307.9115766841,
    172.34633666442));
#316 = CARTESIAN_POINT('',(15.790598328677,-307.8411788627,
    172.28582883571));
#317 = CARTESIAN_POINT('',(15.92800466094,-307.6986643884,
    172.16693576904));
#318 = CARTESIAN_POINT('',(15.996707826946,-307.6265489419,
    172.10854904037));
#319 = CARTESIAN_POINT('',(16.065410992898,-307.5535738036,
    172.05122395597));
#320 = CARTESIAN_POINT('',(16.134114158621,-307.4797434267,
    171.99495499335));
#321 = CARTESIAN_POINT('',(16.202817324403,-307.4050717368,
    171.93972499663));
#322 = CARTESIAN_POINT('',(16.271520489877,-307.3295176709,171.885584621
    ));
#323 = CARTESIAN_POINT('',(16.340223655432,-307.2531726876,
    171.83242097837));
#324 = CARTESIAN_POINT('',(16.408926820725,-307.1758897665,
    171.78041558157));
#325 = CARTESIAN_POINT('',(16.477629985992,-307.0977962617,171.729411187
    ));
#326 = CARTESIAN_POINT('',(16.546333151116,-307.0188349266,
    171.67947847678));
#327 = CARTESIAN_POINT('',(15.265065875199,-308.488508587,
    172.92260023589));
#328 = CARTESIAN_POINT('',(15.333769042424,-308.4258428514,
    172.85254402106));
#329 = CARTESIAN_POINT('',(15.402472209677,-308.3623375698,
    172.78352456114));
#330 = CARTESIAN_POINT('',(15.471175376431,-308.2979827436,
    172.71555421777));
#331 = CARTESIAN_POINT('',(15.539878543763,-308.2325049345,
    172.64897063466));
#332 = CARTESIAN_POINT('',(15.608581710039,-308.1664381566,
    172.58311438871));
#333 = CARTESIAN_POINT('',(15.677284877183,-308.0994747214,
    172.51836541743));
#334 = CARTESIAN_POINT('',(15.745988043478,-308.0316657853,
    172.45466056182));
#335 = CARTESIAN_POINT('',(15.814691210071,-307.9629861076,
    172.39203099041));
#336 = CARTESIAN_POINT('',(15.883394376395,-307.8934441802,
    172.33046621352));
#337 = CARTESIAN_POINT('',(16.020800708864,-307.7526389589,
    172.20946238163));
#338 = CARTESIAN_POINT('',(16.089503875068,-307.6813830991,
    172.15001415417));
#339 = CARTESIAN_POINT('',(16.158207040901,-307.6092173626,
    172.09168951059));
#340 = CARTESIAN_POINT('',(16.226910207097,-307.536343572,
    172.03423930231));
#341 = CARTESIAN_POINT('',(16.295613372556,-307.4624307551,
    171.97807210829));
#342 = CARTESIAN_POINT('',(16.364316538586,-307.3877348109,
    171.9228720958));
#343 = CARTESIAN_POINT('',(16.433019703861,-307.3123827867,
    171.8684821972));
#344 = CARTESIAN_POINT('',(16.501722869521,-307.2357371383,
    171.81568985608));
#345 = CARTESIAN_POINT('',(16.570426034772,-307.1585659485,
    171.76354648041));
#346 = CARTESIAN_POINT('',(16.639129200039,-307.0804800331,
    171.71253271272));
#347 = CARTESIAN_POINT('',(15.357861921872,-308.5326071554,
    172.97732276695));
#348 = CARTESIAN_POINT('',(15.42656508925,-308.4706521709,
    172.90638883961));
#349 = CARTESIAN_POINT('',(15.495268256274,-308.4076980793,
    172.83668872588));
#350 = CARTESIAN_POINT('',(15.563971423815,-308.343907542,
    172.76802151155));
#351 = CARTESIAN_POINT('',(15.632674590253,-308.2803041964,
    172.69912318517));
#352 = CARTESIAN_POINT('',(15.701377757933,-308.2151417684,
    172.63215011519));
#353 = CARTESIAN_POINT('',(15.770080924137,-308.1489265504,
    172.56647719125));
#354 = CARTESIAN_POINT('',(15.838784091125,-308.0819447534,
    172.50175088999));
#355 = CARTESIAN_POINT('',(15.907487257602,-308.0141167478,
    172.43806958601));
#356 = CARTESIAN_POINT('',(15.976190424063,-307.9454261174,
    172.37545353777));
#357 = CARTESIAN_POINT('',(16.113596756827,-307.8063371867,
    172.25233025569));
#358 = CARTESIAN_POINT('',(16.18229992284,-307.7358958105,
    172.19187619659));
#359 = CARTESIAN_POINT('',(16.25100308954,-307.6649101305,
    172.13209435985));
#360 = CARTESIAN_POINT('',(16.319706254625,-307.5920053011,
    172.07468236673));
#361 = CARTESIAN_POINT('',(16.38840942166,-307.5201978818,
    172.01591535706));
#362 = CARTESIAN_POINT('',(16.457112586297,-307.4451812851,
    171.96111117421));
#363 = CARTESIAN_POINT('',(16.525815752976,-307.371336852,
    171.90485965423));
#364 = CARTESIAN_POINT('',(16.594518917923,-307.2956748477,
    171.85085254481));
#365 = CARTESIAN_POINT('',(16.663222083655,-307.2191865988,
    171.79786582673));
#366 = CARTESIAN_POINT('',(16.731925248936,-307.1419043349,
    171.74585962152));
#367 = CARTESIAN_POINT('',(15.450657968548,-308.5767837698,
    173.03194891857));
#368 = CARTESIAN_POINT('',(15.519361135991,-308.5159880092,
    172.95958346633));
#369 = CARTESIAN_POINT('',(15.588064303623,-308.4545162632,
    172.88805277227));
#370 = CARTESIAN_POINT('',(15.65676747047,-308.3928079996,
    172.81681420502));
#371 = CARTESIAN_POINT('',(15.725470638314,-308.3288834062,
    172.74831250805));
#372 = CARTESIAN_POINT('',(15.794173804163,-308.2613614929,
    172.68425325873));
#373 = CARTESIAN_POINT('',(15.862876971925,-308.1989019105,
    172.61394242777));
#374 = CARTESIAN_POINT('',(15.9315801384,-308.131540848,172.54968450773)
  );
#375 = CARTESIAN_POINT('',(16.000283305123,-308.0650252002,
    172.4843825604));
#376 = CARTESIAN_POINT('',(16.068986471764,-307.997147651,
    172.42076243834));
#377 = CARTESIAN_POINT('',(16.206392804551,-307.8597425395,
    172.29555979219));
#378 = CARTESIAN_POINT('',(16.275095971366,-307.7902169719,
    172.23397483819));
#379 = CARTESIAN_POINT('',(16.343799136408,-307.7193105055,
    172.17409506499));
#380 = CARTESIAN_POINT('',(16.412502304508,-307.6494699189,
    172.11289923142));
#381 = CARTESIAN_POINT('',(16.481205468109,-307.5751033174,
    172.05729230128));
#382 = CARTESIAN_POINT('',(16.549908636464,-307.5048350146,
    171.99662468792));
#383 = CARTESIAN_POINT('',(16.618611800187,-307.4284681175,
    171.94348797663));
#384 = CARTESIAN_POINT('',(16.687314967156,-307.3550146353,
    171.88675366305));
#385 = CARTESIAN_POINT('',(16.756018132212,-307.2794128169,
    171.83267224542));
#386 = CARTESIAN_POINT('',(16.824721297783,-307.2030147581,
    171.77957414011));
#387 = CARTESIAN_POINT('',(15.543454015152,-308.6203362415,
    173.08734582695));
#388 = CARTESIAN_POINT('',(15.612157182755,-308.5601244854,
    173.01425917749));
#389 = CARTESIAN_POINT('',(15.680860349972,-308.498748498,
    172.94261026474));
#390 = CARTESIAN_POINT('',(15.74956351778,-308.4372654615,
    172.87109348819));
#391 = CARTESIAN_POINT('',(15.818266683748,-308.3688466125,
    172.8081418772));
#392 = CARTESIAN_POINT('',(15.886969852789,-308.3167436273,
    172.72504161356));
#393 = CARTESIAN_POINT('',(15.955673018643,-308.244345353,172.6670041962
    ));
#394 = CARTESIAN_POINT('',(16.024376185873,-308.1826136082,
    172.59579457074));
#395 = CARTESIAN_POINT('',(16.093079352727,-308.1154408098,
    172.53130415327));
#396 = CARTESIAN_POINT('',(16.161782519272,-308.0485678018,
    172.46644351317));
#397 = CARTESIAN_POINT('',(16.299188852605,-307.9129029523,
    172.33909182185));
#398 = CARTESIAN_POINT('',(16.367892018418,-307.8442193045,
    172.27646712144));
#399 = CARTESIAN_POINT('',(16.436595186408,-307.7749841016,
    172.21452365505));
#400 = CARTESIAN_POINT('',(16.505298349926,-307.7033738785,
    172.15551287268));
#401 = CARTESIAN_POINT('',(16.574001519314,-307.633754202,
    172.09404430479));
#402 = CARTESIAN_POINT('',(16.64270468209,-307.5594798638,
    172.03832341273));
#403 = CARTESIAN_POINT('',(16.711407850742,-307.4894961643,
    171.97730432378));
#404 = CARTESIAN_POINT('',(16.780111014808,-307.413760619,
    171.92338799239));
#405 = CARTESIAN_POINT('',(16.848814181168,-307.3393217497,
    171.86787050152));
#406 = CARTESIAN_POINT('',(16.917517346595,-307.263794409,
    171.81369713114));
#407 = CARTESIAN_POINT('',(15.636250061708,-308.6636131647,
    173.14308301092));
#408 = CARTESIAN_POINT('',(15.704953229362,-308.6043133593,
    173.06887019737));
#409 = CARTESIAN_POINT('',(15.773656397107,-308.5445049637,
    172.99528542427));
#410 = CARTESIAN_POINT('',(15.842359564099,-308.4818072818,
    172.9252686957));
#411 = CARTESIAN_POINT('',(15.911062732614,-308.4269506629,
    172.84556891446));
#412 = CARTESIAN_POINT('',(15.979765898683,-308.3560852839,
    172.78563853052));
#413 = CARTESIAN_POINT('',(16.048469066122,-308.296066967,
    172.71231296491));
#414 = CARTESIAN_POINT('',(16.11717223336,-308.2310153772,
    172.64520307148));
#415 = CARTESIAN_POINT('',(16.185875399992,-308.1657823991,
    172.57831714726));
#416 = CARTESIAN_POINT('',(16.254578566971,-308.0997582595,
    172.51240824278));
#417 = CARTESIAN_POINT('',(16.391984900136,-307.9657492413,
    172.38301174606));
#418 = CARTESIAN_POINT('',(16.460688067334,-307.8977883723,
    172.31949454059));
#419 = CARTESIAN_POINT('',(16.529391232167,-307.8289977887,
    172.25700185047));
#420 = CARTESIAN_POINT('',(16.598094401189,-307.7598970517,
    172.19489238054));
#421 = CARTESIAN_POINT('',(16.66679756422,-307.6890478563,
    172.13494178239));
#422 = CARTESIAN_POINT('',(16.73550073341,-307.6179747039,
    172.07526808796));
#423 = CARTESIAN_POINT('',(16.80420389689,-307.5447636796,
    172.01823417156));
#424 = CARTESIAN_POINT('',(16.872907064413,-307.4729881397,
    171.95942776197));
#425 = CARTESIAN_POINT('',(16.941610229545,-307.3989801342,
    171.90337813721));
#426 = CARTESIAN_POINT('',(17.01031339536,-307.3242802936,
    171.84818289516));
#427 = CARTESIAN_POINT('',(15.729046108275,-308.7069151834,
    173.19878920487));
#428 = CARTESIAN_POINT('',(15.79774927609,-308.6485475342,
    173.12342526166));
#429 = CARTESIAN_POINT('',(15.866452443698,-308.5892733884,
    173.04918076822));
#430 = CARTESIAN_POINT('',(15.935155611466,-308.5296073104,
    172.97542023796));
#431 = CARTESIAN_POINT('',(16.003858778638,-308.4674572771,
    172.90472721671));
#432 = CARTESIAN_POINT('',(16.072561946075,-308.4060218577,
    172.83315163847));
#433 = CARTESIAN_POINT('',(16.141265113579,-308.344457245,
    172.76173567197));
#434 = CARTESIAN_POINT('',(16.209968280388,-308.2800850841,
    172.69378671209));
#435 = CARTESIAN_POINT('',(16.278671447635,-308.2160589858,
    172.62541042104));
#436 = CARTESIAN_POINT('',(16.347374614402,-308.1506407831,
    172.55875323608));
#437 = CARTESIAN_POINT('',(16.484780948107,-308.018356031,
    172.42722744531));
#438 = CARTESIAN_POINT('',(16.553484114344,-307.9514348809,
    172.3624262424));
#439 = CARTESIAN_POINT('',(16.622187282042,-307.8834887509,
    172.29889085624));
#440 = CARTESIAN_POINT('',(16.690890446552,-307.8143551693,
    172.23682172734));
#441 = CARTESIAN_POINT('',(16.759593615277,-307.7453595153,
    172.17458246257));
#442 = CARTESIAN_POINT('',(16.828296779196,-307.6744451079,
    172.11471246443));
#443 = CARTESIAN_POINT('',(16.896999947162,-307.603793848,
    172.05451768315));
#444 = CARTESIAN_POINT('',(16.965703112028,-307.5311559678,
    171.9967760693));
#445 = CARTESIAN_POINT('',(17.034406278405,-307.4583011848,
    171.93930236868));
#446 = CARTESIAN_POINT('',(17.103109444094,-307.3844926411,
    171.88300645147));
#447 = CARTESIAN_POINT('',(15.821842154776,-308.7497628656,
    173.25505646059));
#448 = CARTESIAN_POINT('',(15.890545322674,-308.6922283153,
    173.17866372342));
#449 = CARTESIAN_POINT('',(15.959248490523,-308.6339089327,
    173.10324017318));
#450 = CARTESIAN_POINT('',(16.027951658069,-308.5743086846,
    173.02939838499));
#451 = CARTESIAN_POINT('',(16.096654825923,-308.5154761475,
    172.95460851947));
#452 = CARTESIAN_POINT('',(16.165357993067,-308.4527600647,
    172.88461449628));
#453 = CARTESIAN_POINT('',(16.234061160644,-308.392555354,172.8115191361
    ));
#454 = CARTESIAN_POINT('',(16.302764327816,-308.3290680227,
    172.74247752101));
#455 = CARTESIAN_POINT('',(16.371467494901,-308.2656226616,
    172.6733840646));
#456 = CARTESIAN_POINT('',(16.440170661959,-308.201242828,
    172.60544459781));
#457 = CARTESIAN_POINT('',(16.577576995699,-308.0706876173,
    172.47178298345));
#458 = CARTESIAN_POINT('',(16.64628016269,-308.004458107,172.406127696)
  );
#459 = CARTESIAN_POINT('',(16.714983328837,-307.9377067152,
    172.34111685441));
#460 = CARTESIAN_POINT('',(16.783686496275,-307.8692903792,
    172.27816211639));
#461 = CARTESIAN_POINT('',(16.852389661585,-307.800881967,
    172.21519751084));
#462 = CARTESIAN_POINT('',(16.921092829074,-307.7311869751,
    172.15382179815));
#463 = CARTESIAN_POINT('',(16.989795994378,-307.6606819562,
    172.09344631502));
#464 = CARTESIAN_POINT('',(17.058499161069,-307.5895383983,
    172.03385941669));
#465 = CARTESIAN_POINT('',(17.127202326839,-307.5173992718,
    171.97550192533));
#466 = CARTESIAN_POINT('',(17.195905492788,-307.4444272509,
    171.91817298727));
#467 = CARTESIAN_POINT('',(15.914638201252,-308.7924067532,
    173.31157538333));
#468 = CARTESIAN_POINT('',(15.983341369272,-308.7357433831,
    173.23410682062));
#469 = CARTESIAN_POINT('',(16.052044537173,-308.6782501645,
    173.15766304299));
#470 = CARTESIAN_POINT('',(16.120747704981,-308.619803909,
    173.08239617045));
#471 = CARTESIAN_POINT('',(16.189450872683,-308.5609340297,
    173.00765244034));
#472 = CARTESIAN_POINT('',(16.2581540402,-308.5002153472,172.9351917954)
  );
#473 = CARTESIAN_POINT('',(16.326857207745,-308.4400146281,
    172.86209152473));
#474 = CARTESIAN_POINT('',(16.395560375035,-308.3777496098,
    172.7915404591));
#475 = CARTESIAN_POINT('',(16.464263542285,-308.3151291358,
    172.72142835124));
#476 = CARTESIAN_POINT('',(16.532966709399,-308.2515757862,
    172.65246825352));
#477 = CARTESIAN_POINT('',(16.67037304343,-308.1227245057,
    172.51670245072));
#478 = CARTESIAN_POINT('',(16.739076210267,-308.0574050158,
    172.44992336605));
#479 = CARTESIAN_POINT('',(16.807779377199,-307.991292009,
    172.38412420546));
#480 = CARTESIAN_POINT('',(16.876482543602,-307.9240941522,
    172.31966471746));
#481 = CARTESIAN_POINT('',(16.945185710471,-307.8562004444,
    172.25606455795));
#482 = CARTESIAN_POINT('',(17.013888876612,-307.7875129059,
    172.19344468267));
#483 = CARTESIAN_POINT('',(17.082592043192,-307.7178807034,
    172.13199139448));
#484 = CARTESIAN_POINT('',(17.151295209272,-307.6474884368,
    172.07147670123));
#485 = CARTESIAN_POINT('',(17.219998375454,-307.5762185671,
    172.01204576955));
#486 = CARTESIAN_POINT('',(17.288701541447,-307.5040989456,
    171.95366419805));
#487 = CARTESIAN_POINT('',(16.007434247689,-308.8347670446,
    173.3684445201));
#488 = CARTESIAN_POINT('',(16.076137415817,-308.7789647557,
    173.28991260488));
#489 = CARTESIAN_POINT('',(16.14484058384,-308.7223221825,
    173.21241836039));
#490 = CARTESIAN_POINT('',(16.213543751736,-308.664784149,
    173.13602992337));
#491 = CARTESIAN_POINT('',(16.282246919564,-308.6065855081,
    173.06045727382));
#492 = CARTESIAN_POINT('',(16.350950087196,-308.5470556009,
    172.98652861001));
#493 = CARTESIAN_POINT('',(16.419653254827,-308.4873513956,
    172.91281518833));
#494 = CARTESIAN_POINT('',(16.488356422245,-308.4261298433,
    172.8409755446));
#495 = CARTESIAN_POINT('',(16.557059589597,-308.364331735,
    172.76984789251));
#496 = CARTESIAN_POINT('',(16.625762756827,-308.3016278272,
    172.69983881609));
#497 = CARTESIAN_POINT('',(16.763169091062,-308.1744785373,
    172.56197121727));
#498 = CARTESIAN_POINT('',(16.831872258066,-308.1100212729,
    172.4941273685));
#499 = CARTESIAN_POINT('',(16.900575424954,-308.0447243211,
    172.42732045301));
#500 = CARTESIAN_POINT('',(16.96927859173,-307.9784464232,
    172.36172491262));
#501 = CARTESIAN_POINT('',(17.037981758381,-307.9113792112,
    172.29710409886));
#502 = CARTESIAN_POINT('',(17.106684924951,-307.8435132064,
    172.23346971856));
#503 = CARTESIAN_POINT('',(17.175388091387,-307.7747561577,
    172.17093569165));
#504 = CARTESIAN_POINT('',(17.244091257729,-307.7051931651,
    172.10939692861));
#505 = CARTESIAN_POINT('',(17.312794423954,-307.6347721829,
    172.04891770041));
#506 = CARTESIAN_POINT('',(17.38149759007,-307.5635008596,
    171.98948856227));
#507 = DEFINITIONAL_REPRESENTATION('',(#508),#527);
#508 = B_SPLINE_CURVE_WITH_KNOTS('',3,(#509,#510,#511,#512,#513,#514,
    #515,#516,#517,#518,#519,#520,#521,#522,#523,#524,#525,#526),
  .UNSPECIFIED.,.F.,.F.,(4,2,2,2,2,2,2,2,4),(0.,6.25E-02,0.125,0.1875,
    0.25,0.3125,0.375,0.4375,0.5),.UNSPECIFIED.);
#509 = CARTESIAN_POINT('',(-0.624827015857,0.844036109043));
#510 = CARTESIAN_POINT('',(-0.734730537147,0.762583874244));
#511 = CARTESIAN_POINT('',(-0.82661400638,0.660582322633));
#512 = CARTESIAN_POINT('',(-0.971572058401,0.419000360161));
#513 = CARTESIAN_POINT('',(-1.018221831004,0.290355461455));
#514 = CARTESIAN_POINT('',(-1.058856845469,1.952020502289E-02));
#515 = CARTESIAN_POINT('',(-1.051950054925,-0.116737626204));
#516 = CARTESIAN_POINT('',(-0.983723795431,-0.390367468118));
#517 = CARTESIAN_POINT('',(-0.925731410194,-0.514067928915));
#518 = CARTESIAN_POINT('',(-0.762759508569,-0.734199207458));
#519 = CARTESIAN_POINT('',(-0.661280432415,-0.825854806375));
#520 = CARTESIAN_POINT('',(-0.418939339052,-0.971582987325));
#521 = CARTESIAN_POINT('',(-0.29076657556,-1.018056141703));
#522 = CARTESIAN_POINT('',(-1.92763940848E-02,-1.058581300773));
#523 = CARTESIAN_POINT('',(0.116522514625,-1.051551396327));
#524 = CARTESIAN_POINT('',(0.390878452107,-0.983151039626));
#525 = CARTESIAN_POINT('',(0.514773158658,-0.924995088616));
#526 = CARTESIAN_POINT('',(0.624461101013,-0.843944640299));
#527 = ( GEOMETRIC_REPRESENTATION_CONTEXT(2) 
PARAMETRIC_REPRESENTATION_CONTEXT() REPRESENTATION_CONTEXT('2D SPACE',''
  ) );
#528 = ORIENTED_EDGE('',*,*,#529,.T.);
#529 = EDGE_CURVE('',#24,#22,#530,.T.);
#530 = SURFACE_CURVE('',#531,(#550,#604),.PCURVE_S1.);
#531 = B_SPLINE_CURVE_WITH_KNOTS('',3,(#532,#533,#534,#535,#536,#537,
    #538,#539,#540,#541,#542,#543,#544,#545,#546,#547,#548,#549),
  .UNSPECIFIED.,.F.,.F.,(4,2,2,2,2,2,2,2,4),(0.5,0.5625,0.625,0.6875,
    0.75,0.8125,0.875,0.9375,1.),.UNSPECIFIED.);
#532 = CARTESIAN_POINT('',(15.76608124573,-308.4744042721,
    172.91603723283));
#533 = CARTESIAN_POINT('',(15.90246526937,-308.4744888229,
    172.91614456485));
#534 = CARTESIAN_POINT('',(16.03710162444,-308.457351788,172.89400836512
    ));
#535 = CARTESIAN_POINT('',(16.29740489225,-308.3878379335,172.8088615078
    ));
#536 = CARTESIAN_POINT('',(16.41138917292,-308.3385662788,
    172.74980743202));
#537 = CARTESIAN_POINT('',(16.60528409086,-308.2075209222,
    172.60426498366));
#538 = CARTESIAN_POINT('',(16.68093401168,-308.1285649223,
    172.52099245157));
#539 = CARTESIAN_POINT('',(16.78922076682,-307.9397634232,172.339578557)
  );
#540 = CARTESIAN_POINT('',(16.81636774199,-307.8392959263,
    172.25056219978));
#541 = CARTESIAN_POINT('',(16.81666815977,-307.6264271988,
    172.07813637773));
#542 = CARTESIAN_POINT('',(16.78975893284,-307.5185554618,
    171.99838810565));
#543 = CARTESIAN_POINT('',(16.68191956681,-307.301806283,171.8513112546)
  );
#544 = CARTESIAN_POINT('',(16.60662995881,-307.2041879829,171.7915014473
    ));
#545 = CARTESIAN_POINT('',(16.41232978481,-307.0338938301,
    171.69312934011));
#546 = CARTESIAN_POINT('',(16.29939925349,-306.9662780446,
    171.65740759954));
#547 = CARTESIAN_POINT('',(16.03693314754,-306.8673687179,
    171.60650042146));
#548 = CARTESIAN_POINT('',(15.90305046697,-306.8423380702,
    171.59444093163));
#549 = CARTESIAN_POINT('',(15.7665181588,-306.8423944069,171.59446868816
    ));
#550 = PCURVE('',#47,#551);
#551 = DEFINITIONAL_REPRESENTATION('',(#552),#603);
#552 = B_SPLINE_CURVE_WITH_KNOTS('',7,(#553,#554,#555,#556,#557,#558,
    #559,#560,#561,#562,#563,#564,#565,#566,#567,#568,#569,#570,#571,
    #572,#573,#574,#575,#576,#577,#578,#579,#580,#581,#582,#583,#584,
    #585,#586,#587,#588,#589,#590,#591,#592,#593,#594,#595,#596,#597,
    #598,#599,#600,#601,#602),.UNSPECIFIED.,.F.,.F.,(8,6,6,6,6,6,6,6,8),
  (0.5,0.5625,0.625,0.6875,0.75,0.8125,0.875,0.9375,1.),.UNSPECIFIED.);
#553 = CARTESIAN_POINT('',(1.793689978117,-63.69956308697));
#554 = CARTESIAN_POINT('',(1.793702297472,-63.75801338285));
#555 = CARTESIAN_POINT('',(1.792876796334,-63.81612478867));
#556 = CARTESIAN_POINT('',(1.791183549854,-63.87422248627));
#557 = CARTESIAN_POINT('',(1.788688101771,-63.93158995306));
#558 = CARTESIAN_POINT('',(1.785381185032,-63.98832702229));
#559 = CARTESIAN_POINT('',(1.781202116423,-64.04509292831));
#560 = CARTESIAN_POINT('',(1.771309613968,-64.15637574538));
#561 = CARTESIAN_POINT('',(1.765669269953,-64.21014963636));
#562 = CARTESIAN_POINT('',(1.759392310473,-64.26116068121));
#563 = CARTESIAN_POINT('',(1.752494672172,-64.30976941094));
#564 = CARTESIAN_POINT('',(1.744939943184,-64.35625200335));
#565 = CARTESIAN_POINT('',(1.736699673769,-64.40036550293));
#566 = CARTESIAN_POINT('',(1.71906993708,-64.4832714433));
#567 = CARTESIAN_POINT('',(1.709704128749,-64.52195772768));
#568 = CARTESIAN_POINT('',(1.699839218889,-64.55738296734));
#569 = CARTESIAN_POINT('',(1.689539534175,-64.58967324122));
#570 = CARTESIAN_POINT('',(1.678740394185,-64.61902708256));
#571 = CARTESIAN_POINT('',(1.667345958237,-64.64541966733));
#572 = CARTESIAN_POINT('',(1.64378687052,-64.69169868191));
#573 = CARTESIAN_POINT('',(1.63180998479,-64.71120993543));
#574 = CARTESIAN_POINT('',(1.619829523098,-64.72658587143));
#575 = CARTESIAN_POINT('',(1.607778026088,-64.73817219754));
#576 = CARTESIAN_POINT('',(1.595580602737,-64.74605506914));
#577 = CARTESIAN_POINT('',(1.583266068746,-64.74993682639));
#578 = CARTESIAN_POINT('',(1.558604790677,-64.7500627578));
#579 = CARTESIAN_POINT('',(1.546223078115,-64.74621341287));
#580 = CARTESIAN_POINT('',(1.534274770462,-64.73876991046));
#581 = CARTESIAN_POINT('',(1.521873483092,-64.72681171411));
#582 = CARTESIAN_POINT('',(1.510143963098,-64.71187588432));
#583 = CARTESIAN_POINT('',(1.498093530452,-64.69236319305));
#584 = CARTESIAN_POINT('',(1.474527261564,-64.64627949142));
#585 = CARTESIAN_POINT('',(1.463067519524,-64.61981190744));
#586 = CARTESIAN_POINT('',(1.452518695326,-64.59124490229));
#587 = CARTESIAN_POINT('',(1.44187469505,-64.55804550258));
#588 = CARTESIAN_POINT('',(1.432265079416,-64.52345157842));
#589 = CARTESIAN_POINT('',(1.422796083501,-64.4844605759));
#590 = CARTESIAN_POINT('',(1.405106874289,-64.40146285011));
#591 = CARTESIAN_POINT('',(1.396794511875,-64.35699859857));
#592 = CARTESIAN_POINT('',(1.389410298175,-64.31200877511));
#593 = CARTESIAN_POINT('',(1.382288025336,-64.26171015444));
#594 = CARTESIAN_POINT('',(1.376171299092,-64.21211627224));
#595 = CARTESIAN_POINT('',(1.37044814001,-64.15770502937));
#596 = CARTESIAN_POINT('',(1.360446128154,-64.04558898972));
#597 = CARTESIAN_POINT('',(1.356221499912,-63.98850424276));
#598 = CARTESIAN_POINT('',(1.352908962775,-63.93183316218));
#599 = CARTESIAN_POINT('',(1.350415121478,-63.8745877989));
#600 = CARTESIAN_POINT('',(1.348717505766,-63.81652963757));
#601 = CARTESIAN_POINT('',(1.347896998163,-63.75851384636));
#602 = CARTESIAN_POINT('',(1.347902655853,-63.69999999999));
#603 = ( GEOMETRIC_REPRESENTATION_CONTEXT(2) 
PARAMETRIC_REPRESENTATION_CONTEXT() REPRESENTATION_CONTEXT('2D SPACE',''
  ) );
#604 = PCURVE('',#106,#605);
#605 = DEFINITIONAL_REPRESENTATION('',(#606),#625);
#606 = B_SPLINE_CURVE_WITH_KNOTS('',3,(#607,#608,#609,#610,#611,#612,
    #613,#614,#615,#616,#617,#618,#619,#620,#621,#622,#623,#624),
  .UNSPECIFIED.,.F.,.F.,(4,2,2,2,2,2,2,2,4),(0.5,0.5625,0.625,0.6875,
    0.75,0.8125,0.875,0.9375,1.),.UNSPECIFIED.);
#607 = CARTESIAN_POINT('',(0.624461101013,-0.843944640299));
#608 = CARTESIAN_POINT('',(0.734149043365,-0.762894191976));
#609 = CARTESIAN_POINT('',(0.826138012041,-0.660877969462));
#610 = CARTESIAN_POINT('',(0.971304846349,-0.419498267933));
#611 = CARTESIAN_POINT('',(1.018010335852,-0.291028798835));
#612 = CARTESIAN_POINT('',(1.05873301579,-2.018995504724E-02));
#613 = CARTESIAN_POINT('',(1.051833156141,0.116257226331));
#614 = CARTESIAN_POINT('',(0.983611526903,0.390369501641));
#615 = CARTESIAN_POINT('',(0.925631938997,0.514294745251));
#616 = CARTESIAN_POINT('',(0.762860219045,0.734633604576));
#617 = CARTESIAN_POINT('',(0.661483833445,0.826328833188));
#618 = CARTESIAN_POINT('',(0.419500318973,0.971920683347));
#619 = CARTESIAN_POINT('',(0.291449948747,1.018338094487));
#620 = CARTESIAN_POINT('',(1.970375619579E-02,1.058831555597));
#621 = CARTESIAN_POINT('',(-0.115701871735,1.051928723476));
#622 = CARTESIAN_POINT('',(-0.391446410799,0.983267159815));
#623 = CARTESIAN_POINT('',(-0.515135644294,0.925331114411));
#624 = CARTESIAN_POINT('',(-0.624827015857,0.844036109043));
#625 = ( GEOMETRIC_REPRESENTATION_CONTEXT(2) 
PARAMETRIC_REPRESENTATION_CONTEXT() REPRESENTATION_CONTEXT('2D SPACE',''
  ) );
#626 = FACE_BOUND('',#627,.T.);
#627 = EDGE_LOOP('',(#628,#659,#687,#720));
#628 = ORIENTED_EDGE('',*,*,#629,.T.);
#629 = EDGE_CURVE('',#630,#632,#634,.T.);
#630 = VERTEX_POINT('',#631);
#631 = CARTESIAN_POINT('',(17.56651815895,-301.051634734,172.86612210388
    ));
#632 = VERTEX_POINT('',#633);
#633 = CARTESIAN_POINT('',(17.56651815876,-308.4345367658,
    178.84464680384));
#634 = SURFACE_CURVE('',#635,(#640,#647),.PCURVE_S1.);
#635 = CIRCLE('',#636,4.75);
#636 = AXIS2_PLACEMENT_3D('',#637,#638,#639);
#637 = CARTESIAN_POINT('',(17.56651815885,-304.7430857499,
    175.85538445386));
#638 = DIRECTION('',(-1.,2.628718675401E-11,-1.306410413969E-15));
#639 = DIRECTION('',(2.042984577947E-11,0.777147582301,-0.629318389469)
  );
#640 = PCURVE('',#47,#641);
#641 = DEFINITIONAL_REPRESENTATION('',(#642),#646);
#642 = LINE('',#643,#644);
#643 = CARTESIAN_POINT('',(0.,-65.49999999999));
#644 = VECTOR('',#645,1.);
#645 = DIRECTION('',(1.,0.));
#646 = ( GEOMETRIC_REPRESENTATION_CONTEXT(2) 
PARAMETRIC_REPRESENTATION_CONTEXT() REPRESENTATION_CONTEXT('2D SPACE',''
  ) );
#647 = PCURVE('',#648,#653);
#648 = TOROIDAL_SURFACE('',#649,4.25,0.5);
#649 = AXIS2_PLACEMENT_3D('',#650,#651,#652);
#650 = CARTESIAN_POINT('',(17.56651815885,-304.7430857499,
    175.85538445386));
#651 = DIRECTION('',(-1.,2.628718675401E-11,-1.306410413968E-15));
#652 = DIRECTION('',(2.042984577947E-11,0.777147582301,-0.629318389469)
  );
#653 = DEFINITIONAL_REPRESENTATION('',(#654),#658);
#654 = LINE('',#655,#656);
#655 = CARTESIAN_POINT('',(0.,6.28318530718));
#656 = VECTOR('',#657,1.);
#657 = DIRECTION('',(1.,0.));
#658 = ( GEOMETRIC_REPRESENTATION_CONTEXT(2) 
PARAMETRIC_REPRESENTATION_CONTEXT() REPRESENTATION_CONTEXT('2D SPACE',''
  ) );
#659 = ORIENTED_EDGE('',*,*,#660,.T.);
#660 = EDGE_CURVE('',#632,#661,#663,.T.);
#661 = VERTEX_POINT('',#662);
#662 = CARTESIAN_POINT('',(12.36651815876,-308.4345367657,
    178.84464680381));
#663 = SURFACE_CURVE('',#664,(#668,#675),.PCURVE_S1.);
#664 = LINE('',#665,#666);
#665 = CARTESIAN_POINT('',(-47.93348184123,-308.4345367641,
    178.84464680384));
#666 = VECTOR('',#667,1.);
#667 = DIRECTION('',(-1.,2.628718675401E-11,-1.306410413968E-15));
#668 = PCURVE('',#47,#669);
#669 = DEFINITIONAL_REPRESENTATION('',(#670),#674);
#670 = LINE('',#671,#672);
#671 = CARTESIAN_POINT('',(3.14159265359,-4.263256414561E-14));
#672 = VECTOR('',#673,1.);
#673 = DIRECTION('',(6.832141690001E-16,1.));
#674 = ( GEOMETRIC_REPRESENTATION_CONTEXT(2) 
PARAMETRIC_REPRESENTATION_CONTEXT() REPRESENTATION_CONTEXT('2D SPACE',''
  ) );
#675 = PCURVE('',#676,#681);
#676 = CYLINDRICAL_SURFACE('',#677,4.75);
#677 = AXIS2_PLACEMENT_3D('',#678,#679,#680);
#678 = CARTESIAN_POINT('',(-47.93348184114,-304.7430857482,
    175.85538445386));
#679 = DIRECTION('',(-1.,2.628718675401E-11,-1.306410413968E-15));
#680 = DIRECTION('',(2.042984577947E-11,0.777147582301,-0.629318389469)
  );
#681 = DEFINITIONAL_REPRESENTATION('',(#682),#686);
#682 = LINE('',#683,#684);
#683 = CARTESIAN_POINT('',(3.14159265359,-4.263256414561E-14));
#684 = VECTOR('',#685,1.);
#685 = DIRECTION('',(5.978123978751E-16,1.));
#686 = ( GEOMETRIC_REPRESENTATION_CONTEXT(2) 
PARAMETRIC_REPRESENTATION_CONTEXT() REPRESENTATION_CONTEXT('2D SPACE',''
  ) );
#687 = ORIENTED_EDGE('',*,*,#688,.T.);
#688 = EDGE_CURVE('',#661,#689,#691,.T.);
#689 = VERTEX_POINT('',#690);
#690 = CARTESIAN_POINT('',(12.36651815895,-301.0516347338,
    172.86612210388));
#691 = SURFACE_CURVE('',#692,(#697,#704),.PCURVE_S1.);
#692 = CIRCLE('',#693,4.75);
#693 = AXIS2_PLACEMENT_3D('',#694,#695,#696);
#694 = CARTESIAN_POINT('',(12.36651815885,-304.7430857498,
    175.85538445386));
#695 = DIRECTION('',(1.,-2.628718675401E-11,1.306410413969E-15));
#696 = DIRECTION('',(2.042984577947E-11,0.777147582301,-0.629318389469)
  );
#697 = PCURVE('',#47,#698);
#698 = DEFINITIONAL_REPRESENTATION('',(#699),#703);
#699 = LINE('',#700,#701);
#700 = CARTESIAN_POINT('',(6.283185307179,-60.29999999999));
#701 = VECTOR('',#702,1.);
#702 = DIRECTION('',(-1.,0.));
#703 = ( GEOMETRIC_REPRESENTATION_CONTEXT(2) 
PARAMETRIC_REPRESENTATION_CONTEXT() REPRESENTATION_CONTEXT('2D SPACE',''
  ) );
#704 = PCURVE('',#705,#710);
#705 = PLANE('',#706);
#706 = AXIS2_PLACEMENT_3D('',#707,#708,#709);
#707 = CARTESIAN_POINT('',(12.36651815885,-304.7430857498,
    175.85538445385));
#708 = DIRECTION('',(-1.,2.627813524164E-11,5.926699349768E-15));
#709 = DIRECTION('',(2.627813524164E-11,1.,0.));
#710 = DEFINITIONAL_REPRESENTATION('',(#711),#719);
#711 = ( BOUNDED_CURVE() B_SPLINE_CURVE(2,(#712,#713,#714,#715,#716,#717
,#718),.UNSPECIFIED.,.T.,.F.) B_SPLINE_CURVE_WITH_KNOTS((1,2,2,2,2,1),(
    -2.094395102393,0.,2.094395102393,4.188790204786,6.28318530718,
8.377580409573),.UNSPECIFIED.) CURVE() GEOMETRIC_REPRESENTATION_ITEM() 
RATIONAL_B_SPLINE_CURVE((1.,0.5,1.,0.5,1.,0.5,1.)) REPRESENTATION_ITEM(
  '') );
#712 = CARTESIAN_POINT('',(3.691451015929,2.989262349968));
#713 = CARTESIAN_POINT('',(8.869005283243,-3.404518363274));
#714 = CARTESIAN_POINT('',(0.743051625692,-4.69152153162));
#715 = CARTESIAN_POINT('',(-7.382902031859,-5.978524699965));
#716 = CARTESIAN_POINT('',(-4.434502641622,1.702259181622));
#717 = CARTESIAN_POINT('',(-1.486103251384,9.383043063209));
#718 = CARTESIAN_POINT('',(3.691451015929,2.989262349968));
#719 = ( GEOMETRIC_REPRESENTATION_CONTEXT(2) 
PARAMETRIC_REPRESENTATION_CONTEXT() REPRESENTATION_CONTEXT('2D SPACE',''
  ) );
#720 = ORIENTED_EDGE('',*,*,#721,.F.);
#721 = EDGE_CURVE('',#630,#689,#722,.T.);
#722 = SURFACE_CURVE('',#723,(#727,#734),.PCURVE_S1.);
#723 = LINE('',#724,#725);
#724 = CARTESIAN_POINT('',(-47.93348184104,-301.0516347322,
    172.86612210388));
#725 = VECTOR('',#726,1.);
#726 = DIRECTION('',(-1.,2.628718675401E-11,-1.306410413968E-15));
#727 = PCURVE('',#47,#728);
#728 = DEFINITIONAL_REPRESENTATION('',(#729),#733);
#729 = LINE('',#730,#731);
#730 = CARTESIAN_POINT('',(0.,4.263256414561E-14));
#731 = VECTOR('',#732,1.);
#732 = DIRECTION('',(0.,1.));
#733 = ( GEOMETRIC_REPRESENTATION_CONTEXT(2) 
PARAMETRIC_REPRESENTATION_CONTEXT() REPRESENTATION_CONTEXT('2D SPACE',''
  ) );
#734 = PCURVE('',#676,#735);
#735 = DEFINITIONAL_REPRESENTATION('',(#736),#740);
#736 = LINE('',#737,#738);
#737 = CARTESIAN_POINT('',(6.28318530718,4.263256414561E-14));
#738 = VECTOR('',#739,1.);
#739 = DIRECTION('',(0.,1.));
#740 = ( GEOMETRIC_REPRESENTATION_CONTEXT(2) 
PARAMETRIC_REPRESENTATION_CONTEXT() REPRESENTATION_CONTEXT('2D SPACE',''
  ) );
#741 = ADVANCED_FACE('',(#742),#705,.T.);
#742 = FACE_BOUND('',#743,.T.);
#743 = EDGE_LOOP('',(#744,#745));
#744 = ORIENTED_EDGE('',*,*,#688,.F.);
#745 = ORIENTED_EDGE('',*,*,#746,.F.);
#746 = EDGE_CURVE('',#689,#661,#747,.T.);
#747 = SURFACE_CURVE('',#748,(#753,#764),.PCURVE_S1.);
#748 = CIRCLE('',#749,4.75);
#749 = AXIS2_PLACEMENT_3D('',#750,#751,#752);
#750 = CARTESIAN_POINT('',(12.36651815885,-304.7430857498,
    175.85538445386));
#751 = DIRECTION('',(1.,-2.628718675401E-11,1.306410413969E-15));
#752 = DIRECTION('',(2.042984577947E-11,0.777147582301,-0.629318389469)
  );
#753 = PCURVE('',#705,#754);
#754 = DEFINITIONAL_REPRESENTATION('',(#755),#763);
#755 = ( BOUNDED_CURVE() B_SPLINE_CURVE(2,(#756,#757,#758,#759,#760,#761
,#762),.UNSPECIFIED.,.T.,.F.) B_SPLINE_CURVE_WITH_KNOTS((1,2,2,2,2,1),(
    -2.094395102393,0.,2.094395102393,4.188790204786,6.28318530718,
8.377580409573),.UNSPECIFIED.) CURVE() GEOMETRIC_REPRESENTATION_ITEM() 
RATIONAL_B_SPLINE_CURVE((1.,0.5,1.,0.5,1.,0.5,1.)) REPRESENTATION_ITEM(
  '') );
#756 = CARTESIAN_POINT('',(3.691451015929,2.989262349968));
#757 = CARTESIAN_POINT('',(8.869005283243,-3.404518363274));
#758 = CARTESIAN_POINT('',(0.743051625692,-4.69152153162));
#759 = CARTESIAN_POINT('',(-7.382902031859,-5.978524699965));
#760 = CARTESIAN_POINT('',(-4.434502641622,1.702259181622));
#761 = CARTESIAN_POINT('',(-1.486103251384,9.383043063209));
#762 = CARTESIAN_POINT('',(3.691451015929,2.989262349968));
#763 = ( GEOMETRIC_REPRESENTATION_CONTEXT(2) 
PARAMETRIC_REPRESENTATION_CONTEXT() REPRESENTATION_CONTEXT('2D SPACE',''
  ) );
#764 = PCURVE('',#676,#765);
#765 = DEFINITIONAL_REPRESENTATION('',(#766),#770);
#766 = LINE('',#767,#768);
#767 = CARTESIAN_POINT('',(6.28318530718,-60.29999999999));
#768 = VECTOR('',#769,1.);
#769 = DIRECTION('',(-1.,0.));
#770 = ( GEOMETRIC_REPRESENTATION_CONTEXT(2) 
PARAMETRIC_REPRESENTATION_CONTEXT() REPRESENTATION_CONTEXT('2D SPACE',''
  ) );
#771 = ADVANCED_FACE('',(#772,#804),#676,.T.);
#772 = FACE_BOUND('',#773,.T.);
#773 = EDGE_LOOP('',(#774,#775,#802,#803));
#774 = ORIENTED_EDGE('',*,*,#660,.F.);
#775 = ORIENTED_EDGE('',*,*,#776,.T.);
#776 = EDGE_CURVE('',#632,#630,#777,.T.);
#777 = SURFACE_CURVE('',#778,(#783,#790),.PCURVE_S1.);
#778 = CIRCLE('',#779,4.75);
#779 = AXIS2_PLACEMENT_3D('',#780,#781,#782);
#780 = CARTESIAN_POINT('',(17.56651815885,-304.7430857499,
    175.85538445386));
#781 = DIRECTION('',(-1.,2.628718675401E-11,-1.306410413969E-15));
#782 = DIRECTION('',(2.042984577947E-11,0.777147582301,-0.629318389469)
  );
#783 = PCURVE('',#676,#784);
#784 = DEFINITIONAL_REPRESENTATION('',(#785),#789);
#785 = LINE('',#786,#787);
#786 = CARTESIAN_POINT('',(2.242650509743E-13,-65.49999999999));
#787 = VECTOR('',#788,1.);
#788 = DIRECTION('',(1.,0.));
#789 = ( GEOMETRIC_REPRESENTATION_CONTEXT(2) 
PARAMETRIC_REPRESENTATION_CONTEXT() REPRESENTATION_CONTEXT('2D SPACE',''
  ) );
#790 = PCURVE('',#791,#796);
#791 = TOROIDAL_SURFACE('',#792,4.25,0.5);
#792 = AXIS2_PLACEMENT_3D('',#793,#794,#795);
#793 = CARTESIAN_POINT('',(17.56651815885,-304.7430857499,
    175.85538445386));
#794 = DIRECTION('',(-1.,2.628718675401E-11,-1.306410413968E-15));
#795 = DIRECTION('',(2.042984577947E-11,0.777147582301,-0.629318389469)
  );
#796 = DEFINITIONAL_REPRESENTATION('',(#797),#801);
#797 = LINE('',#798,#799);
#798 = CARTESIAN_POINT('',(-2.6645352591E-15,6.28318530718));
#799 = VECTOR('',#800,1.);
#800 = DIRECTION('',(1.,0.));
#801 = ( GEOMETRIC_REPRESENTATION_CONTEXT(2) 
PARAMETRIC_REPRESENTATION_CONTEXT() REPRESENTATION_CONTEXT('2D SPACE',''
  ) );
#802 = ORIENTED_EDGE('',*,*,#721,.T.);
#803 = ORIENTED_EDGE('',*,*,#746,.T.);
#804 = FACE_BOUND('',#805,.T.);
#805 = EDGE_LOOP('',(#806,#1309));
#806 = ORIENTED_EDGE('',*,*,#807,.T.);
#807 = EDGE_CURVE('',#808,#810,#812,.T.);
#808 = VERTEX_POINT('',#809);
#809 = CARTESIAN_POINT('',(15.76651815895,-301.01176717,178.79473160168)
  );
#810 = VERTEX_POINT('',#811);
#811 = CARTESIAN_POINT('',(15.76695507194,-302.6437770092,
    180.11630017837));
#812 = SURFACE_CURVE('',#813,(#832,#886),.PCURVE_S1.);
#813 = B_SPLINE_CURVE_WITH_KNOTS('',3,(#814,#815,#816,#817,#818,#819,
    #820,#821,#822,#823,#824,#825,#826,#827,#828,#829,#830,#831),
  .UNSPECIFIED.,.F.,.F.,(4,2,2,2,2,2,2,2,4),(0.,6.25E-02,0.125,0.1875,
    0.25,0.3125,0.375,0.4375,0.5),.UNSPECIFIED.);
#814 = CARTESIAN_POINT('',(15.76651815895,-301.01176717,178.79473160168)
  );
#815 = CARTESIAN_POINT('',(15.90331452884,-301.0118061084,
    178.79478103165));
#816 = CARTESIAN_POINT('',(16.03785737933,-301.0289753673,
    178.81695846479));
#817 = CARTESIAN_POINT('',(16.2981131849,-301.0986804002,178.90232491986
    ));
#818 = CARTESIAN_POINT('',(16.4121571041,-301.148074127,178.96150497924)
  );
#819 = CARTESIAN_POINT('',(16.60597944083,-301.2791723292,
    179.10706049876));
#820 = CARTESIAN_POINT('',(16.68151110913,-301.3580391365,
    179.19020796523));
#821 = CARTESIAN_POINT('',(16.78950698333,-301.5465763757,
    179.37133613828));
#822 = CARTESIAN_POINT('',(16.81650996089,-301.6469136688,179.4602385217
    ));
#823 = CARTESIAN_POINT('',(16.81652597299,-301.8597462617,
    179.63263316188));
#824 = CARTESIAN_POINT('',(16.78951070302,-301.9676384526,
    179.71240245004));
#825 = CARTESIAN_POINT('',(16.68146488992,-302.1846624232,
    179.85965287698));
#826 = CARTESIAN_POINT('',(16.60611023124,-302.282391148,179.91951277511
    ));
#827 = CARTESIAN_POINT('',(16.41203465434,-302.4525849932,
    180.01780721219));
#828 = CARTESIAN_POINT('',(16.29871242142,-302.5203247127,
    180.05358551448));
#829 = CARTESIAN_POINT('',(16.0375178064,-302.6186767808,180.10420138404
    ));
#830 = CARTESIAN_POINT('',(15.90333909558,-302.6436544432,
    180.11623979139));
#831 = CARTESIAN_POINT('',(15.76695507194,-302.6437770092,
    180.11630017837));
#832 = PCURVE('',#676,#833);
#833 = DEFINITIONAL_REPRESENTATION('',(#834),#885);
#834 = B_SPLINE_CURVE_WITH_KNOTS('',7,(#835,#836,#837,#838,#839,#840,
    #841,#842,#843,#844,#845,#846,#847,#848,#849,#850,#851,#852,#853,
    #854,#855,#856,#857,#858,#859,#860,#861,#862,#863,#864,#865,#866,
    #867,#868,#869,#870,#871,#872,#873,#874,#875,#876,#877,#878,#879,
    #880,#881,#882,#883,#884),.UNSPECIFIED.,.F.,.F.,(8,6,6,6,6,6,6,6,8),
  (0.,6.25E-02,0.125,0.1875,0.25,0.3125,0.375,0.4375,0.5),
  .UNSPECIFIED.);
#835 = CARTESIAN_POINT('',(4.935282651327,-63.69999999999));
#836 = CARTESIAN_POINT('',(4.935276965189,-63.75862701563));
#837 = CARTESIAN_POINT('',(4.934438043261,-63.81684253836));
#838 = CARTESIAN_POINT('',(4.932733816035,-63.87498966135));
#839 = CARTESIAN_POINT('',(4.930229464853,-63.9323661778));
#840 = CARTESIAN_POINT('',(4.926914007501,-63.98908868716));
#841 = CARTESIAN_POINT('',(4.922724070761,-64.04583525946));
#842 = CARTESIAN_POINT('',(4.9128056291,-64.1570980566));
#843 = CARTESIAN_POINT('',(4.907151067232,-64.21087222703));
#844 = CARTESIAN_POINT('',(4.900860310978,-64.2618928595));
#845 = CARTESIAN_POINT('',(4.893950320272,-64.3105124469));
#846 = CARTESIAN_POINT('',(4.886385501057,-64.35700091164));
#847 = CARTESIAN_POINT('',(4.878138423801,-64.40111238138));
#848 = CARTESIAN_POINT('',(4.860504831748,-64.48398784564));
#849 = CARTESIAN_POINT('',(4.851141893873,-64.52264632762));
#850 = CARTESIAN_POINT('',(4.841285073621,-64.55803413761));
#851 = CARTESIAN_POINT('',(4.830996667276,-64.59027886547));
#852 = CARTESIAN_POINT('',(4.820211273402,-64.6195798129));
#853 = CARTESIAN_POINT('',(4.808833534862,-64.64591333926));
#854 = CARTESIAN_POINT('',(4.785309179943,-64.69206836675));
#855 = CARTESIAN_POINT('',(4.773280830752,-64.71161118706));
#856 = CARTESIAN_POINT('',(4.761557700551,-64.72659312369));
#857 = CARTESIAN_POINT('',(4.749172094933,-64.73859358871));
#858 = CARTESIAN_POINT('',(4.73722871464,-64.74608374473));
#859 = CARTESIAN_POINT('',(4.724850688788,-64.74999701277));
#860 = CARTESIAN_POINT('',(4.700194625578,-64.75000260321));
#861 = CARTESIAN_POINT('',(4.687811664928,-64.7460945798));
#862 = CARTESIAN_POINT('',(4.675865475355,-64.73860493199));
#863 = CARTESIAN_POINT('',(4.66345540793,-64.72659185148));
#864 = CARTESIAN_POINT('',(4.65172280943,-64.71161526726));
#865 = CARTESIAN_POINT('',(4.639659723347,-64.6920554923));
#866 = CARTESIAN_POINT('',(4.61606502171,-64.64588414022));
#867 = CARTESIAN_POINT('',(4.604590828529,-64.61938107082));
#868 = CARTESIAN_POINT('',(4.594030849831,-64.59076429361));
#869 = CARTESIAN_POINT('',(4.583381909138,-64.55759759808));
#870 = CARTESIAN_POINT('',(4.573761494049,-64.5229411582));
#871 = CARTESIAN_POINT('',(4.564297965565,-64.48402035635));
#872 = CARTESIAN_POINT('',(4.546616478644,-64.40108821137));
#873 = CARTESIAN_POINT('',(4.538310953776,-64.35666623043));
#874 = CARTESIAN_POINT('',(4.530910087452,-64.31147896249));
#875 = CARTESIAN_POINT('',(4.523805751489,-64.26134744203));
#876 = CARTESIAN_POINT('',(4.517678487069,-64.21159321849));
#877 = CARTESIAN_POINT('',(4.511978102398,-64.15740466585));
#878 = CARTESIAN_POINT('',(4.502029305117,-64.04578731085));
#879 = CARTESIAN_POINT('',(4.49782952816,-63.98890018508));
#880 = CARTESIAN_POINT('',(4.494526914701,-63.93223326762));
#881 = CARTESIAN_POINT('',(4.492037005947,-63.87496227835));
#882 = CARTESIAN_POINT('',(4.490339532566,-63.81691798208));
#883 = CARTESIAN_POINT('',(4.489507665724,-63.75888720882));
#884 = CARTESIAN_POINT('',(4.489495329063,-63.70043691302));
#885 = ( GEOMETRIC_REPRESENTATION_CONTEXT(2) 
PARAMETRIC_REPRESENTATION_CONTEXT() REPRESENTATION_CONTEXT('2D SPACE',''
  ) );
#886 = PCURVE('',#887,#1288);
#887 = B_SPLINE_SURFACE_WITH_KNOTS('',10,10,(
    (#888,#889,#890,#891,#892,#893,#894,#895,#896,#897,#898,#899,#900
      ,#901,#902,#903,#904,#905,#906,#907)
    ,(#908,#909,#910,#911,#912,#913,#914,#915,#916,#917,#918,#919,#920
      ,#921,#922,#923,#924,#925,#926,#927)
    ,(#928,#929,#930,#931,#932,#933,#934,#935,#936,#937,#938,#939,#940
      ,#941,#942,#943,#944,#945,#946,#947)
    ,(#948,#949,#950,#951,#952,#953,#954,#955,#956,#957,#958,#959,#960
      ,#961,#962,#963,#964,#965,#966,#967)
    ,(#968,#969,#970,#971,#972,#973,#974,#975,#976,#977,#978,#979,#980
      ,#981,#982,#983,#984,#985,#986,#987)
    ,(#988,#989,#990,#991,#992,#993,#994,#995,#996,#997,#998,#999,#1000
      ,#1001,#1002,#1003,#1004,#1005,#1006,#1007)
    ,(#1008,#1009,#1010,#1011,#1012,#1013,#1014,#1015,#1016,#1017,#1018
      ,#1019,#1020,#1021,#1022,#1023,#1024,#1025,#1026,#1027)
    ,(#1028,#1029,#1030,#1031,#1032,#1033,#1034,#1035,#1036,#1037,#1038
      ,#1039,#1040,#1041,#1042,#1043,#1044,#1045,#1046,#1047)
    ,(#1048,#1049,#1050,#1051,#1052,#1053,#1054,#1055,#1056,#1057,#1058
      ,#1059,#1060,#1061,#1062,#1063,#1064,#1065,#1066,#1067)
    ,(#1068,#1069,#1070,#1071,#1072,#1073,#1074,#1075,#1076,#1077,#1078
      ,#1079,#1080,#1081,#1082,#1083,#1084,#1085,#1086,#1087)
    ,(#1088,#1089,#1090,#1091,#1092,#1093,#1094,#1095,#1096,#1097,#1098
      ,#1099,#1100,#1101,#1102,#1103,#1104,#1105,#1106,#1107)
    ,(#1108,#1109,#1110,#1111,#1112,#1113,#1114,#1115,#1116,#1117,#1118
      ,#1119,#1120,#1121,#1122,#1123,#1124,#1125,#1126,#1127)
    ,(#1128,#1129,#1130,#1131,#1132,#1133,#1134,#1135,#1136,#1137,#1138
      ,#1139,#1140,#1141,#1142,#1143,#1144,#1145,#1146,#1147)
    ,(#1148,#1149,#1150,#1151,#1152,#1153,#1154,#1155,#1156,#1157,#1158
      ,#1159,#1160,#1161,#1162,#1163,#1164,#1165,#1166,#1167)
    ,(#1168,#1169,#1170,#1171,#1172,#1173,#1174,#1175,#1176,#1177,#1178
      ,#1179,#1180,#1181,#1182,#1183,#1184,#1185,#1186,#1187)
    ,(#1188,#1189,#1190,#1191,#1192,#1193,#1194,#1195,#1196,#1197,#1198
      ,#1199,#1200,#1201,#1202,#1203,#1204,#1205,#1206,#1207)
    ,(#1208,#1209,#1210,#1211,#1212,#1213,#1214,#1215,#1216,#1217,#1218
      ,#1219,#1220,#1221,#1222,#1223,#1224,#1225,#1226,#1227)
    ,(#1228,#1229,#1230,#1231,#1232,#1233,#1234,#1235,#1236,#1237,#1238
      ,#1239,#1240,#1241,#1242,#1243,#1244,#1245,#1246,#1247)
    ,(#1248,#1249,#1250,#1251,#1252,#1253,#1254,#1255,#1256,#1257,#1258
      ,#1259,#1260,#1261,#1262,#1263,#1264,#1265,#1266,#1267)
    ,(#1268,#1269,#1270,#1271,#1272,#1273,#1274,#1275,#1276,#1277,#1278
      ,#1279,#1280,#1281,#1282,#1283,#1284,#1285,#1286,#1287
  )),.UNSPECIFIED.,.F.,.F.,.F.,(11,9,11),(11,9,11),(-1.15450246535,
    1.416976292461E-04,1.154785860608),(-1.15421058948,
    3.357484792932E-04,1.154882086438),.UNSPECIFIED.);
#888 = CARTESIAN_POINT('',(15.525602075716,-303.1612230775,
    180.37472472944));
#889 = CARTESIAN_POINT('',(15.456898907262,-303.0728051279,
    180.33647001342));
#890 = CARTESIAN_POINT('',(15.388195738916,-302.9852274632,
    180.29717762713));
#891 = CARTESIAN_POINT('',(15.319492570685,-302.8985452591,
    180.25677943368));
#892 = CARTESIAN_POINT('',(15.250789402539,-302.8125236633,
    180.21556545329));
#893 = CARTESIAN_POINT('',(15.182086234566,-302.727833334,
    180.17270748759));
#894 = CARTESIAN_POINT('',(15.113383066614,-302.6433173034,
    180.12963427999));
#895 = CARTESIAN_POINT('',(15.044679898858,-302.5603186205,
    180.08468729513));
#896 = CARTESIAN_POINT('',(14.975976731177,-302.477896494,
    180.03902831891));
#897 = CARTESIAN_POINT('',(14.907273563612,-302.3963801676,
    179.99225076746));
#898 = CARTESIAN_POINT('',(14.769867228709,-302.2350889901,
    179.89654511142));
#899 = CARTESIAN_POINT('',(14.701164061367,-302.1553260213,
    179.84760233315));
#900 = CARTESIAN_POINT('',(14.632460894148,-302.0764027406,
    179.7976226221));
#901 = CARTESIAN_POINT('',(14.563757727026,-301.9984604063,
    179.74643153627));
#902 = CARTESIAN_POINT('',(14.495054560047,-301.9213073869,
    179.69426572438));
#903 = CARTESIAN_POINT('',(14.426351393128,-301.8449531606,
    179.64111347926));
#904 = CARTESIAN_POINT('',(14.357648226359,-301.7694899789,
    179.5868608813));
#905 = CARTESIAN_POINT('',(14.288945059671,-301.6948327415,
    179.53161301979));
#906 = CARTESIAN_POINT('',(14.220241893105,-301.6210334942,
    179.47530562389));
#907 = CARTESIAN_POINT('',(14.151538726645,-301.5480845886,
    179.41794813834));
#908 = CARTESIAN_POINT('',(15.618398121918,-303.0967893151,
    180.34511420237));
#909 = CARTESIAN_POINT('',(15.549694953581,-303.009232447,
    180.30579613442));
#910 = CARTESIAN_POINT('',(15.480991785314,-302.922505429,
    180.26545328074));
#911 = CARTESIAN_POINT('',(15.41228861727,-302.8367314453,
    180.22393352619));
#912 = CARTESIAN_POINT('',(15.34358544909,-302.7513810927,
    180.18189062056));
#913 = CARTESIAN_POINT('',(15.274882281431,-302.6678795325,
    180.13756464581));
#914 = CARTESIAN_POINT('',(15.206179113372,-302.5838600242,
    180.09387827713));
#915 = CARTESIAN_POINT('',(15.137475945891,-302.5019048006,
    180.04764272312));
#916 = CARTESIAN_POINT('',(15.068772778227,-302.420305045,
    180.00096819824));
#917 = CARTESIAN_POINT('',(15.00006961081,-302.339638159,179.95314167021
    ));
#918 = CARTESIAN_POINT('',(14.862663276105,-302.1800489738,
    179.8553342186));
#919 = CARTESIAN_POINT('',(14.793960108929,-302.1011482299,
    179.80532667677));
#920 = CARTESIAN_POINT('',(14.725256941667,-302.0230410073,
    179.75433921136));
#921 = CARTESIAN_POINT('',(14.656553774928,-301.9460186281,
    179.70201207318));
#922 = CARTESIAN_POINT('',(14.587850607708,-301.8696921108,
    179.64882560801));
#923 = CARTESIAN_POINT('',(14.51914744124,-301.7941594126,
    179.59465885765));
#924 = CARTESIAN_POINT('',(14.450444274317,-301.7195713902,
    179.53932552201));
#925 = CARTESIAN_POINT('',(14.381741107889,-301.6457434243,
    179.48305359065));
#926 = CARTESIAN_POINT('',(14.313037941373,-301.5727930663,
    179.42569789885));
#927 = CARTESIAN_POINT('',(14.244334775033,-301.5006924591,
    179.36729284704));
#928 = CARTESIAN_POINT('',(15.711194168163,-303.032639149,
    180.31515346142));
#929 = CARTESIAN_POINT('',(15.642490999903,-302.9459534625,
    180.27475956754));
#930 = CARTESIAN_POINT('',(15.573787831889,-302.860052605,180.2333964917
    ));
#931 = CARTESIAN_POINT('',(15.505084663647,-302.7754326256,
    180.19045163851));
#932 = CARTESIAN_POINT('',(15.436381496055,-302.6900449091,
    180.14845489908));
#933 = CARTESIAN_POINT('',(15.367678327855,-302.6085407831,
    180.10166225733));
#934 = CARTESIAN_POINT('',(15.298975160645,-302.5245252287,
    180.05797102949));
#935 = CARTESIAN_POINT('',(15.230271992614,-302.4437923519,
    180.01022598366));
#936 = CARTESIAN_POINT('',(15.161568825503,-302.3630174631,
    179.96253283175));
#937 = CARTESIAN_POINT('',(15.092865657995,-302.2831770699,
    179.91368566466));
#938 = CARTESIAN_POINT('',(14.955459323607,-302.1252918132,
    179.81377402734));
#939 = CARTESIAN_POINT('',(14.886756156287,-302.0473010953,
    179.76264268796));
#940 = CARTESIAN_POINT('',(14.81805298979,-301.969832246,179.710866904)
  );
#941 = CARTESIAN_POINT('',(14.749349821991,-301.8940283676,
    179.65703501652));
#942 = CARTESIAN_POINT('',(14.68064665642,-301.8182165273,179.6032129979
    ));
#943 = CARTESIAN_POINT('',(14.611943488508,-301.7436913122,
    179.54780208516));
#944 = CARTESIAN_POINT('',(14.543240322906,-301.6699760829,
    179.49139094447));
#945 = CARTESIAN_POINT('',(14.474537155881,-301.5968994232,
    179.43419121939));
#946 = CARTESIAN_POINT('',(14.405833989745,-301.5248183166,
    179.37576208724));
#947 = CARTESIAN_POINT('',(14.337130823461,-301.4535701106,
    179.31630440247));
#948 = CARTESIAN_POINT('',(15.80399021442,-302.9686927775,
    180.28494105343));
#949 = CARTESIAN_POINT('',(15.735287046354,-302.8828401887,
    180.24351836836));
#950 = CARTESIAN_POINT('',(15.666583878087,-302.7978941045,
    180.20097622255));
#951 = CARTESIAN_POINT('',(15.59788071074,-302.7133399288,
    180.15795015291));
#952 = CARTESIAN_POINT('',(15.529177542046,-302.6312697617,
    180.11185648593));
#953 = CARTESIAN_POINT('',(15.460474375743,-302.5484848946,
    180.06664552491));
#954 = CARTESIAN_POINT('',(15.391771206507,-302.4658293322,
    180.0212747644));
#955 = CARTESIAN_POINT('',(15.323068040426,-302.385981207,
    179.97243717737));
#956 = CARTESIAN_POINT('',(15.254364872226,-302.3057871052,
    179.92402679543));
#957 = CARTESIAN_POINT('',(15.185661705364,-302.2269850622,
    179.87389737009));
#958 = CARTESIAN_POINT('',(15.048255370947,-302.0708293546,
    179.7718499048));
#959 = CARTESIAN_POINT('',(14.979552204366,-301.9935302637,
    179.71986448416));
#960 = CARTESIAN_POINT('',(14.910849036334,-301.9172561854,
    179.66661324185));
#961 = CARTESIAN_POINT('',(14.842145871607,-301.8421694967,
    179.61189575224));
#962 = CARTESIAN_POINT('',(14.773442702259,-301.7669449745,
    179.55734838206));
#963 = CARTESIAN_POINT('',(14.704739538313,-301.6936390961,
    179.50043176731));
#964 = CARTESIAN_POINT('',(14.636036369811,-301.6200701724,
    179.44383991724));
#965 = CARTESIAN_POINT('',(14.567333204651,-301.548487797,
    179.38479491107));
#966 = CARTESIAN_POINT('',(14.498630037956,-301.477122363,
    179.32548198792));
#967 = CARTESIAN_POINT('',(14.42992687191,-301.4067106771,
    179.26499128286));
#968 = CARTESIAN_POINT('',(15.896786260761,-302.9052007433,
    180.25416758405));
#969 = CARTESIAN_POINT('',(15.828083092669,-302.8202803138,
    180.21159376513));
#970 = CARTESIAN_POINT('',(15.759379925093,-302.7358684655,
    180.16839192569));
#971 = CARTESIAN_POINT('',(15.690676756674,-302.6543459349,
    180.12162197627));
#972 = CARTESIAN_POINT('',(15.621973589556,-302.5649822716,
    180.08453522657));
#973 = CARTESIAN_POINT('',(15.553270421074,-302.4916274878,
    180.0276788393));
#974 = CARTESIAN_POINT('',(15.48456725526,-302.4074254891,
    179.98421793718));
#975 = CARTESIAN_POINT('',(15.415864086235,-302.3282569186,
    179.93454107306));
#976 = CARTESIAN_POINT('',(15.347160920124,-302.2492696173,
    179.88464044529));
#977 = CARTESIAN_POINT('',(15.278457752478,-302.1710735435,
    179.83376269707));
#978 = CARTESIAN_POINT('',(15.141051418709,-302.0166420916,
    179.72958594839));
#979 = CARTESIAN_POINT('',(15.072348251157,-301.9403827449,
    179.67631652389));
#980 = CARTESIAN_POINT('',(15.003645086086,-301.8649530597,
    179.6220225977));
#981 = CARTESIAN_POINT('',(14.934941916353,-301.7898336349,
    179.56734542551));
#982 = CARTESIAN_POINT('',(14.866238753663,-301.7164625079,179.510509427
    ));
#983 = CARTESIAN_POINT('',(14.797535583429,-301.6433155287,
    179.45339646813));
#984 = CARTESIAN_POINT('',(14.728832420067,-301.5723062465,
    179.39364378335));
#985 = CARTESIAN_POINT('',(14.660129252042,-301.4998616052,
    179.33566355879));
#986 = CARTESIAN_POINT('',(14.591426086566,-301.4296493644,
    179.27492656496));
#987 = CARTESIAN_POINT('',(14.52272292042,-301.360128982,179.21333518421
    ));
#988 = CARTESIAN_POINT('',(15.989582307066,-302.8416836129,
    180.22342510446));
#989 = CARTESIAN_POINT('',(15.920879139262,-302.7576751321,
    180.17972512844));
#990 = CARTESIAN_POINT('',(15.852175971171,-302.6748308908,
    180.13458739248));
#991 = CARTESIAN_POINT('',(15.783472804251,-302.592093674,
    180.08931760105));
#992 = CARTESIAN_POINT('',(15.714769636056,-302.5162923303,
    180.03548246564));
#993 = CARTESIAN_POINT('',(15.646066468945,-302.4241750131,
    180.00179627247));
#994 = CARTESIAN_POINT('',(15.577363300686,-302.3523531364,
    179.94304687515));
#995 = CARTESIAN_POINT('',(15.508660134637,-302.2698645734,
    179.89747002667));
#996 = CARTESIAN_POINT('',(15.439956966566,-302.1928171885,
    179.84517373065));
#997 = CARTESIAN_POINT('',(15.371253800038,-302.115469945,
    179.79324777601));
#998 = CARTESIAN_POINT('',(15.233847465962,-301.9626943401,
    179.68702620934));
#999 = CARTESIAN_POINT('',(15.165144299863,-301.8871577389,
    179.63286429094));
#1000 = CARTESIAN_POINT('',(15.096441131341,-301.8121727587,
    179.57802112026));
#1001 = CARTESIAN_POINT('',(15.027737968042,-301.7395626679,
    179.52024530454));
#1002 = CARTESIAN_POINT('',(14.959034797412,-301.664962231,
    179.46492720808));
#1003 = CARTESIAN_POINT('',(14.890331635176,-301.5950162193,
    179.40386152195));
#1004 = CARTESIAN_POINT('',(14.821628465644,-301.5207797885,
    179.34809395283));
#1005 = CARTESIAN_POINT('',(14.752925301416,-301.4522950477,
    179.28522368079));
#1006 = CARTESIAN_POINT('',(14.684222134715,-301.3825137141,
    179.22395454273));
#1007 = CARTESIAN_POINT('',(14.615518968931,-301.3138208236,
    179.16134129293));
#1008 = CARTESIAN_POINT('',(16.082378353441,-302.778442032,
    180.19234234955));
#1009 = CARTESIAN_POINT('',(16.013675185563,-302.6950175577,
    180.14792116984));
#1010 = CARTESIAN_POINT('',(15.944972018089,-302.6122690651,
    180.10266525315));
#1011 = CARTESIAN_POINT('',(15.876268849834,-302.5297571044,
    180.05711713928));
#1012 = CARTESIAN_POINT('',(15.80756568334,-302.4494614404,
    180.00883231483));
#1013 = CARTESIAN_POINT('',(15.738862515196,-302.3727631644,
    179.95610478514));
#1014 = CARTESIAN_POINT('',(15.670159348861,-302.2910024564,
    179.90962915427));
#1015 = CARTESIAN_POINT('',(15.601456180807,-302.2141433427,
    179.8571003154));
#1016 = CARTESIAN_POINT('',(15.532753014471,-302.1364387211,
    179.80561571232));
#1017 = CARTESIAN_POINT('',(15.46404984721,-302.0600960549,
    179.75244918231));
#1018 = CARTESIAN_POINT('',(15.326643513824,-301.9090606988,
    179.64407858487));
#1019 = CARTESIAN_POINT('',(15.257940346585,-301.8343660521,
    179.58887690881));
#1020 = CARTESIAN_POINT('',(15.189237181491,-301.761052249,
    179.53197006974));
#1021 = CARTESIAN_POINT('',(15.12053401241,-301.6866726792,
    179.47637925491));
#1022 = CARTESIAN_POINT('',(15.05183084939,-301.6168189518,
    179.41519960086));
#1023 = CARTESIAN_POINT('',(14.983127679879,-301.5428671334,
    179.3590805472));
#1024 = CARTESIAN_POINT('',(14.914424516266,-301.4750137161,
    179.29543067134));
#1025 = CARTESIAN_POINT('',(14.845721348831,-301.4042470245,
    179.23537834313));
#1026 = CARTESIAN_POINT('',(14.777018183419,-301.3356285948,
    179.17267314669));
#1027 = CARTESIAN_POINT('',(14.708315017517,-301.2678064322,
    179.10898462922));
#1028 = CARTESIAN_POINT('',(16.17517439987,-302.7158245935,
    180.16048883808));
#1029 = CARTESIAN_POINT('',(16.10647123224,-302.633559343,
    180.11463613917));
#1030 = CARTESIAN_POINT('',(16.037768064566,-302.552293202,
    180.06754961416));
#1031 = CARTESIAN_POINT('',(15.969064897431,-302.4718635013,
    180.01943023377));
#1032 = CARTESIAN_POINT('',(15.900361729514,-302.3912466239,
    179.97154186738));
#1033 = CARTESIAN_POINT('',(15.831658562845,-302.3121887984,
    179.92172840556));
#1034 = CARTESIAN_POINT('',(15.762955395127,-302.2341838139,
    179.87061460081));
#1035 = CARTESIAN_POINT('',(15.694252228635,-302.1569453487,
    179.81855435837));
#1036 = CARTESIAN_POINT('',(15.625549061352,-302.0805531446,
    179.76544899055));
#1037 = CARTESIAN_POINT('',(15.556845894748,-302.0050235353,
    179.71127843024));
#1038 = CARTESIAN_POINT('',(15.419439561261,-301.8556720097,
    179.60082845948));
#1039 = CARTESIAN_POINT('',(15.350736395003,-301.7818931471,
    179.54449589763));
#1040 = CARTESIAN_POINT('',(15.282033227703,-301.708658622,
    179.48749110411));
#1041 = CARTESIAN_POINT('',(15.21333006281,-301.6373431791,
    179.42811648803));
#1042 = CARTESIAN_POINT('',(15.144626894733,-301.564930432,
    179.37009685191));
#1043 = CARTESIAN_POINT('',(15.075923730353,-301.4957267349,
    179.30811443901));
#1044 = CARTESIAN_POINT('',(15.007220563021,-301.4253509961,
    179.24757931503));
#1045 = CARTESIAN_POINT('',(14.938517397814,-301.3567927401,
    179.1847998155));
#1046 = CARTESIAN_POINT('',(14.869814231749,-301.2890607772,
    179.12099990736));
#1047 = CARTESIAN_POINT('',(14.801111066117,-301.222122813,
    179.05621949292));
#1048 = CARTESIAN_POINT('',(16.267970446306,-302.6531291094,
    180.12873170602));
#1049 = CARTESIAN_POINT('',(16.199267278716,-302.5715746106,
    180.08200129211));
#1050 = CARTESIAN_POINT('',(16.130564111312,-302.4908596586,
    180.0342341293));
#1051 = CARTESIAN_POINT('',(16.061860943822,-302.4109942513,
    179.98541783185));
#1052 = CARTESIAN_POINT('',(15.993157776818,-302.3322518272,
    179.93521481571));
#1053 = CARTESIAN_POINT('',(15.924454609428,-302.2540983762,
    179.88428439616));
#1054 = CARTESIAN_POINT('',(15.855751442665,-302.1768415731,
    179.83224678388));
#1055 = CARTESIAN_POINT('',(15.78704827553,-302.1004302864,
    179.77916498052));
#1056 = CARTESIAN_POINT('',(15.718345108894,-302.024889727,
    179.72500794591));
#1057 = CARTESIAN_POINT('',(15.649641942122,-301.9502114273,
    179.66978609164));
#1058 = CARTESIAN_POINT('',(15.512235609021,-301.8025761882,
    179.5572166768));
#1059 = CARTESIAN_POINT('',(15.443532442413,-301.7296118223,
    179.49987827957));
#1060 = CARTESIAN_POINT('',(15.374829276424,-301.6575573214,
    179.44141630168));
#1061 = CARTESIAN_POINT('',(15.306126109556,-301.5862109009,
    179.38207988316));
#1062 = CARTESIAN_POINT('',(15.237422944188,-301.5159034664,
    179.3214604616));
#1063 = CARTESIAN_POINT('',(15.168719777444,-301.44637921,
    179.25987384367));
#1064 = CARTESIAN_POINT('',(15.100016612049,-301.3775109857,
    179.19747712782));
#1065 = CARTESIAN_POINT('',(15.031313445965,-301.3099364221,
    179.13348284351));
#1066 = CARTESIAN_POINT('',(14.962610280386,-301.242887381,
    179.06883960021));
#1067 = CARTESIAN_POINT('',(14.893907114776,-301.1767530727,
    179.00306674712));
#1068 = CARTESIAN_POINT('',(16.360766492793,-302.5908893024,
    180.09641185672));
#1069 = CARTESIAN_POINT('',(16.292063325337,-302.510211008,
    180.04859941742));
#1070 = CARTESIAN_POINT('',(16.223360157962,-302.4303970727,
    179.99971957596));
#1071 = CARTESIAN_POINT('',(16.154656990786,-302.3514792605,
    179.94973311694));
#1072 = CARTESIAN_POINT('',(16.085953823555,-302.2733652628,
    179.8987540099));
#1073 = CARTESIAN_POINT('',(16.017250656664,-302.1961144478,
    179.84670897723));
#1074 = CARTESIAN_POINT('',(15.948547489623,-302.1197333002,
    179.79358996731));
#1075 = CARTESIAN_POINT('',(15.879844322934,-302.044181984,
    179.73944621349));
#1076 = CARTESIAN_POINT('',(15.811141156173,-301.9695051042,
    179.68422260558));
#1077 = CARTESIAN_POINT('',(15.742437989629,-301.8956826965,
    179.6279438115));
#1078 = CARTESIAN_POINT('',(15.605031656679,-301.7497567128,
    179.51326363058));
#1079 = CARTESIAN_POINT('',(15.536328490364,-301.6776519304,
    179.45486373585));
#1080 = CARTESIAN_POINT('',(15.467625324016,-301.6064068422,
    179.39540219805));
#1081 = CARTESIAN_POINT('',(15.398922158058,-301.5360169888,
    179.334884537));
#1082 = CARTESIAN_POINT('',(15.330218991804,-301.4664684558,
    179.27332791325));
#1083 = CARTESIAN_POINT('',(15.26151582612,-301.3978022911,
    179.21068166587));
#1084 = CARTESIAN_POINT('',(15.19281266013,-301.329927052,
    179.14705868829));
#1085 = CARTESIAN_POINT('',(15.124109494547,-301.2629897458,
    179.08227746383));
#1086 = CARTESIAN_POINT('',(15.055406328919,-301.1968630266,
    179.01649523821));
#1087 = CARTESIAN_POINT('',(14.986703163455,-301.1316041373,
    178.94964132847));
#1088 = CARTESIAN_POINT('',(16.546358585847,-302.4669767636,
    180.03107187512));
#1089 = CARTESIAN_POINT('',(16.477655418595,-302.3880180555,
    179.98113591262));
#1090 = CARTESIAN_POINT('',(16.408952251518,-302.3099249937,
    179.93013096375));
#1091 = CARTESIAN_POINT('',(16.340249084359,-302.232655522,
    179.87810895224));
#1092 = CARTESIAN_POINT('',(16.271545917692,-302.1562920865,
    179.8249680915));
#1093 = CARTESIAN_POINT('',(16.202842750574,-302.0807691491,
    179.77078927115));
#1094 = CARTESIAN_POINT('',(16.134139584215,-302.0060792656,
    179.71558173845));
#1095 = CARTESIAN_POINT('',(16.065436417368,-301.9322661417,
    179.65929146928));
#1096 = CARTESIAN_POINT('',(15.996733251064,-301.8592917972,
    179.60196540316));
#1097 = CARTESIAN_POINT('',(15.928030084636,-301.7871815858,
    179.54357221005));
#1098 = CARTESIAN_POINT('',(15.790623752171,-301.6446764277,
    179.42466764219));
#1099 = CARTESIAN_POINT('',(15.721920585966,-301.5742824033,
    179.3641551243));
#1100 = CARTESIAN_POINT('',(15.653217420113,-301.5047478257,
    179.30258128014));
#1101 = CARTESIAN_POINT('',(15.584514253895,-301.4360711338,
    179.239948015));
#1102 = CARTESIAN_POINT('',(15.51581108849,-301.3682587335,
    179.17624745745));
#1103 = CARTESIAN_POINT('',(15.447107922385,-301.3012651567,
    179.11153570363));
#1104 = CARTESIAN_POINT('',(15.378404757127,-301.2351830247,
    179.04569843028));
#1105 = CARTESIAN_POINT('',(15.309701591456,-301.1698721996,
    178.97890864909));
#1106 = CARTESIAN_POINT('',(15.240998426168,-301.1054706427,
    178.91099601948));
#1107 = CARTESIAN_POINT('',(15.1722952609,-301.0419311545,
    178.84201881533));
#1108 = CARTESIAN_POINT('',(16.639154632412,-302.40533296,
    179.99801601946));
#1109 = CARTESIAN_POINT('',(16.570451465341,-302.327253738,
    179.9469939792));
#1110 = CARTESIAN_POINT('',(16.501748298053,-302.2501222397,
    179.89480158077));
#1111 = CARTESIAN_POINT('',(16.433045131818,-302.1732471783,
    179.84229254273));
#1112 = CARTESIAN_POINT('',(16.364341963781,-302.0984483414,
    179.78721949614));
#1113 = CARTESIAN_POINT('',(16.295638798778,-302.0230064482,
    179.7329406704));
#1114 = CARTESIAN_POINT('',(16.226935630431,-301.9497499258,
    179.6759630023));
#1115 = CARTESIAN_POINT('',(16.158232465398,-301.8765233224,
    179.61894848894));
#1116 = CARTESIAN_POINT('',(16.089529298169,-301.8044777839,
    179.56047541134));
#1117 = CARTESIAN_POINT('',(16.020826132274,-301.733210617,
    179.50104114908));
#1118 = CARTESIAN_POINT('',(15.883419799859,-301.5924141711,
    179.38002648371));
#1119 = CARTESIAN_POINT('',(15.814716634133,-301.5228788664,
    179.31845354034));
#1120 = CARTESIAN_POINT('',(15.746013467475,-301.4541886211,
    179.25583699931));
#1121 = CARTESIAN_POINT('',(15.677310302981,-301.3864365712,
    179.19206194519));
#1122 = CARTESIAN_POINT('',(15.608607135529,-301.3193653818,
    179.12744598705));
#1123 = CARTESIAN_POINT('',(15.53990397178,-301.2534581132,
    179.06139283093));
#1124 = CARTESIAN_POINT('',(15.471200804812,-301.1878466452,
    178.99497426548));
#1125 = CARTESIAN_POINT('',(15.402497640325,-301.1235648965,
    178.92691371554));
#1126 = CARTESIAN_POINT('',(15.333794474726,-301.0600436445,
    178.85791397782));
#1127 = CARTESIAN_POINT('',(15.265091309658,-300.9973792235,
    178.78785615415));
#1128 = CARTESIAN_POINT('',(16.731950679013,-302.3439050326,
    179.96469357758));
#1129 = CARTESIAN_POINT('',(16.663247511849,-302.2666142317,
    179.91269790776));
#1130 = CARTESIAN_POINT('',(16.594544345582,-302.1899796612,
    179.85989188209));
#1131 = CARTESIAN_POINT('',(16.525841177107,-302.1152717373,
    179.80470655646));
#1132 = CARTESIAN_POINT('',(16.457138013445,-302.0391312905,
    179.75129042033));
#1133 = CARTESIAN_POINT('',(16.38843484281,-301.9673080203,
    179.69254274515));
#1134 = CARTESIAN_POINT('',(16.319731680561,-301.8927290145,
    179.63719841067));
#1135 = CARTESIAN_POINT('',(16.251028510787,-301.8213489415,
    179.57790347272));
#1136 = CARTESIAN_POINT('',(16.182325346589,-301.7498874597,
    179.51870921248));
#1137 = CARTESIAN_POINT('',(16.11362217962,-301.6795143372,
    179.4581708673));
#1138 = CARTESIAN_POINT('',(15.976215847895,-301.5404370476,
    179.33503322068));
#1139 = CARTESIAN_POINT('',(15.907512681249,-301.4717467816,
    179.27241670718));
#1140 = CARTESIAN_POINT('',(15.838809517253,-301.4039506386,
    179.20869611901));
#1141 = CARTESIAN_POINT('',(15.770106348359,-301.3368565934,
    179.1441083348));
#1142 = CARTESIAN_POINT('',(15.701403187053,-301.2709328101,
    179.07807566646));
#1143 = CARTESIAN_POINT('',(15.632700017129,-301.205329981,
    179.01164631338));
#1144 = CARTESIAN_POINT('',(15.563996855427,-301.142128957,
    178.94225128314));
#1145 = CARTESIAN_POINT('',(15.495293688035,-301.0781359881,
    178.87383399718));
#1146 = CARTESIAN_POINT('',(15.426590523703,-301.0152351969,
    178.80406810088));
#1147 = CARTESIAN_POINT('',(15.35788735848,-300.9532834629,
    178.73313016679));
#1148 = CARTESIAN_POINT('',(16.824746725641,-302.2827948992,
    179.93097869079));
#1149 = CARTESIAN_POINT('',(16.756043558941,-302.2064184912,
    179.87785384458));
#1150 = CARTESIAN_POINT('',(16.687340391135,-302.1311609348,
    179.82334728798));
#1151 = CARTESIAN_POINT('',(16.618637227078,-302.0556099157,
    179.76920324582));
#1152 = CARTESIAN_POINT('',(16.549934055843,-301.9843185437,
    179.70979870899));
#1153 = CARTESIAN_POINT('',(16.481230895518,-301.9071292979,
    179.65767784264));
#1154 = CARTESIAN_POINT('',(16.412527722764,-301.8386798701,
    179.59476373371));
#1155 = CARTESIAN_POINT('',(16.343824561719,-301.7657055208,
    179.53743781493));
#1156 = CARTESIAN_POINT('',(16.275121392433,-301.6957507781,
    179.47638275363));
#1157 = CARTESIAN_POINT('',(16.206418227681,-301.6261173382,
    179.41493101606));
#1158 = CARTESIAN_POINT('',(16.069011895319,-301.4887140021,
    179.28972618054));
#1159 = CARTESIAN_POINT('',(16.000308730684,-301.4208453349,
    179.22609512875));
#1160 = CARTESIAN_POINT('',(15.931605562093,-301.3542986652,
    179.1608314021));
#1161 = CARTESIAN_POINT('',(15.862902401585,-301.2871332907,
    179.09633200967));
#1162 = CARTESIAN_POINT('',(15.794199229421,-301.2241396635,
    179.02668044547));
#1163 = CARTESIAN_POINT('',(15.725496070983,-301.1575291006,
    178.96149601901));
#1164 = CARTESIAN_POINT('',(15.656792899846,-301.0927778227,
    178.89401501443));
#1165 = CARTESIAN_POINT('',(15.588089738258,-301.0314359388,
    178.82232412978));
#1166 = CARTESIAN_POINT('',(15.5193865719,-300.9698887997,
    178.75088650706));
#1167 = CARTESIAN_POINT('',(15.450683407283,-300.9091009749,
    178.67851127934));
#1168 = CARTESIAN_POINT('',(16.917542772333,-302.2220178949,
    179.89685242199));
#1169 = CARTESIAN_POINT('',(16.848839605301,-302.1464757505,
    179.84269732878));
#1170 = CARTESIAN_POINT('',(16.78013643971,-302.0715828414,
    179.78774053189));
#1171 = CARTESIAN_POINT('',(16.711433270255,-301.9985996819,
    179.73042525645));
#1172 = CARTESIAN_POINT('',(16.642730108753,-301.9221297727,
    179.67741603714));
#1173 = CARTESIAN_POINT('',(16.574026935932,-301.8565239295,
    179.61099035782));
#1174 = CARTESIAN_POINT('',(16.505323776464,-301.7797330272,
    179.55837758399));
#1175 = CARTESIAN_POINT('',(16.436620604716,-301.7117854456,
    179.49484379292));
#1176 = CARTESIAN_POINT('',(16.367917442102,-301.64153335,
    179.43415608825));
#1177 = CARTESIAN_POINT('',(16.299214274773,-301.5729513816,
    179.37140583017));
#1178 = CARTESIAN_POINT('',(16.161807943758,-301.4373062579,
    179.24402979784));
#1179 = CARTESIAN_POINT('',(16.093104776656,-301.3704403342,
    179.17916037561));
#1180 = CARTESIAN_POINT('',(16.024401614526,-301.3032499783,
    179.11469176533));
#1181 = CARTESIAN_POINT('',(15.955698443111,-301.2414579583,
    179.04355636622));
#1182 = CARTESIAN_POINT('',(15.886995285314,-301.1694860612,
    178.98499271363));
#1183 = CARTESIAN_POINT('',(15.818292112609,-301.1164148348,
    178.90308785155));
#1184 = CARTESIAN_POINT('',(15.749588953814,-301.0490789486,
    178.83879913275));
#1185 = CARTESIAN_POINT('',(15.680885784682,-300.9871187719,
    178.76787145149));
#1186 = CARTESIAN_POINT('',(15.612182621347,-300.9258188639,
    178.69612865827));
#1187 = CARTESIAN_POINT('',(15.543479456183,-300.8655901799,
    178.62306291611));
#1188 = CARTESIAN_POINT('',(17.01033881904,-302.1615331927,
    179.86236518844));
#1189 = CARTESIAN_POINT('',(16.941635652529,-302.0868505268,
    179.80714873356));
#1190 = CARTESIAN_POINT('',(16.87293248508,-302.0132287151,
    179.75062219738));
#1191 = CARTESIAN_POINT('',(16.804229320847,-301.9392832156,
    179.69449547773));
#1192 = CARTESIAN_POINT('',(16.735526150663,-301.8710063979,
    179.63136828755));
#1193 = CARTESIAN_POINT('',(16.666822989452,-301.7936817925,
    179.57941453947));
#1194 = CARTESIAN_POINT('',(16.598119817901,-301.7276898171,
    179.51346575215));
#1195 = CARTESIAN_POINT('',(16.529416656372,-301.6563912454,
    179.45407038317));
#1196 = CARTESIAN_POINT('',(16.460713487691,-301.5880784537,
    179.39098768591));
#1197 = CARTESIAN_POINT('',(16.39201032302,-301.5201212595,
    179.32746594293));
#1198 = CARTESIAN_POINT('',(16.254603991108,-301.3861064306,
    179.19807662976));
#1199 = CARTESIAN_POINT('',(16.185900826773,-301.3200717872,
    179.13218074028));
#1200 = CARTESIAN_POINT('',(16.11719765813,-301.2549436425,
    179.06516525968));
#1201 = CARTESIAN_POINT('',(16.048494498326,-301.1896822326,
    178.99831468179));
#1202 = CARTESIAN_POINT('',(15.979791325945,-301.1298223773,
    178.9247931765));
#1203 = CARTESIAN_POINT('',(15.911088167588,-301.0591782372,
    178.86458986424));
#1204 = CARTESIAN_POINT('',(15.842384997231,-301.0037913636,
    178.78554470003));
#1205 = CARTESIAN_POINT('',(15.773681835721,-300.9414024488,
    178.71514681264));
#1206 = CARTESIAN_POINT('',(15.704978669512,-300.8815571825,
    178.64160753604));
#1207 = CARTESIAN_POINT('',(15.636275505099,-300.8222745577,
    178.56737353358));
#1208 = CARTESIAN_POINT('',(17.103134865803,-302.1013224522,
    179.82753963874));
#1209 = CARTESIAN_POINT('',(17.034431699116,-302.0275131814,
    179.77124461834));
#1210 = CARTESIAN_POINT('',(16.965728533154,-301.9545003603,
    179.71396607563));
#1211 = CARTESIAN_POINT('',(16.897025365471,-301.8827572466,
    179.65511951673));
#1212 = CARTESIAN_POINT('',(16.828322201555,-301.8102226137,
    179.59725051535));
#1213 = CARTESIAN_POINT('',(16.759619032259,-301.7415081032,
    179.53466386816));
#1214 = CARTESIAN_POINT('',(16.690915869575,-301.6710840526,
    179.47418852312));
#1215 = CARTESIAN_POINT('',(16.622212700912,-301.6023778051,
    179.41159170206));
#1216 = CARTESIAN_POINT('',(16.553509536734,-301.5344831015,
    179.34799279972));
#1217 = CARTESIAN_POINT('',(16.48480637035,-301.4675079855,
    179.28325825124));
#1218 = CARTESIAN_POINT('',(16.347400039482,-301.3352370896,
    179.15171536832));
#1219 = CARTESIAN_POINT('',(16.278696873183,-301.2698247124,
    179.08505097515));
#1220 = CARTESIAN_POINT('',(16.209993709929,-301.2057557376,
    179.01672771155));
#1221 = CARTESIAN_POINT('',(16.141290540885,-301.1415063775,
    178.94862698505));
#1222 = CARTESIAN_POINT('',(16.07258738081,-301.0798019235,
    178.87738389952));
#1223 = CARTESIAN_POINT('',(16.003884210759,-301.0184037673,
    178.80576213608));
#1224 = CARTESIAN_POINT('',(15.935181049676,-300.9563782736,
    178.73491547602));
#1225 = CARTESIAN_POINT('',(15.866477882592,-300.8966253764,
    178.6612620923));
#1226 = CARTESIAN_POINT('',(15.797774718803,-300.8373661306,
    178.58699924845));
#1227 = CARTESIAN_POINT('',(15.729071554027,-300.7789953851,
    178.51163913903));
#1228 = CARTESIAN_POINT('',(17.195930912589,-302.0413929685,
    179.79236676409));
#1229 = CARTESIAN_POINT('',(17.127227746159,-301.9684273854,
    179.73502987461));
#1230 = CARTESIAN_POINT('',(17.058524579588,-301.8963254763,
    179.67662642607));
#1231 = CARTESIAN_POINT('',(16.989821413888,-301.8250435999,
    179.61721033439));
#1232 = CARTESIAN_POINT('',(16.921118246748,-301.7547759066,
    179.5565417866));
#1233 = CARTESIAN_POINT('',(16.852415082054,-301.6849817228,
    179.49528855937));
#1234 = CARTESIAN_POINT('',(16.783711914744,-301.616434949,
    179.43249483543));
#1235 = CARTESIAN_POINT('',(16.71500875001,-301.5482799701,
    179.3692173381));
#1236 = CARTESIAN_POINT('',(16.646305583644,-301.4813711633,
    179.3044009049));
#1237 = CARTESIAN_POINT('',(16.577602418332,-301.415186006,
    179.23869085043));
#1238 = CARTESIAN_POINT('',(16.440196087234,-301.2846319766,
    179.10502779387));
#1239 = CARTESIAN_POINT('',(16.371492922222,-301.2202565855,
    179.03708286073));
#1240 = CARTESIAN_POINT('',(16.302789756063,-301.1568072783,
    178.96799425865));
#1241 = CARTESIAN_POINT('',(16.234086592447,-301.0933315061,
    178.89893843746));
#1242 = CARTESIAN_POINT('',(16.165383425437,-301.0331252083,
    178.82584497344));
#1243 = CARTESIAN_POINT('',(16.096680262525,-300.9704324999,
    178.75582217933));
#1244 = CARTESIAN_POINT('',(16.027977096121,-300.9115641086,
    178.68107654257));
#1245 = CARTESIAN_POINT('',(15.959273932391,-300.8519910531,
    178.60720122773));
#1246 = CARTESIAN_POINT('',(15.890570767408,-300.7936720037,
    178.53177726844));
#1247 = CARTESIAN_POINT('',(15.821867603007,-300.7361414632,
    178.45537960137));
#1248 = CARTESIAN_POINT('',(17.288726959416,-301.9817251432,
    179.75687076663));
#1249 = CARTESIAN_POINT('',(17.220023793041,-301.9096112374,
    179.69848213736));
#1250 = CARTESIAN_POINT('',(17.15132062684,-301.8383531204,
    179.63903669277));
#1251 = CARTESIAN_POINT('',(17.08261746056,-301.7679468703,
    179.5785392719));
#1252 = CARTESIAN_POINT('',(17.013914294769,-301.6983500707,
    179.51704226545));
#1253 = CARTESIAN_POINT('',(16.945211128517,-301.62967424,
    179.45440794028));
#1254 = CARTESIAN_POINT('',(16.876507963031,-301.5617274622,
    179.39087331833));
#1255 = CARTESIAN_POINT('',(16.807804797042,-301.4946149118,
    179.32630849576));
#1256 = CARTESIAN_POINT('',(16.739101631612,-301.4284570106,
    179.26056478064));
#1257 = CARTESIAN_POINT('',(16.670398466055,-301.3631516206,
    179.19376829357));
#1258 = CARTESIAN_POINT('',(16.532992135348,-301.2343028165,
    179.05799945276));
#1259 = CARTESIAN_POINT('',(16.464288969988,-301.1707506349,
    178.98903792113));
#1260 = CARTESIAN_POINT('',(16.395585805114,-301.1081355648,
    178.9189191601));
#1261 = CARTESIAN_POINT('',(16.326882639549,-301.0458619734,
    178.84837867875));
#1262 = CARTESIAN_POINT('',(16.258179475351,-300.9856878337,
    178.77524562165));
#1263 = CARTESIAN_POINT('',(16.18947630982,-300.9249506342,
    178.7028078358));
#1264 = CARTESIAN_POINT('',(16.120773145659,-300.8660968687,
    178.62804424096));
#1265 = CARTESIAN_POINT('',(16.052069980775,-300.8076492807,
    178.55277902124));
#1266 = CARTESIAN_POINT('',(15.983366816409,-300.7501601774,
    178.47633018428));
#1267 = CARTESIAN_POINT('',(15.914663652016,-300.693499629,
    178.39885815583));
#1268 = CARTESIAN_POINT('',(17.381523006276,-301.9223276566,
    179.72104092721));
#1269 = CARTESIAN_POINT('',(17.312819840021,-301.8510623174,
    179.66160440056));
#1270 = CARTESIAN_POINT('',(17.244116673875,-301.78065352,
    179.60111012786));
#1271 = CARTESIAN_POINT('',(17.175413507843,-301.7110740411,
    179.53959172713));
#1272 = CARTESIAN_POINT('',(17.106710341907,-301.6423632386,
    179.47700059536));
#1273 = CARTESIAN_POINT('',(17.038007176104,-301.5744813399,
    179.41338584763));
#1274 = CARTESIAN_POINT('',(16.969304010374,-301.5074016991,
    179.34878038941));
#1275 = CARTESIAN_POINT('',(16.900600844781,-301.4411714679,
    179.28312599251));
#1276 = CARTESIAN_POINT('',(16.831897679287,-301.3758485883,
    179.21635110438));
#1277 = CARTESIAN_POINT('',(16.763194513913,-301.3114004608,
    179.14849598215));
#1278 = CARTESIAN_POINT('',(16.625788183388,-301.1842537501,
    179.01062522028));
#1279 = CARTESIAN_POINT('',(16.557085018235,-301.1215508657,
    178.94061489207));
#1280 = CARTESIAN_POINT('',(16.488381853211,-301.0597561236,
    178.86948309644));
#1281 = CARTESIAN_POINT('',(16.419678688237,-300.9985316488,
    178.79764707525));
#1282 = CARTESIAN_POINT('',(16.350975523492,-300.9388425781,
    178.72391498004));
#1283 = CARTESIAN_POINT('',(16.282272358736,-300.8793051372,
    178.64999563555));
#1284 = CARTESIAN_POINT('',(16.213569194177,-300.8211159438,
    178.57441133697));
#1285 = CARTESIAN_POINT('',(16.144866029688,-300.7635788914,
    178.49802170686));
#1286 = CARTESIAN_POINT('',(16.076162865322,-300.7069398191,
    178.42052315875));
#1287 = CARTESIAN_POINT('',(16.007459701062,-300.6511402902,
    178.34198785586));
#1288 = DEFINITIONAL_REPRESENTATION('',(#1289),#1308);
#1289 = B_SPLINE_CURVE_WITH_KNOTS('',3,(#1290,#1291,#1292,#1293,#1294,
    #1295,#1296,#1297,#1298,#1299,#1300,#1301,#1302,#1303,#1304,#1305,
    #1306,#1307),.UNSPECIFIED.,.F.,.F.,(4,2,2,2,2,2,2,2,4),(0.,6.25E-02,
    0.125,0.1875,0.25,0.3125,0.375,0.4375,0.5),.UNSPECIFIED.);
#1290 = CARTESIAN_POINT('',(0.624827018903,0.844036106787));
#1291 = CARTESIAN_POINT('',(0.734730539908,0.762583871587));
#1292 = CARTESIAN_POINT('',(0.826614008758,0.660582319656));
#1293 = CARTESIAN_POINT('',(0.97157205992,0.419000356653));
#1294 = CARTESIAN_POINT('',(1.01822183205,0.290355457783));
#1295 = CARTESIAN_POINT('',(1.05885684554,1.952020120358E-02));
#1296 = CARTESIAN_POINT('',(1.051950054504,-0.116737630004));
#1297 = CARTESIAN_POINT('',(0.983723794017,-0.390367471662));
#1298 = CARTESIAN_POINT('',(0.925731408339,-0.514067932252));
#1299 = CARTESIAN_POINT('',(0.762759505916,-0.734199210213));
#1300 = CARTESIAN_POINT('',(0.66128042943,-0.825854808759));
#1301 = CARTESIAN_POINT('',(0.41893933554,-0.971582988836));
#1302 = CARTESIAN_POINT('',(0.290766571886,-1.018056142754));
#1303 = CARTESIAN_POINT('',(1.92763902653E-02,-1.058581300839));
#1304 = CARTESIAN_POINT('',(-0.116522518408,-1.05155139591));
#1305 = CARTESIAN_POINT('',(-0.390878455658,-0.983151038212));
#1306 = CARTESIAN_POINT('',(-0.514773161992,-0.924995086765));
#1307 = CARTESIAN_POINT('',(-0.624461104053,-0.843944638049));
#1308 = ( GEOMETRIC_REPRESENTATION_CONTEXT(2) 
PARAMETRIC_REPRESENTATION_CONTEXT() REPRESENTATION_CONTEXT('2D SPACE',''
  ) );
#1309 = ORIENTED_EDGE('',*,*,#1310,.T.);
#1310 = EDGE_CURVE('',#810,#808,#1311,.T.);
#1311 = SURFACE_CURVE('',#1312,(#1331,#1385),.PCURVE_S1.);
#1312 = B_SPLINE_CURVE_WITH_KNOTS('',3,(#1313,#1314,#1315,#1316,#1317,
    #1318,#1319,#1320,#1321,#1322,#1323,#1324,#1325,#1326,#1327,#1328,
    #1329,#1330),.UNSPECIFIED.,.F.,.F.,(4,2,2,2,2,2,2,2,4),(0.5,0.5625,
    0.625,0.6875,0.75,0.8125,0.875,0.9375,1.),.UNSPECIFIED.);
#1313 = CARTESIAN_POINT('',(15.76695507194,-302.6437770092,
    180.11630017837));
#1314 = CARTESIAN_POINT('',(15.63057104829,-302.6438995752,
    180.11636056535));
#1315 = CARTESIAN_POINT('',(15.49593469323,-302.618684052,
    180.10420052035));
#1316 = CARTESIAN_POINT('',(15.23563142541,-302.5209448557,
    180.05390924089));
#1317 = CARTESIAN_POINT('',(15.12164714475,-302.4529369151,
    180.01799267313));
#1318 = CARTESIAN_POINT('',(14.92775222682,-302.2833285523,
    179.92007182213));
#1319 = CARTESIAN_POINT('',(14.85210230601,-302.1854595408,
    179.86015503738));
#1320 = CARTESIAN_POINT('',(14.74381555087,-301.9687551792,
    179.7131984899));
#1321 = CARTESIAN_POINT('',(14.71666857571,-301.8607952649,
    179.63343454621));
#1322 = CARTESIAN_POINT('',(14.71636815794,-301.6478785758,
    179.46106795215));
#1323 = CARTESIAN_POINT('',(14.74327738488,-301.5474447415,
    179.37213458679));
#1324 = CARTESIAN_POINT('',(14.85111675092,-301.3585162497,
    179.1907018676));
#1325 = CARTESIAN_POINT('',(14.92640635893,-301.2797170165,
    179.10765232564));
#1326 = CARTESIAN_POINT('',(15.12070653293,-301.148087678,
    178.96153289786));
#1327 = CARTESIAN_POINT('',(15.23363706427,-301.0990881285,
    178.90282189939));
#1328 = CARTESIAN_POINT('',(15.4961031702,-301.0287285452,
    178.81665853862));
#1329 = CARTESIAN_POINT('',(15.62998585077,-301.0117283067,
    178.79468226712));
#1330 = CARTESIAN_POINT('',(15.76651815895,-301.01176717,178.79473160168
    ));
#1331 = PCURVE('',#676,#1332);
#1332 = DEFINITIONAL_REPRESENTATION('',(#1333),#1384);
#1333 = B_SPLINE_CURVE_WITH_KNOTS('',7,(#1334,#1335,#1336,#1337,#1338,
    #1339,#1340,#1341,#1342,#1343,#1344,#1345,#1346,#1347,#1348,#1349,
    #1350,#1351,#1352,#1353,#1354,#1355,#1356,#1357,#1358,#1359,#1360,
    #1361,#1362,#1363,#1364,#1365,#1366,#1367,#1368,#1369,#1370,#1371,
    #1372,#1373,#1374,#1375,#1376,#1377,#1378,#1379,#1380,#1381,#1382,
    #1383),.UNSPECIFIED.,.F.,.F.,(8,6,6,6,6,6,6,6,8),(0.5,0.5625,0.625,
    0.6875,0.75,0.8125,0.875,0.9375,1.),.UNSPECIFIED.);
#1334 = CARTESIAN_POINT('',(4.489495329063,-63.70043691302));
#1335 = CARTESIAN_POINT('',(4.48948300971,-63.64198661712));
#1336 = CARTESIAN_POINT('',(4.490308510846,-63.58387521133));
#1337 = CARTESIAN_POINT('',(4.492001757324,-63.52577751371));
#1338 = CARTESIAN_POINT('',(4.494497205408,-63.46841004691));
#1339 = CARTESIAN_POINT('',(4.497804122147,-63.41167297771));
#1340 = CARTESIAN_POINT('',(4.501983190755,-63.35490707167));
#1341 = CARTESIAN_POINT('',(4.511875693213,-63.24362425458));
#1342 = CARTESIAN_POINT('',(4.517516037228,-63.18985036362));
#1343 = CARTESIAN_POINT('',(4.523792996704,-63.13883931877));
#1344 = CARTESIAN_POINT('',(4.530690635005,-63.09023058904));
#1345 = CARTESIAN_POINT('',(4.538245363997,-63.04374799662));
#1346 = CARTESIAN_POINT('',(4.54648563341,-62.99963449704));
#1347 = CARTESIAN_POINT('',(4.564115370101,-62.91672855667));
#1348 = CARTESIAN_POINT('',(4.573481178434,-62.87804227228));
#1349 = CARTESIAN_POINT('',(4.583346088292,-62.84261703265));
#1350 = CARTESIAN_POINT('',(4.593645773004,-62.81032675877));
#1351 = CARTESIAN_POINT('',(4.604444912996,-62.7809729174));
#1352 = CARTESIAN_POINT('',(4.615839348945,-62.75458033265));
#1353 = CARTESIAN_POINT('',(4.63939843666,-62.70830131806));
#1354 = CARTESIAN_POINT('',(4.651375322391,-62.68879006453));
#1355 = CARTESIAN_POINT('',(4.663355784081,-62.67341412854));
#1356 = CARTESIAN_POINT('',(4.675407281091,-62.66182780243));
#1357 = CARTESIAN_POINT('',(4.687604704443,-62.65394493083));
#1358 = CARTESIAN_POINT('',(4.699919238435,-62.65006317358));
#1359 = CARTESIAN_POINT('',(4.724580516504,-62.64993724217));
#1360 = CARTESIAN_POINT('',(4.736962229068,-62.65378658709));
#1361 = CARTESIAN_POINT('',(4.748910536717,-62.66123008952));
#1362 = CARTESIAN_POINT('',(4.761311824092,-62.67318828585));
#1363 = CARTESIAN_POINT('',(4.773041344082,-62.68812411566));
#1364 = CARTESIAN_POINT('',(4.785091776729,-62.70763680693));
#1365 = CARTESIAN_POINT('',(4.808658045616,-62.75372050855));
#1366 = CARTESIAN_POINT('',(4.820117787661,-62.78018809253));
#1367 = CARTESIAN_POINT('',(4.830666611851,-62.8087550977));
#1368 = CARTESIAN_POINT('',(4.841310612142,-62.84195449738));
#1369 = CARTESIAN_POINT('',(4.850920227762,-62.87654842157));
#1370 = CARTESIAN_POINT('',(4.86038922368,-62.91553942408));
#1371 = CARTESIAN_POINT('',(4.878078432893,-62.99853714987));
#1372 = CARTESIAN_POINT('',(4.886390795309,-63.04300140143));
#1373 = CARTESIAN_POINT('',(4.893775008998,-63.08799122485));
#1374 = CARTESIAN_POINT('',(4.900897281851,-63.13828984556));
#1375 = CARTESIAN_POINT('',(4.907014008088,-63.18788372775));
#1376 = CARTESIAN_POINT('',(4.91273716717,-63.24229497061));
#1377 = CARTESIAN_POINT('',(4.922739179028,-63.35441101026));
#1378 = CARTESIAN_POINT('',(4.926963807267,-63.41149575723));
#1379 = CARTESIAN_POINT('',(4.930276344408,-63.46816683777));
#1380 = CARTESIAN_POINT('',(4.932770185704,-63.52541220107));
#1381 = CARTESIAN_POINT('',(4.934467801413,-63.58347036243));
#1382 = CARTESIAN_POINT('',(4.935288309019,-63.6414861536));
#1383 = CARTESIAN_POINT('',(4.935282651327,-63.69999999999));
#1384 = ( GEOMETRIC_REPRESENTATION_CONTEXT(2) 
PARAMETRIC_REPRESENTATION_CONTEXT() REPRESENTATION_CONTEXT('2D SPACE',''
  ) );
#1385 = PCURVE('',#887,#1386);
#1386 = DEFINITIONAL_REPRESENTATION('',(#1387),#1406);
#1387 = B_SPLINE_CURVE_WITH_KNOTS('',3,(#1388,#1389,#1390,#1391,#1392,
    #1393,#1394,#1395,#1396,#1397,#1398,#1399,#1400,#1401,#1402,#1403,
    #1404,#1405),.UNSPECIFIED.,.F.,.F.,(4,2,2,2,2,2,2,2,4),(0.5,0.5625,
    0.625,0.6875,0.75,0.8125,0.875,0.9375,1.),.UNSPECIFIED.);
#1388 = CARTESIAN_POINT('',(-0.624461104053,-0.843944638049));
#1389 = CARTESIAN_POINT('',(-0.734149046122,-0.762894189328));
#1390 = CARTESIAN_POINT('',(-0.826138014426,-0.660877966491));
#1391 = CARTESIAN_POINT('',(-0.971304847867,-0.419498264418));
#1392 = CARTESIAN_POINT('',(-1.01801033691,-0.291028795167));
#1393 = CARTESIAN_POINT('',(-1.058733015858,-2.018995122176E-02));
#1394 = CARTESIAN_POINT('',(-1.051833155714,0.116257230126));
#1395 = CARTESIAN_POINT('',(-0.983611525501,0.390369505191));
#1396 = CARTESIAN_POINT('',(-0.925631937141,0.514294748593));
#1397 = CARTESIAN_POINT('',(-0.762860216394,0.734633607334));
#1398 = CARTESIAN_POINT('',(-0.661483830462,0.826328835572));
#1399 = CARTESIAN_POINT('',(-0.419500315464,0.97192068486));
#1400 = CARTESIAN_POINT('',(-0.29144994506,1.018338095543));
#1401 = CARTESIAN_POINT('',(-1.970375238098E-02,1.058831555662));
#1402 = CARTESIAN_POINT('',(0.115701875544,1.051928723049));
#1403 = CARTESIAN_POINT('',(0.39144641434,0.983267158408));
#1404 = CARTESIAN_POINT('',(0.515135647623,0.925331112554));
#1405 = CARTESIAN_POINT('',(0.624827018903,0.844036106787));
#1406 = ( GEOMETRIC_REPRESENTATION_CONTEXT(2) 
PARAMETRIC_REPRESENTATION_CONTEXT() REPRESENTATION_CONTEXT('2D SPACE',''
  ) );
#1407 = ADVANCED_FACE('',(#1408),#887,.T.);
#1408 = FACE_BOUND('',#1409,.F.);
#1409 = EDGE_LOOP('',(#1410,#1411));
#1410 = ORIENTED_EDGE('',*,*,#807,.T.);
#1411 = ORIENTED_EDGE('',*,*,#1310,.T.);
#1412 = ADVANCED_FACE('',(#1413),#791,.T.);
#1413 = FACE_BOUND('',#1414,.T.);
#1414 = EDGE_LOOP('',(#1415,#1439,#1472,#1494));
#1415 = ORIENTED_EDGE('',*,*,#1416,.F.);
#1416 = EDGE_CURVE('',#1417,#632,#1419,.T.);
#1417 = VERTEX_POINT('',#1418);
#1418 = CARTESIAN_POINT('',(18.06651815877,-308.0459629747,
    178.52998760911));
#1419 = SURFACE_CURVE('',#1420,(#1425,#1432),.PCURVE_S1.);
#1420 = CIRCLE('',#1421,0.5);
#1421 = AXIS2_PLACEMENT_3D('',#1422,#1423,#1424);
#1422 = CARTESIAN_POINT('',(17.56651815877,-308.0459629747,
    178.52998760911));
#1423 = DIRECTION('',(-1.654199475802E-11,-0.629318389469,
    -0.777147582301));
#1424 = DIRECTION('',(-1.276313835775E-25,0.777147582301,-0.629318389469
    ));
#1425 = PCURVE('',#791,#1426);
#1426 = DEFINITIONAL_REPRESENTATION('',(#1427),#1431);
#1427 = LINE('',#1428,#1429);
#1428 = CARTESIAN_POINT('',(3.141592653591,3.14159265358));
#1429 = VECTOR('',#1430,1.);
#1430 = DIRECTION('',(-7.322343666756E-14,1.));
#1431 = ( GEOMETRIC_REPRESENTATION_CONTEXT(2) 
PARAMETRIC_REPRESENTATION_CONTEXT() REPRESENTATION_CONTEXT('2D SPACE',''
  ) );
#1432 = PCURVE('',#648,#1433);
#1433 = DEFINITIONAL_REPRESENTATION('',(#1434),#1438);
#1434 = LINE('',#1435,#1436);
#1435 = CARTESIAN_POINT('',(3.141592653591,3.14159265358));
#1436 = VECTOR('',#1437,1.);
#1437 = DIRECTION('',(-7.322343666756E-14,1.));
#1438 = ( GEOMETRIC_REPRESENTATION_CONTEXT(2) 
PARAMETRIC_REPRESENTATION_CONTEXT() REPRESENTATION_CONTEXT('2D SPACE',''
  ) );
#1439 = ORIENTED_EDGE('',*,*,#1440,.T.);
#1440 = EDGE_CURVE('',#1417,#1441,#1443,.T.);
#1441 = VERTEX_POINT('',#1442);
#1442 = CARTESIAN_POINT('',(18.06651815894,-301.4402085251,
    173.18078129862));
#1443 = SURFACE_CURVE('',#1444,(#1449,#1456),.PCURVE_S1.);
#1444 = CIRCLE('',#1445,4.25);
#1445 = AXIS2_PLACEMENT_3D('',#1446,#1447,#1448);
#1446 = CARTESIAN_POINT('',(18.06651815885,-304.7430857499,
    175.85538445386));
#1447 = DIRECTION('',(-1.,2.628718675401E-11,-1.306410413969E-15));
#1448 = DIRECTION('',(2.042984577947E-11,0.777147582301,-0.629318389469)
  );
#1449 = PCURVE('',#791,#1450);
#1450 = DEFINITIONAL_REPRESENTATION('',(#1451),#1455);
#1451 = LINE('',#1452,#1453);
#1452 = CARTESIAN_POINT('',(-1.018740647396E-12,4.712388980417));
#1453 = VECTOR('',#1454,1.);
#1454 = DIRECTION('',(1.,-6.821370964831E-12));
#1455 = ( GEOMETRIC_REPRESENTATION_CONTEXT(2) 
PARAMETRIC_REPRESENTATION_CONTEXT() REPRESENTATION_CONTEXT('2D SPACE',''
  ) );
#1456 = PCURVE('',#1457,#1462);
#1457 = PLANE('',#1458);
#1458 = AXIS2_PLACEMENT_3D('',#1459,#1460,#1461);
#1459 = CARTESIAN_POINT('',(18.06651815894,-301.4402085251,
    173.18078129862));
#1460 = DIRECTION('',(1.,-2.628718675401E-11,1.306410413971E-15));
#1461 = DIRECTION('',(-1.654199475801E-11,-0.629318389469,
    -0.777147582301));
#1462 = DEFINITIONAL_REPRESENTATION('',(#1463),#1471);
#1463 = ( BOUNDED_CURVE() B_SPLINE_CURVE(2,(#1464,#1465,#1466,#1467,
#1468,#1469,#1470),.UNSPECIFIED.,.T.,.F.) B_SPLINE_CURVE_WITH_KNOTS((1,2
    ,2,2,2,1),(-2.094395102393,0.,2.094395102393,4.188790204786,
6.28318530718,8.377580409573),.UNSPECIFIED.) CURVE() 
GEOMETRIC_REPRESENTATION_ITEM() RATIONAL_B_SPLINE_CURVE((1.,0.5,1.,0.5,
1.,0.5,1.)) REPRESENTATION_ITEM('') );
#1464 = CARTESIAN_POINT('',(2.979838598094E-12,1.146638339833E-12));
#1465 = CARTESIAN_POINT('',(7.361215932171,1.146638339833E-12));
#1466 = CARTESIAN_POINT('',(3.680607966087,-6.374999999999));
#1467 = CARTESIAN_POINT('',(2.980879552182E-12,-12.74999999999));
#1468 = CARTESIAN_POINT('',(-3.680607966081,-6.374999999999));
#1469 = CARTESIAN_POINT('',(-7.361215932165,1.140421090895E-12));
#1470 = CARTESIAN_POINT('',(2.979838598094E-12,1.146638339833E-12));
#1471 = ( GEOMETRIC_REPRESENTATION_CONTEXT(2) 
PARAMETRIC_REPRESENTATION_CONTEXT() REPRESENTATION_CONTEXT('2D SPACE',''
  ) );
#1472 = ORIENTED_EDGE('',*,*,#1473,.T.);
#1473 = EDGE_CURVE('',#1441,#630,#1474,.T.);
#1474 = SURFACE_CURVE('',#1475,(#1480,#1487),.PCURVE_S1.);
#1475 = CIRCLE('',#1476,0.5);
#1476 = AXIS2_PLACEMENT_3D('',#1477,#1478,#1479);
#1477 = CARTESIAN_POINT('',(17.56651815894,-301.4402085251,
    173.18078129862));
#1478 = DIRECTION('',(1.654199475802E-11,0.629318389469,0.777147582301)
  );
#1479 = DIRECTION('',(1.340937321131E-25,-0.777147582301,0.629318389469)
  );
#1480 = PCURVE('',#791,#1481);
#1481 = DEFINITIONAL_REPRESENTATION('',(#1482),#1486);
#1482 = LINE('',#1483,#1484);
#1483 = CARTESIAN_POINT('',(6.28318530718,3.141592653592));
#1484 = VECTOR('',#1485,1.);
#1485 = DIRECTION('',(0.,1.));
#1486 = ( GEOMETRIC_REPRESENTATION_CONTEXT(2) 
PARAMETRIC_REPRESENTATION_CONTEXT() REPRESENTATION_CONTEXT('2D SPACE',''
  ) );
#1487 = PCURVE('',#648,#1488);
#1488 = DEFINITIONAL_REPRESENTATION('',(#1489),#1493);
#1489 = LINE('',#1490,#1491);
#1490 = CARTESIAN_POINT('',(0.,3.141592653592));
#1491 = VECTOR('',#1492,1.);
#1492 = DIRECTION('',(0.,1.));
#1493 = ( GEOMETRIC_REPRESENTATION_CONTEXT(2) 
PARAMETRIC_REPRESENTATION_CONTEXT() REPRESENTATION_CONTEXT('2D SPACE',''
  ) );
#1494 = ORIENTED_EDGE('',*,*,#776,.F.);
#1495 = ADVANCED_FACE('',(#1496,#1525),#1457,.T.);
#1496 = FACE_BOUND('',#1497,.T.);
#1497 = EDGE_LOOP('',(#1498,#1524));
#1498 = ORIENTED_EDGE('',*,*,#1499,.F.);
#1499 = EDGE_CURVE('',#1441,#1417,#1500,.T.);
#1500 = SURFACE_CURVE('',#1501,(#1506,#1517),.PCURVE_S1.);
#1501 = CIRCLE('',#1502,4.25);
#1502 = AXIS2_PLACEMENT_3D('',#1503,#1504,#1505);
#1503 = CARTESIAN_POINT('',(18.06651815885,-304.7430857499,
    175.85538445386));
#1504 = DIRECTION('',(-1.,2.628718675401E-11,-1.306410413969E-15));
#1505 = DIRECTION('',(2.042984577947E-11,0.777147582301,-0.629318389469)
  );
#1506 = PCURVE('',#1457,#1507);
#1507 = DEFINITIONAL_REPRESENTATION('',(#1508),#1516);
#1508 = ( BOUNDED_CURVE() B_SPLINE_CURVE(2,(#1509,#1510,#1511,#1512,
#1513,#1514,#1515),.UNSPECIFIED.,.T.,.F.) B_SPLINE_CURVE_WITH_KNOTS((1,2
    ,2,2,2,1),(-2.094395102393,0.,2.094395102393,4.188790204786,
6.28318530718,8.377580409573),.UNSPECIFIED.) CURVE() 
GEOMETRIC_REPRESENTATION_ITEM() RATIONAL_B_SPLINE_CURVE((1.,0.5,1.,0.5,
1.,0.5,1.)) REPRESENTATION_ITEM('') );
#1509 = CARTESIAN_POINT('',(2.979838598094E-12,1.146638339833E-12));
#1510 = CARTESIAN_POINT('',(7.361215932171,1.146638339833E-12));
#1511 = CARTESIAN_POINT('',(3.680607966087,-6.374999999999));
#1512 = CARTESIAN_POINT('',(2.980879552182E-12,-12.74999999999));
#1513 = CARTESIAN_POINT('',(-3.680607966081,-6.374999999999));
#1514 = CARTESIAN_POINT('',(-7.361215932165,1.140421090895E-12));
#1515 = CARTESIAN_POINT('',(2.979838598094E-12,1.146638339833E-12));
#1516 = ( GEOMETRIC_REPRESENTATION_CONTEXT(2) 
PARAMETRIC_REPRESENTATION_CONTEXT() REPRESENTATION_CONTEXT('2D SPACE',''
  ) );
#1517 = PCURVE('',#648,#1518);
#1518 = DEFINITIONAL_REPRESENTATION('',(#1519),#1523);
#1519 = LINE('',#1520,#1521);
#1520 = CARTESIAN_POINT('',(0.,4.712388980374));
#1521 = VECTOR('',#1522,1.);
#1522 = DIRECTION('',(1.,6.821370964831E-12));
#1523 = ( GEOMETRIC_REPRESENTATION_CONTEXT(2) 
PARAMETRIC_REPRESENTATION_CONTEXT() REPRESENTATION_CONTEXT('2D SPACE',''
  ) );
#1524 = ORIENTED_EDGE('',*,*,#1440,.F.);
#1525 = FACE_BOUND('',#1526,.T.);
#1526 = EDGE_LOOP('',(#1527,#1558));
#1527 = ORIENTED_EDGE('',*,*,#1528,.F.);
#1528 = EDGE_CURVE('',#1529,#1531,#1533,.T.);
#1529 = VERTEX_POINT('',#1530);
#1530 = CARTESIAN_POINT('',(18.06651815877,-307.7351039418,
    178.27826025332));
#1531 = VERTEX_POINT('',#1532);
#1532 = CARTESIAN_POINT('',(18.06651815893,-301.7510675581,
    173.43250865441));
#1533 = SURFACE_CURVE('',#1534,(#1539,#1546),.PCURVE_S1.);
#1534 = CIRCLE('',#1535,3.85);
#1535 = AXIS2_PLACEMENT_3D('',#1536,#1537,#1538);
#1536 = CARTESIAN_POINT('',(18.06651815885,-304.7430857499,
    175.85538445386));
#1537 = DIRECTION('',(1.,-2.628718675401E-11,1.306410413966E-15));
#1538 = DIRECTION('',(-2.042984577947E-11,-0.777147582301,0.629318389469
    ));
#1539 = PCURVE('',#1457,#1540);
#1540 = DEFINITIONAL_REPRESENTATION('',(#1541),#1545);
#1541 = CIRCLE('',#1542,3.85);
#1542 = AXIS2_PLACEMENT_2D('',#1543,#1544);
#1543 = CARTESIAN_POINT('',(2.97983859953E-12,-4.249999999999));
#1544 = DIRECTION('',(3.379504017909E-22,-1.));
#1545 = ( GEOMETRIC_REPRESENTATION_CONTEXT(2) 
PARAMETRIC_REPRESENTATION_CONTEXT() REPRESENTATION_CONTEXT('2D SPACE',''
  ) );
#1546 = PCURVE('',#1547,#1552);
#1547 = CONICAL_SURFACE('',#1548,3.65,0.785398163397);
#1548 = AXIS2_PLACEMENT_3D('',#1549,#1550,#1551);
#1549 = CARTESIAN_POINT('',(17.86651815885,-304.7430857499,
    175.85538445386));
#1550 = DIRECTION('',(1.,-2.628718675401E-11,1.306410413968E-15));
#1551 = DIRECTION('',(-2.042984577947E-11,-0.777147582301,0.629318389469
    ));
#1552 = DEFINITIONAL_REPRESENTATION('',(#1553),#1557);
#1553 = LINE('',#1554,#1555);
#1554 = CARTESIAN_POINT('',(0.,0.200000000002));
#1555 = VECTOR('',#1556,1.);
#1556 = DIRECTION('',(1.,-1.185143703353E-12));
#1557 = ( GEOMETRIC_REPRESENTATION_CONTEXT(2) 
PARAMETRIC_REPRESENTATION_CONTEXT() REPRESENTATION_CONTEXT('2D SPACE',''
  ) );
#1558 = ORIENTED_EDGE('',*,*,#1559,.F.);
#1559 = EDGE_CURVE('',#1531,#1529,#1560,.T.);
#1560 = SURFACE_CURVE('',#1561,(#1566,#1573),.PCURVE_S1.);
#1561 = CIRCLE('',#1562,3.85);
#1562 = AXIS2_PLACEMENT_3D('',#1563,#1564,#1565);
#1563 = CARTESIAN_POINT('',(18.06651815885,-304.7430857499,
    175.85538445386));
#1564 = DIRECTION('',(1.,-2.628718675401E-11,1.306410413966E-15));
#1565 = DIRECTION('',(-2.042984577947E-11,-0.777147582301,0.629318389469
    ));
#1566 = PCURVE('',#1457,#1567);
#1567 = DEFINITIONAL_REPRESENTATION('',(#1568),#1572);
#1568 = CIRCLE('',#1569,3.85);
#1569 = AXIS2_PLACEMENT_2D('',#1570,#1571);
#1570 = CARTESIAN_POINT('',(2.97983859953E-12,-4.249999999999));
#1571 = DIRECTION('',(3.379504017909E-22,-1.));
#1572 = ( GEOMETRIC_REPRESENTATION_CONTEXT(2) 
PARAMETRIC_REPRESENTATION_CONTEXT() REPRESENTATION_CONTEXT('2D SPACE',''
  ) );
#1573 = PCURVE('',#1574,#1579);
#1574 = CONICAL_SURFACE('',#1575,3.65,0.785398163397);
#1575 = AXIS2_PLACEMENT_3D('',#1576,#1577,#1578);
#1576 = CARTESIAN_POINT('',(17.86651815885,-304.7430857499,
    175.85538445386));
#1577 = DIRECTION('',(1.,-2.628718675401E-11,1.306410413968E-15));
#1578 = DIRECTION('',(-2.042984577947E-11,-0.777147582301,0.629318389469
    ));
#1579 = DEFINITIONAL_REPRESENTATION('',(#1580),#1584);
#1580 = LINE('',#1581,#1582);
#1581 = CARTESIAN_POINT('',(-7.696066006702E-13,0.199999999995));
#1582 = VECTOR('',#1583,1.);
#1583 = DIRECTION('',(1.,1.185143703353E-12));
#1584 = ( GEOMETRIC_REPRESENTATION_CONTEXT(2) 
PARAMETRIC_REPRESENTATION_CONTEXT() REPRESENTATION_CONTEXT('2D SPACE',''
  ) );
#1585 = ADVANCED_FACE('',(#1586),#1574,.F.);
#1586 = FACE_BOUND('',#1587,.F.);
#1587 = EDGE_LOOP('',(#1588,#1611,#1612,#1635));
#1588 = ORIENTED_EDGE('',*,*,#1589,.T.);
#1589 = EDGE_CURVE('',#1590,#1529,#1592,.T.);
#1590 = VERTEX_POINT('',#1591);
#1591 = CARTESIAN_POINT('',(17.86651815878,-307.5796744253,
    178.15239657543));
#1592 = SURFACE_CURVE('',#1593,(#1597,#1604),.PCURVE_S1.);
#1593 = LINE('',#1594,#1595);
#1594 = CARTESIAN_POINT('',(17.86651815878,-307.5796744253,
    178.15239657543));
#1595 = VECTOR('',#1596,1.);
#1596 = DIRECTION('',(0.707106781172,-0.549526325446,0.444995300719));
#1597 = PCURVE('',#1574,#1598);
#1598 = DEFINITIONAL_REPRESENTATION('',(#1599),#1603);
#1599 = LINE('',#1600,#1601);
#1600 = CARTESIAN_POINT('',(6.28318530718,5.495381927292E-12));
#1601 = VECTOR('',#1602,1.);
#1602 = DIRECTION('',(0.,1.));
#1603 = ( GEOMETRIC_REPRESENTATION_CONTEXT(2) 
PARAMETRIC_REPRESENTATION_CONTEXT() REPRESENTATION_CONTEXT('2D SPACE',''
  ) );
#1604 = PCURVE('',#1547,#1605);
#1605 = DEFINITIONAL_REPRESENTATION('',(#1606),#1610);
#1606 = LINE('',#1607,#1608);
#1607 = CARTESIAN_POINT('',(0.,5.495381927292E-12));
#1608 = VECTOR('',#1609,1.);
#1609 = DIRECTION('',(0.,1.));
#1610 = ( GEOMETRIC_REPRESENTATION_CONTEXT(2) 
PARAMETRIC_REPRESENTATION_CONTEXT() REPRESENTATION_CONTEXT('2D SPACE',''
  ) );
#1611 = ORIENTED_EDGE('',*,*,#1559,.F.);
#1612 = ORIENTED_EDGE('',*,*,#1613,.F.);
#1613 = EDGE_CURVE('',#1614,#1531,#1616,.T.);
#1614 = VERTEX_POINT('',#1615);
#1615 = CARTESIAN_POINT('',(17.86651815893,-301.9064970745,
    173.5583723323));
#1616 = SURFACE_CURVE('',#1617,(#1621,#1628),.PCURVE_S1.);
#1617 = LINE('',#1618,#1619);
#1618 = CARTESIAN_POINT('',(17.86651815893,-301.9064970745,
    173.5583723323));
#1619 = VECTOR('',#1620,1.);
#1620 = DIRECTION('',(0.707106781201,0.549526325409,-0.444995300719));
#1621 = PCURVE('',#1574,#1622);
#1622 = DEFINITIONAL_REPRESENTATION('',(#1623),#1627);
#1623 = LINE('',#1624,#1625);
#1624 = CARTESIAN_POINT('',(3.141592653589,-1.084243805846E-12));
#1625 = VECTOR('',#1626,1.);
#1626 = DIRECTION('',(2.486899575175E-13,1.));
#1627 = ( GEOMETRIC_REPRESENTATION_CONTEXT(2) 
PARAMETRIC_REPRESENTATION_CONTEXT() REPRESENTATION_CONTEXT('2D SPACE',''
  ) );
#1628 = PCURVE('',#1547,#1629);
#1629 = DEFINITIONAL_REPRESENTATION('',(#1630),#1634);
#1630 = LINE('',#1631,#1632);
#1631 = CARTESIAN_POINT('',(3.141592653589,-1.084243805846E-12));
#1632 = VECTOR('',#1633,1.);
#1633 = DIRECTION('',(2.486899575175E-13,1.));
#1634 = ( GEOMETRIC_REPRESENTATION_CONTEXT(2) 
PARAMETRIC_REPRESENTATION_CONTEXT() REPRESENTATION_CONTEXT('2D SPACE',''
  ) );
#1635 = ORIENTED_EDGE('',*,*,#1636,.F.);
#1636 = EDGE_CURVE('',#1590,#1614,#1637,.T.);
#1637 = SURFACE_CURVE('',#1638,(#1643,#1650),.PCURVE_S1.);
#1638 = CIRCLE('',#1639,3.65);
#1639 = AXIS2_PLACEMENT_3D('',#1640,#1641,#1642);
#1640 = CARTESIAN_POINT('',(17.86651815885,-304.7430857499,
    175.85538445386));
#1641 = DIRECTION('',(-1.,2.628718675401E-11,-1.306410413966E-15));
#1642 = DIRECTION('',(2.042984577947E-11,0.777147582301,-0.629318389469)
  );
#1643 = PCURVE('',#1574,#1644);
#1644 = DEFINITIONAL_REPRESENTATION('',(#1645),#1649);
#1645 = LINE('',#1646,#1647);
#1646 = CARTESIAN_POINT('',(9.424777960771,-2.553512956639E-14));
#1647 = VECTOR('',#1648,1.);
#1648 = DIRECTION('',(-1.,4.52345554697E-15));
#1649 = ( GEOMETRIC_REPRESENTATION_CONTEXT(2) 
PARAMETRIC_REPRESENTATION_CONTEXT() REPRESENTATION_CONTEXT('2D SPACE',''
  ) );
#1650 = PCURVE('',#1651,#1656);
#1651 = CONICAL_SURFACE('',#1652,3.25,0.785398163397);
#1652 = AXIS2_PLACEMENT_3D('',#1653,#1654,#1655);
#1653 = CARTESIAN_POINT('',(18.26651815885,-304.7430857499,
    175.85538445386));
#1654 = DIRECTION('',(-1.,2.628718675401E-11,-1.306410413968E-15));
#1655 = DIRECTION('',(2.042984577947E-11,0.777147582301,-0.629318389469)
  );
#1656 = DEFINITIONAL_REPRESENTATION('',(#1657),#1661);
#1657 = LINE('',#1658,#1659);
#1658 = CARTESIAN_POINT('',(-9.503509090791E-14,0.400000000001));
#1659 = VECTOR('',#1660,1.);
#1660 = DIRECTION('',(1.,-1.221452426253E-13));
#1661 = ( GEOMETRIC_REPRESENTATION_CONTEXT(2) 
PARAMETRIC_REPRESENTATION_CONTEXT() REPRESENTATION_CONTEXT('2D SPACE',''
  ) );
#1662 = ADVANCED_FACE('',(#1663),#1651,.T.);
#1663 = FACE_BOUND('',#1664,.T.);
#1664 = EDGE_LOOP('',(#1665,#1693,#1726,#1747));
#1665 = ORIENTED_EDGE('',*,*,#1666,.F.);
#1666 = EDGE_CURVE('',#1667,#1590,#1669,.T.);
#1667 = VERTEX_POINT('',#1668);
#1668 = CARTESIAN_POINT('',(18.06651815878,-307.4242449088,
    178.02653289753));
#1669 = SURFACE_CURVE('',#1670,(#1674,#1681),.PCURVE_S1.);
#1670 = LINE('',#1671,#1672);
#1671 = CARTESIAN_POINT('',(18.26651815879,-307.2688153924,
    177.90066921964));
#1672 = VECTOR('',#1673,1.);
#1673 = DIRECTION('',(-0.707106781201,-0.549526325409,0.444995300719));
#1674 = PCURVE('',#1651,#1675);
#1675 = DEFINITIONAL_REPRESENTATION('',(#1676),#1680);
#1676 = LINE('',#1677,#1678);
#1677 = CARTESIAN_POINT('',(3.141592653591,-5.816407513197E-13));
#1678 = VECTOR('',#1679,1.);
#1679 = DIRECTION('',(-2.131628207259E-13,1.));
#1680 = ( GEOMETRIC_REPRESENTATION_CONTEXT(2) 
PARAMETRIC_REPRESENTATION_CONTEXT() REPRESENTATION_CONTEXT('2D SPACE',''
  ) );
#1681 = PCURVE('',#1682,#1687);
#1682 = CONICAL_SURFACE('',#1683,3.25,0.785398163397);
#1683 = AXIS2_PLACEMENT_3D('',#1684,#1685,#1686);
#1684 = CARTESIAN_POINT('',(18.26651815885,-304.7430857499,
    175.85538445386));
#1685 = DIRECTION('',(-1.,2.628718675401E-11,-1.306410413968E-15));
#1686 = DIRECTION('',(2.042984577947E-11,0.777147582301,-0.629318389469)
  );
#1687 = DEFINITIONAL_REPRESENTATION('',(#1688),#1692);
#1688 = LINE('',#1689,#1690);
#1689 = CARTESIAN_POINT('',(3.141592653591,-5.816407513197E-13));
#1690 = VECTOR('',#1691,1.);
#1691 = DIRECTION('',(-2.131628207259E-13,1.));
#1692 = ( GEOMETRIC_REPRESENTATION_CONTEXT(2) 
PARAMETRIC_REPRESENTATION_CONTEXT() REPRESENTATION_CONTEXT('2D SPACE',''
  ) );
#1693 = ORIENTED_EDGE('',*,*,#1694,.T.);
#1694 = EDGE_CURVE('',#1667,#1695,#1697,.T.);
#1695 = VERTEX_POINT('',#1696);
#1696 = CARTESIAN_POINT('',(18.06651815892,-302.061926591,
    173.68423601019));
#1697 = SURFACE_CURVE('',#1698,(#1703,#1710),.PCURVE_S1.);
#1698 = CIRCLE('',#1699,3.45);
#1699 = AXIS2_PLACEMENT_3D('',#1700,#1701,#1702);
#1700 = CARTESIAN_POINT('',(18.06651815885,-304.7430857499,
    175.85538445386));
#1701 = DIRECTION('',(-1.,2.628718675401E-11,-1.306410413969E-15));
#1702 = DIRECTION('',(-2.042984577947E-11,-0.777147582301,0.629318389469
    ));
#1703 = PCURVE('',#1651,#1704);
#1704 = DEFINITIONAL_REPRESENTATION('',(#1705),#1709);
#1705 = LINE('',#1706,#1707);
#1706 = CARTESIAN_POINT('',(3.141592653589,0.200000000002));
#1707 = VECTOR('',#1708,1.);
#1708 = DIRECTION('',(1.,-1.307276451579E-12));
#1709 = ( GEOMETRIC_REPRESENTATION_CONTEXT(2) 
PARAMETRIC_REPRESENTATION_CONTEXT() REPRESENTATION_CONTEXT('2D SPACE',''
  ) );
#1710 = PCURVE('',#1711,#1716);
#1711 = PLANE('',#1712);
#1712 = AXIS2_PLACEMENT_3D('',#1713,#1714,#1715);
#1713 = CARTESIAN_POINT('',(18.06651815894,-301.4402085251,
    173.18078129862));
#1714 = DIRECTION('',(1.,-2.628718675401E-11,1.306410413971E-15));
#1715 = DIRECTION('',(-1.654199475801E-11,-0.629318389469,
    -0.777147582301));
#1716 = DEFINITIONAL_REPRESENTATION('',(#1717),#1725);
#1717 = ( BOUNDED_CURVE() B_SPLINE_CURVE(2,(#1718,#1719,#1720,#1721,
#1722,#1723,#1724),.UNSPECIFIED.,.T.,.F.) B_SPLINE_CURVE_WITH_KNOTS((1,2
    ,2,2,2,1),(-2.094395102393,0.,2.094395102393,4.188790204786,
6.28318530718,8.377580409573),.UNSPECIFIED.) CURVE() 
GEOMETRIC_REPRESENTATION_ITEM() RATIONAL_B_SPLINE_CURVE((1.,0.5,1.,0.5,
1.,0.5,1.)) REPRESENTATION_ITEM('') );
#1718 = CARTESIAN_POINT('',(2.979838600696E-12,-7.699999999999));
#1719 = CARTESIAN_POINT('',(-5.97557528611,-7.699999999999));
#1720 = CARTESIAN_POINT('',(-2.987787643053,-2.524999999999));
#1721 = CARTESIAN_POINT('',(2.978993590907E-12,2.650000000001));
#1722 = CARTESIAN_POINT('',(2.987787643059,-2.524999999999));
#1723 = CARTESIAN_POINT('',(5.975575286116,-7.699999999999));
#1724 = CARTESIAN_POINT('',(2.979838600696E-12,-7.699999999999));
#1725 = ( GEOMETRIC_REPRESENTATION_CONTEXT(2) 
PARAMETRIC_REPRESENTATION_CONTEXT() REPRESENTATION_CONTEXT('2D SPACE',''
  ) );
#1726 = ORIENTED_EDGE('',*,*,#1727,.T.);
#1727 = EDGE_CURVE('',#1695,#1614,#1728,.T.);
#1728 = SURFACE_CURVE('',#1729,(#1733,#1740),.PCURVE_S1.);
#1729 = LINE('',#1730,#1731);
#1730 = CARTESIAN_POINT('',(18.26651815892,-302.2173561074,
    173.81009968809));
#1731 = VECTOR('',#1732,1.);
#1732 = DIRECTION('',(-0.707106781172,0.549526325446,-0.444995300719));
#1733 = PCURVE('',#1651,#1734);
#1734 = DEFINITIONAL_REPRESENTATION('',(#1735),#1739);
#1735 = LINE('',#1736,#1737);
#1736 = CARTESIAN_POINT('',(6.28318530718,-6.229538091388E-12));
#1737 = VECTOR('',#1738,1.);
#1738 = DIRECTION('',(0.,1.));
#1739 = ( GEOMETRIC_REPRESENTATION_CONTEXT(2) 
PARAMETRIC_REPRESENTATION_CONTEXT() REPRESENTATION_CONTEXT('2D SPACE',''
  ) );
#1740 = PCURVE('',#1682,#1741);
#1741 = DEFINITIONAL_REPRESENTATION('',(#1742),#1746);
#1742 = LINE('',#1743,#1744);
#1743 = CARTESIAN_POINT('',(0.,-6.229538091388E-12));
#1744 = VECTOR('',#1745,1.);
#1745 = DIRECTION('',(0.,1.));
#1746 = ( GEOMETRIC_REPRESENTATION_CONTEXT(2) 
PARAMETRIC_REPRESENTATION_CONTEXT() REPRESENTATION_CONTEXT('2D SPACE',''
  ) );
#1747 = ORIENTED_EDGE('',*,*,#1636,.F.);
#1748 = ADVANCED_FACE('',(#1749,#1817),#1711,.T.);
#1749 = FACE_BOUND('',#1750,.T.);
#1750 = EDGE_LOOP('',(#1751,#1786));
#1751 = ORIENTED_EDGE('',*,*,#1752,.T.);
#1752 = EDGE_CURVE('',#1753,#1755,#1757,.T.);
#1753 = VERTEX_POINT('',#1754);
#1754 = CARTESIAN_POINT('',(18.0665181589,-302.8002167942,
    174.28208848019));
#1755 = VERTEX_POINT('',#1756);
#1756 = CARTESIAN_POINT('',(18.0665181588,-306.6859547056,
    177.42868042757));
#1757 = SURFACE_CURVE('',#1758,(#1763,#1774),.PCURVE_S1.);
#1758 = CIRCLE('',#1759,2.5);
#1759 = AXIS2_PLACEMENT_3D('',#1760,#1761,#1762);
#1760 = CARTESIAN_POINT('',(18.06651815885,-304.7430857499,
    175.85538445386));
#1761 = DIRECTION('',(-1.,2.628718675401E-11,-1.306410413973E-15));
#1762 = DIRECTION('',(2.042984577947E-11,0.777147582301,-0.629318389469)
  );
#1763 = PCURVE('',#1711,#1764);
#1764 = DEFINITIONAL_REPRESENTATION('',(#1765),#1773);
#1765 = ( BOUNDED_CURVE() B_SPLINE_CURVE(2,(#1766,#1767,#1768,#1769,
#1770,#1771,#1772),.UNSPECIFIED.,.T.,.F.) B_SPLINE_CURVE_WITH_KNOTS((1,2
    ,2,2,2,1),(-2.094395102393,0.,2.094395102393,4.188790204786,
6.28318530718,8.377580409573),.UNSPECIFIED.) CURVE() 
GEOMETRIC_REPRESENTATION_ITEM() RATIONAL_B_SPLINE_CURVE((1.,0.5,1.,0.5,
1.,0.5,1.)) REPRESENTATION_ITEM('') );
#1766 = CARTESIAN_POINT('',(2.979838598685E-12,-1.749999999999));
#1767 = CARTESIAN_POINT('',(4.330127018925,-1.749999999999));
#1768 = CARTESIAN_POINT('',(2.165063509464,-5.499999999999));
#1769 = CARTESIAN_POINT('',(2.98045092462E-12,-9.249999999999));
#1770 = CARTESIAN_POINT('',(-2.165063509458,-5.499999999999));
#1771 = CARTESIAN_POINT('',(-4.330127018919,-1.749999999999));
#1772 = CARTESIAN_POINT('',(2.979838598685E-12,-1.749999999999));
#1773 = ( GEOMETRIC_REPRESENTATION_CONTEXT(2) 
PARAMETRIC_REPRESENTATION_CONTEXT() REPRESENTATION_CONTEXT('2D SPACE',''
  ) );
#1774 = PCURVE('',#1775,#1780);
#1775 = CYLINDRICAL_SURFACE('',#1776,2.5);
#1776 = AXIS2_PLACEMENT_3D('',#1777,#1778,#1779);
#1777 = CARTESIAN_POINT('',(-47.93348184114,-304.7430857482,
    175.85538445386));
#1778 = DIRECTION('',(-1.,2.628718675401E-11,-1.306410413968E-15));
#1779 = DIRECTION('',(2.042984577947E-11,0.777147582301,-0.629318389469)
  );
#1780 = DEFINITIONAL_REPRESENTATION('',(#1781),#1785);
#1781 = LINE('',#1782,#1783);
#1782 = CARTESIAN_POINT('',(0.,-65.99999999999));
#1783 = VECTOR('',#1784,1.);
#1784 = DIRECTION('',(1.,0.));
#1785 = ( GEOMETRIC_REPRESENTATION_CONTEXT(2) 
PARAMETRIC_REPRESENTATION_CONTEXT() REPRESENTATION_CONTEXT('2D SPACE',''
  ) );
#1786 = ORIENTED_EDGE('',*,*,#1787,.T.);
#1787 = EDGE_CURVE('',#1755,#1753,#1788,.T.);
#1788 = SURFACE_CURVE('',#1789,(#1794,#1805),.PCURVE_S1.);
#1789 = CIRCLE('',#1790,2.5);
#1790 = AXIS2_PLACEMENT_3D('',#1791,#1792,#1793);
#1791 = CARTESIAN_POINT('',(18.06651815885,-304.7430857499,
    175.85538445386));
#1792 = DIRECTION('',(-1.,2.628718675401E-11,-1.306410413973E-15));
#1793 = DIRECTION('',(2.042984577947E-11,0.777147582301,-0.629318389469)
  );
#1794 = PCURVE('',#1711,#1795);
#1795 = DEFINITIONAL_REPRESENTATION('',(#1796),#1804);
#1796 = ( BOUNDED_CURVE() B_SPLINE_CURVE(2,(#1797,#1798,#1799,#1800,
#1801,#1802,#1803),.UNSPECIFIED.,.T.,.F.) B_SPLINE_CURVE_WITH_KNOTS((1,2
    ,2,2,2,1),(-2.094395102393,0.,2.094395102393,4.188790204786,
6.28318530718,8.377580409573),.UNSPECIFIED.) CURVE() 
GEOMETRIC_REPRESENTATION_ITEM() RATIONAL_B_SPLINE_CURVE((1.,0.5,1.,0.5,
1.,0.5,1.)) REPRESENTATION_ITEM('') );
#1797 = CARTESIAN_POINT('',(2.979838598685E-12,-1.749999999999));
#1798 = CARTESIAN_POINT('',(4.330127018925,-1.749999999999));
#1799 = CARTESIAN_POINT('',(2.165063509464,-5.499999999999));
#1800 = CARTESIAN_POINT('',(2.98045092462E-12,-9.249999999999));
#1801 = CARTESIAN_POINT('',(-2.165063509458,-5.499999999999));
#1802 = CARTESIAN_POINT('',(-4.330127018919,-1.749999999999));
#1803 = CARTESIAN_POINT('',(2.979838598685E-12,-1.749999999999));
#1804 = ( GEOMETRIC_REPRESENTATION_CONTEXT(2) 
PARAMETRIC_REPRESENTATION_CONTEXT() REPRESENTATION_CONTEXT('2D SPACE',''
  ) );
#1805 = PCURVE('',#1806,#1811);
#1806 = CYLINDRICAL_SURFACE('',#1807,2.5);
#1807 = AXIS2_PLACEMENT_3D('',#1808,#1809,#1810);
#1808 = CARTESIAN_POINT('',(-47.93348184114,-304.7430857482,
    175.85538445386));
#1809 = DIRECTION('',(-1.,2.628718675401E-11,-1.306410413968E-15));
#1810 = DIRECTION('',(2.042984577947E-11,0.777147582301,-0.629318389469)
  );
#1811 = DEFINITIONAL_REPRESENTATION('',(#1812),#1816);
#1812 = LINE('',#1813,#1814);
#1813 = CARTESIAN_POINT('',(-1.298960938811E-12,-65.99999999999));
#1814 = VECTOR('',#1815,1.);
#1815 = DIRECTION('',(1.,0.));
#1816 = ( GEOMETRIC_REPRESENTATION_CONTEXT(2) 
PARAMETRIC_REPRESENTATION_CONTEXT() REPRESENTATION_CONTEXT('2D SPACE',''
  ) );
#1817 = FACE_BOUND('',#1818,.T.);
#1818 = EDGE_LOOP('',(#1819,#1845));
#1819 = ORIENTED_EDGE('',*,*,#1820,.F.);
#1820 = EDGE_CURVE('',#1695,#1667,#1821,.T.);
#1821 = SURFACE_CURVE('',#1822,(#1827,#1838),.PCURVE_S1.);
#1822 = CIRCLE('',#1823,3.45);
#1823 = AXIS2_PLACEMENT_3D('',#1824,#1825,#1826);
#1824 = CARTESIAN_POINT('',(18.06651815885,-304.7430857499,
    175.85538445386));
#1825 = DIRECTION('',(-1.,2.628718675401E-11,-1.306410413969E-15));
#1826 = DIRECTION('',(-2.042984577947E-11,-0.777147582301,0.629318389469
    ));
#1827 = PCURVE('',#1711,#1828);
#1828 = DEFINITIONAL_REPRESENTATION('',(#1829),#1837);
#1829 = ( BOUNDED_CURVE() B_SPLINE_CURVE(2,(#1830,#1831,#1832,#1833,
#1834,#1835,#1836),.UNSPECIFIED.,.T.,.F.) B_SPLINE_CURVE_WITH_KNOTS((1,2
    ,2,2,2,1),(-2.094395102393,0.,2.094395102393,4.188790204786,
6.28318530718,8.377580409573),.UNSPECIFIED.) CURVE() 
GEOMETRIC_REPRESENTATION_ITEM() RATIONAL_B_SPLINE_CURVE((1.,0.5,1.,0.5,
1.,0.5,1.)) REPRESENTATION_ITEM('') );
#1830 = CARTESIAN_POINT('',(2.979838600696E-12,-7.699999999999));
#1831 = CARTESIAN_POINT('',(-5.97557528611,-7.699999999999));
#1832 = CARTESIAN_POINT('',(-2.987787643053,-2.524999999999));
#1833 = CARTESIAN_POINT('',(2.978993590907E-12,2.650000000001));
#1834 = CARTESIAN_POINT('',(2.987787643059,-2.524999999999));
#1835 = CARTESIAN_POINT('',(5.975575286116,-7.699999999999));
#1836 = CARTESIAN_POINT('',(2.979838600696E-12,-7.699999999999));
#1837 = ( GEOMETRIC_REPRESENTATION_CONTEXT(2) 
PARAMETRIC_REPRESENTATION_CONTEXT() REPRESENTATION_CONTEXT('2D SPACE',''
  ) );
#1838 = PCURVE('',#1682,#1839);
#1839 = DEFINITIONAL_REPRESENTATION('',(#1840),#1844);
#1840 = LINE('',#1841,#1842);
#1841 = CARTESIAN_POINT('',(-3.14159265359,0.199999999994));
#1842 = VECTOR('',#1843,1.);
#1843 = DIRECTION('',(1.,1.30727645158E-12));
#1844 = ( GEOMETRIC_REPRESENTATION_CONTEXT(2) 
PARAMETRIC_REPRESENTATION_CONTEXT() REPRESENTATION_CONTEXT('2D SPACE',''
  ) );
#1845 = ORIENTED_EDGE('',*,*,#1694,.F.);
#1846 = ADVANCED_FACE('',(#1847,#2302),#1806,.F.);
#1847 = FACE_BOUND('',#1848,.F.);
#1848 = EDGE_LOOP('',(#1849,#2004));
#1849 = ORIENTED_EDGE('',*,*,#1850,.F.);
#1850 = EDGE_CURVE('',#1851,#1853,#1855,.T.);
#1851 = VERTEX_POINT('',#1852);
#1852 = CARTESIAN_POINT('',(15.76583332591,-304.1312860035,
    178.27936930794));
#1853 = VERTEX_POINT('',#1854);
#1854 = CARTESIAN_POINT('',(15.76651815891,-302.499276769,
    176.95780055388));
#1855 = SURFACE_CURVE('',#1856,(#1879,#1948),.PCURVE_S1.);
#1856 = B_SPLINE_CURVE_WITH_KNOTS('',3,(#1857,#1858,#1859,#1860,#1861,
    #1862,#1863,#1864,#1865,#1866,#1867,#1868,#1869,#1870,#1871,#1872,
    #1873,#1874,#1875,#1876,#1877,#1878),.UNSPECIFIED.,.F.,.F.,(4,2,2,2,
    2,2,2,2,2,2,4),(0.5,0.53125,0.5625,0.625,0.6875,0.75,0.8125,0.875,
    0.90625,0.9375,1.),.UNSPECIFIED.);
#1857 = CARTESIAN_POINT('',(15.76514062626,-304.1312857264,
    178.2793689281));
#1858 = CARTESIAN_POINT('',(15.83264499061,-304.1313204165,
    178.27937768367));
#1859 = CARTESIAN_POINT('',(15.89986073369,-304.1241319759,
    178.27759762246));
#1860 = CARTESIAN_POINT('',(16.03371497733,-304.0954081961,
    178.27007577881));
#1861 = CARTESIAN_POINT('',(16.10181066345,-304.0732436306,
    178.26415113053));
#1862 = CARTESIAN_POINT('',(16.29648874459,-303.9894843135,
    178.23980604923));
#1863 = CARTESIAN_POINT('',(16.41141271322,-303.912033538,
    178.21536933415));
#1864 = CARTESIAN_POINT('',(16.60544775613,-303.7245881758,
    178.14073762255));
#1865 = CARTESIAN_POINT('',(16.68123306573,-303.6179052079,
    178.09177106855));
#1866 = CARTESIAN_POINT('',(16.78939244884,-303.3884498655,
    177.96071529795));
#1867 = CARTESIAN_POINT('',(16.81646088779,-303.2766787051,
    177.88474880961));
#1868 = CARTESIAN_POINT('',(16.81657471584,-303.064246971,
    177.71284768741));
#1869 = CARTESIAN_POINT('',(16.78957158906,-302.9666623612,
    177.61944045952));
#1870 = CARTESIAN_POINT('',(16.68151731564,-302.7900661873,
    177.42168207411));
#1871 = CARTESIAN_POINT('',(16.60673943272,-302.7204650588,
    177.32827915082));
#1872 = CARTESIAN_POINT('',(16.46019814875,-302.6354803346,
    177.20097084119));
#1873 = CARTESIAN_POINT('',(16.40734347593,-302.6114717661,
    177.16222424761));
#1874 = CARTESIAN_POINT('',(16.29361897398,-302.5706506099,
    177.09317845324));
#1875 = CARTESIAN_POINT('',(16.23408473037,-302.5541199475,
    177.06340600572));
#1876 = CARTESIAN_POINT('',(16.03544575188,-302.5118761411,
    176.98465550007));
#1877 = CARTESIAN_POINT('',(15.90166122567,-302.4992330757,
    176.95771162238));
#1878 = CARTESIAN_POINT('',(15.76651815891,-302.499276769,
    176.95780055388));
#1879 = PCURVE('',#1806,#1880);
#1880 = DEFINITIONAL_REPRESENTATION('',(#1881),#1947);
#1881 = B_SPLINE_CURVE_WITH_KNOTS('',10,(#1882,#1883,#1884,#1885,#1886,
    #1887,#1888,#1889,#1890,#1891,#1892,#1893,#1894,#1895,#1896,#1897,
    #1898,#1899,#1900,#1901,#1902,#1903,#1904,#1905,#1906,#1907,#1908,
    #1909,#1910,#1911,#1912,#1913,#1914,#1915,#1916,#1917,#1918,#1919,
    #1920,#1921,#1922,#1923,#1924,#1925,#1926,#1927,#1928,#1929,#1930,
    #1931,#1932,#1933,#1934,#1935,#1936,#1937,#1938,#1939,#1940,#1941,
    #1942,#1943,#1944,#1945,#1946),.UNSPECIFIED.,.F.,.F.,(11,9,9,9,9,9,9
    ,11),(0.500106892737,0.624999998645,0.687499998871,0.749999999097,
    0.812499999322,0.874999999548,0.937499999774,1.),.UNSPECIFIED.);
#1882 = CARTESIAN_POINT('',(4.278944031989,-63.69931516696));
#1883 = CARTESIAN_POINT('',(4.278952771205,-63.78024606614));
#1884 = CARTESIAN_POINT('',(4.2820398457,-63.86053474391));
#1885 = CARTESIAN_POINT('',(4.289200199728,-63.94473234201));
#1886 = CARTESIAN_POINT('',(4.295365998867,-64.00723358501));
#1887 = CARTESIAN_POINT('',(4.315095995977,-64.12571864768));
#1888 = CARTESIAN_POINT('',(4.324690503447,-64.16895658555));
#1889 = CARTESIAN_POINT('',(4.345365763061,-64.25813516441));
#1890 = CARTESIAN_POINT('',(4.364108356822,-64.31974978176));
#1891 = CARTESIAN_POINT('',(4.386479688662,-64.38385608361));
#1892 = CARTESIAN_POINT('',(4.422708362264,-64.4709649166));
#1893 = CARTESIAN_POINT('',(4.435276460457,-64.49869865244));
#1894 = CARTESIAN_POINT('',(4.448265380654,-64.52500949848));
#1895 = CARTESIAN_POINT('',(4.461652053661,-64.54985788388));
#1896 = CARTESIAN_POINT('',(4.475440401731,-64.5732473522));
#1897 = CARTESIAN_POINT('',(4.489647236184,-64.59520346196));
#1898 = CARTESIAN_POINT('',(4.504288155037,-64.615752687));
#1899 = CARTESIAN_POINT('',(4.51936344062,-64.634901317));
#1900 = CARTESIAN_POINT('',(4.534843957204,-64.65261435794));
#1901 = CARTESIAN_POINT('',(4.56647014004,-64.68497450716));
#1902 = CARTESIAN_POINT('',(4.582426361175,-64.69942309702));
#1903 = CARTESIAN_POINT('',(4.598449519016,-64.71207830553));
#1904 = CARTESIAN_POINT('',(4.614509401994,-64.72291283406));
#1905 = CARTESIAN_POINT('',(4.630607100861,-64.73192399494));
#1906 = CARTESIAN_POINT('',(4.646760329557,-64.73912372479));
#1907 = CARTESIAN_POINT('',(4.662988746091,-64.7445285973));
#1908 = CARTESIAN_POINT('',(4.679299273413,-64.74814983667));
#1909 = CARTESIAN_POINT('',(4.695671420286,-64.74998333048));
#1910 = CARTESIAN_POINT('',(4.728413784044,-64.75001595534));
#1911 = CARTESIAN_POINT('',(4.7447863584,-64.748211834));
#1912 = CARTESIAN_POINT('',(4.761095869414,-64.74461940701));
#1913 = CARTESIAN_POINT('',(4.777323204669,-64.7392426889));
#1914 = CARTESIAN_POINT('',(4.793478627055,-64.73206882045));
#1915 = CARTESIAN_POINT('',(4.809585806714,-64.72307930851));
#1916 = CARTESIAN_POINT('',(4.825665852926,-64.71226126579));
#1917 = CARTESIAN_POINT('',(4.841721346065,-64.69961865068));
#1918 = CARTESIAN_POINT('',(4.857720369489,-64.6851835071));
#1919 = CARTESIAN_POINT('',(4.88944071347,-64.65287090141));
#1920 = CARTESIAN_POINT('',(4.904950840919,-64.63521392464));
#1921 = CARTESIAN_POINT('',(4.920024830038,-64.61617756623));
#1922 = CARTESIAN_POINT('',(4.934638997469,-64.59578428767));
#1923 = CARTESIAN_POINT('',(4.94881099908,-64.57399261087));
#1924 = CARTESIAN_POINT('',(4.962578758703,-64.55073200996));
#1925 = CARTESIAN_POINT('',(4.97597939694,-64.52593780223));
#1926 = CARTESIAN_POINT('',(4.989028159899,-64.49958604009));
#1927 = CARTESIAN_POINT('',(5.001697347991,-64.47172840206));
#1928 = CARTESIAN_POINT('',(5.026093141379,-64.41332576692));
#1929 = CARTESIAN_POINT('',(5.037868349228,-64.38260583254));
#1930 = CARTESIAN_POINT('',(5.048858881016,-64.35159122467));
#1931 = CARTESIAN_POINT('',(5.059331254258,-64.31909517287));
#1932 = CARTESIAN_POINT('',(5.069352472666,-64.28496542042));
#1933 = CARTESIAN_POINT('',(5.078728964846,-64.25017475046));
#1934 = CARTESIAN_POINT('',(5.08731538608,-64.21534707396));
#1935 = CARTESIAN_POINT('',(5.095296189057,-64.1795093427));
#1936 = CARTESIAN_POINT('',(5.103042869385,-64.14085955055));
#1937 = CARTESIAN_POINT('',(5.117256714136,-64.06182262166));
#1938 = CARTESIAN_POINT('',(5.123662896544,-64.02174437532));
#1939 = CARTESIAN_POINT('',(5.129237697672,-63.98174823697));
#1940 = CARTESIAN_POINT('',(5.133975892802,-63.94186246751));
#1941 = CARTESIAN_POINT('',(5.137915802428,-63.90190134351));
#1942 = CARTESIAN_POINT('',(5.141086562093,-63.86172270004));
#1943 = CARTESIAN_POINT('',(5.143484533243,-63.82134337122));
#1944 = CARTESIAN_POINT('',(5.14507885535,-63.78091252909));
#1945 = CARTESIAN_POINT('',(5.145846139039,-63.74054292011));
#1946 = CARTESIAN_POINT('',(5.145834300454,-63.69999999999));
#1947 = ( GEOMETRIC_REPRESENTATION_CONTEXT(2) 
PARAMETRIC_REPRESENTATION_CONTEXT() REPRESENTATION_CONTEXT('2D SPACE',''
  ) );
#1948 = PCURVE('',#1949,#1954);
#1949 = CYLINDRICAL_SURFACE('',#1950,1.05);
#1950 = AXIS2_PLACEMENT_3D('',#1951,#1952,#1953);
#1951 = CARTESIAN_POINT('',(15.76651815897,-300.2460546686,
    181.40878459412));
#1952 = DIRECTION('',(-1.654199475802E-11,-0.629318389469,
    -0.777147582301));
#1953 = DIRECTION('',(2.043339042941E-11,0.777147582301,-0.629318389469)
  );
#1954 = DEFINITIONAL_REPRESENTATION('',(#1955),#2003);
#1955 = B_SPLINE_CURVE_WITH_KNOTS('',3,(#1956,#1957,#1958,#1959,#1960,
    #1961,#1962,#1963,#1964,#1965,#1966,#1967,#1968,#1969,#1970,#1971,
    #1972,#1973,#1974,#1975,#1976,#1977,#1978,#1979,#1980,#1981,#1982,
    #1983,#1984,#1985,#1986,#1987,#1988,#1989,#1990,#1991,#1992,#1993,
    #1994,#1995,#1996,#1997,#1998,#1999,#2000,#2001,#2002),
  .UNSPECIFIED.,.F.,.F.,(4,1,1,1,1,1,1,1,1,1,1,1,1,1,1,1,1,1,1,1,1,1,1,1
    ,1,1,1,1,1,1,1,1,1,1,1,1,1,1,1,1,1,1,1,1,4),(0.500106892737,
    0.511468099721,0.522829306704,0.534190513687,0.54555172067,
    0.556912927654,0.568274134637,0.57963534162,0.590996548603,
    0.602357755587,0.61371896257,0.625080169553,0.636441376536,
    0.64780258352,0.659163790503,0.670524997486,0.681886204469,
    0.693247411453,0.704608618436,0.715969825419,0.727331032402,
    0.738692239386,0.750053446369,0.761414653352,0.772775860335,
    0.784137067318,0.795498274302,0.806859481285,0.818220688268,
    0.829581895251,0.840943102235,0.852304309218,0.863665516201,
    0.875026723184,0.886387930168,0.897749137151,0.909110344134,
    0.920471551117,0.931832758101,0.943193965084,0.954555172067,
    0.96591637905,0.977277586034,0.988638793017,1.),.UNSPECIFIED.);
#1956 = CARTESIAN_POINT('',(3.142244875917,4.877065214363));
#1957 = CARTESIAN_POINT('',(3.118868426141,4.877062185288));
#1958 = CARTESIAN_POINT('',(3.072208124609,4.876225429365));
#1959 = CARTESIAN_POINT('',(3.001988817156,4.872512262878));
#1960 = CARTESIAN_POINT('',(2.931368370397,4.866423850066));
#1961 = CARTESIAN_POINT('',(2.859004222452,4.857872437765));
#1962 = CARTESIAN_POINT('',(2.785722985255,4.847235026438));
#1963 = CARTESIAN_POINT('',(2.712574556816,4.834891910925));
#1964 = CARTESIAN_POINT('',(2.640476993146,4.821263323351));
#1965 = CARTESIAN_POINT('',(2.569047584007,4.806578410963));
#1966 = CARTESIAN_POINT('',(2.498079743311,4.791092660173));
#1967 = CARTESIAN_POINT('',(2.427343769231,4.775066785266));
#1968 = CARTESIAN_POINT('',(2.356416084426,4.75871424987));
#1969 = CARTESIAN_POINT('',(2.285596123199,4.742432325821));
#1970 = CARTESIAN_POINT('',(2.215074132426,4.726608420878));
#1971 = CARTESIAN_POINT('',(2.14434401329,4.711454969978));
#1972 = CARTESIAN_POINT('',(2.073066174934,4.697228990164));
#1973 = CARTESIAN_POINT('',(2.000962717044,4.684184142875));
#1974 = CARTESIAN_POINT('',(1.927431409114,4.672542929859));
#1975 = CARTESIAN_POINT('',(1.855219987639,4.662959135808));
#1976 = CARTESIAN_POINT('',(1.783757759324,4.655406953902));
#1977 = CARTESIAN_POINT('',(1.712828088945,4.649951964026));
#1978 = CARTESIAN_POINT('',(1.642145820315,4.646634921592));
#1979 = CARTESIAN_POINT('',(1.571285630873,4.6455044932));
#1980 = CARTESIAN_POINT('',(1.500434881974,4.646602524784));
#1981 = CARTESIAN_POINT('',(1.429744813158,4.649885009391));
#1982 = CARTESIAN_POINT('',(1.358774743559,4.655310749324));
#1983 = CARTESIAN_POINT('',(1.287219602979,4.662844183513));
#1984 = CARTESIAN_POINT('',(1.214851211943,4.672424395127));
#1985 = CARTESIAN_POINT('',(1.141075453611,4.684086253748));
#1986 = CARTESIAN_POINT('',(1.069029432113,4.69709444979));
#1987 = CARTESIAN_POINT('',(0.997899727099,4.711274992309));
#1988 = CARTESIAN_POINT('',(0.927268308318,4.726405351776));
#1989 = CARTESIAN_POINT('',(0.856686198768,4.742253540059));
#1990 = CARTESIAN_POINT('',(0.785329024483,4.758673942019));
#1991 = CARTESIAN_POINT('',(0.713900331684,4.775184902193));
#1992 = CARTESIAN_POINT('',(0.643213531781,4.791265574906));
#1993 = CARTESIAN_POINT('',(0.57235042288,4.806761222516));
#1994 = CARTESIAN_POINT('',(0.501808624061,4.821277076421));
#1995 = CARTESIAN_POINT('',(0.430260850281,4.834792894566));
#1996 = CARTESIAN_POINT('',(0.35540829294,4.8474577152));
#1997 = CARTESIAN_POINT('',(0.282595399499,4.857980719526));
#1998 = CARTESIAN_POINT('',(0.21096849778,4.866367311484));
#1999 = CARTESIAN_POINT('',(0.140280325216,4.872482147595));
#2000 = CARTESIAN_POINT('',(7.010036806871E-02,4.876227610492));
#2001 = CARTESIAN_POINT('',(2.33969996724E-02,4.877073154015));
#2002 = CARTESIAN_POINT('',(0.,4.87706558911));
#2003 = ( GEOMETRIC_REPRESENTATION_CONTEXT(2) 
PARAMETRIC_REPRESENTATION_CONTEXT() REPRESENTATION_CONTEXT('2D SPACE',''
  ) );
#2004 = ORIENTED_EDGE('',*,*,#2005,.F.);
#2005 = EDGE_CURVE('',#1853,#1851,#2006,.T.);
#2006 = SURFACE_CURVE('',#2007,(#2054,#2171),.PCURVE_S1.);
#2007 = B_SPLINE_CURVE_WITH_KNOTS('',3,(#2008,#2009,#2010,#2011,#2012,
    #2013,#2014,#2015,#2016,#2017,#2018,#2019,#2020,#2021,#2022,#2023,
    #2024,#2025,#2026,#2027,#2028,#2029,#2030,#2031,#2032,#2033,#2034,
    #2035,#2036,#2037,#2038,#2039,#2040,#2041,#2042,#2043,#2044,#2045,
    #2046,#2047,#2048,#2049,#2050,#2051,#2052,#2053),.UNSPECIFIED.,.F.,
  .F.,(4,2,2,1,1,2,2,2,2,2,2,2,2,2,2,2,2,2,2,2,1,1,2,2,4),(0.,
    3.126483863401E-02,4.689725795102E-02,5.471346760953E-02,
    5.862157243878E-02,6.05756248534E-02,6.252967726803E-02,
    9.379451590194E-02,0.109426935219,0.117243144877,0.125059354536,
    0.187589031804,0.250118709071,0.312648386339,0.343913224973,
    0.35954564429,0.367361853949,0.375178063607,0.406442902241,
    0.422075321558,0.429891531216,0.433799636046,0.43575368846,
    0.437707740875,0.500237418143),.UNSPECIFIED.);
#2008 = CARTESIAN_POINT('',(15.76651815891,-302.499276769,
    176.95780055388));
#2009 = CARTESIAN_POINT('',(15.70605996351,-302.4992799407,
    176.95779663718));
#2010 = CARTESIAN_POINT('',(15.64139288623,-302.5013697566,
    176.9635080892));
#2011 = CARTESIAN_POINT('',(15.54003729854,-302.510173284,
    176.98270421918));
#2012 = CARTESIAN_POINT('',(15.50553929987,-302.5140532026,
    176.99087491424));
#2013 = CARTESIAN_POINT('',(15.45309695758,-302.5215979046,
    177.00603730187));
#2014 = CARTESIAN_POINT('',(15.42670339017,-302.5258012178,
    177.01434488446));
#2015 = CARTESIAN_POINT('',(15.39570665346,-302.5315226606,
    177.02535957951));
#2016 = CARTESIAN_POINT('',(15.38239004477,-302.53415637,177.03036879633
    ));
#2017 = CARTESIAN_POINT('',(15.37350643311,-302.5359532514,
    177.03377298637));
#2018 = CARTESIAN_POINT('',(15.36712122981,-302.5372825301,
    177.03627871343));
#2019 = CARTESIAN_POINT('',(15.32608504142,-302.5459522441,
    177.05258168915));
#2020 = CARTESIAN_POINT('',(15.27572025482,-302.5576803421,
    177.07512623346));
#2021 = CARTESIAN_POINT('',(15.18782792276,-302.5868844386,
    177.12481263494));
#2022 = CARTESIAN_POINT('',(15.1565190311,-302.598579232,177.14403975758
    ));
#2023 = CARTESIAN_POINT('',(15.1077383834,-302.6199611645,
    177.17760640306));
#2024 = CARTESIAN_POINT('',(15.0911797402,-302.6277286603,177.1895831297
    ));
#2025 = CARTESIAN_POINT('',(15.05772379895,-302.6446898199,
    177.21523033698));
#2026 = CARTESIAN_POINT('',(15.03969880652,-302.6545483404,
    177.22987447268));
#2027 = CARTESIAN_POINT('',(14.89783643304,-302.7382030083,
    177.35206399089));
#2028 = CARTESIAN_POINT('',(14.81969225487,-302.8308058856,177.463342275
    ));
#2029 = CARTESIAN_POINT('',(14.7295961383,-303.0087403132,
    177.65579552339));
#2030 = CARTESIAN_POINT('',(14.716583452,-303.0938829944,177.73681750133
    ));
#2031 = CARTESIAN_POINT('',(14.7164533386,-303.2446018621,
    177.85880193654));
#2032 = CARTESIAN_POINT('',(14.72951428466,-303.3426496879,
    177.92605015143));
#2033 = CARTESIAN_POINT('',(14.79744045214,-303.5122158551,
    178.02696310191));
#2034 = CARTESIAN_POINT('',(14.82820721424,-303.5723206227,
    178.06047280873));
#2035 = CARTESIAN_POINT('',(14.8898789693,-303.6644983493,
    178.10782986374));
#2036 = CARTESIAN_POINT('',(14.91301658029,-303.6955454572,
    178.12311836151));
#2037 = CARTESIAN_POINT('',(14.95190823081,-303.7420348583,
    178.1448493732));
#2038 = CARTESIAN_POINT('',(14.96556870862,-303.7575167638,
    178.15189193023));
#2039 = CARTESIAN_POINT('',(14.99432187694,-303.7883455902,
    178.16548909258));
#2040 = CARTESIAN_POINT('',(15.00831233367,-303.8026385026,
    178.17160521026));
#2041 = CARTESIAN_POINT('',(15.0933489466,-303.8844160078,178.2052840392
    ));
#2042 = CARTESIAN_POINT('',(15.16046039393,-303.9328124948,
    178.22281180076));
#2043 = CARTESIAN_POINT('',(15.24808397333,-303.9871244081,
    178.24085581405));
#2044 = CARTESIAN_POINT('',(15.27520363804,-304.0021919912,
    178.24550458406));
#2045 = CARTESIAN_POINT('',(15.3119349137,-304.0210995865,
    178.25112594793));
#2046 = CARTESIAN_POINT('',(15.32931911187,-304.0296283488,
    178.25359739405));
#2047 = CARTESIAN_POINT('',(15.34775677096,-304.0381265347,
    178.25602213645));
#2048 = CARTESIAN_POINT('',(15.35525275545,-304.0414736376,
    178.25697613519));
#2049 = CARTESIAN_POINT('',(15.3601587451,-304.0436412293,
    178.25759461541));
#2050 = CARTESIAN_POINT('',(15.36115484935,-304.0440858565,
    178.25772195754));
#2051 = CARTESIAN_POINT('',(15.50737814858,-304.1072059765,
    178.27576969393));
#2052 = CARTESIAN_POINT('',(15.6455190965,-304.1313294517,
    178.27931636806));
#2053 = CARTESIAN_POINT('',(15.7665181621,-304.1312862775,
    178.27936968347));
#2054 = PCURVE('',#1806,#2055);
#2055 = DEFINITIONAL_REPRESENTATION('',(#2056),#2170);
#2056 = B_SPLINE_CURVE_WITH_KNOTS('',3,(#2057,#2058,#2059,#2060,#2061,
    #2062,#2063,#2064,#2065,#2066,#2067,#2068,#2069,#2070,#2071,#2072,
    #2073,#2074,#2075,#2076,#2077,#2078,#2079,#2080,#2081,#2082,#2083,
    #2084,#2085,#2086,#2087,#2088,#2089,#2090,#2091,#2092,#2093,#2094,
    #2095,#2096,#2097,#2098,#2099,#2100,#2101,#2102,#2103,#2104,#2105,
    #2106,#2107,#2108,#2109,#2110,#2111,#2112,#2113,#2114,#2115,#2116,
    #2117,#2118,#2119,#2120,#2121,#2122,#2123,#2124,#2125,#2126,#2127,
    #2128,#2129,#2130,#2131,#2132,#2133,#2134,#2135,#2136,#2137,#2138,
    #2139,#2140,#2141,#2142,#2143,#2144,#2145,#2146,#2147,#2148,#2149,
    #2150,#2151,#2152,#2153,#2154,#2155,#2156,#2157,#2158,#2159,#2160,
    #2161,#2162,#2163,#2164,#2165,#2166,#2167,#2168,#2169),
  .UNSPECIFIED.,.F.,.F.,(4,1,1,1,1,1,1,1,1,1,1,1,1,1,1,1,1,1,1,1,1,1,1,1
    ,1,1,1,1,1,1,1,1,1,1,1,1,1,1,1,1,1,1,1,1,1,1,1,1,1,1,1,1,1,1,1,1,1,1
    ,1,1,1,1,1,1,1,1,1,1,1,1,1,1,1,1,1,1,1,1,1,1,1,1,1,1,1,1,1,1,1,1,1,1
    ,1,1,1,1,1,1,1,1,1,1,1,1,1,1,1,1,1,1,4),(0.,4.546540728658E-03,
    9.093081457317E-03,1.363962218598E-02,1.818616291463E-02,
    2.273270364329E-02,2.727924437195E-02,3.182578510061E-02,
    3.637232582927E-02,4.091886655793E-02,4.546540728658E-02,
    5.001194801524E-02,5.45584887439E-02,5.910502947256E-02,
    6.365157020122E-02,6.819811092988E-02,7.274465165854E-02,
    7.729119238719E-02,8.183773311585E-02,8.638427384451E-02,
    9.093081457317E-02,9.547735530183E-02,0.10002389603,0.104570436759,
    0.109116977488,0.113663518216,0.118210058945,0.122756599674,
    0.127303140402,0.131849681131,0.13639622186,0.140942762588,
    0.145489303317,0.150035844046,0.154582384774,0.159128925503,
    0.163675466232,0.16822200696,0.172768547689,0.177315088418,
    0.181861629146,0.186408169875,0.190954710604,0.195501251332,
    0.200047792061,0.20459433279,0.209140873518,0.213687414247,
    0.218233954976,0.222780495704,0.227327036433,0.231873577162,
    0.23642011789,0.240966658619,0.245513199348,0.250059740076,
    0.254606280805,0.259152821534,0.263699362262,0.268245902991,
    0.27279244372,0.277338984448,0.281885525177,0.286432065905,
    0.290978606634,0.295525147363,0.300071688091,0.30461822882,
    0.309164769549,0.313711310277,0.318257851006,0.322804391735,
    0.327350932463,0.331897473192,0.336444013921,0.340990554649,
    0.345537095378,0.350083636107,0.354630176835,0.359176717564,
    0.363723258293,0.368269799021,0.37281633975,0.377362880479,
    0.381909421207,0.386455961936,0.391002502665,0.395549043393,
    0.400095584122,0.404642124851,0.409188665579,0.413735206308,
    0.418281747037,0.422828287765,0.427374828494,0.431921369223,
    0.436467909951,0.44101445068,0.445560991409,0.450107532137,
    0.454654072866,0.459200613595,0.463747154323,0.468293695052,
    0.47284023578,0.477386776509,0.481933317238,0.486479857966,
    0.491026398695,0.495572939424,0.500119480152),.UNSPECIFIED.);
#2057 = CARTESIAN_POINT('',(5.145834300454,-63.69999999999));
#2058 = CARTESIAN_POINT('',(5.145834426962,-63.69120815395));
#2059 = CARTESIAN_POINT('',(5.145732318035,-63.67344645061));
#2060 = CARTESIAN_POINT('',(5.145257553538,-63.64629395466));
#2061 = CARTESIAN_POINT('',(5.144446660654,-63.61865559675));
#2062 = CARTESIAN_POINT('',(5.143285154107,-63.59055550427));
#2063 = CARTESIAN_POINT('',(5.141758553004,-63.5620176248));
#2064 = CARTESIAN_POINT('',(5.139852371603,-63.5330665768));
#2065 = CARTESIAN_POINT('',(5.137552087896,-63.50372447497));
#2066 = CARTESIAN_POINT('',(5.134843169209,-63.47402310396));
#2067 = CARTESIAN_POINT('',(5.131711079076,-63.4439998041));
#2068 = CARTESIAN_POINT('',(5.128143085771,-63.41370085629));
#2069 = CARTESIAN_POINT('',(5.124119501615,-63.38312453846));
#2070 = CARTESIAN_POINT('',(5.119646666829,-63.35245721));
#2071 = CARTESIAN_POINT('',(5.114636468243,-63.32121119537));
#2072 = CARTESIAN_POINT('',(5.109353744033,-63.29141814049));
#2073 = CARTESIAN_POINT('',(5.106645939167,-63.27703384125));
#2074 = CARTESIAN_POINT('',(5.102684031206,-63.25671673707));
#2075 = CARTESIAN_POINT('',(5.09844769618,-63.2362674102));
#2076 = CARTESIAN_POINT('',(5.093627855304,-63.2142139403));
#2077 = CARTESIAN_POINT('',(5.088260584093,-63.19103227454));
#2078 = CARTESIAN_POINT('',(5.082288703069,-63.16667939269));
#2079 = CARTESIAN_POINT('',(5.075681303972,-63.14124027654));
#2080 = CARTESIAN_POINT('',(5.068391130979,-63.11481917988));
#2081 = CARTESIAN_POINT('',(5.060370833073,-63.08753472784));
#2082 = CARTESIAN_POINT('',(5.051588384137,-63.05953113536));
#2083 = CARTESIAN_POINT('',(5.041954111224,-63.03082136381));
#2084 = CARTESIAN_POINT('',(5.031591946391,-63.00196918736));
#2085 = CARTESIAN_POINT('',(5.019718379655,-62.97133832222));
#2086 = CARTESIAN_POINT('',(5.008205312588,-62.94376408724));
#2087 = CARTESIAN_POINT('',(4.996577835893,-62.91777328817));
#2088 = CARTESIAN_POINT('',(4.984814358414,-62.89323127285));
#2089 = CARTESIAN_POINT('',(4.972949289198,-62.87013066575));
#2090 = CARTESIAN_POINT('',(4.961002575874,-62.84842998765));
#2091 = CARTESIAN_POINT('',(4.948998558204,-62.8280968974));
#2092 = CARTESIAN_POINT('',(4.93696088197,-62.8090966052));
#2093 = CARTESIAN_POINT('',(4.924913820155,-62.79139497786));
#2094 = CARTESIAN_POINT('',(4.912881873136,-62.77495770437));
#2095 = CARTESIAN_POINT('',(4.900889819273,-62.7597505284));
#2096 = CARTESIAN_POINT('',(4.888962664217,-62.74573915268));
#2097 = CARTESIAN_POINT('',(4.877125530243,-62.7328893891));
#2098 = CARTESIAN_POINT('',(4.865403878235,-62.72116665382));
#2099 = CARTESIAN_POINT('',(4.853822456855,-62.71053783666));
#2100 = CARTESIAN_POINT('',(4.842409014476,-62.70096432867));
#2101 = CARTESIAN_POINT('',(4.831177664335,-62.69236876935));
#2102 = CARTESIAN_POINT('',(4.820133171802,-62.68471428825));
#2103 = CARTESIAN_POINT('',(4.809282385464,-62.67795494446));
#2104 = CARTESIAN_POINT('',(4.798631428141,-62.67204722748));
#2105 = CARTESIAN_POINT('',(4.788186455721,-62.66694697558));
#2106 = CARTESIAN_POINT('',(4.77795344556,-62.66261020159));
#2107 = CARTESIAN_POINT('',(4.767938306813,-62.65899287127));
#2108 = CARTESIAN_POINT('',(4.758146681273,-62.65605096417));
#2109 = CARTESIAN_POINT('',(4.748584667895,-62.65374045172));
#2110 = CARTESIAN_POINT('',(4.739256169483,-62.65201732403));
#2111 = CARTESIAN_POINT('',(4.730172834227,-62.65083750462));
#2112 = CARTESIAN_POINT('',(4.721317002604,-62.65015716464));
#2113 = CARTESIAN_POINT('',(4.712780044675,-62.64993155137));
#2114 = CARTESIAN_POINT('',(4.704246136865,-62.65011935996));
#2115 = CARTESIAN_POINT('',(4.695371621605,-62.6507676421));
#2116 = CARTESIAN_POINT('',(4.68625785153,-62.65191963892));
#2117 = CARTESIAN_POINT('',(4.676887094122,-62.65361961187));
#2118 = CARTESIAN_POINT('',(4.667273625405,-62.65591154902));
#2119 = CARTESIAN_POINT('',(4.657423258764,-62.65883951162));
#2120 = CARTESIAN_POINT('',(4.64734420187,-62.66244754154));
#2121 = CARTESIAN_POINT('',(4.637044155938,-62.66677968503));
#2122 = CARTESIAN_POINT('',(4.626531107213,-62.67187999022));
#2123 = CARTESIAN_POINT('',(4.615813096732,-62.67779249335));
#2124 = CARTESIAN_POINT('',(4.604898374096,-62.68456127626));
#2125 = CARTESIAN_POINT('',(4.593795026213,-62.69223025037));
#2126 = CARTESIAN_POINT('',(4.582512311383,-62.70084396312));
#2127 = CARTESIAN_POINT('',(4.571055686342,-62.71044458832));
#2128 = CARTESIAN_POINT('',(4.559447265612,-62.72108455332));
#2129 = CARTESIAN_POINT('',(4.547710951737,-62.73280630919));
#2130 = CARTESIAN_POINT('',(4.535866503333,-62.74565049367));
#2131 = CARTESIAN_POINT('',(4.523934756852,-62.75965821138));
#2132 = CARTESIAN_POINT('',(4.511936064608,-62.77487051286));
#2133 = CARTESIAN_POINT('',(4.499891105454,-62.79132819806));
#2134 = CARTESIAN_POINT('',(4.487818983529,-62.80907312338));
#2135 = CARTESIAN_POINT('',(4.475745644197,-62.82814143478));
#2136 = CARTESIAN_POINT('',(4.463702270173,-62.84855444031));
#2137 = CARTESIAN_POINT('',(4.451701871689,-62.87037510255));
#2138 = CARTESIAN_POINT('',(4.439819671455,-62.89351607168));
#2139 = CARTESIAN_POINT('',(4.427903109216,-62.9184385859));
#2140 = CARTESIAN_POINT('',(4.416758415439,-62.94329078873));
#2141 = CARTESIAN_POINT('',(4.404335046252,-62.97310191853));
#2142 = CARTESIAN_POINT('',(4.392954521139,-63.00258505285));
#2143 = CARTESIAN_POINT('',(4.38246830388,-63.03177746636));
#2144 = CARTESIAN_POINT('',(4.372858670118,-63.06048715694));
#2145 = CARTESIAN_POINT('',(4.36407301274,-63.08858378798));
#2146 = CARTESIAN_POINT('',(4.356068427099,-63.11591963756));
#2147 = CARTESIAN_POINT('',(4.3487997445,-63.14235485954));
#2148 = CARTESIAN_POINT('',(4.34222322807,-63.16773548991));
#2149 = CARTESIAN_POINT('',(4.336291576318,-63.19201769708));
#2150 = CARTESIAN_POINT('',(4.330970983116,-63.21508177347));
#2151 = CARTESIAN_POINT('',(4.326195165939,-63.23698517469));
#2152 = CARTESIAN_POINT('',(4.322017671118,-63.25713676054));
#2153 = CARTESIAN_POINT('',(4.318057985336,-63.27742777848));
#2154 = CARTESIAN_POINT('',(4.315569645797,-63.29054654709));
#2155 = CARTESIAN_POINT('',(4.310065307048,-63.32157996515));
#2156 = CARTESIAN_POINT('',(4.305139158996,-63.35231332642));
#2157 = CARTESIAN_POINT('',(4.300665245142,-63.38292042231));
#2158 = CARTESIAN_POINT('',(4.296659249306,-63.41331523373));
#2159 = CARTESIAN_POINT('',(4.293099005764,-63.44348135759));
#2160 = CARTESIAN_POINT('',(4.289972591667,-63.47338373726));
#2161 = CARTESIAN_POINT('',(4.28726543395,-63.50299231432));
#2162 = CARTESIAN_POINT('',(4.284963753099,-63.53227569105));
#2163 = CARTESIAN_POINT('',(4.283053626135,-63.56120282863));
#2164 = CARTESIAN_POINT('',(4.281521220691,-63.58974259205));
#2165 = CARTESIAN_POINT('',(4.280352713763,-63.61786387209));
#2166 = CARTESIAN_POINT('',(4.279534292056,-63.64553555261));
#2167 = CARTESIAN_POINT('',(4.279052135552,-63.67272651932));
#2168 = CARTESIAN_POINT('',(4.278945634207,-63.6905126114));
#2169 = CARTESIAN_POINT('',(4.278943809434,-63.69931516691));
#2170 = ( GEOMETRIC_REPRESENTATION_CONTEXT(2) 
PARAMETRIC_REPRESENTATION_CONTEXT() REPRESENTATION_CONTEXT('2D SPACE',''
  ) );
#2171 = PCURVE('',#2172,#2177);
#2172 = CYLINDRICAL_SURFACE('',#2173,1.05);
#2173 = AXIS2_PLACEMENT_3D('',#2174,#2175,#2176);
#2174 = CARTESIAN_POINT('',(15.76651815897,-300.2460546686,
    181.40878459412));
#2175 = DIRECTION('',(-1.654199475802E-11,-0.629318389469,
    -0.777147582301));
#2176 = DIRECTION('',(2.043339042941E-11,0.777147582301,-0.629318389469)
  );
#2177 = DEFINITIONAL_REPRESENTATION('',(#2178),#2301);
#2178 = B_SPLINE_CURVE_WITH_KNOTS('',11,(#2179,#2180,#2181,#2182,#2183,
    #2184,#2185,#2186,#2187,#2188,#2189,#2190,#2191,#2192,#2193,#2194,
    #2195,#2196,#2197,#2198,#2199,#2200,#2201,#2202,#2203,#2204,#2205,
    #2206,#2207,#2208,#2209,#2210,#2211,#2212,#2213,#2214,#2215,#2216,
    #2217,#2218,#2219,#2220,#2221,#2222,#2223,#2224,#2225,#2226,#2227,
    #2228,#2229,#2230,#2231,#2232,#2233,#2234,#2235,#2236,#2237,#2238,
    #2239,#2240,#2241,#2242,#2243,#2244,#2245,#2246,#2247,#2248,#2249,
    #2250,#2251,#2252,#2253,#2254,#2255,#2256,#2257,#2258,#2259,#2260,
    #2261,#2262,#2263,#2264,#2265,#2266,#2267,#2268,#2269,#2270,#2271,
    #2272,#2273,#2274,#2275,#2276,#2277,#2278,#2279,#2280,#2281,#2282,
    #2283,#2284,#2285,#2286,#2287,#2288,#2289,#2290,#2291,#2292,#2293,
    #2294,#2295,#2296,#2297,#2298,#2299,#2300),.UNSPECIFIED.,.F.,.F.,(12
    ,10,10,10,10,10,10,10,10,10,10,10,12),(0.,3.126483863394E-02,
    6.252967726788E-02,9.379451590181E-02,0.125059354536,0.250118709072,
    0.312648386339,0.343913224973,0.375178063607,0.406442902241,
    0.437707740875,0.468972579509,0.500237418143),.UNSPECIFIED.);
#2179 = CARTESIAN_POINT('',(6.28318530718,4.87706558911));
#2180 = CARTESIAN_POINT('',(6.267481879803,4.877066963583));
#2181 = CARTESIAN_POINT('',(6.251563188994,4.876897680073));
#2182 = CARTESIAN_POINT('',(6.235429313716,4.876557743347));
#2183 = CARTESIAN_POINT('',(6.219080332919,4.876047158168));
#2184 = CARTESIAN_POINT('',(6.202516325584,4.87536592931));
#2185 = CARTESIAN_POINT('',(6.185737370641,4.874514061525));
#2186 = CARTESIAN_POINT('',(6.168743547085,4.873491559596));
#2187 = CARTESIAN_POINT('',(6.151534933845,4.872298428273));
#2188 = CARTESIAN_POINT('',(6.134111609905,4.870934672334));
#2189 = CARTESIAN_POINT('',(6.11647365421,4.869400296539));
#2190 = CARTESIAN_POINT('',(6.080768637247,4.865990314772));
#2191 = CARTESIAN_POINT('',(6.062068257685,4.863995941964));
#2192 = CARTESIAN_POINT('',(6.047618675616,4.862651335656));
#2193 = CARTESIAN_POINT('',(6.018290781908,4.858540664738));
#2194 = CARTESIAN_POINT('',(6.015694865346,4.858823322281));
#2195 = CARTESIAN_POINT('',(5.988953857242,4.855111073415));
#2196 = CARTESIAN_POINT('',(5.955595856932,4.849964459586));
#2197 = CARTESIAN_POINT('',(5.963196988063,4.851356277125));
#2198 = CARTESIAN_POINT('',(5.929160564293,4.846137633499));
#2199 = CARTESIAN_POINT('',(5.905882985978,4.842191409435));
#2200 = CARTESIAN_POINT('',(5.874523377893,4.836845353965));
#2201 = CARTESIAN_POINT('',(5.864643993126,4.83507961145));
#2202 = CARTESIAN_POINT('',(5.879619858994,4.837546448645));
#2203 = CARTESIAN_POINT('',(5.809635869802,4.825486506734));
#2204 = CARTESIAN_POINT('',(5.853041286982,4.832379054957));
#2205 = CARTESIAN_POINT('',(5.805702226968,4.824336092634));
#2206 = CARTESIAN_POINT('',(5.800579563948,4.822815430813));
#2207 = CARTESIAN_POINT('',(5.78474818105,4.819799996455));
#2208 = CARTESIAN_POINT('',(5.767311970683,4.816278301366));
#2209 = CARTESIAN_POINT('',(5.750404040196,4.812829568561));
#2210 = CARTESIAN_POINT('',(5.714687293119,4.805471379982));
#2211 = CARTESIAN_POINT('',(5.696793162542,4.801752629131));
#2212 = CARTESIAN_POINT('',(5.674865057235,4.797138133876));
#2213 = CARTESIAN_POINT('',(5.658646121985,4.793709899942));
#2214 = CARTESIAN_POINT('',(5.637508620213,4.789198101371));
#2215 = CARTESIAN_POINT('',(5.612118106633,4.783740793308));
#2216 = CARTESIAN_POINT('',(5.5922091527,4.779421526206));
#2217 = CARTESIAN_POINT('',(5.57392939647,4.775429488532));
#2218 = CARTESIAN_POINT('',(5.544858181541,4.769099672738));
#2219 = CARTESIAN_POINT('',(5.520983400368,4.763799928911));
#2220 = CARTESIAN_POINT('',(5.404193224806,4.73798850372));
#2221 = CARTESIAN_POINT('',(5.319760225621,4.72014331027));
#2222 = CARTESIAN_POINT('',(5.228550285304,4.702401823402));
#2223 = CARTESIAN_POINT('',(5.157254041565,4.689651378454));
#2224 = CARTESIAN_POINT('',(5.076392944654,4.676461180352));
#2225 = CARTESIAN_POINT('',(5.001598959607,4.665845738879));
#2226 = CARTESIAN_POINT('',(4.941579704494,4.658728583524));
#2227 = CARTESIAN_POINT('',(4.87691615228,4.651681366818));
#2228 = CARTESIAN_POINT('',(4.81684130037,4.647973992253));
#2229 = CARTESIAN_POINT('',(4.763903731058,4.64586241558));
#2230 = CARTESIAN_POINT('',(4.687638166254,4.645883102796));
#2231 = CARTESIAN_POINT('',(4.661588824989,4.646403563244));
#2232 = CARTESIAN_POINT('',(4.634350996151,4.647437621346));
#2233 = CARTESIAN_POINT('',(4.605855045408,4.648985308751));
#2234 = CARTESIAN_POINT('',(4.57624338131,4.651046643976));
#2235 = CARTESIAN_POINT('',(4.545673816539,4.653621626973));
#2236 = CARTESIAN_POINT('',(4.51420561487,4.656710240489));
#2237 = CARTESIAN_POINT('',(4.481768223332,4.66031245775));
#2238 = CARTESIAN_POINT('',(4.44821269006,4.664428256924));
#2239 = CARTESIAN_POINT('',(4.413445767453,4.669057642004));
#2240 = CARTESIAN_POINT('',(4.359747167604,4.676772184512));
#2241 = CARTESIAN_POINT('',(4.341581215139,4.679472119078));
#2242 = CARTESIAN_POINT('',(4.323149020289,4.682300470129));
#2243 = CARTESIAN_POINT('',(4.304450759901,4.685257233791));
#2244 = CARTESIAN_POINT('',(4.285486610723,4.688342406118));
#2245 = CARTESIAN_POINT('',(4.266256749653,4.691555983268));
#2246 = CARTESIAN_POINT('',(4.246761353407,4.69489796128));
#2247 = CARTESIAN_POINT('',(4.227000598879,4.698368336303));
#2248 = CARTESIAN_POINT('',(4.206974662825,4.701967104403));
#2249 = CARTESIAN_POINT('',(4.186683722084,4.705694261697));
#2250 = CARTESIAN_POINT('',(4.145572184829,4.713405346858));
#2251 = CARTESIAN_POINT('',(4.123989479669,4.717560026794));
#2252 = CARTESIAN_POINT('',(4.105934229415,4.720989446742));
#2253 = CARTESIAN_POINT('',(4.080290990078,4.726196362206));
#2254 = CARTESIAN_POINT('',(4.059304188736,4.730422460388));
#2255 = CARTESIAN_POINT('',(4.042005361725,4.733890302679));
#2256 = CARTESIAN_POINT('',(4.017235926917,4.739109811887));
#2257 = CARTESIAN_POINT('',(3.989828718933,4.744980400274));
#2258 = CARTESIAN_POINT('',(3.973919291025,4.748327796751));
#2259 = CARTESIAN_POINT('',(3.949808314416,4.753633845128));
#2260 = CARTESIAN_POINT('',(3.900770248549,4.764462167441));
#2261 = CARTESIAN_POINT('',(3.875843990313,4.769971324993));
#2262 = CARTESIAN_POINT('',(3.852396496795,4.775106890514));
#2263 = CARTESIAN_POINT('',(3.830003968294,4.779973652523));
#2264 = CARTESIAN_POINT('',(3.808044718468,4.784724332601));
#2265 = CARTESIAN_POINT('',(3.786450305055,4.789373752077));
#2266 = CARTESIAN_POINT('',(3.765584115204,4.793830433453));
#2267 = CARTESIAN_POINT('',(3.745735632729,4.798023460909));
#2268 = CARTESIAN_POINT('',(3.7267186142,4.802002424069));
#2269 = CARTESIAN_POINT('',(3.708061401166,4.80588826934));
#2270 = CARTESIAN_POINT('',(3.672493789824,4.813217496708));
#2271 = CARTESIAN_POINT('',(3.655274636296,4.816724420905));
#2272 = CARTESIAN_POINT('',(3.640916643707,4.819679105935));
#2273 = CARTESIAN_POINT('',(3.614273845774,4.824666093576));
#2274 = CARTESIAN_POINT('',(3.633906372896,4.821694918425));
#2275 = CARTESIAN_POINT('',(3.550296632169,4.836253567922));
#2276 = CARTESIAN_POINT('',(3.630018073477,4.822948005645));
#2277 = CARTESIAN_POINT('',(3.536040936065,4.839149101047));
#2278 = CARTESIAN_POINT('',(3.562041912336,4.834827276458));
#2279 = CARTESIAN_POINT('',(3.549917002382,4.836973895868));
#2280 = CARTESIAN_POINT('',(3.516556033738,4.842650582632));
#2281 = CARTESIAN_POINT('',(3.491017303252,4.846915447517));
#2282 = CARTESIAN_POINT('',(3.473774893467,4.849546406136));
#2283 = CARTESIAN_POINT('',(3.45653496059,4.852081064211));
#2284 = CARTESIAN_POINT('',(3.436295784513,4.855036950521));
#2285 = CARTESIAN_POINT('',(3.416226242753,4.857806529341));
#2286 = CARTESIAN_POINT('',(3.398416003079,4.860016748114));
#2287 = CARTESIAN_POINT('',(3.380855768413,4.86206491398));
#2288 = CARTESIAN_POINT('',(3.361630458255,4.864303068422));
#2289 = CARTESIAN_POINT('',(3.343932765577,4.866103410786));
#2290 = CARTESIAN_POINT('',(3.308325392951,4.869491984826));
#2291 = CARTESIAN_POINT('',(3.29072039065,4.871015913458));
#2292 = CARTESIAN_POINT('',(3.273316354177,4.87236948241));
#2293 = CARTESIAN_POINT('',(3.256115565356,4.873552690394));
#2294 = CARTESIAN_POINT('',(3.239120305998,4.874565536113));
#2295 = CARTESIAN_POINT('',(3.22233285793,4.875408018285));
#2296 = CARTESIAN_POINT('',(3.205755502963,4.87608013561));
#2297 = CARTESIAN_POINT('',(3.18939052292,4.876581886803));
#2298 = CARTESIAN_POINT('',(3.173240199618,4.87691327057));
#2299 = CARTESIAN_POINT('',(3.157306814876,4.877074285623));
#2300 = CARTESIAN_POINT('',(3.141592650512,4.877064930668));
#2301 = ( GEOMETRIC_REPRESENTATION_CONTEXT(2) 
PARAMETRIC_REPRESENTATION_CONTEXT() REPRESENTATION_CONTEXT('2D SPACE',''
  ) );
#2302 = FACE_BOUND('',#2303,.F.);
#2303 = EDGE_LOOP('',(#2304,#2327,#2360,#2381));
#2304 = ORIENTED_EDGE('',*,*,#2305,.T.);
#2305 = EDGE_CURVE('',#1753,#2306,#2308,.T.);
#2306 = VERTEX_POINT('',#2307);
#2307 = CARTESIAN_POINT('',(12.0665181589,-302.800216794,174.28208848019
    ));
#2308 = SURFACE_CURVE('',#2309,(#2313,#2320),.PCURVE_S1.);
#2309 = LINE('',#2310,#2311);
#2310 = CARTESIAN_POINT('',(-47.93348184109,-302.8002167924,
    174.28208848019));
#2311 = VECTOR('',#2312,1.);
#2312 = DIRECTION('',(-1.,2.628718675401E-11,-1.306410413968E-15));
#2313 = PCURVE('',#1806,#2314);
#2314 = DEFINITIONAL_REPRESENTATION('',(#2315),#2319);
#2315 = LINE('',#2316,#2317);
#2316 = CARTESIAN_POINT('',(6.28318530718,7.105427357601E-14));
#2317 = VECTOR('',#2318,1.);
#2318 = DIRECTION('',(0.,1.));
#2319 = ( GEOMETRIC_REPRESENTATION_CONTEXT(2) 
PARAMETRIC_REPRESENTATION_CONTEXT() REPRESENTATION_CONTEXT('2D SPACE',''
  ) );
#2320 = PCURVE('',#1775,#2321);
#2321 = DEFINITIONAL_REPRESENTATION('',(#2322),#2326);
#2322 = LINE('',#2323,#2324);
#2323 = CARTESIAN_POINT('',(0.,7.105427357601E-14));
#2324 = VECTOR('',#2325,1.);
#2325 = DIRECTION('',(0.,1.));
#2326 = ( GEOMETRIC_REPRESENTATION_CONTEXT(2) 
PARAMETRIC_REPRESENTATION_CONTEXT() REPRESENTATION_CONTEXT('2D SPACE',''
  ) );
#2327 = ORIENTED_EDGE('',*,*,#2328,.F.);
#2328 = EDGE_CURVE('',#2329,#2306,#2331,.T.);
#2329 = VERTEX_POINT('',#2330);
#2330 = CARTESIAN_POINT('',(12.0665181588,-306.6859547055,177.4286804275
    ));
#2331 = SURFACE_CURVE('',#2332,(#2337,#2344),.PCURVE_S1.);
#2332 = CIRCLE('',#2333,2.5);
#2333 = AXIS2_PLACEMENT_3D('',#2334,#2335,#2336);
#2334 = CARTESIAN_POINT('',(12.06651815885,-304.7430857498,
    175.85538445386));
#2335 = DIRECTION('',(-1.,2.628718675401E-11,-1.306410413973E-15));
#2336 = DIRECTION('',(2.042984577947E-11,0.777147582301,-0.629318389469)
  );
#2337 = PCURVE('',#1806,#2338);
#2338 = DEFINITIONAL_REPRESENTATION('',(#2339),#2343);
#2339 = LINE('',#2340,#2341);
#2340 = CARTESIAN_POINT('',(-7.100986465503E-13,-59.99999999999));
#2341 = VECTOR('',#2342,1.);
#2342 = DIRECTION('',(1.,0.));
#2343 = ( GEOMETRIC_REPRESENTATION_CONTEXT(2) 
PARAMETRIC_REPRESENTATION_CONTEXT() REPRESENTATION_CONTEXT('2D SPACE',''
  ) );
#2344 = PCURVE('',#2345,#2350);
#2345 = PLANE('',#2346);
#2346 = AXIS2_PLACEMENT_3D('',#2347,#2348,#2349);
#2347 = CARTESIAN_POINT('',(12.06651815885,-304.7430857498,
    175.85538445385));
#2348 = DIRECTION('',(1.,-2.627020768502E-11,-1.230417188793E-14));
#2349 = DIRECTION('',(2.627020768502E-11,1.,0.));
#2350 = DEFINITIONAL_REPRESENTATION('',(#2351),#2359);
#2351 = ( BOUNDED_CURVE() B_SPLINE_CURVE(2,(#2352,#2353,#2354,#2355,
#2356,#2357,#2358),.UNSPECIFIED.,.T.,.F.) B_SPLINE_CURVE_WITH_KNOTS((1,2
    ,2,2,2,1),(-2.094395102393,0.,2.094395102393,4.188790204786,
6.28318530718,8.377580409573),.UNSPECIFIED.) CURVE() 
GEOMETRIC_REPRESENTATION_ITEM() RATIONAL_B_SPLINE_CURVE((1.,0.5,1.,0.5,
1.,0.5,1.)) REPRESENTATION_ITEM('') );
#2352 = CARTESIAN_POINT('',(1.942868955752,-1.573295973662));
#2353 = CARTESIAN_POINT('',(-0.782159605992,-4.938443717474));
#2354 = CARTESIAN_POINT('',(-2.333948758748,-0.895925885059));
#2355 = CARTESIAN_POINT('',(-3.885737911505,3.146591947355));
#2356 = CARTESIAN_POINT('',(0.391079802996,2.469221858752));
#2357 = CARTESIAN_POINT('',(4.667897517496,1.791851770149));
#2358 = CARTESIAN_POINT('',(1.942868955752,-1.573295973662));
#2359 = ( GEOMETRIC_REPRESENTATION_CONTEXT(2) 
PARAMETRIC_REPRESENTATION_CONTEXT() REPRESENTATION_CONTEXT('2D SPACE',''
  ) );
#2360 = ORIENTED_EDGE('',*,*,#2361,.F.);
#2361 = EDGE_CURVE('',#1755,#2329,#2362,.T.);
#2362 = SURFACE_CURVE('',#2363,(#2367,#2374),.PCURVE_S1.);
#2363 = LINE('',#2364,#2365);
#2364 = CARTESIAN_POINT('',(-47.93348184119,-306.6859547039,
    177.42868042754));
#2365 = VECTOR('',#2366,1.);
#2366 = DIRECTION('',(-1.,2.628718675401E-11,-1.306410413968E-15));
#2367 = PCURVE('',#1806,#2368);
#2368 = DEFINITIONAL_REPRESENTATION('',(#2369),#2373);
#2369 = LINE('',#2370,#2371);
#2370 = CARTESIAN_POINT('',(3.141592653593,-7.105427357601E-14));
#2371 = VECTOR('',#2372,1.);
#2372 = DIRECTION('',(9.621932880085E-16,1.));
#2373 = ( GEOMETRIC_REPRESENTATION_CONTEXT(2) 
PARAMETRIC_REPRESENTATION_CONTEXT() REPRESENTATION_CONTEXT('2D SPACE',''
  ) );
#2374 = PCURVE('',#1775,#2375);
#2375 = DEFINITIONAL_REPRESENTATION('',(#2376),#2380);
#2376 = LINE('',#2377,#2378);
#2377 = CARTESIAN_POINT('',(3.141592653593,-7.105427357601E-14));
#2378 = VECTOR('',#2379,1.);
#2379 = DIRECTION('',(9.621932880085E-16,1.));
#2380 = ( GEOMETRIC_REPRESENTATION_CONTEXT(2) 
PARAMETRIC_REPRESENTATION_CONTEXT() REPRESENTATION_CONTEXT('2D SPACE',''
  ) );
#2381 = ORIENTED_EDGE('',*,*,#1787,.T.);
#2382 = ADVANCED_FACE('',(#2383),#2345,.T.);
#2383 = FACE_BOUND('',#2384,.T.);
#2384 = EDGE_LOOP('',(#2385,#2386));
#2385 = ORIENTED_EDGE('',*,*,#2328,.F.);
#2386 = ORIENTED_EDGE('',*,*,#2387,.F.);
#2387 = EDGE_CURVE('',#2306,#2329,#2388,.T.);
#2388 = SURFACE_CURVE('',#2389,(#2394,#2405),.PCURVE_S1.);
#2389 = CIRCLE('',#2390,2.5);
#2390 = AXIS2_PLACEMENT_3D('',#2391,#2392,#2393);
#2391 = CARTESIAN_POINT('',(12.06651815885,-304.7430857498,
    175.85538445386));
#2392 = DIRECTION('',(-1.,2.628718675401E-11,-1.306410413973E-15));
#2393 = DIRECTION('',(2.042984577947E-11,0.777147582301,-0.629318389469)
  );
#2394 = PCURVE('',#2345,#2395);
#2395 = DEFINITIONAL_REPRESENTATION('',(#2396),#2404);
#2396 = ( BOUNDED_CURVE() B_SPLINE_CURVE(2,(#2397,#2398,#2399,#2400,
#2401,#2402,#2403),.UNSPECIFIED.,.T.,.F.) B_SPLINE_CURVE_WITH_KNOTS((1,2
    ,2,2,2,1),(-2.094395102393,0.,2.094395102393,4.188790204786,
6.28318530718,8.377580409573),.UNSPECIFIED.) CURVE() 
GEOMETRIC_REPRESENTATION_ITEM() RATIONAL_B_SPLINE_CURVE((1.,0.5,1.,0.5,
1.,0.5,1.)) REPRESENTATION_ITEM('') );
#2397 = CARTESIAN_POINT('',(1.942868955752,-1.573295973662));
#2398 = CARTESIAN_POINT('',(-0.782159605992,-4.938443717474));
#2399 = CARTESIAN_POINT('',(-2.333948758748,-0.895925885059));
#2400 = CARTESIAN_POINT('',(-3.885737911505,3.146591947355));
#2401 = CARTESIAN_POINT('',(0.391079802996,2.469221858752));
#2402 = CARTESIAN_POINT('',(4.667897517496,1.791851770149));
#2403 = CARTESIAN_POINT('',(1.942868955752,-1.573295973662));
#2404 = ( GEOMETRIC_REPRESENTATION_CONTEXT(2) 
PARAMETRIC_REPRESENTATION_CONTEXT() REPRESENTATION_CONTEXT('2D SPACE',''
  ) );
#2405 = PCURVE('',#1775,#2406);
#2406 = DEFINITIONAL_REPRESENTATION('',(#2407),#2411);
#2407 = LINE('',#2408,#2409);
#2408 = CARTESIAN_POINT('',(0.,-59.99999999999));
#2409 = VECTOR('',#2410,1.);
#2410 = DIRECTION('',(1.,0.));
#2411 = ( GEOMETRIC_REPRESENTATION_CONTEXT(2) 
PARAMETRIC_REPRESENTATION_CONTEXT() REPRESENTATION_CONTEXT('2D SPACE',''
  ) );
#2412 = ADVANCED_FACE('',(#2413),#2172,.T.);
#2413 = FACE_BOUND('',#2414,.T.);
#2414 = EDGE_LOOP('',(#2415,#2438,#2586,#2607));
#2415 = ORIENTED_EDGE('',*,*,#2416,.T.);
#2416 = EDGE_CURVE('',#1853,#2417,#2419,.T.);
#2417 = VERTEX_POINT('',#2418);
#2418 = CARTESIAN_POINT('',(15.76651815884,-305.3548848078,
    173.43139973596));
#2419 = SURFACE_CURVE('',#2420,(#2424,#2431),.PCURVE_S1.);
#2420 = LINE('',#2421,#2422);
#2421 = CARTESIAN_POINT('',(15.76651815899,-299.4300497072,
    180.74800028518));
#2422 = VECTOR('',#2423,1.);
#2423 = DIRECTION('',(-1.654199475802E-11,-0.629318389469,
    -0.777147582301));
#2424 = PCURVE('',#2172,#2425);
#2425 = DEFINITIONAL_REPRESENTATION('',(#2426),#2430);
#2426 = LINE('',#2427,#2428);
#2427 = CARTESIAN_POINT('',(6.28318530718,-4.387601393319E-12));
#2428 = VECTOR('',#2429,1.);
#2429 = DIRECTION('',(0.,1.));
#2430 = ( GEOMETRIC_REPRESENTATION_CONTEXT(2) 
PARAMETRIC_REPRESENTATION_CONTEXT() REPRESENTATION_CONTEXT('2D SPACE',''
  ) );
#2431 = PCURVE('',#1949,#2432);
#2432 = DEFINITIONAL_REPRESENTATION('',(#2433),#2437);
#2433 = LINE('',#2434,#2435);
#2434 = CARTESIAN_POINT('',(0.,-4.387601393319E-12));
#2435 = VECTOR('',#2436,1.);
#2436 = DIRECTION('',(0.,1.));
#2437 = ( GEOMETRIC_REPRESENTATION_CONTEXT(2) 
PARAMETRIC_REPRESENTATION_CONTEXT() REPRESENTATION_CONTEXT('2D SPACE',''
  ) );
#2438 = ORIENTED_EDGE('',*,*,#2439,.F.);
#2439 = EDGE_CURVE('',#2440,#2417,#2442,.T.);
#2440 = VERTEX_POINT('',#2441);
#2441 = CARTESIAN_POINT('',(15.76720299175,-306.9868947208,
    174.75296765225));
#2442 = SURFACE_CURVE('',#2443,(#2466,#2517),.PCURVE_S1.);
#2443 = B_SPLINE_CURVE_WITH_KNOTS('',3,(#2444,#2445,#2446,#2447,#2448,
    #2449,#2450,#2451,#2452,#2453,#2454,#2455,#2456,#2457,#2458,#2459,
    #2460,#2461,#2462,#2463,#2464,#2465),.UNSPECIFIED.,.F.,.F.,(4,2,2,2,
    2,2,2,2,2,2,4),(0.5,0.53125,0.5625,0.625,0.6875,0.75,0.8125,0.875,
    0.90625,0.9375,1.),.UNSPECIFIED.);
#2444 = CARTESIAN_POINT('',(15.7678956914,-306.9868942916,
    174.75296746018));
#2445 = CARTESIAN_POINT('',(15.70039132706,-306.9869100685,
    174.75299957169));
#2446 = CARTESIAN_POINT('',(15.63317558398,-306.9836743107,
    174.74633832798));
#2447 = CARTESIAN_POINT('',(15.49932134034,-306.9703446911,
    174.71980617957));
#2448 = CARTESIAN_POINT('',(15.43122565421,-306.959941133,
    174.69935782024));
#2449 = CARTESIAN_POINT('',(15.2365475731,-306.9187131129,
    174.62249068453));
#2450 = CARTESIAN_POINT('',(15.12162360444,-306.8787071129,
    174.55181327913));
#2451 = CARTESIAN_POINT('',(14.92758856155,-306.7667333366,
    174.38398142997));
#2452 = CARTESIAN_POINT('',(14.85180325196,-306.6966556979,
    174.28981082094));
#2453 = CARTESIAN_POINT('',(14.74364386886,-306.5207563464,
    174.09261856119));
#2454 = CARTESIAN_POINT('',(14.71657542991,-306.4232108954,
    173.99908469231));
#2455 = CARTESIAN_POINT('',(14.71646160187,-306.2108982978,
    173.8270364479));
#2456 = CARTESIAN_POINT('',(14.74346472865,-306.0992428691,
    173.75100532579));
#2457 = CARTESIAN_POINT('',(14.85151900209,-305.8690888918,
    173.61938566783));
#2458 = CARTESIAN_POINT('',(14.92629688503,-305.7632559075,
    173.57072559578));
#2459 = CARTESIAN_POINT('',(15.07283816898,-305.6210599804,
    173.51406761016));
#2460 = CARTESIAN_POINT('',(15.1256928418,-305.5781683513,
    173.49863977722));
#2461 = CARTESIAN_POINT('',(15.23941734376,-305.5021440459,
    173.47306648067));
#2462 = CARTESIAN_POINT('',(15.29895158738,-305.4695852284,
    173.46308726054));
#2463 = CARTESIAN_POINT('',(15.49759056586,-305.3837725005,
    173.43814017546));
#2464 = CARTESIAN_POINT('',(15.63137509207,-305.3547887352,
    173.43137548781));
#2465 = CARTESIAN_POINT('',(15.76651815884,-305.3548848078,
    173.43139973596));
#2466 = PCURVE('',#2172,#2467);
#2467 = DEFINITIONAL_REPRESENTATION('',(#2468),#2516);
#2468 = B_SPLINE_CURVE_WITH_KNOTS('',3,(#2469,#2470,#2471,#2472,#2473,
    #2474,#2475,#2476,#2477,#2478,#2479,#2480,#2481,#2482,#2483,#2484,
    #2485,#2486,#2487,#2488,#2489,#2490,#2491,#2492,#2493,#2494,#2495,
    #2496,#2497,#2498,#2499,#2500,#2501,#2502,#2503,#2504,#2505,#2506,
    #2507,#2508,#2509,#2510,#2511,#2512,#2513,#2514,#2515),
  .UNSPECIFIED.,.F.,.F.,(4,1,1,1,1,1,1,1,1,1,1,1,1,1,1,1,1,1,1,1,1,1,1,1
    ,1,1,1,1,1,1,1,1,1,1,1,1,1,1,1,1,1,1,1,1,4),(0.500106892737,
    0.511468099721,0.522829306704,0.534190513687,0.54555172067,
    0.556912927654,0.568274134637,0.57963534162,0.590996548603,
    0.602357755587,0.61371896257,0.625080169553,0.636441376536,
    0.64780258352,0.659163790503,0.670524997486,0.681886204469,
    0.693247411453,0.704608618436,0.715969825419,0.727331032402,
    0.738692239386,0.750053446369,0.761414653352,0.772775860335,
    0.784137067318,0.795498274302,0.806859481285,0.818220688268,
    0.829581895251,0.840943102235,0.852304309218,0.863665516201,
    0.875026723184,0.886387930168,0.897749137151,0.909110344134,
    0.920471551117,0.931832758101,0.943193965084,0.954555172067,
    0.96591637905,0.977277586034,0.988638793017,1.),.UNSPECIFIED.);
#2469 = CARTESIAN_POINT('',(3.140940431263,9.414686485665));
#2470 = CARTESIAN_POINT('',(3.164316881036,9.414689514738));
#2471 = CARTESIAN_POINT('',(3.210977182563,9.415526270658));
#2472 = CARTESIAN_POINT('',(3.281196490015,9.419239437139));
#2473 = CARTESIAN_POINT('',(3.351816936773,9.425327849952));
#2474 = CARTESIAN_POINT('',(3.424181084723,9.433879262256));
#2475 = CARTESIAN_POINT('',(3.497462321923,9.444516673585));
#2476 = CARTESIAN_POINT('',(3.57061075035,9.456859789097));
#2477 = CARTESIAN_POINT('',(3.642708314021,9.470488376671));
#2478 = CARTESIAN_POINT('',(3.714137723166,9.485173289059));
#2479 = CARTESIAN_POINT('',(3.78510556387,9.500659039849));
#2480 = CARTESIAN_POINT('',(3.855841537956,9.516684914755));
#2481 = CARTESIAN_POINT('',(3.926769222756,9.53303745015));
#2482 = CARTESIAN_POINT('',(3.997589183975,9.549319374198));
#2483 = CARTESIAN_POINT('',(4.068111174746,9.565143279141));
#2484 = CARTESIAN_POINT('',(4.138841293882,9.580296730043));
#2485 = CARTESIAN_POINT('',(4.210119132239,9.594522709858));
#2486 = CARTESIAN_POINT('',(4.28222259013,9.607567557149));
#2487 = CARTESIAN_POINT('',(4.355753898057,9.619208770165));
#2488 = CARTESIAN_POINT('',(4.42796531953,9.628792564218));
#2489 = CARTESIAN_POINT('',(4.499427547843,9.636344746124));
#2490 = CARTESIAN_POINT('',(4.570357218222,9.641799735999));
#2491 = CARTESIAN_POINT('',(4.641039486854,9.645116778434));
#2492 = CARTESIAN_POINT('',(4.711899676303,9.646247206827));
#2493 = CARTESIAN_POINT('',(4.782750425208,9.645149175243));
#2494 = CARTESIAN_POINT('',(4.853440494025,9.641866690636));
#2495 = CARTESIAN_POINT('',(4.924410563622,9.636440950703));
#2496 = CARTESIAN_POINT('',(4.995965704199,9.628907516514));
#2497 = CARTESIAN_POINT('',(5.068334095232,9.6193273049));
#2498 = CARTESIAN_POINT('',(5.142109853565,9.607665446281));
#2499 = CARTESIAN_POINT('',(5.214155875066,9.594657250237));
#2500 = CARTESIAN_POINT('',(5.285285580084,9.580476707716));
#2501 = CARTESIAN_POINT('',(5.355916998868,9.565346348248));
#2502 = CARTESIAN_POINT('',(5.426499108418,9.549498159965));
#2503 = CARTESIAN_POINT('',(5.497856282695,9.533077758009));
#2504 = CARTESIAN_POINT('',(5.569284975486,9.516566797839));
#2505 = CARTESIAN_POINT('',(5.639971775389,9.500486125124));
#2506 = CARTESIAN_POINT('',(5.710834884291,9.484990477513));
#2507 = CARTESIAN_POINT('',(5.781376683119,9.470474623606));
#2508 = CARTESIAN_POINT('',(5.852924456904,9.456958805459));
#2509 = CARTESIAN_POINT('',(5.92777701424,9.444293984827));
#2510 = CARTESIAN_POINT('',(6.000589907678,9.433770980503));
#2511 = CARTESIAN_POINT('',(6.072216809395,9.425384388546));
#2512 = CARTESIAN_POINT('',(6.142904981959,9.419269552435));
#2513 = CARTESIAN_POINT('',(6.21308493911,9.415524089538));
#2514 = CARTESIAN_POINT('',(6.259788307507,9.414678546014));
#2515 = CARTESIAN_POINT('',(6.28318530718,9.414686110919));
#2516 = ( GEOMETRIC_REPRESENTATION_CONTEXT(2) 
PARAMETRIC_REPRESENTATION_CONTEXT() REPRESENTATION_CONTEXT('2D SPACE',''
  ) );
#2517 = PCURVE('',#1775,#2518);
#2518 = DEFINITIONAL_REPRESENTATION('',(#2519),#2585);
#2519 = B_SPLINE_CURVE_WITH_KNOTS('',10,(#2520,#2521,#2522,#2523,#2524,
    #2525,#2526,#2527,#2528,#2529,#2530,#2531,#2532,#2533,#2534,#2535,
    #2536,#2537,#2538,#2539,#2540,#2541,#2542,#2543,#2544,#2545,#2546,
    #2547,#2548,#2549,#2550,#2551,#2552,#2553,#2554,#2555,#2556,#2557,
    #2558,#2559,#2560,#2561,#2562,#2563,#2564,#2565,#2566,#2567,#2568,
    #2569,#2570,#2571,#2572,#2573,#2574,#2575,#2576,#2577,#2578,#2579,
    #2580,#2581,#2582,#2583,#2584),.UNSPECIFIED.,.F.,.F.,(11,9,9,9,9,9,9
    ,11),(0.500106892737,0.624999998646,0.687499998871,0.749999999097,
    0.812499999323,0.874999999549,0.937499999774,1.),.UNSPECIFIED.);
#2520 = CARTESIAN_POINT('',(2.00424127519,-63.70068483301));
#2521 = CARTESIAN_POINT('',(2.004232535977,-63.61975393384));
#2522 = CARTESIAN_POINT('',(2.001145461484,-63.53946525607));
#2523 = CARTESIAN_POINT('',(1.993985107466,-63.45526765793));
#2524 = CARTESIAN_POINT('',(1.98781930829,-63.39276641509));
#2525 = CARTESIAN_POINT('',(1.968089311221,-63.27428135204));
#2526 = CARTESIAN_POINT('',(1.958494803735,-63.2310434147));
#2527 = CARTESIAN_POINT('',(1.937819544125,-63.14186483546));
#2528 = CARTESIAN_POINT('',(1.919076950353,-63.08025021822));
#2529 = CARTESIAN_POINT('',(1.896705618518,-63.01614391635));
#2530 = CARTESIAN_POINT('',(1.860476944918,-62.92903508337));
#2531 = CARTESIAN_POINT('',(1.847908846727,-62.90130134754));
#2532 = CARTESIAN_POINT('',(1.83491992653,-62.87499050149));
#2533 = CARTESIAN_POINT('',(1.821533253523,-62.85014211611));
#2534 = CARTESIAN_POINT('',(1.807744905452,-62.82675264777));
#2535 = CARTESIAN_POINT('',(1.793538070998,-62.80479653803));
#2536 = CARTESIAN_POINT('',(1.778897152144,-62.78424731298));
#2537 = CARTESIAN_POINT('',(1.763821866561,-62.76509868298));
#2538 = CARTESIAN_POINT('',(1.748341349977,-62.74738564204));
#2539 = CARTESIAN_POINT('',(1.716715167142,-62.71502549282));
#2540 = CARTESIAN_POINT('',(1.700758946008,-62.70057690296));
#2541 = CARTESIAN_POINT('',(1.684735788168,-62.68792169445));
#2542 = CARTESIAN_POINT('',(1.66867590519,-62.67708716593));
#2543 = CARTESIAN_POINT('',(1.652578206324,-62.66807600502));
#2544 = CARTESIAN_POINT('',(1.636424977628,-62.6608762752));
#2545 = CARTESIAN_POINT('',(1.620196561094,-62.65547140267));
#2546 = CARTESIAN_POINT('',(1.603886033771,-62.65185016331));
#2547 = CARTESIAN_POINT('',(1.587513886896,-62.65001666949));
#2548 = CARTESIAN_POINT('',(1.554771523135,-62.64998404464));
#2549 = CARTESIAN_POINT('',(1.538398948778,-62.65178816597));
#2550 = CARTESIAN_POINT('',(1.522089437763,-62.65538059296));
#2551 = CARTESIAN_POINT('',(1.50586210251,-62.66075731107));
#2552 = CARTESIAN_POINT('',(1.489706680122,-62.66793117952));
#2553 = CARTESIAN_POINT('',(1.473599500467,-62.67692069146));
#2554 = CARTESIAN_POINT('',(1.457519454253,-62.68773873419));
#2555 = CARTESIAN_POINT('',(1.441463961116,-62.70038134929));
#2556 = CARTESIAN_POINT('',(1.425464937692,-62.71481649287));
#2557 = CARTESIAN_POINT('',(1.393744593712,-62.74712909856));
#2558 = CARTESIAN_POINT('',(1.378234466262,-62.76478607534));
#2559 = CARTESIAN_POINT('',(1.363160477144,-62.78382243375));
#2560 = CARTESIAN_POINT('',(1.34854630971,-62.80421571232));
#2561 = CARTESIAN_POINT('',(1.3343743081,-62.8260073891));
#2562 = CARTESIAN_POINT('',(1.320606548474,-62.84926799004));
#2563 = CARTESIAN_POINT('',(1.307205910239,-62.87406219775));
#2564 = CARTESIAN_POINT('',(1.29415714728,-62.9004139599));
#2565 = CARTESIAN_POINT('',(1.281487959189,-62.92827159793));
#2566 = CARTESIAN_POINT('',(1.257092165804,-62.98667423305));
#2567 = CARTESIAN_POINT('',(1.245316957957,-63.01739416743));
#2568 = CARTESIAN_POINT('',(1.234326426165,-63.0484087753));
#2569 = CARTESIAN_POINT('',(1.223854052921,-63.0809048271));
#2570 = CARTESIAN_POINT('',(1.213832834518,-63.11503457955));
#2571 = CARTESIAN_POINT('',(1.204456342342,-63.1498252495));
#2572 = CARTESIAN_POINT('',(1.195869921103,-63.18465292602));
#2573 = CARTESIAN_POINT('',(1.187889118119,-63.22049065729));
#2574 = CARTESIAN_POINT('',(1.180142437795,-63.25914044942));
#2575 = CARTESIAN_POINT('',(1.165928593043,-63.33817737832));
#2576 = CARTESIAN_POINT('',(1.159522410637,-63.37825562467));
#2577 = CARTESIAN_POINT('',(1.153947609508,-63.418251763));
#2578 = CARTESIAN_POINT('',(1.149209414381,-63.45813753247));
#2579 = CARTESIAN_POINT('',(1.14526950475,-63.49809865644));
#2580 = CARTESIAN_POINT('',(1.14209874509,-63.53827729995));
#2581 = CARTESIAN_POINT('',(1.139700773936,-63.57865662875));
#2582 = CARTESIAN_POINT('',(1.138106451833,-63.6190874709));
#2583 = CARTESIAN_POINT('',(1.137339168143,-63.65945707986));
#2584 = CARTESIAN_POINT('',(1.137351006728,-63.69999999999));
#2585 = ( GEOMETRIC_REPRESENTATION_CONTEXT(2) 
PARAMETRIC_REPRESENTATION_CONTEXT() REPRESENTATION_CONTEXT('2D SPACE',''
  ) );
#2586 = ORIENTED_EDGE('',*,*,#2587,.F.);
#2587 = EDGE_CURVE('',#1851,#2440,#2588,.T.);
#2588 = SURFACE_CURVE('',#2589,(#2593,#2600),.PCURVE_S1.);
#2589 = LINE('',#2590,#2591);
#2590 = CARTESIAN_POINT('',(15.76651815895,-301.06205963,182.06956890306
    ));
#2591 = VECTOR('',#2592,1.);
#2592 = DIRECTION('',(-1.654199475802E-11,-0.629318389469,
    -0.777147582301));
#2593 = PCURVE('',#2172,#2594);
#2594 = DEFINITIONAL_REPRESENTATION('',(#2595),#2599);
#2595 = LINE('',#2596,#2597);
#2596 = CARTESIAN_POINT('',(3.141592653588,-1.890931855542E-12));
#2597 = VECTOR('',#2598,1.);
#2598 = DIRECTION('',(0.,1.));
#2599 = ( GEOMETRIC_REPRESENTATION_CONTEXT(2) 
PARAMETRIC_REPRESENTATION_CONTEXT() REPRESENTATION_CONTEXT('2D SPACE',''
  ) );
#2600 = PCURVE('',#1949,#2601);
#2601 = DEFINITIONAL_REPRESENTATION('',(#2602),#2606);
#2602 = LINE('',#2603,#2604);
#2603 = CARTESIAN_POINT('',(3.141592653588,-1.890931855542E-12));
#2604 = VECTOR('',#2605,1.);
#2605 = DIRECTION('',(0.,1.));
#2606 = ( GEOMETRIC_REPRESENTATION_CONTEXT(2) 
PARAMETRIC_REPRESENTATION_CONTEXT() REPRESENTATION_CONTEXT('2D SPACE',''
  ) );
#2607 = ORIENTED_EDGE('',*,*,#2005,.F.);
#2608 = ADVANCED_FACE('',(#2609),#1949,.T.);
#2609 = FACE_BOUND('',#2610,.T.);
#2610 = EDGE_LOOP('',(#2611,#2904,#2905,#2906));
#2611 = ORIENTED_EDGE('',*,*,#2612,.F.);
#2612 = EDGE_CURVE('',#2417,#2440,#2613,.T.);
#2613 = SURFACE_CURVE('',#2614,(#2661,#2787),.PCURVE_S1.);
#2614 = B_SPLINE_CURVE_WITH_KNOTS('',3,(#2615,#2616,#2617,#2618,#2619,
    #2620,#2621,#2622,#2623,#2624,#2625,#2626,#2627,#2628,#2629,#2630,
    #2631,#2632,#2633,#2634,#2635,#2636,#2637,#2638,#2639,#2640,#2641,
    #2642,#2643,#2644,#2645,#2646,#2647,#2648,#2649,#2650,#2651,#2652,
    #2653,#2654,#2655,#2656,#2657,#2658,#2659,#2660),.UNSPECIFIED.,.F.,
  .F.,(4,2,2,1,1,2,2,2,2,2,2,2,2,2,2,2,2,2,2,2,1,1,2,2,4),(0.,
    3.126483863399E-02,4.689725795098E-02,5.471346760948E-02,
    5.862157243873E-02,6.057562485336E-02,6.252967726798E-02,
    9.37945159019E-02,0.109426935219,0.117243144877,0.125059354536,
    0.187589031804,0.250118709071,0.312648386339,0.343913224973,
    0.35954564429,0.367361853949,0.375178063607,0.406442902241,
    0.422075321558,0.429891531217,0.433799636046,0.43575368846,
    0.437707740875,0.500237418143),.UNSPECIFIED.);
#2615 = CARTESIAN_POINT('',(15.76651815884,-305.3548848078,
    173.43139973596));
#2616 = CARTESIAN_POINT('',(15.82697635424,-305.3548816362,
    173.43140365266));
#2617 = CARTESIAN_POINT('',(15.89164343151,-305.3609027808,
    173.43226029245));
#2618 = CARTESIAN_POINT('',(15.9929990192,-305.3815098094,
    173.43688023565));
#2619 = CARTESIAN_POINT('',(16.02749701788,-305.3903086464,
    173.43897654039));
#2620 = CARTESIAN_POINT('',(16.07993936016,-305.406708353,
    173.44320385041));
#2621 = CARTESIAN_POINT('',(16.10633292757,-305.4157083252,
    173.44558802117));
#2622 = CARTESIAN_POINT('',(16.13732966428,-305.4276718946,
    173.44889429129));
#2623 = CARTESIAN_POINT('',(16.15064627297,-305.4331192349,
    173.45042894503));
#2624 = CARTESIAN_POINT('',(16.15952988463,-305.4368226333,
    173.45147877028));
#2625 = CARTESIAN_POINT('',(16.16591508794,-305.4395499808,
    173.45225801699));
#2626 = CARTESIAN_POINT('',(16.20695127634,-305.4572992585,
    173.45734860626));
#2627 = CARTESIAN_POINT('',(16.25731606293,-305.4817895941,
    173.46413301677));
#2628 = CARTESIAN_POINT('',(16.34520839499,-305.5364621955,
    173.48236826831));
#2629 = CARTESIAN_POINT('',(16.37651728665,-305.557700682,
    173.48980984942));
#2630 = CARTESIAN_POINT('',(16.42529793434,-305.5949794412,
    173.50374544531));
#2631 = CARTESIAN_POINT('',(16.44185657754,-305.6083094272,
    173.50885303253));
#2632 = CARTESIAN_POINT('',(16.47531251879,-305.6369226628,
    173.52011104855));
#2633 = CARTESIAN_POINT('',(16.49333751122,-305.6532965247,
    173.52670936539));
#2634 = CARTESIAN_POINT('',(16.63519988469,-305.7902089828,
    173.58313064343));
#2635 = CARTESIAN_POINT('',(16.71334406286,-305.9183091376,
    173.6505732097));
#2636 = CARTESIAN_POINT('',(16.80344017941,-306.1435521589,
    173.78460490255));
#2637 = CARTESIAN_POINT('',(16.81645286571,-306.2405061133,
    173.85104109605));
#2638 = CARTESIAN_POINT('',(16.8165829791,-306.3911617393,
    173.97310362872));
#2639 = CARTESIAN_POINT('',(16.80352203304,-306.4773261305,
    174.0550267403));
#2640 = CARTESIAN_POINT('',(16.73559586555,-306.6112894258,
    174.19990580776));
#2641 = CARTESIAN_POINT('',(16.70482910345,-306.6565636159,
    174.25172984889));
#2642 = CARTESIAN_POINT('',(16.64315734839,-306.7220510464,
    174.33204684836));
#2643 = CARTESIAN_POINT('',(16.6200197374,-306.7434606505,
    174.35923673479));
#2644 = CARTESIAN_POINT('',(16.58112808687,-306.7743826884,
    174.4001919402));
#2645 = CARTESIAN_POINT('',(16.56746760906,-306.7844902883,
    174.41387124693));
#2646 = CARTESIAN_POINT('',(16.53871444074,-306.8042001342,
    174.44119927893));
#2647 = CARTESIAN_POINT('',(16.524723984,-306.8131543291,174.4539081984)
  );
#2648 = CARTESIAN_POINT('',(16.43968737107,-306.8631000702,
    174.52689618938));
#2649 = CARTESIAN_POINT('',(16.37257592374,-306.8903072286,
    174.57059073039));
#2650 = CARTESIAN_POINT('',(16.28495234433,-306.9192492729,
    174.6199640876));
#2651 = CARTESIAN_POINT('',(16.25783267963,-306.9269292538,
    174.6337358347));
#2652 = CARTESIAN_POINT('',(16.22110140396,-306.9363589768,
    174.65106145789));
#2653 = CARTESIAN_POINT('',(16.2037172058,-306.9405496855,
    174.65888998208));
#2654 = CARTESIAN_POINT('',(16.18527954671,-306.9446883539,
    174.66669830864));
#2655 = CARTESIAN_POINT('',(16.17778356222,-306.9463174232,
    174.6697739134));
#2656 = CARTESIAN_POINT('',(16.17287757257,-306.947373066,
    174.67176554333));
#2657 = CARTESIAN_POINT('',(16.17188146832,-306.9475900707,
    174.67217397733));
#2658 = CARTESIAN_POINT('',(16.02565816909,-306.9783671303,
    174.7301622773));
#2659 = CARTESIAN_POINT('',(15.88751722116,-306.9868519714,
    174.75302115802));
#2660 = CARTESIAN_POINT('',(15.76651815557,-306.986895145,
    174.75296784214));
#2661 = PCURVE('',#1949,#2662);
#2662 = DEFINITIONAL_REPRESENTATION('',(#2663),#2786);
#2663 = B_SPLINE_CURVE_WITH_KNOTS('',11,(#2664,#2665,#2666,#2667,#2668,
    #2669,#2670,#2671,#2672,#2673,#2674,#2675,#2676,#2677,#2678,#2679,
    #2680,#2681,#2682,#2683,#2684,#2685,#2686,#2687,#2688,#2689,#2690,
    #2691,#2692,#2693,#2694,#2695,#2696,#2697,#2698,#2699,#2700,#2701,
    #2702,#2703,#2704,#2705,#2706,#2707,#2708,#2709,#2710,#2711,#2712,
    #2713,#2714,#2715,#2716,#2717,#2718,#2719,#2720,#2721,#2722,#2723,
    #2724,#2725,#2726,#2727,#2728,#2729,#2730,#2731,#2732,#2733,#2734,
    #2735,#2736,#2737,#2738,#2739,#2740,#2741,#2742,#2743,#2744,#2745,
    #2746,#2747,#2748,#2749,#2750,#2751,#2752,#2753,#2754,#2755,#2756,
    #2757,#2758,#2759,#2760,#2761,#2762,#2763,#2764,#2765,#2766,#2767,
    #2768,#2769,#2770,#2771,#2772,#2773,#2774,#2775,#2776,#2777,#2778,
    #2779,#2780,#2781,#2782,#2783,#2784,#2785),.UNSPECIFIED.,.F.,.F.,(12
    ,10,10,10,10,10,10,10,10,10,10,10,12),(0.,3.126483863394E-02,
    6.252967726788E-02,9.379451590181E-02,0.125059354536,0.250118709072,
    0.312648386339,0.343913224973,0.375178063607,0.406442902241,
    0.437707740875,0.468972579509,0.500237418143),.UNSPECIFIED.);
#2664 = CARTESIAN_POINT('',(0.,9.414686110919));
#2665 = CARTESIAN_POINT('',(1.57034273766E-02,9.414684736444));
#2666 = CARTESIAN_POINT('',(3.162211818491E-02,9.414854019953));
#2667 = CARTESIAN_POINT('',(4.775599346473E-02,9.415193956677));
#2668 = CARTESIAN_POINT('',(6.410497425565E-02,9.415704541854));
#2669 = CARTESIAN_POINT('',(8.066898159773E-02,9.416385770716));
#2670 = CARTESIAN_POINT('',(9.744793653027E-02,9.417237638494));
#2671 = CARTESIAN_POINT('',(0.114441760094,9.41826014043));
#2672 = CARTESIAN_POINT('',(0.131650373327,9.419453271748));
#2673 = CARTESIAN_POINT('',(0.14907369727,9.42081702769));
#2674 = CARTESIAN_POINT('',(0.166711652963,9.422351403485));
#2675 = CARTESIAN_POINT('',(0.202416669928,9.425761385254));
#2676 = CARTESIAN_POINT('',(0.221117049494,9.427755758056));
#2677 = CARTESIAN_POINT('',(0.23556663156,9.429100364388));
#2678 = CARTESIAN_POINT('',(0.264894525265,9.433211035256));
#2679 = CARTESIAN_POINT('',(0.267490441877,9.432928377751));
#2680 = CARTESIAN_POINT('',(0.294231449908,9.436640626619));
#2681 = CARTESIAN_POINT('',(0.327589450209,9.441787240436));
#2682 = CARTESIAN_POINT('',(0.319988319168,9.440395422855));
#2683 = CARTESIAN_POINT('',(0.354024742858,9.445614066554));
#2684 = CARTESIAN_POINT('',(0.377302321201,9.449560290589));
#2685 = CARTESIAN_POINT('',(0.408661929301,9.45490634605));
#2686 = CARTESIAN_POINT('',(0.418541314067,9.456672088563));
#2687 = CARTESIAN_POINT('',(0.403565448187,9.454205251411));
#2688 = CARTESIAN_POINT('',(0.473549437401,9.466265193229));
#2689 = CARTESIAN_POINT('',(0.430144020213,9.459372645123));
#2690 = CARTESIAN_POINT('',(0.477483080221,9.467415607357));
#2691 = CARTESIAN_POINT('',(0.482605743245,9.468936269219));
#2692 = CARTESIAN_POINT('',(0.498437126147,9.471951703569));
#2693 = CARTESIAN_POINT('',(0.51587333651,9.475473398657));
#2694 = CARTESIAN_POINT('',(0.532781266999,9.478922131466));
#2695 = CARTESIAN_POINT('',(0.568498014076,9.486280320049));
#2696 = CARTESIAN_POINT('',(0.586392144654,9.489999070901));
#2697 = CARTESIAN_POINT('',(0.608320249956,9.494613566153));
#2698 = CARTESIAN_POINT('',(0.624539185211,9.498041800077));
#2699 = CARTESIAN_POINT('',(0.645676686982,9.50255359867));
#2700 = CARTESIAN_POINT('',(0.671067200547,9.508010906697));
#2701 = CARTESIAN_POINT('',(0.690976154473,9.512330173819));
#2702 = CARTESIAN_POINT('',(0.709255910715,9.516322211495));
#2703 = CARTESIAN_POINT('',(0.738327125647,9.522652027287));
#2704 = CARTESIAN_POINT('',(0.762201906821,9.527951771112));
#2705 = CARTESIAN_POINT('',(0.87899208238,9.553763196306));
#2706 = CARTESIAN_POINT('',(0.963425081554,9.571608389759));
#2707 = CARTESIAN_POINT('',(1.054635021886,9.589349876631));
#2708 = CARTESIAN_POINT('',(1.125931265606,9.602100321558));
#2709 = CARTESIAN_POINT('',(1.20679236254,9.615290519687));
#2710 = CARTESIAN_POINT('',(1.281586347559,9.625905961134));
#2711 = CARTESIAN_POINT('',(1.341605602667,9.633023116513));
#2712 = CARTESIAN_POINT('',(1.406269154912,9.640070333201));
#2713 = CARTESIAN_POINT('',(1.466344006811,9.643777707773));
#2714 = CARTESIAN_POINT('',(1.519281576127,9.645889284445));
#2715 = CARTESIAN_POINT('',(1.59554714093,9.645868597232));
#2716 = CARTESIAN_POINT('',(1.621596482192,9.645348136779));
#2717 = CARTESIAN_POINT('',(1.648834311035,9.64431407869));
#2718 = CARTESIAN_POINT('',(1.677330261768,9.642766391258));
#2719 = CARTESIAN_POINT('',(1.706941925878,9.640705056064));
#2720 = CARTESIAN_POINT('',(1.737511490637,9.638130073034));
#2721 = CARTESIAN_POINT('',(1.768979692313,9.635041459541));
#2722 = CARTESIAN_POINT('',(1.801417083847,9.631439242267));
#2723 = CARTESIAN_POINT('',(1.834972617121,9.627323443097));
#2724 = CARTESIAN_POINT('',(1.869739539727,9.622694058016));
#2725 = CARTESIAN_POINT('',(1.923438139577,9.614979515508));
#2726 = CARTESIAN_POINT('',(1.941604092046,9.61227958095));
#2727 = CARTESIAN_POINT('',(1.960036286883,9.609451229879));
#2728 = CARTESIAN_POINT('',(1.978734547293,9.606494466258));
#2729 = CARTESIAN_POINT('',(1.997698696438,9.603409293878));
#2730 = CARTESIAN_POINT('',(2.016928557542,9.600195716783));
#2731 = CARTESIAN_POINT('',(2.036423953757,9.59685373873));
#2732 = CARTESIAN_POINT('',(2.056184708303,9.593383363733));
#2733 = CARTESIAN_POINT('',(2.076210644348,9.589784595621));
#2734 = CARTESIAN_POINT('',(2.09650158509,9.586057438331));
#2735 = CARTESIAN_POINT('',(2.137613122343,9.578346353168));
#2736 = CARTESIAN_POINT('',(2.159195827501,9.574191673225));
#2737 = CARTESIAN_POINT('',(2.177251077765,9.570762253293));
#2738 = CARTESIAN_POINT('',(2.202894317094,9.565555337803));
#2739 = CARTESIAN_POINT('',(2.223881118428,9.5613292396));
#2740 = CARTESIAN_POINT('',(2.241179945478,9.557861397367));
#2741 = CARTESIAN_POINT('',(2.265949380268,9.552641888143));
#2742 = CARTESIAN_POINT('',(2.293356588235,9.546771299727));
#2743 = CARTESIAN_POINT('',(2.309266016159,9.543423903272));
#2744 = CARTESIAN_POINT('',(2.333376992769,9.5381178549));
#2745 = CARTESIAN_POINT('',(2.382415058635,9.527289532586));
#2746 = CARTESIAN_POINT('',(2.407341316869,9.521780375032));
#2747 = CARTESIAN_POINT('',(2.430788810383,9.516644809506));
#2748 = CARTESIAN_POINT('',(2.453181338889,9.511778047506));
#2749 = CARTESIAN_POINT('',(2.475140588708,9.507027367418));
#2750 = CARTESIAN_POINT('',(2.496735002129,9.502377947953));
#2751 = CARTESIAN_POINT('',(2.517601191974,9.497921266568));
#2752 = CARTESIAN_POINT('',(2.537449674453,9.493728239119));
#2753 = CARTESIAN_POINT('',(2.55646669298,9.489749275956));
#2754 = CARTESIAN_POINT('',(2.575123906017,9.485863430688));
#2755 = CARTESIAN_POINT('',(2.610691517359,9.478534203316));
#2756 = CARTESIAN_POINT('',(2.62791067089,9.47502727913));
#2757 = CARTESIAN_POINT('',(2.642268663471,9.472072594064));
#2758 = CARTESIAN_POINT('',(2.668911461439,9.467085606489));
#2759 = CARTESIAN_POINT('',(2.649278934195,9.470056781553));
#2760 = CARTESIAN_POINT('',(2.732888675131,9.455498132135));
#2761 = CARTESIAN_POINT('',(2.653167233642,9.468803694387));
#2762 = CARTESIAN_POINT('',(2.747144371123,9.452602598976));
#2763 = CARTESIAN_POINT('',(2.721143394832,9.45692442356));
#2764 = CARTESIAN_POINT('',(2.733268304792,9.45477780416));
#2765 = CARTESIAN_POINT('',(2.766629273433,9.449101117394));
#2766 = CARTESIAN_POINT('',(2.792168003924,9.444836252519));
#2767 = CARTESIAN_POINT('',(2.809410413698,9.44220529387));
#2768 = CARTESIAN_POINT('',(2.826650346599,9.43967063585));
#2769 = CARTESIAN_POINT('',(2.846889522643,9.436714749458));
#2770 = CARTESIAN_POINT('',(2.866959064437,9.43394517072));
#2771 = CARTESIAN_POINT('',(2.884769304084,9.431734951883));
#2772 = CARTESIAN_POINT('',(2.902329538769,9.429686786058));
#2773 = CARTESIAN_POINT('',(2.921554848918,9.427448631594));
#2774 = CARTESIAN_POINT('',(2.939252541599,9.425648289237));
#2775 = CARTESIAN_POINT('',(2.974859914225,9.422259715196));
#2776 = CARTESIAN_POINT('',(2.992464916527,9.420735786565));
#2777 = CARTESIAN_POINT('',(3.009868952997,9.419382217609));
#2778 = CARTESIAN_POINT('',(3.027069741823,9.418199009632));
#2779 = CARTESIAN_POINT('',(3.044065001174,9.417186163904));
#2780 = CARTESIAN_POINT('',(3.060852449249,9.416343681741));
#2781 = CARTESIAN_POINT('',(3.07742980421,9.415671564411));
#2782 = CARTESIAN_POINT('',(3.093794784255,9.415169813221));
#2783 = CARTESIAN_POINT('',(3.109945107555,9.414838429453));
#2784 = CARTESIAN_POINT('',(3.125878492297,9.414677414403));
#2785 = CARTESIAN_POINT('',(3.141592656659,9.414686769359));
#2786 = ( GEOMETRIC_REPRESENTATION_CONTEXT(2) 
PARAMETRIC_REPRESENTATION_CONTEXT() REPRESENTATION_CONTEXT('2D SPACE',''
  ) );
#2787 = PCURVE('',#1775,#2788);
#2788 = DEFINITIONAL_REPRESENTATION('',(#2789),#2903);
#2789 = B_SPLINE_CURVE_WITH_KNOTS('',3,(#2790,#2791,#2792,#2793,#2794,
    #2795,#2796,#2797,#2798,#2799,#2800,#2801,#2802,#2803,#2804,#2805,
    #2806,#2807,#2808,#2809,#2810,#2811,#2812,#2813,#2814,#2815,#2816,
    #2817,#2818,#2819,#2820,#2821,#2822,#2823,#2824,#2825,#2826,#2827,
    #2828,#2829,#2830,#2831,#2832,#2833,#2834,#2835,#2836,#2837,#2838,
    #2839,#2840,#2841,#2842,#2843,#2844,#2845,#2846,#2847,#2848,#2849,
    #2850,#2851,#2852,#2853,#2854,#2855,#2856,#2857,#2858,#2859,#2860,
    #2861,#2862,#2863,#2864,#2865,#2866,#2867,#2868,#2869,#2870,#2871,
    #2872,#2873,#2874,#2875,#2876,#2877,#2878,#2879,#2880,#2881,#2882,
    #2883,#2884,#2885,#2886,#2887,#2888,#2889,#2890,#2891,#2892,#2893,
    #2894,#2895,#2896,#2897,#2898,#2899,#2900,#2901,#2902),
  .UNSPECIFIED.,.F.,.F.,(4,1,1,1,1,1,1,1,1,1,1,1,1,1,1,1,1,1,1,1,1,1,1,1
    ,1,1,1,1,1,1,1,1,1,1,1,1,1,1,1,1,1,1,1,1,1,1,1,1,1,1,1,1,1,1,1,1,1,1
    ,1,1,1,1,1,1,1,1,1,1,1,1,1,1,1,1,1,1,1,1,1,1,1,1,1,1,1,1,1,1,1,1,1,1
    ,1,1,1,1,1,1,1,1,1,1,1,1,1,1,1,1,1,1,4),(0.,4.546540728674E-03,
    9.093081457348E-03,1.363962218602E-02,1.81861629147E-02,
    2.273270364337E-02,2.727924437204E-02,3.182578510072E-02,
    3.637232582939E-02,4.091886655807E-02,4.546540728674E-02,
    5.001194801541E-02,5.455848874409E-02,5.910502947276E-02,
    6.365157020144E-02,6.819811093011E-02,7.274465165878E-02,
    7.729119238746E-02,8.183773311613E-02,8.638427384481E-02,
    9.093081457348E-02,9.547735530216E-02,0.100023896031,0.10457043676,
    0.109116977488,0.113663518217,0.118210058946,0.122756599674,
    0.127303140403,0.131849681132,0.13639622186,0.140942762589,
    0.145489303318,0.150035844046,0.154582384775,0.159128925504,
    0.163675466232,0.168222006961,0.17276854769,0.177315088418,
    0.181861629147,0.186408169876,0.190954710604,0.195501251333,
    0.200047792062,0.20459433279,0.209140873519,0.213687414248,
    0.218233954976,0.222780495705,0.227327036434,0.231873577162,
    0.236420117891,0.24096665862,0.245513199348,0.250059740077,
    0.254606280806,0.259152821534,0.263699362263,0.268245902992,
    0.27279244372,0.277338984449,0.281885525178,0.286432065906,
    0.290978606635,0.295525147364,0.300071688092,0.304618228821,
    0.30916476955,0.313711310279,0.318257851007,0.322804391736,
    0.327350932465,0.331897473193,0.336444013922,0.340990554651,
    0.345537095379,0.350083636108,0.354630176837,0.359176717565,
    0.363723258294,0.368269799023,0.372816339751,0.37736288048,
    0.381909421209,0.386455961937,0.391002502666,0.395549043395,
    0.400095584123,0.404642124852,0.409188665581,0.413735206309,
    0.418281747038,0.422828287767,0.427374828495,0.431921369224,
    0.436467909953,0.441014450681,0.44556099141,0.450107532139,
    0.454654072867,0.459200613596,0.463747154325,0.468293695053,
    0.472840235782,0.477386776511,0.481933317239,0.486479857968,
    0.491026398697,0.495572939425,0.500119480154),
  .QUASI_UNIFORM_KNOTS.);
#2790 = CARTESIAN_POINT('',(1.137351006728,-63.69999999999));
#2791 = CARTESIAN_POINT('',(1.13735088022,-63.70879184603));
#2792 = CARTESIAN_POINT('',(1.137452989146,-63.72655354937));
#2793 = CARTESIAN_POINT('',(1.137927753642,-63.75370604532));
#2794 = CARTESIAN_POINT('',(1.138738646526,-63.78134440323));
#2795 = CARTESIAN_POINT('',(1.139900153073,-63.80944449571));
#2796 = CARTESIAN_POINT('',(1.141426754176,-63.83798237518));
#2797 = CARTESIAN_POINT('',(1.143332935577,-63.86693342318));
#2798 = CARTESIAN_POINT('',(1.145633219284,-63.896275525));
#2799 = CARTESIAN_POINT('',(1.148342137971,-63.92597689601));
#2800 = CARTESIAN_POINT('',(1.151474228104,-63.95600019588));
#2801 = CARTESIAN_POINT('',(1.15504222141,-63.98629914369));
#2802 = CARTESIAN_POINT('',(1.159065805563,-64.01687546151));
#2803 = CARTESIAN_POINT('',(1.163538640351,-64.04754278998));
#2804 = CARTESIAN_POINT('',(1.168548838937,-64.0787888046));
#2805 = CARTESIAN_POINT('',(1.173831563147,-64.1085818595));
#2806 = CARTESIAN_POINT('',(1.176539368014,-64.12296615874));
#2807 = CARTESIAN_POINT('',(1.180501275976,-64.14328326292));
#2808 = CARTESIAN_POINT('',(1.184737611002,-64.16373258979));
#2809 = CARTESIAN_POINT('',(1.189557451879,-64.18578605969));
#2810 = CARTESIAN_POINT('',(1.194924723092,-64.20896772545));
#2811 = CARTESIAN_POINT('',(1.200896604117,-64.2333206073));
#2812 = CARTESIAN_POINT('',(1.207504003214,-64.25875972345));
#2813 = CARTESIAN_POINT('',(1.214794176207,-64.28518082011));
#2814 = CARTESIAN_POINT('',(1.222814474111,-64.31246527215));
#2815 = CARTESIAN_POINT('',(1.231596923045,-64.34046886462));
#2816 = CARTESIAN_POINT('',(1.241231195956,-64.36917863617));
#2817 = CARTESIAN_POINT('',(1.251593360791,-64.39803081263));
#2818 = CARTESIAN_POINT('',(1.263466927529,-64.42866167777));
#2819 = CARTESIAN_POINT('',(1.274979994596,-64.45623591274));
#2820 = CARTESIAN_POINT('',(1.28660747129,-64.48222671182));
#2821 = CARTESIAN_POINT('',(1.298370948769,-64.50676872713));
#2822 = CARTESIAN_POINT('',(1.310236017984,-64.52986933423));
#2823 = CARTESIAN_POINT('',(1.322182731308,-64.55157001234));
#2824 = CARTESIAN_POINT('',(1.334186748978,-64.57190310259));
#2825 = CARTESIAN_POINT('',(1.346224425212,-64.59090339479));
#2826 = CARTESIAN_POINT('',(1.358271487026,-64.60860502213));
#2827 = CARTESIAN_POINT('',(1.370303434045,-64.62504229562));
#2828 = CARTESIAN_POINT('',(1.382295487908,-64.64024947158));
#2829 = CARTESIAN_POINT('',(1.394222642964,-64.6542608473));
#2830 = CARTESIAN_POINT('',(1.406059776937,-64.66711061089));
#2831 = CARTESIAN_POINT('',(1.417781428945,-64.67883334616));
#2832 = CARTESIAN_POINT('',(1.429362850325,-64.68946216332));
#2833 = CARTESIAN_POINT('',(1.440776292703,-64.69903567131));
#2834 = CARTESIAN_POINT('',(1.452007642844,-64.70763123063));
#2835 = CARTESIAN_POINT('',(1.463052135377,-64.71528571173));
#2836 = CARTESIAN_POINT('',(1.473902921716,-64.72204505552));
#2837 = CARTESIAN_POINT('',(1.48455387904,-64.7279527725));
#2838 = CARTESIAN_POINT('',(1.49499885146,-64.7330530244));
#2839 = CARTESIAN_POINT('',(1.505231861621,-64.73738979839));
#2840 = CARTESIAN_POINT('',(1.515247000369,-64.7410071287));
#2841 = CARTESIAN_POINT('',(1.52503862591,-64.74394903581));
#2842 = CARTESIAN_POINT('',(1.534600639288,-64.74625954826));
#2843 = CARTESIAN_POINT('',(1.5439291377,-64.74798267595));
#2844 = CARTESIAN_POINT('',(1.553012472956,-64.74916249536));
#2845 = CARTESIAN_POINT('',(1.561868304579,-64.74984283534));
#2846 = CARTESIAN_POINT('',(1.570405262508,-64.75006844861));
#2847 = CARTESIAN_POINT('',(1.578939170318,-64.74988064002));
#2848 = CARTESIAN_POINT('',(1.587813685578,-64.74923235788));
#2849 = CARTESIAN_POINT('',(1.596927455653,-64.74808036106));
#2850 = CARTESIAN_POINT('',(1.606298213061,-64.74638038811));
#2851 = CARTESIAN_POINT('',(1.615911681778,-64.74408845096));
#2852 = CARTESIAN_POINT('',(1.625762048418,-64.74116048836));
#2853 = CARTESIAN_POINT('',(1.635841105313,-64.73755245844));
#2854 = CARTESIAN_POINT('',(1.646141151245,-64.73322031495));
#2855 = CARTESIAN_POINT('',(1.65665419997,-64.72812000976));
#2856 = CARTESIAN_POINT('',(1.667372210451,-64.72220750663));
#2857 = CARTESIAN_POINT('',(1.678286933088,-64.71543872372));
#2858 = CARTESIAN_POINT('',(1.689390280971,-64.70776974961));
#2859 = CARTESIAN_POINT('',(1.7006729958,-64.69915603686));
#2860 = CARTESIAN_POINT('',(1.712129620842,-64.68955541166));
#2861 = CARTESIAN_POINT('',(1.723738041571,-64.67891544665));
#2862 = CARTESIAN_POINT('',(1.735474355446,-64.66719369079));
#2863 = CARTESIAN_POINT('',(1.74731880385,-64.65434950631));
#2864 = CARTESIAN_POINT('',(1.759250550331,-64.6403417886));
#2865 = CARTESIAN_POINT('',(1.771249242574,-64.62512948712));
#2866 = CARTESIAN_POINT('',(1.783294201728,-64.60867180193));
#2867 = CARTESIAN_POINT('',(1.795366323652,-64.5909268766));
#2868 = CARTESIAN_POINT('',(1.807439662985,-64.5718585652));
#2869 = CARTESIAN_POINT('',(1.819483037011,-64.55144555968));
#2870 = CARTESIAN_POINT('',(1.831483435496,-64.52962489743));
#2871 = CARTESIAN_POINT('',(1.843365635731,-64.50648392829));
#2872 = CARTESIAN_POINT('',(1.85528219797,-64.48156141408));
#2873 = CARTESIAN_POINT('',(1.866426891745,-64.45670921124));
#2874 = CARTESIAN_POINT('',(1.878850260932,-64.42689808143));
#2875 = CARTESIAN_POINT('',(1.890230786045,-64.39741494712));
#2876 = CARTESIAN_POINT('',(1.900717003303,-64.3682225336));
#2877 = CARTESIAN_POINT('',(1.910326637064,-64.33951284303));
#2878 = CARTESIAN_POINT('',(1.919112294443,-64.31141621199));
#2879 = CARTESIAN_POINT('',(1.927116880083,-64.28408036241));
#2880 = CARTESIAN_POINT('',(1.934385562682,-64.25764514043));
#2881 = CARTESIAN_POINT('',(1.940962079112,-64.23226451005));
#2882 = CARTESIAN_POINT('',(1.946893730865,-64.20798230289));
#2883 = CARTESIAN_POINT('',(1.952214324068,-64.18491822651));
#2884 = CARTESIAN_POINT('',(1.956990141244,-64.16301482528));
#2885 = CARTESIAN_POINT('',(1.961167636063,-64.14286323944));
#2886 = CARTESIAN_POINT('',(1.965127321845,-64.1225722215));
#2887 = CARTESIAN_POINT('',(1.967615661382,-64.10945345289));
#2888 = CARTESIAN_POINT('',(1.973120000132,-64.07842003482));
#2889 = CARTESIAN_POINT('',(1.978046148184,-64.04768667356));
#2890 = CARTESIAN_POINT('',(1.982520062039,-64.01707957767));
#2891 = CARTESIAN_POINT('',(1.986526057875,-63.98668476625));
#2892 = CARTESIAN_POINT('',(1.990086301417,-63.95651864238));
#2893 = CARTESIAN_POINT('',(1.993212715515,-63.92661626271));
#2894 = CARTESIAN_POINT('',(1.995919873233,-63.89700768566));
#2895 = CARTESIAN_POINT('',(1.998221554084,-63.86772430892));
#2896 = CARTESIAN_POINT('',(2.000131681048,-63.83879717134));
#2897 = CARTESIAN_POINT('',(2.001664086492,-63.81025740792));
#2898 = CARTESIAN_POINT('',(2.00283259342,-63.78213612788));
#2899 = CARTESIAN_POINT('',(2.003651015127,-63.75446444737));
#2900 = CARTESIAN_POINT('',(2.004133171631,-63.72727348065));
#2901 = CARTESIAN_POINT('',(2.004239672976,-63.70948738857));
#2902 = CARTESIAN_POINT('',(2.004241497748,-63.70068483307));
#2903 = ( GEOMETRIC_REPRESENTATION_CONTEXT(2) 
PARAMETRIC_REPRESENTATION_CONTEXT() REPRESENTATION_CONTEXT('2D SPACE',''
  ) );
#2904 = ORIENTED_EDGE('',*,*,#2416,.F.);
#2905 = ORIENTED_EDGE('',*,*,#1850,.F.);
#2906 = ORIENTED_EDGE('',*,*,#2587,.T.);
#2907 = ADVANCED_FACE('',(#2908,#2914),#1775,.F.);
#2908 = FACE_BOUND('',#2909,.F.);
#2909 = EDGE_LOOP('',(#2910,#2911,#2912,#2913));
#2910 = ORIENTED_EDGE('',*,*,#2387,.F.);
#2911 = ORIENTED_EDGE('',*,*,#2305,.F.);
#2912 = ORIENTED_EDGE('',*,*,#1752,.T.);
#2913 = ORIENTED_EDGE('',*,*,#2361,.T.);
#2914 = FACE_BOUND('',#2915,.F.);
#2915 = EDGE_LOOP('',(#2916,#2917));
#2916 = ORIENTED_EDGE('',*,*,#2439,.F.);
#2917 = ORIENTED_EDGE('',*,*,#2612,.F.);
#2918 = ADVANCED_FACE('',(#2919),#1682,.T.);
#2919 = FACE_BOUND('',#2920,.T.);
#2920 = EDGE_LOOP('',(#2921,#2922,#2923,#2945));
#2921 = ORIENTED_EDGE('',*,*,#1820,.T.);
#2922 = ORIENTED_EDGE('',*,*,#1666,.T.);
#2923 = ORIENTED_EDGE('',*,*,#2924,.F.);
#2924 = EDGE_CURVE('',#1614,#1590,#2925,.T.);
#2925 = SURFACE_CURVE('',#2926,(#2931,#2938),.PCURVE_S1.);
#2926 = CIRCLE('',#2927,3.65);
#2927 = AXIS2_PLACEMENT_3D('',#2928,#2929,#2930);
#2928 = CARTESIAN_POINT('',(17.86651815885,-304.7430857499,
    175.85538445386));
#2929 = DIRECTION('',(-1.,2.628718675401E-11,-1.306410413966E-15));
#2930 = DIRECTION('',(2.042984577947E-11,0.777147582301,-0.629318389469)
  );
#2931 = PCURVE('',#1682,#2932);
#2932 = DEFINITIONAL_REPRESENTATION('',(#2933),#2937);
#2933 = LINE('',#2934,#2935);
#2934 = CARTESIAN_POINT('',(0.,0.4));
#2935 = VECTOR('',#2936,1.);
#2936 = DIRECTION('',(1.,1.221452426252E-13));
#2937 = ( GEOMETRIC_REPRESENTATION_CONTEXT(2) 
PARAMETRIC_REPRESENTATION_CONTEXT() REPRESENTATION_CONTEXT('2D SPACE',''
  ) );
#2938 = PCURVE('',#1547,#2939);
#2939 = DEFINITIONAL_REPRESENTATION('',(#2940),#2944);
#2940 = LINE('',#2941,#2942);
#2941 = CARTESIAN_POINT('',(3.14159265359,2.886579864025E-15));
#2942 = VECTOR('',#2943,1.);
#2943 = DIRECTION('',(-1.,-4.52345554697E-15));
#2944 = ( GEOMETRIC_REPRESENTATION_CONTEXT(2) 
PARAMETRIC_REPRESENTATION_CONTEXT() REPRESENTATION_CONTEXT('2D SPACE',''
  ) );
#2945 = ORIENTED_EDGE('',*,*,#1727,.F.);
#2946 = ADVANCED_FACE('',(#2947),#1547,.F.);
#2947 = FACE_BOUND('',#2948,.F.);
#2948 = EDGE_LOOP('',(#2949,#2950,#2951,#2952));
#2949 = ORIENTED_EDGE('',*,*,#1528,.F.);
#2950 = ORIENTED_EDGE('',*,*,#1589,.F.);
#2951 = ORIENTED_EDGE('',*,*,#2924,.F.);
#2952 = ORIENTED_EDGE('',*,*,#1613,.T.);
#2953 = ADVANCED_FACE('',(#2954),#648,.T.);
#2954 = FACE_BOUND('',#2955,.T.);
#2955 = EDGE_LOOP('',(#2956,#2957,#2958,#2959));
#2956 = ORIENTED_EDGE('',*,*,#1499,.T.);
#2957 = ORIENTED_EDGE('',*,*,#1416,.T.);
#2958 = ORIENTED_EDGE('',*,*,#629,.F.);
#2959 = ORIENTED_EDGE('',*,*,#1473,.F.);
#2960 = ADVANCED_FACE('',(#2961),#106,.F.);
#2961 = FACE_BOUND('',#2962,.F.);
#2962 = EDGE_LOOP('',(#2963,#2964));
#2963 = ORIENTED_EDGE('',*,*,#21,.T.);
#2964 = ORIENTED_EDGE('',*,*,#529,.T.);
#2965 = ( GEOMETRIC_REPRESENTATION_CONTEXT(3) 
GLOBAL_UNCERTAINTY_ASSIGNED_CONTEXT((#2969)) 
GLOBAL_UNIT_ASSIGNED_CONTEXT((#2966,#2967,#2968)) REPRESENTATION_CONTEXT
('Context #1','3D Context with UNIT and UNCERTAINTY') );
#2966 = ( LENGTH_UNIT() NAMED_UNIT(*) SI_UNIT(.MILLI.,.METRE.) );
#2967 = ( NAMED_UNIT(*) PLANE_ANGLE_UNIT() SI_UNIT($,.RADIAN.) );
#2968 = ( NAMED_UNIT(*) SI_UNIT($,.STERADIAN.) SOLID_ANGLE_UNIT() );
#2969 = UNCERTAINTY_MEASURE_WITH_UNIT(LENGTH_MEASURE(5.E-04),#2966,
  'distance_accuracy_value','confusion accuracy');
#2970 = PRODUCT_RELATED_PRODUCT_CATEGORY('part',$,(#7));
ENDSEC;
END-ISO-10303-21;
