ISO-10303-21;
HEADER;
FILE_DESCRIPTION(('Open CASCADE Model'),'2;1');
FILE_NAME('Open CASCADE Shape Model','2026-10-07T15:28:12',('Author'),(
    'Open CASCADE'),'Open CASCADE STEP processor 7.9','Open CASCADE 7.9'
  ,'Unknown');
FILE_SCHEMA(('AUTOMOTIVE_DESIGN { 1 0 10303 214 1 1 1 1 }'));
ENDSEC;
DATA;
#1 = APPLICATION_PROTOCOL_DEFINITION('international standard',
  'automotive_design',2000,#2);
#2 = APPLICATION_CONTEXT(
  'core data for automotive mechanical design processes');
#3 = SHAPE_DEFINITION_REPRESENTATION(#4,#10);
#4 = PRODUCT_DEFINITION_SHAPE('','',#5);
#5 = PRODUCT_DEFINITION('design','',#6,#9);
#6 = PRODUCT_DEFINITION_FORMATION('','',#7);
#7 = PRODUCT('Open CASCADE STEP translator 7.9 1',
  'Open CASCADE STEP translator 7.9 1','',(#8));
#8 = PRODUCT_CONTEXT('',#2,'mechanical');
#9 = PRODUCT_DEFINITION_CONTEXT('part definition',#2,'design');
#10 = ADVANCED_BREP_SHAPE_REPRESENTATION('',(#11,#15),#10776);
#11 = AXIS2_PLACEMENT_3D('',#12,#13,#14);
#12 = CARTESIAN_POINT('',(0.,0.,0.));
#13 = DIRECTION('',(0.,0.,1.));
#14 = DIRECTION('',(1.,0.,-0.));
#15 = MANIFOLD_SOLID_BREP('',#16);
#16 = CLOSED_SHELL('',(#17,#737,#903,#1017,#1103,#1184,#1265,#1419,#1543
    ,#1824,#2144,#2226,#2302,#5624,#5654,#5845,#9059,#9239,#9317,#9445,
    #9636,#9663,#9670,#9854,#9882,#10007,#10039,#10096,#10106,#10158,
    #10286,#10363,#10445,#10494,#10499,#10506,#10513,#10585,#10591,
    #10679,#10709,#10737,#10768));
#17 = ADVANCED_FACE('',(#18),#33,.T.);
#18 = FACE_BOUND('',#19,.T.);
#19 = EDGE_LOOP('',(#20,#56,#84,#135,#158,#294,#443));
#20 = ORIENTED_EDGE('',*,*,#21,.T.);
#21 = EDGE_CURVE('',#22,#24,#26,.T.);
#22 = VERTEX_POINT('',#23);
#23 = CARTESIAN_POINT('',(17.50481993157,-297.7076973679,236.58895708772
    ));
#24 = VERTEX_POINT('',#25);
#25 = CARTESIAN_POINT('',(17.50481993148,-301.4761773727,239.0857755452)
  );
#26 = SURFACE_CURVE('',#27,(#32,#44),.PCURVE_S1.);
#27 = CIRCLE('',#28,4.25);
#28 = AXIS2_PLACEMENT_3D('',#29,#30,#31);
#29 = CARTESIAN_POINT('',(17.50481993147,-301.5798136015,234.83703931756
    ));
#30 = DIRECTION('',(1.,-2.628418675401E-11,3.064104139656E-16));
#31 = DIRECTION('',(-6.406334439457E-13,-2.438499502551E-02,
    -0.999702641798));
#32 = PCURVE('',#33,#38);
#33 = CYLINDRICAL_SURFACE('',#34,4.25);
#34 = AXIS2_PLACEMENT_3D('',#35,#36,#37);
#35 = CARTESIAN_POINT('',(19.50481993147,-301.5798136016,234.83703931756
    ));
#36 = DIRECTION('',(1.,-2.628418675401E-11,3.064104139678E-16));
#37 = DIRECTION('',(-6.406334439457E-13,-2.438499502551E-02,
    -0.999702641798));
#38 = DEFINITIONAL_REPRESENTATION('',(#39),#43);
#39 = LINE('',#40,#41);
#40 = CARTESIAN_POINT('',(-7.216449660064E-13,-2.));
#41 = VECTOR('',#42,1.);
#42 = DIRECTION('',(1.,0.));
#43 = ( GEOMETRIC_REPRESENTATION_CONTEXT(2) 
PARAMETRIC_REPRESENTATION_CONTEXT() REPRESENTATION_CONTEXT('2D SPACE',''
  ) );
#44 = PCURVE('',#45,#50);
#45 = TOROIDAL_SURFACE('',#46,6.25,2.);
#46 = AXIS2_PLACEMENT_3D('',#47,#48,#49);
#47 = CARTESIAN_POINT('',(17.50481993147,-301.5798136015,234.83703931756
    ));
#48 = DIRECTION('',(1.,-2.628418675401E-11,3.064104139678E-16));
#49 = DIRECTION('',(-6.406334439457E-13,-2.438499502551E-02,
    -0.999702641798));
#50 = DEFINITIONAL_REPRESENTATION('',(#51),#55);
#51 = LINE('',#52,#53);
#52 = CARTESIAN_POINT('',(1.7763568394E-15,3.14159265359));
#53 = VECTOR('',#54,1.);
#54 = DIRECTION('',(1.,-7.919388547409E-16));
#55 = ( GEOMETRIC_REPRESENTATION_CONTEXT(2) 
PARAMETRIC_REPRESENTATION_CONTEXT() REPRESENTATION_CONTEXT('2D SPACE',''
  ) );
#56 = ORIENTED_EDGE('',*,*,#57,.T.);
#57 = EDGE_CURVE('',#24,#58,#60,.T.);
#58 = VERTEX_POINT('',#59);
#59 = CARTESIAN_POINT('',(18.50481993148,-301.4761773727,239.0857755452)
  );
#60 = SURFACE_CURVE('',#61,(#65,#72),.PCURVE_S1.);
#61 = LINE('',#62,#63);
#62 = CARTESIAN_POINT('',(19.50481993148,-301.4761773727,239.0857755452)
  );
#63 = VECTOR('',#64,1.);
#64 = DIRECTION('',(1.,-2.628418675401E-11,3.064104139678E-16));
#65 = PCURVE('',#33,#66);
#66 = DEFINITIONAL_REPRESENTATION('',(#67),#71);
#67 = LINE('',#68,#69);
#68 = CARTESIAN_POINT('',(3.141592653589,7.275957614183E-12));
#69 = VECTOR('',#70,1.);
#70 = DIRECTION('',(0.,1.));
#71 = ( GEOMETRIC_REPRESENTATION_CONTEXT(2) 
PARAMETRIC_REPRESENTATION_CONTEXT() REPRESENTATION_CONTEXT('2D SPACE',''
  ) );
#72 = PCURVE('',#73,#78);
#73 = CYLINDRICAL_SURFACE('',#74,4.25);
#74 = AXIS2_PLACEMENT_3D('',#75,#76,#77);
#75 = CARTESIAN_POINT('',(19.50481993147,-301.5798136016,234.83703931756
    ));
#76 = DIRECTION('',(1.,-2.628418675401E-11,3.064104139678E-16));
#77 = DIRECTION('',(-6.406334439457E-13,-2.438499502551E-02,
    -0.999702641798));
#78 = DEFINITIONAL_REPRESENTATION('',(#79),#83);
#79 = LINE('',#80,#81);
#80 = CARTESIAN_POINT('',(3.141592653589,7.275957614183E-12));
#81 = VECTOR('',#82,1.);
#82 = DIRECTION('',(0.,1.));
#83 = ( GEOMETRIC_REPRESENTATION_CONTEXT(2) 
PARAMETRIC_REPRESENTATION_CONTEXT() REPRESENTATION_CONTEXT('2D SPACE',''
  ) );
#84 = ORIENTED_EDGE('',*,*,#85,.F.);
#85 = EDGE_CURVE('',#86,#58,#88,.T.);
#86 = VERTEX_POINT('',#87);
#87 = CARTESIAN_POINT('',(18.50481993147,-301.6834498304,230.58830308992
    ));
#88 = SURFACE_CURVE('',#89,(#94,#101),.PCURVE_S1.);
#89 = CIRCLE('',#90,4.25);
#90 = AXIS2_PLACEMENT_3D('',#91,#92,#93);
#91 = CARTESIAN_POINT('',(18.50481993147,-301.5798136016,234.83703931756
    ));
#92 = DIRECTION('',(1.,-2.628418675401E-11,3.064104139656E-16));
#93 = DIRECTION('',(-6.406334439457E-13,-2.438499502551E-02,
    -0.999702641798));
#94 = PCURVE('',#33,#95);
#95 = DEFINITIONAL_REPRESENTATION('',(#96),#100);
#96 = LINE('',#97,#98);
#97 = CARTESIAN_POINT('',(0.,-1.));
#98 = VECTOR('',#99,1.);
#99 = DIRECTION('',(1.,4.523455546972E-15));
#100 = ( GEOMETRIC_REPRESENTATION_CONTEXT(2) 
PARAMETRIC_REPRESENTATION_CONTEXT() REPRESENTATION_CONTEXT('2D SPACE',''
  ) );
#101 = PCURVE('',#102,#107);
#102 = TOROIDAL_SURFACE('',#103,3.25,1.);
#103 = AXIS2_PLACEMENT_3D('',#104,#105,#106);
#104 = CARTESIAN_POINT('',(18.50481993147,-301.5798136016,
    234.83703931756));
#105 = DIRECTION('',(1.,-2.628418675401E-11,3.064104139678E-16));
#106 = DIRECTION('',(-6.406334439457E-13,-2.438499502551E-02,
    -0.999702641798));
#107 = DEFINITIONAL_REPRESENTATION('',(#108),#134);
#108 = B_SPLINE_CURVE_WITH_KNOTS('',3,(#109,#110,#111,#112,#113,#114,
    #115,#116,#117,#118,#119,#120,#121,#122,#123,#124,#125,#126,#127,
    #128,#129,#130,#131,#132,#133),.UNSPECIFIED.,.F.,.F.,(4,1,1,1,1,1,1,
    1,1,1,1,1,1,1,1,1,1,1,1,1,1,1,4),(0.,0.142799666072,0.285599332145,
    0.428398998217,0.571198664289,0.713998330361,0.856797996434,
    0.999597662506,1.142397328578,1.28519699465,1.427996660723,
    1.570796326795,1.713595992867,1.856395658939,1.999195325012,
    2.141994991084,2.284794657156,2.427594323228,2.570393989301,
    2.713193655373,2.855993321445,2.998792987518,3.14159265359),
  .UNSPECIFIED.);
#109 = CARTESIAN_POINT('',(0.,0.));
#110 = CARTESIAN_POINT('',(4.759988869076E-02,-1.7763568394E-15));
#111 = CARTESIAN_POINT('',(0.142799666072,-8.881784197001E-16));
#112 = CARTESIAN_POINT('',(0.285599332145,3.552713678801E-15));
#113 = CARTESIAN_POINT('',(0.428398998217,-1.95399252334E-14));
#114 = CARTESIAN_POINT('',(0.571198664289,-8.881784197001E-15));
#115 = CARTESIAN_POINT('',(0.713998330361,-2.30926389122E-14));
#116 = CARTESIAN_POINT('',(0.856797996434,1.33226762955E-14));
#117 = CARTESIAN_POINT('',(0.999597662506,-2.57571741713E-14));
#118 = CARTESIAN_POINT('',(1.142397328578,7.105427357601E-15));
#119 = CARTESIAN_POINT('',(1.28519699465,-4.440892098501E-15));
#120 = CARTESIAN_POINT('',(1.427996660723,7.105427357601E-15));
#121 = CARTESIAN_POINT('',(1.570796326795,-2.48689957516E-14));
#122 = CARTESIAN_POINT('',(1.713595992867,8.881784197001E-15));
#123 = CARTESIAN_POINT('',(1.856395658939,-2.6645352591E-15));
#124 = CARTESIAN_POINT('',(1.999195325012,4.440892098501E-15));
#125 = CARTESIAN_POINT('',(2.141994991084,-1.7763568394E-14));
#126 = CARTESIAN_POINT('',(2.284794657156,-1.86517468137E-14));
#127 = CARTESIAN_POINT('',(2.427594323228,7.105427357601E-15));
#128 = CARTESIAN_POINT('',(2.570393989301,-1.7763568394E-15));
#129 = CARTESIAN_POINT('',(2.713193655373,8.881784197001E-16));
#130 = CARTESIAN_POINT('',(2.855993321445,-1.7763568394E-15));
#131 = CARTESIAN_POINT('',(2.998792987518,2.6645352591E-15));
#132 = CARTESIAN_POINT('',(3.093992764899,8.881784197001E-16));
#133 = CARTESIAN_POINT('',(3.14159265359,0.));
#134 = ( GEOMETRIC_REPRESENTATION_CONTEXT(2) 
PARAMETRIC_REPRESENTATION_CONTEXT() REPRESENTATION_CONTEXT('2D SPACE',''
  ) );
#135 = ORIENTED_EDGE('',*,*,#136,.F.);
#136 = EDGE_CURVE('',#137,#86,#139,.T.);
#137 = VERTEX_POINT('',#138);
#138 = CARTESIAN_POINT('',(15.50481993147,-301.6834498303,
    230.58830308992));
#139 = SURFACE_CURVE('',#140,(#144,#151),.PCURVE_S1.);
#140 = LINE('',#141,#142);
#141 = CARTESIAN_POINT('',(19.50481993147,-301.6834498304,
    230.58830308992));
#142 = VECTOR('',#143,1.);
#143 = DIRECTION('',(1.,-2.628418675401E-11,3.064104139678E-16));
#144 = PCURVE('',#33,#145);
#145 = DEFINITIONAL_REPRESENTATION('',(#146),#150);
#146 = LINE('',#147,#148);
#147 = CARTESIAN_POINT('',(0.,2.714273250604E-12));
#148 = VECTOR('',#149,1.);
#149 = DIRECTION('',(0.,1.));
#150 = ( GEOMETRIC_REPRESENTATION_CONTEXT(2) 
PARAMETRIC_REPRESENTATION_CONTEXT() REPRESENTATION_CONTEXT('2D SPACE',''
  ) );
#151 = PCURVE('',#73,#152);
#152 = DEFINITIONAL_REPRESENTATION('',(#153),#157);
#153 = LINE('',#154,#155);
#154 = CARTESIAN_POINT('',(6.28318530718,2.714273250604E-12));
#155 = VECTOR('',#156,1.);
#156 = DIRECTION('',(0.,1.));
#157 = ( GEOMETRIC_REPRESENTATION_CONTEXT(2) 
PARAMETRIC_REPRESENTATION_CONTEXT() REPRESENTATION_CONTEXT('2D SPACE',''
  ) );
#158 = ORIENTED_EDGE('',*,*,#159,.T.);
#159 = EDGE_CURVE('',#137,#160,#162,.T.);
#160 = VERTEX_POINT('',#161);
#161 = CARTESIAN_POINT('',(16.47482748634,-300.4873698732,
    230.72984237798));
#162 = SURFACE_CURVE('',#163,(#179,#230),.PCURVE_S1.);
#163 = B_SPLINE_CURVE_WITH_KNOTS('',3,(#164,#165,#166,#167,#168,#169,
    #170,#171,#172,#173,#174,#175,#176,#177,#178),.UNSPECIFIED.,.F.,.F.,
  (4,2,2,1,1,1,2,2,4),(0.,0.25,0.375000000001,0.437500000001,
    0.468750000001,0.484375000001,0.492187500001,0.500000000001,1.),
  .UNSPECIFIED.);
#164 = CARTESIAN_POINT('',(15.50481993147,-301.6834498303,
    230.58830308992));
#165 = CARTESIAN_POINT('',(15.61803867504,-301.5473919378,
    230.58498433202));
#166 = CARTESIAN_POINT('',(15.71570400867,-301.4295310972,
    230.58853172303));
#167 = CARTESIAN_POINT('',(15.83887189419,-301.2805285008,
    230.59729830761));
#168 = CARTESIAN_POINT('',(15.87603950354,-301.2354802173,
    230.60081655068));
#169 = CARTESIAN_POINT('',(15.92595838885,-301.1748220361,
    230.60633086217));
#170 = CARTESIAN_POINT('',(15.94945969931,-301.1462209797,
    230.60914935776));
#171 = CARTESIAN_POINT('',(15.97432616354,-301.115869855,230.6124234252)
  );
#172 = CARTESIAN_POINT('',(15.98612146282,-301.1014473953,
    230.61404338071));
#173 = CARTESIAN_POINT('',(15.9910398912,-301.0954276036,230.61473257687
    ));
#174 = CARTESIAN_POINT('',(15.99428846569,-301.0914502321,
    230.61519076192));
#175 = CARTESIAN_POINT('',(15.99464876399,-301.0910094967,
    230.61524078579));
#176 = CARTESIAN_POINT('',(16.17942488583,-300.8646204336,
    230.64164164744));
#177 = CARTESIAN_POINT('',(16.33853689009,-300.6644313143,230.6827470807
    ));
#178 = CARTESIAN_POINT('',(16.47482748634,-300.4873698732,
    230.72984237798));
#179 = PCURVE('',#33,#180);
#180 = DEFINITIONAL_REPRESENTATION('',(#181),#229);
#181 = B_SPLINE_CURVE_WITH_KNOTS('',3,(#182,#183,#184,#185,#186,#187,
    #188,#189,#190,#191,#192,#193,#194,#195,#196,#197,#198,#199,#200,
    #201,#202,#203,#204,#205,#206,#207,#208,#209,#210,#211,#212,#213,
    #214,#215,#216,#217,#218,#219,#220,#221,#222,#223,#224,#225,#226,
    #227,#228),.UNSPECIFIED.,.F.,.F.,(4,1,1,1,1,1,1,1,1,1,1,1,1,1,1,1,1,
    1,1,1,1,1,1,1,1,1,1,1,1,1,1,1,1,1,1,1,1,1,1,1,1,1,1,1,4),(0.,
    2.272727272727E-02,4.545454545455E-02,6.818181818182E-02,
    9.090909090909E-02,0.113636363636,0.136363636364,0.159090909091,
    0.181818181818,0.204545454545,0.227272727273,0.25,0.272727272727,
    0.295454545455,0.318181818182,0.340909090909,0.363636363636,
    0.386363636364,0.409090909091,0.431818181818,0.454545454545,
    0.477272727273,0.5,0.522727272727,0.545454545455,0.568181818182,
    0.590909090909,0.613636363636,0.636363636364,0.659090909091,
    0.681818181818,0.704545454545,0.727272727273,0.75,0.772727272727,
    0.795454545455,0.818181818182,0.840909090909,0.863636363636,
    0.886363636364,0.909090909091,0.931818181818,0.954545454545,
    0.977272727273,1.),.UNSPECIFIED.);
#182 = CARTESIAN_POINT('',(0.,-3.999999999997));
#183 = CARTESIAN_POINT('',(2.911188957301E-03,-3.989707386946));
#184 = CARTESIAN_POINT('',(8.662188129019E-03,-3.969379241999));
#185 = CARTESIAN_POINT('',(1.707483699128E-02,-3.939658268047));
#186 = CARTESIAN_POINT('',(2.527395064423E-02,-3.910708537562));
#187 = CARTESIAN_POINT('',(3.325974453948E-02,-3.882530050547));
#188 = CARTESIAN_POINT('',(4.103236784495E-02,-3.855122806998));
#189 = CARTESIAN_POINT('',(4.859189408169E-02,-3.828486806922));
#190 = CARTESIAN_POINT('',(5.593832248475E-02,-3.8026220503));
#191 = CARTESIAN_POINT('',(6.307158072596E-02,-3.777528537197));
#192 = CARTESIAN_POINT('',(6.999151335128E-02,-3.753206267375));
#193 = CARTESIAN_POINT('',(7.669792783456E-02,-3.729655241722));
#194 = CARTESIAN_POINT('',(8.319042624606E-02,-3.70687545692));
#195 = CARTESIAN_POINT('',(8.946903860835E-02,-3.68486692536));
#196 = CARTESIAN_POINT('',(9.553427176624E-02,-3.663629600791));
#197 = CARTESIAN_POINT('',(0.101386023824,-3.643163655829));
#198 = CARTESIAN_POINT('',(0.107024519319,-3.623468446254));
#199 = CARTESIAN_POINT('',(0.112449026763,-3.604546376331));
#200 = CARTESIAN_POINT('',(0.11766205303,-3.586388473216));
#201 = CARTESIAN_POINT('',(0.122653936826,-3.569028224024));
#202 = CARTESIAN_POINT('',(0.127461007101,-3.552340653165));
#203 = CARTESIAN_POINT('',(0.131947730773,-3.536792175864));
#204 = CARTESIAN_POINT('',(0.136619831535,-3.520642106795));
#205 = CARTESIAN_POINT('',(0.139589963184,-3.510386772057));
#206 = CARTESIAN_POINT('',(0.147901813087,-3.48178155254));
#207 = CARTESIAN_POINT('',(0.154705539838,-3.458451885358));
#208 = CARTESIAN_POINT('',(0.161836744109,-3.434067353716));
#209 = CARTESIAN_POINT('',(0.168803749714,-3.410324187681));
#210 = CARTESIAN_POINT('',(0.175738452689,-3.386767883776));
#211 = CARTESIAN_POINT('',(0.182605643616,-3.363520225842));
#212 = CARTESIAN_POINT('',(0.189414869039,-3.340548581997));
#213 = CARTESIAN_POINT('',(0.196163663354,-3.317861695926));
#214 = CARTESIAN_POINT('',(0.202852759777,-3.295457224767));
#215 = CARTESIAN_POINT('',(0.209482014599,-3.273335796287));
#216 = CARTESIAN_POINT('',(0.216051499303,-3.251497242278));
#217 = CARTESIAN_POINT('',(0.222561207979,-3.229941607809));
#218 = CARTESIAN_POINT('',(0.229011135778,-3.208668880806));
#219 = CARTESIAN_POINT('',(0.235401257958,-3.187679064502));
#220 = CARTESIAN_POINT('',(0.241731535579,-3.166972158033));
#221 = CARTESIAN_POINT('',(0.24800191407,-3.146548161628));
#222 = CARTESIAN_POINT('',(0.25421232372,-3.126407075228));
#223 = CARTESIAN_POINT('',(0.26036267963,-3.106548898848));
#224 = CARTESIAN_POINT('',(0.266452881968,-3.086973632483));
#225 = CARTESIAN_POINT('',(0.272482815578,-3.067681276135));
#226 = CARTESIAN_POINT('',(0.278452351939,-3.048671829804));
#227 = CARTESIAN_POINT('',(0.282391678899,-3.036187472261));
#228 = CARTESIAN_POINT('',(0.284351227574,-3.029992445159));
#229 = ( GEOMETRIC_REPRESENTATION_CONTEXT(2) 
PARAMETRIC_REPRESENTATION_CONTEXT() REPRESENTATION_CONTEXT('2D SPACE',''
  ) );
#230 = PCURVE('',#231,#244);
#231 = ( BOUNDED_SURFACE() B_SPLINE_SURFACE(3,2,(
    (#232,#233,#234)
    ,(#235,#236,#237)
    ,(#238,#239,#240)
    ,(#241,#242,#243
)),.UNSPECIFIED.,.F.,.F.,.F.) B_SPLINE_SURFACE_WITH_KNOTS((4,4),(3,3),(
    7.010717868037E-03,9.04710316009E-03),(0.,1.),
.PIECEWISE_BEZIER_KNOTS.) GEOMETRIC_REPRESENTATION_ITEM() 
RATIONAL_B_SPLINE_SURFACE((
    (1.,0.959008609317,1.)
    ,(1.,0.986224656994,1.)
    ,(1.,0.999999999999,1.)
,(1.,1.,1.))) REPRESENTATION_ITEM('') SURFACE() );
#232 = CARTESIAN_POINT('',(15.50481993152,-299.9306287627,
    230.54554784328));
#233 = CARTESIAN_POINT('',(15.94747607928,-300.2295810321,
    230.79840977486));
#234 = CARTESIAN_POINT('',(16.47482748634,-300.4873698732,
    230.72984237798));
#235 = CARTESIAN_POINT('',(15.5048199315,-300.5067447893,230.55960060843
    ));
#236 = CARTESIAN_POINT('',(15.841814726,-300.679319127,230.65300283068)
  );
#237 = CARTESIAN_POINT('',(16.17112668255,-300.8819216801,
    230.62489838496));
#238 = CARTESIAN_POINT('',(15.50481993149,-301.0928097665,
    230.57389605085));
#239 = CARTESIAN_POINT('',(15.67192765417,-301.1873121668,
    230.57620117685));
#240 = CARTESIAN_POINT('',(15.83903537017,-301.2818145869,
    230.57850630335));
#241 = CARTESIAN_POINT('',(15.50481993147,-301.6834498303,
    230.58830308992));
#242 = CARTESIAN_POINT('',(15.50481993147,-301.6834498303,
    230.58830308992));
#243 = CARTESIAN_POINT('',(15.50481993147,-301.6834498303,
    230.58830308992));
#244 = DEFINITIONAL_REPRESENTATION('',(#245),#293);
#245 = B_SPLINE_CURVE_WITH_KNOTS('',3,(#246,#247,#248,#249,#250,#251,
    #252,#253,#254,#255,#256,#257,#258,#259,#260,#261,#262,#263,#264,
    #265,#266,#267,#268,#269,#270,#271,#272,#273,#274,#275,#276,#277,
    #278,#279,#280,#281,#282,#283,#284,#285,#286,#287,#288,#289,#290,
    #291,#292),.UNSPECIFIED.,.F.,.F.,(4,1,1,1,1,1,1,1,1,1,1,1,1,1,1,1,1,
    1,1,1,1,1,1,1,1,1,1,1,1,1,1,1,1,1,1,1,1,1,1,1,1,1,1,1,4),(0.,
    2.272727272727E-02,4.545454545455E-02,6.818181818182E-02,
    9.090909090909E-02,0.113636363636,0.136363636364,0.159090909091,
    0.181818181818,0.204545454545,0.227272727273,0.25,0.272727272727,
    0.295454545455,0.318181818182,0.340909090909,0.363636363636,
    0.386363636364,0.409090909091,0.431818181818,0.454545454545,
    0.477272727273,0.5,0.522727272727,0.545454545455,0.568181818182,
    0.590909090909,0.613636363636,0.636363636364,0.659090909091,
    0.681818181818,0.704545454545,0.727272727273,0.75,0.772727272727,
    0.795454545455,0.818181818182,0.840909090909,0.863636363636,
    0.886363636364,0.909090909091,0.931818181818,0.954545454545,
    0.977272727273,1.),.UNSPECIFIED.);
#246 = CARTESIAN_POINT('',(9.04710316009E-03,0.994619957288));
#247 = CARTESIAN_POINT('',(9.026157344452E-03,0.992633290534));
#248 = CARTESIAN_POINT('',(8.984838534896E-03,0.99354051948));
#249 = CARTESIAN_POINT('',(8.924476573333E-03,1.001377989748));
#250 = CARTESIAN_POINT('',(8.865540520482E-03,0.9991347193));
#251 = CARTESIAN_POINT('',(8.808148493138E-03,0.999626415241));
#252 = CARTESIAN_POINT('',(8.752269836722E-03,0.999416609272));
#253 = CARTESIAN_POINT('',(8.697914255805E-03,0.999423767751));
#254 = CARTESIAN_POINT('',(8.645081133582E-03,0.999399635838));
#255 = CARTESIAN_POINT('',(8.593773088184E-03,0.999408732018));
#256 = CARTESIAN_POINT('',(8.54399238543E-03,0.999432011004));
#257 = CARTESIAN_POINT('',(8.495741681885E-03,0.999472706585));
#258 = CARTESIAN_POINT('',(8.449024583369E-03,0.999529290085));
#259 = CARTESIAN_POINT('',(8.403842604566E-03,0.999597790029));
#260 = CARTESIAN_POINT('',(8.360194842113E-03,0.999671172337));
#261 = CARTESIAN_POINT('',(8.318083506184E-03,0.999747259109));
#262 = CARTESIAN_POINT('',(8.277508630372E-03,0.999823124515));
#263 = CARTESIAN_POINT('',(8.238476919757E-03,0.999896450995));
#264 = CARTESIAN_POINT('',(8.200971625636E-03,0.999965139952));
#265 = CARTESIAN_POINT('',(8.16506373819E-03,1.00002663231));
#266 = CARTESIAN_POINT('',(8.130493716905E-03,1.0000768193));
#267 = CARTESIAN_POINT('',(8.098229764852E-03,1.000063371596));
#268 = CARTESIAN_POINT('',(8.064651582893E-03,1.000066975421));
#269 = CARTESIAN_POINT('',(8.043311380329E-03,1.000066007824));
#270 = CARTESIAN_POINT('',(7.983630828775E-03,1.000066274388));
#271 = CARTESIAN_POINT('',(7.934807347334E-03,1.00006617573));
#272 = CARTESIAN_POINT('',(7.88365796233E-03,1.000066303798));
#273 = CARTESIAN_POINT('',(7.833714484208E-03,1.000065890186));
#274 = CARTESIAN_POINT('',(7.784030617423E-03,1.000067416566));
#275 = CARTESIAN_POINT('',(7.734858336861E-03,1.000061724658));
#276 = CARTESIAN_POINT('',(7.686128680806E-03,1.000044250945));
#277 = CARTESIAN_POINT('',(7.637862787156E-03,1.000031798487));
#278 = CARTESIAN_POINT('',(7.590055287582E-03,1.000020202217));
#279 = CARTESIAN_POINT('',(7.542708019017E-03,1.000010766041));
#280 = CARTESIAN_POINT('',(7.495820989393E-03,1.000003205608));
#281 = CARTESIAN_POINT('',(7.449394796982E-03,0.999997560444));
#282 = CARTESIAN_POINT('',(7.403429980676E-03,0.999993698563));
#283 = CARTESIAN_POINT('',(7.357927192559E-03,0.999991462916));
#284 = CARTESIAN_POINT('',(7.312887150076E-03,0.999990643321));
#285 = CARTESIAN_POINT('',(7.26831064722E-03,0.999990993122));
#286 = CARTESIAN_POINT('',(7.22419854981E-03,0.999992232286));
#287 = CARTESIAN_POINT('',(7.18055179517E-03,0.999994052801));
#288 = CARTESIAN_POINT('',(7.137371389915E-03,0.999996122587));
#289 = CARTESIAN_POINT('',(7.094658410783E-03,0.999998088405));
#290 = CARTESIAN_POINT('',(7.052413995032E-03,0.999999580447));
#291 = CARTESIAN_POINT('',(7.024564244657E-03,0.999999998922));
#292 = CARTESIAN_POINT('',(7.010717868037E-03,1.));
#293 = ( GEOMETRIC_REPRESENTATION_CONTEXT(2) 
PARAMETRIC_REPRESENTATION_CONTEXT() REPRESENTATION_CONTEXT('2D SPACE',''
  ) );
#294 = ORIENTED_EDGE('',*,*,#295,.T.);
#295 = EDGE_CURVE('',#160,#296,#298,.T.);
#296 = VERTEX_POINT('',#297);
#297 = CARTESIAN_POINT('',(17.28925512932,-297.4303772225,
    233.91797580704));
#298 = SURFACE_CURVE('',#299,(#319,#370),.PCURVE_S1.);
#299 = B_SPLINE_CURVE_WITH_KNOTS('',3,(#300,#301,#302,#303,#304,#305,
    #306,#307,#308,#309,#310,#311,#312,#313,#314,#315,#316,#317,#318),
  .UNSPECIFIED.,.F.,.F.,(4,2,2,2,1,1,1,2,2,2,4),(0.,0.25,0.375000000001,
    0.437500000001,0.468750000001,0.484375000001,0.492187500001,
    0.496093750001,0.500000000001,0.75,1.),.UNSPECIFIED.);
#300 = CARTESIAN_POINT('',(16.47482748634,-300.4873698732,
    230.72984237798));
#301 = CARTESIAN_POINT('',(16.6630133632,-300.2428888638,230.79487012059
    ));
#302 = CARTESIAN_POINT('',(16.82018824235,-299.9434880454,230.8967781118
    ));
#303 = CARTESIAN_POINT('',(17.00943406454,-299.4448145542,
    231.15743893274));
#304 = CARTESIAN_POINT('',(17.06476325585,-299.2706503885,
    231.26242988756));
#305 = CARTESIAN_POINT('',(17.13612791867,-299.0053108934,
    231.45379713936));
#306 = CARTESIAN_POINT('',(17.15797795225,-298.9162124668,
    231.52322820546));
#307 = CARTESIAN_POINT('',(17.18784572159,-298.782853635,231.63658330024
    ));
#308 = CARTESIAN_POINT('',(17.202052786,-298.7162495754,231.69556155667)
  );
#309 = CARTESIAN_POINT('',(17.21735575903,-298.6389875932,231.7685405111
    ));
#310 = CARTESIAN_POINT('',(17.22468926168,-298.6005087018,
    231.80608915172));
#311 = CARTESIAN_POINT('',(17.22776405199,-298.5840548392,
    231.82241009555));
#312 = CARTESIAN_POINT('',(17.22979877011,-298.5730943465,
    231.83334172464));
#313 = CARTESIAN_POINT('',(17.23106233109,-298.5662330922,
    231.84022998389));
#314 = CARTESIAN_POINT('',(17.2797111913,-298.300652163,232.10802745256)
  );
#315 = CARTESIAN_POINT('',(17.30844842892,-298.0638691583,
    232.41633234805));
#316 = CARTESIAN_POINT('',(17.32759654699,-297.6747673321,
    233.11300300888));
#317 = CARTESIAN_POINT('',(17.31800742744,-297.5226317405,
    233.50146024644));
#318 = CARTESIAN_POINT('',(17.28925512932,-297.4303772225,
    233.91797580704));
#319 = PCURVE('',#33,#320);
#320 = DEFINITIONAL_REPRESENTATION('',(#321),#369);
#321 = B_SPLINE_CURVE_WITH_KNOTS('',3,(#322,#323,#324,#325,#326,#327,
    #328,#329,#330,#331,#332,#333,#334,#335,#336,#337,#338,#339,#340,
    #341,#342,#343,#344,#345,#346,#347,#348,#349,#350,#351,#352,#353,
    #354,#355,#356,#357,#358,#359,#360,#361,#362,#363,#364,#365,#366,
    #367,#368),.UNSPECIFIED.,.F.,.F.,(4,1,1,1,1,1,1,1,1,1,1,1,1,1,1,1,1,
    1,1,1,1,1,1,1,1,1,1,1,1,1,1,1,1,1,1,1,1,1,1,1,1,1,1,1,4),(0.,
    2.272727272727E-02,4.545454545455E-02,6.818181818182E-02,
    9.090909090909E-02,0.113636363636,0.136363636364,0.159090909091,
    0.181818181818,0.204545454545,0.227272727273,0.25,0.272727272727,
    0.295454545455,0.318181818182,0.340909090909,0.363636363636,
    0.386363636364,0.409090909091,0.431818181818,0.454545454545,
    0.477272727273,0.5,0.522727272727,0.545454545455,0.568181818182,
    0.590909090909,0.613636363636,0.636363636364,0.659090909091,
    0.681818181818,0.704545454545,0.727272727273,0.75,0.772727272727,
    0.795454545455,0.818181818182,0.840909090909,0.863636363636,
    0.886363636364,0.909090909091,0.931818181818,0.954545454545,
    0.977272727273,1.),.UNSPECIFIED.);
#322 = CARTESIAN_POINT('',(0.284351227574,-3.029992445159));
#323 = CARTESIAN_POINT('',(0.289762726154,-3.012884638172));
#324 = CARTESIAN_POINT('',(0.300828505938,-2.979181602673));
#325 = CARTESIAN_POINT('',(0.31814882401,-2.930164784849));
#326 = CARTESIAN_POINT('',(0.336183453184,-2.882685702448));
#327 = CARTESIAN_POINT('',(0.354927288515,-2.83674435547));
#328 = CARTESIAN_POINT('',(0.374376757294,-2.792340743916));
#329 = CARTESIAN_POINT('',(0.394530058024,-2.749474867784));
#330 = CARTESIAN_POINT('',(0.415387150864,-2.70814672708));
#331 = CARTESIAN_POINT('',(0.436949734202,-2.66835632178));
#332 = CARTESIAN_POINT('',(0.459221448011,-2.630103651975));
#333 = CARTESIAN_POINT('',(0.482207096294,-2.593388717323));
#334 = CARTESIAN_POINT('',(0.505915466147,-2.558211519104));
#335 = CARTESIAN_POINT('',(0.530348626055,-2.524572052535));
#336 = CARTESIAN_POINT('',(0.555493504912,-2.492470335466));
#337 = CARTESIAN_POINT('',(0.581348340836,-2.461906301286));
#338 = CARTESIAN_POINT('',(0.607911547968,-2.432880198585));
#339 = CARTESIAN_POINT('',(0.635186699044,-2.405391099619));
#340 = CARTESIAN_POINT('',(0.663174052692,-2.379442466778));
#341 = CARTESIAN_POINT('',(0.691894215261,-2.355021378243));
#342 = CARTESIAN_POINT('',(0.721251756961,-2.33217605891));
#343 = CARTESIAN_POINT('',(0.751597512481,-2.310726531001));
#344 = CARTESIAN_POINT('',(0.781631049643,-2.29134448073));
#345 = CARTESIAN_POINT('',(0.816200480599,-2.271523141013));
#346 = CARTESIAN_POINT('',(0.83721430102,-2.260617893957));
#347 = CARTESIAN_POINT('',(0.8620690611,-2.248528443443));
#348 = CARTESIAN_POINT('',(0.886100509082,-2.237961155661));
#349 = CARTESIAN_POINT('',(0.910556129339,-2.228190861975));
#350 = CARTESIAN_POINT('',(0.935099976767,-2.219411870735));
#351 = CARTESIAN_POINT('',(0.959821052222,-2.211572117176));
#352 = CARTESIAN_POINT('',(0.984695210097,-2.20468555201));
#353 = CARTESIAN_POINT('',(1.009729387209,-2.198748437154));
#354 = CARTESIAN_POINT('',(1.034923003499,-2.193761774225));
#355 = CARTESIAN_POINT('',(1.060278341768,-2.189725294841));
#356 = CARTESIAN_POINT('',(1.085797825423,-2.186639070915));
#357 = CARTESIAN_POINT('',(1.111484709463,-2.184503083176));
#358 = CARTESIAN_POINT('',(1.137336070732,-2.183317336789));
#359 = CARTESIAN_POINT('',(1.163349483357,-2.18308183037));
#360 = CARTESIAN_POINT('',(1.189522985825,-2.183796564289));
#361 = CARTESIAN_POINT('',(1.215855164505,-2.185461538447));
#362 = CARTESIAN_POINT('',(1.242345203456,-2.188076752871));
#363 = CARTESIAN_POINT('',(1.268992943455,-2.191642207554));
#364 = CARTESIAN_POINT('',(1.295798926291,-2.196157902496));
#365 = CARTESIAN_POINT('',(1.32276447481,-2.201623837699));
#366 = CARTESIAN_POINT('',(1.349891628466,-2.208040013161));
#367 = CARTESIAN_POINT('',(1.368086277899,-2.212950956975));
#368 = CARTESIAN_POINT('',(1.377211552595,-2.215564802259));
#369 = ( GEOMETRIC_REPRESENTATION_CONTEXT(2) 
PARAMETRIC_REPRESENTATION_CONTEXT() REPRESENTATION_CONTEXT('2D SPACE',''
  ) );
#370 = PCURVE('',#371,#393);
#371 = ( BOUNDED_SURFACE() B_SPLINE_SURFACE(3,2,(
    (#372,#373,#374)
    ,(#375,#376,#377)
    ,(#378,#379,#380)
    ,(#381,#382,#383)
    ,(#384,#385,#386)
    ,(#387,#388,#389)
    ,(#390,#391,#392
)),.UNSPECIFIED.,.F.,.F.,.F.) B_SPLINE_SURFACE_WITH_KNOTS((4,1,1,1,4),(3
    ,3),(1.363312148287E-03,3.111862539765E-03,4.860412931243E-03,
    6.608963322721E-03,8.357513714199E-03),(0.,1.),.UNSPECIFIED.) 
GEOMETRIC_REPRESENTATION_ITEM() RATIONAL_B_SPLINE_SURFACE((
    (1.,0.959008609317,1.)
    ,(1.,0.94161966638,1.)
    ,(1.,0.905026595288,1.)
    ,(1.,0.860957503797,1.)
    ,(1.,0.838884441251,1.)
    ,(1.,0.844245716458,1.)
,(1.,0.851396131355,1.))) REPRESENTATION_ITEM('') SURFACE() );
#372 = CARTESIAN_POINT('',(16.47482748634,-300.4873698732,
    230.72984237798));
#373 = CARTESIAN_POINT('',(15.94747607928,-300.2295810321,
    230.79840977486));
#374 = CARTESIAN_POINT('',(15.50481993152,-299.9306287627,
    230.54554784328));
#375 = CARTESIAN_POINT('',(16.73633556765,-300.1476325038,230.8202066736
    ));
#376 = CARTESIAN_POINT('',(16.04954000763,-299.9122131401,
    230.90607806507));
#377 = CARTESIAN_POINT('',(15.50481992738,-299.5998491661,
    230.53747938294));
#378 = CARTESIAN_POINT('',(17.04405752529,-299.4305753093,
    231.10775739825));
#379 = CARTESIAN_POINT('',(16.1145807018,-299.2545920609,231.22041568186
    ));
#380 = CARTESIAN_POINT('',(15.50481993352,-298.8404607382,230.6180137663
    ));
#381 = CARTESIAN_POINT('',(17.2609998483,-298.4971300736,231.83302655001
    ));
#382 = CARTESIAN_POINT('',(16.07976188958,-298.4275435789,
    231.91710258355));
#383 = CARTESIAN_POINT('',(15.50481993086,-297.6745330991,
    231.18987457201));
#384 = CARTESIAN_POINT('',(17.33129132497,-297.7919643738,
    232.79089421128));
#385 = CARTESIAN_POINT('',(16.03327580058,-297.7887425665,
    232.81171281658));
#386 = CARTESIAN_POINT('',(15.50481993248,-296.7345513344,
    232.24028750747));
#387 = CARTESIAN_POINT('',(17.31558862563,-297.5148707878,
    233.53649980479));
#388 = CARTESIAN_POINT('',(16.04578741272,-297.5272445103,
    233.50481905167));
#389 = CARTESIAN_POINT('',(15.50481993003,-296.4313517207,233.1489768964
    ));
#390 = CARTESIAN_POINT('',(17.28925512932,-297.4303772225,
    233.91797580704));
#391 = CARTESIAN_POINT('',(16.0583985811,-297.442575948,233.86290035815)
  );
#392 = CARTESIAN_POINT('',(15.50481993161,-296.3736038509,
    233.60014706952));
#393 = DEFINITIONAL_REPRESENTATION('',(#394),#442);
#394 = B_SPLINE_CURVE_WITH_KNOTS('',3,(#395,#396,#397,#398,#399,#400,
    #401,#402,#403,#404,#405,#406,#407,#408,#409,#410,#411,#412,#413,
    #414,#415,#416,#417,#418,#419,#420,#421,#422,#423,#424,#425,#426,
    #427,#428,#429,#430,#431,#432,#433,#434,#435,#436,#437,#438,#439,
    #440,#441),.UNSPECIFIED.,.F.,.F.,(4,1,1,1,1,1,1,1,1,1,1,1,1,1,1,1,1,
    1,1,1,1,1,1,1,1,1,1,1,1,1,1,1,1,1,1,1,1,1,1,1,1,1,1,1,4),(0.,
    2.272727272727E-02,4.545454545455E-02,6.818181818182E-02,
    9.090909090909E-02,0.113636363636,0.136363636364,0.159090909091,
    0.181818181818,0.204545454545,0.227272727273,0.25,0.272727272727,
    0.295454545455,0.318181818182,0.340909090909,0.363636363636,
    0.386363636364,0.409090909091,0.431818181818,0.454545454545,
    0.477272727273,0.5,0.522727272727,0.545454545455,0.568181818182,
    0.590909090909,0.613636363636,0.636363636364,0.659090909091,
    0.681818181818,0.704545454545,0.727272727273,0.75,0.772727272727,
    0.795454545455,0.818181818182,0.840909090909,0.863636363636,
    0.886363636364,0.909090909091,0.931818181818,0.954545454545,
    0.977272727273,1.),.UNSPECIFIED.);
#395 = CARTESIAN_POINT('',(1.363312148287E-03,0.));
#396 = CARTESIAN_POINT('',(1.401440999855E-03,2.788984370585E-06));
#397 = CARTESIAN_POINT('',(1.47886887822E-03,1.106321078888E-04));
#398 = CARTESIAN_POINT('',(1.598551866532E-03,4.621566824273E-04));
#399 = CARTESIAN_POINT('',(1.721810182595E-03,8.741223390867E-04));
#400 = CARTESIAN_POINT('',(1.848665691729E-03,1.260201582972E-03));
#401 = CARTESIAN_POINT('',(1.979140259057E-03,1.557842662017E-03));
#402 = CARTESIAN_POINT('',(2.113259682199E-03,1.729421264803E-03));
#403 = CARTESIAN_POINT('',(2.251059133535E-03,1.758421789985E-03));
#404 = CARTESIAN_POINT('',(2.392586949861E-03,1.647381447607E-03));
#405 = CARTESIAN_POINT('',(2.537909510361E-03,1.416218812741E-03));
#406 = CARTESIAN_POINT('',(2.687109433948E-03,1.099905984001E-03));
#407 = CARTESIAN_POINT('',(2.840305463265E-03,7.511741857941E-04));
#408 = CARTESIAN_POINT('',(2.997588268626E-03,4.266735941472E-04));
#409 = CARTESIAN_POINT('',(3.158976370919E-03,2.009607194856E-04));
#410 = CARTESIAN_POINT('',(3.324545018638E-03,1.247628166596E-04));
#411 = CARTESIAN_POINT('',(3.494303955465E-03,1.296158287531E-04));
#412 = CARTESIAN_POINT('',(3.668299493615E-03,1.780442687703E-04));
#413 = CARTESIAN_POINT('',(3.84655073285E-03,2.37683558685E-04));
#414 = CARTESIAN_POINT('',(4.02920596754E-03,2.788715985251E-04));
#415 = CARTESIAN_POINT('',(4.215677370686E-03,2.834379291558E-04));
#416 = CARTESIAN_POINT('',(4.408199154171E-03,2.342231931021E-04));
#417 = CARTESIAN_POINT('',(4.598560794844E-03,1.506412588998E-04));
#418 = CARTESIAN_POINT('',(4.817445292681E-03,-5.671413054962E-05));
#419 = CARTESIAN_POINT('',(4.950427730688E-03,-3.529533252358E-05));
#420 = CARTESIAN_POINT('',(5.107649199741E-03,-4.02970135544E-05));
#421 = CARTESIAN_POINT('',(5.259573114093E-03,-3.830163267235E-05));
#422 = CARTESIAN_POINT('',(5.414098996742E-03,-3.826058965051E-05));
#423 = CARTESIAN_POINT('',(5.569101020826E-03,-3.777320712993E-05));
#424 = CARTESIAN_POINT('',(5.725145377376E-03,-3.748121853107E-05));
#425 = CARTESIAN_POINT('',(5.882082710394E-03,-3.721177248353E-05));
#426 = CARTESIAN_POINT('',(6.039961122623E-03,-3.701092569627E-05));
#427 = CARTESIAN_POINT('',(6.198781497149E-03,-3.686672776481E-05));
#428 = CARTESIAN_POINT('',(6.358562646123E-03,-3.678351653415E-05));
#429 = CARTESIAN_POINT('',(6.519324485809E-03,-3.67618535457E-05));
#430 = CARTESIAN_POINT('',(6.681088912513E-03,-3.680477399805E-05));
#431 = CARTESIAN_POINT('',(6.84384720146E-03,-3.691289578353E-05));
#432 = CARTESIAN_POINT('',(7.007615534322E-03,-3.708851771759E-05));
#433 = CARTESIAN_POINT('',(7.172411524933E-03,-3.732217799593E-05));
#434 = CARTESIAN_POINT('',(7.338258684312E-03,-3.765257011793E-05));
#435 = CARTESIAN_POINT('',(7.505185055793E-03,-3.794095545783E-05));
#436 = CARTESIAN_POINT('',(7.673223400702E-03,-3.871369223815E-05));
#437 = CARTESIAN_POINT('',(7.842410655613E-03,-3.801787001585E-05));
#438 = CARTESIAN_POINT('',(8.012788322975E-03,-4.31564768061E-05));
#439 = CARTESIAN_POINT('',(8.184399345198E-03,-2.689240728278E-05));
#440 = CARTESIAN_POINT('',(8.299661279201E-03,-9.890072578188E-06));
#441 = CARTESIAN_POINT('',(8.357513714199E-03,0.));
#442 = ( GEOMETRIC_REPRESENTATION_CONTEXT(2) 
PARAMETRIC_REPRESENTATION_CONTEXT() REPRESENTATION_CONTEXT('2D SPACE',''
  ) );
#443 = ORIENTED_EDGE('',*,*,#444,.T.);
#444 = EDGE_CURVE('',#296,#22,#445,.T.);
#445 = SURFACE_CURVE('',#446,(#487,#604),.PCURVE_S1.);
#446 = B_SPLINE_CURVE_WITH_KNOTS('',3,(#447,#448,#449,#450,#451,#452,
    #453,#454,#455,#456,#457,#458,#459,#460,#461,#462,#463,#464,#465,
    #466,#467,#468,#469,#470,#471,#472,#473,#474,#475,#476,#477,#478,
    #479,#480,#481,#482,#483,#484,#485,#486),.UNSPECIFIED.,.F.,.F.,(4,2,
    1,1,2,2,2,1,1,1,1,2,2,2,2,2,2,2,2,1,1,2,2,4),(0.,0.125,0.1875,
    0.21875,0.234375,0.25,0.375,0.4375,0.46875,0.484375,0.4921875,
    0.49609375,0.5,0.5625,0.59375,0.609375,0.625,0.6875,0.71875,0.734375
    ,0.7421875,0.74609375,0.75,1.),.UNSPECIFIED.);
#447 = CARTESIAN_POINT('',(17.28925512932,-297.4303772225,
    233.91797580704));
#448 = CARTESIAN_POINT('',(17.28190362637,-297.4067892172,
    234.02447217672));
#449 = CARTESIAN_POINT('',(17.27800281429,-297.386716206,234.13451706185
    ));
#450 = CARTESIAN_POINT('',(17.27732763245,-297.3629136188,
    234.30456362978));
#451 = CARTESIAN_POINT('',(17.27828405061,-297.3525895847,
    234.39082944304));
#452 = CARTESIAN_POINT('',(17.28166438767,-297.3435355644,
    234.49354673951));
#453 = CARTESIAN_POINT('',(17.28359835695,-297.3403209844,
    234.53800033352));
#454 = CARTESIAN_POINT('',(17.2849955039,-297.3383286282,234.5677305999)
  );
#455 = CARTESIAN_POINT('',(17.28585420421,-297.3372966242,
    234.58461320727));
#456 = CARTESIAN_POINT('',(17.29215598415,-297.3307002911,
    234.70151178682));
#457 = CARTESIAN_POINT('',(17.30053260157,-297.3283909016,
    234.81020682131));
#458 = CARTESIAN_POINT('',(17.31726008057,-297.3318408266,
    234.97997651577));
#459 = CARTESIAN_POINT('',(17.32666445829,-297.3352959121,
    235.06653947897));
#460 = CARTESIAN_POINT('',(17.33945734917,-297.3427154235,
    235.17032533987));
#461 = CARTESIAN_POINT('',(17.34630907384,-297.347318276,235.22289610111
    ));
#462 = CARTESIAN_POINT('',(17.34984875597,-297.3498487306,
    235.24934818946));
#463 = CARTESIAN_POINT('',(17.35139015256,-297.3509829071,
    235.26072021658));
#464 = CARTESIAN_POINT('',(17.35242317028,-297.3517501372,
    235.26830940407));
#465 = CARTESIAN_POINT('',(17.35316478698,-297.3523075194,
    235.27372815272));
#466 = CARTESIAN_POINT('',(17.35825681396,-297.3561588832,
    235.31082513757));
#467 = CARTESIAN_POINT('',(17.36479212797,-297.3612802158,235.3563322263
    ));
#468 = CARTESIAN_POINT('',(17.37720932601,-297.372745528,235.44026024545
    ));
#469 = CARTESIAN_POINT('',(17.38178409654,-297.3772052502,235.4708457053
    ));
#470 = CARTESIAN_POINT('',(17.38929980908,-297.3851095678,
    235.52058883472));
#471 = CARTESIAN_POINT('',(17.39191397272,-297.3879472448,
    235.53781385354));
#472 = CARTESIAN_POINT('',(17.39736015226,-297.3940766878,
    235.57354117883));
#473 = CARTESIAN_POINT('',(17.40036064993,-297.3975715253,
    235.59313968721));
#474 = CARTESIAN_POINT('',(17.41422295112,-297.4142796112,
    235.68333207074));
#475 = CARTESIAN_POINT('',(17.42386265819,-297.4279626048,
    235.74689610178));
#476 = CARTESIAN_POINT('',(17.43614701797,-297.4472474402,
    235.82961094651));
#477 = CARTESIAN_POINT('',(17.43987927109,-297.4534739619,
    235.85507812415));
#478 = CARTESIAN_POINT('',(17.44493385057,-297.4623399983,235.8901568728
    ));
#479 = CARTESIAN_POINT('',(17.44732519025,-297.4666550259,
    235.90691574183));
#480 = CARTESIAN_POINT('',(17.44987717397,-297.4714499889,
    235.92510925973));
#481 = CARTESIAN_POINT('',(17.4509199,-297.4734504954,235.9326161419));
#482 = CARTESIAN_POINT('',(17.45160372152,-297.4747717111,
    235.93755629401));
#483 = CARTESIAN_POINT('',(17.45172315988,-297.4750011203,
    235.93841641582));
#484 = CARTESIAN_POINT('',(17.48730347081,-297.5447429605,
    236.19733858876));
#485 = CARTESIAN_POINT('',(17.50481993158,-297.6275884823,
    236.41189916774));
#486 = CARTESIAN_POINT('',(17.50481993157,-297.7076973679,
    236.58895708772));
#487 = PCURVE('',#33,#488);
#488 = DEFINITIONAL_REPRESENTATION('',(#489),#603);
#489 = B_SPLINE_CURVE_WITH_KNOTS('',3,(#490,#491,#492,#493,#494,#495,
    #496,#497,#498,#499,#500,#501,#502,#503,#504,#505,#506,#507,#508,
    #509,#510,#511,#512,#513,#514,#515,#516,#517,#518,#519,#520,#521,
    #522,#523,#524,#525,#526,#527,#528,#529,#530,#531,#532,#533,#534,
    #535,#536,#537,#538,#539,#540,#541,#542,#543,#544,#545,#546,#547,
    #548,#549,#550,#551,#552,#553,#554,#555,#556,#557,#558,#559,#560,
    #561,#562,#563,#564,#565,#566,#567,#568,#569,#570,#571,#572,#573,
    #574,#575,#576,#577,#578,#579,#580,#581,#582,#583,#584,#585,#586,
    #587,#588,#589,#590,#591,#592,#593,#594,#595,#596,#597,#598,#599,
    #600,#601,#602),.UNSPECIFIED.,.F.,.F.,(4,1,1,1,1,1,1,1,1,1,1,1,1,1,1
    ,1,1,1,1,1,1,1,1,1,1,1,1,1,1,1,1,1,1,1,1,1,1,1,1,1,1,1,1,1,1,1,1,1,1
    ,1,1,1,1,1,1,1,1,1,1,1,1,1,1,1,1,1,1,1,1,1,1,1,1,1,1,1,1,1,1,1,1,1,1
    ,1,1,1,1,1,1,1,1,1,1,1,1,1,1,1,1,1,1,1,1,1,1,1,1,1,1,1,4),(0.,
    9.090909090909E-03,1.818181818182E-02,2.727272727273E-02,
    3.636363636364E-02,4.545454545455E-02,5.454545454545E-02,
    6.363636363636E-02,7.272727272727E-02,8.181818181818E-02,
    9.090909090909E-02,0.1,0.109090909091,0.118181818182,0.127272727273,
    0.136363636364,0.145454545455,0.154545454545,0.163636363636,
    0.172727272727,0.181818181818,0.190909090909,0.2,0.209090909091,
    0.218181818182,0.227272727273,0.236363636364,0.245454545455,
    0.254545454545,0.263636363636,0.272727272727,0.281818181818,
    0.290909090909,0.3,0.309090909091,0.318181818182,0.327272727273,
    0.336363636364,0.345454545455,0.354545454545,0.363636363636,
    0.372727272727,0.381818181818,0.390909090909,0.4,0.409090909091,
    0.418181818182,0.427272727273,0.436363636364,0.445454545455,
    0.454545454545,0.463636363636,0.472727272727,0.481818181818,
    0.490909090909,0.5,0.509090909091,0.518181818182,0.527272727273,
    0.536363636364,0.545454545455,0.554545454545,0.563636363636,
    0.572727272727,0.581818181818,0.590909090909,0.6,0.609090909091,
    0.618181818182,0.627272727273,0.636363636364,0.645454545455,
    0.654545454545,0.663636363636,0.672727272727,0.681818181818,
    0.690909090909,0.7,0.709090909091,0.718181818182,0.727272727273,
    0.736363636364,0.745454545455,0.754545454545,0.763636363636,
    0.772727272727,0.781818181818,0.790909090909,0.8,0.809090909091,
    0.818181818182,0.827272727273,0.836363636364,0.845454545455,
    0.854545454545,0.863636363636,0.872727272727,0.881818181818,
    0.890909090909,0.9,0.909090909091,0.918181818182,0.927272727273,
    0.936363636364,0.945454545455,0.954545454545,0.963636363636,
    0.972727272727,0.981818181818,0.990909090909,1.),.UNSPECIFIED.);
#490 = CARTESIAN_POINT('',(1.377211552595,-2.215564802259));
#491 = CARTESIAN_POINT('',(1.379078117386,-2.216099457019));
#492 = CARTESIAN_POINT('',(1.382817977255,-2.217132263363));
#493 = CARTESIAN_POINT('',(1.388447937183,-2.218571963351));
#494 = CARTESIAN_POINT('',(1.394098044983,-2.21990215381));
#495 = CARTESIAN_POINT('',(1.399768283678,-2.221122834741));
#496 = CARTESIAN_POINT('',(1.405458639788,-2.222234006143));
#497 = CARTESIAN_POINT('',(1.411169103834,-2.223235668017));
#498 = CARTESIAN_POINT('',(1.416899670245,-2.224127820363));
#499 = CARTESIAN_POINT('',(1.422650337417,-2.224910463181));
#500 = CARTESIAN_POINT('',(1.428421107704,-2.225583596471));
#501 = CARTESIAN_POINT('',(1.434211987554,-2.226147220233));
#502 = CARTESIAN_POINT('',(1.440022987128,-2.226601334467));
#503 = CARTESIAN_POINT('',(1.445854121819,-2.226945939172));
#504 = CARTESIAN_POINT('',(1.451705406698,-2.227181034349));
#505 = CARTESIAN_POINT('',(1.457576877335,-2.227306620002));
#506 = CARTESIAN_POINT('',(1.463468502825,-2.227322696111));
#507 = CARTESIAN_POINT('',(1.469380259056,-2.22722926275));
#508 = CARTESIAN_POINT('',(1.475312143036,-2.227026319642));
#509 = CARTESIAN_POINT('',(1.481264146106,-2.226713867818));
#510 = CARTESIAN_POINT('',(1.487236286564,-2.226291903437));
#511 = CARTESIAN_POINT('',(1.493228506141,-2.225760440828));
#512 = CARTESIAN_POINT('',(1.499241051647,-2.225119426523));
#513 = CARTESIAN_POINT('',(1.505273050673,-2.22436906006));
#514 = CARTESIAN_POINT('',(1.511327764828,-2.223508596755));
#515 = CARTESIAN_POINT('',(1.517392976486,-2.222540815814));
#516 = CARTESIAN_POINT('',(1.523514270887,-2.221455345095));
#517 = CARTESIAN_POINT('',(1.529521521922,-2.220290893956));
#518 = CARTESIAN_POINT('',(1.536167790101,-2.218875970806));
#519 = CARTESIAN_POINT('',(1.541479020088,-2.217659272226));
#520 = CARTESIAN_POINT('',(1.546864565467,-2.21634757732));
#521 = CARTESIAN_POINT('',(1.55227347242,-2.214949671824));
#522 = CARTESIAN_POINT('',(1.557719353203,-2.213463201607));
#523 = CARTESIAN_POINT('',(1.563198527565,-2.211888797457));
#524 = CARTESIAN_POINT('',(1.568711956723,-2.210226290355));
#525 = CARTESIAN_POINT('',(1.57425936621,-2.208475725589));
#526 = CARTESIAN_POINT('',(1.579840820689,-2.206637091024));
#527 = CARTESIAN_POINT('',(1.585456302006,-2.204710389912));
#528 = CARTESIAN_POINT('',(1.59110582229,-2.202695621381));
#529 = CARTESIAN_POINT('',(1.596789393632,-2.200592785666));
#530 = CARTESIAN_POINT('',(1.602507036399,-2.198401882702));
#531 = CARTESIAN_POINT('',(1.608258776397,-2.19612291251));
#532 = CARTESIAN_POINT('',(1.614044647979,-2.193755875076));
#533 = CARTESIAN_POINT('',(1.619864684536,-2.191300770433));
#534 = CARTESIAN_POINT('',(1.625718802217,-2.188757598459));
#535 = CARTESIAN_POINT('',(1.631606997064,-2.186126359611));
#536 = CARTESIAN_POINT('',(1.637529259549,-2.183407052187));
#537 = CARTESIAN_POINT('',(1.64348557787,-2.180599682533));
#538 = CARTESIAN_POINT('',(1.649475997924,-2.177704226971));
#539 = CARTESIAN_POINT('',(1.655500380288,-2.174720773867));
#540 = CARTESIAN_POINT('',(1.6615593125,-2.171648993431));
#541 = CARTESIAN_POINT('',(1.667650672772,-2.168490116464));
#542 = CARTESIAN_POINT('',(1.673782316789,-2.165239549546));
#543 = CARTESIAN_POINT('',(1.679924881245,-2.161914435554));
#544 = CARTESIAN_POINT('',(1.686187946398,-2.158450796392));
#545 = CARTESIAN_POINT('',(1.692162552729,-2.155087401584));
#546 = CARTESIAN_POINT('',(1.699374962833,-2.150933151145));
#547 = CARTESIAN_POINT('',(1.702129095234,-2.149313675449));
#548 = CARTESIAN_POINT('',(1.706482551091,-2.146734491635));
#549 = CARTESIAN_POINT('',(1.710812085596,-2.144131943156));
#550 = CARTESIAN_POINT('',(1.715552580057,-2.141255139066));
#551 = CARTESIAN_POINT('',(1.720587510983,-2.138171299697));
#552 = CARTESIAN_POINT('',(1.725948107209,-2.134862434668));
#553 = CARTESIAN_POINT('',(1.731626252044,-2.131333285169));
#554 = CARTESIAN_POINT('',(1.737623706556,-2.127582876827));
#555 = CARTESIAN_POINT('',(1.743941605691,-2.123610365925));
#556 = CARTESIAN_POINT('',(1.750573123984,-2.119420101701));
#557 = CARTESIAN_POINT('',(1.757544384834,-2.114995530941));
#558 = CARTESIAN_POINT('',(1.76475799717,-2.110398517272));
#559 = CARTESIAN_POINT('',(1.772577269855,-2.10539815937));
#560 = CARTESIAN_POINT('',(1.780300933637,-2.100435789926));
#561 = CARTESIAN_POINT('',(1.787613469154,-2.095755319992));
#562 = CARTESIAN_POINT('',(1.794718732842,-2.091232723223));
#563 = CARTESIAN_POINT('',(1.801562261884,-2.086901232952));
#564 = CARTESIAN_POINT('',(1.808158731248,-2.082751942189));
#565 = CARTESIAN_POINT('',(1.814504181442,-2.078787245562));
#566 = CARTESIAN_POINT('',(1.82059964878,-2.07500647155));
#567 = CARTESIAN_POINT('',(1.82644441783,-2.071409911607));
#568 = CARTESIAN_POINT('',(1.83203949455,-2.06799707144));
#569 = CARTESIAN_POINT('',(1.837381979321,-2.064769636774));
#570 = CARTESIAN_POINT('',(1.842482870285,-2.06172135899));
#571 = CARTESIAN_POINT('',(1.847301033596,-2.05887554684));
#572 = CARTESIAN_POINT('',(1.85198988344,-2.056145213952));
#573 = CARTESIAN_POINT('',(1.85597698003,-2.053854997038));
#574 = CARTESIAN_POINT('',(1.861398647679,-2.050793335641));
#575 = CARTESIAN_POINT('',(1.868473111475,-2.046906864597));
#576 = CARTESIAN_POINT('',(1.875021440555,-2.043417612061));
#577 = CARTESIAN_POINT('',(1.881627683156,-2.039998136576));
#578 = CARTESIAN_POINT('',(1.888135532674,-2.036736175816));
#579 = CARTESIAN_POINT('',(1.894587043027,-2.033608220543));
#580 = CARTESIAN_POINT('',(1.900971100517,-2.030620570037));
#581 = CARTESIAN_POINT('',(1.907290820493,-2.027771536412));
#582 = CARTESIAN_POINT('',(1.913545488394,-2.025061571935));
#583 = CARTESIAN_POINT('',(1.919735398564,-2.022490555422));
#584 = CARTESIAN_POINT('',(1.925860557657,-2.020058519344));
#585 = CARTESIAN_POINT('',(1.931921032025,-2.017765455001));
#586 = CARTESIAN_POINT('',(1.937916854625,-2.015611364723));
#587 = CARTESIAN_POINT('',(1.943848049962,-2.013596247886));
#588 = CARTESIAN_POINT('',(1.949714627421,-2.011720104658));
#589 = CARTESIAN_POINT('',(1.955516583086,-2.009982934993));
#590 = CARTESIAN_POINT('',(1.961253899291,-2.008384738903));
#591 = CARTESIAN_POINT('',(1.966926544797,-2.006925516387));
#592 = CARTESIAN_POINT('',(1.972534474813,-2.005605267443));
#593 = CARTESIAN_POINT('',(1.978077631067,-2.004423992072));
#594 = CARTESIAN_POINT('',(1.983555941882,-2.003381690275));
#595 = CARTESIAN_POINT('',(1.988969322255,-2.002478362051));
#596 = CARTESIAN_POINT('',(1.994317673955,-2.001714007399));
#597 = CARTESIAN_POINT('',(1.999600885594,-2.001088626321));
#598 = CARTESIAN_POINT('',(2.004818832847,-2.000602218816));
#599 = CARTESIAN_POINT('',(2.009971378143,-2.000254784884));
#600 = CARTESIAN_POINT('',(2.015058372379,-2.000046324525));
#601 = CARTESIAN_POINT('',(2.0184058902,-2.000000000001));
#602 = CARTESIAN_POINT('',(2.02006866928,-2.000000000002));
#603 = ( GEOMETRIC_REPRESENTATION_CONTEXT(2) 
PARAMETRIC_REPRESENTATION_CONTEXT() REPRESENTATION_CONTEXT('2D SPACE',''
  ) );
#604 = PCURVE('',#605,#621);
#605 = ( BOUNDED_SURFACE() B_SPLINE_SURFACE(3,2,(
    (#606,#607,#608)
    ,(#609,#610,#611)
    ,(#612,#613,#614)
    ,(#615,#616,#617)
    ,(#618,#619,#620
)),.UNSPECIFIED.,.F.,.F.,.F.) B_SPLINE_SURFACE_WITH_KNOTS((4,1,4),(3,3),
  (6.797214713342E-03,8.821607954218E-03,1.084600119509E-02),(0.,1.),
.UNSPECIFIED.) GEOMETRIC_REPRESENTATION_ITEM() RATIONAL_B_SPLINE_SURFACE
((
    (1.,0.851396131355,1.)
    ,(1.,0.861630954485,1.)
    ,(1.,0.845129975887,1.)
    ,(1.,0.760488310949,1.)
,(1.,0.707106781187,1.))) REPRESENTATION_ITEM('') SURFACE() );
#606 = CARTESIAN_POINT('',(17.28925512932,-297.4303772225,
    233.91797580704));
#607 = CARTESIAN_POINT('',(16.0583985811,-297.442575948,233.86290035815)
  );
#608 = CARTESIAN_POINT('',(15.50481993161,-296.3736038509,
    233.60014706952));
#609 = CARTESIAN_POINT('',(17.25831435504,-297.3311007936,
    234.36619426087));
#610 = CARTESIAN_POINT('',(16.07815524049,-297.3248051146,
    234.36677553523));
#611 = CARTESIAN_POINT('',(15.50481993161,-296.2882427516,
    234.26705270484));
#612 = CARTESIAN_POINT('',(17.32538598267,-297.2804545953,
    235.28387655368));
#613 = CARTESIAN_POINT('',(16.06750217237,-297.2798596287,
    235.50118969081));
#614 = CARTESIAN_POINT('',(15.50481993162,-296.1170920193,
    235.60421200699));
#615 = CARTESIAN_POINT('',(17.50481990458,-297.5181627038,
    236.17004458956));
#616 = CARTESIAN_POINT('',(15.78559495876,-297.6027765435,
    236.35705951491));
#617 = CARTESIAN_POINT('',(15.50481993162,-295.9586127742,
    236.84237204306));
#618 = CARTESIAN_POINT('',(17.50481993157,-297.7076973679,
    236.58895708772));
#619 = CARTESIAN_POINT('',(15.50481993157,-297.7076973679,
    236.58895708772));
#620 = CARTESIAN_POINT('',(15.50481993162,-295.8855250226,
    237.41338897956));
#621 = DEFINITIONAL_REPRESENTATION('',(#622),#736);
#622 = B_SPLINE_CURVE_WITH_KNOTS('',3,(#623,#624,#625,#626,#627,#628,
    #629,#630,#631,#632,#633,#634,#635,#636,#637,#638,#639,#640,#641,
    #642,#643,#644,#645,#646,#647,#648,#649,#650,#651,#652,#653,#654,
    #655,#656,#657,#658,#659,#660,#661,#662,#663,#664,#665,#666,#667,
    #668,#669,#670,#671,#672,#673,#674,#675,#676,#677,#678,#679,#680,
    #681,#682,#683,#684,#685,#686,#687,#688,#689,#690,#691,#692,#693,
    #694,#695,#696,#697,#698,#699,#700,#701,#702,#703,#704,#705,#706,
    #707,#708,#709,#710,#711,#712,#713,#714,#715,#716,#717,#718,#719,
    #720,#721,#722,#723,#724,#725,#726,#727,#728,#729,#730,#731,#732,
    #733,#734,#735),.UNSPECIFIED.,.F.,.F.,(4,1,1,1,1,1,1,1,1,1,1,1,1,1,1
    ,1,1,1,1,1,1,1,1,1,1,1,1,1,1,1,1,1,1,1,1,1,1,1,1,1,1,1,1,1,1,1,1,1,1
    ,1,1,1,1,1,1,1,1,1,1,1,1,1,1,1,1,1,1,1,1,1,1,1,1,1,1,1,1,1,1,1,1,1,1
    ,1,1,1,1,1,1,1,1,1,1,1,1,1,1,1,1,1,1,1,1,1,1,1,1,1,1,1,4),(0.,
    9.090909090909E-03,1.818181818182E-02,2.727272727273E-02,
    3.636363636364E-02,4.545454545455E-02,5.454545454545E-02,
    6.363636363636E-02,7.272727272727E-02,8.181818181818E-02,
    9.090909090909E-02,0.1,0.109090909091,0.118181818182,0.127272727273,
    0.136363636364,0.145454545455,0.154545454545,0.163636363636,
    0.172727272727,0.181818181818,0.190909090909,0.2,0.209090909091,
    0.218181818182,0.227272727273,0.236363636364,0.245454545455,
    0.254545454545,0.263636363636,0.272727272727,0.281818181818,
    0.290909090909,0.3,0.309090909091,0.318181818182,0.327272727273,
    0.336363636364,0.345454545455,0.354545454545,0.363636363636,
    0.372727272727,0.381818181818,0.390909090909,0.4,0.409090909091,
    0.418181818182,0.427272727273,0.436363636364,0.445454545455,
    0.454545454545,0.463636363636,0.472727272727,0.481818181818,
    0.490909090909,0.5,0.509090909091,0.518181818182,0.527272727273,
    0.536363636364,0.545454545455,0.554545454545,0.563636363636,
    0.572727272727,0.581818181818,0.590909090909,0.6,0.609090909091,
    0.618181818182,0.627272727273,0.636363636364,0.645454545455,
    0.654545454545,0.663636363636,0.672727272727,0.681818181818,
    0.690909090909,0.7,0.709090909091,0.718181818182,0.727272727273,
    0.736363636364,0.745454545455,0.754545454545,0.763636363636,
    0.772727272727,0.781818181818,0.790909090909,0.8,0.809090909091,
    0.818181818182,0.827272727273,0.836363636364,0.845454545455,
    0.854545454545,0.863636363636,0.872727272727,0.881818181818,
    0.890909090909,0.9,0.909090909091,0.918181818182,0.927272727273,
    0.936363636364,0.945454545455,0.954545454545,0.963636363636,
    0.972727272727,0.981818181818,0.990909090909,1.),.UNSPECIFIED.);
#623 = CARTESIAN_POINT('',(6.797214713342E-03,0.));
#624 = CARTESIAN_POINT('',(6.808875182948E-03,-1.031535182433E-09));
#625 = CARTESIAN_POINT('',(6.832243093329E-03,-7.202007156783E-08));
#626 = CARTESIAN_POINT('',(6.867435632633E-03,-2.702934128499E-07));
#627 = CARTESIAN_POINT('',(6.90276860001E-03,-4.407817823239E-07));
#628 = CARTESIAN_POINT('',(6.938241770419E-03,-4.799734365183E-07));
#629 = CARTESIAN_POINT('',(6.97385493311E-03,-2.951050233219E-07));
#630 = CARTESIAN_POINT('',(7.009607894129E-03,1.942147769044E-07));
#631 = CARTESIAN_POINT('',(7.045500476481E-03,1.056260980957E-06));
#632 = CARTESIAN_POINT('',(7.081532521003E-03,2.346966499077E-06));
#633 = CARTESIAN_POINT('',(7.117703886863E-03,4.109847907766E-06));
#634 = CARTESIAN_POINT('',(7.154014452973E-03,6.375914830915E-06));
#635 = CARTESIAN_POINT('',(7.190464116222E-03,9.163609993867E-06));
#636 = CARTESIAN_POINT('',(7.227052801618E-03,1.247876170042E-05));
#637 = CARTESIAN_POINT('',(7.263780428054E-03,1.631458065736E-05));
#638 = CARTESIAN_POINT('',(7.300647039705E-03,2.065159546593E-05));
#639 = CARTESIAN_POINT('',(7.337652260463E-03,2.54579673224E-05));
#640 = CARTESIAN_POINT('',(7.37479575422E-03,3.068702946454E-05));
#641 = CARTESIAN_POINT('',(7.412077315853E-03,3.627810303072E-05));
#642 = CARTESIAN_POINT('',(7.449496703553E-03,4.21566595133E-05));
#643 = CARTESIAN_POINT('',(7.487053845074E-03,4.82345032809E-05));
#644 = CARTESIAN_POINT('',(7.524748185922E-03,5.44098253841E-05));
#645 = CARTESIAN_POINT('',(7.562581095746E-03,6.056791198247E-05));
#646 = CARTESIAN_POINT('',(7.600546890912E-03,6.657943851784E-05));
#647 = CARTESIAN_POINT('',(7.638665949766E-03,7.230386568547E-05));
#648 = CARTESIAN_POINT('',(7.676861077893E-03,7.757463525743E-05));
#649 = CARTESIAN_POINT('',(7.715419453216E-03,8.225982755428E-05));
#650 = CARTESIAN_POINT('',(7.753268489754E-03,8.603614482496E-05));
#651 = CARTESIAN_POINT('',(7.795154924664E-03,8.784452218924E-05));
#652 = CARTESIAN_POINT('',(7.828635362098E-03,9.085761619483E-05));
#653 = CARTESIAN_POINT('',(7.862590824736E-03,9.04013995809E-05));
#654 = CARTESIAN_POINT('',(7.896700499655E-03,8.931024947993E-05));
#655 = CARTESIAN_POINT('',(7.931049987723E-03,8.71013877515E-05));
#656 = CARTESIAN_POINT('',(7.965616027229E-03,8.41604759904E-05));
#657 = CARTESIAN_POINT('',(8.000404562783E-03,8.061983510738E-05));
#658 = CARTESIAN_POINT('',(8.035413750886E-03,7.665879835567E-05));
#659 = CARTESIAN_POINT('',(8.070643873589E-03,7.242303267009E-05));
#660 = CARTESIAN_POINT('',(8.106094683137E-03,6.804598494516E-05));
#661 = CARTESIAN_POINT('',(8.141766114554E-03,6.364299505016E-05));
#662 = CARTESIAN_POINT('',(8.177658095421E-03,5.931275261571E-05));
#663 = CARTESIAN_POINT('',(8.213770598858E-03,5.513684929371E-05));
#664 = CARTESIAN_POINT('',(8.250103626345E-03,5.117974208028E-05));
#665 = CARTESIAN_POINT('',(8.286657227847E-03,4.748911274525E-05));
#666 = CARTESIAN_POINT('',(8.32343144265E-03,4.409436434113E-05));
#667 = CARTESIAN_POINT('',(8.360425570853E-03,4.098243892637E-05));
#668 = CARTESIAN_POINT('',(8.397639411066E-03,3.81359010707E-05));
#669 = CARTESIAN_POINT('',(8.435072724682E-03,3.551615311291E-05));
#670 = CARTESIAN_POINT('',(8.472725256165E-03,3.30675219314E-05));
#671 = CARTESIAN_POINT('',(8.510597113082E-03,3.071649986847E-05));
#672 = CARTESIAN_POINT('',(8.548687229068E-03,2.83720185244E-05));
#673 = CARTESIAN_POINT('',(8.586999134754E-03,2.592654950807E-05));
#674 = CARTESIAN_POINT('',(8.625519223482E-03,2.324593345679E-05));
#675 = CARTESIAN_POINT('',(8.664297004702E-03,2.017540135788E-05));
#676 = CARTESIAN_POINT('',(8.703146542566E-03,1.655119803456E-05));
#677 = CARTESIAN_POINT('',(8.742760845412E-03,1.21643867907E-05));
#678 = CARTESIAN_POINT('',(8.780552683085E-03,6.888902858181E-06));
#679 = CARTESIAN_POINT('',(8.826176870966E-03,2.050237361324E-07));
#680 = CARTESIAN_POINT('',(8.843600301937E-03,-7.021423927698E-06));
#681 = CARTESIAN_POINT('',(8.871143846386E-03,-1.449894718529E-05));
#682 = CARTESIAN_POINT('',(8.898539052407E-03,-1.249535086713E-05));
#683 = CARTESIAN_POINT('',(8.928534486088E-03,-1.303221288216E-05));
#684 = CARTESIAN_POINT('',(8.960392512894E-03,-1.28883611402E-05));
#685 = CARTESIAN_POINT('',(8.994309643885E-03,-1.292690609301E-05));
#686 = CARTESIAN_POINT('',(9.030233660256E-03,-1.291657802372E-05));
#687 = CARTESIAN_POINT('',(9.068174875007E-03,-1.291934534806E-05));
#688 = CARTESIAN_POINT('',(9.108139771103E-03,-1.291860412001E-05));
#689 = CARTESIAN_POINT('',(9.150084634166E-03,-1.291880170788E-05));
#690 = CARTESIAN_POINT('',(9.194174236375E-03,-1.291875258446E-05));
#691 = CARTESIAN_POINT('',(9.239792695164E-03,-1.291875149027E-05));
#692 = CARTESIAN_POINT('',(9.289237039853E-03,-1.291880499043E-05));
#693 = CARTESIAN_POINT('',(9.338074826295E-03,-1.291859208396E-05));
#694 = CARTESIAN_POINT('',(9.384304070847E-03,-1.291939020969E-05));
#695 = CARTESIAN_POINT('',(9.429213826739E-03,-1.291641061325E-05));
#696 = CARTESIAN_POINT('',(9.472461461872E-03,-1.292753087327E-05));
#697 = CARTESIAN_POINT('',(9.5141407731E-03,-1.288602942963E-05));
#698 = CARTESIAN_POINT('',(9.554227657162E-03,-1.304091494416E-05));
#699 = CARTESIAN_POINT('',(9.592729384182E-03,-1.246287432969E-05));
#700 = CARTESIAN_POINT('',(9.629641959278E-03,-1.462015127305E-05));
#701 = CARTESIAN_POINT('',(9.66497224464E-03,-6.569084114063E-06));
#702 = CARTESIAN_POINT('',(9.698701657456E-03,-3.661607580667E-05));
#703 = CARTESIAN_POINT('',(9.730901803561E-03,-2.822426903408E-05));
#704 = CARTESIAN_POINT('',(9.761305654005E-03,-3.014123882282E-05));
#705 = CARTESIAN_POINT('',(9.79089313466E-03,-2.93514921027E-05));
#706 = CARTESIAN_POINT('',(9.816045768686E-03,-2.916765027601E-05));
#707 = CARTESIAN_POINT('',(9.85024068377E-03,-2.935341638587E-05));
#708 = CARTESIAN_POINT('',(9.894841511327E-03,-2.712332488214E-05));
#709 = CARTESIAN_POINT('',(9.936114448377E-03,-3.382222660795E-05));
#710 = CARTESIAN_POINT('',(9.977732911747E-03,-7.261381107614E-06));
#711 = CARTESIAN_POINT('',(1.001871834851E-02,-1.464481249757E-05));
#712 = CARTESIAN_POINT('',(1.005933485909E-02,-1.167193243809E-05));
#713 = CARTESIAN_POINT('',(1.009951236883E-02,-1.618002128604E-05));
#714 = CARTESIAN_POINT('',(1.013927386517E-02,-1.12054595371E-06));
#715 = CARTESIAN_POINT('',(1.017861308876E-02,1.908369134822E-05));
#716 = CARTESIAN_POINT('',(1.021753094662E-02,3.588762978368E-05));
#717 = CARTESIAN_POINT('',(1.025602783661E-02,5.098608826371E-05));
#718 = CARTESIAN_POINT('',(1.029410414706E-02,6.346961915135E-05));
#719 = CARTESIAN_POINT('',(1.03317601288E-02,7.32592769795E-05));
#720 = CARTESIAN_POINT('',(1.036899593603E-02,8.017984081051E-05));
#721 = CARTESIAN_POINT('',(1.040581162257E-02,8.420205398226E-05));
#722 = CARTESIAN_POINT('',(1.044220715062E-02,8.537194020961E-05));
#723 = CARTESIAN_POINT('',(1.047818239667E-02,8.382425149479E-05));
#724 = CARTESIAN_POINT('',(1.051373715854E-02,7.977362916173E-05));
#725 = CARTESIAN_POINT('',(1.054887116254E-02,7.3511966342E-05));
#726 = CARTESIAN_POINT('',(1.058358407079E-02,6.540431452563E-05));
#727 = CARTESIAN_POINT('',(1.061787548876E-02,5.588536031536E-05));
#728 = CARTESIAN_POINT('',(1.065174497286E-02,4.545592019265E-05));
#729 = CARTESIAN_POINT('',(1.068519203808E-02,3.467953917868E-05));
#730 = CARTESIAN_POINT('',(1.071821616562E-02,2.417931618826E-05));
#731 = CARTESIAN_POINT('',(1.075081681041E-02,1.463430048888E-05));
#732 = CARTESIAN_POINT('',(1.078299340859E-02,6.777893571427E-06));
#733 = CARTESIAN_POINT('',(1.08147453846E-02,1.389115310562E-06));
#734 = CARTESIAN_POINT('',(1.083562990056E-02,3.583475495624E-09));
#735 = CARTESIAN_POINT('',(1.084600119509E-02,0.));
#736 = ( GEOMETRIC_REPRESENTATION_CONTEXT(2) 
PARAMETRIC_REPRESENTATION_CONTEXT() REPRESENTATION_CONTEXT('2D SPACE',''
  ) );
#737 = ADVANCED_FACE('',(#738),#605,.F.);
#738 = FACE_BOUND('',#739,.F.);
#739 = EDGE_LOOP('',(#740,#792,#858,#859));
#740 = ORIENTED_EDGE('',*,*,#741,.F.);
#741 = EDGE_CURVE('',#742,#744,#746,.T.);
#742 = VERTEX_POINT('',#743);
#743 = CARTESIAN_POINT('',(15.50481993161,-296.3736038509,
    233.60014706952));
#744 = VERTEX_POINT('',#745);
#745 = CARTESIAN_POINT('',(15.50481993162,-295.8855250226,
    237.41338897956));
#746 = SURFACE_CURVE('',#747,(#751,#780),.PCURVE_S1.);
#747 = LINE('',#748,#749);
#748 = CARTESIAN_POINT('',(15.50481993165,-294.8525937678,
    245.48343120087));
#749 = VECTOR('',#750,1.);
#750 = DIRECTION('',(3.336785020807E-12,0.126960005728,0.991907836921));
#751 = PCURVE('',#605,#752);
#752 = DEFINITIONAL_REPRESENTATION('',(#753),#779);
#753 = B_SPLINE_CURVE_WITH_KNOTS('',3,(#754,#755,#756,#757,#758,#759,
    #760,#761,#762,#763,#764,#765,#766,#767,#768,#769,#770,#771,#772,
    #773,#774,#775,#776,#777,#778),.UNSPECIFIED.,.F.,.F.,(4,1,1,1,1,1,1,
    1,1,1,1,1,1,1,1,1,1,1,1,1,1,1,4),(-11.9802301071,-11.80548687867,
    -11.63074365023,-11.4560004218,-11.28125719337,-11.10651396494,
    -10.93177073651,-10.75702750808,-10.58228427965,-10.40754105122,
    -10.23279782279,-10.05805459436,-9.883311365934,-9.708568137504,
    -9.533824909073,-9.359081680643,-9.184338452212,-9.009595223782,
    -8.834851995351,-8.660108766921,-8.48536553849,-8.31062231006,
    -8.135879081629),.UNSPECIFIED.);
#754 = CARTESIAN_POINT('',(6.797214713342E-03,1.));
#755 = CARTESIAN_POINT('',(6.85567485171E-03,1.));
#756 = CARTESIAN_POINT('',(6.972569627429E-03,1.));
#757 = CARTESIAN_POINT('',(7.147939854515E-03,1.));
#758 = CARTESIAN_POINT('',(7.323442453449E-03,1.));
#759 = CARTESIAN_POINT('',(7.499182636333E-03,1.));
#760 = CARTESIAN_POINT('',(7.675267010294E-03,1.));
#761 = CARTESIAN_POINT('',(7.851804278226E-03,1.));
#762 = CARTESIAN_POINT('',(8.028905921004E-03,1.));
#763 = CARTESIAN_POINT('',(8.20668695823E-03,1.));
#764 = CARTESIAN_POINT('',(8.385266708633E-03,1.));
#765 = CARTESIAN_POINT('',(8.56476985588E-03,1.));
#766 = CARTESIAN_POINT('',(8.745326778191E-03,1.));
#767 = CARTESIAN_POINT('',(8.927077123144E-03,1.));
#768 = CARTESIAN_POINT('',(9.110159093167E-03,1.));
#769 = CARTESIAN_POINT('',(9.294712871041E-03,1.));
#770 = CARTESIAN_POINT('',(9.480890539354E-03,1.));
#771 = CARTESIAN_POINT('',(9.66885570065E-03,1.));
#772 = CARTESIAN_POINT('',(9.858785896298E-03,1.));
#773 = CARTESIAN_POINT('',(1.005087480295E-02,1.));
#774 = CARTESIAN_POINT('',(1.02453346395E-02,1.));
#775 = CARTESIAN_POINT('',(1.044240060315E-02,1.));
#776 = CARTESIAN_POINT('',(1.064233031602E-02,1.));
#777 = CARTESIAN_POINT('',(1.077772706883E-02,1.));
#778 = CARTESIAN_POINT('',(1.084600119509E-02,1.));
#779 = ( GEOMETRIC_REPRESENTATION_CONTEXT(2) 
PARAMETRIC_REPRESENTATION_CONTEXT() REPRESENTATION_CONTEXT('2D SPACE',''
  ) );
#780 = PCURVE('',#781,#786);
#781 = PLANE('',#782);
#782 = AXIS2_PLACEMENT_3D('',#783,#784,#785);
#783 = CARTESIAN_POINT('',(15.50481993168,-293.8365168207,253.4217947899
    ));
#784 = DIRECTION('',(0.707106781205,0.70138475778,-8.977428099054E-02));
#785 = DIRECTION('',(-0.102196688915,-2.425732035053E-02,-0.99446841035)
  );
#786 = DEFINITIONAL_REPRESENTATION('',(#787),#791);
#787 = LINE('',#788,#789);
#788 = CARTESIAN_POINT('',(7.919099123173,-1.156675369931));
#789 = VECTOR('',#790,1.);
#790 = DIRECTION('',(-0.989500719328,0.144527943492));
#791 = ( GEOMETRIC_REPRESENTATION_CONTEXT(2) 
PARAMETRIC_REPRESENTATION_CONTEXT() REPRESENTATION_CONTEXT('2D SPACE',''
  ) );
#792 = ORIENTED_EDGE('',*,*,#793,.T.);
#793 = EDGE_CURVE('',#742,#296,#794,.T.);
#794 = SURFACE_CURVE('',#795,(#800,#829),.PCURVE_S1.);
#795 = CIRCLE('',#796,2.);
#796 = AXIS2_PLACEMENT_3D('',#797,#798,#799);
#797 = CARTESIAN_POINT('',(17.28925512937,-295.4777012794,
    233.48547533151));
#798 = DIRECTION('',(-4.578200499072E-02,0.216023489509,0.975314236541)
  );
#799 = DIRECTION('',(-2.554174406699E-11,-0.976337971537,0.216250237768)
  );
#800 = PCURVE('',#605,#801);
#801 = DEFINITIONAL_REPRESENTATION('',(#802),#828);
#802 = B_SPLINE_CURVE_WITH_KNOTS('',3,(#803,#804,#805,#806,#807,#808,
    #809,#810,#811,#812,#813,#814,#815,#816,#817,#818,#819,#820,#821,
    #822,#823,#824,#825,#826,#827),.UNSPECIFIED.,.F.,.F.,(4,1,1,1,1,1,1,
    1,1,1,1,1,1,1,1,1,1,1,1,1,1,1,4),(5.178875227009,5.229071139744,
    5.279267052479,5.329462965214,5.379658877949,5.429854790684,
    5.480050703419,5.530246616154,5.580442528889,5.630638441624,
    5.680834354359,5.731030267094,5.781226179829,5.831422092564,
    5.881618005299,5.931813918034,5.982009830769,6.032205743504,
    6.082401656239,6.132597568975,6.18279348171,6.232989394445,
    6.28318530718),.UNSPECIFIED.);
#803 = CARTESIAN_POINT('',(6.797214713342E-03,1.));
#804 = CARTESIAN_POINT('',(6.797214713342E-03,0.984050578501));
#805 = CARTESIAN_POINT('',(6.797214713342E-03,0.952377508513));
#806 = CARTESIAN_POINT('',(6.797214713342E-03,0.905475891535));
#807 = CARTESIAN_POINT('',(6.797214713342E-03,0.859111747578));
#808 = CARTESIAN_POINT('',(6.797214713342E-03,0.813218705524));
#809 = CARTESIAN_POINT('',(6.797214713342E-03,0.767732590123));
#810 = CARTESIAN_POINT('',(6.797214713342E-03,0.722591462163));
#811 = CARTESIAN_POINT('',(6.797214713342E-03,0.677735158273));
#812 = CARTESIAN_POINT('',(6.797214713342E-03,0.633104991566));
#813 = CARTESIAN_POINT('',(6.797214713342E-03,0.588643430869));
#814 = CARTESIAN_POINT('',(6.797214713342E-03,0.544293802729));
#815 = CARTESIAN_POINT('',(6.797214713342E-03,0.5));
#816 = CARTESIAN_POINT('',(6.797214713342E-03,0.455706197271));
#817 = CARTESIAN_POINT('',(6.797214713342E-03,0.41135656913));
#818 = CARTESIAN_POINT('',(6.797214713342E-03,0.366895008434));
#819 = CARTESIAN_POINT('',(6.797214713342E-03,0.322264841726));
#820 = CARTESIAN_POINT('',(6.797214713342E-03,0.277408537836));
#821 = CARTESIAN_POINT('',(6.797214713342E-03,0.232267409877));
#822 = CARTESIAN_POINT('',(6.797214713342E-03,0.186781294476));
#823 = CARTESIAN_POINT('',(6.797214713342E-03,0.140888252422));
#824 = CARTESIAN_POINT('',(6.797214713342E-03,9.452410846476E-02));
#825 = CARTESIAN_POINT('',(6.797214713342E-03,4.76224914878E-02));
#826 = CARTESIAN_POINT('',(6.797214713342E-03,1.59494214992E-02));
#827 = CARTESIAN_POINT('',(6.797214713342E-03,0.));
#828 = ( GEOMETRIC_REPRESENTATION_CONTEXT(2) 
PARAMETRIC_REPRESENTATION_CONTEXT() REPRESENTATION_CONTEXT('2D SPACE',''
  ) );
#829 = PCURVE('',#371,#830);
#830 = DEFINITIONAL_REPRESENTATION('',(#831),#857);
#831 = B_SPLINE_CURVE_WITH_KNOTS('',3,(#832,#833,#834,#835,#836,#837,
    #838,#839,#840,#841,#842,#843,#844,#845,#846,#847,#848,#849,#850,
    #851,#852,#853,#854,#855,#856),.UNSPECIFIED.,.F.,.F.,(4,1,1,1,1,1,1,
    1,1,1,1,1,1,1,1,1,1,1,1,1,1,1,4),(5.178875227009,5.229071139744,
    5.279267052479,5.329462965214,5.379658877949,5.429854790684,
    5.480050703419,5.530246616154,5.580442528889,5.630638441624,
    5.680834354359,5.731030267094,5.781226179829,5.831422092564,
    5.881618005299,5.931813918034,5.982009830769,6.032205743504,
    6.082401656239,6.132597568975,6.18279348171,6.232989394445,
    6.28318530718),.UNSPECIFIED.);
#832 = CARTESIAN_POINT('',(8.357513714199E-03,1.));
#833 = CARTESIAN_POINT('',(8.357513714199E-03,0.984050578501));
#834 = CARTESIAN_POINT('',(8.357513714199E-03,0.952377508513));
#835 = CARTESIAN_POINT('',(8.357513714199E-03,0.905475891535));
#836 = CARTESIAN_POINT('',(8.357513714199E-03,0.859111747578));
#837 = CARTESIAN_POINT('',(8.357513714199E-03,0.813218705524));
#838 = CARTESIAN_POINT('',(8.357513714199E-03,0.767732590123));
#839 = CARTESIAN_POINT('',(8.357513714199E-03,0.722591462163));
#840 = CARTESIAN_POINT('',(8.357513714199E-03,0.677735158273));
#841 = CARTESIAN_POINT('',(8.357513714199E-03,0.633104991566));
#842 = CARTESIAN_POINT('',(8.357513714199E-03,0.588643430869));
#843 = CARTESIAN_POINT('',(8.357513714199E-03,0.544293802729));
#844 = CARTESIAN_POINT('',(8.357513714199E-03,0.5));
#845 = CARTESIAN_POINT('',(8.357513714199E-03,0.455706197271));
#846 = CARTESIAN_POINT('',(8.357513714199E-03,0.41135656913));
#847 = CARTESIAN_POINT('',(8.357513714199E-03,0.366895008434));
#848 = CARTESIAN_POINT('',(8.357513714199E-03,0.322264841726));
#849 = CARTESIAN_POINT('',(8.357513714199E-03,0.277408537836));
#850 = CARTESIAN_POINT('',(8.357513714199E-03,0.232267409877));
#851 = CARTESIAN_POINT('',(8.357513714199E-03,0.186781294476));
#852 = CARTESIAN_POINT('',(8.357513714199E-03,0.140888252422));
#853 = CARTESIAN_POINT('',(8.357513714199E-03,9.452410846476E-02));
#854 = CARTESIAN_POINT('',(8.357513714199E-03,4.76224914878E-02));
#855 = CARTESIAN_POINT('',(8.357513714199E-03,1.59494214992E-02));
#856 = CARTESIAN_POINT('',(8.357513714199E-03,0.));
#857 = ( GEOMETRIC_REPRESENTATION_CONTEXT(2) 
PARAMETRIC_REPRESENTATION_CONTEXT() REPRESENTATION_CONTEXT('2D SPACE',''
  ) );
#858 = ORIENTED_EDGE('',*,*,#444,.T.);
#859 = ORIENTED_EDGE('',*,*,#860,.F.);
#860 = EDGE_CURVE('',#744,#22,#861,.T.);
#861 = SURFACE_CURVE('',#862,(#867,#896),.PCURVE_S1.);
#862 = CIRCLE('',#863,2.);
#863 = AXIS2_PLACEMENT_3D('',#864,#865,#866);
#864 = CARTESIAN_POINT('',(17.50481993162,-295.8855250227,
    237.41338897956));
#865 = DIRECTION('',(-1.083499588309E-11,-0.41221594592,0.911086172615)
  );
#866 = DIRECTION('',(2.394612286216E-11,0.911086172615,0.41221594592));
#867 = PCURVE('',#605,#868);
#868 = DEFINITIONAL_REPRESENTATION('',(#869),#895);
#869 = B_SPLINE_CURVE_WITH_KNOTS('',3,(#870,#871,#872,#873,#874,#875,
    #876,#877,#878,#879,#880,#881,#882,#883,#884,#885,#886,#887,#888,
    #889,#890,#891,#892,#893,#894),.UNSPECIFIED.,.F.,.F.,(4,1,1,1,1,1,1,
    1,1,1,1,1,1,1,1,1,1,1,1,1,1,1,4),(1.570796326796,1.642196159832,
    1.713595992868,1.784995825904,1.85639565894,1.927795491976,
    1.999195325012,2.070595158048,2.141994991084,2.21339482412,
    2.284794657156,2.356194490192,2.427594323228,2.498994156264,
    2.5703939893,2.641793822337,2.713193655373,2.784593488409,
    2.855993321445,2.927393154481,2.998792987517,3.070192820553,
    3.141592653589),.UNSPECIFIED.);
#870 = CARTESIAN_POINT('',(1.084600119509E-02,1.));
#871 = CARTESIAN_POINT('',(1.084600119509E-02,0.983172198663));
#872 = CARTESIAN_POINT('',(1.084600119509E-02,0.950009297011));
#873 = CARTESIAN_POINT('',(1.084600119509E-02,0.901574474096));
#874 = CARTESIAN_POINT('',(1.084600119509E-02,0.854275086925));
#875 = CARTESIAN_POINT('',(1.084600119509E-02,0.807956362777));
#876 = CARTESIAN_POINT('',(1.084600119509E-02,0.762473275577));
#877 = CARTESIAN_POINT('',(1.084600119509E-02,0.717690577461));
#878 = CARTESIAN_POINT('',(1.084600119509E-02,0.673480563786));
#879 = CARTESIAN_POINT('',(1.084600119509E-02,0.62972168941));
#880 = CARTESIAN_POINT('',(1.084600119509E-02,0.586297147708));
#881 = CARTESIAN_POINT('',(1.084600119509E-02,0.543093605115));
#882 = CARTESIAN_POINT('',(1.084600119509E-02,0.5));
#883 = CARTESIAN_POINT('',(1.084600119509E-02,0.456906394885));
#884 = CARTESIAN_POINT('',(1.084600119509E-02,0.413702852292));
#885 = CARTESIAN_POINT('',(1.084600119509E-02,0.370278310591));
#886 = CARTESIAN_POINT('',(1.084600119509E-02,0.326519436214));
#887 = CARTESIAN_POINT('',(1.084600119509E-02,0.282309422539));
#888 = CARTESIAN_POINT('',(1.084600119509E-02,0.237526724423));
#889 = CARTESIAN_POINT('',(1.084600119509E-02,0.192043637223));
#890 = CARTESIAN_POINT('',(1.084600119509E-02,0.145724913075));
#891 = CARTESIAN_POINT('',(1.084600119509E-02,9.842552590394E-02));
#892 = CARTESIAN_POINT('',(1.084600119509E-02,4.999070298874E-02));
#893 = CARTESIAN_POINT('',(1.084600119509E-02,1.682780133703E-02));
#894 = CARTESIAN_POINT('',(1.084600119509E-02,0.));
#895 = ( GEOMETRIC_REPRESENTATION_CONTEXT(2) 
PARAMETRIC_REPRESENTATION_CONTEXT() REPRESENTATION_CONTEXT('2D SPACE',''
  ) );
#896 = PCURVE('',#45,#897);
#897 = DEFINITIONAL_REPRESENTATION('',(#898),#902);
#898 = LINE('',#899,#900);
#899 = CARTESIAN_POINT('',(2.02006866928,6.283185307179));
#900 = VECTOR('',#901,1.);
#901 = DIRECTION('',(7.746417624198E-14,-1.));
#902 = ( GEOMETRIC_REPRESENTATION_CONTEXT(2) 
PARAMETRIC_REPRESENTATION_CONTEXT() REPRESENTATION_CONTEXT('2D SPACE',''
  ) );
#903 = ADVANCED_FACE('',(#904),#781,.T.);
#904 = FACE_BOUND('',#905,.T.);
#905 = EDGE_LOOP('',(#906,#936,#962,#963,#991));
#906 = ORIENTED_EDGE('',*,*,#907,.T.);
#907 = EDGE_CURVE('',#908,#910,#912,.T.);
#908 = VERTEX_POINT('',#909);
#909 = CARTESIAN_POINT('',(15.00481993166,-294.3566398494,
    245.41995119801));
#910 = VERTEX_POINT('',#911);
#911 = CARTESIAN_POINT('',(15.50481993165,-294.8525937678,
    245.48343120087));
#912 = SURFACE_CURVE('',#913,(#917,#924),.PCURVE_S1.);
#913 = LINE('',#914,#915);
#914 = CARTESIAN_POINT('',(15.00481993166,-294.3566398494,
    245.41995119801));
#915 = VECTOR('',#916,1.);
#916 = DIRECTION('',(0.707106781168,-0.701384757818,8.977428098966E-02)
  );
#917 = PCURVE('',#781,#918);
#918 = DEFINITIONAL_REPRESENTATION('',(#919),#923);
#919 = LINE('',#920,#921);
#920 = CARTESIAN_POINT('',(8.021295812083,-0.456992701306));
#921 = VECTOR('',#922,1.);
#922 = DIRECTION('',(-0.144527943491,-0.989500719328));
#923 = ( GEOMETRIC_REPRESENTATION_CONTEXT(2) 
PARAMETRIC_REPRESENTATION_CONTEXT() REPRESENTATION_CONTEXT('2D SPACE',''
  ) );
#924 = PCURVE('',#925,#930);
#925 = CONICAL_SURFACE('',#926,6.499999999904,0.785398163397);
#926 = AXIS2_PLACEMENT_3D('',#927,#928,#929);
#927 = CARTESIAN_POINT('',(15.50481993148,-301.2999947077,246.3086712381
    ));
#928 = DIRECTION('',(-1.,2.628418675401E-11,-3.064104139678E-16));
#929 = DIRECTION('',(6.406334439457E-13,2.438499502551E-02,
    0.999702641798));
#930 = DEFINITIONAL_REPRESENTATION('',(#931),#935);
#931 = LINE('',#932,#933);
#932 = CARTESIAN_POINT('',(1.673712492898,0.499999999999));
#933 = VECTOR('',#934,1.);
#934 = DIRECTION('',(6.972200594651E-14,-1.));
#935 = ( GEOMETRIC_REPRESENTATION_CONTEXT(2) 
PARAMETRIC_REPRESENTATION_CONTEXT() REPRESENTATION_CONTEXT('2D SPACE',''
  ) );
#936 = ORIENTED_EDGE('',*,*,#937,.F.);
#937 = EDGE_CURVE('',#744,#910,#938,.T.);
#938 = SURFACE_CURVE('',#939,(#943,#950),.PCURVE_S1.);
#939 = LINE('',#940,#941);
#940 = CARTESIAN_POINT('',(15.50481993165,-294.8525937678,
    245.48343120087));
#941 = VECTOR('',#942,1.);
#942 = DIRECTION('',(3.336785020807E-12,0.126960005728,0.991907836921));
#943 = PCURVE('',#781,#944);
#944 = DEFINITIONAL_REPRESENTATION('',(#945),#949);
#945 = LINE('',#946,#947);
#946 = CARTESIAN_POINT('',(7.919099123173,-1.156675369931));
#947 = VECTOR('',#948,1.);
#948 = DIRECTION('',(-0.989500719328,0.144527943492));
#949 = ( GEOMETRIC_REPRESENTATION_CONTEXT(2) 
PARAMETRIC_REPRESENTATION_CONTEXT() REPRESENTATION_CONTEXT('2D SPACE',''
  ) );
#950 = PCURVE('',#951,#956);
#951 = PLANE('',#952);
#952 = AXIS2_PLACEMENT_3D('',#953,#954,#955);
#953 = CARTESIAN_POINT('',(15.50481993149,-301.1038004129,
    254.35197633716));
#954 = DIRECTION('',(1.,-2.628418794326E-11,2.576549260735E-16));
#955 = DIRECTION('',(-6.406822139356E-13,-2.438499502551E-02,
    -0.999702641798));
#956 = DEFINITIONAL_REPRESENTATION('',(#957),#961);
#957 = LINE('',#958,#959);
#958 = CARTESIAN_POINT('',(8.713472358709,6.465607226543));
#959 = VECTOR('',#960,1.);
#960 = DIRECTION('',(-0.994708804098,0.10273458546));
#961 = ( GEOMETRIC_REPRESENTATION_CONTEXT(2) 
PARAMETRIC_REPRESENTATION_CONTEXT() REPRESENTATION_CONTEXT('2D SPACE',''
  ) );
#962 = ORIENTED_EDGE('',*,*,#741,.F.);
#963 = ORIENTED_EDGE('',*,*,#964,.F.);
#964 = EDGE_CURVE('',#965,#742,#967,.T.);
#965 = VERTEX_POINT('',#966);
#966 = CARTESIAN_POINT('',(15.00481993162,-295.8776499324,
    233.53666706666));
#967 = SURFACE_CURVE('',#968,(#972,#979),.PCURVE_S1.);
#968 = LINE('',#969,#970);
#969 = CARTESIAN_POINT('',(15.00481993162,-295.8776499324,
    233.53666706666));
#970 = VECTOR('',#971,1.);
#971 = DIRECTION('',(0.707106781168,-0.701384757818,8.977428098966E-02)
  );
#972 = PCURVE('',#781,#973);
#973 = DEFINITIONAL_REPRESENTATION('',(#974),#978);
#974 = LINE('',#975,#976);
#975 = CARTESIAN_POINT('',(19.87574212077,-2.188470721241));
#976 = VECTOR('',#977,1.);
#977 = DIRECTION('',(-0.144527943491,-0.989500719328));
#978 = ( GEOMETRIC_REPRESENTATION_CONTEXT(2) 
PARAMETRIC_REPRESENTATION_CONTEXT() REPRESENTATION_CONTEXT('2D SPACE',''
  ) );
#979 = PCURVE('',#980,#985);
#980 = CONICAL_SURFACE('',#981,3.5,0.785398163397);
#981 = AXIS2_PLACEMENT_3D('',#982,#983,#984);
#982 = CARTESIAN_POINT('',(15.50482039803,-299.8452910655,
    234.04451129836));
#983 = DIRECTION('',(-0.999999999998,1.892596736074E-06,
    -1.079532020455E-06));
#984 = DIRECTION('',(-1.033058668243E-06,2.438571548863E-02,
    0.999702624223));
#985 = DEFINITIONAL_REPRESENTATION('',(#986),#990);
#986 = LINE('',#987,#988);
#987 = CARTESIAN_POINT('',(1.673712401498,0.500008878597));
#988 = VECTOR('',#989,1.);
#989 = DIRECTION('',(4.170823468791E-07,-1.));
#990 = ( GEOMETRIC_REPRESENTATION_CONTEXT(2) 
PARAMETRIC_REPRESENTATION_CONTEXT() REPRESENTATION_CONTEXT('2D SPACE',''
  ) );
#991 = ORIENTED_EDGE('',*,*,#992,.F.);
#992 = EDGE_CURVE('',#908,#965,#993,.T.);
#993 = SURFACE_CURVE('',#994,(#998,#1005),.PCURVE_S1.);
#994 = LINE('',#995,#996);
#995 = CARTESIAN_POINT('',(15.00481993162,-295.8776499324,
    233.53666706666));
#996 = VECTOR('',#997,1.);
#997 = DIRECTION('',(-3.336785020807E-12,-0.126960005728,-0.991907836921
    ));
#998 = PCURVE('',#781,#999);
#999 = DEFINITIONAL_REPRESENTATION('',(#1000),#1004);
#1000 = LINE('',#1001,#1002);
#1001 = CARTESIAN_POINT('',(19.87574212077,-2.188470721241));
#1002 = VECTOR('',#1003,1.);
#1003 = DIRECTION('',(0.989500719328,-0.144527943492));
#1004 = ( GEOMETRIC_REPRESENTATION_CONTEXT(2) 
PARAMETRIC_REPRESENTATION_CONTEXT() REPRESENTATION_CONTEXT('2D SPACE',''
  ) );
#1005 = PCURVE('',#1006,#1011);
#1006 = PLANE('',#1007);
#1007 = AXIS2_PLACEMENT_3D('',#1008,#1009,#1010);
#1008 = CARTESIAN_POINT('',(15.50481993166,-294.3566398494,
    245.41995119801));
#1009 = DIRECTION('',(-2.607152973026E-11,-0.991907836921,0.126960005728
    ));
#1010 = DIRECTION('',(-1.,2.6284186754E-11,-3.064104233752E-16));
#1011 = DEFINITIONAL_REPRESENTATION('',(#1012),#1016);
#1012 = LINE('',#1013,#1014);
#1013 = CARTESIAN_POINT('',(0.5,11.9802301071));
#1014 = VECTOR('',#1015,1.);
#1015 = DIRECTION('',(4.845086319498E-17,1.));
#1016 = ( GEOMETRIC_REPRESENTATION_CONTEXT(2) 
PARAMETRIC_REPRESENTATION_CONTEXT() REPRESENTATION_CONTEXT('2D SPACE',''
  ) );
#1017 = ADVANCED_FACE('',(#1018),#1006,.F.);
#1018 = FACE_BOUND('',#1019,.T.);
#1019 = EDGE_LOOP('',(#1020,#1050,#1076,#1077));
#1020 = ORIENTED_EDGE('',*,*,#1021,.F.);
#1021 = EDGE_CURVE('',#1022,#1024,#1026,.T.);
#1022 = VERTEX_POINT('',#1023);
#1023 = CARTESIAN_POINT('',(12.90481993166,-294.3566398493,
    245.41995119801));
#1024 = VERTEX_POINT('',#1025);
#1025 = CARTESIAN_POINT('',(12.90481993162,-295.8776499323,
    233.53666706666));
#1026 = SURFACE_CURVE('',#1027,(#1031,#1038),.PCURVE_S1.);
#1027 = LINE('',#1028,#1029);
#1028 = CARTESIAN_POINT('',(12.90481993166,-294.3566398493,
    245.41995119801));
#1029 = VECTOR('',#1030,1.);
#1030 = DIRECTION('',(-3.336785020807E-12,-0.126960005728,
    -0.991907836921));
#1031 = PCURVE('',#1006,#1032);
#1032 = DEFINITIONAL_REPRESENTATION('',(#1033),#1037);
#1033 = LINE('',#1034,#1035);
#1034 = CARTESIAN_POINT('',(2.6,-2.014311330133E-13));
#1035 = VECTOR('',#1036,1.);
#1036 = DIRECTION('',(4.845086319498E-17,1.));
#1037 = ( GEOMETRIC_REPRESENTATION_CONTEXT(2) 
PARAMETRIC_REPRESENTATION_CONTEXT() REPRESENTATION_CONTEXT('2D SPACE',''
  ) );
#1038 = PCURVE('',#1039,#1044);
#1039 = PLANE('',#1040);
#1040 = AXIS2_PLACEMENT_3D('',#1041,#1042,#1043);
#1041 = CARTESIAN_POINT('',(12.90481993147,-301.5004597476,
    238.09005058208));
#1042 = DIRECTION('',(-1.,2.586154154475E-11,-1.629608048832E-13));
#1043 = DIRECTION('',(2.586154154475E-11,1.,0.));
#1044 = DEFINITIONAL_REPRESENTATION('',(#1045),#1049);
#1045 = LINE('',#1046,#1047);
#1046 = CARTESIAN_POINT('',(7.1438198983,-7.32990061593));
#1047 = VECTOR('',#1048,1.);
#1048 = DIRECTION('',(-0.126960005728,0.991907836921));
#1049 = ( GEOMETRIC_REPRESENTATION_CONTEXT(2) 
PARAMETRIC_REPRESENTATION_CONTEXT() REPRESENTATION_CONTEXT('2D SPACE',''
  ) );
#1050 = ORIENTED_EDGE('',*,*,#1051,.F.);
#1051 = EDGE_CURVE('',#908,#1022,#1052,.T.);
#1052 = SURFACE_CURVE('',#1053,(#1057,#1064),.PCURVE_S1.);
#1053 = LINE('',#1054,#1055);
#1054 = CARTESIAN_POINT('',(15.50481993166,-294.3566398494,
    245.41995119801));
#1055 = VECTOR('',#1056,1.);
#1056 = DIRECTION('',(-1.,2.628418675401E-11,-3.064104139678E-16));
#1057 = PCURVE('',#1006,#1058);
#1058 = DEFINITIONAL_REPRESENTATION('',(#1059),#1063);
#1059 = LINE('',#1060,#1061);
#1060 = CARTESIAN_POINT('',(0.,-0.));
#1061 = VECTOR('',#1062,1.);
#1062 = DIRECTION('',(1.,-1.019798988591E-23));
#1063 = ( GEOMETRIC_REPRESENTATION_CONTEXT(2) 
PARAMETRIC_REPRESENTATION_CONTEXT() REPRESENTATION_CONTEXT('2D SPACE',''
  ) );
#1064 = PCURVE('',#1065,#1070);
#1065 = CYLINDRICAL_SURFACE('',#1066,6.999999999904);
#1066 = AXIS2_PLACEMENT_3D('',#1067,#1068,#1069);
#1067 = CARTESIAN_POINT('',(15.50481993148,-301.2999947077,
    246.3086712381));
#1068 = DIRECTION('',(-1.,2.628418675401E-11,-3.064104139678E-16));
#1069 = DIRECTION('',(6.406334439457E-13,2.438499502551E-02,
    0.999702641798));
#1070 = DEFINITIONAL_REPRESENTATION('',(#1071),#1075);
#1071 = LINE('',#1072,#1073);
#1072 = CARTESIAN_POINT('',(1.673712492898,2.48689957516E-12));
#1073 = VECTOR('',#1074,1.);
#1074 = DIRECTION('',(0.,1.));
#1075 = ( GEOMETRIC_REPRESENTATION_CONTEXT(2) 
PARAMETRIC_REPRESENTATION_CONTEXT() REPRESENTATION_CONTEXT('2D SPACE',''
  ) );
#1076 = ORIENTED_EDGE('',*,*,#992,.T.);
#1077 = ORIENTED_EDGE('',*,*,#1078,.T.);
#1078 = EDGE_CURVE('',#965,#1024,#1079,.T.);
#1079 = SURFACE_CURVE('',#1080,(#1084,#1091),.PCURVE_S1.);
#1080 = LINE('',#1081,#1082);
#1081 = CARTESIAN_POINT('',(15.50481993162,-295.8776499324,
    233.53666706666));
#1082 = VECTOR('',#1083,1.);
#1083 = DIRECTION('',(-1.,2.628418675401E-11,-3.064104139678E-16));
#1084 = PCURVE('',#1006,#1085);
#1085 = DEFINITIONAL_REPRESENTATION('',(#1086),#1090);
#1086 = LINE('',#1087,#1088);
#1087 = CARTESIAN_POINT('',(2.868410858507E-14,11.9802301071));
#1088 = VECTOR('',#1089,1.);
#1089 = DIRECTION('',(1.,-1.019798988591E-23));
#1090 = ( GEOMETRIC_REPRESENTATION_CONTEXT(2) 
PARAMETRIC_REPRESENTATION_CONTEXT() REPRESENTATION_CONTEXT('2D SPACE',''
  ) );
#1091 = PCURVE('',#1092,#1097);
#1092 = CYLINDRICAL_SURFACE('',#1093,4.);
#1093 = AXIS2_PLACEMENT_3D('',#1094,#1095,#1096);
#1094 = CARTESIAN_POINT('',(15.50481993152,-299.8452812801,
    234.04450708957));
#1095 = DIRECTION('',(-1.,2.628418675401E-11,-3.064104139678E-16));
#1096 = DIRECTION('',(6.406334439457E-13,2.438499502551E-02,
    0.999702641798));
#1097 = DEFINITIONAL_REPRESENTATION('',(#1098),#1102);
#1098 = LINE('',#1099,#1100);
#1099 = CARTESIAN_POINT('',(1.673712492897,4.291678123991E-12));
#1100 = VECTOR('',#1101,1.);
#1101 = DIRECTION('',(-3.383536836953E-15,1.));
#1102 = ( GEOMETRIC_REPRESENTATION_CONTEXT(2) 
PARAMETRIC_REPRESENTATION_CONTEXT() REPRESENTATION_CONTEXT('2D SPACE',''
  ) );
#1103 = ADVANCED_FACE('',(#1104),#1092,.T.);
#1104 = FACE_BOUND('',#1105,.T.);
#1105 = EDGE_LOOP('',(#1106,#1136,#1162,#1163));
#1106 = ORIENTED_EDGE('',*,*,#1107,.T.);
#1107 = EDGE_CURVE('',#1108,#1110,#1112,.T.);
#1108 = VERTEX_POINT('',#1109);
#1109 = CARTESIAN_POINT('',(15.00481993152,-299.9428212602,
    230.04569652238));
#1110 = VERTEX_POINT('',#1111);
#1111 = CARTESIAN_POINT('',(12.90481993152,-299.9428212601,
    230.04569652238));
#1112 = SURFACE_CURVE('',#1113,(#1117,#1124),.PCURVE_S1.);
#1113 = LINE('',#1114,#1115);
#1114 = CARTESIAN_POINT('',(15.50481993152,-299.9428212602,
    230.04569652238));
#1115 = VECTOR('',#1116,1.);
#1116 = DIRECTION('',(-1.,2.628418675401E-11,-3.064104139678E-16));
#1117 = PCURVE('',#1092,#1118);
#1118 = DEFINITIONAL_REPRESENTATION('',(#1119),#1123);
#1119 = LINE('',#1120,#1121);
#1120 = CARTESIAN_POINT('',(3.141592653589,-2.557953848736E-12));
#1121 = VECTOR('',#1122,1.);
#1122 = DIRECTION('',(8.458842092382E-16,1.));
#1123 = ( GEOMETRIC_REPRESENTATION_CONTEXT(2) 
PARAMETRIC_REPRESENTATION_CONTEXT() REPRESENTATION_CONTEXT('2D SPACE',''
  ) );
#1124 = PCURVE('',#1125,#1130);
#1125 = PLANE('',#1126);
#1126 = AXIS2_PLACEMENT_3D('',#1127,#1128,#1129);
#1127 = CARTESIAN_POINT('',(15.50481993126,-309.7415207868,
    230.28470883386));
#1128 = DIRECTION('',(6.406822139335E-13,2.438499502551E-02,
    0.999702641798));
#1129 = DIRECTION('',(2.627637781259E-11,0.999702641798,
    -2.438499502551E-02));
#1130 = DEFINITIONAL_REPRESENTATION('',(#1131),#1135);
#1131 = LINE('',#1132,#1133);
#1132 = CARTESIAN_POINT('',(9.801614116982,-2.450882158343E-12));
#1133 = VECTOR('',#1134,1.);
#1134 = DIRECTION('',(5.947222132221E-19,1.));
#1135 = ( GEOMETRIC_REPRESENTATION_CONTEXT(2) 
PARAMETRIC_REPRESENTATION_CONTEXT() REPRESENTATION_CONTEXT('2D SPACE',''
  ) );
#1136 = ORIENTED_EDGE('',*,*,#1137,.T.);
#1137 = EDGE_CURVE('',#1110,#1024,#1138,.T.);
#1138 = SURFACE_CURVE('',#1139,(#1144,#1151),.PCURVE_S1.);
#1139 = CIRCLE('',#1140,4.);
#1140 = AXIS2_PLACEMENT_3D('',#1141,#1142,#1143);
#1141 = CARTESIAN_POINT('',(12.90481993152,-299.84528128,234.04450708957
    ));
#1142 = DIRECTION('',(1.,-2.628418675401E-11,3.064104139656E-16));
#1143 = DIRECTION('',(-6.406334439457E-13,-2.438499502551E-02,
    -0.999702641798));
#1144 = PCURVE('',#1092,#1145);
#1145 = DEFINITIONAL_REPRESENTATION('',(#1146),#1150);
#1146 = LINE('',#1147,#1148);
#1147 = CARTESIAN_POINT('',(3.141592653589,2.6));
#1148 = VECTOR('',#1149,1.);
#1149 = DIRECTION('',(-1.,9.681209063071E-15));
#1150 = ( GEOMETRIC_REPRESENTATION_CONTEXT(2) 
PARAMETRIC_REPRESENTATION_CONTEXT() REPRESENTATION_CONTEXT('2D SPACE',''
  ) );
#1151 = PCURVE('',#1039,#1152);
#1152 = DEFINITIONAL_REPRESENTATION('',(#1153),#1161);
#1153 = ( BOUNDED_CURVE() B_SPLINE_CURVE(2,(#1154,#1155,#1156,#1157,
#1158,#1159,#1160),.UNSPECIFIED.,.T.,.F.) B_SPLINE_CURVE_WITH_KNOTS((1,2
    ,2,2,2,1),(-2.094395102393,0.,2.094395102393,4.188790204786,
6.28318530718,8.377580409573),.UNSPECIFIED.) CURVE() 
GEOMETRIC_REPRESENTATION_ITEM() RATIONAL_B_SPLINE_CURVE((1.,0.5,1.,0.5,
1.,0.5,1.)) REPRESENTATION_ITEM('') );
#1154 = CARTESIAN_POINT('',(1.557638487488,8.044354059701));
#1155 = CARTESIAN_POINT('',(8.483781559707,8.213298261007));
#1156 = CARTESIAN_POINT('',(5.16701999375,2.130610309567));
#1157 = CARTESIAN_POINT('',(1.850258427794,-3.952077641873));
#1158 = CARTESIAN_POINT('',(-1.759123078468,1.961666108261));
#1159 = CARTESIAN_POINT('',(-5.368504584731,7.875409858395));
#1160 = CARTESIAN_POINT('',(1.557638487488,8.044354059701));
#1161 = ( GEOMETRIC_REPRESENTATION_CONTEXT(2) 
PARAMETRIC_REPRESENTATION_CONTEXT() REPRESENTATION_CONTEXT('2D SPACE',''
  ) );
#1162 = ORIENTED_EDGE('',*,*,#1078,.F.);
#1163 = ORIENTED_EDGE('',*,*,#1164,.T.);
#1164 = EDGE_CURVE('',#965,#1108,#1165,.T.);
#1165 = SURFACE_CURVE('',#1166,(#1171,#1178),.PCURVE_S1.);
#1166 = CIRCLE('',#1167,4.);
#1167 = AXIS2_PLACEMENT_3D('',#1168,#1169,#1170);
#1168 = CARTESIAN_POINT('',(15.00481993152,-299.8452812801,
    234.04450708957));
#1169 = DIRECTION('',(-1.,2.628418675401E-11,-3.064104139656E-16));
#1170 = DIRECTION('',(-6.406334439457E-13,-2.438499502551E-02,
    -0.999702641798));
#1171 = PCURVE('',#1092,#1172);
#1172 = DEFINITIONAL_REPRESENTATION('',(#1173),#1177);
#1173 = LINE('',#1174,#1175);
#1174 = CARTESIAN_POINT('',(-3.14159265359,0.5));
#1175 = VECTOR('',#1176,1.);
#1176 = DIRECTION('',(1.,-9.681209063062E-15));
#1177 = ( GEOMETRIC_REPRESENTATION_CONTEXT(2) 
PARAMETRIC_REPRESENTATION_CONTEXT() REPRESENTATION_CONTEXT('2D SPACE',''
  ) );
#1178 = PCURVE('',#980,#1179);
#1179 = DEFINITIONAL_REPRESENTATION('',(#1180),#1183);
#1180 = B_SPLINE_CURVE_WITH_KNOTS('',1,(#1181,#1182),.UNSPECIFIED.,.F.,
  .F.,(2,2),(4.815305146486,6.28318530718),.PIECEWISE_BEZIER_KNOTS.);
#1181 = CARTESIAN_POINT('',(1.673712401498,0.500008878592));
#1182 = CARTESIAN_POINT('',(3.141589701429,0.500004025592));
#1183 = ( GEOMETRIC_REPRESENTATION_CONTEXT(2) 
PARAMETRIC_REPRESENTATION_CONTEXT() REPRESENTATION_CONTEXT('2D SPACE',''
  ) );
#1184 = ADVANCED_FACE('',(#1185),#1125,.F.);
#1185 = FACE_BOUND('',#1186,.T.);
#1186 = EDGE_LOOP('',(#1187,#1217,#1238,#1239));
#1187 = ORIENTED_EDGE('',*,*,#1188,.T.);
#1188 = EDGE_CURVE('',#1189,#1191,#1193,.T.);
#1189 = VERTEX_POINT('',#1190);
#1190 = CARTESIAN_POINT('',(15.00481993142,-303.4484428772,
    230.13120651517));
#1191 = VERTEX_POINT('',#1192);
#1192 = CARTESIAN_POINT('',(12.90481993142,-303.4484428771,
    230.13120651517));
#1193 = SURFACE_CURVE('',#1194,(#1198,#1205),.PCURVE_S1.);
#1194 = LINE('',#1195,#1196);
#1195 = CARTESIAN_POINT('',(15.50481993142,-303.4484428772,
    230.13120651517));
#1196 = VECTOR('',#1197,1.);
#1197 = DIRECTION('',(-1.,2.628418675401E-11,-3.064104139678E-16));
#1198 = PCURVE('',#1125,#1199);
#1199 = DEFINITIONAL_REPRESENTATION('',(#1200),#1204);
#1200 = LINE('',#1201,#1202);
#1201 = CARTESIAN_POINT('',(6.294949764544,5.408465085962E-12));
#1202 = VECTOR('',#1203,1.);
#1203 = DIRECTION('',(5.947222132221E-19,1.));
#1204 = ( GEOMETRIC_REPRESENTATION_CONTEXT(2) 
PARAMETRIC_REPRESENTATION_CONTEXT() REPRESENTATION_CONTEXT('2D SPACE',''
  ) );
#1205 = PCURVE('',#1206,#1211);
#1206 = CYLINDRICAL_SURFACE('',#1207,4.);
#1207 = AXIS2_PLACEMENT_3D('',#1208,#1209,#1210);
#1208 = CARTESIAN_POINT('',(15.50481993143,-303.3509028971,
    234.13001708236));
#1209 = DIRECTION('',(-1.,2.628418675401E-11,-3.064104139678E-16));
#1210 = DIRECTION('',(6.406334439457E-13,2.438499502551E-02,
    0.999702641798));
#1211 = DEFINITIONAL_REPRESENTATION('',(#1212),#1216);
#1212 = LINE('',#1213,#1214);
#1213 = CARTESIAN_POINT('',(3.141592653589,7.432277016051E-12));
#1214 = VECTOR('',#1215,1.);
#1215 = DIRECTION('',(0.,1.));
#1216 = ( GEOMETRIC_REPRESENTATION_CONTEXT(2) 
PARAMETRIC_REPRESENTATION_CONTEXT() REPRESENTATION_CONTEXT('2D SPACE',''
  ) );
#1217 = ORIENTED_EDGE('',*,*,#1218,.T.);
#1218 = EDGE_CURVE('',#1191,#1110,#1219,.T.);
#1219 = SURFACE_CURVE('',#1220,(#1224,#1231),.PCURVE_S1.);
#1220 = LINE('',#1221,#1222);
#1221 = CARTESIAN_POINT('',(12.90481993126,-309.7415207867,
    230.28470883386));
#1222 = VECTOR('',#1223,1.);
#1223 = DIRECTION('',(2.627637781259E-11,0.999702641798,
    -2.438499502551E-02));
#1224 = PCURVE('',#1125,#1225);
#1225 = DEFINITIONAL_REPRESENTATION('',(#1226),#1230);
#1226 = LINE('',#1227,#1228);
#1227 = CARTESIAN_POINT('',(1.65686189491E-12,2.6));
#1228 = VECTOR('',#1229,1.);
#1229 = DIRECTION('',(1.,0.));
#1230 = ( GEOMETRIC_REPRESENTATION_CONTEXT(2) 
PARAMETRIC_REPRESENTATION_CONTEXT() REPRESENTATION_CONTEXT('2D SPACE',''
  ) );
#1231 = PCURVE('',#1039,#1232);
#1232 = DEFINITIONAL_REPRESENTATION('',(#1233),#1237);
#1233 = LINE('',#1234,#1235);
#1234 = CARTESIAN_POINT('',(-8.24106103914,7.80534174822));
#1235 = VECTOR('',#1236,1.);
#1236 = DIRECTION('',(0.999702641798,2.438499502551E-02));
#1237 = ( GEOMETRIC_REPRESENTATION_CONTEXT(2) 
PARAMETRIC_REPRESENTATION_CONTEXT() REPRESENTATION_CONTEXT('2D SPACE',''
  ) );
#1238 = ORIENTED_EDGE('',*,*,#1107,.F.);
#1239 = ORIENTED_EDGE('',*,*,#1240,.T.);
#1240 = EDGE_CURVE('',#1108,#1189,#1241,.T.);
#1241 = SURFACE_CURVE('',#1242,(#1246,#1253),.PCURVE_S1.);
#1242 = LINE('',#1243,#1244);
#1243 = CARTESIAN_POINT('',(15.00481993142,-303.4484428772,
    230.13120651517));
#1244 = VECTOR('',#1245,1.);
#1245 = DIRECTION('',(-2.627637781259E-11,-0.999702641798,
    2.438499502551E-02));
#1246 = PCURVE('',#1125,#1247);
#1247 = DEFINITIONAL_REPRESENTATION('',(#1248),#1252);
#1248 = LINE('',#1249,#1250);
#1249 = CARTESIAN_POINT('',(6.294949764541,0.500000000005));
#1250 = VECTOR('',#1251,1.);
#1251 = DIRECTION('',(-1.,0.));
#1252 = ( GEOMETRIC_REPRESENTATION_CONTEXT(2) 
PARAMETRIC_REPRESENTATION_CONTEXT() REPRESENTATION_CONTEXT('2D SPACE',''
  ) );
#1253 = PCURVE('',#1254,#1259);
#1254 = PLANE('',#1255);
#1255 = AXIS2_PLACEMENT_3D('',#1256,#1257,#1258);
#1256 = CARTESIAN_POINT('',(15.50481993147,-301.6834498303,
    230.58830308992));
#1257 = DIRECTION('',(0.707106781186,-1.724279536054E-02,-0.706896517185
    ));
#1258 = DIRECTION('',(-0.707106781187,-1.724279532295E-02,
    -0.706896517186));
#1259 = DEFINITIONAL_REPRESENTATION('',(#1260),#1264);
#1260 = LINE('',#1261,#1262);
#1261 = CARTESIAN_POINT('',(0.70710678119,-1.753321914013));
#1262 = VECTOR('',#1263,1.);
#1263 = DIRECTION('',(-2.054373029804E-13,-1.));
#1264 = ( GEOMETRIC_REPRESENTATION_CONTEXT(2) 
PARAMETRIC_REPRESENTATION_CONTEXT() REPRESENTATION_CONTEXT('2D SPACE',''
  ) );
#1265 = ADVANCED_FACE('',(#1266),#1254,.T.);
#1266 = FACE_BOUND('',#1267,.T.);
#1267 = EDGE_LOOP('',(#1268,#1313,#1371,#1397,#1398));
#1268 = ORIENTED_EDGE('',*,*,#1269,.F.);
#1269 = EDGE_CURVE('',#137,#1270,#1272,.T.);
#1270 = VERTEX_POINT('',#1271);
#1271 = CARTESIAN_POINT('',(15.50481993152,-299.9306287627,
    230.54554784328));
#1272 = SURFACE_CURVE('',#1273,(#1277,#1284),.PCURVE_S1.);
#1273 = LINE('',#1274,#1275);
#1274 = CARTESIAN_POINT('',(15.50481993152,-299.9306287627,
    230.54554784328));
#1275 = VECTOR('',#1276,1.);
#1276 = DIRECTION('',(2.627637781259E-11,0.999702641798,
    -2.438499502551E-02));
#1277 = PCURVE('',#1254,#1278);
#1278 = DEFINITIONAL_REPRESENTATION('',(#1279),#1283);
#1279 = LINE('',#1280,#1281);
#1280 = CARTESIAN_POINT('',(-1.703886129391E-12,1.753342438425));
#1281 = VECTOR('',#1282,1.);
#1282 = DIRECTION('',(2.054373029804E-13,1.));
#1283 = ( GEOMETRIC_REPRESENTATION_CONTEXT(2) 
PARAMETRIC_REPRESENTATION_CONTEXT() REPRESENTATION_CONTEXT('2D SPACE',''
  ) );
#1284 = PCURVE('',#231,#1285);
#1285 = DEFINITIONAL_REPRESENTATION('',(#1286),#1312);
#1286 = B_SPLINE_CURVE_WITH_KNOTS('',3,(#1287,#1288,#1289,#1290,#1291,
    #1292,#1293,#1294,#1295,#1296,#1297,#1298,#1299,#1300,#1301,#1302,
    #1303,#1304,#1305,#1306,#1307,#1308,#1309,#1310,#1311),
  .UNSPECIFIED.,.F.,.F.,(4,1,1,1,1,1,1,1,1,1,1,1,1,1,1,1,1,1,1,1,1,1,4),
  (-1.753342438425,-1.67364505486,-1.593947671296,-1.514250287731,
    -1.434552904166,-1.354855520601,-1.275158137037,-1.195460753472,
    -1.115763369907,-1.036065986342,-0.956368602777,-0.876671219213,
    -0.796973835648,-0.717276452083,-0.637579068518,-0.557881684953,
    -0.478184301389,-0.398486917824,-0.318789534259,-0.239092150694,
    -0.15939476713,-7.969738356478E-02,0.),.UNSPECIFIED.);
#1287 = CARTESIAN_POINT('',(9.04710316009E-03,0.));
#1288 = CARTESIAN_POINT('',(9.016581407061E-03,0.));
#1289 = CARTESIAN_POINT('',(8.955516647934E-03,0.));
#1290 = CARTESIAN_POINT('',(8.863852207743E-03,0.));
#1291 = CARTESIAN_POINT('',(8.772116934149E-03,0.));
#1292 = CARTESIAN_POINT('',(8.680307258857E-03,0.));
#1293 = CARTESIAN_POINT('',(8.588419587845E-03,0.));
#1294 = CARTESIAN_POINT('',(8.496450296595E-03,0.));
#1295 = CARTESIAN_POINT('',(8.404395729424E-03,0.));
#1296 = CARTESIAN_POINT('',(8.31225219766E-03,0.));
#1297 = CARTESIAN_POINT('',(8.220015978094E-03,0.));
#1298 = CARTESIAN_POINT('',(8.127683311305E-03,0.));
#1299 = CARTESIAN_POINT('',(8.035250399964E-03,0.));
#1300 = CARTESIAN_POINT('',(7.942713407092E-03,0.));
#1301 = CARTESIAN_POINT('',(7.850068454274E-03,0.));
#1302 = CARTESIAN_POINT('',(7.757311619825E-03,0.));
#1303 = CARTESIAN_POINT('',(7.664438936901E-03,0.));
#1304 = CARTESIAN_POINT('',(7.571446391551E-03,0.));
#1305 = CARTESIAN_POINT('',(7.478329920761E-03,0.));
#1306 = CARTESIAN_POINT('',(7.385085410243E-03,0.));
#1307 = CARTESIAN_POINT('',(7.291708692884E-03,0.));
#1308 = CARTESIAN_POINT('',(7.198195544452E-03,0.));
#1309 = CARTESIAN_POINT('',(7.104541689207E-03,0.));
#1310 = CARTESIAN_POINT('',(7.042009075199E-03,-0.));
#1311 = CARTESIAN_POINT('',(7.010717868037E-03,0.));
#1312 = ( GEOMETRIC_REPRESENTATION_CONTEXT(2) 
PARAMETRIC_REPRESENTATION_CONTEXT() REPRESENTATION_CONTEXT('2D SPACE',''
  ) );
#1313 = ORIENTED_EDGE('',*,*,#1314,.F.);
#1314 = EDGE_CURVE('',#1315,#137,#1317,.T.);
#1315 = VERTEX_POINT('',#1316);
#1316 = CARTESIAN_POINT('',(15.50481993142,-303.4362503797,
    230.63105783607));
#1317 = SURFACE_CURVE('',#1318,(#1322,#1329),.PCURVE_S1.);
#1318 = LINE('',#1319,#1320);
#1319 = CARTESIAN_POINT('',(15.50481993152,-299.9306287627,
    230.54554784328));
#1320 = VECTOR('',#1321,1.);
#1321 = DIRECTION('',(2.627637781259E-11,0.999702641798,
    -2.438499502551E-02));
#1322 = PCURVE('',#1254,#1323);
#1323 = DEFINITIONAL_REPRESENTATION('',(#1324),#1328);
#1324 = LINE('',#1325,#1326);
#1325 = CARTESIAN_POINT('',(-1.703886129391E-12,1.753342438425));
#1326 = VECTOR('',#1327,1.);
#1327 = DIRECTION('',(2.054373029804E-13,1.));
#1328 = ( GEOMETRIC_REPRESENTATION_CONTEXT(2) 
PARAMETRIC_REPRESENTATION_CONTEXT() REPRESENTATION_CONTEXT('2D SPACE',''
  ) );
#1329 = PCURVE('',#1330,#1343);
#1330 = ( BOUNDED_SURFACE() B_SPLINE_SURFACE(3,2,(
    (#1331,#1332,#1333)
    ,(#1334,#1335,#1336)
    ,(#1337,#1338,#1339)
    ,(#1340,#1341,#1342
)),.UNSPECIFIED.,.F.,.F.,.F.) B_SPLINE_SURFACE_WITH_KNOTS((4,4),(3,3),(
    7.010717868037E-03,9.04710316009E-03),(0.,1.),
.PIECEWISE_BEZIER_KNOTS.) GEOMETRIC_REPRESENTATION_ITEM() 
RATIONAL_B_SPLINE_SURFACE((
    (1.,0.959008609317,1.)
    ,(1.,0.986224656994,1.)
    ,(1.,0.999999999999,1.)
,(1.,1.,1.))) REPRESENTATION_ITEM('') SURFACE() );
#1331 = CARTESIAN_POINT('',(15.50481920136,-303.4362546677,
    230.63105721038));
#1332 = CARTESIAN_POINT('',(15.94747547614,-303.1253298055,
    230.86904299461));
#1333 = CARTESIAN_POINT('',(16.47482698983,-302.871190764,
    230.78798863237));
#1334 = CARTESIAN_POINT('',(15.50481944133,-302.8601386352,
    230.61700468512));
#1335 = CARTESIAN_POINT('',(15.84181430862,-302.6832158373,
    230.70188195928));
#1336 = CARTESIAN_POINT('',(16.17112634923,-302.4822245977,
    230.66393303764));
#1337 = CARTESIAN_POINT('',(15.50481968545,-302.2740736521,
    230.60270948673));
#1338 = CARTESIAN_POINT('',(15.6719274475,-302.1795713204,
    230.60040440176));
#1339 = CARTESIAN_POINT('',(15.83903520286,-302.0850689688,
    230.59809931632));
#1340 = CARTESIAN_POINT('',(15.50481993147,-301.6834335822,
    230.58830269359));
#1341 = CARTESIAN_POINT('',(15.50481993147,-301.6834335822,
    230.58830269359));
#1342 = CARTESIAN_POINT('',(15.50481993147,-301.6834335822,
    230.58830269359));
#1343 = DEFINITIONAL_REPRESENTATION('',(#1344),#1370);
#1344 = B_SPLINE_CURVE_WITH_KNOTS('',3,(#1345,#1346,#1347,#1348,#1349,
    #1350,#1351,#1352,#1353,#1354,#1355,#1356,#1357,#1358,#1359,#1360,
    #1361,#1362,#1363,#1364,#1365,#1366,#1367,#1368,#1369),
  .UNSPECIFIED.,.F.,.F.,(4,1,1,1,1,1,1,1,1,1,1,1,1,1,1,1,1,1,1,1,1,1,4),
  (-3.506664352437,-3.4269679018,-3.347271451164,-3.267575000527,
    -3.18787854989,-3.108182099253,-3.028485648616,-2.948789197979,
    -2.869092747342,-2.789396296705,-2.709699846068,-2.630003395431,
    -2.550306944794,-2.470610494157,-2.390914043521,-2.311217592884,
    -2.231521142247,-2.15182469161,-2.072128240973,-1.992431790336,
    -1.912735339699,-1.833038889062,-1.753342438425),.UNSPECIFIED.);
#1345 = CARTESIAN_POINT('',(7.010722194754E-03,1.022332786963E-06));
#1346 = CARTESIAN_POINT('',(7.04201304701E-03,1.019267678818E-06));
#1347 = CARTESIAN_POINT('',(7.104544952171E-03,1.013008299563E-06));
#1348 = CARTESIAN_POINT('',(7.198197746836E-03,1.003250894474E-06));
#1349 = CARTESIAN_POINT('',(7.291709837158E-03,9.931460002325E-07));
#1350 = CARTESIAN_POINT('',(7.385085498738E-03,9.827085336161E-07));
#1351 = CARTESIAN_POINT('',(7.478328955661E-03,9.719498107866E-07));
#1352 = CARTESIAN_POINT('',(7.571444374897E-03,9.608771764705E-07));
#1353 = CARTESIAN_POINT('',(7.664435870595E-03,9.494947797711E-07));
#1354 = CARTESIAN_POINT('',(7.757307505635E-03,9.378030694614E-07));
#1355 = CARTESIAN_POINT('',(7.850063293832E-03,9.25800112262E-07));
#1356 = CARTESIAN_POINT('',(7.9427072019E-03,9.134805001921E-07));
#1357 = CARTESIAN_POINT('',(8.035243151394E-03,9.008366519402E-07));
#1358 = CARTESIAN_POINT('',(8.127675020597E-03,8.878585082179E-07));
#1359 = CARTESIAN_POINT('',(8.220006646358E-03,8.745336968307E-07));
#1360 = CARTESIAN_POINT('',(8.312241825873E-03,8.608484035351E-07));
#1361 = CARTESIAN_POINT('',(8.404384318433E-03,8.467843059956E-07));
#1362 = CARTESIAN_POINT('',(8.496437847113E-03,8.323325157763E-07));
#1363 = CARTESIAN_POINT('',(8.588406100447E-03,8.174413517641E-07));
#1364 = CARTESIAN_POINT('',(8.680292733986E-03,8.022128386854E-07));
#1365 = CARTESIAN_POINT('',(8.772101372104E-03,7.86170529158E-07));
#1366 = CARTESIAN_POINT('',(8.863835608683E-03,7.709924405266E-07));
#1367 = CARTESIAN_POINT('',(8.955499011871E-03,7.503194561239E-07));
#1368 = CARTESIAN_POINT('',(9.016563079579E-03,7.486439785702E-07));
#1369 = CARTESIAN_POINT('',(9.047084486855E-03,7.533460841359E-07));
#1370 = ( GEOMETRIC_REPRESENTATION_CONTEXT(2) 
PARAMETRIC_REPRESENTATION_CONTEXT() REPRESENTATION_CONTEXT('2D SPACE',''
  ) );
#1371 = ORIENTED_EDGE('',*,*,#1372,.F.);
#1372 = EDGE_CURVE('',#1189,#1315,#1373,.T.);
#1373 = SURFACE_CURVE('',#1374,(#1378,#1385),.PCURVE_S1.);
#1374 = LINE('',#1375,#1376);
#1375 = CARTESIAN_POINT('',(15.00481993142,-303.4484428772,
    230.13120651517));
#1376 = VECTOR('',#1377,1.);
#1377 = DIRECTION('',(0.707106781187,1.724279532315E-02,0.706896517185)
  );
#1378 = PCURVE('',#1254,#1379);
#1379 = DEFINITIONAL_REPRESENTATION('',(#1380),#1384);
#1380 = LINE('',#1381,#1382);
#1381 = CARTESIAN_POINT('',(0.70710678119,-1.753321914013));
#1382 = VECTOR('',#1383,1.);
#1383 = DIRECTION('',(-1.,2.143229058725E-13));
#1384 = ( GEOMETRIC_REPRESENTATION_CONTEXT(2) 
PARAMETRIC_REPRESENTATION_CONTEXT() REPRESENTATION_CONTEXT('2D SPACE',''
  ) );
#1385 = PCURVE('',#1386,#1391);
#1386 = CONICAL_SURFACE('',#1387,3.5,0.785398163397);
#1387 = AXIS2_PLACEMENT_3D('',#1388,#1389,#1390);
#1388 = CARTESIAN_POINT('',(15.50481993143,-303.3509028971,
    234.13001708236));
#1389 = DIRECTION('',(-1.,2.628418675401E-11,-3.064104139678E-16));
#1390 = DIRECTION('',(6.406334439457E-13,2.438499502551E-02,
    0.999702641798));
#1391 = DEFINITIONAL_REPRESENTATION('',(#1392),#1396);
#1392 = LINE('',#1393,#1394);
#1393 = CARTESIAN_POINT('',(3.14159265359,0.500000000003));
#1394 = VECTOR('',#1395,1.);
#1395 = DIRECTION('',(7.815970093352E-14,-1.));
#1396 = ( GEOMETRIC_REPRESENTATION_CONTEXT(2) 
PARAMETRIC_REPRESENTATION_CONTEXT() REPRESENTATION_CONTEXT('2D SPACE',''
  ) );
#1397 = ORIENTED_EDGE('',*,*,#1240,.F.);
#1398 = ORIENTED_EDGE('',*,*,#1399,.T.);
#1399 = EDGE_CURVE('',#1108,#1270,#1400,.T.);
#1400 = SURFACE_CURVE('',#1401,(#1405,#1412),.PCURVE_S1.);
#1401 = LINE('',#1402,#1403);
#1402 = CARTESIAN_POINT('',(15.00481993152,-299.9428212602,
    230.04569652238));
#1403 = VECTOR('',#1404,1.);
#1404 = DIRECTION('',(0.707106781187,1.724279532315E-02,0.706896517185)
  );
#1405 = PCURVE('',#1254,#1406);
#1406 = DEFINITIONAL_REPRESENTATION('',(#1407),#1411);
#1407 = LINE('',#1408,#1409);
#1408 = CARTESIAN_POINT('',(0.707106781185,1.753342438425));
#1409 = VECTOR('',#1410,1.);
#1410 = DIRECTION('',(-1.,2.143229058725E-13));
#1411 = ( GEOMETRIC_REPRESENTATION_CONTEXT(2) 
PARAMETRIC_REPRESENTATION_CONTEXT() REPRESENTATION_CONTEXT('2D SPACE',''
  ) );
#1412 = PCURVE('',#980,#1413);
#1413 = DEFINITIONAL_REPRESENTATION('',(#1414),#1418);
#1414 = LINE('',#1415,#1416);
#1415 = CARTESIAN_POINT('',(3.141589701429,0.50000402559));
#1416 = VECTOR('',#1417,1.);
#1417 = DIRECTION('',(-1.185660258866E-06,-0.999999999999));
#1418 = ( GEOMETRIC_REPRESENTATION_CONTEXT(2) 
PARAMETRIC_REPRESENTATION_CONTEXT() REPRESENTATION_CONTEXT('2D SPACE',''
  ) );
#1419 = ADVANCED_FACE('',(#1420),#1386,.T.);
#1420 = FACE_BOUND('',#1421,.T.);
#1421 = EDGE_LOOP('',(#1422,#1452,#1474,#1475));
#1422 = ORIENTED_EDGE('',*,*,#1423,.T.);
#1423 = EDGE_CURVE('',#1424,#1426,#1428,.T.);
#1424 = VERTEX_POINT('',#1425);
#1425 = CARTESIAN_POINT('',(15.50481993133,-306.8401161349,
    233.85544290093));
#1426 = VERTEX_POINT('',#1427);
#1427 = CARTESIAN_POINT('',(15.00481993132,-307.3385751689,
    233.81621801787));
#1428 = SURFACE_CURVE('',#1429,(#1433,#1440),.PCURVE_S1.);
#1429 = LINE('',#1430,#1431);
#1430 = CARTESIAN_POINT('',(15.50481993133,-306.8401161349,
    233.85544290093));
#1431 = VECTOR('',#1432,1.);
#1432 = DIRECTION('',(-0.707106781205,-0.704927526113,
    -5.547236160772E-02));
#1433 = PCURVE('',#1386,#1434);
#1434 = DEFINITIONAL_REPRESENTATION('',(#1435),#1439);
#1435 = LINE('',#1436,#1437);
#1436 = CARTESIAN_POINT('',(4.609471110156,5.325517804526E-12));
#1437 = VECTOR('',#1438,1.);
#1438 = DIRECTION('',(-1.065814103642E-14,1.));
#1439 = ( GEOMETRIC_REPRESENTATION_CONTEXT(2) 
PARAMETRIC_REPRESENTATION_CONTEXT() REPRESENTATION_CONTEXT('2D SPACE',''
  ) );
#1440 = PCURVE('',#1441,#1446);
#1441 = PLANE('',#1442);
#1442 = AXIS2_PLACEMENT_3D('',#1443,#1444,#1445);
#1443 = CARTESIAN_POINT('',(15.50481993129,-308.4078054167,
    253.77720745421));
#1444 = DIRECTION('',(0.707106781168,-0.70492752615,-5.547236160794E-02)
  );
#1445 = DIRECTION('',(-0.70522855514,-0.708769210437,1.728847454133E-02)
  );
#1446 = DEFINITIONAL_REPRESENTATION('',(#1447),#1451);
#1447 = LINE('',#1448,#1449);
#1448 = CARTESIAN_POINT('',(-1.455546813797,19.930271851469));
#1449 = VECTOR('',#1450,1.);
#1450 = DIRECTION('',(0.997343787226,7.283797143249E-02));
#1451 = ( GEOMETRIC_REPRESENTATION_CONTEXT(2) 
PARAMETRIC_REPRESENTATION_CONTEXT() REPRESENTATION_CONTEXT('2D SPACE',''
  ) );
#1452 = ORIENTED_EDGE('',*,*,#1453,.F.);
#1453 = EDGE_CURVE('',#1189,#1426,#1454,.T.);
#1454 = SURFACE_CURVE('',#1455,(#1460,#1467),.PCURVE_S1.);
#1455 = CIRCLE('',#1456,4.);
#1456 = AXIS2_PLACEMENT_3D('',#1457,#1458,#1459);
#1457 = CARTESIAN_POINT('',(15.00481993143,-303.3509028971,
    234.13001708236));
#1458 = DIRECTION('',(-1.,2.628418675401E-11,-3.064104139656E-16));
#1459 = DIRECTION('',(-6.406334439457E-13,-2.438499502551E-02,
    -0.999702641798));
#1460 = PCURVE('',#1386,#1461);
#1461 = DEFINITIONAL_REPRESENTATION('',(#1462),#1466);
#1462 = LINE('',#1463,#1464);
#1463 = CARTESIAN_POINT('',(3.141592653588,0.5));
#1464 = VECTOR('',#1465,1.);
#1465 = DIRECTION('',(1.,-2.273453228622E-12));
#1466 = ( GEOMETRIC_REPRESENTATION_CONTEXT(2) 
PARAMETRIC_REPRESENTATION_CONTEXT() REPRESENTATION_CONTEXT('2D SPACE',''
  ) );
#1467 = PCURVE('',#1206,#1468);
#1468 = DEFINITIONAL_REPRESENTATION('',(#1469),#1473);
#1469 = LINE('',#1470,#1471);
#1470 = CARTESIAN_POINT('',(3.141592653588,0.5));
#1471 = VECTOR('',#1472,1.);
#1472 = DIRECTION('',(1.,9.681220302409E-15));
#1473 = ( GEOMETRIC_REPRESENTATION_CONTEXT(2) 
PARAMETRIC_REPRESENTATION_CONTEXT() REPRESENTATION_CONTEXT('2D SPACE',''
  ) );
#1474 = ORIENTED_EDGE('',*,*,#1372,.T.);
#1475 = ORIENTED_EDGE('',*,*,#1476,.F.);
#1476 = EDGE_CURVE('',#1424,#1315,#1477,.T.);
#1477 = SURFACE_CURVE('',#1478,(#1486,#1515),.PCURVE_S1.);
#1478 = B_SPLINE_CURVE_WITH_KNOTS('',3,(#1479,#1480,#1481,#1482,#1483,
    #1484,#1485),.UNSPECIFIED.,.F.,.F.,(4,1,1,1,4),(0.,0.25,0.5,0.75,1.)
  ,.QUASI_UNIFORM_KNOTS.);
#1479 = CARTESIAN_POINT('',(15.50481993133,-306.8401161349,
    233.85544290093));
#1480 = CARTESIAN_POINT('',(15.50481993123,-306.8040011701,
    233.39650385131));
#1481 = CARTESIAN_POINT('',(15.50481993157,-306.5465933331,
    232.48345153437));
#1482 = CARTESIAN_POINT('',(15.50481993074,-305.6596484221,
    231.38558640926));
#1483 = CARTESIAN_POINT('',(15.50481993369,-304.5264580607,
    230.75835059085));
#1484 = CARTESIAN_POINT('',(15.50481992648,-303.7681856866,
    230.63915448174));
#1485 = CARTESIAN_POINT('',(15.50481993142,-303.4362503797,
    230.63105783607));
#1486 = PCURVE('',#1386,#1487);
#1487 = DEFINITIONAL_REPRESENTATION('',(#1488),#1514);
#1488 = B_SPLINE_CURVE_WITH_KNOTS('',3,(#1489,#1490,#1491,#1492,#1493,
    #1494,#1495,#1496,#1497,#1498,#1499,#1500,#1501,#1502,#1503,#1504,
    #1505,#1506,#1507,#1508,#1509,#1510,#1511,#1512,#1513),
  .UNSPECIFIED.,.F.,.F.,(4,1,1,1,1,1,1,1,1,1,1,1,1,1,1,1,1,1,1,1,1,1,4),
  (0.,4.545454545455E-02,9.090909090909E-02,0.136363636364,
    0.181818181818,0.227272727273,0.272727272727,0.318181818182,
    0.363636363636,0.409090909091,0.454545454545,0.5,0.545454545455,
    0.590909090909,0.636363636364,0.681818181818,0.727272727273,
    0.772727272727,0.818181818182,0.863636363636,0.909090909091,
    0.954545454545,1.),.UNSPECIFIED.);
#1489 = CARTESIAN_POINT('',(4.609471110156,5.325517804526E-12));
#1490 = CARTESIAN_POINT('',(4.585557383897,-7.19389052834E-06));
#1491 = CARTESIAN_POINT('',(4.537634184505,-4.941158867136E-05));
#1492 = CARTESIAN_POINT('',(4.465544445899,-1.254221169085E-04));
#1493 = CARTESIAN_POINT('',(4.393330452131,-1.072723095753E-04));
#1494 = CARTESIAN_POINT('',(4.32107854618,-1.425287416283E-05));
#1495 = CARTESIAN_POINT('',(4.248866885551,7.70176943366E-05));
#1496 = CARTESIAN_POINT('',(4.176742215361,-7.230325124758E-05));
#1497 = CARTESIAN_POINT('',(4.104767077053,-4.067104609491E-04));
#1498 = CARTESIAN_POINT('',(4.033094024526,-6.106400228549E-04));
#1499 = CARTESIAN_POINT('',(3.961909510385,-5.749092166377E-04));
#1500 = CARTESIAN_POINT('',(3.891425654842,-3.075494196173E-04));
#1501 = CARTESIAN_POINT('',(3.821862395857,3.740862686199E-05));
#1502 = CARTESIAN_POINT('',(3.753424892075,1.579149035403E-04));
#1503 = CARTESIAN_POINT('',(3.686070152579,1.578039012922E-04));
#1504 = CARTESIAN_POINT('',(3.619806056735,1.239091989971E-04));
#1505 = CARTESIAN_POINT('',(3.554678287146,9.495158775657E-05));
#1506 = CARTESIAN_POINT('',(3.490765171274,6.870550132778E-05));
#1507 = CARTESIAN_POINT('',(3.428167328106,-6.907132861912E-05));
#1508 = CARTESIAN_POINT('',(3.367009057641,-2.756862752968E-04));
#1509 = CARTESIAN_POINT('',(3.307474897974,-3.631144208235E-04));
#1510 = CARTESIAN_POINT('',(3.249799248633,-2.900688086712E-04));
#1511 = CARTESIAN_POINT('',(3.194252224912,-9.532803442417E-05));
#1512 = CARTESIAN_POINT('',(3.158842800435,-8.578653559558E-06));
#1513 = CARTESIAN_POINT('',(3.14159265359,2.657429831746E-12));
#1514 = ( GEOMETRIC_REPRESENTATION_CONTEXT(2) 
PARAMETRIC_REPRESENTATION_CONTEXT() REPRESENTATION_CONTEXT('2D SPACE',''
  ) );
#1515 = PCURVE('',#1516,#1538);
#1516 = ( BOUNDED_SURFACE() B_SPLINE_SURFACE(3,2,(
    (#1517,#1518,#1519)
    ,(#1520,#1521,#1522)
    ,(#1523,#1524,#1525)
    ,(#1526,#1527,#1528)
    ,(#1529,#1530,#1531)
    ,(#1532,#1533,#1534)
    ,(#1535,#1536,#1537
)),.UNSPECIFIED.,.F.,.F.,.F.) B_SPLINE_SURFACE_WITH_KNOTS((4,1,1,1,4),(3
    ,3),(5.699095793726E-03,7.449045795721E-03,9.198995797716E-03,
    1.094894579971E-02,1.269889580171E-02),(0.,1.),.UNSPECIFIED.) 
GEOMETRIC_REPRESENTATION_ITEM() RATIONAL_B_SPLINE_SURFACE((
    (1.,0.85139899058,1.)
    ,(1.,0.844162012751,1.)
    ,(1.,0.838928236298,1.)
    ,(1.,0.860911049976,1.)
    ,(1.,0.904817001212,1.)
    ,(1.,0.941560083349,1.)
,(1.,0.959009578607,1.))) REPRESENTATION_ITEM('') SURFACE() );
#1517 = CARTESIAN_POINT('',(17.28924523762,-305.7691235233,
    234.1213701344));
#1518 = CARTESIAN_POINT('',(16.05840377931,-305.7596243246,
    234.06576471234));
#1519 = CARTESIAN_POINT('',(15.50481993133,-306.8401161349,
    233.85544290093));
#1520 = CARTESIAN_POINT('',(17.31589835171,-305.7025320173,
    233.73156369458));
#1521 = CARTESIAN_POINT('',(16.04563934368,-305.691694474,
    233.69956195629));
#1522 = CARTESIAN_POINT('',(15.50481993123,-306.8040011701,
    233.39650385131));
#1523 = CARTESIAN_POINT('',(17.33115419716,-305.4637284745,
    232.98125108587));
#1524 = CARTESIAN_POINT('',(16.03337390039,-305.4659454294,
    233.00208063919));
#1525 = CARTESIAN_POINT('',(15.50481993157,-306.5465933331,
    232.48345153437));
#1526 = CARTESIAN_POINT('',(17.2610816113,-304.8061753243,
    231.98780833368));
#1527 = CARTESIAN_POINT('',(16.07961326548,-304.8713911266,
    232.07501886005));
#1528 = CARTESIAN_POINT('',(15.50481993074,-305.6596484221,
    231.38558640926));
#1529 = CARTESIAN_POINT('',(17.04538313293,-303.9125018701,
    231.21974251786));
#1530 = CARTESIAN_POINT('',(16.11464548912,-304.0823432187,
    231.34083263825));
#1531 = CARTESIAN_POINT('',(15.50481993369,-304.5264580607,
    230.75835059085));
#1532 = CARTESIAN_POINT('',(16.73723923225,-303.2072908699,
    230.8951780727));
#1533 = CARTESIAN_POINT('',(16.04990049358,-303.4381807608,
    230.99248809591));
#1534 = CARTESIAN_POINT('',(15.50481992648,-303.7681856866,
    230.63915448174));
#1535 = CARTESIAN_POINT('',(16.47481666999,-302.8711926723,
    230.7879850952));
#1536 = CARTESIAN_POINT('',(15.94747220927,-303.1253295598,
    230.86903786447));
#1537 = CARTESIAN_POINT('',(15.50481993142,-303.4362503797,
    230.63105783607));
#1538 = DEFINITIONAL_REPRESENTATION('',(#1539),#1542);
#1539 = B_SPLINE_CURVE_WITH_KNOTS('',1,(#1540,#1541),.UNSPECIFIED.,.F.,
  .F.,(2,2),(0.,1.),.PIECEWISE_BEZIER_KNOTS.);
#1540 = CARTESIAN_POINT('',(5.699095793726E-03,1.));
#1541 = CARTESIAN_POINT('',(1.269889580171E-02,1.));
#1542 = ( GEOMETRIC_REPRESENTATION_CONTEXT(2) 
PARAMETRIC_REPRESENTATION_CONTEXT() REPRESENTATION_CONTEXT('2D SPACE',''
  ) );
#1543 = ADVANCED_FACE('',(#1544),#1516,.F.);
#1544 = FACE_BOUND('',#1545,.F.);
#1545 = EDGE_LOOP('',(#1546,#1547,#1631,#1758));
#1546 = ORIENTED_EDGE('',*,*,#1476,.F.);
#1547 = ORIENTED_EDGE('',*,*,#1548,.T.);
#1548 = EDGE_CURVE('',#1424,#1549,#1551,.T.);
#1549 = VERTEX_POINT('',#1550);
#1550 = CARTESIAN_POINT('',(17.28924523762,-305.7691235233,
    234.1213701344));
#1551 = SURFACE_CURVE('',#1552,(#1557,#1586),.PCURVE_S1.);
#1552 = CIRCLE('',#1553,2.);
#1553 = AXIS2_PLACEMENT_3D('',#1554,#1555,#1556);
#1554 = CARTESIAN_POINT('',(17.28924523757,-307.7405634864,
    233.78458463645));
#1555 = DIRECTION('',(4.578316640421E-02,0.168216172518,-0.984686356652)
  );
#1556 = DIRECTION('',(2.607695483159E-11,0.985719981583,0.168392748978)
  );
#1557 = PCURVE('',#1516,#1558);
#1558 = DEFINITIONAL_REPRESENTATION('',(#1559),#1585);
#1559 = B_SPLINE_CURVE_WITH_KNOTS('',3,(#1560,#1561,#1562,#1563,#1564,
    #1565,#1566,#1567,#1568,#1569,#1570,#1571,#1572,#1573,#1574,#1575,
    #1576,#1577,#1578,#1579,#1580,#1581,#1582,#1583,#1584),
  .UNSPECIFIED.,.F.,.F.,(4,1,1,1,1,1,1,1,1,1,1,1,1,1,1,1,1,1,1,1,1,1,4),
  (5.178886129236,5.229081546415,5.279276963594,5.329472380774,
    5.379667797953,5.429863215132,5.480058632311,5.530254049491,
    5.58044946667,5.630644883849,5.680840301028,5.731035718208,
    5.781231135387,5.831426552566,5.881621969745,5.931817386925,
    5.982012804104,6.032208221283,6.082403638463,6.132599055642,
    6.182794472821,6.23298989,6.28318530718),.UNSPECIFIED.);
#1560 = CARTESIAN_POINT('',(5.699095793726E-03,1.));
#1561 = CARTESIAN_POINT('',(5.699095793726E-03,0.984050594827));
#1562 = CARTESIAN_POINT('',(5.699095793726E-03,0.952377552705));
#1563 = CARTESIAN_POINT('',(5.699095793726E-03,0.905475964797));
#1564 = CARTESIAN_POINT('',(5.699095793726E-03,0.85911183885));
#1565 = CARTESIAN_POINT('',(5.699095793726E-03,0.813218805245));
#1566 = CARTESIAN_POINT('',(5.699095793726E-03,0.76773269014));
#1567 = CARTESIAN_POINT('',(5.699095793726E-03,0.722591555639));
#1568 = CARTESIAN_POINT('',(5.699095793726E-03,0.677735239615));
#1569 = CARTESIAN_POINT('',(5.699095793726E-03,0.633105056369));
#1570 = CARTESIAN_POINT('',(5.699095793726E-03,0.588643475868));
#1571 = CARTESIAN_POINT('',(5.699095793726E-03,0.544293825765));
#1572 = CARTESIAN_POINT('',(5.699095793726E-03,0.5));
#1573 = CARTESIAN_POINT('',(5.699095793726E-03,0.455706174234));
#1574 = CARTESIAN_POINT('',(5.699095793726E-03,0.411356524131));
#1575 = CARTESIAN_POINT('',(5.699095793726E-03,0.36689494363));
#1576 = CARTESIAN_POINT('',(5.699095793726E-03,0.322264760384));
#1577 = CARTESIAN_POINT('',(5.699095793726E-03,0.27740844436));
#1578 = CARTESIAN_POINT('',(5.699095793726E-03,0.232267309859));
#1579 = CARTESIAN_POINT('',(5.699095793726E-03,0.186781194754));
#1580 = CARTESIAN_POINT('',(5.699095793726E-03,0.140888161149));
#1581 = CARTESIAN_POINT('',(5.699095793726E-03,9.45240352022E-02));
#1582 = CARTESIAN_POINT('',(5.699095793726E-03,4.762244729403E-02));
#1583 = CARTESIAN_POINT('',(5.699095793726E-03,1.594940517286E-02));
#1584 = CARTESIAN_POINT('',(5.699095793726E-03,0.));
#1585 = ( GEOMETRIC_REPRESENTATION_CONTEXT(2) 
PARAMETRIC_REPRESENTATION_CONTEXT() REPRESENTATION_CONTEXT('2D SPACE',''
  ) );
#1586 = PCURVE('',#1587,#1603);
#1587 = ( BOUNDED_SURFACE() B_SPLINE_SURFACE(3,2,(
    (#1588,#1589,#1590)
    ,(#1591,#1592,#1593)
    ,(#1594,#1595,#1596)
    ,(#1597,#1598,#1599)
    ,(#1600,#1601,#1602
)),.UNSPECIFIED.,.F.,.F.,.F.) B_SPLINE_SURFACE_WITH_KNOTS((4,1,4),(3,3),
  (3.894245219473E-03,5.915234705372E-03,7.936224191272E-03),(0.,1.),
.UNSPECIFIED.) GEOMETRIC_REPRESENTATION_ITEM() RATIONAL_B_SPLINE_SURFACE
((
    (1.,0.707106781187,1.)
    ,(1.,0.76011548978,1.)
    ,(1.,0.845362632216,1.)
    ,(1.,0.861484028343,1.)
,(1.,0.85139899058,1.))) REPRESENTATION_ITEM('') SURFACE() );
#1588 = CARTESIAN_POINT('',(17.50481993137,-305.3619010938,
    236.77567651957));
#1589 = CARTESIAN_POINT('',(15.50481993137,-305.3619010937,
    236.77567651957));
#1590 = CARTESIAN_POINT('',(15.50481993133,-307.1417069724,
    237.68797637934));
#1591 = CARTESIAN_POINT('',(17.50481990587,-305.5701703124,
    236.36936408213));
#1592 = CARTESIAN_POINT('',(15.78377075482,-305.47724785,236.55064659888
    ));
#1593 = CARTESIAN_POINT('',(15.50481993133,-307.0968612168,
    237.11808884129));
#1594 = CARTESIAN_POINT('',(17.32523109282,-305.8534882604,
    235.49540886476));
#1595 = CARTESIAN_POINT('',(16.06833719094,-305.8431142694,
    235.71383065867));
#1596 = CARTESIAN_POINT('',(15.50481993133,-306.9989102787,
    235.87335523941));
#1597 = CARTESIAN_POINT('',(17.25875643061,-305.8452982961,
    234.56727410674));
#1598 = CARTESIAN_POINT('',(16.07787383856,-305.8513436266,
    234.56742249733));
#1599 = CARTESIAN_POINT('',(15.50481993133,-306.8920897533,
    234.51590935971));
#1600 = CARTESIAN_POINT('',(17.28924523762,-305.7691235233,
    234.1213701344));
#1601 = CARTESIAN_POINT('',(16.05840377931,-305.7596243246,
    234.06576471234));
#1602 = CARTESIAN_POINT('',(15.50481993133,-306.8401161349,
    233.85544290093));
#1603 = DEFINITIONAL_REPRESENTATION('',(#1604),#1630);
#1604 = B_SPLINE_CURVE_WITH_KNOTS('',3,(#1605,#1606,#1607,#1608,#1609,
    #1610,#1611,#1612,#1613,#1614,#1615,#1616,#1617,#1618,#1619,#1620,
    #1621,#1622,#1623,#1624,#1625,#1626,#1627,#1628,#1629),
  .UNSPECIFIED.,.F.,.F.,(4,1,1,1,1,1,1,1,1,1,1,1,1,1,1,1,1,1,1,1,1,1,4),
  (5.178886129236,5.229081546415,5.279276963594,5.329472380774,
    5.379667797953,5.429863215132,5.480058632311,5.530254049491,
    5.58044946667,5.630644883849,5.680840301028,5.731035718208,
    5.781231135387,5.831426552566,5.881621969745,5.931817386925,
    5.982012804104,6.032208221283,6.082403638463,6.132599055642,
    6.182794472821,6.23298989,6.28318530718),.UNSPECIFIED.);
#1605 = CARTESIAN_POINT('',(7.936224191272E-03,1.));
#1606 = CARTESIAN_POINT('',(7.936224191272E-03,0.984050594827));
#1607 = CARTESIAN_POINT('',(7.936224191272E-03,0.952377552705));
#1608 = CARTESIAN_POINT('',(7.936224191272E-03,0.905475964797));
#1609 = CARTESIAN_POINT('',(7.936224191272E-03,0.85911183885));
#1610 = CARTESIAN_POINT('',(7.936224191272E-03,0.813218805245));
#1611 = CARTESIAN_POINT('',(7.936224191272E-03,0.76773269014));
#1612 = CARTESIAN_POINT('',(7.936224191272E-03,0.722591555639));
#1613 = CARTESIAN_POINT('',(7.936224191272E-03,0.677735239615));
#1614 = CARTESIAN_POINT('',(7.936224191272E-03,0.633105056369));
#1615 = CARTESIAN_POINT('',(7.936224191272E-03,0.588643475868));
#1616 = CARTESIAN_POINT('',(7.936224191272E-03,0.544293825765));
#1617 = CARTESIAN_POINT('',(7.936224191272E-03,0.5));
#1618 = CARTESIAN_POINT('',(7.936224191272E-03,0.455706174234));
#1619 = CARTESIAN_POINT('',(7.936224191272E-03,0.411356524131));
#1620 = CARTESIAN_POINT('',(7.936224191272E-03,0.36689494363));
#1621 = CARTESIAN_POINT('',(7.936224191272E-03,0.322264760384));
#1622 = CARTESIAN_POINT('',(7.936224191272E-03,0.27740844436));
#1623 = CARTESIAN_POINT('',(7.936224191272E-03,0.232267309859));
#1624 = CARTESIAN_POINT('',(7.936224191272E-03,0.186781194754));
#1625 = CARTESIAN_POINT('',(7.936224191272E-03,0.140888161149));
#1626 = CARTESIAN_POINT('',(7.936224191272E-03,9.45240352022E-02));
#1627 = CARTESIAN_POINT('',(7.936224191272E-03,4.762244729403E-02));
#1628 = CARTESIAN_POINT('',(7.936224191272E-03,1.594940517286E-02));
#1629 = CARTESIAN_POINT('',(7.936224191272E-03,0.));
#1630 = ( GEOMETRIC_REPRESENTATION_CONTEXT(2) 
PARAMETRIC_REPRESENTATION_CONTEXT() REPRESENTATION_CONTEXT('2D SPACE',''
  ) );
#1631 = ORIENTED_EDGE('',*,*,#1632,.T.);
#1632 = EDGE_CURVE('',#1549,#1633,#1635,.T.);
#1633 = VERTEX_POINT('',#1634);
#1634 = CARTESIAN_POINT('',(16.47481666999,-302.8711926723,
    230.7879850952));
#1635 = SURFACE_CURVE('',#1636,(#1656,#1707),.PCURVE_S1.);
#1636 = B_SPLINE_CURVE_WITH_KNOTS('',3,(#1637,#1638,#1639,#1640,#1641,
    #1642,#1643,#1644,#1645,#1646,#1647,#1648,#1649,#1650,#1651,#1652,
    #1653,#1654,#1655),.UNSPECIFIED.,.F.,.F.,(4,2,2,2,1,1,1,2,2,2,4),(0.
    ,0.25,0.375,0.4375,0.46875,0.484375,0.4921875,0.49609375,0.5,0.75,1.
    ),.UNSPECIFIED.);
#1637 = CARTESIAN_POINT('',(17.28924523762,-305.7691235233,
    234.1213701344));
#1638 = CARTESIAN_POINT('',(17.31785762783,-305.6976368687,
    233.70290898167));
#1639 = CARTESIAN_POINT('',(17.32745679685,-305.5655188986,
    233.30902646459));
#1640 = CARTESIAN_POINT('',(17.31333571857,-305.3009998457,
    232.77431892095));
#1641 = CARTESIAN_POINT('',(17.30387538718,-305.2018043869,
    232.60531266895));
#1642 = CARTESIAN_POINT('',(17.28255493213,-305.0396810092,
    232.36700940024));
#1643 = CARTESIAN_POINT('',(17.27425978746,-304.9834180963,
    232.29010243868));
#1644 = CARTESIAN_POINT('',(17.26003458097,-304.8960861268,
    232.17864425783));
#1645 = CARTESIAN_POINT('',(17.25247635535,-304.8516856497,
    232.12389014015));
#1646 = CARTESIAN_POINT('',(17.2428785863,-304.798684961,232.0617347499)
  );
#1647 = CARTESIAN_POINT('',(17.237884742,-304.7718951296,232.0310899965)
  );
#1648 = CARTESIAN_POINT('',(17.23570274591,-304.7603528669,
    232.01804949119));
#1649 = CARTESIAN_POINT('',(17.23423879805,-304.7526446152,
    232.0093764985));
#1650 = CARTESIAN_POINT('',(17.2337581667,-304.75011937,232.00654075398)
  );
#1651 = CARTESIAN_POINT('',(17.1689374235,-304.4119205385,
    231.62913630742));
#1652 = CARTESIAN_POINT('',(17.0738636518,-304.0571759636,
    231.36330122874));
#1653 = CARTESIAN_POINT('',(16.82121556696,-303.4080938492,
    230.98196838194));
#1654 = CARTESIAN_POINT('',(16.66364125383,-303.1130300671,
    230.86511514411));
#1655 = CARTESIAN_POINT('',(16.47481666999,-302.8711926723,
    230.7879850952));
#1656 = PCURVE('',#1516,#1657);
#1657 = DEFINITIONAL_REPRESENTATION('',(#1658),#1706);
#1658 = B_SPLINE_CURVE_WITH_KNOTS('',3,(#1659,#1660,#1661,#1662,#1663,
    #1664,#1665,#1666,#1667,#1668,#1669,#1670,#1671,#1672,#1673,#1674,
    #1675,#1676,#1677,#1678,#1679,#1680,#1681,#1682,#1683,#1684,#1685,
    #1686,#1687,#1688,#1689,#1690,#1691,#1692,#1693,#1694,#1695,#1696,
    #1697,#1698,#1699,#1700,#1701,#1702,#1703,#1704,#1705),
  .UNSPECIFIED.,.F.,.F.,(4,1,1,1,1,1,1,1,1,1,1,1,1,1,1,1,1,1,1,1,1,1,1,1
    ,1,1,1,1,1,1,1,1,1,1,1,1,1,1,1,1,1,1,1,1,4),(0.,2.272727272727E-02,
    4.545454545455E-02,6.818181818182E-02,9.090909090909E-02,
    0.113636363636,0.136363636364,0.159090909091,0.181818181818,
    0.204545454545,0.227272727273,0.25,0.272727272727,0.295454545455,
    0.318181818182,0.340909090909,0.363636363636,0.386363636364,
    0.409090909091,0.431818181818,0.454545454545,0.477272727273,0.5,
    0.522727272727,0.545454545455,0.568181818182,0.590909090909,
    0.613636363636,0.636363636364,0.659090909091,0.681818181818,
    0.704545454545,0.727272727273,0.75,0.772727272727,0.795454545455,
    0.818181818182,0.840909090909,0.863636363636,0.886363636364,
    0.909090909091,0.931818181818,0.954545454545,0.977272727273,1.),
  .UNSPECIFIED.);
#1659 = CARTESIAN_POINT('',(5.699095793726E-03,0.));
#1660 = CARTESIAN_POINT('',(5.756021869331E-03,-8.349349690354E-06));
#1661 = CARTESIAN_POINT('',(5.869695039578E-03,-2.499189302357E-05));
#1662 = CARTESIAN_POINT('',(6.039615684763E-03,-4.45979495665E-05));
#1663 = CARTESIAN_POINT('',(6.208897009831E-03,-3.850831734696E-05));
#1664 = CARTESIAN_POINT('',(6.377481954077E-03,-3.940530602843E-05));
#1665 = CARTESIAN_POINT('',(6.545313548895E-03,-3.852724506166E-05));
#1666 = CARTESIAN_POINT('',(6.712332129659E-03,-3.821808977486E-05));
#1667 = CARTESIAN_POINT('',(6.878476668758E-03,-3.784674078714E-05));
#1668 = CARTESIAN_POINT('',(7.04368545604E-03,-3.757989668788E-05));
#1669 = CARTESIAN_POINT('',(7.207895321082E-03,-3.737112394362E-05));
#1670 = CARTESIAN_POINT('',(7.371047329682E-03,-3.723158113885E-05));
#1671 = CARTESIAN_POINT('',(7.533067969598E-03,-3.715796201719E-05));
#1672 = CARTESIAN_POINT('',(7.693949705582E-03,-3.714950342191E-05));
#1673 = CARTESIAN_POINT('',(7.853758412292E-03,-3.720304415777E-05));
#1674 = CARTESIAN_POINT('',(8.012522317894E-03,-3.731741987573E-05));
#1675 = CARTESIAN_POINT('',(8.170277332939E-03,-3.748981065477E-05));
#1676 = CARTESIAN_POINT('',(8.327038916748E-03,-3.772588258275E-05));
#1677 = CARTESIAN_POINT('',(8.482868045663E-03,-3.800256499622E-05));
#1678 = CARTESIAN_POINT('',(8.637641441893E-03,-3.8406599154E-05));
#1679 = CARTESIAN_POINT('',(8.791962940866E-03,-3.861759149757E-05));
#1680 = CARTESIAN_POINT('',(8.943693527864E-03,-3.983717313006E-05));
#1681 = CARTESIAN_POINT('',(9.100904594162E-03,-3.758930447707E-05));
#1682 = CARTESIAN_POINT('',(9.233561550564E-03,-4.859008468408E-05));
#1683 = CARTESIAN_POINT('',(9.453799701246E-03,1.648541915769E-04));
#1684 = CARTESIAN_POINT('',(9.644972384299E-03,2.640755071582E-04));
#1685 = CARTESIAN_POINT('',(9.838423220422E-03,3.288617439808E-04));
#1686 = CARTESIAN_POINT('',(1.002581816799E-02,3.357702251251E-04));
#1687 = CARTESIAN_POINT('',(1.020943095093E-02,2.985646058075E-04));
#1688 = CARTESIAN_POINT('',(1.038866989047E-02,2.316599066774E-04));
#1689 = CARTESIAN_POINT('',(1.05636898064E-02,1.606606527671E-04));
#1690 = CARTESIAN_POINT('',(1.073442578542E-02,1.226752879742E-04));
#1691 = CARTESIAN_POINT('',(1.090085747473E-02,1.61527375125E-04));
#1692 = CARTESIAN_POINT('',(1.106293199487E-02,3.546531434618E-04));
#1693 = CARTESIAN_POINT('',(1.122066067142E-02,6.642540163685E-04));
#1694 = CARTESIAN_POINT('',(1.137413047371E-02,1.01313193935E-03));
#1695 = CARTESIAN_POINT('',(1.152354994851E-02,1.330974296723E-03));
#1696 = CARTESIAN_POINT('',(1.166902969249E-02,1.568053307777E-03));
#1697 = CARTESIAN_POINT('',(1.181067440494E-02,1.687888462991E-03));
#1698 = CARTESIAN_POINT('',(1.19485613407E-02,1.670130811499E-03));
#1699 = CARTESIAN_POINT('',(1.208274995744E-02,1.511340473142E-03));
#1700 = CARTESIAN_POINT('',(1.221328399638E-02,1.227049592597E-03));
#1701 = CARTESIAN_POINT('',(1.234019624937E-02,8.537159508612E-04));
#1702 = CARTESIAN_POINT('',(1.246351388142E-02,4.526026758302E-04));
#1703 = CARTESIAN_POINT('',(1.258326270597E-02,1.086615437118E-04));
#1704 = CARTESIAN_POINT('',(1.266074023993E-02,2.795849154171E-06));
#1705 = CARTESIAN_POINT('',(1.269889580171E-02,0.));
#1706 = ( GEOMETRIC_REPRESENTATION_CONTEXT(2) 
PARAMETRIC_REPRESENTATION_CONTEXT() REPRESENTATION_CONTEXT('2D SPACE',''
  ) );
#1707 = PCURVE('',#73,#1708);
#1708 = DEFINITIONAL_REPRESENTATION('',(#1709),#1757);
#1709 = B_SPLINE_CURVE_WITH_KNOTS('',3,(#1710,#1711,#1712,#1713,#1714,
    #1715,#1716,#1717,#1718,#1719,#1720,#1721,#1722,#1723,#1724,#1725,
    #1726,#1727,#1728,#1729,#1730,#1731,#1732,#1733,#1734,#1735,#1736,
    #1737,#1738,#1739,#1740,#1741,#1742,#1743,#1744,#1745,#1746,#1747,
    #1748,#1749,#1750,#1751,#1752,#1753,#1754,#1755,#1756),
  .UNSPECIFIED.,.F.,.F.,(4,1,1,1,1,1,1,1,1,1,1,1,1,1,1,1,1,1,1,1,1,1,1,1
    ,1,1,1,1,1,1,1,1,1,1,1,1,1,1,1,1,1,1,1,1,4),(0.,2.272727272727E-02,
    4.545454545455E-02,6.818181818182E-02,9.090909090909E-02,
    0.113636363636,0.136363636364,0.159090909091,0.181818181818,
    0.204545454545,0.227272727273,0.25,0.272727272727,0.295454545455,
    0.318181818182,0.340909090909,0.363636363636,0.386363636364,
    0.409090909091,0.431818181818,0.454545454545,0.477272727273,0.5,
    0.522727272727,0.545454545455,0.568181818182,0.590909090909,
    0.613636363636,0.636363636364,0.659090909091,0.681818181818,
    0.704545454545,0.727272727273,0.75,0.772727272727,0.795454545455,
    0.818181818182,0.840909090909,0.863636363636,0.886363636364,
    0.909090909091,0.931818181818,0.954545454545,0.977272727273,1.),
  .UNSPECIFIED.);
#1710 = CARTESIAN_POINT('',(4.905975298883,-2.21557469374));
#1711 = CARTESIAN_POINT('',(4.915055941426,-2.212973567357));
#1712 = CARTESIAN_POINT('',(4.933162979421,-2.208085582711));
#1713 = CARTESIAN_POINT('',(4.960163571726,-2.201696410098));
#1714 = CARTESIAN_POINT('',(4.987007300721,-2.196250041842));
#1715 = CARTESIAN_POINT('',(5.013696131019,-2.191746477943));
#1716 = CARTESIAN_POINT('',(5.040231335079,-2.188185718401));
#1717 = CARTESIAN_POINT('',(5.066613433288,-2.185567763215));
#1718 = CARTESIAN_POINT('',(5.092842265681,-2.183892612391));
#1719 = CARTESIAN_POINT('',(5.118917059269,-2.183160265904));
#1720 = CARTESIAN_POINT('',(5.144836396749,-2.183370723852));
#1721 = CARTESIAN_POINT('',(5.170598597364,-2.184523985863));
#1722 = CARTESIAN_POINT('',(5.196200558866,-2.186620053332));
#1723 = CARTESIAN_POINT('',(5.221642351631,-2.189658921048));
#1724 = CARTESIAN_POINT('',(5.246928233095,-2.193640608463));
#1725 = CARTESIAN_POINT('',(5.272058064322,-2.198565042975));
#1726 = CARTESIAN_POINT('',(5.297032610123,-2.204432495544));
#1727 = CARTESIAN_POINT('',(5.321849693745,-2.211241954934));
#1728 = CARTESIAN_POINT('',(5.346514514024,-2.218997195132));
#1729 = CARTESIAN_POINT('',(5.371003559122,-2.227684131428));
#1730 = CARTESIAN_POINT('',(5.395408265087,-2.237355328651));
#1731 = CARTESIAN_POINT('',(5.419388178132,-2.247814612193));
#1732 = CARTESIAN_POINT('',(5.444212515076,-2.25979411568));
#1733 = CARTESIAN_POINT('',(5.465145286705,-2.27056147926));
#1734 = CARTESIAN_POINT('',(5.499861167688,-2.290314008621));
#1735 = CARTESIAN_POINT('',(5.529951026095,-2.309623784389));
#1736 = CARTESIAN_POINT('',(5.560366041409,-2.331017009948));
#1737 = CARTESIAN_POINT('',(5.589793556049,-2.35381679114));
#1738 = CARTESIAN_POINT('',(5.618594811318,-2.378204501209));
#1739 = CARTESIAN_POINT('',(5.64667806268,-2.404131541341));
#1740 = CARTESIAN_POINT('',(5.674068517711,-2.431610933548));
#1741 = CARTESIAN_POINT('',(5.70075579054,-2.460639188594));
#1742 = CARTESIAN_POINT('',(5.726734621284,-2.491217241416));
#1743 = CARTESIAN_POINT('',(5.751995143595,-2.523344841498));
#1744 = CARTESIAN_POINT('',(5.776521793607,-2.557022055967));
#1745 = CARTESIAN_POINT('',(5.800308180773,-2.592248866835));
#1746 = CARTESIAN_POINT('',(5.823372742218,-2.629025278923));
#1747 = CARTESIAN_POINT('',(5.845719975587,-2.667351290937));
#1748 = CARTESIAN_POINT('',(5.867355908066,-2.707226903226));
#1749 = CARTESIAN_POINT('',(5.888283902497,-2.748652115695));
#1750 = CARTESIAN_POINT('',(5.90850575875,-2.79162692837));
#1751 = CARTESIAN_POINT('',(5.928021413679,-2.836151341244));
#1752 = CARTESIAN_POINT('',(5.946829053033,-2.882225354319));
#1753 = CARTESIAN_POINT('',(5.964925065654,-2.929848967594));
#1754 = CARTESIAN_POINT('',(5.982304294702,-2.97902218107));
#1755 = CARTESIAN_POINT('',(5.993407650315,-3.012837390187));
#1756 = CARTESIAN_POINT('',(5.9988375009,-3.030003261446));
#1757 = ( GEOMETRIC_REPRESENTATION_CONTEXT(2) 
PARAMETRIC_REPRESENTATION_CONTEXT() REPRESENTATION_CONTEXT('2D SPACE',''
  ) );
#1758 = ORIENTED_EDGE('',*,*,#1759,.F.);
#1759 = EDGE_CURVE('',#1315,#1633,#1760,.T.);
#1760 = SURFACE_CURVE('',#1761,(#1766,#1795),.PCURVE_S1.);
#1761 = CIRCLE('',#1762,2.);
#1762 = AXIS2_PLACEMENT_3D('',#1763,#1764,#1765);
#1763 = CARTESIAN_POINT('',(16.47481666998,-303.4789004703,
    228.88254781409));
#1764 = DIRECTION('',(-0.451373982217,0.850144068517,-0.271139430816));
#1765 = DIRECTION('',(0.88466994394,0.466079223408,-1.136872012763E-02)
  );
#1766 = PCURVE('',#1516,#1767);
#1767 = DEFINITIONAL_REPRESENTATION('',(#1768),#1794);
#1768 = B_SPLINE_CURVE_WITH_KNOTS('',3,(#1769,#1770,#1771,#1772,#1773,
    #1774,#1775,#1776,#1777,#1778,#1779,#1780,#1781,#1782,#1783,#1784,
    #1785,#1786,#1787,#1788,#1789,#1790,#1791,#1792,#1793),
  .UNSPECIFIED.,.F.,.F.,(4,1,1,1,1,1,1,1,1,1,1,1,1,1,1,1,1,1,1,1,1,1,4),
  (4.268933264617,4.295052368516,4.321171472415,4.347290576314,
    4.373409680213,4.399528784112,4.425647888011,4.45176699191,
    4.477886095809,4.504005199708,4.530124303607,4.556243407506,
    4.582362511405,4.608481615304,4.634600719204,4.660719823103,
    4.686838927002,4.712958030901,4.7390771348,4.765196238699,
    4.791315342598,4.817434446497,4.843553550396),.UNSPECIFIED.);
#1769 = CARTESIAN_POINT('',(1.269889580171E-02,1.));
#1770 = CARTESIAN_POINT('',(1.269889580171E-02,0.984638025387));
#1771 = CARTESIAN_POINT('',(1.269889580171E-02,0.953972047412));
#1772 = CARTESIAN_POINT('',(1.269889580171E-02,0.908130644058));
#1773 = CARTESIAN_POINT('',(1.269889580171E-02,0.86243037505));
#1774 = CARTESIAN_POINT('',(1.269889580171E-02,0.816855088045));
#1775 = CARTESIAN_POINT('',(1.269889580171E-02,0.771388782541));
#1776 = CARTESIAN_POINT('',(1.269889580171E-02,0.72601561439));
#1777 = CARTESIAN_POINT('',(1.269889580171E-02,0.680719866168));
#1778 = CARTESIAN_POINT('',(1.269889580171E-02,0.635485927186));
#1779 = CARTESIAN_POINT('',(1.269889580171E-02,0.590298271335));
#1780 = CARTESIAN_POINT('',(1.269889580171E-02,0.545141435835));
#1781 = CARTESIAN_POINT('',(1.269889580171E-02,0.500000000001));
#1782 = CARTESIAN_POINT('',(1.269889580171E-02,0.454858564167));
#1783 = CARTESIAN_POINT('',(1.269889580171E-02,0.409701728667));
#1784 = CARTESIAN_POINT('',(1.269889580171E-02,0.364514072816));
#1785 = CARTESIAN_POINT('',(1.269889580171E-02,0.319280133834));
#1786 = CARTESIAN_POINT('',(1.269889580171E-02,0.273984385612));
#1787 = CARTESIAN_POINT('',(1.269889580171E-02,0.228611217461));
#1788 = CARTESIAN_POINT('',(1.269889580171E-02,0.183144911956));
#1789 = CARTESIAN_POINT('',(1.269889580171E-02,0.137569624951));
#1790 = CARTESIAN_POINT('',(1.269889580171E-02,9.186935594254E-02));
#1791 = CARTESIAN_POINT('',(1.269889580171E-02,4.602795258802E-02));
#1792 = CARTESIAN_POINT('',(1.269889580171E-02,1.536197461277E-02));
#1793 = CARTESIAN_POINT('',(1.269889580171E-02,0.));
#1794 = ( GEOMETRIC_REPRESENTATION_CONTEXT(2) 
PARAMETRIC_REPRESENTATION_CONTEXT() REPRESENTATION_CONTEXT('2D SPACE',''
  ) );
#1795 = PCURVE('',#1330,#1796);
#1796 = DEFINITIONAL_REPRESENTATION('',(#1797),#1823);
#1797 = B_SPLINE_CURVE_WITH_KNOTS('',3,(#1798,#1799,#1800,#1801,#1802,
    #1803,#1804,#1805,#1806,#1807,#1808,#1809,#1810,#1811,#1812,#1813,
    #1814,#1815,#1816,#1817,#1818,#1819,#1820,#1821,#1822),
  .UNSPECIFIED.,.F.,.F.,(4,1,1,1,1,1,1,1,1,1,1,1,1,1,1,1,1,1,1,1,1,1,4),
  (4.268933264617,4.295052368516,4.321171472415,4.347290576314,
    4.373409680213,4.399528784112,4.425647888011,4.45176699191,
    4.477886095809,4.504005199708,4.530124303607,4.556243407506,
    4.582362511405,4.608481615304,4.634600719203,4.660719823102,
    4.686838927001,4.7129580309,4.7390771348,4.765196238699,
    4.791315342598,4.817434446497,4.843553550396),.UNSPECIFIED.);
#1798 = CARTESIAN_POINT('',(7.010722194752E-03,1.022328431936E-06));
#1799 = CARTESIAN_POINT('',(7.01072219479E-03,1.53628474537E-02));
#1800 = CARTESIAN_POINT('',(7.010722196424E-03,4.602852751549E-02));
#1801 = CARTESIAN_POINT('',(7.010722203552E-03,9.18694873165E-02));
#1802 = CARTESIAN_POINT('',(7.010722215376E-03,0.137569316217));
#1803 = CARTESIAN_POINT('',(7.010722231898E-03,0.1831441667));
#1804 = CARTESIAN_POINT('',(7.010722253111E-03,0.228610039414));
#1805 = CARTESIAN_POINT('',(7.010722278996E-03,0.273982778658));
#1806 = CARTESIAN_POINT('',(7.010722309526E-03,0.319278102013));
#1807 = CARTESIAN_POINT('',(7.010722344662E-03,0.364511620327));
#1808 = CARTESIAN_POINT('',(7.010722384356E-03,0.409698859873));
#1809 = CARTESIAN_POINT('',(7.010722428549E-03,0.454855283593));
#1810 = CARTESIAN_POINT('',(7.010722477172E-03,0.499996312338));
#1811 = CARTESIAN_POINT('',(7.010722530146E-03,0.545137345935));
#1812 = CARTESIAN_POINT('',(7.010722587385E-03,0.590293784212));
#1813 = CARTESIAN_POINT('',(7.010722648791E-03,0.635481048016));
#1814 = CARTESIAN_POINT('',(7.01072271426E-03,0.680714600279));
#1815 = CARTESIAN_POINT('',(7.010722783677E-03,0.726009967266));
#1816 = CARTESIAN_POINT('',(7.010722856923E-03,0.77138275981));
#1817 = CARTESIAN_POINT('',(7.010722933868E-03,0.816848695477));
#1818 = CARTESIAN_POINT('',(7.010723014379E-03,0.862423618552));
#1819 = CARTESIAN_POINT('',(7.010723098314E-03,0.908123529664));
#1820 = CARTESIAN_POINT('',(7.010723185528E-03,0.953964581278));
#1821 = CARTESIAN_POINT('',(7.010723245755E-03,0.984630328938));
#1822 = CARTESIAN_POINT('',(7.010723276365E-03,0.999992189457));
#1823 = ( GEOMETRIC_REPRESENTATION_CONTEXT(2) 
PARAMETRIC_REPRESENTATION_CONTEXT() REPRESENTATION_CONTEXT('2D SPACE',''
  ) );
#1824 = ADVANCED_FACE('',(#1825),#1587,.F.);
#1825 = FACE_BOUND('',#1826,.F.);
#1826 = EDGE_LOOP('',(#1827,#1872,#1918,#2143));
#1827 = ORIENTED_EDGE('',*,*,#1828,.F.);
#1828 = EDGE_CURVE('',#1829,#1424,#1831,.T.);
#1829 = VERTEX_POINT('',#1830);
#1830 = CARTESIAN_POINT('',(15.50481993133,-307.1417069724,
    237.68797637934));
#1831 = SURFACE_CURVE('',#1832,(#1836,#1865),.PCURVE_S1.);
#1832 = LINE('',#1833,#1834);
#1833 = CARTESIAN_POINT('',(15.50481993133,-306.8401161349,
    233.85544290093));
#1834 = VECTOR('',#1835,1.);
#1835 = DIRECTION('',(2.062245196629E-12,7.844976612281E-02,
    -0.996918067945));
#1836 = PCURVE('',#1587,#1837);
#1837 = DEFINITIONAL_REPRESENTATION('',(#1838),#1864);
#1838 = B_SPLINE_CURVE_WITH_KNOTS('',3,(#1839,#1840,#1841,#1842,#1843,
    #1844,#1845,#1846,#1847,#1848,#1849,#1850,#1851,#1852,#1853,#1854,
    #1855,#1856,#1857,#1858,#1859,#1860,#1861,#1862,#1863),
  .UNSPECIFIED.,.F.,.F.,(4,1,1,1,1,1,1,1,1,1,1,1,1,1,1,1,1,1,1,1,1,1,4),
  (-3.844381601298,-3.669636983057,-3.494892364816,-3.320147746575,
    -3.145403128335,-2.970658510094,-2.795913891853,-2.621169273612,
    -2.446424655371,-2.271680037131,-2.09693541889,-1.922190800649,
    -1.747446182408,-1.572701564167,-1.397956945926,-1.223212327686,
    -1.048467709445,-0.873723091204,-0.698978472963,-0.524233854722,
    -0.349489236482,-0.174744618241,0.),.UNSPECIFIED.);
#1839 = CARTESIAN_POINT('',(3.894245219473E-03,1.));
#1840 = CARTESIAN_POINT('',(3.962884507994E-03,1.));
#1841 = CARTESIAN_POINT('',(4.098888879499E-03,1.));
#1842 = CARTESIAN_POINT('',(4.29939893553E-03,1.));
#1843 = CARTESIAN_POINT('',(4.496753836012E-03,1.));
#1844 = CARTESIAN_POINT('',(4.69124162059E-03,1.));
#1845 = CARTESIAN_POINT('',(4.88312353447E-03,1.));
#1846 = CARTESIAN_POINT('',(5.072633482927E-03,1.));
#1847 = CARTESIAN_POINT('',(5.259983415986E-03,1.));
#1848 = CARTESIAN_POINT('',(5.445366481771E-03,1.));
#1849 = CARTESIAN_POINT('',(5.628958848873E-03,1.));
#1850 = CARTESIAN_POINT('',(5.810925686868E-03,1.));
#1851 = CARTESIAN_POINT('',(5.991409152298E-03,1.));
#1852 = CARTESIAN_POINT('',(6.170589319407E-03,1.));
#1853 = CARTESIAN_POINT('',(6.348699910316E-03,1.));
#1854 = CARTESIAN_POINT('',(6.525948783156E-03,1.));
#1855 = CARTESIAN_POINT('',(6.702537723484E-03,1.));
#1856 = CARTESIAN_POINT('',(6.878660326567E-03,1.));
#1857 = CARTESIAN_POINT('',(7.054505433889E-03,1.));
#1858 = CARTESIAN_POINT('',(7.230258887354E-03,1.));
#1859 = CARTESIAN_POINT('',(7.406105532759E-03,1.));
#1860 = CARTESIAN_POINT('',(7.582231374663E-03,1.));
#1861 = CARTESIAN_POINT('',(7.75882470386E-03,1.));
#1862 = CARTESIAN_POINT('',(7.87699580604E-03,1.));
#1863 = CARTESIAN_POINT('',(7.936224191272E-03,1.));
#1864 = ( GEOMETRIC_REPRESENTATION_CONTEXT(2) 
PARAMETRIC_REPRESENTATION_CONTEXT() REPRESENTATION_CONTEXT('2D SPACE',''
  ) );
#1865 = PCURVE('',#1441,#1866);
#1866 = DEFINITIONAL_REPRESENTATION('',(#1867),#1871);
#1867 = LINE('',#1868,#1869);
#1868 = CARTESIAN_POINT('',(-1.455546813797,19.930271851469));
#1869 = VECTOR('',#1870,1.);
#1870 = DIRECTION('',(-7.283797143272E-02,0.997343787226));
#1871 = ( GEOMETRIC_REPRESENTATION_CONTEXT(2) 
PARAMETRIC_REPRESENTATION_CONTEXT() REPRESENTATION_CONTEXT('2D SPACE',''
  ) );
#1872 = ORIENTED_EDGE('',*,*,#1873,.T.);
#1873 = EDGE_CURVE('',#1829,#1874,#1876,.T.);
#1874 = VERTEX_POINT('',#1875);
#1875 = CARTESIAN_POINT('',(17.50481993137,-305.3619010938,
    236.77567651957));
#1876 = SURFACE_CURVE('',#1877,(#1882,#1911),.PCURVE_S1.);
#1877 = CIRCLE('',#1878,2.);
#1878 = AXIS2_PLACEMENT_3D('',#1879,#1880,#1881);
#1879 = CARTESIAN_POINT('',(17.50481993133,-307.1417069725,
    237.68797637934));
#1880 = DIRECTION('',(-1.20025116617E-11,-0.456149929886,-0.889902939351
    ));
#1881 = DIRECTION('',(2.339101134985E-11,0.889902939351,-0.456149929886)
  );
#1882 = PCURVE('',#1587,#1883);
#1883 = DEFINITIONAL_REPRESENTATION('',(#1884),#1910);
#1884 = B_SPLINE_CURVE_WITH_KNOTS('',3,(#1885,#1886,#1887,#1888,#1889,
    #1890,#1891,#1892,#1893,#1894,#1895,#1896,#1897,#1898,#1899,#1900,
    #1901,#1902,#1903,#1904,#1905,#1906,#1907,#1908,#1909),
  .UNSPECIFIED.,.F.,.F.,(4,1,1,1,1,1,1,1,1,1,1,1,1,1,1,1,1,1,1,1,1,1,4),
  (4.712388980388,4.783788813424,4.85518864646,4.926588479496,
    4.997988312532,5.069388145568,5.140787978604,5.21218781164,
    5.283587644676,5.354987477712,5.426387310748,5.497787143784,
    5.56918697682,5.640586809856,5.711986642892,5.783386475928,
    5.854786308964,5.926186142,5.997585975036,6.068985808072,
    6.140385641108,6.211785474144,6.28318530718),.QUASI_UNIFORM_KNOTS.);
#1885 = CARTESIAN_POINT('',(3.894245219473E-03,1.));
#1886 = CARTESIAN_POINT('',(3.894245219473E-03,0.983172198663));
#1887 = CARTESIAN_POINT('',(3.894245219473E-03,0.950009297011));
#1888 = CARTESIAN_POINT('',(3.894245219473E-03,0.901574474096));
#1889 = CARTESIAN_POINT('',(3.894245219473E-03,0.854275086925));
#1890 = CARTESIAN_POINT('',(3.894245219473E-03,0.807956362777));
#1891 = CARTESIAN_POINT('',(3.894245219473E-03,0.762473275577));
#1892 = CARTESIAN_POINT('',(3.894245219473E-03,0.71769057746));
#1893 = CARTESIAN_POINT('',(3.894245219473E-03,0.673480563785));
#1894 = CARTESIAN_POINT('',(3.894245219473E-03,0.629721689409));
#1895 = CARTESIAN_POINT('',(3.894245219473E-03,0.586297147707));
#1896 = CARTESIAN_POINT('',(3.894245219473E-03,0.543093605114));
#1897 = CARTESIAN_POINT('',(3.894245219473E-03,0.499999999999));
#1898 = CARTESIAN_POINT('',(3.894245219473E-03,0.456906394884));
#1899 = CARTESIAN_POINT('',(3.894245219473E-03,0.41370285229));
#1900 = CARTESIAN_POINT('',(3.894245219473E-03,0.370278310589));
#1901 = CARTESIAN_POINT('',(3.894245219473E-03,0.326519436212));
#1902 = CARTESIAN_POINT('',(3.894245219473E-03,0.282309422537));
#1903 = CARTESIAN_POINT('',(3.894245219473E-03,0.237526724421));
#1904 = CARTESIAN_POINT('',(3.894245219473E-03,0.19204363722));
#1905 = CARTESIAN_POINT('',(3.894245219473E-03,0.145724913073));
#1906 = CARTESIAN_POINT('',(3.894245219473E-03,9.842552590163E-02));
#1907 = CARTESIAN_POINT('',(3.894245219473E-03,4.999070298588E-02));
#1908 = CARTESIAN_POINT('',(3.894245219473E-03,1.682780133555E-02));
#1909 = CARTESIAN_POINT('',(3.894245219473E-03,0.));
#1910 = ( GEOMETRIC_REPRESENTATION_CONTEXT(2) 
PARAMETRIC_REPRESENTATION_CONTEXT() REPRESENTATION_CONTEXT('2D SPACE',''
  ) );
#1911 = PCURVE('',#45,#1912);
#1912 = DEFINITIONAL_REPRESENTATION('',(#1913),#1917);
#1913 = LINE('',#1914,#1915);
#1914 = CARTESIAN_POINT('',(4.263112408927,9.424777960771));
#1915 = VECTOR('',#1916,1.);
#1916 = DIRECTION('',(4.579998741302E-13,-1.));
#1917 = ( GEOMETRIC_REPRESENTATION_CONTEXT(2) 
PARAMETRIC_REPRESENTATION_CONTEXT() REPRESENTATION_CONTEXT('2D SPACE',''
  ) );
#1918 = ORIENTED_EDGE('',*,*,#1919,.T.);
#1919 = EDGE_CURVE('',#1874,#1549,#1920,.T.);
#1920 = SURFACE_CURVE('',#1921,(#1953,#2048),.PCURVE_S1.);
#1921 = B_SPLINE_CURVE_WITH_KNOTS('',3,(#1922,#1923,#1924,#1925,#1926,
    #1927,#1928,#1929,#1930,#1931,#1932,#1933,#1934,#1935,#1936,#1937,
    #1938,#1939,#1940,#1941,#1942,#1943,#1944,#1945,#1946,#1947,#1948,
    #1949,#1950,#1951,#1952),.UNSPECIFIED.,.F.,.F.,(4,2,2,1,1,1,2,2,2,2,
    2,2,2,1,1,2,2,4),(0.,0.125,0.187499999999,0.218749999999,
    0.234374999999,0.242187499999,0.246093749999,0.249999999999,
    0.312499999999,0.343749999999,0.374999999999,0.437499999998,
    0.468749999998,0.484374999998,0.492187499998,0.496093749998,
    0.499999999998,1.),.UNSPECIFIED.);
#1922 = CARTESIAN_POINT('',(17.50481993137,-305.3619010938,
    236.77567651957));
#1923 = CARTESIAN_POINT('',(17.50481993137,-305.4059208975,
    236.68979828045));
#1924 = CARTESIAN_POINT('',(17.5004578986,-305.4510544201,
    236.59459599761));
#1925 = CARTESIAN_POINT('',(17.48737180029,-305.5175801398,
    236.43696038735));
#1926 = CARTESIAN_POINT('',(17.48191925932,-305.5395533864,
    236.3819450356));
#1927 = CARTESIAN_POINT('',(17.47210468559,-305.5717978107,
    236.2956363434));
#1928 = CARTESIAN_POINT('',(17.46678845815,-305.5877405642,
    236.2515359134));
#1929 = CARTESIAN_POINT('',(17.4598705468,-305.605929867,236.1984161928)
  );
#1930 = CARTESIAN_POINT('',(17.45623267962,-305.614909341,
    236.17143767798));
#1931 = CARTESIAN_POINT('',(17.45463525551,-305.6187316524,
    236.15978561125));
#1932 = CARTESIAN_POINT('',(17.45356178651,-305.6212739228,
    236.15199758705));
#1933 = CARTESIAN_POINT('',(17.45280312871,-305.6230471217,
    236.1465311307));
#1934 = CARTESIAN_POINT('',(17.44723408857,-305.6359686478,
    236.10655487872));
#1935 = CARTESIAN_POINT('',(17.44053098552,-305.6502451464,
    236.06067493537));
#1936 = CARTESIAN_POINT('',(17.4282838507,-305.6735795214,
    235.97913382553));
#1937 = CARTESIAN_POINT('',(17.42383605905,-305.6816727751,
    235.94983264275));
#1938 = CARTESIAN_POINT('',(17.414209649,-305.6982220132,235.88692970168
    ));
#1939 = CARTESIAN_POINT('',(17.40933408397,-305.7062142784,
    235.85528364563));
#1940 = CARTESIAN_POINT('',(17.39179282854,-305.7330563402,
    235.74207577236));
#1941 = CARTESIAN_POINT('',(17.38181371292,-305.7464953841,
    235.67636061935));
#1942 = CARTESIAN_POINT('',(17.3694176215,-305.7621366236,235.5929979606
    ));
#1943 = CARTESIAN_POINT('',(17.36571435469,-305.766590876,
    235.56774162537));
#1944 = CARTESIAN_POINT('',(17.36080259997,-305.7723426146,
    235.53369771778));
#1945 = CARTESIAN_POINT('',(17.35850750899,-305.7749854234,
    235.5176356685));
#1946 = CARTESIAN_POINT('',(17.35611127901,-305.7776997625,
    235.50058370737));
#1947 = CARTESIAN_POINT('',(17.35514461819,-305.7787877155,
    235.49363789477));
#1948 = CARTESIAN_POINT('',(17.35451357651,-305.7794966778,
    235.48908790494));
#1949 = CARTESIAN_POINT('',(17.35444927855,-305.7795691555,
    235.48862923906));
#1950 = CARTESIAN_POINT('',(17.28393201814,-305.8585393761,
    234.97643961752));
#1951 = CARTESIAN_POINT('',(17.26237955297,-305.8362461196,
    234.51428541625));
#1952 = CARTESIAN_POINT('',(17.28924523762,-305.7691235233,
    234.1213701344));
#1953 = PCURVE('',#1587,#1954);
#1954 = DEFINITIONAL_REPRESENTATION('',(#1955),#2047);
#1955 = B_SPLINE_CURVE_WITH_KNOTS('',3,(#1956,#1957,#1958,#1959,#1960,
    #1961,#1962,#1963,#1964,#1965,#1966,#1967,#1968,#1969,#1970,#1971,
    #1972,#1973,#1974,#1975,#1976,#1977,#1978,#1979,#1980,#1981,#1982,
    #1983,#1984,#1985,#1986,#1987,#1988,#1989,#1990,#1991,#1992,#1993,
    #1994,#1995,#1996,#1997,#1998,#1999,#2000,#2001,#2002,#2003,#2004,
    #2005,#2006,#2007,#2008,#2009,#2010,#2011,#2012,#2013,#2014,#2015,
    #2016,#2017,#2018,#2019,#2020,#2021,#2022,#2023,#2024,#2025,#2026,
    #2027,#2028,#2029,#2030,#2031,#2032,#2033,#2034,#2035,#2036,#2037,
    #2038,#2039,#2040,#2041,#2042,#2043,#2044,#2045,#2046),
  .UNSPECIFIED.,.F.,.F.,(4,1,1,1,1,1,1,1,1,1,1,1,1,1,1,1,1,1,1,1,1,1,1,1
    ,1,1,1,1,1,1,1,1,1,1,1,1,1,1,1,1,1,1,1,1,1,1,1,1,1,1,1,1,1,1,1,1,1,1
    ,1,1,1,1,1,1,1,1,1,1,1,1,1,1,1,1,1,1,1,1,1,1,1,1,1,1,1,1,1,1,4),(0.,
    1.136363636364E-02,2.272727272727E-02,3.409090909091E-02,
    4.545454545455E-02,5.681818181818E-02,6.818181818182E-02,
    7.954545454545E-02,9.090909090909E-02,0.102272727273,0.113636363636,
    0.125,0.136363636364,0.147727272727,0.159090909091,0.170454545455,
    0.181818181818,0.193181818182,0.204545454545,0.215909090909,
    0.227272727273,0.238636363636,0.25,0.261363636364,0.272727272727,
    0.284090909091,0.295454545455,0.306818181818,0.318181818182,
    0.329545454545,0.340909090909,0.352272727273,0.363636363636,0.375,
    0.386363636364,0.397727272727,0.409090909091,0.420454545455,
    0.431818181818,0.443181818182,0.454545454545,0.465909090909,
    0.477272727273,0.488636363636,0.5,0.511363636364,0.522727272727,
    0.534090909091,0.545454545455,0.556818181818,0.568181818182,
    0.579545454545,0.590909090909,0.602272727273,0.613636363636,0.625,
    0.636363636364,0.647727272727,0.659090909091,0.670454545455,
    0.681818181818,0.693181818182,0.704545454545,0.715909090909,
    0.727272727273,0.738636363636,0.75,0.761363636364,0.772727272727,
    0.784090909091,0.795454545455,0.806818181818,0.818181818182,
    0.829545454545,0.840909090909,0.852272727273,0.863636363636,0.875,
    0.886363636364,0.897727272727,0.909090909091,0.920454545455,
    0.931818181818,0.943181818182,0.954545454545,0.965909090909,
    0.977272727273,0.988636363636,1.),.QUASI_UNIFORM_KNOTS.);
#1956 = CARTESIAN_POINT('',(3.894245219473E-03,0.));
#1957 = CARTESIAN_POINT('',(3.907189357252E-03,8.690249521611E-09));
#1958 = CARTESIAN_POINT('',(3.933295751517E-03,2.041732906612E-06));
#1959 = CARTESIAN_POINT('',(3.973109315815E-03,9.605363104718E-06));
#1960 = CARTESIAN_POINT('',(4.013576465594E-03,2.010636677037E-05));
#1961 = CARTESIAN_POINT('',(4.054696828143E-03,3.212125485003E-05));
#1962 = CARTESIAN_POINT('',(4.096470065775E-03,4.433844257987E-05));
#1963 = CARTESIAN_POINT('',(4.138895896051E-03,5.558123253115E-05));
#1964 = CARTESIAN_POINT('',(4.181974114542E-03,6.481366770113E-05));
#1965 = CARTESIAN_POINT('',(4.225704609648E-03,7.115260223437E-05));
#1966 = CARTESIAN_POINT('',(4.270087407296E-03,7.387432276435E-05));
#1967 = CARTESIAN_POINT('',(4.315122603227E-03,7.243940678101E-05));
#1968 = CARTESIAN_POINT('',(4.360810712706E-03,6.645316644392E-05));
#1969 = CARTESIAN_POINT('',(4.407151459076E-03,5.586907796831E-05));
#1970 = CARTESIAN_POINT('',(4.454143175079E-03,4.040044870839E-05));
#1971 = CARTESIAN_POINT('',(4.501785573525E-03,2.181476525262E-05));
#1972 = CARTESIAN_POINT('',(4.550077880608E-03,-4.732703540598E-06));
#1973 = CARTESIAN_POINT('',(4.599021578559E-03,-1.820666063666E-05));
#1974 = CARTESIAN_POINT('',(4.648600389982E-03,-9.238901188586E-06));
#1975 = CARTESIAN_POINT('',(4.698878046233E-03,-3.163598188482E-05));
#1976 = CARTESIAN_POINT('',(4.749625109661E-03,-2.611632455793E-05));
#1977 = CARTESIAN_POINT('',(4.801708685518E-03,-2.809431781427E-05));
#1978 = CARTESIAN_POINT('',(4.851871847575E-03,-2.80570022075E-05));
#1979 = CARTESIAN_POINT('',(4.912290649245E-03,-2.864282314617E-05));
#1980 = CARTESIAN_POINT('',(4.937523736209E-03,-2.881182247313E-05));
#1981 = CARTESIAN_POINT('',(4.97535693357E-03,-2.912016449901E-05));
#1982 = CARTESIAN_POINT('',(5.012983122633E-03,-2.941936510843E-05));
#1983 = CARTESIAN_POINT('',(5.053832627016E-03,-2.974978589615E-05));
#1984 = CARTESIAN_POINT('',(5.096982423757E-03,-3.010118613054E-05));
#1985 = CARTESIAN_POINT('',(5.14268928222E-03,-3.047699571381E-05));
#1986 = CARTESIAN_POINT('',(5.190847392247E-03,-3.087663166825E-05));
#1987 = CARTESIAN_POINT('',(5.241615429641E-03,-3.130183860455E-05));
#1988 = CARTESIAN_POINT('',(5.294458762851E-03,-3.174902152602E-05));
#1989 = CARTESIAN_POINT('',(5.348459373063E-03,-3.220891487957E-05));
#1990 = CARTESIAN_POINT('',(5.408629927372E-03,-3.273091608292E-05));
#1991 = CARTESIAN_POINT('',(5.470819446616E-03,-3.325810153817E-05));
#1992 = CARTESIAN_POINT('',(5.528537800192E-03,-3.381566929836E-05));
#1993 = CARTESIAN_POINT('',(5.583529728079E-03,-3.411000895862E-05));
#1994 = CARTESIAN_POINT('',(5.635335077839E-03,-3.528471496744E-05));
#1995 = CARTESIAN_POINT('',(5.684065491403E-03,-3.305393406117E-05));
#1996 = CARTESIAN_POINT('',(5.729718794373E-03,-4.341278928242E-05));
#1997 = CARTESIAN_POINT('',(5.772224910888E-03,-6.663036666517E-06));
#1998 = CARTESIAN_POINT('',(5.811856070964E-03,-1.673331132734E-05));
#1999 = CARTESIAN_POINT('',(5.847597729928E-03,-1.320196529994E-05));
#2000 = CARTESIAN_POINT('',(5.883233703518E-03,-1.725707474872E-05));
#2001 = CARTESIAN_POINT('',(5.904642435883E-03,-4.567982980997E-06));
#2002 = CARTESIAN_POINT('',(5.964516801956E-03,6.461141698574E-06));
#2003 = CARTESIAN_POINT('',(6.013713716543E-03,1.194797946508E-05));
#2004 = CARTESIAN_POINT('',(6.065405243322E-03,1.357199987111E-05));
#2005 = CARTESIAN_POINT('',(6.116066016233E-03,1.151026003158E-05));
#2006 = CARTESIAN_POINT('',(6.166644592925E-03,6.290273564905E-06));
#2007 = CARTESIAN_POINT('',(6.216890588924E-03,-1.555864793389E-06));
#2008 = CARTESIAN_POINT('',(6.266874761203E-03,-1.196227555157E-05));
#2009 = CARTESIAN_POINT('',(6.316581517048E-03,-2.310240377347E-05));
#2010 = CARTESIAN_POINT('',(6.3660187758E-03,-3.982855705411E-05));
#2011 = CARTESIAN_POINT('',(6.415185987188E-03,-4.214411593081E-05));
#2012 = CARTESIAN_POINT('',(6.46408702255E-03,-4.207705523123E-05));
#2013 = CARTESIAN_POINT('',(6.512724264987E-03,-4.264335952055E-05));
#2014 = CARTESIAN_POINT('',(6.561099761791E-03,-4.303470113797E-05));
#2015 = CARTESIAN_POINT('',(6.609215475308E-03,-4.346747754181E-05));
#2016 = CARTESIAN_POINT('',(6.657073216148E-03,-4.388348468975E-05));
#2017 = CARTESIAN_POINT('',(6.704674661812E-03,-4.429818648167E-05));
#2018 = CARTESIAN_POINT('',(6.752021352594E-03,-4.470696402213E-05));
#2019 = CARTESIAN_POINT('',(6.799114693946E-03,-4.511184965027E-05));
#2020 = CARTESIAN_POINT('',(6.845955956896E-03,-4.550834219116E-05));
#2021 = CARTESIAN_POINT('',(6.89254628063E-03,-4.591141266732E-05));
#2022 = CARTESIAN_POINT('',(6.938886669579E-03,-4.626466706316E-05));
#2023 = CARTESIAN_POINT('',(6.984978011126E-03,-4.677769053464E-05));
#2024 = CARTESIAN_POINT('',(7.030821017411E-03,-4.66675089033E-05));
#2025 = CARTESIAN_POINT('',(7.076416342041E-03,-4.648265857406E-05));
#2026 = CARTESIAN_POINT('',(7.121764488116E-03,-4.630933795897E-05));
#2027 = CARTESIAN_POINT('',(7.16686583279E-03,-4.612444875325E-05));
#2028 = CARTESIAN_POINT('',(7.211720635132E-03,-4.593487526827E-05));
#2029 = CARTESIAN_POINT('',(7.256329037189E-03,-4.573690263915E-05));
#2030 = CARTESIAN_POINT('',(7.300691067241E-03,-4.553926405192E-05));
#2031 = CARTESIAN_POINT('',(7.344806641961E-03,-4.531153292898E-05));
#2032 = CARTESIAN_POINT('',(7.388675571702E-03,-4.516750617135E-05));
#2033 = CARTESIAN_POINT('',(7.432297555273E-03,-4.468327812572E-05));
#2034 = CARTESIAN_POINT('',(7.47567221451E-03,-4.544156050545E-05));
#2035 = CARTESIAN_POINT('',(7.51879898107E-03,-4.153632768158E-05));
#2036 = CARTESIAN_POINT('',(7.561677535387E-03,-5.50099144528E-05));
#2037 = CARTESIAN_POINT('',(7.604306979855E-03,-3.59997844337E-06));
#2038 = CARTESIAN_POINT('',(7.6466865562E-03,-1.738841904955E-05));
#2039 = CARTESIAN_POINT('',(7.688815414276E-03,-1.364459263427E-05));
#2040 = CARTESIAN_POINT('',(7.730692609527E-03,-1.48314576892E-05));
#2041 = CARTESIAN_POINT('',(7.772317193305E-03,-1.382782388476E-05));
#2042 = CARTESIAN_POINT('',(7.813687879401E-03,-1.66554940476E-05));
#2043 = CARTESIAN_POINT('',(7.854804313503E-03,-6.348447200663E-06));
#2044 = CARTESIAN_POINT('',(7.895664553171E-03,-1.510698577494E-06));
#2045 = CARTESIAN_POINT('',(7.922733078961E-03,1.110775099264E-07));
#2046 = CARTESIAN_POINT('',(7.936224191272E-03,0.));
#2047 = ( GEOMETRIC_REPRESENTATION_CONTEXT(2) 
PARAMETRIC_REPRESENTATION_CONTEXT() REPRESENTATION_CONTEXT('2D SPACE',''
  ) );
#2048 = PCURVE('',#73,#2049);
#2049 = DEFINITIONAL_REPRESENTATION('',(#2050),#2142);
#2050 = B_SPLINE_CURVE_WITH_KNOTS('',3,(#2051,#2052,#2053,#2054,#2055,
    #2056,#2057,#2058,#2059,#2060,#2061,#2062,#2063,#2064,#2065,#2066,
    #2067,#2068,#2069,#2070,#2071,#2072,#2073,#2074,#2075,#2076,#2077,
    #2078,#2079,#2080,#2081,#2082,#2083,#2084,#2085,#2086,#2087,#2088,
    #2089,#2090,#2091,#2092,#2093,#2094,#2095,#2096,#2097,#2098,#2099,
    #2100,#2101,#2102,#2103,#2104,#2105,#2106,#2107,#2108,#2109,#2110,
    #2111,#2112,#2113,#2114,#2115,#2116,#2117,#2118,#2119,#2120,#2121,
    #2122,#2123,#2124,#2125,#2126,#2127,#2128,#2129,#2130,#2131,#2132,
    #2133,#2134,#2135,#2136,#2137,#2138,#2139,#2140,#2141),
  .UNSPECIFIED.,.F.,.F.,(4,1,1,1,1,1,1,1,1,1,1,1,1,1,1,1,1,1,1,1,1,1,1,1
    ,1,1,1,1,1,1,1,1,1,1,1,1,1,1,1,1,1,1,1,1,1,1,1,1,1,1,1,1,1,1,1,1,1,1
    ,1,1,1,1,1,1,1,1,1,1,1,1,1,1,1,1,1,1,1,1,1,1,1,1,1,1,1,1,1,1,4),(0.,
    1.136363636364E-02,2.272727272727E-02,3.409090909091E-02,
    4.545454545455E-02,5.681818181818E-02,6.818181818182E-02,
    7.954545454545E-02,9.090909090909E-02,0.102272727273,0.113636363636,
    0.125,0.136363636364,0.147727272727,0.159090909091,0.170454545455,
    0.181818181818,0.193181818182,0.204545454545,0.215909090909,
    0.227272727273,0.238636363636,0.25,0.261363636364,0.272727272727,
    0.284090909091,0.295454545455,0.306818181818,0.318181818182,
    0.329545454545,0.340909090909,0.352272727273,0.363636363636,0.375,
    0.386363636364,0.397727272727,0.409090909091,0.420454545455,
    0.431818181818,0.443181818182,0.454545454545,0.465909090909,
    0.477272727273,0.488636363636,0.5,0.511363636364,0.522727272727,
    0.534090909091,0.545454545455,0.556818181818,0.568181818182,
    0.579545454545,0.590909090909,0.602272727273,0.613636363636,0.625,
    0.636363636364,0.647727272727,0.659090909091,0.670454545455,
    0.681818181818,0.693181818182,0.704545454545,0.715909090909,
    0.727272727273,0.738636363636,0.75,0.761363636364,0.772727272727,
    0.784090909091,0.795454545455,0.806818181818,0.818181818182,
    0.829545454545,0.840909090909,0.852272727273,0.863636363636,0.875,
    0.886363636364,0.897727272727,0.909090909091,0.920454545455,
    0.931818181818,0.943181818182,0.954545454545,0.965909090909,
    0.977272727273,0.988636363636,1.),.UNSPECIFIED.);
#2051 = CARTESIAN_POINT('',(4.263112408929,-2.000000000001));
#2052 = CARTESIAN_POINT('',(4.265176644976,-2.));
#2053 = CARTESIAN_POINT('',(4.269339354407,-2.000072099715));
#2054 = CARTESIAN_POINT('',(4.275686021343,-2.000396548434));
#2055 = CARTESIAN_POINT('',(4.282135170986,-2.000937296297));
#2056 = CARTESIAN_POINT('',(4.288686721269,-2.001694343307));
#2057 = CARTESIAN_POINT('',(4.29534061528,-2.002667689462));
#2058 = CARTESIAN_POINT('',(4.302096824826,-2.003857334763));
#2059 = CARTESIAN_POINT('',(4.308955349851,-2.005263279207));
#2060 = CARTESIAN_POINT('',(4.315916217762,-2.006885522806));
#2061 = CARTESIAN_POINT('',(4.32297948708,-2.008724065518));
#2062 = CARTESIAN_POINT('',(4.330145233617,-2.010778907495));
#2063 = CARTESIAN_POINT('',(4.337413601995,-2.013050048172));
#2064 = CARTESIAN_POINT('',(4.344784613018,-2.015537489659));
#2065 = CARTESIAN_POINT('',(4.352258049901,-2.018241224085));
#2066 = CARTESIAN_POINT('',(4.359833952242,-2.021161280822));
#2067 = CARTESIAN_POINT('',(4.367512112038,-2.024297550254));
#2068 = CARTESIAN_POINT('',(4.375293268029,-2.027650441463));
#2069 = CARTESIAN_POINT('',(4.383174832966,-2.03121842774));
#2070 = CARTESIAN_POINT('',(4.391166722971,-2.035007206836));
#2071 = CARTESIAN_POINT('',(4.399231701922,-2.038995514467));
#2072 = CARTESIAN_POINT('',(4.407508674084,-2.043262710017));
#2073 = CARTESIAN_POINT('',(4.41547935965,-2.047512620236));
#2074 = CARTESIAN_POINT('',(4.425077950624,-2.05285057875));
#2075 = CARTESIAN_POINT('',(4.429085930562,-2.055151424266));
#2076 = CARTESIAN_POINT('',(4.435095023795,-2.058633662791));
#2077 = CARTESIAN_POINT('',(4.441070835059,-2.062166930748));
#2078 = CARTESIAN_POINT('',(4.447558537213,-2.066054176435));
#2079 = CARTESIAN_POINT('',(4.454411696455,-2.070213970231));
#2080 = CARTESIAN_POINT('',(4.46167128681,-2.074669082326));
#2081 = CARTESIAN_POINT('',(4.46932064134,-2.079409861574));
#2082 = CARTESIAN_POINT('',(4.477385050747,-2.08445214238));
#2083 = CARTESIAN_POINT('',(4.485779646861,-2.089742238266));
#2084 = CARTESIAN_POINT('',(4.494358566062,-2.095183976466));
#2085 = CARTESIAN_POINT('',(4.503917623249,-2.101297702372));
#2086 = CARTESIAN_POINT('',(4.513798714492,-2.107622809257));
#2087 = CARTESIAN_POINT('',(4.522971429188,-2.113459957441));
#2088 = CARTESIAN_POINT('',(4.53171221817,-2.118996502657));
#2089 = CARTESIAN_POINT('',(4.539947333364,-2.12418236165));
#2090 = CARTESIAN_POINT('',(4.547695645747,-2.129030511703));
#2091 = CARTESIAN_POINT('',(4.554954429689,-2.133539126943));
#2092 = CARTESIAN_POINT('',(4.561713873889,-2.137702533577));
#2093 = CARTESIAN_POINT('',(4.568016902928,-2.141545252666));
#2094 = CARTESIAN_POINT('',(4.573702173789,-2.144974873761));
#2095 = CARTESIAN_POINT('',(4.57937187039,-2.148336517581));
#2096 = CARTESIAN_POINT('',(4.58277869092,-2.150342111649));
#2097 = CARTESIAN_POINT('',(4.592309650489,-2.155798825263));
#2098 = CARTESIAN_POINT('',(4.600143677785,-2.160140550481));
#2099 = CARTESIAN_POINT('',(4.608376789264,-2.16459077224));
#2100 = CARTESIAN_POINT('',(4.616447707967,-2.168821658738));
#2101 = CARTESIAN_POINT('',(4.624507158695,-2.172921052241));
#2102 = CARTESIAN_POINT('',(4.632515067994,-2.176865415486));
#2103 = CARTESIAN_POINT('',(4.640482468609,-2.180661055263));
#2104 = CARTESIAN_POINT('',(4.648406681322,-2.184306281673));
#2105 = CARTESIAN_POINT('',(4.656288682877,-2.187801547524));
#2106 = CARTESIAN_POINT('',(4.664128452228,-2.191146731484));
#2107 = CARTESIAN_POINT('',(4.671926217487,-2.194341866066));
#2108 = CARTESIAN_POINT('',(4.679682121803,-2.197386942557));
#2109 = CARTESIAN_POINT('',(4.687396312892,-2.200281963292));
#2110 = CARTESIAN_POINT('',(4.695068919074,-2.203026927646));
#2111 = CARTESIAN_POINT('',(4.702700055717,-2.205621835785));
#2112 = CARTESIAN_POINT('',(4.710289823558,-2.208066687666));
#2113 = CARTESIAN_POINT('',(4.717838309204,-2.2103614833));
#2114 = CARTESIAN_POINT('',(4.72534558506,-2.212506222683));
#2115 = CARTESIAN_POINT('',(4.732811709423,-2.214500905818));
#2116 = CARTESIAN_POINT('',(4.740236726535,-2.216345532703));
#2117 = CARTESIAN_POINT('',(4.747620666663,-2.218040103338));
#2118 = CARTESIAN_POINT('',(4.754963546174,-2.219584617725));
#2119 = CARTESIAN_POINT('',(4.762265367623,-2.220979075861));
#2120 = CARTESIAN_POINT('',(4.769526119844,-2.222223477749));
#2121 = CARTESIAN_POINT('',(4.776745778047,-2.223317823386));
#2122 = CARTESIAN_POINT('',(4.78392430392,-2.224262112775));
#2123 = CARTESIAN_POINT('',(4.791061645738,-2.225056345914));
#2124 = CARTESIAN_POINT('',(4.798157738473,-2.225700522803));
#2125 = CARTESIAN_POINT('',(4.805212503911,-2.226194643444));
#2126 = CARTESIAN_POINT('',(4.812225850776,-2.226538707834));
#2127 = CARTESIAN_POINT('',(4.81919767485,-2.226732715976));
#2128 = CARTESIAN_POINT('',(4.826127859103,-2.226776667868));
#2129 = CARTESIAN_POINT('',(4.833016273828,-2.22667056351));
#2130 = CARTESIAN_POINT('',(4.839862776771,-2.226414402903));
#2131 = CARTESIAN_POINT('',(4.846667213273,-2.226008186047));
#2132 = CARTESIAN_POINT('',(4.853429416407,-2.225451912941));
#2133 = CARTESIAN_POINT('',(4.860149207122,-2.224745583586));
#2134 = CARTESIAN_POINT('',(4.866826394391,-2.223889197981));
#2135 = CARTESIAN_POINT('',(4.873460775356,-2.222882756127));
#2136 = CARTESIAN_POINT('',(4.880052135459,-2.221726258023));
#2137 = CARTESIAN_POINT('',(4.886600248688,-2.22041970367));
#2138 = CARTESIAN_POINT('',(4.893104877354,-2.218963093068));
#2139 = CARTESIAN_POINT('',(4.899565773636,-2.217356426216));
#2140 = CARTESIAN_POINT('',(4.903843707581,-2.216185277482));
#2141 = CARTESIAN_POINT('',(4.905975298883,-2.21557469374));
#2142 = ( GEOMETRIC_REPRESENTATION_CONTEXT(2) 
PARAMETRIC_REPRESENTATION_CONTEXT() REPRESENTATION_CONTEXT('2D SPACE',''
  ) );
#2143 = ORIENTED_EDGE('',*,*,#1548,.F.);
#2144 = ADVANCED_FACE('',(#2145),#1441,.T.);
#2145 = FACE_BOUND('',#2146,.T.);
#2146 = EDGE_LOOP('',(#2147,#2177,#2203,#2204,#2205));
#2147 = ORIENTED_EDGE('',*,*,#2148,.T.);
#2148 = EDGE_CURVE('',#2149,#2151,#2153,.T.);
#2149 = VERTEX_POINT('',#2150);
#2150 = CARTESIAN_POINT('',(15.50481993131,-307.7799621493,
    245.7987477583));
#2151 = VERTEX_POINT('',#2152);
#2152 = CARTESIAN_POINT('',(15.0048199313,-308.2784211832,
    245.75952287524));
#2153 = SURFACE_CURVE('',#2154,(#2158,#2165),.PCURVE_S1.);
#2154 = LINE('',#2155,#2156);
#2155 = CARTESIAN_POINT('',(15.50481993131,-307.7799621493,
    245.7987477583));
#2156 = VECTOR('',#2157,1.);
#2157 = DIRECTION('',(-0.707106781205,-0.704927526113,
    -5.547236160772E-02));
#2158 = PCURVE('',#1441,#2159);
#2159 = DEFINITIONAL_REPRESENTATION('',(#2160),#2164);
#2160 = LINE('',#2161,#2162);
#2161 = CARTESIAN_POINT('',(-0.582931374294,7.981866780435));
#2162 = VECTOR('',#2163,1.);
#2163 = DIRECTION('',(0.997343787226,7.283797143249E-02));
#2164 = ( GEOMETRIC_REPRESENTATION_CONTEXT(2) 
PARAMETRIC_REPRESENTATION_CONTEXT() REPRESENTATION_CONTEXT('2D SPACE',''
  ) );
#2165 = PCURVE('',#2166,#2171);
#2166 = CONICAL_SURFACE('',#2167,6.499999999904,0.785398163397);
#2167 = AXIS2_PLACEMENT_3D('',#2168,#2169,#2170);
#2168 = CARTESIAN_POINT('',(15.50481993148,-301.2999947077,
    246.3086712381));
#2169 = DIRECTION('',(-1.,2.628418675401E-11,-3.064104139678E-16));
#2170 = DIRECTION('',(6.406334439457E-13,2.438499502551E-02,
    0.999702641798));
#2171 = DEFINITIONAL_REPRESENTATION('',(#2172),#2176);
#2172 = LINE('',#2173,#2174);
#2173 = CARTESIAN_POINT('',(4.609471110155,1.664002269308E-12));
#2174 = VECTOR('',#2175,1.);
#2175 = DIRECTION('',(1.989519660133E-13,1.));
#2176 = ( GEOMETRIC_REPRESENTATION_CONTEXT(2) 
PARAMETRIC_REPRESENTATION_CONTEXT() REPRESENTATION_CONTEXT('2D SPACE',''
  ) );
#2177 = ORIENTED_EDGE('',*,*,#2178,.F.);
#2178 = EDGE_CURVE('',#1426,#2151,#2179,.T.);
#2179 = SURFACE_CURVE('',#2180,(#2184,#2191),.PCURVE_S1.);
#2180 = LINE('',#2181,#2182);
#2181 = CARTESIAN_POINT('',(15.0048199313,-308.2784211832,
    245.75952287524));
#2182 = VECTOR('',#2183,1.);
#2183 = DIRECTION('',(-2.062245196629E-12,-7.844976612281E-02,
    0.996918067945));
#2184 = PCURVE('',#1441,#2185);
#2185 = DEFINITIONAL_REPRESENTATION('',(#2186),#2190);
#2186 = LINE('',#2187,#2188);
#2187 = CARTESIAN_POINT('',(0.122297180825,8.033371003961));
#2188 = VECTOR('',#2189,1.);
#2189 = DIRECTION('',(7.283797143272E-02,-0.997343787226));
#2190 = ( GEOMETRIC_REPRESENTATION_CONTEXT(2) 
PARAMETRIC_REPRESENTATION_CONTEXT() REPRESENTATION_CONTEXT('2D SPACE',''
  ) );
#2191 = PCURVE('',#2192,#2197);
#2192 = PLANE('',#2193);
#2193 = AXIS2_PLACEMENT_3D('',#2194,#2195,#2196);
#2194 = CARTESIAN_POINT('',(15.50481993132,-307.4063164386,
    234.67705545695));
#2195 = DIRECTION('',(2.620315663849E-11,0.996918067945,
    7.844976612281E-02));
#2196 = DIRECTION('',(1.,-2.628418675401E-11,3.064104105684E-16));
#2197 = DEFINITIONAL_REPRESENTATION('',(#2198),#2202);
#2198 = LINE('',#2199,#2200);
#2199 = CARTESIAN_POINT('',(-0.499999999997,-11.11672841995));
#2200 = VECTOR('',#2201,1.);
#2201 = DIRECTION('',(4.85730259914E-17,-1.));
#2202 = ( GEOMETRIC_REPRESENTATION_CONTEXT(2) 
PARAMETRIC_REPRESENTATION_CONTEXT() REPRESENTATION_CONTEXT('2D SPACE',''
  ) );
#2203 = ORIENTED_EDGE('',*,*,#1423,.F.);
#2204 = ORIENTED_EDGE('',*,*,#1828,.F.);
#2205 = ORIENTED_EDGE('',*,*,#2206,.F.);
#2206 = EDGE_CURVE('',#2149,#1829,#2207,.T.);
#2207 = SURFACE_CURVE('',#2208,(#2212,#2219),.PCURVE_S1.);
#2208 = LINE('',#2209,#2210);
#2209 = CARTESIAN_POINT('',(15.50481993133,-306.8401161349,
    233.85544290093));
#2210 = VECTOR('',#2211,1.);
#2211 = DIRECTION('',(2.062245196629E-12,7.844976612281E-02,
    -0.996918067945));
#2212 = PCURVE('',#1441,#2213);
#2213 = DEFINITIONAL_REPRESENTATION('',(#2214),#2218);
#2214 = LINE('',#2215,#2216);
#2215 = CARTESIAN_POINT('',(-1.455546813797,19.930271851469));
#2216 = VECTOR('',#2217,1.);
#2217 = DIRECTION('',(-7.283797143272E-02,0.997343787226));
#2218 = ( GEOMETRIC_REPRESENTATION_CONTEXT(2) 
PARAMETRIC_REPRESENTATION_CONTEXT() REPRESENTATION_CONTEXT('2D SPACE',''
  ) );
#2219 = PCURVE('',#951,#2220);
#2220 = DEFINITIONAL_REPRESENTATION('',(#2221),#2225);
#2221 = LINE('',#2222,#2223);
#2222 = CARTESIAN_POINT('',(20.630318654243,-5.234802115597));
#2223 = VECTOR('',#2224,1.);
#2224 = DIRECTION('',(0.994708629024,0.102736280569));
#2225 = ( GEOMETRIC_REPRESENTATION_CONTEXT(2) 
PARAMETRIC_REPRESENTATION_CONTEXT() REPRESENTATION_CONTEXT('2D SPACE',''
  ) );
#2226 = ADVANCED_FACE('',(#2227),#2192,.F.);
#2227 = FACE_BOUND('',#2228,.T.);
#2228 = EDGE_LOOP('',(#2229,#2254,#2275,#2276));
#2229 = ORIENTED_EDGE('',*,*,#2230,.F.);
#2230 = EDGE_CURVE('',#2231,#2233,#2235,.T.);
#2231 = VERTEX_POINT('',#2232);
#2232 = CARTESIAN_POINT('',(12.90481993132,-307.3385751688,
    233.81621801787));
#2233 = VERTEX_POINT('',#2234);
#2234 = CARTESIAN_POINT('',(12.9048199313,-308.2784211832,
    245.75952287524));
#2235 = SURFACE_CURVE('',#2236,(#2240,#2247),.PCURVE_S1.);
#2236 = LINE('',#2237,#2238);
#2237 = CARTESIAN_POINT('',(12.90481993134,-306.7459670395,
    226.28551677367));
#2238 = VECTOR('',#2239,1.);
#2239 = DIRECTION('',(-2.062245196629E-12,-7.844976612281E-02,
    0.996918067945));
#2240 = PCURVE('',#2192,#2241);
#2241 = DEFINITIONAL_REPRESENTATION('',(#2242),#2246);
#2242 = LINE('',#2243,#2244);
#2243 = CARTESIAN_POINT('',(-2.599999999997,8.41748078714));
#2244 = VECTOR('',#2245,1.);
#2245 = DIRECTION('',(4.85730259914E-17,-1.));
#2246 = ( GEOMETRIC_REPRESENTATION_CONTEXT(2) 
PARAMETRIC_REPRESENTATION_CONTEXT() REPRESENTATION_CONTEXT('2D SPACE',''
  ) );
#2247 = PCURVE('',#1039,#2248);
#2248 = DEFINITIONAL_REPRESENTATION('',(#2249),#2253);
#2249 = LINE('',#2250,#2251);
#2250 = CARTESIAN_POINT('',(-5.24550729188,11.80453380841));
#2251 = VECTOR('',#2252,1.);
#2252 = DIRECTION('',(-7.844976612281E-02,-0.996918067945));
#2253 = ( GEOMETRIC_REPRESENTATION_CONTEXT(2) 
PARAMETRIC_REPRESENTATION_CONTEXT() REPRESENTATION_CONTEXT('2D SPACE',''
  ) );
#2254 = ORIENTED_EDGE('',*,*,#2255,.F.);
#2255 = EDGE_CURVE('',#1426,#2231,#2256,.T.);
#2256 = SURFACE_CURVE('',#2257,(#2261,#2268),.PCURVE_S1.);
#2257 = LINE('',#2258,#2259);
#2258 = CARTESIAN_POINT('',(15.50481993132,-307.3385751689,
    233.81621801787));
#2259 = VECTOR('',#2260,1.);
#2260 = DIRECTION('',(-1.,2.628418675401E-11,-3.064104139678E-16));
#2261 = PCURVE('',#2192,#2262);
#2262 = DEFINITIONAL_REPRESENTATION('',(#2263),#2267);
#2263 = LINE('',#2264,#2265);
#2264 = CARTESIAN_POINT('',(-1.78078795478E-12,0.863498683351));
#2265 = VECTOR('',#2266,1.);
#2266 = DIRECTION('',(-1.,3.244906758423E-24));
#2267 = ( GEOMETRIC_REPRESENTATION_CONTEXT(2) 
PARAMETRIC_REPRESENTATION_CONTEXT() REPRESENTATION_CONTEXT('2D SPACE',''
  ) );
#2268 = PCURVE('',#1206,#2269);
#2269 = DEFINITIONAL_REPRESENTATION('',(#2270),#2274);
#2270 = LINE('',#2271,#2272);
#2271 = CARTESIAN_POINT('',(4.609471110157,5.186961971049E-12));
#2272 = VECTOR('',#2273,1.);
#2273 = DIRECTION('',(3.383536836953E-15,1.));
#2274 = ( GEOMETRIC_REPRESENTATION_CONTEXT(2) 
PARAMETRIC_REPRESENTATION_CONTEXT() REPRESENTATION_CONTEXT('2D SPACE',''
  ) );
#2275 = ORIENTED_EDGE('',*,*,#2178,.T.);
#2276 = ORIENTED_EDGE('',*,*,#2277,.T.);
#2277 = EDGE_CURVE('',#2151,#2233,#2278,.T.);
#2278 = SURFACE_CURVE('',#2279,(#2283,#2290),.PCURVE_S1.);
#2279 = LINE('',#2280,#2281);
#2280 = CARTESIAN_POINT('',(15.5048199313,-308.2784211832,
    245.75952287524));
#2281 = VECTOR('',#2282,1.);
#2282 = DIRECTION('',(-1.,2.628418675401E-11,-3.064104139678E-16));
#2283 = PCURVE('',#2192,#2284);
#2284 = DEFINITIONAL_REPRESENTATION('',(#2285),#2289);
#2285 = LINE('',#2286,#2287);
#2286 = CARTESIAN_POINT('',(2.93128717513E-12,-11.11672841995));
#2287 = VECTOR('',#2288,1.);
#2288 = DIRECTION('',(-1.,3.244906758423E-24));
#2289 = ( GEOMETRIC_REPRESENTATION_CONTEXT(2) 
PARAMETRIC_REPRESENTATION_CONTEXT() REPRESENTATION_CONTEXT('2D SPACE',''
  ) );
#2290 = PCURVE('',#2291,#2296);
#2291 = CYLINDRICAL_SURFACE('',#2292,6.999999999904);
#2292 = AXIS2_PLACEMENT_3D('',#2293,#2294,#2295);
#2293 = CARTESIAN_POINT('',(15.50481993148,-301.2999947077,
    246.3086712381));
#2294 = DIRECTION('',(-1.,2.628418675401E-11,-3.064104139678E-16));
#2295 = DIRECTION('',(6.406334439457E-13,2.438499502551E-02,
    0.999702641798));
#2296 = DEFINITIONAL_REPRESENTATION('',(#2297),#2301);
#2297 = LINE('',#2298,#2299);
#2298 = CARTESIAN_POINT('',(4.609471110155,-3.439026841079E-12));
#2299 = VECTOR('',#2300,1.);
#2300 = DIRECTION('',(0.,1.));
#2301 = ( GEOMETRIC_REPRESENTATION_CONTEXT(2) 
PARAMETRIC_REPRESENTATION_CONTEXT() REPRESENTATION_CONTEXT('2D SPACE',''
  ) );
#2302 = ADVANCED_FACE('',(#2303),#2291,.T.);
#2303 = FACE_BOUND('',#2304,.T.);
#2304 = EDGE_LOOP('',(#2305,#2330,#2356,#2357,#2381,#5540,#5570,#5593));
#2305 = ORIENTED_EDGE('',*,*,#2306,.F.);
#2306 = EDGE_CURVE('',#2307,#2309,#2311,.T.);
#2307 = VERTEX_POINT('',#2308);
#2308 = CARTESIAN_POINT('',(12.90481993148,-301.4706896728,
    239.31075274561));
#2309 = VERTEX_POINT('',#2310);
#2310 = CARTESIAN_POINT('',(12.70481993148,-301.4706896728,
    239.31075274561));
#2311 = SURFACE_CURVE('',#2312,(#2316,#2323),.PCURVE_S1.);
#2312 = LINE('',#2313,#2314);
#2313 = CARTESIAN_POINT('',(15.50481993148,-301.4706896729,
    239.31075274561));
#2314 = VECTOR('',#2315,1.);
#2315 = DIRECTION('',(-1.,2.628418675401E-11,-3.064104139678E-16));
#2316 = PCURVE('',#2291,#2317);
#2317 = DEFINITIONAL_REPRESENTATION('',(#2318),#2322);
#2318 = LINE('',#2319,#2320);
#2319 = CARTESIAN_POINT('',(3.14159265359,-4.490630090004E-12));
#2320 = VECTOR('',#2321,1.);
#2321 = DIRECTION('',(0.,1.));
#2322 = ( GEOMETRIC_REPRESENTATION_CONTEXT(2) 
PARAMETRIC_REPRESENTATION_CONTEXT() REPRESENTATION_CONTEXT('2D SPACE',''
  ) );
#2323 = PCURVE('',#1065,#2324);
#2324 = DEFINITIONAL_REPRESENTATION('',(#2325),#2329);
#2325 = LINE('',#2326,#2327);
#2326 = CARTESIAN_POINT('',(3.14159265359,-4.490630090004E-12));
#2327 = VECTOR('',#2328,1.);
#2328 = DIRECTION('',(0.,1.));
#2329 = ( GEOMETRIC_REPRESENTATION_CONTEXT(2) 
PARAMETRIC_REPRESENTATION_CONTEXT() REPRESENTATION_CONTEXT('2D SPACE',''
  ) );
#2330 = ORIENTED_EDGE('',*,*,#2331,.F.);
#2331 = EDGE_CURVE('',#2233,#2307,#2332,.T.);
#2332 = SURFACE_CURVE('',#2333,(#2338,#2345),.PCURVE_S1.);
#2333 = CIRCLE('',#2334,6.999999999904);
#2334 = AXIS2_PLACEMENT_3D('',#2335,#2336,#2337);
#2335 = CARTESIAN_POINT('',(12.90481993148,-301.2999947076,
    246.3086712381));
#2336 = DIRECTION('',(1.,-2.628418675401E-11,3.064104139591E-16));
#2337 = DIRECTION('',(-2.062293769658E-12,-7.844976612281E-02,
    0.996918067945));
#2338 = PCURVE('',#2291,#2339);
#2339 = DEFINITIONAL_REPRESENTATION('',(#2340),#2344);
#2340 = LINE('',#2341,#2342);
#2341 = CARTESIAN_POINT('',(6.180267436951,2.6));
#2342 = VECTOR('',#2343,1.);
#2343 = DIRECTION('',(-1.,9.681220302451E-15));
#2344 = ( GEOMETRIC_REPRESENTATION_CONTEXT(2) 
PARAMETRIC_REPRESENTATION_CONTEXT() REPRESENTATION_CONTEXT('2D SPACE',''
  ) );
#2345 = PCURVE('',#1039,#2346);
#2346 = DEFINITIONAL_REPRESENTATION('',(#2347),#2355);
#2347 = ( BOUNDED_CURVE() B_SPLINE_CURVE(2,(#2348,#2349,#2350,#2351,
#2352,#2353,#2354),.UNSPECIFIED.,.T.,.F.) B_SPLINE_CURVE_WITH_KNOTS((1,2
    ,2,2,2,1),(-2.094395102393,0.,2.094395102393,4.188790204786,
6.28318530718,8.377580409573),.UNSPECIFIED.) CURVE() 
GEOMETRIC_REPRESENTATION_ITEM() RATIONAL_B_SPLINE_CURVE((1.,0.5,1.,0.5,
1.,0.5,1.)) REPRESENTATION_ITEM('') );
#2348 = CARTESIAN_POINT('',(-0.348683322902,-15.19704713154));
#2349 = CARTESIAN_POINT('',(-12.43567253538,-14.24589426618));
#2350 = CARTESIAN_POINT('',(-5.568455384866,-4.253830985584));
#2351 = CARTESIAN_POINT('',(1.298761765654,5.738232295019));
#2352 = CARTESIAN_POINT('',(6.518533827618,-5.204983850937));
#2353 = CARTESIAN_POINT('',(11.738305889582,-16.14819999689));
#2354 = CARTESIAN_POINT('',(-0.348683322902,-15.19704713154));
#2355 = ( GEOMETRIC_REPRESENTATION_CONTEXT(2) 
PARAMETRIC_REPRESENTATION_CONTEXT() REPRESENTATION_CONTEXT('2D SPACE',''
  ) );
#2356 = ORIENTED_EDGE('',*,*,#2277,.F.);
#2357 = ORIENTED_EDGE('',*,*,#2358,.T.);
#2358 = EDGE_CURVE('',#2151,#2359,#2361,.T.);
#2359 = VERTEX_POINT('',#2360);
#2360 = CARTESIAN_POINT('',(15.00481993143,-303.1572419757,253.057792113
    ));
#2361 = SURFACE_CURVE('',#2362,(#2367,#2374),.PCURVE_S1.);
#2362 = CIRCLE('',#2363,6.999999999904);
#2363 = AXIS2_PLACEMENT_3D('',#2364,#2365,#2366);
#2364 = CARTESIAN_POINT('',(15.00481993148,-301.2999947077,
    246.3086712381));
#2365 = DIRECTION('',(-1.,2.628418675401E-11,-3.064104139656E-16));
#2366 = DIRECTION('',(-6.406334439457E-13,-2.438499502551E-02,
    -0.999702641798));
#2367 = PCURVE('',#2291,#2368);
#2368 = DEFINITIONAL_REPRESENTATION('',(#2369),#2373);
#2369 = LINE('',#2370,#2371);
#2370 = CARTESIAN_POINT('',(3.14159265359,0.5));
#2371 = VECTOR('',#2372,1.);
#2372 = DIRECTION('',(1.,0.));
#2373 = ( GEOMETRIC_REPRESENTATION_CONTEXT(2) 
PARAMETRIC_REPRESENTATION_CONTEXT() REPRESENTATION_CONTEXT('2D SPACE',''
  ) );
#2374 = PCURVE('',#2166,#2375);
#2375 = DEFINITIONAL_REPRESENTATION('',(#2376),#2380);
#2376 = LINE('',#2377,#2378);
#2377 = CARTESIAN_POINT('',(3.14159265359,0.500000000003));
#2378 = VECTOR('',#2379,1.);
#2379 = DIRECTION('',(1.,-8.387798153896E-13));
#2380 = ( GEOMETRIC_REPRESENTATION_CONTEXT(2) 
PARAMETRIC_REPRESENTATION_CONTEXT() REPRESENTATION_CONTEXT('2D SPACE',''
  ) );
#2381 = ORIENTED_EDGE('',*,*,#2382,.T.);
#2382 = EDGE_CURVE('',#2359,#2383,#2385,.T.);
#2383 = VERTEX_POINT('',#2384);
#2384 = CARTESIAN_POINT('',(12.90481993143,-303.1572419757,253.057792113
    ));
#2385 = SURFACE_CURVE('',#2386,(#2390,#2397),.PCURVE_S1.);
#2386 = LINE('',#2387,#2388);
#2387 = CARTESIAN_POINT('',(15.50481993143,-303.1572419757,253.057792113
    ));
#2388 = VECTOR('',#2389,1.);
#2389 = DIRECTION('',(-1.,2.628418675401E-11,-3.064104139678E-16));
#2390 = PCURVE('',#2291,#2391);
#2391 = DEFINITIONAL_REPRESENTATION('',(#2392),#2396);
#2392 = LINE('',#2393,#2394);
#2393 = CARTESIAN_POINT('',(5.990261015801,1.165290086647E-12));
#2394 = VECTOR('',#2395,1.);
#2395 = DIRECTION('',(0.,1.));
#2396 = ( GEOMETRIC_REPRESENTATION_CONTEXT(2) 
PARAMETRIC_REPRESENTATION_CONTEXT() REPRESENTATION_CONTEXT('2D SPACE',''
  ) );
#2397 = PCURVE('',#2398,#5535);
#2398 = B_SPLINE_SURFACE_WITH_KNOTS('',10,10,(
    (#2399,#2400,#2401,#2402,#2403,#2404,#2405,#2406,#2407,#2408,#2409
      ,#2410,#2411,#2412,#2413,#2414,#2415,#2416,#2417,#2418,#2419,#2420
      ,#2421,#2422,#2423,#2424,#2425,#2426,#2427,#2428,#2429,#2430,#2431
      ,#2432,#2433,#2434,#2435,#2436,#2437,#2438,#2439,#2440,#2441,#2442
      ,#2443,#2444,#2445,#2446,#2447,#2448,#2449,#2450,#2451,#2452,#2453
      ,#2454)
    ,(#2455,#2456,#2457,#2458,#2459,#2460,#2461,#2462,#2463,#2464,#2465
      ,#2466,#2467,#2468,#2469,#2470,#2471,#2472,#2473,#2474,#2475,#2476
      ,#2477,#2478,#2479,#2480,#2481,#2482,#2483,#2484,#2485,#2486,#2487
      ,#2488,#2489,#2490,#2491,#2492,#2493,#2494,#2495,#2496,#2497,#2498
      ,#2499,#2500,#2501,#2502,#2503,#2504,#2505,#2506,#2507,#2508,#2509
      ,#2510)
    ,(#2511,#2512,#2513,#2514,#2515,#2516,#2517,#2518,#2519,#2520,#2521
      ,#2522,#2523,#2524,#2525,#2526,#2527,#2528,#2529,#2530,#2531,#2532
      ,#2533,#2534,#2535,#2536,#2537,#2538,#2539,#2540,#2541,#2542,#2543
      ,#2544,#2545,#2546,#2547,#2548,#2549,#2550,#2551,#2552,#2553,#2554
      ,#2555,#2556,#2557,#2558,#2559,#2560,#2561,#2562,#2563,#2564,#2565
      ,#2566)
    ,(#2567,#2568,#2569,#2570,#2571,#2572,#2573,#2574,#2575,#2576,#2577
      ,#2578,#2579,#2580,#2581,#2582,#2583,#2584,#2585,#2586,#2587,#2588
      ,#2589,#2590,#2591,#2592,#2593,#2594,#2595,#2596,#2597,#2598,#2599
      ,#2600,#2601,#2602,#2603,#2604,#2605,#2606,#2607,#2608,#2609,#2610
      ,#2611,#2612,#2613,#2614,#2615,#2616,#2617,#2618,#2619,#2620,#2621
      ,#2622)
    ,(#2623,#2624,#2625,#2626,#2627,#2628,#2629,#2630,#2631,#2632,#2633
      ,#2634,#2635,#2636,#2637,#2638,#2639,#2640,#2641,#2642,#2643,#2644
      ,#2645,#2646,#2647,#2648,#2649,#2650,#2651,#2652,#2653,#2654,#2655
      ,#2656,#2657,#2658,#2659,#2660,#2661,#2662,#2663,#2664,#2665,#2666
      ,#2667,#2668,#2669,#2670,#2671,#2672,#2673,#2674,#2675,#2676,#2677
      ,#2678)
    ,(#2679,#2680,#2681,#2682,#2683,#2684,#2685,#2686,#2687,#2688,#2689
      ,#2690,#2691,#2692,#2693,#2694,#2695,#2696,#2697,#2698,#2699,#2700
      ,#2701,#2702,#2703,#2704,#2705,#2706,#2707,#2708,#2709,#2710,#2711
      ,#2712,#2713,#2714,#2715,#2716,#2717,#2718,#2719,#2720,#2721,#2722
      ,#2723,#2724,#2725,#2726,#2727,#2728,#2729,#2730,#2731,#2732,#2733
      ,#2734)
    ,(#2735,#2736,#2737,#2738,#2739,#2740,#2741,#2742,#2743,#2744,#2745
      ,#2746,#2747,#2748,#2749,#2750,#2751,#2752,#2753,#2754,#2755,#2756
      ,#2757,#2758,#2759,#2760,#2761,#2762,#2763,#2764,#2765,#2766,#2767
      ,#2768,#2769,#2770,#2771,#2772,#2773,#2774,#2775,#2776,#2777,#2778
      ,#2779,#2780,#2781,#2782,#2783,#2784,#2785,#2786,#2787,#2788,#2789
      ,#2790)
    ,(#2791,#2792,#2793,#2794,#2795,#2796,#2797,#2798,#2799,#2800,#2801
      ,#2802,#2803,#2804,#2805,#2806,#2807,#2808,#2809,#2810,#2811,#2812
      ,#2813,#2814,#2815,#2816,#2817,#2818,#2819,#2820,#2821,#2822,#2823
      ,#2824,#2825,#2826,#2827,#2828,#2829,#2830,#2831,#2832,#2833,#2834
      ,#2835,#2836,#2837,#2838,#2839,#2840,#2841,#2842,#2843,#2844,#2845
      ,#2846)
    ,(#2847,#2848,#2849,#2850,#2851,#2852,#2853,#2854,#2855,#2856,#2857
      ,#2858,#2859,#2860,#2861,#2862,#2863,#2864,#2865,#2866,#2867,#2868
      ,#2869,#2870,#2871,#2872,#2873,#2874,#2875,#2876,#2877,#2878,#2879
      ,#2880,#2881,#2882,#2883,#2884,#2885,#2886,#2887,#2888,#2889,#2890
      ,#2891,#2892,#2893,#2894,#2895,#2896,#2897,#2898,#2899,#2900,#2901
      ,#2902)
    ,(#2903,#2904,#2905,#2906,#2907,#2908,#2909,#2910,#2911,#2912,#2913
      ,#2914,#2915,#2916,#2917,#2918,#2919,#2920,#2921,#2922,#2923,#2924
      ,#2925,#2926,#2927,#2928,#2929,#2930,#2931,#2932,#2933,#2934,#2935
      ,#2936,#2937,#2938,#2939,#2940,#2941,#2942,#2943,#2944,#2945,#2946
      ,#2947,#2948,#2949,#2950,#2951,#2952,#2953,#2954,#2955,#2956,#2957
      ,#2958)
    ,(#2959,#2960,#2961,#2962,#2963,#2964,#2965,#2966,#2967,#2968,#2969
      ,#2970,#2971,#2972,#2973,#2974,#2975,#2976,#2977,#2978,#2979,#2980
      ,#2981,#2982,#2983,#2984,#2985,#2986,#2987,#2988,#2989,#2990,#2991
      ,#2992,#2993,#2994,#2995,#2996,#2997,#2998,#2999,#3000,#3001,#3002
      ,#3003,#3004,#3005,#3006,#3007,#3008,#3009,#3010,#3011,#3012,#3013
      ,#3014)
    ,(#3015,#3016,#3017,#3018,#3019,#3020,#3021,#3022,#3023,#3024,#3025
      ,#3026,#3027,#3028,#3029,#3030,#3031,#3032,#3033,#3034,#3035,#3036
      ,#3037,#3038,#3039,#3040,#3041,#3042,#3043,#3044,#3045,#3046,#3047
      ,#3048,#3049,#3050,#3051,#3052,#3053,#3054,#3055,#3056,#3057,#3058
      ,#3059,#3060,#3061,#3062,#3063,#3064,#3065,#3066,#3067,#3068,#3069
      ,#3070)
    ,(#3071,#3072,#3073,#3074,#3075,#3076,#3077,#3078,#3079,#3080,#3081
      ,#3082,#3083,#3084,#3085,#3086,#3087,#3088,#3089,#3090,#3091,#3092
      ,#3093,#3094,#3095,#3096,#3097,#3098,#3099,#3100,#3101,#3102,#3103
      ,#3104,#3105,#3106,#3107,#3108,#3109,#3110,#3111,#3112,#3113,#3114
      ,#3115,#3116,#3117,#3118,#3119,#3120,#3121,#3122,#3123,#3124,#3125
      ,#3126)
    ,(#3127,#3128,#3129,#3130,#3131,#3132,#3133,#3134,#3135,#3136,#3137
      ,#3138,#3139,#3140,#3141,#3142,#3143,#3144,#3145,#3146,#3147,#3148
      ,#3149,#3150,#3151,#3152,#3153,#3154,#3155,#3156,#3157,#3158,#3159
      ,#3160,#3161,#3162,#3163,#3164,#3165,#3166,#3167,#3168,#3169,#3170
      ,#3171,#3172,#3173,#3174,#3175,#3176,#3177,#3178,#3179,#3180,#3181
      ,#3182)
    ,(#3183,#3184,#3185,#3186,#3187,#3188,#3189,#3190,#3191,#3192,#3193
      ,#3194,#3195,#3196,#3197,#3198,#3199,#3200,#3201,#3202,#3203,#3204
      ,#3205,#3206,#3207,#3208,#3209,#3210,#3211,#3212,#3213,#3214,#3215
      ,#3216,#3217,#3218,#3219,#3220,#3221,#3222,#3223,#3224,#3225,#3226
      ,#3227,#3228,#3229,#3230,#3231,#3232,#3233,#3234,#3235,#3236,#3237
      ,#3238)
    ,(#3239,#3240,#3241,#3242,#3243,#3244,#3245,#3246,#3247,#3248,#3249
      ,#3250,#3251,#3252,#3253,#3254,#3255,#3256,#3257,#3258,#3259,#3260
      ,#3261,#3262,#3263,#3264,#3265,#3266,#3267,#3268,#3269,#3270,#3271
      ,#3272,#3273,#3274,#3275,#3276,#3277,#3278,#3279,#3280,#3281,#3282
      ,#3283,#3284,#3285,#3286,#3287,#3288,#3289,#3290,#3291,#3292,#3293
      ,#3294)
    ,(#3295,#3296,#3297,#3298,#3299,#3300,#3301,#3302,#3303,#3304,#3305
      ,#3306,#3307,#3308,#3309,#3310,#3311,#3312,#3313,#3314,#3315,#3316
      ,#3317,#3318,#3319,#3320,#3321,#3322,#3323,#3324,#3325,#3326,#3327
      ,#3328,#3329,#3330,#3331,#3332,#3333,#3334,#3335,#3336,#3337,#3338
      ,#3339,#3340,#3341,#3342,#3343,#3344,#3345,#3346,#3347,#3348,#3349
      ,#3350)
    ,(#3351,#3352,#3353,#3354,#3355,#3356,#3357,#3358,#3359,#3360,#3361
      ,#3362,#3363,#3364,#3365,#3366,#3367,#3368,#3369,#3370,#3371,#3372
      ,#3373,#3374,#3375,#3376,#3377,#3378,#3379,#3380,#3381,#3382,#3383
      ,#3384,#3385,#3386,#3387,#3388,#3389,#3390,#3391,#3392,#3393,#3394
      ,#3395,#3396,#3397,#3398,#3399,#3400,#3401,#3402,#3403,#3404,#3405
      ,#3406)
    ,(#3407,#3408,#3409,#3410,#3411,#3412,#3413,#3414,#3415,#3416,#3417
      ,#3418,#3419,#3420,#3421,#3422,#3423,#3424,#3425,#3426,#3427,#3428
      ,#3429,#3430,#3431,#3432,#3433,#3434,#3435,#3436,#3437,#3438,#3439
      ,#3440,#3441,#3442,#3443,#3444,#3445,#3446,#3447,#3448,#3449,#3450
      ,#3451,#3452,#3453,#3454,#3455,#3456,#3457,#3458,#3459,#3460,#3461
      ,#3462)
    ,(#3463,#3464,#3465,#3466,#3467,#3468,#3469,#3470,#3471,#3472,#3473
      ,#3474,#3475,#3476,#3477,#3478,#3479,#3480,#3481,#3482,#3483,#3484
      ,#3485,#3486,#3487,#3488,#3489,#3490,#3491,#3492,#3493,#3494,#3495
      ,#3496,#3497,#3498,#3499,#3500,#3501,#3502,#3503,#3504,#3505,#3506
      ,#3507,#3508,#3509,#3510,#3511,#3512,#3513,#3514,#3515,#3516,#3517
      ,#3518)
    ,(#3519,#3520,#3521,#3522,#3523,#3524,#3525,#3526,#3527,#3528,#3529
      ,#3530,#3531,#3532,#3533,#3534,#3535,#3536,#3537,#3538,#3539,#3540
      ,#3541,#3542,#3543,#3544,#3545,#3546,#3547,#3548,#3549,#3550,#3551
      ,#3552,#3553,#3554,#3555,#3556,#3557,#3558,#3559,#3560,#3561,#3562
      ,#3563,#3564,#3565,#3566,#3567,#3568,#3569,#3570,#3571,#3572,#3573
      ,#3574)
    ,(#3575,#3576,#3577,#3578,#3579,#3580,#3581,#3582,#3583,#3584,#3585
      ,#3586,#3587,#3588,#3589,#3590,#3591,#3592,#3593,#3594,#3595,#3596
      ,#3597,#3598,#3599,#3600,#3601,#3602,#3603,#3604,#3605,#3606,#3607
      ,#3608,#3609,#3610,#3611,#3612,#3613,#3614,#3615,#3616,#3617,#3618
      ,#3619,#3620,#3621,#3622,#3623,#3624,#3625,#3626,#3627,#3628,#3629
      ,#3630)
    ,(#3631,#3632,#3633,#3634,#3635,#3636,#3637,#3638,#3639,#3640,#3641
      ,#3642,#3643,#3644,#3645,#3646,#3647,#3648,#3649,#3650,#3651,#3652
      ,#3653,#3654,#3655,#3656,#3657,#3658,#3659,#3660,#3661,#3662,#3663
      ,#3664,#3665,#3666,#3667,#3668,#3669,#3670,#3671,#3672,#3673,#3674
      ,#3675,#3676,#3677,#3678,#3679,#3680,#3681,#3682,#3683,#3684,#3685
      ,#3686)
    ,(#3687,#3688,#3689,#3690,#3691,#3692,#3693,#3694,#3695,#3696,#3697
      ,#3698,#3699,#3700,#3701,#3702,#3703,#3704,#3705,#3706,#3707,#3708
      ,#3709,#3710,#3711,#3712,#3713,#3714,#3715,#3716,#3717,#3718,#3719
      ,#3720,#3721,#3722,#3723,#3724,#3725,#3726,#3727,#3728,#3729,#3730
      ,#3731,#3732,#3733,#3734,#3735,#3736,#3737,#3738,#3739,#3740,#3741
      ,#3742)
    ,(#3743,#3744,#3745,#3746,#3747,#3748,#3749,#3750,#3751,#3752,#3753
      ,#3754,#3755,#3756,#3757,#3758,#3759,#3760,#3761,#3762,#3763,#3764
      ,#3765,#3766,#3767,#3768,#3769,#3770,#3771,#3772,#3773,#3774,#3775
      ,#3776,#3777,#3778,#3779,#3780,#3781,#3782,#3783,#3784,#3785,#3786
      ,#3787,#3788,#3789,#3790,#3791,#3792,#3793,#3794,#3795,#3796,#3797
      ,#3798)
    ,(#3799,#3800,#3801,#3802,#3803,#3804,#3805,#3806,#3807,#3808,#3809
      ,#3810,#3811,#3812,#3813,#3814,#3815,#3816,#3817,#3818,#3819,#3820
      ,#3821,#3822,#3823,#3824,#3825,#3826,#3827,#3828,#3829,#3830,#3831
      ,#3832,#3833,#3834,#3835,#3836,#3837,#3838,#3839,#3840,#3841,#3842
      ,#3843,#3844,#3845,#3846,#3847,#3848,#3849,#3850,#3851,#3852,#3853
      ,#3854)
    ,(#3855,#3856,#3857,#3858,#3859,#3860,#3861,#3862,#3863,#3864,#3865
      ,#3866,#3867,#3868,#3869,#3870,#3871,#3872,#3873,#3874,#3875,#3876
      ,#3877,#3878,#3879,#3880,#3881,#3882,#3883,#3884,#3885,#3886,#3887
      ,#3888,#3889,#3890,#3891,#3892,#3893,#3894,#3895,#3896,#3897,#3898
      ,#3899,#3900,#3901,#3902,#3903,#3904,#3905,#3906,#3907,#3908,#3909
      ,#3910)
    ,(#3911,#3912,#3913,#3914,#3915,#3916,#3917,#3918,#3919,#3920,#3921
      ,#3922,#3923,#3924,#3925,#3926,#3927,#3928,#3929,#3930,#3931,#3932
      ,#3933,#3934,#3935,#3936,#3937,#3938,#3939,#3940,#3941,#3942,#3943
      ,#3944,#3945,#3946,#3947,#3948,#3949,#3950,#3951,#3952,#3953,#3954
      ,#3955,#3956,#3957,#3958,#3959,#3960,#3961,#3962,#3963,#3964,#3965
      ,#3966)
    ,(#3967,#3968,#3969,#3970,#3971,#3972,#3973,#3974,#3975,#3976,#3977
      ,#3978,#3979,#3980,#3981,#3982,#3983,#3984,#3985,#3986,#3987,#3988
      ,#3989,#3990,#3991,#3992,#3993,#3994,#3995,#3996,#3997,#3998,#3999
      ,#4000,#4001,#4002,#4003,#4004,#4005,#4006,#4007,#4008,#4009,#4010
      ,#4011,#4012,#4013,#4014,#4015,#4016,#4017,#4018,#4019,#4020,#4021
      ,#4022)
    ,(#4023,#4024,#4025,#4026,#4027,#4028,#4029,#4030,#4031,#4032,#4033
      ,#4034,#4035,#4036,#4037,#4038,#4039,#4040,#4041,#4042,#4043,#4044
      ,#4045,#4046,#4047,#4048,#4049,#4050,#4051,#4052,#4053,#4054,#4055
      ,#4056,#4057,#4058,#4059,#4060,#4061,#4062,#4063,#4064,#4065,#4066
      ,#4067,#4068,#4069,#4070,#4071,#4072,#4073,#4074,#4075,#4076,#4077
      ,#4078)
    ,(#4079,#4080,#4081,#4082,#4083,#4084,#4085,#4086,#4087,#4088,#4089
      ,#4090,#4091,#4092,#4093,#4094,#4095,#4096,#4097,#4098,#4099,#4100
      ,#4101,#4102,#4103,#4104,#4105,#4106,#4107,#4108,#4109,#4110,#4111
      ,#4112,#4113,#4114,#4115,#4116,#4117,#4118,#4119,#4120,#4121,#4122
      ,#4123,#4124,#4125,#4126,#4127,#4128,#4129,#4130,#4131,#4132,#4133
      ,#4134)
    ,(#4135,#4136,#4137,#4138,#4139,#4140,#4141,#4142,#4143,#4144,#4145
      ,#4146,#4147,#4148,#4149,#4150,#4151,#4152,#4153,#4154,#4155,#4156
      ,#4157,#4158,#4159,#4160,#4161,#4162,#4163,#4164,#4165,#4166,#4167
      ,#4168,#4169,#4170,#4171,#4172,#4173,#4174,#4175,#4176,#4177,#4178
      ,#4179,#4180,#4181,#4182,#4183,#4184,#4185,#4186,#4187,#4188,#4189
      ,#4190)
    ,(#4191,#4192,#4193,#4194,#4195,#4196,#4197,#4198,#4199,#4200,#4201
      ,#4202,#4203,#4204,#4205,#4206,#4207,#4208,#4209,#4210,#4211,#4212
      ,#4213,#4214,#4215,#4216,#4217,#4218,#4219,#4220,#4221,#4222,#4223
      ,#4224,#4225,#4226,#4227,#4228,#4229,#4230,#4231,#4232,#4233,#4234
      ,#4235,#4236,#4237,#4238,#4239,#4240,#4241,#4242,#4243,#4244,#4245
      ,#4246)
    ,(#4247,#4248,#4249,#4250,#4251,#4252,#4253,#4254,#4255,#4256,#4257
      ,#4258,#4259,#4260,#4261,#4262,#4263,#4264,#4265,#4266,#4267,#4268
      ,#4269,#4270,#4271,#4272,#4273,#4274,#4275,#4276,#4277,#4278,#4279
      ,#4280,#4281,#4282,#4283,#4284,#4285,#4286,#4287,#4288,#4289,#4290
      ,#4291,#4292,#4293,#4294,#4295,#4296,#4297,#4298,#4299,#4300,#4301
      ,#4302)
    ,(#4303,#4304,#4305,#4306,#4307,#4308,#4309,#4310,#4311,#4312,#4313
      ,#4314,#4315,#4316,#4317,#4318,#4319,#4320,#4321,#4322,#4323,#4324
      ,#4325,#4326,#4327,#4328,#4329,#4330,#4331,#4332,#4333,#4334,#4335
      ,#4336,#4337,#4338,#4339,#4340,#4341,#4342,#4343,#4344,#4345,#4346
      ,#4347,#4348,#4349,#4350,#4351,#4352,#4353,#4354,#4355,#4356,#4357
      ,#4358)
    ,(#4359,#4360,#4361,#4362,#4363,#4364,#4365,#4366,#4367,#4368,#4369
      ,#4370,#4371,#4372,#4373,#4374,#4375,#4376,#4377,#4378,#4379,#4380
      ,#4381,#4382,#4383,#4384,#4385,#4386,#4387,#4388,#4389,#4390,#4391
      ,#4392,#4393,#4394,#4395,#4396,#4397,#4398,#4399,#4400,#4401,#4402
      ,#4403,#4404,#4405,#4406,#4407,#4408,#4409,#4410,#4411,#4412,#4413
      ,#4414)
    ,(#4415,#4416,#4417,#4418,#4419,#4420,#4421,#4422,#4423,#4424,#4425
      ,#4426,#4427,#4428,#4429,#4430,#4431,#4432,#4433,#4434,#4435,#4436
      ,#4437,#4438,#4439,#4440,#4441,#4442,#4443,#4444,#4445,#4446,#4447
      ,#4448,#4449,#4450,#4451,#4452,#4453,#4454,#4455,#4456,#4457,#4458
      ,#4459,#4460,#4461,#4462,#4463,#4464,#4465,#4466,#4467,#4468,#4469
      ,#4470)
    ,(#4471,#4472,#4473,#4474,#4475,#4476,#4477,#4478,#4479,#4480,#4481
      ,#4482,#4483,#4484,#4485,#4486,#4487,#4488,#4489,#4490,#4491,#4492
      ,#4493,#4494,#4495,#4496,#4497,#4498,#4499,#4500,#4501,#4502,#4503
      ,#4504,#4505,#4506,#4507,#4508,#4509,#4510,#4511,#4512,#4513,#4514
      ,#4515,#4516,#4517,#4518,#4519,#4520,#4521,#4522,#4523,#4524,#4525
      ,#4526)
    ,(#4527,#4528,#4529,#4530,#4531,#4532,#4533,#4534,#4535,#4536,#4537
      ,#4538,#4539,#4540,#4541,#4542,#4543,#4544,#4545,#4546,#4547,#4548
      ,#4549,#4550,#4551,#4552,#4553,#4554,#4555,#4556,#4557,#4558,#4559
      ,#4560,#4561,#4562,#4563,#4564,#4565,#4566,#4567,#4568,#4569,#4570
      ,#4571,#4572,#4573,#4574,#4575,#4576,#4577,#4578,#4579,#4580,#4581
      ,#4582)
    ,(#4583,#4584,#4585,#4586,#4587,#4588,#4589,#4590,#4591,#4592,#4593
      ,#4594,#4595,#4596,#4597,#4598,#4599,#4600,#4601,#4602,#4603,#4604
      ,#4605,#4606,#4607,#4608,#4609,#4610,#4611,#4612,#4613,#4614,#4615
      ,#4616,#4617,#4618,#4619,#4620,#4621,#4622,#4623,#4624,#4625,#4626
      ,#4627,#4628,#4629,#4630,#4631,#4632,#4633,#4634,#4635,#4636,#4637
      ,#4638)
    ,(#4639,#4640,#4641,#4642,#4643,#4644,#4645,#4646,#4647,#4648,#4649
      ,#4650,#4651,#4652,#4653,#4654,#4655,#4656,#4657,#4658,#4659,#4660
      ,#4661,#4662,#4663,#4664,#4665,#4666,#4667,#4668,#4669,#4670,#4671
      ,#4672,#4673,#4674,#4675,#4676,#4677,#4678,#4679,#4680,#4681,#4682
      ,#4683,#4684,#4685,#4686,#4687,#4688,#4689,#4690,#4691,#4692,#4693
      ,#4694)
    ,(#4695,#4696,#4697,#4698,#4699,#4700,#4701,#4702,#4703,#4704,#4705
      ,#4706,#4707,#4708,#4709,#4710,#4711,#4712,#4713,#4714,#4715,#4716
      ,#4717,#4718,#4719,#4720,#4721,#4722,#4723,#4724,#4725,#4726,#4727
      ,#4728,#4729,#4730,#4731,#4732,#4733,#4734,#4735,#4736,#4737,#4738
      ,#4739,#4740,#4741,#4742,#4743,#4744,#4745,#4746,#4747,#4748,#4749
      ,#4750)
    ,(#4751,#4752,#4753,#4754,#4755,#4756,#4757,#4758,#4759,#4760,#4761
      ,#4762,#4763,#4764,#4765,#4766,#4767,#4768,#4769,#4770,#4771,#4772
      ,#4773,#4774,#4775,#4776,#4777,#4778,#4779,#4780,#4781,#4782,#4783
      ,#4784,#4785,#4786,#4787,#4788,#4789,#4790,#4791,#4792,#4793,#4794
      ,#4795,#4796,#4797,#4798,#4799,#4800,#4801,#4802,#4803,#4804,#4805
      ,#4806)
    ,(#4807,#4808,#4809,#4810,#4811,#4812,#4813,#4814,#4815,#4816,#4817
      ,#4818,#4819,#4820,#4821,#4822,#4823,#4824,#4825,#4826,#4827,#4828
      ,#4829,#4830,#4831,#4832,#4833,#4834,#4835,#4836,#4837,#4838,#4839
      ,#4840,#4841,#4842,#4843,#4844,#4845,#4846,#4847,#4848,#4849,#4850
      ,#4851,#4852,#4853,#4854,#4855,#4856,#4857,#4858,#4859,#4860,#4861
      ,#4862)
    ,(#4863,#4864,#4865,#4866,#4867,#4868,#4869,#4870,#4871,#4872,#4873
      ,#4874,#4875,#4876,#4877,#4878,#4879,#4880,#4881,#4882,#4883,#4884
      ,#4885,#4886,#4887,#4888,#4889,#4890,#4891,#4892,#4893,#4894,#4895
      ,#4896,#4897,#4898,#4899,#4900,#4901,#4902,#4903,#4904,#4905,#4906
      ,#4907,#4908,#4909,#4910,#4911,#4912,#4913,#4914,#4915,#4916,#4917
      ,#4918)
    ,(#4919,#4920,#4921,#4922,#4923,#4924,#4925,#4926,#4927,#4928,#4929
      ,#4930,#4931,#4932,#4933,#4934,#4935,#4936,#4937,#4938,#4939,#4940
      ,#4941,#4942,#4943,#4944,#4945,#4946,#4947,#4948,#4949,#4950,#4951
      ,#4952,#4953,#4954,#4955,#4956,#4957,#4958,#4959,#4960,#4961,#4962
      ,#4963,#4964,#4965,#4966,#4967,#4968,#4969,#4970,#4971,#4972,#4973
      ,#4974)
    ,(#4975,#4976,#4977,#4978,#4979,#4980,#4981,#4982,#4983,#4984,#4985
      ,#4986,#4987,#4988,#4989,#4990,#4991,#4992,#4993,#4994,#4995,#4996
      ,#4997,#4998,#4999,#5000,#5001,#5002,#5003,#5004,#5005,#5006,#5007
      ,#5008,#5009,#5010,#5011,#5012,#5013,#5014,#5015,#5016,#5017,#5018
      ,#5019,#5020,#5021,#5022,#5023,#5024,#5025,#5026,#5027,#5028,#5029
      ,#5030)
    ,(#5031,#5032,#5033,#5034,#5035,#5036,#5037,#5038,#5039,#5040,#5041
      ,#5042,#5043,#5044,#5045,#5046,#5047,#5048,#5049,#5050,#5051,#5052
      ,#5053,#5054,#5055,#5056,#5057,#5058,#5059,#5060,#5061,#5062,#5063
      ,#5064,#5065,#5066,#5067,#5068,#5069,#5070,#5071,#5072,#5073,#5074
      ,#5075,#5076,#5077,#5078,#5079,#5080,#5081,#5082,#5083,#5084,#5085
      ,#5086)
    ,(#5087,#5088,#5089,#5090,#5091,#5092,#5093,#5094,#5095,#5096,#5097
      ,#5098,#5099,#5100,#5101,#5102,#5103,#5104,#5105,#5106,#5107,#5108
      ,#5109,#5110,#5111,#5112,#5113,#5114,#5115,#5116,#5117,#5118,#5119
      ,#5120,#5121,#5122,#5123,#5124,#5125,#5126,#5127,#5128,#5129,#5130
      ,#5131,#5132,#5133,#5134,#5135,#5136,#5137,#5138,#5139,#5140,#5141
      ,#5142)
    ,(#5143,#5144,#5145,#5146,#5147,#5148,#5149,#5150,#5151,#5152,#5153
      ,#5154,#5155,#5156,#5157,#5158,#5159,#5160,#5161,#5162,#5163,#5164
      ,#5165,#5166,#5167,#5168,#5169,#5170,#5171,#5172,#5173,#5174,#5175
      ,#5176,#5177,#5178,#5179,#5180,#5181,#5182,#5183,#5184,#5185,#5186
      ,#5187,#5188,#5189,#5190,#5191,#5192,#5193,#5194,#5195,#5196,#5197
      ,#5198)
    ,(#5199,#5200,#5201,#5202,#5203,#5204,#5205,#5206,#5207,#5208,#5209
      ,#5210,#5211,#5212,#5213,#5214,#5215,#5216,#5217,#5218,#5219,#5220
      ,#5221,#5222,#5223,#5224,#5225,#5226,#5227,#5228,#5229,#5230,#5231
      ,#5232,#5233,#5234,#5235,#5236,#5237,#5238,#5239,#5240,#5241,#5242
      ,#5243,#5244,#5245,#5246,#5247,#5248,#5249,#5250,#5251,#5252,#5253
      ,#5254)
    ,(#5255,#5256,#5257,#5258,#5259,#5260,#5261,#5262,#5263,#5264,#5265
      ,#5266,#5267,#5268,#5269,#5270,#5271,#5272,#5273,#5274,#5275,#5276
      ,#5277,#5278,#5279,#5280,#5281,#5282,#5283,#5284,#5285,#5286,#5287
      ,#5288,#5289,#5290,#5291,#5292,#5293,#5294,#5295,#5296,#5297,#5298
      ,#5299,#5300,#5301,#5302,#5303,#5304,#5305,#5306,#5307,#5308,#5309
      ,#5310)
    ,(#5311,#5312,#5313,#5314,#5315,#5316,#5317,#5318,#5319,#5320,#5321
      ,#5322,#5323,#5324,#5325,#5326,#5327,#5328,#5329,#5330,#5331,#5332
      ,#5333,#5334,#5335,#5336,#5337,#5338,#5339,#5340,#5341,#5342,#5343
      ,#5344,#5345,#5346,#5347,#5348,#5349,#5350,#5351,#5352,#5353,#5354
      ,#5355,#5356,#5357,#5358,#5359,#5360,#5361,#5362,#5363,#5364,#5365
      ,#5366)
    ,(#5367,#5368,#5369,#5370,#5371,#5372,#5373,#5374,#5375,#5376,#5377
      ,#5378,#5379,#5380,#5381,#5382,#5383,#5384,#5385,#5386,#5387,#5388
      ,#5389,#5390,#5391,#5392,#5393,#5394,#5395,#5396,#5397,#5398,#5399
      ,#5400,#5401,#5402,#5403,#5404,#5405,#5406,#5407,#5408,#5409,#5410
      ,#5411,#5412,#5413,#5414,#5415,#5416,#5417,#5418,#5419,#5420,#5421
      ,#5422)
    ,(#5423,#5424,#5425,#5426,#5427,#5428,#5429,#5430,#5431,#5432,#5433
      ,#5434,#5435,#5436,#5437,#5438,#5439,#5440,#5441,#5442,#5443,#5444
      ,#5445,#5446,#5447,#5448,#5449,#5450,#5451,#5452,#5453,#5454,#5455
      ,#5456,#5457,#5458,#5459,#5460,#5461,#5462,#5463,#5464,#5465,#5466
      ,#5467,#5468,#5469,#5470,#5471,#5472,#5473,#5474,#5475,#5476,#5477
      ,#5478)
    ,(#5479,#5480,#5481,#5482,#5483,#5484,#5485,#5486,#5487,#5488,#5489
      ,#5490,#5491,#5492,#5493,#5494,#5495,#5496,#5497,#5498,#5499,#5500
      ,#5501,#5502,#5503,#5504,#5505,#5506,#5507,#5508,#5509,#5510,#5511
      ,#5512,#5513,#5514,#5515,#5516,#5517,#5518,#5519,#5520,#5521,#5522
      ,#5523,#5524,#5525,#5526,#5527,#5528,#5529,#5530,#5531,#5532,#5533
      ,#5534
    )),.UNSPECIFIED.,.F.,.F.,.F.,(11,9,9,9,9,9,11),(11,9,9,9,9,9,11),(
    -1.962443210436,-1.346233799762,-0.730024389087,-0.113814978412,
    0.502394432262,1.118603842937,1.734813253611),(-1.495737263272,
    -1.058336162686,-0.620935062099,-0.183533961513,0.253867139074,
    0.69126823966,1.128669340246),.UNSPECIFIED.);
#2399 = CARTESIAN_POINT('',(13.293982726889,-303.2520601584,
    250.7382659144));
#2400 = CARTESIAN_POINT('',(13.24474232322,-303.2018589919,
    250.73186521119));
#2401 = CARTESIAN_POINT('',(13.19937509516,-303.1569068414,
    250.73150753959));
#2402 = CARTESIAN_POINT('',(13.158049908255,-303.1174325573,
    250.73745636878));
#2403 = CARTESIAN_POINT('',(13.120913558492,-303.0836350816,
    250.74994073422));
#2404 = CARTESIAN_POINT('',(13.08807397024,-303.0556606754,
    250.76912902239));
#2405 = CARTESIAN_POINT('',(13.059585907956,-303.0335835579,
    250.79510667894));
#2406 = CARTESIAN_POINT('',(13.03543920119,-303.0173899456,
    250.82785783603));
#2407 = CARTESIAN_POINT('',(13.015549483458,-303.006965504,
    250.86725086389));
#2408 = CARTESIAN_POINT('',(12.999751444427,-303.0020862011,
    250.91302784176));
#2409 = CARTESIAN_POINT('',(12.975837747271,-303.0027389392,
    251.01656806219));
#2410 = CARTESIAN_POINT('',(12.967722033296,-303.0082709045,
    251.07433121767));
#2411 = CARTESIAN_POINT('',(12.96320177649,-303.018675519,
    251.13770410694));
#2412 = CARTESIAN_POINT('',(12.961946461962,-303.0335048628,
    251.20617105335));
#2413 = CARTESIAN_POINT('',(12.963546999026,-303.0522045264,
    251.27909378347));
#2414 = CARTESIAN_POINT('',(12.967527148129,-303.0741291016,
    251.35572925767));
#2415 = CARTESIAN_POINT('',(12.973360112525,-303.0985646608,
    251.43525555443));
#2416 = CARTESIAN_POINT('',(12.980490295371,-303.1247582487,
    251.51680581872));
#2417 = CARTESIAN_POINT('',(12.988360221544,-303.1519543625,
    251.59951026422));
#2418 = CARTESIAN_POINT('',(13.004525027979,-303.2069225178,
    251.76558221091));
#2419 = CARTESIAN_POINT('',(13.012818974125,-303.2346932932,
    251.84894825458));
#2420 = CARTESIAN_POINT('',(13.020793900522,-303.2620317369,
    251.93181657194));
#2421 = CARTESIAN_POINT('',(13.027942090549,-303.2882497798,
    252.01339501074));
#2422 = CARTESIAN_POINT('',(13.033803271168,-303.3127236511,
    252.09296544261));
#2423 = CARTESIAN_POINT('',(13.037982194495,-303.334917701,
    252.16991119095));
#2424 = CARTESIAN_POINT('',(13.040159204467,-303.3543987261,
    252.24373352152));
#2425 = CARTESIAN_POINT('',(13.040093787289,-303.3708407757,
    252.31405717762));
#2426 = CARTESIAN_POINT('',(13.037621106995,-303.3840204609,
    252.38062497824));
#2427 = CARTESIAN_POINT('',(13.027661943065,-303.403585037,
    252.50593795038));
#2428 = CARTESIAN_POINT('',(13.020176751856,-303.4099716793,
    252.56468513837));
#2429 = CARTESIAN_POINT('',(13.010083810852,-303.4128242528,
    252.6193636658));
#2430 = CARTESIAN_POINT('',(12.997354529877,-303.4121040107,
    252.66992892462));
#2431 = CARTESIAN_POINT('',(12.982019249956,-303.4078520722,
    252.7164282538));
#2432 = CARTESIAN_POINT('',(12.96415562324,-303.4001736717,
    252.75898280659));
#2433 = CARTESIAN_POINT('',(12.943879992741,-303.3892264802,
    252.79777410435));
#2434 = CARTESIAN_POINT('',(12.921341771042,-303.3752129837,
    252.83303526287));
#2435 = CARTESIAN_POINT('',(12.896720818772,-303.3583769332,
    252.86504690462));
#2436 = CARTESIAN_POINT('',(12.843734825713,-303.3196307752,
    252.92322858842));
#2437 = CARTESIAN_POINT('',(12.815378565267,-303.2977325669,
    252.94941233036));
#2438 = CARTESIAN_POINT('',(12.785285384464,-303.2734804547,
    252.97288609225));
#2439 = CARTESIAN_POINT('',(12.754281257664,-303.247993806,
    252.99493858629));
#2440 = CARTESIAN_POINT('',(12.720699147578,-303.219013439,
    253.0129688491));
#2441 = CARTESIAN_POINT('',(12.689732373096,-303.1935774094,
    253.03507962398));
#2442 = CARTESIAN_POINT('',(12.657008019881,-303.165759485,
    253.05444817422));
#2443 = CARTESIAN_POINT('',(12.624960383027,-303.1388586558,
    253.07487256071));
#2444 = CARTESIAN_POINT('',(12.592631338859,-303.1115764584,
    253.0948578857));
#2445 = CARTESIAN_POINT('',(12.527751514474,-303.0567115616,
    253.13448257795));
#2446 = CARTESIAN_POINT('',(12.49517624649,-303.0290956757,
    253.15408373829));
#2447 = CARTESIAN_POINT('',(12.462424612899,-303.0012407757,
    253.17340972862));
#2448 = CARTESIAN_POINT('',(12.429448383836,-302.9730814994,
    253.19238529963));
#2449 = CARTESIAN_POINT('',(12.396215821362,-302.944574834,
    253.21096093285));
#2450 = CARTESIAN_POINT('',(12.362725805597,-302.915719262,
    253.22913488084));
#2451 = CARTESIAN_POINT('',(12.329012374706,-302.8865609123,
    253.24696025038));
#2452 = CARTESIAN_POINT('',(12.29513967916,-302.8571867236,
    253.26453713034));
#2453 = CARTESIAN_POINT('',(12.261187349815,-302.8277046133,
    253.28198976265));
#2454 = CARTESIAN_POINT('',(12.227226280199,-302.7982106569,
    253.29942875746));
#2455 = CARTESIAN_POINT('',(13.355871708482,-303.2347960965,
    250.77828641339));
#2456 = CARTESIAN_POINT('',(13.305943578897,-303.183662915,
    250.77081271243));
#2457 = CARTESIAN_POINT('',(13.259905275906,-303.1378013164,
    250.76940802461));
#2458 = CARTESIAN_POINT('',(13.21794390682,-303.0974648687,
    250.77436427135));
#2459 = CARTESIAN_POINT('',(13.180225532455,-303.0628786311,
    250.78594056663));
#2460 = CARTESIAN_POINT('',(13.146877679861,-303.0342154148,
    250.80433584546));
#2461 = CARTESIAN_POINT('',(13.117973578172,-303.0115744841,
    250.8296644098));
#2462 = CARTESIAN_POINT('',(13.09351849117,-302.9949629504,
    250.86193442453));
#2463 = CARTESIAN_POINT('',(13.073438570482,-302.9842807504,
    250.90103070843));
#2464 = CARTESIAN_POINT('',(13.057572596825,-302.9793093868,
    250.94670170119));
#2465 = CARTESIAN_POINT('',(13.033761461487,-302.980101132,
    251.05040196149));
#2466 = CARTESIAN_POINT('',(13.025816277698,-302.9858642106,
    251.10843119282));
#2467 = CARTESIAN_POINT('',(13.0215826666,-302.9966572984,251.1722513221
    ));
#2468 = CARTESIAN_POINT('',(13.020720253123,-303.0120191198,
    251.24133129604));
#2469 = CARTESIAN_POINT('',(13.022802172459,-303.0313711654,
    251.31500509571));
#2470 = CARTESIAN_POINT('',(13.027327200699,-303.0540341833,
    251.39249071886));
#2471 = CARTESIAN_POINT('',(13.033738420772,-303.0792534102,
    251.47291923053));
#2472 = CARTESIAN_POINT('',(13.041447868186,-303.1062320383,
    251.55537328971));
#2473 = CARTESIAN_POINT('',(13.04986664024,-303.1341719656,
    251.63893406726));
#2474 = CARTESIAN_POINT('',(13.067013191178,-303.1904706151,
    251.8065377759));
#2475 = CARTESIAN_POINT('',(13.075739992839,-303.2188280123,
    251.89057918112));
#2476 = CARTESIAN_POINT('',(13.08406221414,-303.2466371232,
    251.9739893667));
#2477 = CARTESIAN_POINT('',(13.091447940033,-303.2731770874,
    252.05593842398));
#2478 = CARTESIAN_POINT('',(13.097419160528,-303.2978000918,
    252.13568055361));
#2479 = CARTESIAN_POINT('',(13.101570846607,-303.3199572372,
    252.21258381398));
#2480 = CARTESIAN_POINT('',(13.10358169687,-303.339213084,
    252.28614690897));
#2481 = CARTESIAN_POINT('',(13.103216869464,-303.3552493733,
    252.35600342658));
#2482 = CARTESIAN_POINT('',(13.100323004829,-303.3678582664,
    252.42191409459));
#2483 = CARTESIAN_POINT('',(13.089308706038,-303.3859929127,
    252.54558083757));
#2484 = CARTESIAN_POINT('',(13.081189529984,-303.3915203716,
    252.60333887544));
#2485 = CARTESIAN_POINT('',(13.070371944004,-303.3933908944,
    252.65688680364));
#2486 = CARTESIAN_POINT('',(13.056846245605,-303.3915913392,
    252.70620947869));
#2487 = CARTESIAN_POINT('',(13.040665548226,-303.3861936736,
    252.75138977769));
#2488 = CARTESIAN_POINT('',(13.021930531274,-303.3773343557,
    252.79258477083));
#2489 = CARTESIAN_POINT('',(13.000779430918,-303.3652007101,
    252.83001014844));
#2490 = CARTESIAN_POINT('',(12.977383977472,-303.350025481,
    252.86393383843));
#2491 = CARTESIAN_POINT('',(12.951946061707,-303.3320822675,
    252.89467084046));
#2492 = CARTESIAN_POINT('',(12.897421916975,-303.2912515808,
    252.95045267355));
#2493 = CARTESIAN_POINT('',(12.868349321949,-303.2683825851,
    252.97551877845));
#2494 = CARTESIAN_POINT('',(12.837517045766,-303.2431288349,
    252.99783938988));
#2495 = CARTESIAN_POINT('',(12.806299142811,-303.2173524798,
    253.01955834848));
#2496 = CARTESIAN_POINT('',(12.77092346072,-303.185941425,
    253.03479024656));
#2497 = CARTESIAN_POINT('',(12.741040929557,-303.1619747892,
    253.05859267995));
#2498 = CARTESIAN_POINT('',(12.707527595823,-303.1330876202,
    253.07673024867));
#2499 = CARTESIAN_POINT('',(12.675647311176,-303.1064135929,
    253.09741574282));
#2500 = CARTESIAN_POINT('',(12.643282780892,-303.0790833044,
    253.11734570291));
#2501 = CARTESIAN_POINT('',(12.578452861356,-303.0242860413,
    253.15704826048));
#2502 = CARTESIAN_POINT('',(12.545931109372,-302.9967426831,
    253.17673291939));
#2503 = CARTESIAN_POINT('',(12.513247389555,-302.9689798195,
    253.19616487068));
#2504 = CARTESIAN_POINT('',(12.480347160771,-302.9409235461,
    253.21525902207));
#2505 = CARTESIAN_POINT('',(12.447190248036,-302.9125193969,
    253.23395268549));
#2506 = CARTESIAN_POINT('',(12.413771778204,-302.8837607933,
    253.25223826314));
#2507 = CARTESIAN_POINT('',(12.380131768239,-302.8547019405,
    253.27017818721));
#2508 = CARTESIAN_POINT('',(12.346346085105,-302.825445677,253.287890827
    ));
#2509 = CARTESIAN_POINT('',(12.312502821524,-302.7961113744,
    253.30551362775));
#2510 = CARTESIAN_POINT('',(12.278679405859,-302.7668039706,
    253.32316739472));
#2511 = CARTESIAN_POINT('',(13.419100320579,-303.2193475317,
    250.82039703846));
#2512 = CARTESIAN_POINT('',(13.368456482388,-303.1672444136,
    250.81180668278));
#2513 = CARTESIAN_POINT('',(13.32171168685,-303.1204253636,
    250.80929970911));
#2514 = CARTESIAN_POINT('',(13.279072167742,-303.0791698892,
    250.81319792384));
#2515 = CARTESIAN_POINT('',(13.240725036762,-303.0437315347,
    250.82379318117));
#2516 = CARTESIAN_POINT('',(13.206819509069,-303.0143125779,
    250.84131843409));
#2517 = CARTESIAN_POINT('',(13.177449427811,-302.9910401208,
    250.86591991205));
#2518 = CARTESIAN_POINT('',(13.152637724668,-302.97394532,
    250.89763358459));
#2519 = CARTESIAN_POINT('',(13.132323259561,-302.9629452571,
    250.93636390963));
#2520 = CARTESIAN_POINT('',(13.116350700999,-302.9578294568,
    250.98186862553));
#2521 = CARTESIAN_POINT('',(13.092577109544,-302.9586720958,
    251.08562748172));
#2522 = CARTESIAN_POINT('',(13.08477633316,-302.9646308821,
    251.1438820298));
#2523 = CARTESIAN_POINT('',(13.080809766581,-302.9757858908,
    251.20811882683));
#2524 = CARTESIAN_POINT('',(13.080327916096,-302.9916634481,
    251.27779255746));
#2525 = CARTESIAN_POINT('',(13.082884812232,-303.0116592233,
    251.35220746298));
#2526 = CARTESIAN_POINT('',(13.087951671101,-303.0350565235,
    251.43053844827));
#2527 = CARTESIAN_POINT('',(13.094938666242,-303.0610560792,
    251.51186532698));
#2528 = CARTESIAN_POINT('',(13.103222534015,-303.0888131695,
    251.5952156114));
#2529 = CARTESIAN_POINT('',(13.11217948494,-303.1174824591,
    251.67961608268));
#2530 = CARTESIAN_POINT('',(13.13027045146,-303.1750610136,
    251.84869331098));
#2531 = CARTESIAN_POINT('',(13.139403520823,-303.2039689986,
    251.93336859553));
#2532 = CARTESIAN_POINT('',(13.148036213702,-303.2321988783,
    252.01726319526));
#2533 = CARTESIAN_POINT('',(13.155610620088,-303.2589945444,
    252.09950664956));
#2534 = CARTESIAN_POINT('',(13.161630320798,-303.2836832674,
    252.17932442378));
#2535 = CARTESIAN_POINT('',(13.165681081303,-303.3057036321,
    252.25607023424));
#2536 = CARTESIAN_POINT('',(13.167441591699,-303.3246202273,
    252.32924274616));
#2537 = CARTESIAN_POINT('',(13.166685009547,-303.3401256042,
    252.39848805199));
#2538 = CARTESIAN_POINT('',(13.163272108115,-303.3520310945,
    252.46358891395));
#2539 = CARTESIAN_POINT('',(13.15100145523,-303.3684631153,
    252.58529548084));
#2540 = CARTESIAN_POINT('',(13.142144369246,-303.3729905466,
    252.64190222371));
#2541 = CARTESIAN_POINT('',(13.13049987393,-303.3737404375,
    252.69415999093));
#2542 = CARTESIAN_POINT('',(13.116076023551,-303.3707236761,
    252.7420813658));
#2543 = CARTESIAN_POINT('',(13.098954005675,-303.3640503422,
    252.78579299044));
#2544 = CARTESIAN_POINT('',(13.07926103072,-303.3538927587,
    252.8254933708));
#2545 = CARTESIAN_POINT('',(13.057155848428,-303.3404661422,
    252.86143016367));
#2546 = CARTESIAN_POINT('',(13.032834593504,-303.3240362453,
    252.89390941039));
#2547 = CARTESIAN_POINT('',(13.006533227905,-303.3049228706,
    252.92329923946));
#2548 = CARTESIAN_POINT('',(12.95040956263,-303.2619244871,
    252.97658547324));
#2549 = CARTESIAN_POINT('',(12.920203928712,-303.2375199737,
    252.99988377826));
#2550 = CARTESIAN_POINT('',(12.891714442653,-303.2154412343,
    253.02585971931));
#2551 = CARTESIAN_POINT('',(12.84962548034,-303.1749321885,
    253.03061729511));
#2552 = CARTESIAN_POINT('',(12.831183799474,-303.1664704258,
    253.07227015357));
#2553 = CARTESIAN_POINT('',(12.784640184466,-303.1199243839,
    253.07007744792));
#2554 = CARTESIAN_POINT('',(12.760658686611,-303.1039549285,
    253.10308690611));
#2555 = CARTESIAN_POINT('',(12.725539549118,-303.0728915512,
    253.11871902104));
#2556 = CARTESIAN_POINT('',(12.693712957827,-303.0462902878,
    253.13948829848));
#2557 = CARTESIAN_POINT('',(12.628971169111,-302.9916124633,
    253.17932836135));
#2558 = CARTESIAN_POINT('',(12.596496386471,-302.9641328292,
    253.19908632461));
#2559 = CARTESIAN_POINT('',(12.563969767992,-302.936582532,
    253.21876332979));
#2560 = CARTESIAN_POINT('',(12.530959656862,-302.9083780678,
    253.23768600623));
#2561 = CARTESIAN_POINT('',(12.498070745191,-302.8803363004,
    253.25679824861));
#2562 = CARTESIAN_POINT('',(12.464670164449,-302.8516024251,
    253.27511084724));
#2563 = CARTESIAN_POINT('',(12.431028966313,-302.8225418632,
    253.29304981714));
#2564 = CARTESIAN_POINT('',(12.397389424017,-302.7934836318,
    253.31098999008));
#2565 = CARTESIAN_POINT('',(12.363646202502,-302.7642849163,
    253.32876899454));
#2566 = CARTESIAN_POINT('',(12.329969696431,-302.7351766075,
    253.34665197449));
#2567 = CARTESIAN_POINT('',(13.483758859988,-303.2058368362,
    250.86473867307));
#2568 = CARTESIAN_POINT('',(13.432375866963,-303.1527320041,
    250.8549950749));
#2569 = CARTESIAN_POINT('',(13.384892408263,-303.1049119174,
    250.85133565496));
#2570 = CARTESIAN_POINT('',(13.341534710124,-303.0626831339,
    250.85411329361));
#2571 = CARTESIAN_POINT('',(13.302512670644,-303.0263301799,
    250.86365567295));
#2572 = CARTESIAN_POINT('',(13.267999330756,-302.9960874479,
    250.88023244836));
#2573 = CARTESIAN_POINT('',(13.238111617497,-302.9721135545,
    250.90402648233));
#2574 = CARTESIAN_POINT('',(13.212892707652,-302.9544668597,
    250.93510470326));
#2575 = CARTESIAN_POINT('',(13.19229679094,-302.9430853966,
    250.97339598113));
#2576 = CARTESIAN_POINT('',(13.176176525401,-302.9377694214,
    251.01867022732));
#2577 = CARTESIAN_POINT('',(13.15237133792,-302.9385692537,
    251.12237981186));
#2578 = CARTESIAN_POINT('',(13.144687078734,-302.9446859631,
    251.18081616876));
#2579 = CARTESIAN_POINT('',(13.140966915502,-302.956174882,
    251.24543739804));
#2580 = CARTESIAN_POINT('',(13.140852930869,-302.9725510365,
    251.31568513916));
#2581 = CARTESIAN_POINT('',(13.143878764306,-302.9931822639,
    251.39083163826));
#2582 = CARTESIAN_POINT('',(13.149485322302,-303.017311054,
    251.4700047513));
#2583 = CARTESIAN_POINT('',(13.157046686328,-303.0440889573,
    251.55222773521));
#2584 = CARTESIAN_POINT('',(13.165900822152,-303.0726189262,
    251.63646780389));
#2585 = CARTESIAN_POINT('',(13.175385352375,-303.1020031978,
    251.72169141759));
#2586 = CARTESIAN_POINT('',(13.194381674422,-303.1608087239,
    251.89218122678));
#2587 = CARTESIAN_POINT('',(13.203892263794,-303.1902283443,
    251.97744553603));
#2588 = CARTESIAN_POINT('',(13.212794959415,-303.2188241273,
    252.06176141391));
#2589 = CARTESIAN_POINT('',(13.220504047261,-303.2458023527,
    252.14421500441));
#2590 = CARTESIAN_POINT('',(13.22650423245,-303.2704645969,
    252.22400235324));
#2591 = CARTESIAN_POINT('',(13.230373079713,-303.2922384716,
    252.30046433026));
#2592 = CARTESIAN_POINT('',(13.231791465651,-303.3106913923,
    252.37310307767));
#2593 = CARTESIAN_POINT('',(13.230543501657,-303.3255308575,
    252.44158171652));
#2594 = CARTESIAN_POINT('',(13.226507283542,-303.3365916185,
    252.50571007786));
#2595 = CARTESIAN_POINT('',(13.212768591681,-303.3510341317,
    252.62512619216));
#2596 = CARTESIAN_POINT('',(13.203067943384,-303.3544183611,
    252.6804167926));
#2597 = CARTESIAN_POINT('',(13.190484947251,-303.3538963572,
    252.73121031326));
#2598 = CARTESIAN_POINT('',(13.175069163814,-303.3495353604,
    252.77758403206));
#2599 = CARTESIAN_POINT('',(13.156912760323,-303.3414601463,
    252.81968181045));
#2600 = CARTESIAN_POINT('',(13.136166679411,-303.3298754449,
    252.85773910494));
#2601 = CARTESIAN_POINT('',(13.113035839378,-303.3150587908,
    252.89207567206));
#2602 = CARTESIAN_POINT('',(13.087737641435,-303.2973049425,
    252.92303064762));
#2603 = CARTESIAN_POINT('',(13.060487376936,-303.2769056017,
    252.95093999927));
#2604 = CARTESIAN_POINT('',(13.002819648311,-303.2318146758,
    253.00181715545));
#2605 = CARTESIAN_POINT('',(12.974799753891,-303.2103723274,
    253.02852573074));
#2606 = CARTESIAN_POINT('',(12.925293536187,-303.1598112591,
    253.02171075985));
#2607 = CARTESIAN_POINT('',(12.953506389187,-303.2145766408,
    253.13615501967));
#2608 = CARTESIAN_POINT('',(12.812220289478,-303.0396338531,
    252.98614315959));
#2609 = CARTESIAN_POINT('',(12.881814588861,-303.1504798998,
    253.16515141495));
#2610 = CARTESIAN_POINT('',(12.792873842475,-303.0464766375,
    253.09681000744));
#2611 = CARTESIAN_POINT('',(12.779146889303,-303.0444042712,
    253.14581871081));
#2612 = CARTESIAN_POINT('',(12.744042457564,-303.0133608313,
    253.161473812));
#2613 = CARTESIAN_POINT('',(12.679378159412,-302.9587880227,
    253.20143478157));
#2614 = CARTESIAN_POINT('',(12.647050064395,-302.9315068515,
    253.22142148877));
#2615 = CARTESIAN_POINT('',(12.614065629621,-302.9033378069,
    253.24038470278));
#2616 = CARTESIAN_POINT('',(12.582296081468,-302.8768107584,
    253.26124228467));
#2617 = CARTESIAN_POINT('',(12.548321110162,-302.8473019904,
    253.27865971983));
#2618 = CARTESIAN_POINT('',(12.515236270185,-302.8189923229,
    253.2974668075));
#2619 = CARTESIAN_POINT('',(12.482158664835,-302.7906972532,
    253.31628284605));
#2620 = CARTESIAN_POINT('',(12.448209244295,-302.7612185541,
    253.33374083161));
#2621 = CARTESIAN_POINT('',(12.41466954589,-302.732295772,
    253.35183706454));
#2622 = CARTESIAN_POINT('',(12.381151067793,-302.7034016282,
    253.36996660501));
#2623 = CARTESIAN_POINT('',(13.549935361881,-303.1943833172,
    250.91144867168));
#2624 = CARTESIAN_POINT('',(13.497795632699,-303.1402529495,
    250.90052441357));
#2625 = CARTESIAN_POINT('',(13.449545754297,-303.0913941862,
    250.89566917271));
#2626 = CARTESIAN_POINT('',(13.405432802342,-303.0481419105,
    250.89726857405));
#2627 = CARTESIAN_POINT('',(13.365691080033,-303.0108135647,
    250.90568787919));
#2628 = CARTESIAN_POINT('',(13.330519755394,-302.9796792191,
    250.92123835645));
#2629 = CARTESIAN_POINT('',(13.300061488928,-302.954932012,
    250.94414190845));
#2630 = CARTESIAN_POINT('',(13.274382774945,-302.9366622539,
    250.97450297164));
#2631 = CARTESIAN_POINT('',(13.253456072668,-302.9248324794,
    251.01227803538));
#2632 = CARTESIAN_POINT('',(13.237144536889,-302.9192573051,
    251.05725391087));
#2633 = CARTESIAN_POINT('',(13.213234403132,-302.9199149287,
    251.16079976994));
#2634 = CARTESIAN_POINT('',(13.205636973689,-302.9261493008,
    251.21937160254));
#2635 = CARTESIAN_POINT('',(13.202141518767,-302.9379428074,
    251.28434347854));
#2636 = CARTESIAN_POINT('',(13.202382411975,-302.9547998131,
    251.35514483706));
#2637 = CARTESIAN_POINT('',(13.205871655287,-302.9760591987,
    251.43101448467));
#2638 = CARTESIAN_POINT('',(13.212017048956,-303.0009181039,
    251.51102819702));
#2639 = CARTESIAN_POINT('',(13.220152732822,-303.0284744499,
    251.59414734764));
#2640 = CARTESIAN_POINT('',(13.229573787122,-303.0577726656,
    251.67927189797));
#2641 = CARTESIAN_POINT('',(13.239575157892,-303.0878573985,
    251.76530192734));
#2642 = CARTESIAN_POINT('',(13.259435041176,-303.1478332535,
    251.93713910248));
#2643 = CARTESIAN_POINT('',(13.269292130849,-303.1777224519,
    252.02294404329));
#2644 = CARTESIAN_POINT('',(13.278420842373,-303.2066245821,
    252.10761256209));
#2645 = CARTESIAN_POINT('',(13.286205664552,-303.2337053835,
    252.19018433605));
#2646 = CARTESIAN_POINT('',(13.292112119105,-303.2582406941,
    252.26982543254));
#2647 = CARTESIAN_POINT('',(13.295711026194,-303.2796486641,
    252.34586628317));
#2648 = CARTESIAN_POINT('',(13.296688348296,-303.2975039108,
    252.41781685232));
#2649 = CARTESIAN_POINT('',(13.294842820674,-303.3115335223,
    252.48536318595));
#2650 = CARTESIAN_POINT('',(13.290073739981,-303.3216011058,
    252.54834811941));
#2651 = CARTESIAN_POINT('',(13.274648466669,-303.3337579423,
    252.66513280746));
#2652 = CARTESIAN_POINT('',(13.263990415637,-303.3358446715,
    252.71892966563));
#2653 = CARTESIAN_POINT('',(13.250380846452,-303.3339314917,
    252.76812147559));
#2654 = CARTESIAN_POINT('',(13.23385613176,-303.3280675594,
    252.81276506348));
#2655 = CARTESIAN_POINT('',(13.214574219842,-303.3184671474,
    252.85310678593));
#2656 = CARTESIAN_POINT('',(13.192725606802,-303.3053881542,
    252.88944389197));
#2657 = CARTESIAN_POINT('',(13.168496531939,-303.2890832488,
    252.92206693493));
#2658 = CARTESIAN_POINT('',(13.142131737705,-303.2698838873,
    252.95135784095));
#2659 = CARTESIAN_POINT('',(13.11397135069,-303.2482511409,
    252.9778471787));
#2660 = CARTESIAN_POINT('',(13.054355592329,-303.2005202115,
    253.02568498483));
#2661 = CARTESIAN_POINT('',(13.017043638913,-303.166485064,
    253.0378958398));
#2662 = CARTESIAN_POINT('',(13.022181153279,-303.1899783771,
    253.11633743621));
#2663 = CARTESIAN_POINT('',(12.876249467761,-303.0087395437,
    252.95907736949));
#2664 = CARTESIAN_POINT('',(13.008573939143,-303.2045989327,
    253.23595845933));
#2665 = CARTESIAN_POINT('',(12.841586200999,-302.9948249657,
    253.0458468682));
#2666 = CARTESIAN_POINT('',(12.875776388127,-303.0576906325,
    253.16961654579));
#2667 = CARTESIAN_POINT('',(12.823961756053,-303.0040013012,
    253.15920017745));
#2668 = CARTESIAN_POINT('',(12.794436729507,-302.9805191537,
    253.18356038951));
#2669 = CARTESIAN_POINT('',(12.72981352804,-302.9260020463,
    253.22358547465));
#2670 = CARTESIAN_POINT('',(12.697245800984,-302.8983968687,
    253.24319862417));
#2671 = CARTESIAN_POINT('',(12.665866545801,-302.8723992457,
    253.26466479265));
#2672 = CARTESIAN_POINT('',(12.630721825946,-302.8413073542,
    253.28025902449));
#2673 = CARTESIAN_POINT('',(12.600151763678,-302.8164006008,
    253.30298717936));
#2674 = CARTESIAN_POINT('',(12.566614812278,-302.7874885229,
    253.32108775776));
#2675 = CARTESIAN_POINT('',(12.531853957887,-302.7569067725,
    253.33728010785));
#2676 = CARTESIAN_POINT('',(12.499276471479,-302.729289348,
    253.3568769747));
#2677 = CARTESIAN_POINT('',(12.465592644098,-302.7001707805,
    253.37474873814));
#2678 = CARTESIAN_POINT('',(12.432249447557,-302.6715141811,
    253.3931517574));
#2679 = CARTESIAN_POINT('',(13.617715704615,-303.1851033583,
    250.96066102353));
#2680 = CARTESIAN_POINT('',(13.564809429909,-303.1299341547,
    250.94854078107));
#2681 = CARTESIAN_POINT('',(13.515771526413,-303.0800074662,
    250.94245611151));
#2682 = CARTESIAN_POINT('',(13.470870640951,-303.0356873305,
    250.9428260142));
#2683 = CARTESIAN_POINT('',(13.430367022604,-302.997326529,
    250.95005688868));
#2684 = CARTESIAN_POINT('',(13.39448818566,-302.9652332535,
    250.96450310895));
#2685 = CARTESIAN_POINT('',(13.363405601283,-302.9396400629,
    250.98643299146));
#2686 = CARTESIAN_POINT('',(13.337212421269,-302.9206730311,
    251.01599108243));
#2687 = CARTESIAN_POINT('',(13.315902940466,-302.9083245412,
    251.05316910073));
#2688 = CARTESIAN_POINT('',(13.299353702888,-302.902427231,
    251.09777406277));
#2689 = CARTESIAN_POINT('',(13.275260122119,-302.902836253,
    251.20103373527));
#2690 = CARTESIAN_POINT('',(13.267717517317,-302.9091449563,
    251.25969112896));
#2691 = CARTESIAN_POINT('',(13.264423579089,-302.9212115024,
    251.32497737669));
#2692 = CARTESIAN_POINT('',(13.265005677358,-302.938531046,
    251.39631120695));
#2693 = CARTESIAN_POINT('',(13.268953171594,-302.960411304,
    251.47289569495));
#2694 = CARTESIAN_POINT('',(13.275637635071,-302.9860009493,
    251.55375063562));
#2695 = CARTESIAN_POINT('',(13.28434888372,-303.0143371823,
    251.63776769609));
#2696 = CARTESIAN_POINT('',(13.294334028162,-303.0443999506,
    251.72377242611));
#2697 = CARTESIAN_POINT('',(13.304840884219,-303.0751697078,
    251.81059111391));
#2698 = CARTESIAN_POINT('',(13.325518271852,-303.1362534769,
    251.98370380585));
#2699 = CARTESIAN_POINT('',(13.335687342357,-303.166565506,
    252.06999551394));
#2700 = CARTESIAN_POINT('',(13.344992903436,-303.1957072522,
    252.15493997281));
#2701 = CARTESIAN_POINT('',(13.352787608719,-303.2228015607,
    252.23752716575));
#2702 = CARTESIAN_POINT('',(13.358517835073,-303.2470979144,
    252.31689334185));
#2703 = CARTESIAN_POINT('',(13.361749884605,-303.2680088473,
    252.3923617843));
#2704 = CARTESIAN_POINT('',(13.362178627155,-303.2851205614,
    252.46345649329));
#2705 = CARTESIAN_POINT('',(13.359622130104,-303.2981867038,
    252.5298935407));
#2706 = CARTESIAN_POINT('',(13.354005653378,-303.3071058719,
    252.59155636482));
#2707 = CARTESIAN_POINT('',(13.336671497336,-303.3166757585,
    252.70536278335));
#2708 = CARTESIAN_POINT('',(13.324956566002,-303.3173302076,
    252.7575106612));
#2709 = CARTESIAN_POINT('',(13.310189042218,-303.31384767,
    252.80489585742));
#2710 = CARTESIAN_POINT('',(13.292501150076,-303.3064075069,
    252.84772458928));
#2711 = CARTESIAN_POINT('',(13.272026887297,-303.2951910647,
    252.88620598607));
#2712 = CARTESIAN_POINT('',(13.24897036396,-303.2804752416,
    252.92065850514));
#2713 = CARTESIAN_POINT('',(13.223617336015,-303.262647003,
    252.95152797714));
#2714 = CARTESIAN_POINT('',(13.196234534136,-303.2420680884,
    252.97923050033));
#2715 = CARTESIAN_POINT('',(13.167005995922,-303.2189877468,
    253.00405331774));
#2716 = CARTESIAN_POINT('',(13.105715004362,-303.1689865112,
    253.04927739075));
#2717 = CARTESIAN_POINT('',(13.079822781546,-303.1504276497,
    253.07930562777));
#2718 = CARTESIAN_POINT('',(13.009725379244,-303.0719608943,
    253.04036381129));
#2719 = CARTESIAN_POINT('',(13.074346110402,-303.1760671861,
    253.21161236439));
#2720 = CARTESIAN_POINT('',(12.915353949343,-302.977128541,
    253.03397545648));
#2721 = CARTESIAN_POINT('',(12.972270508049,-303.0707935844,
    253.19320307018));
#2722 = CARTESIAN_POINT('',(12.901738117576,-302.9917376607,
    253.15358324537));
#2723 = CARTESIAN_POINT('',(12.878282220838,-302.9764804738,
    253.18741246085));
#2724 = CARTESIAN_POINT('',(12.844937280211,-302.9478215095,
    253.20581277627));
#2725 = CARTESIAN_POINT('',(12.780176669267,-302.8931181744,
    253.24562348145));
#2726 = CARTESIAN_POINT('',(12.748095071291,-302.8661707999,
    253.2659946055));
#2727 = CARTESIAN_POINT('',(12.713969893277,-302.8364573443,
    253.28317896211));
#2728 = CARTESIAN_POINT('',(12.684993240837,-302.8137113398,
    253.30839181424));
#2729 = CARTESIAN_POINT('',(12.648869601973,-302.7812963983,
    253.32245982193));
#2730 = CARTESIAN_POINT('',(12.615423740266,-302.7524921933,
    253.34070130247));
#2731 = CARTESIAN_POINT('',(12.584658880669,-302.7273345842,
    253.36312691948));
#2732 = CARTESIAN_POINT('',(12.549477850063,-302.6961855241,
    253.37866290132));
#2733 = CARTESIAN_POINT('',(12.516473657622,-302.6679887533,
    253.39759475001));
#2734 = CARTESIAN_POINT('',(12.483326026483,-302.6395971895,
    253.4163028953));
#2735 = CARTESIAN_POINT('',(13.687181008542,-303.178106896,
    251.01250229445));
#2736 = CARTESIAN_POINT('',(13.633508644025,-303.1218994806,
    250.99918680098));
#2737 = CARTESIAN_POINT('',(13.583669603935,-303.0708870675,
    250.99185213196));
#2738 = CARTESIAN_POINT('',(13.537954635188,-303.0254637098,
    250.99095204605));
#2739 = CARTESIAN_POINT('',(13.496651112158,-302.9860188077,
    250.99693461666));
#2740 = CARTESIAN_POINT('',(13.460017187559,-302.9529023051,
    251.01020312473));
#2741 = CARTESIAN_POINT('',(13.428256239257,-302.9263897172,
    251.0310742295));
#2742 = CARTESIAN_POINT('',(13.401492079399,-302.9066489317,
    251.05974176907));
#2743 = CARTESIAN_POINT('',(13.379744839166,-302.8937071738,
    251.09623663578));
#2744 = CARTESIAN_POINT('',(13.362908077541,-302.8874202124,
    251.14039306213));
#2745 = CARTESIAN_POINT('',(13.338546040323,-302.887465437,
    251.24323389548));
#2746 = CARTESIAN_POINT('',(13.331023121452,-302.893800803,
    251.30192200516));
#2747 = CARTESIAN_POINT('',(13.327905130668,-302.9061058669,
    251.36748282798));
#2748 = CARTESIAN_POINT('',(13.328813404873,-302.9238673463,
    251.43932548251));
#2749 = CARTESIAN_POINT('',(13.333213678527,-302.9463613812,
    251.51661655111));
#2750 = CARTESIAN_POINT('',(13.340438145154,-302.9726826964,
    251.59831389528));
#2751 = CARTESIAN_POINT('',(13.349726904605,-303.0018017195,
    251.68323211472));
#2752 = CARTESIAN_POINT('',(13.360273194554,-303.0326248985,
    251.77011231171));
#2753 = CARTESIAN_POINT('',(13.371272592104,-303.0640621903,
    251.8576995067));
#2754 = CARTESIAN_POINT('',(13.392714583554,-303.1261821806,
    252.03200516863));
#2755 = CARTESIAN_POINT('',(13.403155684284,-303.1568628546,
    252.11872131743));
#2756 = CARTESIAN_POINT('',(13.412581216361,-303.1861672624,
    252.20385296576));
#2757 = CARTESIAN_POINT('',(13.420310021491,-303.2131721492,
    252.28633735837));
#2758 = CARTESIAN_POINT('',(13.425770000316,-303.2371024155,
    252.36528187612));
#2759 = CARTESIAN_POINT('',(13.428526194332,-303.2573683203,
    252.44000792197));
#2760 = CARTESIAN_POINT('',(13.428287546541,-303.2735756828,
    252.51006132654));
#2761 = CARTESIAN_POINT('',(13.424897385892,-303.2855119808,
    252.57519770455));
#2762 = CARTESIAN_POINT('',(13.418312811239,-303.2931191823,
    252.63535007841));
#2763 = CARTESIAN_POINT('',(13.3988431961,-303.2997950628,
    252.74582472153));
#2764 = CARTESIAN_POINT('',(13.385956195994,-303.2988610802,
    252.79614393481));
#2765 = CARTESIAN_POINT('',(13.36997308465,-303.2937312411,
    252.84163250892));
#2766 = CARTESIAN_POINT('',(13.351011281571,-303.2845645264,
    252.88247369251));
#2767 = CARTESIAN_POINT('',(13.329285198774,-303.2716517211,
    252.91900199338));
#2768 = CARTESIAN_POINT('',(13.305053749823,-303.2553434765,
    252.9516213388));
#2769 = CARTESIAN_POINT('',(13.278583069223,-303.2360007083,
    252.98074699911));
#2770 = CARTESIAN_POINT('',(13.250165283291,-303.2140190881,
    253.00683477647));
#2771 = CARTESIAN_POINT('',(13.220171993295,-303.1899023629,
    253.03046438952));
#2772 = CARTESIAN_POINT('',(13.157945309121,-303.1386330588,
    253.07422857741));
#2773 = CARTESIAN_POINT('',(13.121871400696,-303.1062757294,
    253.08837105962));
#2774 = CARTESIAN_POINT('',(13.110642555561,-303.1075890515,
    253.14127747299));
#2775 = CARTESIAN_POINT('',(13.025246971412,-303.0083898276,
    253.07846719616));
#2776 = CARTESIAN_POINT('',(13.049057766048,-303.0571896013,
    253.18604288611));
#2777 = CARTESIAN_POINT('',(12.984383728822,-302.9860728523,
    253.15556333952));
#2778 = CARTESIAN_POINT('',(12.960618638042,-302.9703966331,
    253.18890992829));
#2779 = CARTESIAN_POINT('',(12.927927297743,-302.9426234457,
    253.20833014432));
#2780 = CARTESIAN_POINT('',(12.895277218068,-302.9149061947,
    253.22781457912));
#2781 = CARTESIAN_POINT('',(12.830560565324,-302.8602624422,
    253.26769386322));
#2782 = CARTESIAN_POINT('',(12.797944088557,-302.8325910612,
    253.28723096052));
#2783 = CARTESIAN_POINT('',(12.767006410563,-302.8071924729,
    253.30938594679));
#2784 = CARTESIAN_POINT('',(12.731260238514,-302.7752842843,
    253.32404244223));
#2785 = CARTESIAN_POINT('',(12.700757886376,-302.7504706919,
    253.346874746));
#2786 = CARTESIAN_POINT('',(12.669276034631,-302.7243426767,
    253.36818371039));
#2787 = CARTESIAN_POINT('',(12.632035872225,-302.690401488,
    253.38050619782));
#2788 = CARTESIAN_POINT('',(12.600915883148,-302.6647590263,
    253.40237785693));
#2789 = CARTESIAN_POINT('',(12.567329832814,-302.6357730603,
    253.42040199453));
#2790 = CARTESIAN_POINT('',(12.534430274834,-302.60771769,
    253.43949719357));
#2791 = CARTESIAN_POINT('',(13.75840232885,-303.1734902253,
    251.06708334632));
#2792 = CARTESIAN_POINT('',(13.703977664775,-303.1162632821,
    251.05259409877));
#2793 = CARTESIAN_POINT('',(13.65333594408,-303.0641630749,
    251.0440071201));
#2794 = CARTESIAN_POINT('',(13.606790126079,-303.0176137181,
    251.0418106205));
#2795 = CARTESIAN_POINT('',(13.564655521988,-302.9770425595,
    251.04649673661));
#2796 = CARTESIAN_POINT('',(13.527222834838,-302.9428435203,
    251.05851872617));
#2797 = CARTESIAN_POINT('',(13.494730707273,-302.9153400675,
    251.07824932217));
#2798 = CARTESIAN_POINT('',(13.467337836196,-302.8947472272,
    251.1059357286));
#2799 = CARTESIAN_POINT('',(13.445095020125,-302.8811338654,
    251.14165751341));
#2800 = CARTESIAN_POINT('',(13.427917149741,-302.8743846361,
    251.18528170531));
#2801 = CARTESIAN_POINT('',(13.403193835823,-302.8739402617,
    251.28755889674));
#2802 = CARTESIAN_POINT('',(13.395651329258,-302.8802491052,
    251.34621646261));
#2803 = CARTESIAN_POINT('',(13.392680235141,-302.8927532144,
    251.41200646016));
#2804 = CARTESIAN_POINT('',(13.393897106851,-302.9109329907,
    251.48433066772));
#2805 = CARTESIAN_POINT('',(13.398743511281,-302.9340315409,
    251.56231772856));
#2806 = CARTESIAN_POINT('',(13.406508650723,-302.9610856992,
    251.64485873996));
#2807 = CARTESIAN_POINT('',(13.416376750732,-302.9909897807,
    251.7306808072));
#2808 = CARTESIAN_POINT('',(13.427479896638,-303.022567678,
    251.81842987197));
#2809 = CARTESIAN_POINT('',(13.438955708679,-303.0546506076,
    251.90676037778));
#2810 = CARTESIAN_POINT('',(13.461098375781,-303.1177201819,
    252.08215927561));
#2811 = CARTESIAN_POINT('',(13.471763541914,-303.1487045396,
    252.16922502635));
#2812 = CARTESIAN_POINT('',(13.481241299946,-303.1780796787,
    252.25443817049));
#2813 = CARTESIAN_POINT('',(13.488814822197,-303.2048742227,
    252.33668029159));
#2814 = CARTESIAN_POINT('',(13.493895008005,-303.2282896728,
    252.41503227282));
#2815 = CARTESIAN_POINT('',(13.496050336229,-303.247741393,
    252.48882081707));
#2816 = CARTESIAN_POINT('',(13.495010586282,-303.2628630084,
    252.55762435887));
#2817 = CARTESIAN_POINT('',(13.490651802767,-303.2734866554,
    252.6212494592));
#2818 = CARTESIAN_POINT('',(13.482969814319,-303.2796066124,
    252.67968963768));
#2819 = CARTESIAN_POINT('',(13.461129570505,-303.2830697761,
    252.78646558297));
#2820 = CARTESIAN_POINT('',(13.446970341471,-303.2804116674,
    252.83479983238));
#2821 = CARTESIAN_POINT('',(13.429663339182,-303.2734876046,
    252.87822286771));
#2822 = CARTESIAN_POINT('',(13.409382484251,-303.2625333784,
    252.91700603243));
#2823 = CARTESIAN_POINT('',(13.386372689405,-303.2478807722,
    252.95153143613));
#2824 = CARTESIAN_POINT('',(13.360923297394,-303.2299220516,
    252.98225055637));
#2825 = CARTESIAN_POINT('',(13.333349204613,-303.2090838198,
    253.00965465918));
#2826 = CARTESIAN_POINT('',(13.303987257115,-303.1858227141,
    253.03426930799));
#2827 = CARTESIAN_POINT('',(13.273200224439,-303.1606302755,
    253.05666051953));
#2828 = CARTESIAN_POINT('',(13.209530919126,-303.107405905,
    253.09817390025));
#2829 = CARTESIAN_POINT('',(13.178057143944,-303.0812827996,
    253.11949365405));
#2830 = CARTESIAN_POINT('',(13.136960159862,-303.0421180682,
    253.1257990172));
#2831 = CARTESIAN_POINT('',(13.119583560479,-303.0350998322,
    253.16911349247));
#2832 = CARTESIAN_POINT('',(13.071701327615,-302.9867395475,
    253.16483250086));
#2833 = CARTESIAN_POINT('',(13.043337912789,-302.9648316939,
    253.19100488899));
#2834 = CARTESIAN_POINT('',(13.011755743801,-302.938561666,
    253.21215568363));
#2835 = CARTESIAN_POINT('',(12.977690586357,-302.9089266784,
    253.22943222601));
#2836 = CARTESIAN_POINT('',(12.94560992615,-302.881981086,
    253.24980509586));
#2837 = CARTESIAN_POINT('',(12.880794621622,-302.827203632,
    253.28953046373));
#2838 = CARTESIAN_POINT('',(12.848512641319,-302.799985097,
    253.30958912362));
#2839 = CARTESIAN_POINT('',(12.815686723144,-302.7720302863,
    253.32879976923));
#2840 = CARTESIAN_POINT('',(12.783898700597,-302.7454793564,
    253.34962793587));
#2841 = CARTESIAN_POINT('',(12.752095370988,-302.718912376,
    253.37043505828));
#2842 = CARTESIAN_POINT('',(12.715050738082,-302.6852371395,
    253.3830620034));
#2843 = CARTESIAN_POINT('',(12.686164825487,-302.6626224198,
    253.40841968579));
#2844 = CARTESIAN_POINT('',(12.650835138193,-302.6312732691,
    253.42372332557));
#2845 = CARTESIAN_POINT('',(12.618224962017,-302.6036101535,
    253.44327002193));
#2846 = CARTESIAN_POINT('',(12.58560678294,-302.5759361166,
    253.46280423108));
#2847 = CARTESIAN_POINT('',(13.83143264242,-303.1713251421,
    251.12448683519));
#2848 = CARTESIAN_POINT('',(13.776286459502,-303.1131203889,
    251.10887187076));
#2849 = CARTESIAN_POINT('',(13.724855907551,-303.0599511425,
    251.09905412684));
#2850 = CARTESIAN_POINT('',(13.677475739048,-303.0122710745,
    251.09555592344));
#2851 = CARTESIAN_POINT('',(13.634489320706,-302.9705455078,
    251.09891291904));
#2852 = CARTESIAN_POINT('',(13.596221429816,-302.9352146117,
    251.10963196248));
#2853 = CARTESIAN_POINT('',(13.562949038118,-302.9066537177,
    251.12814503367));
#2854 = CARTESIAN_POINT('',(13.534870335311,-302.8851314397,
    251.15476151261));
#2855 = CARTESIAN_POINT('',(13.512072141688,-302.8707654255,
    251.18961673498));
#2856 = CARTESIAN_POINT('',(13.494495979844,-302.8634764294,
    251.23261953585));
#2857 = CARTESIAN_POINT('',(13.469309936797,-302.8624049724,
    251.33417478608));
#2858 = CARTESIAN_POINT('',(13.461703464145,-302.8686271289,
    251.39273256105));
#2859 = CARTESIAN_POINT('',(13.458845339426,-302.8812843611,
    251.45869883932));
#2860 = CARTESIAN_POINT('',(13.460349261399,-302.8998531332,
    251.53147089826));
#2861 = CARTESIAN_POINT('',(13.465632521859,-302.9235437674,
    251.61013959731));
#2862 = CARTESIAN_POINT('',(13.473937665265,-302.9513297143,
    251.69352311384));
#2863 = CARTESIAN_POINT('',(13.484385470616,-302.9820194691,
    251.78024968878));
#2864 = CARTESIAN_POINT('',(13.496038122879,-303.0143420545,
    251.86885610319));
#2865 = CARTESIAN_POINT('',(13.507968573799,-303.0470411351,
    251.95789596437));
#2866 = CARTESIAN_POINT('',(13.530730651959,-303.110950163,
    252.13426130265));
#2867 = CARTESIAN_POINT('',(13.541560322456,-303.1421574577,
    252.22158372855));
#2868 = CARTESIAN_POINT('',(13.55100756458,-303.1714912753,
    252.30674927035));
#2869 = CARTESIAN_POINT('',(13.558318177138,-303.1979294769,
    252.38858120693));
#2870 = CARTESIAN_POINT('',(13.562888680189,-303.2206542625,
    252.46613796905));
#2871 = CARTESIAN_POINT('',(13.564297529565,-303.2390942847,
    252.53876186436));
#2872 = CARTESIAN_POINT('',(13.562304166239,-303.2529235924,
    252.60607754892));
#2873 = CARTESIAN_POINT('',(13.55682636746,-303.2620307102,
    252.66795675377));
#2874 = CARTESIAN_POINT('',(13.547906389984,-303.2664729299,
    252.72446539604));
#2875 = CARTESIAN_POINT('',(13.523446346088,-303.2663856962,
    252.82715388345));
#2876 = CARTESIAN_POINT('',(13.507904637218,-303.2618540145,
    252.87333116361));
#2877 = CARTESIAN_POINT('',(13.489191235094,-303.2530240078,
    252.91455990433));
#2878 = CARTESIAN_POINT('',(13.467525402578,-303.2401927854,
    252.95118219513));
#2879 = CARTESIAN_POINT('',(13.44319607628,-303.2237519781,
    252.98364885913));
#2880 = CARTESIAN_POINT('',(13.416531796984,-303.2041467623,
    253.01247246504));
#2881 = CARTESIAN_POINT('',(13.387878748331,-303.1818463634,
    253.03819316431));
#2882 = CARTESIAN_POINT('',(13.357597417486,-303.157339259,
    253.06137337859));
#2883 = CARTESIAN_POINT('',(13.32607040961,-303.1311440032,
    253.08261006288));
#2884 = CARTESIAN_POINT('',(13.261321361384,-303.0764563439,
    253.1224388061));
#2885 = CARTESIAN_POINT('',(13.227850295611,-303.0476264567,
    253.14064232759));
#2886 = CARTESIAN_POINT('',(13.195435042309,-303.0202274471,
    253.16049316286));
#2887 = CARTESIAN_POINT('',(13.159157529641,-302.9875941776,
    253.1743180008));
#2888 = CARTESIAN_POINT('',(13.127227413829,-302.9608526579,
    253.19492573773));
#2889 = CARTESIAN_POINT('',(13.094369860905,-302.932854192,
    253.2140865082));
#2890 = CARTESIAN_POINT('',(13.060600446782,-302.9036199946,
    253.23182451175));
#2891 = CARTESIAN_POINT('',(13.028493688831,-302.876639038,
    253.25215667149));
#2892 = CARTESIAN_POINT('',(12.995896414021,-302.8489933354,
    253.27172349973));
#2893 = CARTESIAN_POINT('',(12.931049078879,-302.7941724767,
    253.31139889352));
#2894 = CARTESIAN_POINT('',(12.898800967695,-302.7669999769,
    253.33151051517));
#2895 = CARTESIAN_POINT('',(12.865740113524,-302.738725918,
    253.35035395726));
#2896 = CARTESIAN_POINT('',(12.835271530711,-302.713965336,
    253.37324225927));
#2897 = CARTESIAN_POINT('',(12.79902658262,-302.6813758302,
    253.38711762375));
#2898 = CARTESIAN_POINT('',(12.770915154187,-302.6598097659,
    253.41368354211));
#2899 = CARTESIAN_POINT('',(12.733609889161,-302.6257835446,
    253.42590483199));
#2900 = CARTESIAN_POINT('',(12.702054016223,-302.5995491975,
    253.44709646369));
#2901 = CARTESIAN_POINT('',(12.669188593523,-302.5715400906,
    253.46624492682));
#2902 = CARTESIAN_POINT('',(12.636986679353,-302.5444301825,
    253.48642860651));
#2903 = CARTESIAN_POINT('',(13.906296128685,-303.1716444147,
    251.18475048645));
#2904 = CARTESIAN_POINT('',(13.850480432075,-303.1125323284,
    251.16809093922));
#2905 = CARTESIAN_POINT('',(13.798294988415,-303.0583400456,
    251.15709541256));
#2906 = CARTESIAN_POINT('',(13.75009518285,-303.0095491891,
    251.15231838175));
#2907 = CARTESIAN_POINT('',(13.706251749218,-302.9666621938,
    251.1543382902));
#2908 = CARTESIAN_POINT('',(13.667124216876,-302.9301662893,
    251.16371606058));
#2909 = CARTESIAN_POINT('',(13.633030472438,-302.9004922982,
    251.18094769996));
#2910 = CARTESIAN_POINT('',(13.604212626345,-302.8779683194,
    251.20641092322));
#2911 = CARTESIAN_POINT('',(13.580799382456,-302.8627687858,
    251.24030656237));
#2912 = CARTESIAN_POINT('',(13.56276509866,-302.8548589411,
    251.28259459533));
#2913 = CARTESIAN_POINT('',(13.537006375158,-302.8530113913,
    251.38325636212));
#2914 = CARTESIAN_POINT('',(13.529285622935,-302.859078683,
    251.44163584716));
#2915 = CARTESIAN_POINT('',(13.526500200026,-302.8718344479,
    251.50771556879));
#2916 = CARTESIAN_POINT('',(13.528263754727,-302.8907550923,
    251.58089272757));
#2917 = CARTESIAN_POINT('',(13.533970305702,-302.9150193792,
    251.66022186272));
#2918 = CARTESIAN_POINT('',(13.542811907899,-302.943532364,
    251.74444239128));
#2919 = CARTESIAN_POINT('',(13.553836754675,-302.9750041359,
    251.83206928911));
#2920 = CARTESIAN_POINT('',(13.566026060743,-303.0080540194,
    251.9215130169));
#2921 = CARTESIAN_POINT('',(13.578380264382,-303.0413273836,
    252.01121403753));
#2922 = CARTESIAN_POINT('',(13.601654168424,-303.1059300629,
    252.18837796082));
#2923 = CARTESIAN_POINT('',(13.612571900655,-303.1372567097,
    252.27583779303));
#2924 = CARTESIAN_POINT('',(13.621884757444,-303.1664084059,
    252.36079367416));
#2925 = CARTESIAN_POINT('',(13.628799984735,-303.1923107908,
    252.44200873045));
#2926 = CARTESIAN_POINT('',(13.632704190852,-303.2141325885,
    252.51852593276));
#2927 = CARTESIAN_POINT('',(13.633195019532,-303.2313285099,
    252.58971751394));
#2928 = CARTESIAN_POINT('',(13.630072954011,-303.243628172,
    252.65527218472));
#2929 = CARTESIAN_POINT('',(13.623308169789,-303.2509911508,
    252.71514340902));
#2930 = CARTESIAN_POINT('',(13.612997354172,-303.2535484812,
    252.76948204162));
#2931 = CARTESIAN_POINT('',(13.585653468361,-303.2495530132,
    252.86767110382));
#2932 = CARTESIAN_POINT('',(13.568618899646,-303.2429981854,
    252.91151919622));
#2933 = CARTESIAN_POINT('',(13.548413750812,-303.2321465236,
    252.95042048095));
#2934 = CARTESIAN_POINT('',(13.52531033737,-303.2173670842,
    252.98479983605));
#2935 = CARTESIAN_POINT('',(13.49963851744,-303.1991068821,
    253.01517190352));
#2936 = CARTESIAN_POINT('',(13.471760713673,-303.1778570987,
    253.04210215525));
#2937 = CARTESIAN_POINT('',(13.442053119257,-303.1541275392,
    253.06617752372));
#2938 = CARTESIAN_POINT('',(13.410895743009,-303.1284332137,
    253.08799091598));
#2939 = CARTESIAN_POINT('',(13.378668166209,-303.1012885291,
    253.10813455728));
#2940 = CARTESIAN_POINT('',(13.312816041911,-303.0451059604,
    253.14624225815));
#2941 = CARTESIAN_POINT('',(13.279192752956,-303.016069781,
    253.16420828028));
#2942 = CARTESIAN_POINT('',(13.245219960046,-302.9865599464,
    253.18162900042));
#2943 = CARTESIAN_POINT('',(13.211258566585,-302.9570655625,
    253.19906750356));
#2944 = CARTESIAN_POINT('',(13.177597363621,-302.9279779992,
    253.21697437318));
#2945 = CARTESIAN_POINT('',(13.144323976381,-302.8994160141,
    253.23548631736));
#2946 = CARTESIAN_POINT('',(13.111386530893,-302.8713093019,
    253.25452240813));
#2947 = CARTESIAN_POINT('',(13.0787100437,-302.843556246,253.27396564934
    ));
#2948 = CARTESIAN_POINT('',(13.046200354282,-302.8160292378,
    253.29366913328));
#2949 = CARTESIAN_POINT('',(12.981352807601,-302.7612080913,
    253.33334419658));
#2950 = CARTESIAN_POINT('',(12.948769847559,-302.7335817874,
    253.35293336191));
#2951 = CARTESIAN_POINT('',(12.917957208177,-302.7083546453,
    253.3752846212));
#2952 = CARTESIAN_POINT('',(12.881097404011,-302.6749322942,
    253.38820095546));
#2953 = CARTESIAN_POINT('',(12.855936627241,-302.6573646565,
    253.41937038125));
#2954 = CARTESIAN_POINT('',(12.816186526533,-302.6200253166,
    253.42777721262));
#2955 = CARTESIAN_POINT('',(12.785963617163,-302.5955973868,
    253.45104857986));
#2956 = CARTESIAN_POINT('',(12.752683822014,-302.5670267203,
    253.46955052648));
#2957 = CARTESIAN_POINT('',(12.72056955068,-302.5400355878,
    253.48987094932));
#2958 = CARTESIAN_POINT('',(12.688861074234,-302.5135943986,
    253.51082450156));
#2959 = CARTESIAN_POINT('',(14.05965336036,-303.1772027666,
    251.31094181125));
#2960 = CARTESIAN_POINT('',(14.002654730621,-303.1164875578,
    251.29243664386));
#2961 = CARTESIAN_POINT('',(13.949078789136,-303.0604108546,
    251.27927164754));
#2962 = CARTESIAN_POINT('',(13.899318090685,-303.0095046614,
    251.2720593008));
#2963 = CARTESIAN_POINT('',(13.853794657839,-302.9643409019,
    251.27145804548));
#2964 = CARTESIAN_POINT('',(13.812936550077,-302.9254997101,
    251.27813576722));
#2965 = CARTESIAN_POINT('',(13.777146393544,-302.893526711,
    251.29272063292));
#2966 = CARTESIAN_POINT('',(13.746761669664,-302.8688792893,
    251.31573921094));
#2967 = CARTESIAN_POINT('',(13.722006579648,-302.8518612701,
    251.34754128847));
#2968 = CARTESIAN_POINT('',(13.702935280899,-302.8425460586,
    251.38821137339));
#2969 = CARTESIAN_POINT('',(13.675797340396,-302.8388293977,
    251.48672130295));
#2970 = CARTESIAN_POINT('',(13.667734545988,-302.8444331643,
    251.544567153));
#2971 = CARTESIAN_POINT('',(13.664998208275,-302.857255465,
    251.61072347991));
#2972 = CARTESIAN_POINT('',(13.667210086786,-302.8767837071,
    251.68460015737));
#2973 = CARTESIAN_POINT('',(13.673723209348,-302.9021410906,
    251.76518773966));
#2974 = CARTESIAN_POINT('',(13.683621511588,-302.9320861535,
    251.85105699158));
#2975 = CARTESIAN_POINT('',(13.695785100093,-302.9651011896,
    251.94046059754));
#2976 = CARTESIAN_POINT('',(13.709004751364,-302.9995474313,
    252.03151192193));
#2977 = CARTESIAN_POINT('',(13.722117096087,-303.0338482602,
    252.12239583335));
#2978 = CARTESIAN_POINT('',(13.746122467336,-303.0994422668,
    252.30070105318));
#2979 = CARTESIAN_POINT('',(13.757013500619,-303.1307327464,
    252.3881192493));
#2980 = CARTESIAN_POINT('',(13.765788050137,-303.1591549245,
    252.47223527248));
#2981 = CARTESIAN_POINT('',(13.771577269722,-303.1835313436,
    252.55169352179));
#2982 = CARTESIAN_POINT('',(13.773763823294,-303.2030253409,
    252.62553082289));
#2983 = CARTESIAN_POINT('',(13.772010471021,-303.2171799256,
    252.69322099526));
#2984 = CARTESIAN_POINT('',(13.766229442743,-303.2258761076,
    252.75462710692));
#2985 = CARTESIAN_POINT('',(13.756520325882,-303.2292488801,
    252.80990452879));
#2986 = CARTESIAN_POINT('',(13.743104193579,-303.2275978279,
    252.85939818697));
#2987 = CARTESIAN_POINT('',(13.709459206676,-303.2150629941,
    252.94775614863));
#2988 = CARTESIAN_POINT('',(13.689228649563,-303.2041769018,
    252.9866177948));
#2989 = CARTESIAN_POINT('',(13.665897135827,-303.1890883373,
    253.0206412659));
#2990 = CARTESIAN_POINT('',(13.639840881861,-303.1703071439,
    253.05041353118));
#2991 = CARTESIAN_POINT('',(13.611470772699,-303.1483901807,
    253.07657568212));
#2992 = CARTESIAN_POINT('',(13.581210239329,-303.123911266,
    253.09978833991));
#2993 = CARTESIAN_POINT('',(13.549477014717,-303.0974365418,
    253.12070328485));
#2994 = CARTESIAN_POINT('',(13.516666118409,-303.0695013298,
    253.13993681643));
#2995 = CARTESIAN_POINT('',(13.483137192862,-303.0405930339,
    253.15805006719));
#2996 = CARTESIAN_POINT('',(13.415293009918,-302.9817107881,
    253.19304971485));
#2997 = CARTESIAN_POINT('',(13.380979431482,-302.9517391151,
    253.20993873377));
#2998 = CARTESIAN_POINT('',(13.346570041144,-302.9216375949,
    253.22667826097));
#2999 = CARTESIAN_POINT('',(13.312368981248,-302.8918184099,
    253.24374283773));
#3000 = CARTESIAN_POINT('',(13.278529393796,-302.8624890966,
    253.26137137945));
#3001 = CARTESIAN_POINT('',(13.245121844189,-302.8337452925,
    253.27967400906));
#3002 = CARTESIAN_POINT('',(13.212131098801,-302.8055663464,
    253.29862693387));
#3003 = CARTESIAN_POINT('',(13.179452210343,-302.7778100373,
    253.31806643248));
#3004 = CARTESIAN_POINT('',(13.146988032754,-302.7503447072,
    253.33784092375));
#3005 = CARTESIAN_POINT('',(13.082296248691,-302.6957346538,
    253.37775901211));
#3006 = CARTESIAN_POINT('',(13.050153882973,-302.6687054514,
    253.39803560386));
#3007 = CARTESIAN_POINT('',(13.017612589282,-302.641135604,
    253.41768976894));
#3008 = CARTESIAN_POINT('',(12.98544754931,-302.6140756929,
    253.43793100503));
#3009 = CARTESIAN_POINT('',(12.954792042621,-302.5890614804,
    253.46052739334));
#3010 = CARTESIAN_POINT('',(12.917408861148,-302.5549298416,
    253.47262717348));
#3011 = CARTESIAN_POINT('',(12.888803434245,-302.5326939598,
    253.49842216295));
#3012 = CARTESIAN_POINT('',(12.855705051587,-302.504369144,
    253.51720715881));
#3013 = CARTESIAN_POINT('',(12.82477950844,-302.4789890039,
    253.53938226333));
#3014 = CARTESIAN_POINT('',(12.794140265485,-302.4539968622,
    253.56200406021));
#3015 = CARTESIAN_POINT('',(14.138146396382,-303.1824408846,
    251.37686837818));
#3016 = CARTESIAN_POINT('',(14.080634210787,-303.1210296995,
    251.35756195827));
#3017 = CARTESIAN_POINT('',(14.026422830881,-303.0640918507,
    251.34340554843));
#3018 = CARTESIAN_POINT('',(13.975920746732,-303.0121809046,
    251.33503647561));
#3019 = CARTESIAN_POINT('',(13.929574931423,-302.9659026713,
    251.33315214616));
#3020 = CARTESIAN_POINT('',(13.887846551877,-302.9258820407,
    251.33847204164));
#3021 = CARTESIAN_POINT('',(13.851181468894,-302.8927233667,
    251.35169185799));
#3022 = CARTESIAN_POINT('',(13.81996922639,-302.8669544537,
    251.37341931655));
#3023 = CARTESIAN_POINT('',(13.794488085547,-302.8489525,251.40408861627
    ));
#3024 = CARTESIAN_POINT('',(13.774837776609,-302.8388526041,
    251.44385532403));
#3025 = CARTESIAN_POINT('',(13.746893197593,-302.8340427891,
    251.5411067456));
#3026 = CARTESIAN_POINT('',(13.738602632478,-302.8393378803,
    251.59859722756));
#3027 = CARTESIAN_POINT('',(13.735842218981,-302.8521275686,
    251.66471602654));
#3028 = CARTESIAN_POINT('',(13.738243727941,-302.8719128042,
    251.7388885426));
#3029 = CARTESIAN_POINT('',(13.745138911981,-302.897787974,
    251.82007228769));
#3030 = CARTESIAN_POINT('',(13.755557740145,-302.9284384819,
    251.9067536488));
#3031 = CARTESIAN_POINT('',(13.768283031981,-302.9622147427,
    251.99703367485));
#3032 = CARTESIAN_POINT('',(13.781995809014,-302.9973292998,
    252.0888543843));
#3033 = CARTESIAN_POINT('',(13.795442485833,-303.032083223,
    252.18025994536));
#3034 = CARTESIAN_POINT('',(13.819667635327,-303.0979750956,
    252.35890808767));
#3035 = CARTESIAN_POINT('',(13.830444249936,-303.1291105095,
    252.44614778859));
#3036 = CARTESIAN_POINT('',(13.838814551214,-303.156984873,
    252.5296330627));
#3037 = CARTESIAN_POINT('',(13.843870931635,-303.180368096,
    252.60794800066));
#3038 = CARTESIAN_POINT('',(13.845019759465,-303.1984558079,
    252.6801661412));
#3039 = CARTESIAN_POINT('',(13.841912083541,-303.2107749356,
    252.74574334819));
#3040 = CARTESIAN_POINT('',(13.834630647943,-303.2174377801,
    252.80480844806));
#3041 = CARTESIAN_POINT('',(13.82324947935,-303.2185445353,
    252.85747712404));
#3042 = CARTESIAN_POINT('',(13.808121193514,-303.2145731499,
    252.90429944211));
#3043 = CARTESIAN_POINT('',(13.771059400895,-303.1974077943,
    252.98732643397));
#3044 = CARTESIAN_POINT('',(13.749126368714,-303.1842144816,
    253.02353184831));
#3045 = CARTESIAN_POINT('',(13.724157729023,-303.1669072396,
    253.05500102751));
#3046 = CARTESIAN_POINT('',(13.696586693433,-303.1460732101,
    253.08240992789));
#3047 = CARTESIAN_POINT('',(13.666862132931,-303.1223206361,
    253.10645879492));
#3048 = CARTESIAN_POINT('',(13.63543122349,-303.0962556342,
    253.1278454463));
#3049 = CARTESIAN_POINT('',(13.6027251891,-303.068462521,253.14724256615
    ));
#3050 = CARTESIAN_POINT('',(13.569137966017,-303.0394752246,
    253.16526486949));
#3051 = CARTESIAN_POINT('',(13.535008171713,-303.0097526165,
    253.18244062662));
#3052 = CARTESIAN_POINT('',(13.466262174857,-302.9496482162,
    253.21603324711));
#3053 = CARTESIAN_POINT('',(13.431647207404,-302.919268092,
    253.23245202492));
#3054 = CARTESIAN_POINT('',(13.397061403781,-302.8889274964,
    253.24891632668));
#3055 = CARTESIAN_POINT('',(13.362768292711,-302.8589835681,
    253.26583725153));
#3056 = CARTESIAN_POINT('',(13.328892451299,-302.8296050904,
    253.28340926934));
#3057 = CARTESIAN_POINT('',(13.295474787572,-302.8008476379,
    253.30169607751));
#3058 = CARTESIAN_POINT('',(13.262507896707,-302.7727009637,
    253.32068625504));
#3059 = CARTESIAN_POINT('',(13.229873774867,-302.745005353,
    253.34019557921));
#3060 = CARTESIAN_POINT('',(13.197475026258,-302.7176286867,
    253.36007216148));
#3061 = CARTESIAN_POINT('',(13.132938898725,-302.6632295819,
    253.40023310686));
#3062 = CARTESIAN_POINT('',(13.101367271415,-302.6369738552,
    253.42140016513));
#3063 = CARTESIAN_POINT('',(13.06590692627,-302.605448049,
    253.43650002559));
#3064 = CARTESIAN_POINT('',(13.042461199363,-302.5902047534,
    253.47034516226));
#3065 = CARTESIAN_POINT('',(12.998145701576,-302.5466781587,
    253.47162921279));
#3066 = CARTESIAN_POINT('',(12.972760553406,-302.5288066495,
    253.50244828198));
#3067 = CARTESIAN_POINT('',(12.939268225591,-302.4999477769,
    253.52061881042));
#3068 = CARTESIAN_POINT('',(12.908150808156,-302.4743077073,
    253.54249449932));
#3069 = CARTESIAN_POINT('',(12.877606966015,-302.4494448275,
    253.5652651465));
#3070 = CARTESIAN_POINT('',(12.847542828937,-302.4252320832,
    253.58878423766));
#3071 = CARTESIAN_POINT('',(14.218436455908,-303.1901143685,
    251.44559870661));
#3072 = CARTESIAN_POINT('',(14.160514743023,-303.1281481935,
    251.42565334337));
#3073 = CARTESIAN_POINT('',(14.105752834891,-303.0704642455,
    251.41063799256));
#3074 = CARTESIAN_POINT('',(14.054571796113,-303.0176332216,
    251.40120962504));
#3075 = CARTESIAN_POINT('',(14.007441938295,-302.9702923614,
    251.39810199552));
#3076 = CARTESIAN_POINT('',(13.964855508363,-302.9291089965,
    251.40208318933));
#3077 = CARTESIAN_POINT('',(13.927301688028,-302.8947457885,
    251.41391634815));
#3078 = CARTESIAN_POINT('',(13.895225910249,-302.867806685,
    251.43429654685));
#3079 = CARTESIAN_POINT('',(13.868967096497,-302.848750775,
    251.46375249243));
#3080 = CARTESIAN_POINT('',(13.848677405619,-302.8377844013,
    251.50252164501));
#3081 = CARTESIAN_POINT('',(13.819804013472,-302.83171585,251.5983239307
    ));
#3082 = CARTESIAN_POINT('',(13.811223014306,-302.836617364,
    251.65536130777));
#3083 = CARTESIAN_POINT('',(13.808383246154,-302.8492994833,
    251.7213562397));
#3084 = CARTESIAN_POINT('',(13.81092679938,-302.8692772771,
    251.79575052063));
#3085 = CARTESIAN_POINT('',(13.81818004549,-302.8956376646,
    251.87749276659));
#3086 = CARTESIAN_POINT('',(13.829107689949,-302.9269777582,
    251.964968164));
#3087 = CARTESIAN_POINT('',(13.842378910806,-302.9614938906,
    252.05609986575));
#3088 = CARTESIAN_POINT('',(13.856556776929,-302.9972387329,
    252.1486462862));
#3089 = CARTESIAN_POINT('',(13.870279063234,-303.0323661898,
    252.24048185028));
#3090 = CARTESIAN_POINT('',(13.89453805056,-303.0983039233,
    252.41918281573));
#3091 = CARTESIAN_POINT('',(13.905071197858,-303.1291094176,
    252.50604261643));
#3092 = CARTESIAN_POINT('',(13.912880776272,-303.1562238245,
    252.58865319951));
#3093 = CARTESIAN_POINT('',(13.917009524571,-303.1783500114,
    252.66552056469));
#3094 = CARTESIAN_POINT('',(13.916810864716,-303.1946114436,
    252.7356366491));
#3095 = CARTESIAN_POINT('',(13.912304175237,-303.2050347482,
    252.79903081459));
#3096 = CARTESIAN_POINT('',(13.903095422659,-303.2090855489,
    252.85508905798));
#3097 = CARTESIAN_POINT('',(13.889939770279,-303.2077875508,
    252.90498906932));
#3098 = CARTESIAN_POINT('',(13.87291523949,-303.2012463167,
    252.9488528438));
#3099 = CARTESIAN_POINT('',(13.832162495252,-303.1790789228,
    253.02612113979));
#3100 = CARTESIAN_POINT('',(13.808419662604,-303.16343292,
    253.05950285435));
#3101 = CARTESIAN_POINT('',(13.781772432114,-303.1438508524,
    253.08835309855));
#3102 = CARTESIAN_POINT('',(13.752657435915,-303.1209243537,
    253.11335299651));
#3103 = CARTESIAN_POINT('',(13.721577102643,-303.0953344964,
    253.13528667707));
#3104 = CARTESIAN_POINT('',(13.689022068207,-303.0677459831,
    253.1549193295));
#3105 = CARTESIAN_POINT('',(13.655407916612,-303.038722217,
    253.17289966084));
#3106 = CARTESIAN_POINT('',(13.621092963152,-303.0087486657,
    253.18978650706));
#3107 = CARTESIAN_POINT('',(13.586426902645,-302.9782993066,
    253.20612558396));
#3108 = CARTESIAN_POINT('',(13.516900447261,-302.9171372097,
    253.23850050851));
#3109 = CARTESIAN_POINT('',(13.482044100272,-302.8864299733,
    253.25454270855));
#3110 = CARTESIAN_POINT('',(13.447334445984,-302.8559215143,
    253.27081368462));
#3111 = CARTESIAN_POINT('',(13.413021064579,-302.8259501105,
    253.28770317856));
#3112 = CARTESIAN_POINT('',(13.379148587892,-302.7965762802,253.30528015
    ));
#3113 = CARTESIAN_POINT('',(13.345812265425,-302.7679288805,
    253.32369419245));
#3114 = CARTESIAN_POINT('',(13.312914498937,-302.7398760686,
    253.34279196436));
#3115 = CARTESIAN_POINT('',(13.280401264024,-302.7123441873,
    253.36249003206));
#3116 = CARTESIAN_POINT('',(13.248125290992,-302.6851339335,
    253.38255813351));
#3117 = CARTESIAN_POINT('',(13.183854526362,-302.6310944542,
    253.42313311043));
#3118 = CARTESIAN_POINT('',(13.150604004539,-302.6025634395,
    253.44168076929));
#3119 = CARTESIAN_POINT('',(13.125583645824,-302.585186239,
    253.47306910149));
#3120 = CARTESIAN_POINT('',(13.077013214462,-302.5358930036,
    253.46771469014));
#3121 = CARTESIAN_POINT('',(13.064347237072,-302.5352593193,
    253.51837797796));
#3122 = CARTESIAN_POINT('',(13.021593206344,-302.4938480931,
    253.52209899975));
#3123 = CARTESIAN_POINT('',(12.991261281114,-302.4692731631,
    253.54519956218));
#3124 = CARTESIAN_POINT('',(12.961910125225,-302.4460262817,
    253.5698313357));
#3125 = CARTESIAN_POINT('',(12.931468353703,-302.421301858,
    253.59276119258));
#3126 = CARTESIAN_POINT('',(12.901983859999,-302.3978746551,
    253.61718465709));
#3127 = CARTESIAN_POINT('',(14.300457163635,-303.2001332653,
    251.51702923665));
#3128 = CARTESIAN_POINT('',(14.242259663785,-303.1377933378,
    251.49665359328));
#3129 = CARTESIAN_POINT('',(14.187063785919,-303.0795213044,
    251.48096116896));
#3130 = CARTESIAN_POINT('',(14.135298760488,-303.02589877,
    251.47062164261));
#3131 = CARTESIAN_POINT('',(14.087454527768,-302.9775899364,
    251.46639947838));
#3132 = CARTESIAN_POINT('',(14.04405116734,-302.9352992541,
    251.46910603403));
#3133 = CARTESIAN_POINT('',(14.005619353804,-302.899746382,
    251.47956940113));
#3134 = CARTESIAN_POINT('',(13.972661576777,-302.8716118309,
    251.49857344365));
#3135 = CARTESIAN_POINT('',(13.945582301184,-302.8514441068,
    251.52674933368));
#3136 = CARTESIAN_POINT('',(13.924594565179,-302.8395317049,
    251.564429377));
#3137 = CARTESIAN_POINT('',(13.894663246551,-302.8320294612,
    251.65858110005));
#3138 = CARTESIAN_POINT('',(13.885721957958,-302.8364426776,
    251.71505631686));
#3139 = CARTESIAN_POINT('',(13.882734696027,-302.8489250032,
    251.78082126254));
#3140 = CARTESIAN_POINT('',(13.885373422225,-302.869031659,
    251.85536381519));
#3141 = CARTESIAN_POINT('',(13.892942311952,-302.8958199502,
    251.93759886411));
#3142 = CARTESIAN_POINT('',(13.904358579484,-302.9278221666,
    252.02583632183));
#3143 = CARTESIAN_POINT('',(13.91815860402,-302.9630549662,
    252.11779332048));
#3144 = CARTESIAN_POINT('',(13.932755108674,-302.9993671849,
    252.21099279668));
#3145 = CARTESIAN_POINT('',(13.946674960411,-303.0347623729,
    252.30313666295));
#3146 = CARTESIAN_POINT('',(13.970732894838,-303.1004276679,
    252.48152394897));
#3147 = CARTESIAN_POINT('',(13.98087117324,-303.1306979918,
    252.56776776952));
#3148 = CARTESIAN_POINT('',(13.987906335188,-303.156762988,
    252.64916978892));
#3149 = CARTESIAN_POINT('',(13.990785627527,-303.1771957438,
    252.72408829025));
#3150 = CARTESIAN_POINT('',(13.989349487696,-303.1917803334,
    252.79227296246));
#3151 = CARTESIAN_POINT('',(13.982414390318,-303.198912384,
    252.85187887178));
#3152 = CARTESIAN_POINT('',(13.971783760791,-303.201036414,
    252.90571828398));
#3153 = CARTESIAN_POINT('',(13.956283092808,-303.1965603047,
    252.95195972245));
#3154 = CARTESIAN_POINT('',(13.937233369213,-303.1872745281,
    252.99266371621));
#3155 = CARTESIAN_POINT('',(13.892538835443,-303.1597651305,
    253.06378194388));
#3156 = CARTESIAN_POINT('',(13.866930461024,-303.141590932,
    253.09425301934));
#3157 = CARTESIAN_POINT('',(13.838496195603,-303.1195869876,
    253.12031502687));
#3158 = CARTESIAN_POINT('',(13.80784922222,-303.0945844311,
    253.14292485375));
#3159 = CARTESIAN_POINT('',(13.775493359609,-303.0672658039,
    253.16286820035));
#3160 = CARTESIAN_POINT('',(13.741862054903,-303.0382188354,
    253.18082185081));
#3161 = CARTESIAN_POINT('',(13.707383277539,-303.0080232378,
    253.19745303431));
#3162 = CARTESIAN_POINT('',(13.672445585332,-302.9772057709,
    253.21336833424));
#3163 = CARTESIAN_POINT('',(13.637317178572,-302.9461298187,
    253.22898602412));
#3164 = CARTESIAN_POINT('',(13.567173836341,-302.8841317113,
    253.26039848159));
#3165 = CARTESIAN_POINT('',(13.5321570768,-302.8532070603,253.2761903397
    ));
#3166 = CARTESIAN_POINT('',(13.497426345328,-302.8226700758,
    253.29242866121));
#3167 = CARTESIAN_POINT('',(13.463128630565,-302.7927199016,
    253.30934205426));
#3168 = CARTESIAN_POINT('',(13.429422297655,-302.7635710912,
    253.32717912503));
#3169 = CARTESIAN_POINT('',(13.396175735417,-302.7350456398,
    253.34573221719));
#3170 = CARTESIAN_POINT('',(13.363501967767,-302.7072961015,
    253.3651802674));
#3171 = CARTESIAN_POINT('',(13.3311481818,-302.6799804561,
    253.38512670409));
#3172 = CARTESIAN_POINT('',(13.299075522193,-302.6530457028,
    253.4055121318));
#3173 = CARTESIAN_POINT('',(13.235242627994,-302.5995996347,
    253.44677027128));
#3174 = CARTESIAN_POINT('',(13.205151438743,-302.5753502629,
    253.47024708634));
#3175 = CARTESIAN_POINT('',(13.164398214431,-302.5366511714,
    253.47708909364));
#3176 = CARTESIAN_POINT('',(13.153374801857,-302.5382437313,
    253.53031531009));
#3177 = CARTESIAN_POINT('',(13.0980916576,-302.4798519513,
    253.51448835572));
#3178 = CARTESIAN_POINT('',(13.078760102894,-302.4701862362,
    253.5547510136));
#3179 = CARTESIAN_POINT('',(13.04804666013,-302.4450919622,
    253.57725839467));
#3180 = CARTESIAN_POINT('',(13.015572570814,-302.4176139997,
    253.59701683052));
#3181 = CARTESIAN_POINT('',(12.986669582813,-302.3949746611,
    253.62234768856));
#3182 = CARTESIAN_POINT('',(12.957706502081,-302.3722540937,
    253.64758467408));
#3183 = CARTESIAN_POINT('',(14.384085140385,-303.2123303689,
    251.59096747002));
#3184 = CARTESIAN_POINT('',(14.325780042959,-303.149844639,
    251.57042396138));
#3185 = CARTESIAN_POINT('',(14.270302521851,-303.0911908784,
    251.55429211449));
#3186 = CARTESIAN_POINT('',(14.218084678635,-303.0369547998,
    251.54324611991));
#3187 = CARTESIAN_POINT('',(14.169631241995,-302.9878201588,
    251.53807343392));
#3188 = CARTESIAN_POINT('',(14.12548527458,-302.9445233619,
    251.53962143075));
#3189 = CARTESIAN_POINT('',(14.086215414293,-302.9078344882,
    251.54877719905));
#3190 = CARTESIAN_POINT('',(14.052380530546,-302.8785114766,
    251.56641283294));
#3191 = CARTESIAN_POINT('',(14.024454442779,-302.8571960306,
    251.59326748156));
#3192 = CARTESIAN_POINT('',(14.002719213261,-302.844270663,
    251.62978130141));
#3193 = CARTESIAN_POINT('',(13.971605479313,-302.8351659851,
    251.72208820625));
#3194 = CARTESIAN_POINT('',(13.962228643159,-302.8389889986,
    251.77788393909));
#3195 = CARTESIAN_POINT('',(13.959017054467,-302.8511671941,
    251.84329874964));
#3196 = CARTESIAN_POINT('',(13.961679196631,-302.8713057905,
    251.91787812851));
#3197 = CARTESIAN_POINT('',(13.969517473334,-302.8984589676,
    252.00053311333));
#3198 = CARTESIAN_POINT('',(13.981393631051,-302.9310845746,
    252.08948851219));
#3199 = CARTESIAN_POINT('',(13.995688791095,-302.9669883631,
    252.18221773589));
#3200 = CARTESIAN_POINT('',(14.010645981989,-303.0037893829,
    252.27598014843));
#3201 = CARTESIAN_POINT('',(14.024659477792,-303.0393115091,
    252.36827006872));
#3202 = CARTESIAN_POINT('',(14.048210282879,-303.1042895215,
    252.54586615739));
#3203 = CARTESIAN_POINT('',(14.057743946923,-303.1337405197,
    252.63116653041));
#3204 = CARTESIAN_POINT('',(14.063729137359,-303.1583824734,
    252.71093078562));
#3205 = CARTESIAN_POINT('',(14.065349977369,-303.177109914,
    252.78388505779));
#3206 = CARTESIAN_POINT('',(14.061318105004,-303.1881764897,
    252.84802077298));
#3207 = CARTESIAN_POINT('',(14.053497620139,-303.1941089177,
    252.90624442915));
#3208 = CARTESIAN_POINT('',(14.039427798085,-303.1915718599,
    252.95471849949));
#3209 = CARTESIAN_POINT('',(14.022121120697,-303.1846483439,
    252.99814192993));
#3210 = CARTESIAN_POINT('',(14.000782018031,-303.1722599083,
    253.0352740286));
#3211 = CARTESIAN_POINT('',(13.951891338598,-303.1390638313,
    253.09984534811));
#3212 = CARTESIAN_POINT('',(13.924286034474,-303.1181833292,
    253.12720074754));
#3213 = CARTESIAN_POINT('',(13.894159767533,-303.0938864115,
    253.15062294442));
#3214 = CARTESIAN_POINT('',(13.862023332573,-303.0668651789,
    253.17090867758));
#3215 = CARTESIAN_POINT('',(13.828405950836,-303.0378370958,
    253.18888407747));
#3216 = CARTESIAN_POINT('',(13.793799519324,-303.0074684623,
    253.20531601977));
#3217 = CARTESIAN_POINT('',(13.758598759269,-302.9762945056,
    253.22082093592));
#3218 = CARTESIAN_POINT('',(13.723117594462,-302.9447404778,
    253.23588821526));
#3219 = CARTESIAN_POINT('',(13.687643032332,-302.9131954228,
    253.25096585591));
#3220 = CARTESIAN_POINT('',(13.617096580784,-302.8506510045,
    253.28174935544));
#3221 = CARTESIAN_POINT('',(13.582029260476,-302.8196578614,
    253.29746241775));
#3222 = CARTESIAN_POINT('',(13.547339006784,-302.7891756747,
    253.3137635429));
#3223 = CARTESIAN_POINT('',(13.51325224327,-302.7595114103,
    253.33100692581));
#3224 = CARTESIAN_POINT('',(13.479648985011,-302.7305024193,
    253.34900339098));
#3225 = CARTESIAN_POINT('',(13.44674935635,-302.7024468441,
    253.36809943049));
#3226 = CARTESIAN_POINT('',(13.414254288016,-302.6749397436,
    253.38782495791));
#3227 = CARTESIAN_POINT('',(13.382240358093,-302.6480845749,
    253.4083023426));
#3228 = CARTESIAN_POINT('',(13.350472042301,-302.6215622895,
    253.42916242132));
#3229 = CARTESIAN_POINT('',(13.287336974621,-302.5690619297,
    253.4715093446));
#3230 = CARTESIAN_POINT('',(13.254480542583,-302.5410649745,
    253.49067190587));
#3231 = CARTESIAN_POINT('',(13.231200411013,-302.5260463577,
    253.52477528089));
#3232 = CARTESIAN_POINT('',(13.182233033739,-302.4762144565,
    253.51880172133));
#3233 = CARTESIAN_POINT('',(13.171264948514,-302.4778831801,
    253.57211371223));
#3234 = CARTESIAN_POINT('',(13.130568368196,-302.4392586173,
    253.57904555115));
#3235 = CARTESIAN_POINT('',(13.100044103013,-302.4144242726,
    253.60184521501));
#3236 = CARTESIAN_POINT('',(13.07275078085,-302.3939655827,
    253.62968812838));
#3237 = CARTESIAN_POINT('',(13.04318016439,-302.370421937,
    253.65397706553));
#3238 = CARTESIAN_POINT('',(13.014780486476,-302.3484648988,
    253.68009308595));
#3239 = CARTESIAN_POINT('',(14.469115599874,-303.2264281492,
    251.66709389405));
#3240 = CARTESIAN_POINT('',(14.410909169689,-303.1640761325,
    251.6467043383));
#3241 = CARTESIAN_POINT('',(14.35534361495,-303.1053031201,
    251.63043515373));
#3242 = CARTESIAN_POINT('',(14.302848054621,-303.0506905613,
    251.61895585653));
#3243 = CARTESIAN_POINT('',(14.253935608704,-303.0009340769,
    251.61306705507));
#3244 = CARTESIAN_POINT('',(14.209166115342,-302.9567920038,
    251.61364217265));
#3245 = CARTESIAN_POINT('',(14.169139966869,-302.9190784674,
    251.62161803705));
#3246 = CARTESIAN_POINT('',(14.134468122027,-302.8886209954,
    251.63794778503));
#3247 = CARTESIAN_POINT('',(14.105694396313,-302.8661569366,
    251.66347997781));
#3248 = CARTESIAN_POINT('',(14.083177847723,-302.852172674,
    251.69877476273));
#3249 = CARTESIAN_POINT('',(14.050770299643,-302.8413146315,
    251.78906307175));
#3250 = CARTESIAN_POINT('',(14.040879709911,-302.8444413519,
    251.8440571996));
#3251 = CARTESIAN_POINT('',(14.037356002084,-302.8561967004,
    251.90898518636));
#3252 = CARTESIAN_POINT('',(14.039951746154,-302.8762451117,
    251.9834607306));
#3253 = CARTESIAN_POINT('',(14.047995771678,-302.9036773538,
    252.06643709045));
#3254 = CARTESIAN_POINT('',(14.060292424474,-302.9368726797,
    252.15604820392));
#3255 = CARTESIAN_POINT('',(14.075033997722,-302.9733815228,
    252.24947423272));
#3256 = CARTESIAN_POINT('',(14.09027174231,-303.0105627653,
    252.34367421845));
#3257 = CARTESIAN_POINT('',(14.104239261051,-303.0460225715,
    252.43589247538));
#3258 = CARTESIAN_POINT('',(14.126884583771,-303.1097734908,
    252.61207581231));
#3259 = CARTESIAN_POINT('',(14.135554810261,-303.1380542908,
    252.69602915447));
#3260 = CARTESIAN_POINT('',(14.140287865443,-303.1609994422,
    252.77383941322));
#3261 = CARTESIAN_POINT('',(14.13961155951,-303.176613586,
    252.84321038039));
#3262 = CARTESIAN_POINT('',(14.134544159455,-303.1862770174,
    252.9057294939));
#3263 = CARTESIAN_POINT('',(14.122361908062,-303.1862980302,
    252.95714868598));
#3264 = CARTESIAN_POINT('',(14.10728832554,-303.1824008889,
    253.00405611902));
#3265 = CARTESIAN_POINT('',(14.086839659993,-303.1712191534,
    253.04257757525));
#3266 = CARTESIAN_POINT('',(14.063180266297,-303.1556862638,
    253.07608946758));
#3267 = CARTESIAN_POINT('',(14.009928851546,-303.116580416,
    253.13385706507));
#3268 = CARTESIAN_POINT('',(13.980389241175,-303.0930785258,
    253.15819454054));
#3269 = CARTESIAN_POINT('',(13.948526468924,-303.0664282099,
    253.17890731821));
#3270 = CARTESIAN_POINT('',(13.914971486959,-303.0374846484,
    253.19698000375));
#3271 = CARTESIAN_POINT('',(13.880252723658,-303.0069637897,
    253.21323670529));
#3272 = CARTESIAN_POINT('',(13.84480133713,-302.9754501949,
    253.22835062056));
#3273 = CARTESIAN_POINT('',(13.808985836349,-302.9434430539,
    253.24289622179));
#3274 = CARTESIAN_POINT('',(13.773117402939,-302.9113642222,
    253.25735935574));
#3275 = CARTESIAN_POINT('',(13.737428255157,-302.8795283445,
    253.27210216645));
#3276 = CARTESIAN_POINT('',(13.666742544013,-302.8167952075,
    253.30266840699));
#3277 = CARTESIAN_POINT('',(13.631744623253,-302.7858960848,
    253.31848966049));
#3278 = CARTESIAN_POINT('',(13.597270896544,-302.7557074098,
    253.33512895619));
#3279 = CARTESIAN_POINT('',(13.563379718417,-302.7263081424,
    253.35267665948));
#3280 = CARTESIAN_POINT('',(13.530198920603,-302.6978716435,
    253.37133365165));
#3281 = CARTESIAN_POINT('',(13.497556768282,-302.6701651433,
    253.39082977466));
#3282 = CARTESIAN_POINT('',(13.465519704788,-302.6432786434,
    253.41127123229));
#3283 = CARTESIAN_POINT('',(13.433858349357,-302.6169012898,
    253.43229799577));
#3284 = CARTESIAN_POINT('',(13.402506303009,-302.5909431585,
    253.45380775073));
#3285 = CARTESIAN_POINT('',(13.340300511051,-302.5397021726,
    253.49760453309));
#3286 = CARTESIAN_POINT('',(13.310335440039,-302.5156237008,
    253.52127814232));
#3287 = CARTESIAN_POINT('',(13.274922391938,-302.4841618003,
    253.53645189921));
#3288 = CARTESIAN_POINT('',(13.254884755418,-302.4735379535,
    253.57561422335));
#3289 = CARTESIAN_POINT('',(13.212783493487,-302.4330106942,
    253.58035341213));
#3290 = CARTESIAN_POINT('',(13.188558101504,-302.4167126439,
    253.61298116516));
#3291 = CARTESIAN_POINT('',(13.159398297796,-302.3937239351,
    253.63791223803));
#3292 = CARTESIAN_POINT('',(13.129054415136,-302.3691328817,
    253.66099434557));
#3293 = CARTESIAN_POINT('',(13.1010449867,-302.3477044957,
    253.68771936176));
#3294 = CARTESIAN_POINT('',(13.073189965372,-302.3264855918,
    253.71468516759));
#3295 = CARTESIAN_POINT('',(14.555230058335,-303.2419949904,
    251.74491160359));
#3296 = CARTESIAN_POINT('',(14.497366887289,-303.1801081793,
    251.7250576194));
#3297 = CARTESIAN_POINT('',(14.441952193346,-303.1215395898,
    251.70902382052));
#3298 = CARTESIAN_POINT('',(14.389406152576,-303.0668587132,
    251.69746578201));
#3299 = CARTESIAN_POINT('',(14.3402419345,-303.0167608781,
    251.69118415158));
#3300 = CARTESIAN_POINT('',(14.295028962417,-302.9720179958,
    251.69106738728));
#3301 = CARTESIAN_POINT('',(14.254390281851,-302.9334741597,
    251.69808753911));
#3302 = CARTESIAN_POINT('',(14.218978010334,-302.9020134023,
    251.71326210755));
#3303 = CARTESIAN_POINT('',(14.189399675671,-302.8784588473,
    251.73753891976));
#3304 = CARTESIAN_POINT('',(14.166096708133,-302.8634088565,
    251.77160674363));
#3305 = CARTESIAN_POINT('',(14.132313720657,-302.8506867947,
    251.85974908099));
#3306 = CARTESIAN_POINT('',(14.121833303511,-302.8530142207,
    251.91382299718));
#3307 = CARTESIAN_POINT('',(14.117895165064,-302.8642078309,
    251.97810429121));
#3308 = CARTESIAN_POINT('',(14.120327940885,-302.8840355565,
    252.05232577842));
#3309 = CARTESIAN_POINT('',(14.128478307922,-302.9116117462,
    252.13546780431));
#3310 = CARTESIAN_POINT('',(14.141139898711,-302.9453017823,
    252.22564857942));
#3311 = CARTESIAN_POINT('',(14.156268405288,-302.9823349571,
    252.31967812436));
#3312 = CARTESIAN_POINT('',(14.171667455093,-303.019734815,
    252.41412990321));
#3313 = CARTESIAN_POINT('',(14.18540004057,-303.0548762527,
    252.50598158153));
#3314 = CARTESIAN_POINT('',(14.206620347938,-303.1166959582,
    252.67994160761));
#3315 = CARTESIAN_POINT('',(14.214114494391,-303.1433829598,
    252.76205993319));
#3316 = CARTESIAN_POINT('',(14.216954514604,-303.1637625396,
    252.83691690767));
#3317 = CARTESIAN_POINT('',(14.214560468123,-303.1770489151,
    252.90360730888));
#3318 = CARTESIAN_POINT('',(14.205474580311,-303.1812662254,
    252.95985735892));
#3319 = CARTESIAN_POINT('',(14.192256211657,-303.1798832887,
    253.00965937819));
#3320 = CARTESIAN_POINT('',(14.172926985124,-303.1702186311,
    253.0499274419));
#3321 = CARTESIAN_POINT('',(14.150227240967,-303.1559862964,
    253.08493656654));
#3322 = CARTESIAN_POINT('',(14.12402226794,-303.1370035494,
    253.11447681524));
#3323 = CARTESIAN_POINT('',(14.066363299785,-303.0919245098,
    253.16536765737));
#3324 = CARTESIAN_POINT('',(14.034882446624,-303.0657917946,
    253.18667634526));
#3325 = CARTESIAN_POINT('',(14.001438436014,-303.0369985872,
    253.20492210447));
#3326 = CARTESIAN_POINT('',(13.966626832442,-303.0063519529,
    253.22103403386));
#3327 = CARTESIAN_POINT('',(13.930953008914,-302.9745368832,
    253.23580084706));
#3328 = CARTESIAN_POINT('',(13.894832212606,-302.942116,253.24987012209)
  );
#3329 = CARTESIAN_POINT('',(13.858596325368,-302.9095391918,
    253.26375996134));
#3330 = CARTESIAN_POINT('',(13.822507298654,-302.8771613881,
    253.27787886175));
#3331 = CARTESIAN_POINT('',(13.786767431635,-302.8452567828,
    253.29254256029));
#3332 = CARTESIAN_POINT('',(13.716247622722,-302.7827484735,
    253.32336763291));
#3333 = CARTESIAN_POINT('',(13.681468757489,-302.7521462429,
    253.33953071869));
#3334 = CARTESIAN_POINT('',(13.647298864438,-302.7223692718,
    253.35664385152));
#3335 = CARTESIAN_POINT('',(13.613827739092,-302.6935393409,
    253.37484743134));
#3336 = CARTESIAN_POINT('',(13.581041762318,-302.6656378724,
    253.39411961077));
#3337 = CARTESIAN_POINT('',(13.548883469375,-302.6385871086,
    253.41437162638));
#3338 = CARTESIAN_POINT('',(13.517312339877,-302.612332027,
    253.43553924377));
#3339 = CARTESIAN_POINT('',(13.486156773691,-302.586640184,
    253.45735559061));
#3340 = CARTESIAN_POINT('',(13.455344026846,-302.5614128945,
    253.479706644));
#3341 = CARTESIAN_POINT('',(13.394262884545,-302.5116960563,
    253.52525814235));
#3342 = CARTESIAN_POINT('',(13.363660830831,-302.4867543136,
    253.547937978));
#3343 = CARTESIAN_POINT('',(13.335368162237,-302.4649423579,
    253.57422090881));
#3344 = CARTESIAN_POINT('',(13.301619368665,-302.4357358129,
    253.59199121603));
#3345 = CARTESIAN_POINT('',(13.276317287669,-302.4179772937,
    253.62293993618));
#3346 = CARTESIAN_POINT('',(13.244902421575,-302.3919332574,
    253.64435200442));
#3347 = CARTESIAN_POINT('',(13.215942546038,-302.36921766,
    253.66959357337));
#3348 = CARTESIAN_POINT('',(13.188164208258,-302.3481023333,
    253.69667924987));
#3349 = CARTESIAN_POINT('',(13.160220443343,-302.3267632601,
    253.72350653961));
#3350 = CARTESIAN_POINT('',(13.132918132715,-302.3062933988,
    253.75133469791));
#3351 = CARTESIAN_POINT('',(14.641964646767,-303.2584022483,
    251.82369685972));
#3352 = CARTESIAN_POINT('',(14.584722277405,-303.1973567638,
    251.80481147549));
#3353 = CARTESIAN_POINT('',(14.529739564811,-303.1393736281,
    251.78945167624));
#3354 = CARTESIAN_POINT('',(14.477422528434,-303.0850030666,
    251.7782509398));
#3355 = CARTESIAN_POINT('',(14.428275562901,-303.0349286966,
    251.77199625062));
#3356 = CARTESIAN_POINT('',(14.382870647861,-302.9899255993,
    251.77158001079));
#3357 = CARTESIAN_POINT('',(14.341842959298,-302.950854678,
    251.7779932563));
#3358 = CARTESIAN_POINT('',(14.305869567636,-302.9186334147,
    251.79229234615));
#3359 = CARTESIAN_POINT('',(14.275605485294,-302.8941495727,
    251.81549927126));
#3360 = CARTESIAN_POINT('',(14.251569049302,-302.8781055641,
    251.84842272897));
#3361 = CARTESIAN_POINT('',(14.216403329924,-302.8635096246,
    251.93440773237));
#3362 = CARTESIAN_POINT('',(14.20527362756,-302.8649571107,
    251.98746861414));
#3363 = CARTESIAN_POINT('',(14.200812471968,-302.8754419911,
    252.05093396468));
#3364 = CARTESIAN_POINT('',(14.202956246825,-302.8948779623,
    252.12470443155));
#3365 = CARTESIAN_POINT('',(14.211083116067,-302.9224224333,
    252.20780998228));
#3366 = CARTESIAN_POINT('',(14.224034673505,-302.9565053577,
    252.29844301938));
#3367 = CARTESIAN_POINT('',(14.239465768047,-302.9939486537,
    252.39294479293));
#3368 = CARTESIAN_POINT('',(14.254863063992,-303.0313461363,
    252.48739378937));
#3369 = CARTESIAN_POINT('',(14.268102134369,-303.0658187531,
    252.57847550356));
#3370 = CARTESIAN_POINT('',(14.287204534809,-303.1247682471,
    252.74913113293));
#3371 = CARTESIAN_POINT('',(14.293056954771,-303.1492303268,
    252.82868804181));
#3372 = CARTESIAN_POINT('',(14.293779206008,-303.1667399294,
    252.90024071332));
#3373 = CARTESIAN_POINT('',(14.28807062801,-303.1755342866,
    252.96175994117));
#3374 = CARTESIAN_POINT('',(14.276761348394,-303.1767385429,
    253.01454070603));
#3375 = CARTESIAN_POINT('',(14.259098407631,-303.1693320972,
    253.05740848038));
#3376 = CARTESIAN_POINT('',(14.237380360581,-303.156430172,
    253.09394928245));
#3377 = CARTESIAN_POINT('',(14.211605977078,-303.1380309646,
    253.12416135451));
#3378 = CARTESIAN_POINT('',(14.182920838256,-303.1156870686,
    253.1498319822));
#3379 = CARTESIAN_POINT('',(14.120958658021,-303.0647762248,
    253.19400885457));
#3380 = CARTESIAN_POINT('',(14.087691222354,-303.0362223047,
    253.21253008773));
#3381 = CARTESIAN_POINT('',(14.052831621463,-303.0055106449,
    253.22856717495));
#3382 = CARTESIAN_POINT('',(14.0169684907,-302.9734389932,
    253.24303856736));
#3383 = CARTESIAN_POINT('',(13.980571020695,-302.9406431775,
    253.25667621683));
#3384 = CARTESIAN_POINT('',(13.944004147556,-302.9076178014,
    253.27004962476));
#3385 = CARTESIAN_POINT('',(13.907552534737,-302.8747486162,
    253.28360281135));
#3386 = CARTESIAN_POINT('',(13.871438880359,-302.8423374457,
    253.29768332036));
#3387 = CARTESIAN_POINT('',(13.835828231777,-302.8106079556,
    253.31254861628));
#3388 = CARTESIAN_POINT('',(13.76580343299,-302.748770497,253.3441460211
    ));
#3389 = CARTESIAN_POINT('',(13.73139030813,-302.7186639129,
    253.36087971817));
#3390 = CARTESIAN_POINT('',(13.697673736829,-302.6895013244,
    253.37870021625));
#3391 = CARTESIAN_POINT('',(13.664719695403,-302.6613721058,
    253.39771038287));
#3392 = CARTESIAN_POINT('',(13.632449721104,-302.6341699885,
    253.41778791997));
#3393 = CARTESIAN_POINT('',(13.600900411624,-302.6079444811,
    253.43898976324));
#3394 = CARTESIAN_POINT('',(13.569881151857,-302.5824373579,
    253.46101869154));
#3395 = CARTESIAN_POINT('',(13.539327554958,-302.5575612704,
    253.48377409078));
#3396 = CARTESIAN_POINT('',(13.509121543806,-302.5331562591,
    253.50707183471));
#3397 = CARTESIAN_POINT('',(13.44931282143,-302.4851638309,
    253.55460858684));
#3398 = CARTESIAN_POINT('',(13.419769143181,-302.4616564199,
    253.57893970727));
#3399 = CARTESIAN_POINT('',(13.390082328627,-302.4379550221,
    253.60304751178));
#3400 = CARTESIAN_POINT('',(13.361648689998,-302.4159520112,
    253.62911052229));
#3401 = CARTESIAN_POINT('',(13.331952328641,-302.3922375704,
    253.65320348946));
#3402 = CARTESIAN_POINT('',(13.303775883306,-302.3705832113,
    253.67966768697));
#3403 = CARTESIAN_POINT('',(13.275659922061,-302.3490105502,
    253.7062264865));
#3404 = CARTESIAN_POINT('',(13.247883391226,-302.3278980845,
    253.7333146864));
#3405 = CARTESIAN_POINT('',(13.220697074008,-302.3075854008,
    253.76132383874));
#3406 = CARTESIAN_POINT('',(13.193935917945,-302.2878489243,
    253.78999631889));
#3407 = CARTESIAN_POINT('',(14.728687516736,-303.2747936293,
    251.90246383912));
#3408 = CARTESIAN_POINT('',(14.672363175164,-303.2149922833,
    251.88501079434));
#3409 = CARTESIAN_POINT('',(14.618121783595,-303.1580138031,
    251.87080763087));
#3410 = CARTESIAN_POINT('',(14.566351577413,-303.1043843373,
    251.86046008748));
#3411 = CARTESIAN_POINT('',(14.517542301092,-303.0547675966,
    251.85473227463));
#3412 = CARTESIAN_POINT('',(14.472262994292,-303.0099347626,
    251.85451203193));
#3413 = CARTESIAN_POINT('',(14.431152969789,-302.97075224,
    251.86079682119));
#3414 = CARTESIAN_POINT('',(14.394899011974,-302.9381507796,
    251.87465819116));
#3415 = CARTESIAN_POINT('',(14.364179518979,-302.9130497543,
    251.89715458325));
#3416 = CARTESIAN_POINT('',(14.339563976567,-302.8962209447,
    251.92917452558));
#3417 = CARTESIAN_POINT('',(14.303163721469,-302.8799519557,
    252.01323340911));
#3418 = CARTESIAN_POINT('',(14.29137745905,-302.8805096784,
    252.06526993376));
#3419 = CARTESIAN_POINT('',(14.286306497889,-302.8901681217,
    252.12778384308));
#3420 = CARTESIAN_POINT('',(14.287987748071,-302.908977323,
    252.20083273169));
#3421 = CARTESIAN_POINT('',(14.295919203623,-302.9362569238,
    252.28363333891));
#3422 = CARTESIAN_POINT('',(14.309078061526,-302.9706208319,
    252.37458988679));
#3423 = CARTESIAN_POINT('',(14.324687521677,-303.0083058423,
    252.46936991937));
#3424 = CARTESIAN_POINT('',(14.339867920776,-303.0454093914,
    252.56348053831));
#3425 = CARTESIAN_POINT('',(14.352249500364,-303.0787199266,
    252.65322437804));
#3426 = CARTESIAN_POINT('',(14.368287156091,-303.1335160231,
    252.81909833996));
#3427 = CARTESIAN_POINT('',(14.371942093279,-303.1550000435,
    252.89522668288));
#3428 = CARTESIAN_POINT('',(14.369672658718,-303.1684552289,
    252.96211169209));
#3429 = CARTESIAN_POINT('',(14.360683264605,-303.1728034067,
    253.01851206338));
#3430 = CARTESIAN_POINT('',(14.3453038252,-303.1684916421,
    253.06494254951));
#3431 = CARTESIAN_POINT('',(14.324376907759,-303.1566618493,
    253.10271772699));
#3432 = CARTESIAN_POINT('',(14.299261945044,-303.1391563128,
    253.13395862924));
#3433 = CARTESIAN_POINT('',(14.270668647175,-303.1169368795,
    253.15977255066));
#3434 = CARTESIAN_POINT('',(14.239558153155,-303.091306086,
    253.18165908855));
#3435 = CARTESIAN_POINT('',(14.173605781142,-303.0349876566,
    253.21961037572));
#3436 = CARTESIAN_POINT('',(14.138768859212,-303.0043067351,
    253.23568285703));
#3437 = CARTESIAN_POINT('',(14.102761563267,-302.9720397004,
    253.24992929875));
#3438 = CARTESIAN_POINT('',(14.066125611209,-302.9389206982,
    253.26319489013));
#3439 = CARTESIAN_POINT('',(14.029271828397,-302.9055064879,
    253.27612062947));
#3440 = CARTESIAN_POINT('',(13.992509197305,-302.8722158089,
    253.28918857286));
#3441 = CARTESIAN_POINT('',(13.956072820148,-302.8393672758,
    253.30276555695));
#3442 = CARTESIAN_POINT('',(13.92014216771,-302.8072041108,
    253.31713157667));
#3443 = CARTESIAN_POINT('',(13.884844689148,-302.7758990363,
    253.33248549226));
#3444 = CARTESIAN_POINT('',(13.81564253965,-302.7151764476,
    253.3653664107));
#3445 = CARTESIAN_POINT('',(13.781737964709,-302.6857590643,
    253.38289356596));
#3446 = CARTESIAN_POINT('',(13.7486028111,-302.6573844144,
    253.40162118517));
#3447 = CARTESIAN_POINT('',(13.716251774277,-302.6300724186,
    253.42157220956));
#3448 = CARTESIAN_POINT('',(13.684645162538,-302.6037692777,
    253.44268468993));
#3449 = CARTESIAN_POINT('',(13.653724089808,-302.5783951982,
    253.46486677734));
#3450 = CARTESIAN_POINT('',(13.623363996836,-302.5537813654,
    253.487924106));
#3451 = CARTESIAN_POINT('',(13.593467835051,-302.5297962639,
    253.51170527848));
#3452 = CARTESIAN_POINT('',(13.563936286508,-302.5063052929,
    253.53605532494));
#3453 = CARTESIAN_POINT('',(13.505504127979,-302.4601784116,
    253.58573982505));
#3454 = CARTESIAN_POINT('',(13.476601356925,-302.4375395738,
    253.61107090542));
#3455 = CARTESIAN_POINT('',(13.447957276684,-302.4152513155,
    253.63680560189));
#3456 = CARTESIAN_POINT('',(13.419542222346,-302.3932734447,
    253.66289762939));
#3457 = CARTESIAN_POINT('',(13.391380029062,-302.3716382482,
    253.68938417747));
#3458 = CARTESIAN_POINT('',(13.36353269405,-302.3504297618,
    253.71636197456));
#3459 = CARTESIAN_POINT('',(13.336065389868,-302.3297362967,
    253.74393270557));
#3460 = CARTESIAN_POINT('',(13.309014099701,-302.3096066243,
    253.77215251136));
#3461 = CARTESIAN_POINT('',(13.282376084162,-302.29003703,
    253.80101711798));
#3462 = CARTESIAN_POINT('',(13.256141425347,-302.2710140733,
    253.83051105148));
#3463 = CARTESIAN_POINT('',(14.900500142482,-303.3053631707,
    252.05744978933));
#3464 = CARTESIAN_POINT('',(14.846598848345,-303.2488456033,
    252.04377726208));
#3465 = CARTESIAN_POINT('',(14.794469077979,-303.1947288499,
    252.03286872278));
#3466 = CARTESIAN_POINT('',(14.7444587158,-303.143484377,252.02526694841
    ));
#3467 = CARTESIAN_POINT('',(14.697021242327,-303.0957267448,
    252.02167948508));
#3468 = CARTESIAN_POINT('',(14.652715534128,-303.0522133738,
    252.02297829243));
#3469 = CARTESIAN_POINT('',(14.612182245919,-303.0138124726,
    252.0301629601));
#3470 = CARTESIAN_POINT('',(14.576106075146,-302.9814519784,
    252.04430174518));
#3471 = CARTESIAN_POINT('',(14.545165525587,-302.9560513949,
    252.06645327961));
#3472 = CARTESIAN_POINT('',(14.519964109829,-302.938428621,
    252.09755916289));
#3473 = CARTESIAN_POINT('',(14.481894377935,-302.9198971676,
    252.1790133587));
#3474 = CARTESIAN_POINT('',(14.469032182079,-302.9189967828,
    252.22937121955));
#3475 = CARTESIAN_POINT('',(14.462685386887,-302.9269262149,
    252.28989457389));
#3476 = CARTESIAN_POINT('',(14.463383042128,-302.9444024364,
    252.36140886163));
#3477 = CARTESIAN_POINT('',(14.47006574874,-302.9699897341,
    252.44226116771));
#3478 = CARTESIAN_POINT('',(14.483554850355,-303.0048012011,
    252.5337329907));
#3479 = CARTESIAN_POINT('',(14.499363704638,-303.0427564529,
    252.62882414509));
#3480 = CARTESIAN_POINT('',(14.51336972351,-303.0782684684,
    252.72110248603));
#3481 = CARTESIAN_POINT('',(14.522957876085,-303.1077933042,
    252.80648797313));
#3482 = CARTESIAN_POINT('',(14.53029060414,-303.1507923232,
    252.95878033304));
#3483 = CARTESIAN_POINT('',(14.528036815647,-303.1642687209,
    253.02568975884));
#3484 = CARTESIAN_POINT('',(14.518418365502,-303.1677643877,
    253.0811086697));
#3485 = CARTESIAN_POINT('',(14.501200673681,-303.1609613916,
    253.12467107564));
#3486 = CARTESIAN_POINT('',(14.477566055015,-303.1454620703,
    253.15822163814));
#3487 = CARTESIAN_POINT('',(14.449327268068,-303.1237230599,
    253.18458868177));
#3488 = CARTESIAN_POINT('',(14.417592679444,-303.0972464919,
    253.2055014892));
#3489 = CARTESIAN_POINT('',(14.383569544116,-303.0676684244,
    253.22284365975));
#3490 = CARTESIAN_POINT('',(14.348028592274,-303.036033389,
    253.23781769714));
#3491 = CARTESIAN_POINT('',(14.275140798913,-302.9703159369,
    253.26494818462));
#3492 = CARTESIAN_POINT('',(14.237793243487,-302.9362325548,
    253.27710352058));
#3493 = CARTESIAN_POINT('',(14.200151721644,-302.9017507854,
    253.28880020272));
#3494 = CARTESIAN_POINT('',(14.162608953717,-302.8674028458,
    253.30065096745));
#3495 = CARTESIAN_POINT('',(14.125428855507,-302.8335464102,
    253.31306757187));
#3496 = CARTESIAN_POINT('',(14.08879783752,-302.8004340924,
    253.3263408717));
#3497 = CARTESIAN_POINT('',(14.052851614451,-302.7682498279,
    253.3406825973));
#3498 = CARTESIAN_POINT('',(14.01768615982,-302.737123674,
    253.35624250022));
#3499 = CARTESIAN_POINT('',(13.983357723188,-302.7071318644,
    253.37310833517));
#3500 = CARTESIAN_POINT('',(13.916388445317,-302.6494353085,
    253.40947303102));
#3501 = CARTESIAN_POINT('',(13.88374773517,-302.6217307394,
    253.42897209424));
#3502 = CARTESIAN_POINT('',(13.851966288378,-302.5951906624,
    253.4498118039));
#3503 = CARTESIAN_POINT('',(13.821014879131,-302.5697754668,
    253.47194654757));
#3504 = CARTESIAN_POINT('',(13.790831147864,-302.5454006461,
    253.49527905284));
#3505 = CARTESIAN_POINT('',(13.761305680598,-302.5219179165,
    253.5196385817));
#3506 = CARTESIAN_POINT('',(13.732355762916,-302.4992151833,
    253.54489610859));
#3507 = CARTESIAN_POINT('',(13.703865479189,-302.4771353563,
    253.57087075832));
#3508 = CARTESIAN_POINT('',(13.675754778235,-302.4555699466,
    253.59743764599));
#3509 = CARTESIAN_POINT('',(13.620189867523,-302.4133288188,
    253.65159569141));
#3510 = CARTESIAN_POINT('',(13.592734204314,-302.3926511284,
    253.67918458351));
#3511 = CARTESIAN_POINT('',(13.565549503668,-302.3723406583,
    253.70719623614));
#3512 = CARTESIAN_POINT('',(13.538604574042,-302.3523551187,
    253.73558198855));
#3513 = CARTESIAN_POINT('',(13.511900052862,-302.332695403,
    253.76434282706));
#3514 = CARTESIAN_POINT('',(13.48545998395,-302.313394061,
    253.79351627643));
#3515 = CARTESIAN_POINT('',(13.459314278689,-302.2944916608,
    253.82314899393));
#3516 = CARTESIAN_POINT('',(13.433480556304,-302.2760120581,
    253.85326847859));
#3517 = CARTESIAN_POINT('',(13.407955883279,-302.2579512894,
    253.88387014734));
#3518 = CARTESIAN_POINT('',(13.382730930079,-302.2402967063,
    253.91493944714));
#3519 = CARTESIAN_POINT('',(14.985589562179,-303.3195408755,
    252.13366823576));
#3520 = CARTESIAN_POINT('',(14.933193572659,-303.2650633343,
    252.12234433269));
#3521 = CARTESIAN_POINT('',(14.882434790516,-303.2128045873,
    252.11357485488));
#3522 = CARTESIAN_POINT('',(14.83363437624,-303.1631998471,
    252.10786085867));
#3523 = CARTESIAN_POINT('',(14.78723381782,-303.1168475053,
    252.10589127924));
#3524 = CARTESIAN_POINT('',(14.743779744824,-303.0744882586,
    252.10851877246));
#3525 = CARTESIAN_POINT('',(14.703894163208,-303.0369651904,
    252.11671408027));
#3526 = CARTESIAN_POINT('',(14.668285720139,-303.0052385559,
    252.13158261957));
#3527 = CARTESIAN_POINT('',(14.637576590916,-302.9801516238,
    252.15409524216));
#3528 = CARTESIAN_POINT('',(14.612368169778,-302.9625193643,
    252.18519021704));
#3529 = CARTESIAN_POINT('',(14.573872165968,-302.9434102427,
    252.26597936871));
#3530 = CARTESIAN_POINT('',(14.561697080267,-302.9434410503,
    252.31740928458));
#3531 = CARTESIAN_POINT('',(14.547627271119,-302.9409041191,
    252.36588305408));
#3532 = CARTESIAN_POINT('',(14.569624868285,-302.9872464409,
    252.47062996487));
#3533 = CARTESIAN_POINT('',(14.534942890702,-302.9567755114,
    252.48694421897));
#3534 = CARTESIAN_POINT('',(14.596426907554,-303.0566306495,
    252.65329875768));
#3535 = CARTESIAN_POINT('',(14.58195541858,-303.0535493841,
    252.70114588052));
#3536 = CARTESIAN_POINT('',(14.603187918484,-303.0988548713,
    252.80469912824));
#3537 = CARTESIAN_POINT('',(14.609646797296,-303.1241388585,
    252.88520226313));
#3538 = CARTESIAN_POINT('',(14.611195473887,-303.1592992181,
    253.02847022423));
#3539 = CARTESIAN_POINT('',(14.605198533662,-303.1677028323,
    253.08953950073));
#3540 = CARTESIAN_POINT('',(14.591336396971,-303.1654473447,
    253.13833732464));
#3541 = CARTESIAN_POINT('',(14.569095973819,-303.1518374867,
    253.17406313998));
#3542 = CARTESIAN_POINT('',(14.541222482266,-303.1305935044,
    253.20100013307));
#3543 = CARTESIAN_POINT('',(14.509064485495,-303.1035431546,
    253.22125232093));
#3544 = CARTESIAN_POINT('',(14.474013126727,-303.0725715924,
    253.23699024154));
#3545 = CARTESIAN_POINT('',(14.437411054438,-303.0394985215,
    253.25030868925));
#3546 = CARTESIAN_POINT('',(14.399860622654,-303.0051401892,
    253.26214749328));
#3547 = CARTESIAN_POINT('',(14.324028359689,-302.9354323344,
    253.28468395219));
#3548 = CARTESIAN_POINT('',(14.285741514387,-302.9000760088,
    253.29537378692));
#3549 = CARTESIAN_POINT('',(14.247601348005,-302.864918461,
    253.30629247427));
#3550 = CARTESIAN_POINT('',(14.209949528656,-302.8304227432,
    253.31797309049));
#3551 = CARTESIAN_POINT('',(14.17287991847,-302.7967160303,
    253.33056208898));
#3552 = CARTESIAN_POINT('',(14.136566005418,-302.76403347,
    253.34433012998));
#3553 = CARTESIAN_POINT('',(14.101124805261,-302.7325336178,
    253.35945981837));
#3554 = CARTESIAN_POINT('',(14.066522859599,-302.7021711435,
    253.37589891045));
#3555 = CARTESIAN_POINT('',(14.032853097948,-302.6730719836,
    253.39379242898));
#3556 = CARTESIAN_POINT('',(13.967295072439,-302.617287985,
    253.43235899101));
#3557 = CARTESIAN_POINT('',(13.935411255818,-302.5906091745,
    253.4530389826));
#3558 = CARTESIAN_POINT('',(13.904396794684,-302.565108529,
    253.47507534208));
#3559 = CARTESIAN_POINT('',(13.874249010275,-302.5407824249,
    253.4984639564));
#3560 = CARTESIAN_POINT('',(13.844820100464,-302.5174305554,
    253.52297410034));
#3561 = CARTESIAN_POINT('',(13.816064150042,-302.4949906812,
    253.54853429659));
#3562 = CARTESIAN_POINT('',(13.787864279227,-302.4733044403,
    253.5749620293));
#3563 = CARTESIAN_POINT('',(13.760122074895,-302.4522384145,
    253.60210386691));
#3564 = CARTESIAN_POINT('',(13.732758646191,-302.4316857289,
    253.62983665995));
#3565 = CARTESIAN_POINT('',(13.678684625422,-302.3914650827,
    253.68632082804));
#3566 = CARTESIAN_POINT('',(13.651972798338,-302.371795464,
    253.71507026626));
#3567 = CARTESIAN_POINT('',(13.625529496868,-302.3524897264,
    253.74423867641));
#3568 = CARTESIAN_POINT('',(13.599320145345,-302.3335011056,
    253.77377207998));
#3569 = CARTESIAN_POINT('',(13.573335179808,-302.3148164859,
    253.80365560261));
#3570 = CARTESIAN_POINT('',(13.547584158345,-302.2964490103,
    253.83390410325));
#3571 = CARTESIAN_POINT('',(13.522083358799,-302.2784205616,
    253.86454303348));
#3572 = CARTESIAN_POINT('',(13.496841989804,-302.2607437484,
    253.89558670797));
#3573 = CARTESIAN_POINT('',(13.471855008208,-302.2434116627,
    253.92702730196));
#3574 = CARTESIAN_POINT('',(13.447113348848,-302.2264120507,
    253.95885064714));
#3575 = CARTESIAN_POINT('',(15.069062130104,-303.3315273952,
    252.20736404106));
#3576 = CARTESIAN_POINT('',(15.01846049676,-303.2794816145,
    252.19883974308));
#3577 = CARTESIAN_POINT('',(14.969387059962,-303.2295068717,
    252.1926997736));
#3578 = CARTESIAN_POINT('',(14.922163548544,-303.1820392317,
    252.18944622477));
#3579 = CARTESIAN_POINT('',(14.877160491018,-303.1375807703,
    252.18965680853));
#3580 = CARTESIAN_POINT('',(14.834925021448,-303.096873066,252.194185973
    ));
#3581 = CARTESIAN_POINT('',(14.796206480658,-303.0609315258,
    252.20420181819));
#3582 = CARTESIAN_POINT('',(14.761451240249,-303.030361266,
    252.22040174041));
#3583 = CARTESIAN_POINT('',(14.731452735934,-303.0062373515,
    252.24402306983));
#3584 = CARTESIAN_POINT('',(14.706650491736,-302.989155579,
    252.2757517914));
#3585 = CARTESIAN_POINT('',(14.668304150476,-302.9702493027,
    252.35677448671));
#3586 = CARTESIAN_POINT('',(14.648813474669,-302.9603659048,
    252.39679049332));
#3587 = CARTESIAN_POINT('',(14.678420604853,-303.0170208001,
    252.51340995048));
#3588 = CARTESIAN_POINT('',(14.567405447247,-302.8831016349,
    252.41062749692));
#3589 = CARTESIAN_POINT('',(14.766019149319,-303.1687976597,
    252.79093480169));
#3590 = CARTESIAN_POINT('',(14.561411030051,-302.9080394059,
    252.54212650898));
#3591 = CARTESIAN_POINT('',(14.705670512838,-303.1200735323,
    252.83762918434));
#3592 = CARTESIAN_POINT('',(14.687247564422,-303.1116371895,
    252.87931118811));
#3593 = CARTESIAN_POINT('',(14.696289648648,-303.140421982,
    252.96384468186));
#3594 = CARTESIAN_POINT('',(14.691512126464,-303.1670089592,
    253.09724237229));
#3595 = CARTESIAN_POINT('',(14.681116033338,-303.1694507297,
    253.15144799933));
#3596 = CARTESIAN_POINT('',(14.661568787881,-303.1594907323,
    253.19137576715));
#3597 = CARTESIAN_POINT('',(14.63360526212,-303.1381247033,
    253.21817230369));
#3598 = CARTESIAN_POINT('',(14.602613368362,-303.1126547282,
    253.24024384948));
#3599 = CARTESIAN_POINT('',(14.564755814729,-303.0778800981,
    253.25160350601));
#3600 = CARTESIAN_POINT('',(14.527647813233,-303.0441214328,
    253.26413256836));
#3601 = CARTESIAN_POINT('',(14.488306144773,-303.0073355424,
    253.27317665593));
#3602 = CARTESIAN_POINT('',(14.449150412138,-302.9708016989,
    253.28251082591));
#3603 = CARTESIAN_POINT('',(14.371105742915,-302.8980955421,
    253.30159544113));
#3604 = CARTESIAN_POINT('',(14.332264103353,-302.8619873441,
    253.31141967199));
#3605 = CARTESIAN_POINT('',(14.294102979063,-302.8268014111,
    253.32230565708));
#3606 = CARTESIAN_POINT('',(14.256558288067,-302.7924508437,
    253.33415343299));
#3607 = CARTESIAN_POINT('',(14.219990184507,-302.7594238193,
    253.34752485754));
#3608 = CARTESIAN_POINT('',(14.184415730247,-302.7277433633,
    253.36244667744));
#3609 = CARTESIAN_POINT('',(14.149439249269,-302.6968733149,
    253.37830136891));
#3610 = CARTESIAN_POINT('',(14.115741853716,-302.6677367079,
    253.39615180113));
#3611 = CARTESIAN_POINT('',(14.082869241577,-302.6397178594,
    253.41528903624));
#3612 = CARTESIAN_POINT('',(14.018977523886,-302.5861920751,
    253.45645541333));
#3613 = CARTESIAN_POINT('',(13.987937692628,-302.5606570504,
    253.4784521976));
#3614 = CARTESIAN_POINT('',(13.9578110705,-302.5363596202,
    253.50187382139));
#3615 = CARTESIAN_POINT('',(13.928486884957,-302.5131496851,
    253.52654735648));
#3616 = CARTESIAN_POINT('',(13.89984993762,-302.490871073,
    253.55229324883));
#3617 = CARTESIAN_POINT('',(13.87192811254,-302.4695616622,
    253.57915475451));
#3618 = CARTESIAN_POINT('',(13.844478930987,-302.4488927288,
    253.60675381009));
#3619 = CARTESIAN_POINT('',(13.817515697872,-302.4288824135,
    253.63511097455));
#3620 = CARTESIAN_POINT('',(13.79091070591,-302.4093575598,
    253.66402711302));
#3621 = CARTESIAN_POINT('',(13.738338967838,-302.3711728463,
    253.72285517218));
#3622 = CARTESIAN_POINT('',(13.712369571509,-302.3525093563,
    253.75276297787));
#3623 = CARTESIAN_POINT('',(13.686659168657,-302.3341969363,
    253.78307485029));
#3624 = CARTESIAN_POINT('',(13.661169349562,-302.3161833018,
    253.81373092333));
#3625 = CARTESIAN_POINT('',(13.635881873597,-302.2984441091,
    253.84470263636));
#3626 = CARTESIAN_POINT('',(13.610794596357,-302.2809759897,
    253.87598677718));
#3627 = CARTESIAN_POINT('',(13.585912510259,-302.2637861491,
    253.90759099339));
#3628 = CARTESIAN_POINT('',(13.561237231367,-302.2468764521,
    253.93951792661));
#3629 = CARTESIAN_POINT('',(13.536761064267,-302.2302366552,
    253.97175549054));
#3630 = CARTESIAN_POINT('',(13.512474845133,-302.2138542608,
    254.00428942655));
#3631 = CARTESIAN_POINT('',(15.14994557929,-303.3400050938,
    252.27702025206));
#3632 = CARTESIAN_POINT('',(15.10140855001,-303.2907573077,
    252.27171721655));
#3633 = CARTESIAN_POINT('',(15.054338395379,-303.2434974913,
    252.2687028844));
#3634 = CARTESIAN_POINT('',(15.008960317005,-303.1985307861,
    252.26832833234));
#3635 = CARTESIAN_POINT('',(14.965776041454,-303.1565371831,
    252.27137729472));
#3636 = CARTESIAN_POINT('',(14.925321305198,-303.1182427825,
    252.2786839112));
#3637 = CARTESIAN_POINT('',(14.887921238674,-303.0840881726,
    252.2907577164));
#3638 = CARTESIAN_POINT('',(14.854812391911,-303.0557489931,
    252.30952592559));
#3639 = CARTESIAN_POINT('',(14.826016975854,-303.0332556526,
    252.33502451482));
#3640 = CARTESIAN_POINT('',(14.802201448695,-303.01751108,
    252.36829274206));
#3641 = CARTESIAN_POINT('',(14.765269157525,-303.0005211861,
    252.45152170858));
#3642 = CARTESIAN_POINT('',(14.767936985336,-303.0206674077,
    252.52610988264));
#3643 = CARTESIAN_POINT('',(14.665659725958,-302.8985900322,
    252.43696049131));
#3644 = CARTESIAN_POINT('',(14.930803017343,-303.2744482714,
    252.92106873293));
#3645 = CARTESIAN_POINT('',(14.500371254627,-302.707649274,
    252.31992535233));
#3646 = CARTESIAN_POINT('',(14.949364108018,-303.3326642197,
    253.09087985193));
#3647 = CARTESIAN_POINT('',(14.74778888614,-303.0760162463,
    252.84680365168));
#3648 = CARTESIAN_POINT('',(14.788576428595,-303.1478230825,
    252.98086702056));
#3649 = CARTESIAN_POINT('',(14.787221253846,-303.1625173247,
    253.04917852901));
#3650 = CARTESIAN_POINT('',(14.77024224183,-303.1725685871,
    253.16353917801));
#3651 = CARTESIAN_POINT('',(14.753730157419,-303.1667218868,
    253.20820248415));
#3652 = CARTESIAN_POINT('',(14.727764058374,-303.1480628097,
    253.23811544463));
#3653 = CARTESIAN_POINT('',(14.697412924908,-303.123461243,
    253.2611867283));
#3654 = CARTESIAN_POINT('',(14.656323273128,-303.0843063402,
    253.26750358286));
#3655 = CARTESIAN_POINT('',(14.619467878115,-303.050890092,
    253.28042676266));
#3656 = CARTESIAN_POINT('',(14.576740950566,-303.0095163521,
    253.28418910739));
#3657 = CARTESIAN_POINT('',(14.536418498969,-302.9714014041,
    253.29170291984));
#3658 = CARTESIAN_POINT('',(14.4959060727,-302.9330288955,
    253.29892035902));
#3659 = CARTESIAN_POINT('',(14.416619032681,-302.8586390599,
    253.31606659342));
#3660 = CARTESIAN_POINT('',(14.377767391335,-302.8225173165,
    253.32587522076));
#3661 = CARTESIAN_POINT('',(14.339801598577,-302.7875960647,
    253.33706598518));
#3662 = CARTESIAN_POINT('',(14.303121550688,-302.7544173437,
    253.35026272957));
#3663 = CARTESIAN_POINT('',(14.267354334415,-302.722475629,
    253.36488384936));
#3664 = CARTESIAN_POINT('',(14.232004361413,-302.6910994344,
    253.38015572838));
#3665 = CARTESIAN_POINT('',(14.198766667908,-302.662585825,
    253.3987234838));
#3666 = CARTESIAN_POINT('',(14.165604404731,-302.6341744253,
    253.41740874233));
#3667 = CARTESIAN_POINT('',(14.133721901159,-302.6074973982,
    253.43809079883));
#3668 = CARTESIAN_POINT('',(14.071707509113,-302.5565158037,
    253.4821862153));
#3669 = CARTESIAN_POINT('',(14.04162217871,-302.5322743299,
    253.50567224741));
#3670 = CARTESIAN_POINT('',(14.012360285192,-302.5091488316,
    253.53044300572));
#3671 = CARTESIAN_POINT('',(13.983841887817,-302.487030835,
    253.55637381766));
#3672 = CARTESIAN_POINT('',(13.95615758152,-302.4660433874,
    253.58360593764));
#3673 = CARTESIAN_POINT('',(13.928899590549,-302.4456334825,
    253.61150329218));
#3674 = CARTESIAN_POINT('',(13.902308373419,-302.4261273878,
    253.64044086471));
#3675 = CARTESIAN_POINT('',(13.876075882076,-302.4071073189,
    253.66993821054));
#3676 = CARTESIAN_POINT('',(13.850223865284,-302.3886029467,
    253.70002913322));
#3677 = CARTESIAN_POINT('',(13.799121269633,-302.3524092289,
    253.76114939063));
#3678 = CARTESIAN_POINT('',(13.773872770925,-302.3347227682,
    253.79218194291));
#3679 = CARTESIAN_POINT('',(13.748869037239,-302.3173678947,
    253.82359641148));
#3680 = CARTESIAN_POINT('',(13.724067973896,-302.3002879329,
    253.8553270337));
#3681 = CARTESIAN_POINT('',(13.699443927893,-302.283447507,
    253.88733393562));
#3682 = CARTESIAN_POINT('',(13.674984916142,-302.2668311367,
    253.91959821248));
#3683 = CARTESIAN_POINT('',(13.650686250616,-302.2504317394,
    253.9521127747));
#3684 = CARTESIAN_POINT('',(13.626542612432,-302.2342426463,
    253.98486913923));
#3685 = CARTESIAN_POINT('',(13.602543511637,-302.2182493387,
    254.01785105225));
#3686 = CARTESIAN_POINT('',(13.578679408589,-302.2024390131,
    254.05104357909));
#3687 = CARTESIAN_POINT('',(15.227104768118,-303.3434356045,
    252.34086579539));
#3688 = CARTESIAN_POINT('',(15.180831764942,-303.2972560925,
    252.33909515125));
#3689 = CARTESIAN_POINT('',(15.135979428954,-303.2530018803,
    252.33954102299));
#3690 = CARTESIAN_POINT('',(15.092883262328,-303.2111276976,
    252.34272726203));
#3691 = CARTESIAN_POINT('',(15.051787227767,-303.1719642384,
    252.349033338));
#3692 = CARTESIAN_POINT('',(15.013109817055,-303.1360783532,
    252.35911435059));
#3693 = CARTESIAN_POINT('',(14.9783169584,-303.1054570876,
    252.37525478668));
#3694 = CARTESIAN_POINT('',(14.946759110671,-303.0792200497,
    252.39644363937));
#3695 = CARTESIAN_POINT('',(14.920006808009,-303.0594954436,
    252.42512972269));
#3696 = CARTESIAN_POINT('',(14.897842969949,-303.0459893347,
    252.46097500348));
#3697 = CARTESIAN_POINT('',(14.863019905642,-303.0318579223,
    252.54749487229));
#3698 = CARTESIAN_POINT('',(14.826225904655,-302.9985247481,
    252.56051388969));
#3699 = CARTESIAN_POINT('',(14.95620549781,-303.1912064172,
    252.83373672053));
#3700 = CARTESIAN_POINT('',(14.596272380167,-302.7199486347,
    252.34258691379));
#3701 = CARTESIAN_POINT('',(15.105547605029,-303.4266594241,
    253.20759524929));
#3702 = CARTESIAN_POINT('',(14.719138319113,-302.9195206349,
    252.67513690441));
#3703 = CARTESIAN_POINT('',(14.835537739519,-303.0937981339,
    252.92717141828));
#3704 = CARTESIAN_POINT('',(14.883522433067,-303.1753588518,
    253.07246430404));
#3705 = CARTESIAN_POINT('',(14.869368456332,-303.1727078614,
    253.1208067465));
#3706 = CARTESIAN_POINT('',(14.845962157824,-303.17404875,
    253.22513940288));
#3707 = CARTESIAN_POINT('',(14.823231431685,-303.1597743591,
    253.26010025695));
#3708 = CARTESIAN_POINT('',(14.792162781185,-303.1342003678,
    253.2820520672));
#3709 = CARTESIAN_POINT('',(14.750900227204,-303.0948111342,
    253.28809913191));
#3710 = CARTESIAN_POINT('',(14.712564308168,-303.0593885053,
    253.29871240262));
#3711 = CARTESIAN_POINT('',(14.665543701354,-303.0121957988,
    253.29577561559));
#3712 = CARTESIAN_POINT('',(14.624214672319,-302.9727168018,
    253.30171894808));
#3713 = CARTESIAN_POINT('',(14.581311241397,-302.9311038886,
    253.30520589426));
#3714 = CARTESIAN_POINT('',(14.540420993467,-302.8922194111,
    253.3118338296));
#3715 = CARTESIAN_POINT('',(14.461035716241,-302.8176964335,
    253.32882679988));
#3716 = CARTESIAN_POINT('',(14.422621478813,-302.7821674542,
    253.33931787575));
#3717 = CARTESIAN_POINT('',(14.385711330129,-302.748676886,
    253.35215563634));
#3718 = CARTESIAN_POINT('',(14.349852061393,-302.7166104095,
    253.36663312161));
#3719 = CARTESIAN_POINT('',(14.314559981524,-302.685312705,
    253.38199530083));
#3720 = CARTESIAN_POINT('',(14.281968419676,-302.6576747129,
    253.40157123729));
#3721 = CARTESIAN_POINT('',(14.24803974792,-302.6282246721,
    253.41906064024));
#3722 = CARTESIAN_POINT('',(14.216696739021,-302.6022787871,
    253.44058448997));
#3723 = CARTESIAN_POINT('',(14.185761593405,-302.5768856288,
    253.46274459084));
#3724 = CARTESIAN_POINT('',(14.125713661133,-302.5285690193,
    253.50990813098));
#3725 = CARTESIAN_POINT('',(14.096527808188,-302.5055465571,
    253.53479753851));
#3726 = CARTESIAN_POINT('',(14.06815336002,-302.483623653,
    253.56095291628));
#3727 = CARTESIAN_POINT('',(14.040594100526,-302.462805707,
    253.58838019657));
#3728 = CARTESIAN_POINT('',(14.013507248452,-302.4426276345,
    253.6165444907));
#3729 = CARTESIAN_POINT('',(13.987221834963,-302.4235360982,
    253.64595923882));
#3730 = CARTESIAN_POINT('',(13.961262965105,-302.404886749,
    253.67588347984));
#3731 = CARTESIAN_POINT('',(13.935801437734,-302.3869116297,
    253.70658364026));
#3732 = CARTESIAN_POINT('',(13.910657625278,-302.3693669785,
    253.73777955027));
#3733 = CARTESIAN_POINT('',(13.860950808088,-302.3350648704,
    253.80107752315));
#3734 = CARTESIAN_POINT('',(13.836384275513,-302.3183025517,
    253.83317411245));
#3735 = CARTESIAN_POINT('',(13.812046286738,-302.3018501045,
    253.86562724861));
#3736 = CARTESIAN_POINT('',(13.787891212267,-302.2856452554,
    253.89836583881));
#3737 = CARTESIAN_POINT('',(13.763886799958,-302.2696450108,
    253.93133938928));
#3738 = CARTESIAN_POINT('',(13.740012529594,-302.253820673,
    253.96451612207));
#3739 = CARTESIAN_POINT('',(13.716255075748,-302.2381550369,
    253.99787499138));
#3740 = CARTESIAN_POINT('',(13.692602675592,-302.2226315238,
    254.03139785678));
#3741 = CARTESIAN_POINT('',(13.669041882541,-302.2072322756,
    254.06506360347));
#3742 = CARTESIAN_POINT('',(13.645562611262,-302.1919434707,
    254.09885655975));
#3743 = CARTESIAN_POINT('',(15.299289051976,-303.3401240299,
    252.39694938922));
#3744 = CARTESIAN_POINT('',(15.255423751285,-303.2972074857,
    252.39893532251));
#3745 = CARTESIAN_POINT('',(15.212999492164,-303.2562438982,
    252.40316965362));
#3746 = CARTESIAN_POINT('',(15.172176480705,-303.217450353,
    252.40990204534));
#3747 = CARTESIAN_POINT('',(15.133436410042,-303.181479568,
    252.4198849488));
#3748 = CARTESIAN_POINT('',(15.097604400014,-303.149450127,
    252.43440419498));
#3749 = CARTESIAN_POINT('',(15.064345461354,-303.1209075665,
    252.45293897961));
#3750 = CARTESIAN_POINT('',(15.035972914329,-303.0989872156,
    252.47909702122));
#3751 = CARTESIAN_POINT('',(15.011507614578,-303.0823621563,
    252.51135158305));
#3752 = CARTESIAN_POINT('',(14.991919564067,-303.0723467762,
    252.5512156624));
#3753 = CARTESIAN_POINT('',(14.962104008152,-303.0650016755,
    252.64554839784));
#3754 = CARTESIAN_POINT('',(14.974097748188,-303.0977865881,
    252.73468710892));
#3755 = CARTESIAN_POINT('',(14.849258420095,-302.9451326341,
    252.61033586799));
#3756 = CARTESIAN_POINT('',(15.122356607855,-303.331771547,
    253.10685554838));
#3757 = CARTESIAN_POINT('',(14.83021109005,-302.9523809156,
    252.72146962835));
#3758 = CARTESIAN_POINT('',(14.871186084076,-303.0244416318,
    252.85582508295));
#3759 = CARTESIAN_POINT('',(15.09113709872,-303.3390547413,
    253.26942404007));
#3760 = CARTESIAN_POINT('',(14.946326354916,-303.1593349553,
    253.11391261317));
#3761 = CARTESIAN_POINT('',(14.96299501556,-303.1984554724,
    253.21034534198));
#3762 = CARTESIAN_POINT('',(14.918783025097,-303.1716000491,
    253.28221647477));
#3763 = CARTESIAN_POINT('',(14.887823359132,-303.1461736909,
    253.30433833285));
#3764 = CARTESIAN_POINT('',(14.848432651624,-303.1093213025,
    253.31330589802));
#3765 = CARTESIAN_POINT('',(14.806110517641,-303.068496414,
    253.3176997838));
#3766 = CARTESIAN_POINT('',(14.756810101632,-303.0182140748,
    253.31120595962));
#3767 = CARTESIAN_POINT('',(14.712584653698,-302.9748098213,
    253.31263026662));
#3768 = CARTESIAN_POINT('',(14.666542177428,-302.9289427563,
    253.31121958348));
#3769 = CARTESIAN_POINT('',(14.62414552482,-302.8880168163,
    253.31549718891));
#3770 = CARTESIAN_POINT('',(14.583247267991,-302.8491214223,
    253.322112646));
#3771 = CARTESIAN_POINT('',(14.505135804342,-302.7763247507,
    253.34109304156));
#3772 = CARTESIAN_POINT('',(14.467862824539,-302.7423424441,
    253.35336473021));
#3773 = CARTESIAN_POINT('',(14.432117351755,-302.7104302105,
    253.36801970174));
#3774 = CARTESIAN_POINT('',(14.397307983819,-302.6797866786,
    253.38413509124));
#3775 = CARTESIAN_POINT('',(14.364718248715,-302.6521511427,
    253.40371383356));
#3776 = CARTESIAN_POINT('',(14.33063295651,-302.6224888809,
    253.42095886463));
#3777 = CARTESIAN_POINT('',(14.300231771406,-302.5978193525,
    253.4439522129));
#3778 = CARTESIAN_POINT('',(14.269103000956,-302.5721637914,
    253.46581017673));
#3779 = CARTESIAN_POINT('',(14.239291611697,-302.5482935775,
    253.48972363003));
#3780 = CARTESIAN_POINT('',(14.181150027635,-302.5025604916,
    253.5398614898));
#3781 = CARTESIAN_POINT('',(14.15288405785,-302.4807846452,
    253.56618612514));
#3782 = CARTESIAN_POINT('',(14.125364748038,-302.4600207634,
    253.59367572741));
#3783 = CARTESIAN_POINT('',(14.098469199689,-302.4401020076,
    253.62213847948));
#3784 = CARTESIAN_POINT('',(14.072325907549,-302.4212030925,
    253.65177502921));
#3785 = CARTESIAN_POINT('',(14.046575788977,-302.4028365654,
    253.68202489619));
#3786 = CARTESIAN_POINT('',(14.021411309583,-302.3852640961,
    253.7131885637));
#3787 = CARTESIAN_POINT('',(13.996588238033,-302.3681540702,
    253.74488489596));
#3788 = CARTESIAN_POINT('',(13.972110199189,-302.3515117466,
    253.77711953387));
#3789 = CARTESIAN_POINT('',(13.923693002567,-302.3189573362,
    253.84242961186));
#3790 = CARTESIAN_POINT('',(13.899755906729,-302.3030481145,
    253.87550824368));
#3791 = CARTESIAN_POINT('',(13.876031699815,-302.2874272833,
    253.90891906338));
#3792 = CARTESIAN_POINT('',(13.8524711845,-302.2720285376,
    253.94258521435));
#3793 = CARTESIAN_POINT('',(13.829035973409,-302.2567992447,
    253.97644696145));
#3794 = CARTESIAN_POINT('',(13.805697686016,-302.2417017034,
    254.01045982292));
#3795 = CARTESIAN_POINT('',(13.782435037946,-302.2267063369,
    254.04459080385));
#3796 = CARTESIAN_POINT('',(13.759230010869,-302.2117892716,
    254.07881160389));
#3797 = CARTESIAN_POINT('',(13.736066055066,-302.1969277677,
    254.11309653477));
#3798 = CARTESIAN_POINT('',(13.712932322807,-302.1821072555,
    254.14742860296));
#3799 = CARTESIAN_POINT('',(15.365225851022,-303.3283457448,
    252.44328552642));
#3800 = CARTESIAN_POINT('',(15.323751105958,-303.2886689495,
    252.44900127073));
#3801 = CARTESIAN_POINT('',(15.283745999766,-303.2509838307,
    252.457009971));
#3802 = CARTESIAN_POINT('',(15.245439767712,-303.215601085,
    252.46766942014));
#3803 = CARTESIAN_POINT('',(15.209259078346,-303.1830989713,
    252.48164495859));
#3804 = CARTESIAN_POINT('',(15.175155723658,-303.1534120078,
    252.49886196291));
#3805 = CARTESIAN_POINT('',(15.145645084682,-303.1299493799,
    252.52324447276));
#3806 = CARTESIAN_POINT('',(15.119222165837,-303.1106712651,
    252.55244466303));
#3807 = CARTESIAN_POINT('',(15.097826330975,-303.0982059374,
    252.58948820488));
#3808 = CARTESIAN_POINT('',(15.08096035636,-303.0918796167,
    252.63359936159));
#3809 = CARTESIAN_POINT('',(15.05667664505,-303.0920314006,
    252.73656304279));
#3810 = CARTESIAN_POINT('',(15.043155945003,-303.0902386722,
    252.78589360298));
#3811 = CARTESIAN_POINT('',(15.067012115892,-303.1390997885,
    252.89354032396));
#3812 = CARTESIAN_POINT('',(15.035403142052,-303.112793522,
    252.91464928818));
#3813 = CARTESIAN_POINT('',(14.993787806418,-303.0729262303,
    252.92014563754));
#3814 = CARTESIAN_POINT('',(15.20968081631,-303.3820398078,
    253.32741311807));
#3815 = CARTESIAN_POINT('',(14.987331445695,-303.0972380593,
    253.05092406667));
#3816 = CARTESIAN_POINT('',(15.079257734795,-303.2383492848,
    253.26477556502));
#3817 = CARTESIAN_POINT('',(15.040296997001,-303.2020796769,
    253.27441394763));
#3818 = CARTESIAN_POINT('',(14.982727207401,-303.1571214977,
    253.32544393518));
#3819 = CARTESIAN_POINT('',(14.94529663264,-303.1229255872,
    253.33746974146));
#3820 = CARTESIAN_POINT('',(14.900843567616,-303.0792127179,
    253.3385388855));
#3821 = CARTESIAN_POINT('',(14.851155824607,-303.0284055665,
    253.3314407676));
#3822 = CARTESIAN_POINT('',(14.801809256534,-302.9780609921,
    253.324874972));
#3823 = CARTESIAN_POINT('',(14.75254888618,-302.9278329982,
    253.31844364605));
#3824 = CARTESIAN_POINT('',(14.707704082142,-302.8835892797,
    253.31890159662));
#3825 = CARTESIAN_POINT('',(14.665182451993,-302.8424938353,
    253.32298422806));
#3826 = CARTESIAN_POINT('',(14.625404109507,-302.8051162174,
    253.33134698786));
#3827 = CARTESIAN_POINT('',(14.54988297535,-302.7358300081,
    253.35436888048));
#3828 = CARTESIAN_POINT('',(14.514177305876,-302.7039717377,
    253.36908592631));
#3829 = CARTESIAN_POINT('',(14.479990684733,-302.6741721388,
    253.38617300939));
#3830 = CARTESIAN_POINT('',(14.447331305069,-302.6464422346,
    253.40564299126));
#3831 = CARTESIAN_POINT('',(14.414194451932,-302.6180653245,
    253.42436788734));
#3832 = CARTESIAN_POINT('',(14.38406241928,-302.5937605306,
    253.44778112808));
#3833 = CARTESIAN_POINT('',(14.352836573716,-302.5679734353,
    253.46948763774));
#3834 = CARTESIAN_POINT('',(14.323410579015,-302.5446255075,
    253.49400240301));
#3835 = CARTESIAN_POINT('',(14.294462467866,-302.5219252252,
    253.51926273599));
#3836 = CARTESIAN_POINT('',(14.238082768358,-302.4785798789,
    253.57214953389));
#3837 = CARTESIAN_POINT('',(14.210611940032,-302.4578816465,
    253.59971476388));
#3838 = CARTESIAN_POINT('',(14.183824358896,-302.4381093225,
    253.62834600528));
#3839 = CARTESIAN_POINT('',(14.157706990473,-302.4192453999,
    253.65802296526));
#3840 = CARTESIAN_POINT('',(14.132114462746,-302.4010925456,
    253.6885187137));
#3841 = CARTESIAN_POINT('',(14.107106195715,-302.3837317482,
    253.71992613655));
#3842 = CARTESIAN_POINT('',(14.082502284446,-302.3669187194,
    253.75196437411));
#3843 = CARTESIAN_POINT('',(14.058303733092,-302.3506551803,
    253.78463508508));
#3844 = CARTESIAN_POINT('',(14.034415823646,-302.334812569,
    253.81779047436));
#3845 = CARTESIAN_POINT('',(13.987159335493,-302.3038311916,
    253.88491151028));
#3846 = CARTESIAN_POINT('',(13.963790153525,-302.288691566,
    253.91887622967));
#3847 = CARTESIAN_POINT('',(13.940620839189,-302.2738228789,
    253.95315276749));
#3848 = CARTESIAN_POINT('',(13.917598507419,-302.2591532361,
    253.98765867085));
#3849 = CARTESIAN_POINT('',(13.894678704609,-302.244622764,
    254.02232448288));
#3850 = CARTESIAN_POINT('',(13.871825482538,-302.2301822774,
    254.05709424718));
#3851 = CARTESIAN_POINT('',(13.849009774593,-302.2157928371,
    254.09192247446));
#3852 = CARTESIAN_POINT('',(13.826207394307,-302.2014213322,
    254.12677154627));
#3853 = CARTESIAN_POINT('',(13.803398470436,-302.1870410158,
    254.16161038276));
#3854 = CARTESIAN_POINT('',(13.780571136671,-302.1726357328,
    254.19642050545));
#3855 = CARTESIAN_POINT('',(15.423768672376,-303.3065469988,
    252.47808542298));
#3856 = CARTESIAN_POINT('',(15.384597057775,-303.2699914633,
    252.48739458976));
#3857 = CARTESIAN_POINT('',(15.3469299014,-303.2354748096,
    252.49905105255));
#3858 = CARTESIAN_POINT('',(15.310994105793,-303.203304523,
    252.51340881817));
#3859 = CARTESIAN_POINT('',(15.276905184883,-303.1736371845,
    252.53064816774));
#3860 = CARTESIAN_POINT('',(15.245978649949,-303.1482556231,
    252.55282160767));
#3861 = CARTESIAN_POINT('',(15.218012785808,-303.1268864518,
    252.57961437391));
#3862 = CARTESIAN_POINT('',(15.195041971857,-303.1122867179,
    252.61420066315));
#3863 = CARTESIAN_POINT('',(15.17623373853,-303.1033282175,
    252.65528146639));
#3864 = CARTESIAN_POINT('',(15.162135480259,-303.1007527582,
    252.70371089908));
#3865 = CARTESIAN_POINT('',(15.142638932307,-303.1073922215,
    252.814143645));
#3866 = CARTESIAN_POINT('',(15.138329251079,-303.1180824405,
    252.87784542695));
#3867 = CARTESIAN_POINT('',(15.132494114405,-303.1267053371,
    252.93916718173));
#3868 = CARTESIAN_POINT('',(15.139942865019,-303.1533308096,
    253.02121469174));
#3869 = CARTESIAN_POINT('',(15.154446122744,-303.1895167315,
    253.1142689444));
#3870 = CARTESIAN_POINT('',(15.122562045394,-303.1628375468,
    253.13494843466));
#3871 = CARTESIAN_POINT('',(15.166677125122,-303.2391540172,
    253.27420373356));
#3872 = CARTESIAN_POINT('',(15.129512649338,-303.205318745,
    253.28664468251));
#3873 = CARTESIAN_POINT('',(15.107684286042,-303.1922672897,
    253.32301342706));
#3874 = CARTESIAN_POINT('',(15.038903293923,-303.132115456,
    253.35655143651));
#3875 = CARTESIAN_POINT('',(14.995966491535,-303.090457414,
    253.35998629293));
#3876 = CARTESIAN_POINT('',(14.946589181012,-303.04007104,
    253.35337252411));
#3877 = CARTESIAN_POINT('',(14.893813095508,-302.9850786237,
    253.34145589767));
#3878 = CARTESIAN_POINT('',(14.841094470301,-302.9301640084,
    253.32962893412));
#3879 = CARTESIAN_POINT('',(14.791761797673,-302.8798381866,
    253.32308480221));
#3880 = CARTESIAN_POINT('',(14.747124623503,-302.8358757323,
    253.32386671073));
#3881 = CARTESIAN_POINT('',(14.706231409372,-302.7969872169,
    253.33049002096));
#3882 = CARTESIAN_POINT('',(14.668235658603,-302.7620253814,
    253.34163402921));
#3883 = CARTESIAN_POINT('',(14.596528183212,-302.6979075225,
    253.37060607719));
#3884 = CARTESIAN_POINT('',(14.562800118092,-302.6687293512,
    253.38840862513));
#3885 = CARTESIAN_POINT('',(14.530505973506,-302.6414944452,
    253.40844841297));
#3886 = CARTESIAN_POINT('',(14.498559667427,-302.614730966,253.429030892
    ));
#3887 = CARTESIAN_POINT('',(14.468004908577,-302.5898532956,
    253.45178452199));
#3888 = CARTESIAN_POINT('',(14.437523131759,-302.5650745811,
    253.47465198591));
#3889 = CARTESIAN_POINT('',(14.40819042464,-302.5418530692,
    253.49931228479));
#3890 = CARTESIAN_POINT('',(14.379369689968,-302.5193254155,
    253.52477135517));
#3891 = CARTESIAN_POINT('',(14.351275697314,-302.4977826484,
    253.55136431379));
#3892 = CARTESIAN_POINT('',(14.296398573727,-302.456473625,
    253.60659546194));
#3893 = CARTESIAN_POINT('',(14.269619290159,-302.4367125779,
    253.63523965806));
#3894 = CARTESIAN_POINT('',(14.243476250774,-302.4178137923,
    253.66487653794));
#3895 = CARTESIAN_POINT('',(14.217927749561,-302.399720711,
    253.69544101808));
#3896 = CARTESIAN_POINT('',(14.192944188458,-302.3823932912,
    253.72688695855));
#3897 = CARTESIAN_POINT('',(14.168447050331,-302.3657250304,
    253.75909179034));
#3898 = CARTESIAN_POINT('',(14.144396646947,-302.3496622378,
    253.79199365693));
#3899 = CARTESIAN_POINT('',(14.120716030703,-302.3341005604,
    253.82547246298));
#3900 = CARTESIAN_POINT('',(14.097347605938,-302.318961985,
    253.85943835616));
#3901 = CARTESIAN_POINT('',(14.051111619202,-302.2893636027,
    253.9281516051));
#3902 = CARTESIAN_POINT('',(14.028244775981,-302.2749047863,
    253.96290007938));
#3903 = CARTESIAN_POINT('',(14.005568857965,-302.2607046818,
    253.99794644097));
#3904 = CARTESIAN_POINT('',(13.983027079686,-302.2466864323,
    254.03320208246));
#3905 = CARTESIAN_POINT('',(13.960568799654,-302.2327812487,
    254.06858802392));
#3906 = CARTESIAN_POINT('',(13.93815038001,-302.2189301853,
    254.1040361215));
#3907 = CARTESIAN_POINT('',(13.915734964339,-302.2050831077,
    254.13948893523));
#3908 = CARTESIAN_POINT('',(13.893292076619,-302.1911988567,
    254.17489887585));
#3909 = CARTESIAN_POINT('',(13.870798310954,-302.1772456277,
    254.21022943631));
#3910 = CARTESIAN_POINT('',(13.84824050778,-302.1632056224,
    254.2454600844));
#3911 = CARTESIAN_POINT('',(15.474107844841,-303.2736305077,
    252.50008580952));
#3912 = CARTESIAN_POINT('',(15.437009657673,-303.2398849432,
    252.51263001277));
#3913 = CARTESIAN_POINT('',(15.401550042535,-303.2083600093,
    252.52773076275));
#3914 = CARTESIAN_POINT('',(15.367664825439,-303.178968725,
    252.54528790614));
#3915 = CARTESIAN_POINT('',(15.336251828364,-303.1529278808,
    252.56670233918));
#3916 = CARTESIAN_POINT('',(15.306261317586,-303.1288147684,
    252.59033606132));
#3917 = CARTESIAN_POINT('',(15.282130397699,-303.1126429215,
    252.62311244073));
#3918 = CARTESIAN_POINT('',(15.261309854171,-303.1009572677,
    252.66105356034));
#3919 = CARTESIAN_POINT('',(15.245221996605,-303.095685482,
    252.70637880059));
#3920 = CARTESIAN_POINT('',(15.233469697996,-303.096289322,
    252.75846845221));
#3921 = CARTESIAN_POINT('',(15.217851657718,-303.1081850181,
    252.87495253695));
#3922 = CARTESIAN_POINT('',(15.214046142987,-303.1195584946,
    252.93944093582));
#3923 = CARTESIAN_POINT('',(15.213156172091,-303.1348831731,
    253.00847822579));
#3924 = CARTESIAN_POINT('',(15.217319954228,-303.1570568033,
    253.08540051119));
#3925 = CARTESIAN_POINT('',(15.215836570962,-303.1715772847,
    253.15351195064));
#3926 = CARTESIAN_POINT('',(15.225551401386,-303.2012738182,
    253.23909512675));
#3927 = CARTESIAN_POINT('',(15.213969031172,-303.2021079493,
    253.29144989997));
#3928 = CARTESIAN_POINT('',(15.194876650879,-303.1927643562,
    253.33208738833));
#3929 = CARTESIAN_POINT('',(15.164538766213,-303.1681806244,
    253.3551793734));
#3930 = CARTESIAN_POINT('',(15.087758294368,-303.0971877325,
    253.37623641017));
#3931 = CARTESIAN_POINT('',(15.041239050333,-303.0506746856,
    253.37408185953));
#3932 = CARTESIAN_POINT('',(14.988598948401,-302.9958665268,
    253.36237740068));
#3933 = CARTESIAN_POINT('',(14.933929642062,-302.9383083441,
    253.34750693373));
#3934 = CARTESIAN_POINT('',(14.87893938081,-302.880315203,
    253.33213569968));
#3935 = CARTESIAN_POINT('',(14.830190728317,-302.8307808147,
    253.32650277971));
#3936 = CARTESIAN_POINT('',(14.787329663001,-302.7892254114,
    253.33005580381));
#3937 = CARTESIAN_POINT('',(14.748903515636,-302.7536802976,
    253.34052829584));
#3938 = CARTESIAN_POINT('',(14.713393761819,-302.722087542,
    253.35555101071));
#3939 = CARTESIAN_POINT('',(14.646070173623,-302.6639108163,
    253.39136290126));
#3940 = CARTESIAN_POINT('',(14.614266540775,-302.6373406708,
    253.41216799274));
#3941 = CARTESIAN_POINT('',(14.583289594119,-302.6118908713,
    253.43426289895));
#3942 = CARTESIAN_POINT('',(14.552736304371,-302.5870152112,
    253.45701880475));
#3943 = CARTESIAN_POINT('',(14.522964180771,-302.5631982169,
    253.48099350222));
#3944 = CARTESIAN_POINT('',(14.493638409257,-302.5399861127,
    253.50566461068));
#3945 = CARTESIAN_POINT('',(14.464985416498,-302.5176857844,
    253.53138540113));
#3946 = CARTESIAN_POINT('',(14.436939577979,-302.4962082762,
    253.55805348953));
#3947 = CARTESIAN_POINT('',(14.409508607431,-302.4755640528,
    253.58568090776));
#3948 = CARTESIAN_POINT('',(14.355859665158,-302.4359194848,
    253.64282829332));
#3949 = CARTESIAN_POINT('',(14.329639870926,-302.416916672,
    253.67234541634));
#3950 = CARTESIAN_POINT('',(14.304013987355,-302.3987187365,
    253.70278917359));
#3951 = CARTESIAN_POINT('',(14.278957526601,-302.3812924998,
    253.73412135478));
#3952 = CARTESIAN_POINT('',(14.254433624679,-302.3645879886,
    253.76628444986));
#3953 = CARTESIAN_POINT('',(14.230395239396,-302.348541471,
    253.79920505557));
#3954 = CARTESIAN_POINT('',(14.206787813486,-302.333078987,
    253.83279805676));
#3955 = CARTESIAN_POINT('',(14.183552024553,-302.3181201615,
    253.86697089287));
#3956 = CARTESIAN_POINT('',(14.160626233721,-302.3035814473,
    253.90162739598));
#3957 = CARTESIAN_POINT('',(14.115270273208,-302.2751756982,
    253.97171368147));
#3958 = CARTESIAN_POINT('',(14.092840794133,-302.2613095954,
    254.00714454197));
#3959 = CARTESIAN_POINT('',(14.070598174001,-302.2476967347,
    254.04286694307));
#3960 = CARTESIAN_POINT('',(14.048481520727,-302.234254573,
    254.07878588316));
#3961 = CARTESIAN_POINT('',(14.02643369798,-302.2209057126,
    254.11481221085));
#3962 = CARTESIAN_POINT('',(14.004403121279,-302.2075802017,
    254.15086545084));
#3963 = CARTESIAN_POINT('',(13.982344934945,-302.1942172932,
    254.18687561012));
#3964 = CARTESIAN_POINT('',(13.960222191596,-302.180766884,
    254.2227850494));
#3965 = CARTESIAN_POINT('',(13.938007620053,-302.1671920332,
    254.25855121515));
#3966 = CARTESIAN_POINT('',(13.915686601161,-302.1534729214,
    254.29415130043));
#3967 = CARTESIAN_POINT('',(15.557996604161,-303.1850439512,
    252.51789110846));
#3968 = CARTESIAN_POINT('',(15.524393349838,-303.1560348304,
    252.53588824672));
#3969 = CARTESIAN_POINT('',(15.492509285191,-303.1293555823,
    252.55656769204));
#3970 = CARTESIAN_POINT('',(15.4634717721,-303.106534157,252.58168857562
    ));
#3971 = CARTESIAN_POINT('',(15.434558605421,-303.0838809414,
    252.60700298338));
#3972 = CARTESIAN_POINT('',(15.408715491583,-303.065388695,
    252.63710795182));
#3973 = CARTESIAN_POINT('',(15.391666424325,-303.0588144131,
    252.68093371999));
#3974 = CARTESIAN_POINT('',(15.373992950565,-303.0513936573,
    252.72378486435));
#3975 = CARTESIAN_POINT('',(15.363014167767,-303.0530458266,
    252.77708144611));
#3976 = CARTESIAN_POINT('',(15.355063197524,-303.0588012857,
    252.83510199081));
#3977 = CARTESIAN_POINT('',(15.345312752713,-303.0786488458,
    252.96074080284));
#3978 = CARTESIAN_POINT('',(15.343377680867,-303.0925571755,
    253.0281474957));
#3979 = CARTESIAN_POINT('',(15.343710720813,-303.109539299,
    253.09909295519));
#3980 = CARTESIAN_POINT('',(15.344148593334,-303.1266635072,
    253.17020199121));
#3981 = CARTESIAN_POINT('',(15.344246870977,-303.143327492,
    253.24078119609));
#3982 = CARTESIAN_POINT('',(15.338496430505,-303.1520651856,
    253.30223510029));
#3983 = CARTESIAN_POINT('',(15.322842340215,-303.1473812402,
    253.34823709764));
#3984 = CARTESIAN_POINT('',(15.296553258179,-303.1282845364,
    253.37764612791));
#3985 = CARTESIAN_POINT('',(15.260703421833,-303.0962308951,
    253.3921382418));
#3986 = CARTESIAN_POINT('',(15.174537314174,-303.0125183971,
    253.39855159176));
#3987 = CARTESIAN_POINT('',(15.124180206213,-302.9608041959,
    253.39040911347));
#3988 = CARTESIAN_POINT('',(15.069202245459,-302.9028277204,
    253.37505707059));
#3989 = CARTESIAN_POINT('',(15.011354441208,-302.8409619667,
    253.35522742825));
#3990 = CARTESIAN_POINT('',(14.959851847441,-302.7876953843,
    253.34529773562));
#3991 = CARTESIAN_POINT('',(14.906512314183,-302.7319393341,
    253.33250200752));
#3992 = CARTESIAN_POINT('',(14.87369329442,-302.7039931218,
    253.35172287077));
#3993 = CARTESIAN_POINT('',(14.84064239264,-302.6757326485,
    253.37058194151));
#3994 = CARTESIAN_POINT('',(14.810258628966,-302.6510867406,
    253.39360234561));
#3995 = CARTESIAN_POINT('',(14.750981095656,-302.6038141923,
    253.44196787559));
#3996 = CARTESIAN_POINT('',(14.722185201112,-302.5813201965,
    253.46746570919));
#3997 = CARTESIAN_POINT('',(14.69330144806,-302.5587071305,
    253.49282646378));
#3998 = CARTESIAN_POINT('',(14.664823044002,-302.5366434065,
    253.51881965223));
#3999 = CARTESIAN_POINT('',(14.636535071864,-302.5148377517,
    253.5451099583));
#4000 = CARTESIAN_POINT('',(14.608762040115,-302.4937299641,
    253.57220368386));
#4001 = CARTESIAN_POINT('',(14.581341759403,-302.4731002231,
    253.59984778196));
#4002 = CARTESIAN_POINT('',(14.554466156506,-302.4532086465,
    253.62834169703));
#4003 = CARTESIAN_POINT('',(14.528080109783,-302.4339805236,
    253.65759942979));
#4004 = CARTESIAN_POINT('',(14.476355196406,-302.3969434392,
    253.717748729));
#4005 = CARTESIAN_POINT('',(14.451012072003,-302.3791287058,
    253.74863365283));
#4006 = CARTESIAN_POINT('',(14.42619880862,-302.3620320537,
    253.78034527771));
#4007 = CARTESIAN_POINT('',(14.401909541876,-302.3456455264,
    253.81287445466));
#4008 = CARTESIAN_POINT('',(14.378124639846,-302.3299425343,
    253.84619055217));
#4009 = CARTESIAN_POINT('',(14.354812478005,-302.3148801973,
    253.88024423079));
#4010 = CARTESIAN_POINT('',(14.331930746315,-302.3004011994,
    253.91496947568));
#4011 = CARTESIAN_POINT('',(14.3094276726,-302.2864353586,
    253.95028551186));
#4012 = CARTESIAN_POINT('',(14.287243544307,-302.2729017633,
    253.986099174));
#4013 = CARTESIAN_POINT('',(14.243382282219,-302.2465216592,
    254.05851752301));
#4014 = CARTESIAN_POINT('',(14.221705855298,-302.2336761118,
    254.09512331278));
#4015 = CARTESIAN_POINT('',(14.200218603171,-302.221086932,
    254.13202425729));
#4016 = CARTESIAN_POINT('',(14.17885133512,-302.2086603694,
    254.16911240458));
#4017 = CARTESIAN_POINT('',(14.15753331234,-302.1963005269,
    254.20627738446));
#4018 = CARTESIAN_POINT('',(14.136196069388,-302.1839146576,
    254.24341237837));
#4019 = CARTESIAN_POINT('',(14.11477785645,-302.1714190388,
    254.28042104017));
#4020 = CARTESIAN_POINT('',(14.093228077482,-302.1587451306,
    254.31722443078));
#4021 = CARTESIAN_POINT('',(14.071511141073,-302.1458446822,
    254.35376701879));
#4022 = CARTESIAN_POINT('',(14.049609102799,-302.1326933821,
    254.39002080715));
#4023 = CARTESIAN_POINT('',(15.591521684276,-303.1293406726,
    252.51365778333));
#4024 = CARTESIAN_POINT('',(15.559315299793,-303.1022246365,
    252.53383438045));
#4025 = CARTESIAN_POINT('',(15.529574191217,-303.0784496552,
    252.5578574438));
#4026 = CARTESIAN_POINT('',(15.497930116189,-303.052095362,
    252.5789108996));
#4027 = CARTESIAN_POINT('',(15.483718886536,-303.0493679285,
    252.6271657976));
#4028 = CARTESIAN_POINT('',(15.440797638878,-303.0077289907,
    252.63062188451));
#4029 = CARTESIAN_POINT('',(15.44309257973,-303.0273719712,
    252.70463149535));
#4030 = CARTESIAN_POINT('',(15.418313851285,-303.0103209826,
    252.73639526021));
#4031 = CARTESIAN_POINT('',(15.412171761833,-303.0185282699,
    252.79723865691));
#4032 = CARTESIAN_POINT('',(15.405317313242,-303.0257696839,
    252.85696991528));
#4033 = CARTESIAN_POINT('',(15.397568021544,-303.0483292275,
    252.98573094163));
#4034 = CARTESIAN_POINT('',(15.396128673048,-303.0629093625,
    253.05391106235));
#4035 = CARTESIAN_POINT('',(15.395928687332,-303.0791691211,
    253.12402488099));
#4036 = CARTESIAN_POINT('',(15.395821303919,-303.0955543755,
    253.19428319708));
#4037 = CARTESIAN_POINT('',(15.392513717728,-303.1076026966,
    253.25954850997));
#4038 = CARTESIAN_POINT('',(15.383777234089,-303.1122936178,
    253.31634352042));
#4039 = CARTESIAN_POINT('',(15.365340254742,-303.1038382698,
    253.35800359966));
#4040 = CARTESIAN_POINT('',(15.337138750009,-303.0821498041,
    253.38442882621));
#4041 = CARTESIAN_POINT('',(15.300019520919,-303.0483758599,
    253.39694040521));
#4042 = CARTESIAN_POINT('',(15.212435784165,-302.9627421593,
    253.40114193656));
#4043 = CARTESIAN_POINT('',(15.158908163995,-302.9067312197,
    253.38805274823));
#4044 = CARTESIAN_POINT('',(15.123311425898,-302.8750205609,
    253.40293974646));
#4045 = CARTESIAN_POINT('',(15.009374619521,-302.7371418476,
    253.29559870223));
#4046 = CARTESIAN_POINT('',(15.061365275252,-302.8241314416,
    253.44714164443));
#4047 = CARTESIAN_POINT('',(14.892726299456,-302.6121192078,
    253.25445296786));
#4048 = CARTESIAN_POINT('',(14.941020243456,-302.6940989533,
    253.4002282161));
#4049 = CARTESIAN_POINT('',(14.887624847909,-302.6382672138,
    253.38734531866));
#4050 = CARTESIAN_POINT('',(14.862160821592,-302.6202886267,
    253.41804161065));
#4051 = CARTESIAN_POINT('',(14.806344019778,-302.5777061343,
    253.4718066532));
#4052 = CARTESIAN_POINT('',(14.778709431381,-302.5567859612,
    253.49911638335));
#4053 = CARTESIAN_POINT('',(14.750418998557,-302.5349769807,
    253.52540284667));
#4054 = CARTESIAN_POINT('',(14.722887651,-302.5141967172,253.55287366315
    ));
#4055 = CARTESIAN_POINT('',(14.694984289254,-302.4929123053,
    253.57976402853));
#4056 = CARTESIAN_POINT('',(14.667880292278,-302.4727111961,
    253.60790162036));
#4057 = CARTESIAN_POINT('',(14.640862363457,-302.4526267406,
    253.63617345926));
#4058 = CARTESIAN_POINT('',(14.614427404143,-302.4333323257,
    253.66535488468));
#4059 = CARTESIAN_POINT('',(14.588417970842,-302.4146146003,
    253.69520021623));
#4060 = CARTESIAN_POINT('',(14.537389759357,-302.378521699,
    253.75643652582));
#4061 = CARTESIAN_POINT('',(14.512363500408,-302.3611363921,
    253.78781583073));
#4062 = CARTESIAN_POINT('',(14.487844219137,-302.3444381398,
    253.8199861324));
#4063 = CARTESIAN_POINT('',(14.463834344967,-302.328430272,
    253.85295122566));
#4064 = CARTESIAN_POINT('',(14.440322204726,-302.3130969025,
    253.8866928914));
#4065 = CARTESIAN_POINT('',(14.417283293736,-302.2984049127,
    253.92117290282));
#4066 = CARTESIAN_POINT('',(14.39468087381,-302.2843044187,
    253.95633393613));
#4067 = CARTESIAN_POINT('',(14.372466515955,-302.2707298661,
    253.9921004344));
#4068 = CARTESIAN_POINT('',(14.350581250086,-302.2576012895,
    254.02838038808));
#4069 = CARTESIAN_POINT('',(14.307334628769,-302.2320541619,
    254.1017577143));
#4070 = CARTESIAN_POINT('',(14.285974049278,-302.2196366504,
    254.13885629524));
#4071 = CARTESIAN_POINT('',(14.264808306161,-302.2074832059,
    254.17625887364));
#4072 = CARTESIAN_POINT('',(14.24376555989,-302.195496405,
    254.21385332901));
#4073 = CARTESIAN_POINT('',(14.222767274378,-302.183569927,
    254.25151719177));
#4074 = CARTESIAN_POINT('',(14.201735199893,-302.1715975797,
    254.28912830877));
#4075 = CARTESIAN_POINT('',(14.18059940607,-302.1594847342,
    254.32657759855));
#4076 = CARTESIAN_POINT('',(14.159302994604,-302.1471541796,
    254.36377631175));
#4077 = CARTESIAN_POINT('',(14.137804337878,-302.1345495533,
    254.40065945889));
#4078 = CARTESIAN_POINT('',(14.116084538432,-302.1216452256,
    254.43719758029));
#4079 = CARTESIAN_POINT('',(15.61671878366,-303.0623511681,
    252.49643098704));
#4080 = CARTESIAN_POINT('',(15.585729905569,-303.0368851579,
    252.51850721262));
#4081 = CARTESIAN_POINT('',(15.55088049694,-303.0061866031,
    252.53455911092));
#4082 = CARTESIAN_POINT('',(15.560377980521,-303.0355927457,
    252.61980971529));
#4083 = CARTESIAN_POINT('',(15.455193143472,-302.9095642941,
    252.52610698653));
#4084 = CARTESIAN_POINT('',(15.519593292627,-303.0133843908,
    252.69703193643));
#4085 = CARTESIAN_POINT('',(15.457249566257,-302.9454173633,
    252.67017441606));
#4086 = CARTESIAN_POINT('',(15.459729943297,-302.9653130308,
    252.7444756189));
#4087 = CARTESIAN_POINT('',(15.449704688176,-302.9682565104,
    252.79925848412));
#4088 = CARTESIAN_POINT('',(15.444358376846,-302.9775419337,
    252.86134298371));
#4089 = CARTESIAN_POINT('',(15.43759412825,-303.0014363859,
    252.99164084256));
#4090 = CARTESIAN_POINT('',(15.436063816796,-303.0158932363,
    253.05967902458));
#4091 = CARTESIAN_POINT('',(15.435567727813,-303.0317517106,
    253.12933086875));
#4092 = CARTESIAN_POINT('',(15.43348286958,-303.0454570802,
    253.19650388365));
#4093 = CARTESIAN_POINT('',(15.428761518391,-303.0555893796,
    253.25956341715));
#4094 = CARTESIAN_POINT('',(15.417672438169,-303.0570921081,
    253.3126878712));
#4095 = CARTESIAN_POINT('',(15.397860502888,-303.0467733336,
    253.35220271583));
#4096 = CARTESIAN_POINT('',(15.369064821378,-303.0242796589,
    253.37770089941));
#4097 = CARTESIAN_POINT('',(15.332182299189,-302.9908264971,
    253.39058179549));
#4098 = CARTESIAN_POINT('',(15.246508596968,-302.9077813196,
    253.39776340506));
#4099 = CARTESIAN_POINT('',(15.214195076536,-302.8805201437,
    253.4177729544));
#4100 = CARTESIAN_POINT('',(15.05991192773,-302.6879632416,
    253.24748258559));
#4101 = CARTESIAN_POINT('',(15.300875845637,-303.0310533082,
    253.69386610777));
#4102 = CARTESIAN_POINT('',(14.743314531476,-302.2919654135,
    252.89437149287));
#4103 = CARTESIAN_POINT('',(15.238923835242,-302.98015629,
    253.73805890424));
#4104 = CARTESIAN_POINT('',(14.885617840795,-302.517879414,
    253.25724824211));
#4105 = CARTESIAN_POINT('',(14.947819933094,-302.6187077811,
    253.42472335227));
#4106 = CARTESIAN_POINT('',(14.916520741759,-302.5928212791,
    253.44631547564));
#4107 = CARTESIAN_POINT('',(14.864605923813,-302.5555268297,
    253.50616848538));
#4108 = CARTESIAN_POINT('',(14.837080514944,-302.5347546264,
    253.5336485578));
#4109 = CARTESIAN_POINT('',(14.809798919285,-302.5143128275,
    253.56150904249));
#4110 = CARTESIAN_POINT('',(14.78214641275,-302.4933683854,
    253.58879078832));
#4111 = CARTESIAN_POINT('',(14.755006809416,-302.4731190218,
    253.61687286044));
#4112 = CARTESIAN_POINT('',(14.728027632693,-302.4530870768,
    253.64520510705));
#4113 = CARTESIAN_POINT('',(14.701405350418,-302.4335388016,
    253.6740943125));
#4114 = CARTESIAN_POINT('',(14.675205972495,-302.4145636634,
    253.70364326665));
#4115 = CARTESIAN_POINT('',(14.649442074104,-302.396178684,
    253.73387169407));
#4116 = CARTESIAN_POINT('',(14.59885611545,-302.3606851368,
    253.79579801662));
#4117 = CARTESIAN_POINT('',(14.574031717453,-302.3435733857,
    253.82749226794));
#4118 = CARTESIAN_POINT('',(14.549700830984,-302.3271304783,
    253.85995651246));
#4119 = CARTESIAN_POINT('',(14.525872565347,-302.3113686758,
    253.8932049484));
#4120 = CARTESIAN_POINT('',(14.50254223372,-302.2962817745,
    253.92723028238));
#4121 = CARTESIAN_POINT('',(14.479691841628,-302.2818451866,
    253.96200442171));
#4122 = CARTESIAN_POINT('',(14.457289809114,-302.268016327,
    253.99747810701));
#4123 = CARTESIAN_POINT('',(14.435290824377,-302.2547336156,
    254.03358063299));
#4124 = CARTESIAN_POINT('',(14.413636576144,-302.2419181336,
    254.07022102744));
#4125 = CARTESIAN_POINT('',(14.370879942012,-302.2170350402,
    254.14436284214));
#4126 = CARTESIAN_POINT('',(14.349778612428,-302.2049688885,
    254.18186591643));
#4127 = CARTESIAN_POINT('',(14.328882708697,-302.1931810852,
    254.21968948523));
#4128 = CARTESIAN_POINT('',(14.308119026698,-302.1815725701,
    254.25771938037));
#4129 = CARTESIAN_POINT('',(14.287399945125,-302.1700243496,
    254.29581881685));
#4130 = CARTESIAN_POINT('',(14.266636704582,-302.1584164608,
    254.33384941329));
#4131 = CARTESIAN_POINT('',(14.245751459016,-302.1466430653,
    254.37168959319));
#4132 = CARTESIAN_POINT('',(14.22468038339,-302.1346179424,
    254.40923988706));
#4133 = CARTESIAN_POINT('',(14.203374803099,-302.122274959,
    254.44642427567));
#4134 = CARTESIAN_POINT('',(14.181815356456,-302.1095879484,
    254.4832125841));
#4135 = CARTESIAN_POINT('',(15.632812602106,-302.9830246604,
    252.46500096502));
#4136 = CARTESIAN_POINT('',(15.6015005619,-302.9571206429,
    252.48657292387));
#4137 = CARTESIAN_POINT('',(15.583925458241,-302.9498348436,252.52958013
    ));
#4138 = CARTESIAN_POINT('',(15.491091131297,-302.8405453494,
    252.4551489587));
#4139 = CARTESIAN_POINT('',(15.57715470438,-302.973731134,
    252.65988499189));
#4140 = CARTESIAN_POINT('',(15.510953366146,-302.9005273219,
    252.62699412365));
#4141 = CARTESIAN_POINT('',(15.469737482404,-302.8612076975,
    252.63312431997));
#4142 = CARTESIAN_POINT('',(15.501920183985,-302.9213531187,
    252.7537621192));
#4143 = CARTESIAN_POINT('',(15.472814310289,-302.8984380348,
    252.77877474507));
#4144 = CARTESIAN_POINT('',(15.472469285065,-302.9145013934,
    252.84866255883));
#4145 = CARTESIAN_POINT('',(15.466294027807,-302.9391940414,
    252.97987933776));
#4146 = CARTESIAN_POINT('',(15.464795654707,-302.9536941742,
    253.04796735523));
#4147 = CARTESIAN_POINT('',(15.463012982802,-302.9678090205,
    253.11561179512));
#4148 = CARTESIAN_POINT('',(15.461030763799,-302.9816534866,
    253.18294501545));
#4149 = CARTESIAN_POINT('',(15.454620197378,-302.9894966346,
    253.24336898292));
#4150 = CARTESIAN_POINT('',(15.442616761131,-302.989760069,
    253.29506685923));
#4151 = CARTESIAN_POINT('',(15.422837419394,-302.9794855879,
    253.33463255988));
#4152 = CARTESIAN_POINT('',(15.394768110669,-302.9579762589,
    253.3612640514));
#4153 = CARTESIAN_POINT('',(15.359611928473,-302.9268626833,
    253.37683842139));
#4154 = CARTESIAN_POINT('',(15.278831305662,-302.8504486932,
    253.39165432322));
#4155 = CARTESIAN_POINT('',(15.188960460803,-302.7451846813,
    253.32186157094));
#4156 = CARTESIAN_POINT('',(15.410316064035,-303.0617010952,
    253.73765166216));
#4157 = CARTESIAN_POINT('',(14.587939024457,-301.9637295367,
    252.5249853979));
#4158 = CARTESIAN_POINT('',(15.847549399546,-303.6873104502,
    254.56068528537));
#4159 = CARTESIAN_POINT('',(14.466301853855,-301.8319457484,
    252.47605573649));
#4160 = CARTESIAN_POINT('',(15.14924269431,-302.7740123532,
    253.61202247302));
#4161 = CARTESIAN_POINT('',(15.01218724149,-302.604802674,253.4686109512
    ));
#4162 = CARTESIAN_POINT('',(14.982409956103,-302.5809786614,
    253.49257762232));
#4163 = CARTESIAN_POINT('',(14.925489863835,-302.5369009685,
    253.54462127801));
#4164 = CARTESIAN_POINT('',(14.896967567061,-302.5147777452,
    253.57054598608));
#4165 = CARTESIAN_POINT('',(14.870031626437,-302.4948044201,
    253.59894574652));
#4166 = CARTESIAN_POINT('',(14.842452014218,-302.4739587217,
    253.62634130005));
#4167 = CARTESIAN_POINT('',(14.815690333058,-302.4542215468,
    253.65501285334));
#4168 = CARTESIAN_POINT('',(14.788656663649,-302.4341157612,
    253.68326028371));
#4169 = CARTESIAN_POINT('',(14.762326905296,-302.4149639131,
    253.71260573771));
#4170 = CARTESIAN_POINT('',(14.736245696461,-302.3961489092,
    253.74233912804));
#4171 = CARTESIAN_POINT('',(14.710623552565,-302.3779560507,
    253.77278871095));
#4172 = CARTESIAN_POINT('',(14.660284593331,-302.342797235,
    253.83510040782));
#4173 = CARTESIAN_POINT('',(14.635571306754,-302.3258360834,
    253.86696802161));
#4174 = CARTESIAN_POINT('',(14.611343446983,-302.3095327477,
    253.89959300034));
#4175 = CARTESIAN_POINT('',(14.587616057133,-302.2939077539,
    253.93299883999));
#4176 = CARTESIAN_POINT('',(14.564391053599,-302.2789634542,
    253.96718849718));
#4177 = CARTESIAN_POINT('',(14.541656725334,-302.264684309,
    254.0021437297));
#4178 = CARTESIAN_POINT('',(14.519386666512,-302.2510341848,
    254.03782331802));
#4179 = CARTESIAN_POINT('',(14.497538895319,-302.2379564679,
    254.07416177492));
#4180 = CARTESIAN_POINT('',(14.476056197311,-302.225373448,
    254.11106982406));
#4181 = CARTESIAN_POINT('',(14.43368071431,-302.201006911,
    254.18580632226));
#4182 = CARTESIAN_POINT('',(14.412789382358,-302.1892253158,
    254.22363702815));
#4183 = CARTESIAN_POINT('',(14.392119078719,-302.1777433512,
    254.26181261612));
#4184 = CARTESIAN_POINT('',(14.371596220166,-302.166461022,
    254.30021819014));
#4185 = CARTESIAN_POINT('',(14.351123917178,-302.1552474825,
    254.33870273865));
#4186 = CARTESIAN_POINT('',(14.330601536049,-302.1439657725,
    254.3771090375));
#4187 = CARTESIAN_POINT('',(14.309942503989,-302.1324991232,
    254.41530224065));
#4188 = CARTESIAN_POINT('',(14.289076328966,-302.1207515892,
    254.45317217567));
#4189 = CARTESIAN_POINT('',(14.267945895599,-302.1086460049,
    254.49062985103));
#4190 = CARTESIAN_POINT('',(14.246531873546,-302.0961560694,
    254.527645052));
#4191 = CARTESIAN_POINT('',(15.644884964056,-302.898248434,
    252.42729694681));
#4192 = CARTESIAN_POINT('',(15.615920920526,-302.8755266513,
    252.45253256095));
#4193 = CARTESIAN_POINT('',(15.577370895214,-302.8398119762,
    252.46280913369));
#4194 = CARTESIAN_POINT('',(15.618529916173,-302.9121325905,
    252.59746857207));
#4195 = CARTESIAN_POINT('',(15.515036374551,-302.788387517,
    252.50639041058));
#4196 = CARTESIAN_POINT('',(15.49243163171,-302.7742988236,
    252.54157222007));
#4197 = CARTESIAN_POINT('',(15.564732487036,-302.8888105582,
    252.72479864228));
#4198 = CARTESIAN_POINT('',(15.474031652866,-302.7824187457,
    252.65370657052));
#4199 = CARTESIAN_POINT('',(15.502769168627,-302.8378971354,
    252.76897239018));
#4200 = CARTESIAN_POINT('',(15.491600906434,-302.8392919327,
    252.82197240422));
#4201 = CARTESIAN_POINT('',(15.485224709506,-302.8637122006,
    252.95287560353));
#4202 = CARTESIAN_POINT('',(15.483315848844,-302.8776560178,
    253.02032314348));
#4203 = CARTESIAN_POINT('',(15.482503303031,-302.8930856735,
    253.08948131407));
#4204 = CARTESIAN_POINT('',(15.478628231092,-302.9043648853,
    253.15386117248));
#4205 = CARTESIAN_POINT('',(15.472860911568,-302.9130797177,
    253.21528884542));
#4206 = CARTESIAN_POINT('',(15.46095543833,-302.9134760881,
    253.2671395532));
#4207 = CARTESIAN_POINT('',(15.442075215413,-302.9044199825,
    253.3081081053));
#4208 = CARTESIAN_POINT('',(15.416114052106,-302.8857677208,
    253.33802877371));
#4209 = CARTESIAN_POINT('',(15.383925941489,-302.8586765188,
    253.35823399942));
#4210 = CARTESIAN_POINT('',(15.311057018212,-302.7929846368,
    253.38539390912));
#4211 = CARTESIAN_POINT('',(15.31954181202,-302.8210141428,
    253.46905792425));
#4212 = CARTESIAN_POINT('',(14.98362859353,-302.3823085069,
    253.01538409484));
#4213 = CARTESIAN_POINT('',(15.747943278786,-303.4346541559,
    254.2783116448));
#4214 = CARTESIAN_POINT('',(14.42790475514,-301.6622415762,
    252.2891822707));
#4215 = CARTESIAN_POINT('',(15.559299160039,-303.2120614801,
    254.12483658924));
#4216 = CARTESIAN_POINT('',(15.124499209038,-302.6393422254,
    253.51687685276));
#4217 = CARTESIAN_POINT('',(15.032865359607,-302.5316890216,
    253.44433373402));
#4218 = CARTESIAN_POINT('',(15.035746689391,-302.5521246694,
    253.51925507554));
#4219 = CARTESIAN_POINT('',(14.982274512167,-302.512719651,
    253.57667825974));
#4220 = CARTESIAN_POINT('',(14.957515725099,-302.4956968403,
    253.60847487711));
#4221 = CARTESIAN_POINT('',(14.929144472447,-302.473778287,
    253.63463526419));
#4222 = CARTESIAN_POINT('',(14.902948376523,-302.4548076473,
    253.66418930157));
#4223 = CARTESIAN_POINT('',(14.875465902513,-302.4340935849,
    253.6917364898));
#4224 = CARTESIAN_POINT('',(14.84932044233,-302.4151915127,
    253.72136942987));
#4225 = CARTESIAN_POINT('',(14.822773442028,-302.3957452718,
    253.75037615971));
#4226 = CARTESIAN_POINT('',(14.796883433435,-302.3771893935,
    253.78040777123));
#4227 = CARTESIAN_POINT('',(14.771328657133,-302.3590878186,
    253.81096248041));
#4228 = CARTESIAN_POINT('',(14.721129051138,-302.324117867,
    253.87349159945));
#4229 = CARTESIAN_POINT('',(14.696472583487,-302.307233691,
    253.90544785853));
#4230 = CARTESIAN_POINT('',(14.672293114258,-302.2909960086,
    253.93814835096));
#4231 = CARTESIAN_POINT('',(14.64861188307,-302.2754334308,
    253.97162618992));
#4232 = CARTESIAN_POINT('',(14.62543768281,-302.2605581766,
    254.00589512553));
#4233 = CARTESIAN_POINT('',(14.602765535665,-302.2463630935,
    254.04094736779));
#4234 = CARTESIAN_POINT('',(14.580574795528,-302.2328206254,
    254.07675071545));
#4235 = CARTESIAN_POINT('',(14.558827721527,-302.2198792843,
    254.11324627916));
#4236 = CARTESIAN_POINT('',(14.537469201219,-302.2074645889,
    254.15034807555));
#4237 = CARTESIAN_POINT('',(14.495388103809,-302.1834969921,
    254.22554387748));
#4238 = CARTESIAN_POINT('',(14.474667346704,-302.1719466141,
    254.26364073641));
#4239 = CARTESIAN_POINT('',(14.454187788943,-302.1607230119,
    254.30211387745));
#4240 = CARTESIAN_POINT('',(14.433876312231,-302.1497274106,
    254.34084935599));
#4241 = CARTESIAN_POINT('',(14.413627210631,-302.1388160137,
    254.37968200863));
#4242 = CARTESIAN_POINT('',(14.393326750941,-302.1278353966,
    254.4184346963));
#4243 = CARTESIAN_POINT('',(14.372878562003,-302.1166542352,
    254.45695675621));
#4244 = CARTESIAN_POINT('',(14.352205105459,-302.1051680145,
    254.49512743306));
#4245 = CARTESIAN_POINT('',(14.331240011652,-302.0932864489,
    254.53284305285));
#4246 = CARTESIAN_POINT('',(14.30996433121,-302.0809840075,
    254.57007410137));
#4247 = CARTESIAN_POINT('',(15.650133258229,-302.8042239079,
    252.37894557395));
#4248 = CARTESIAN_POINT('',(15.621099548855,-302.7814076213,
    252.40407237506));
#4249 = CARTESIAN_POINT('',(15.602221211503,-302.7723553451,
    252.44504574988));
#4250 = CARTESIAN_POINT('',(15.539941001404,-302.7044762285,
    252.41829026354));
#4251 = CARTESIAN_POINT('',(15.55869552175,-302.7464353852,
    252.51799640224));
#4252 = CARTESIAN_POINT('',(15.572455601621,-302.7816064587,
    252.60987840981));
#4253 = CARTESIAN_POINT('',(15.479418111828,-302.6720507176,
    252.53514509844));
#4254 = CARTESIAN_POINT('',(15.536452153286,-302.7658781109,
    252.69456118086));
#4255 = CARTESIAN_POINT('',(15.501638499847,-302.7352268791,
    252.71066707437));
#4256 = CARTESIAN_POINT('',(15.502746290236,-302.7532592439,
    252.78282179848));
#4257 = CARTESIAN_POINT('',(15.497075756035,-302.7786359168,
    252.91482608826));
#4258 = CARTESIAN_POINT('',(15.495534870748,-302.7930784482,
    252.98284779838));
#4259 = CARTESIAN_POINT('',(15.493242364316,-302.8065023639,
    253.04969680699));
#4260 = CARTESIAN_POINT('',(15.491587153118,-302.8207900749,
    253.11754030535));
#4261 = CARTESIAN_POINT('',(15.484980495596,-302.8283674599,
    253.17765836874));
#4262 = CARTESIAN_POINT('',(15.474582117941,-302.8308061731,
    253.23186052675));
#4263 = CARTESIAN_POINT('',(15.457657375626,-302.8244002899,
    253.2758800584));
#4264 = CARTESIAN_POINT('',(15.434522683824,-302.8095784665,
    253.31021065297));
#4265 = CARTESIAN_POINT('',(15.406133410362,-302.7876355379,
    253.33634290378));
#4266 = CARTESIAN_POINT('',(15.342164395559,-302.7340049702,
    253.37738864556));
#4267 = CARTESIAN_POINT('',(15.276921823512,-302.6621177038,
    253.34602149644));
#4268 = CARTESIAN_POINT('',(15.411927589015,-302.8616109459,
    253.62708645225));
#4269 = CARTESIAN_POINT('',(14.917365797434,-302.207901598,
    252.92588544894));
#4270 = CARTESIAN_POINT('',(15.56392900764,-303.1006679418,
    254.00509435259));
#4271 = CARTESIAN_POINT('',(15.004485668711,-302.3590296964,
    253.20266344438));
#4272 = CARTESIAN_POINT('',(15.053175900285,-302.4415465001,
    253.34905722668));
#4273 = CARTESIAN_POINT('',(15.157656327143,-302.5996713034,
    253.5824957044));
#4274 = CARTESIAN_POINT('',(15.097720489809,-302.5349757947,
    253.55940829715));
#4275 = CARTESIAN_POINT('',(15.043351818147,-302.4943558444,
    253.61543274436));
#4276 = CARTESIAN_POINT('',(15.014201680043,-302.471381754,
    253.64037788142));
#4277 = CARTESIAN_POINT('',(14.988960926077,-302.4537057975,
    253.67142251005));
#4278 = CARTESIAN_POINT('',(14.961038263839,-302.432395157,
    253.69828283083));
#4279 = CARTESIAN_POINT('',(14.935181857546,-302.4138848704,
    253.72836681656));
#4280 = CARTESIAN_POINT('',(14.908167183195,-302.3938047976,
    253.75664387927));
#4281 = CARTESIAN_POINT('',(14.882250339087,-302.3752125511,
    253.78663357561));
#4282 = CARTESIAN_POINT('',(14.856343863015,-302.3566343472,
    253.81663958556));
#4283 = CARTESIAN_POINT('',(14.830896169468,-302.3386779068,
    253.84736135075));
#4284 = CARTESIAN_POINT('',(14.780824433813,-302.303881238,
    253.9100899762));
#4285 = CARTESIAN_POINT('',(14.756211744857,-302.2870564202,
    253.94211454401));
#4286 = CARTESIAN_POINT('',(14.73206157008,-302.2708583595,
    253.97486073124));
#4287 = CARTESIAN_POINT('',(14.708402193157,-302.2553255479,
    254.00837268183));
#4288 = CARTESIAN_POINT('',(14.68525012429,-302.2404800791,
    254.04267614015));
#4289 = CARTESIAN_POINT('',(14.662608046763,-302.2263259648,
    254.07777529699));
#4290 = CARTESIAN_POINT('',(14.640462376709,-302.2128444075,
    254.11364896624));
#4291 = CARTESIAN_POINT('',(14.618781100403,-302.1999923322,
    254.15024718938));
#4292 = CARTESIAN_POINT('',(14.597512873539,-302.1876999663,
    254.18748986214));
#4293 = CARTESIAN_POINT('',(14.555663252002,-302.1640460887,
    254.26304682215));
#4294 = CARTESIAN_POINT('',(14.535083965498,-302.1526873813,
    254.30136438567));
#4295 = CARTESIAN_POINT('',(14.514769774085,-302.1416880331,
    254.34009560052));
#4296 = CARTESIAN_POINT('',(14.494649219576,-302.1309509048,
    254.37912883702));
#4297 = CARTESIAN_POINT('',(14.474608117414,-302.1203217567,
    254.41828617915));
#4298 = CARTESIAN_POINT('',(14.45451960318,-302.1096280029,
    254.45736939116));
#4299 = CARTESIAN_POINT('',(14.434276096221,-302.0987245102,
    254.49621091281));
#4300 = CARTESIAN_POINT('',(14.41379141423,-302.0874939675,
    254.53467606189));
#4301 = CARTESIAN_POINT('',(14.39299005948,-302.075834362,
    254.57264717183));
#4302 = CARTESIAN_POINT('',(14.371853701249,-302.063720721,
    254.61009558941));
#4303 = CARTESIAN_POINT('',(15.651304322414,-302.70467392,
    252.32423294468));
#4304 = CARTESIAN_POINT('',(15.623470031192,-302.6834831802,
    252.35123119639));
#4305 = CARTESIAN_POINT('',(15.595328250597,-302.6618752592,
    252.37774898471));
#4306 = CARTESIAN_POINT('',(15.586956393607,-302.6670629663,
    252.43511702537));
#4307 = CARTESIAN_POINT('',(15.557165711446,-302.6432166165,
    252.45905602855));
#4308 = CARTESIAN_POINT('',(15.522900686402,-302.6133133011,
    252.47602500722));
#4309 = CARTESIAN_POINT('',(15.54840896941,-302.6644139306,
    252.58625011204));
#4310 = CARTESIAN_POINT('',(15.509353569791,-302.6280144881,
    252.59573842049));
#4311 = CARTESIAN_POINT('',(15.515194701676,-302.6524619511,
    252.67527880297));
#4312 = CARTESIAN_POINT('',(15.508729566949,-302.6602308209,
    252.73561722578));
#4313 = CARTESIAN_POINT('',(15.503046097348,-302.6855899438,
    252.86760131871));
#4314 = CARTESIAN_POINT('',(15.501555923864,-302.7001012137,
    252.93570216572));
#4315 = CARTESIAN_POINT('',(15.500951296741,-302.7158126687,
    253.00518476422));
#4316 = CARTESIAN_POINT('',(15.498024989097,-302.728377702,
    253.07104499059));
#4317 = CARTESIAN_POINT('',(15.493950200048,-302.7393863719,
    253.13511342769));
#4318 = CARTESIAN_POINT('',(15.484526865566,-302.7431465432,
    253.19083686589));
#4319 = CARTESIAN_POINT('',(15.470284760017,-302.7403761703,
    253.23904191815));
#4320 = CARTESIAN_POINT('',(15.45044698307,-302.7300224172,
    253.27851642569));
#4321 = CARTESIAN_POINT('',(15.426122886785,-302.7135886834,
    253.31099125139));
#4322 = CARTESIAN_POINT('',(15.371239042192,-302.672270521,
    253.36621186352));
#4323 = CARTESIAN_POINT('',(15.351208065746,-302.6616548706,
    253.40538488535));
#4324 = CARTESIAN_POINT('',(15.259062828926,-302.5533085891,
    253.33204357095));
#4325 = CARTESIAN_POINT('',(15.380619629092,-302.7345754918,
    253.59212512461));
#4326 = CARTESIAN_POINT('',(15.137334492211,-302.4214014176,
    253.28297183377));
#4327 = CARTESIAN_POINT('',(15.249313710302,-302.5896886017,
    253.52811029881));
#4328 = CARTESIAN_POINT('',(15.256781743499,-302.6163402868,
    253.6101878651));
#4329 = CARTESIAN_POINT('',(15.156214295138,-302.4965799742,
    253.52370610391));
#4330 = CARTESIAN_POINT('',(15.148001593925,-302.50198076,
    253.58131830335));
#4331 = CARTESIAN_POINT('',(15.096924081252,-302.4658210403,
    253.642477692));
#4332 = CARTESIAN_POINT('',(15.07154484886,-302.4479573838,
    253.67330627877));
#4333 = CARTESIAN_POINT('',(15.044137941526,-302.4273457439,
    253.70097124981));
#4334 = CARTESIAN_POINT('',(15.018516478222,-302.4091538447,
    253.7314218748));
#4335 = CARTESIAN_POINT('',(14.991594048593,-302.3891987622,
    253.7598427848));
#4336 = CARTESIAN_POINT('',(14.965833214935,-302.3708179658,
    253.79007592218));
#4337 = CARTESIAN_POINT('',(14.939666327425,-302.3518868423,
    253.8196756408));
#4338 = CARTESIAN_POINT('',(14.914054420819,-302.3337078571,
    253.85014118387));
#4339 = CARTESIAN_POINT('',(14.888718977602,-302.3159035298,
    253.88103809589));
#4340 = CARTESIAN_POINT('',(14.838850565629,-302.2813824167,
    253.94408395133));
#4341 = CARTESIAN_POINT('',(14.814307048389,-302.2646513189,
    253.97621644005));
#4342 = CARTESIAN_POINT('',(14.790200769899,-302.2485128111,
    254.00903112103));
#4343 = CARTESIAN_POINT('',(14.766568230706,-302.2330162504,
    254.04258493919));
#4344 = CARTESIAN_POINT('',(14.74343469888,-302.2181960699,
    254.07691731734));
#4345 = CARTESIAN_POINT('',(14.720811804607,-302.2040677796,
    254.11204641284));
#4346 = CARTESIAN_POINT('',(14.698694573303,-302.1906248974,
    254.14796444514));
#4347 = CARTESIAN_POINT('',(14.677058727202,-302.1778343145,
    254.18463355292));
#4348 = CARTESIAN_POINT('',(14.655858894365,-302.1656346678,
    254.22198293578));
#4349 = CARTESIAN_POINT('',(14.614198194402,-302.1422368062,
    254.29783465277));
#4350 = CARTESIAN_POINT('',(14.593739639074,-302.1310417595,
    254.33634060172));
#4351 = CARTESIAN_POINT('',(14.573573026423,-302.1202422936,
    254.37530201784));
#4352 = CARTESIAN_POINT('',(14.55362997826,-302.1097459432,
    254.41461230489));
#4353 = CARTESIAN_POINT('',(14.533789298066,-302.0993881216,
    254.45408221763));
#4354 = CARTESIAN_POINT('',(14.513911015568,-302.0889795676,
    254.49349356993));
#4355 = CARTESIAN_POINT('',(14.493874472298,-302.0783563385,
    254.53265789891));
#4356 = CARTESIAN_POINT('',(14.473582405085,-302.0673869513,
    254.5714236282));
#4357 = CARTESIAN_POINT('',(14.452950917274,-302.0559575073,
    254.60965974689));
#4358 = CARTESIAN_POINT('',(14.431962491576,-302.044044357,
    254.64733897629));
#4359 = CARTESIAN_POINT('',(15.648292469792,-302.5994551028,
    252.2629939473));
#4360 = CARTESIAN_POINT('',(15.621107425488,-302.5791442202,
    252.29100515503));
#4361 = CARTESIAN_POINT('',(15.597067235409,-302.5630954193,
    252.32392319818));
#4362 = CARTESIAN_POINT('',(15.572959828174,-302.5469549576,
    252.35673549253));
#4363 = CARTESIAN_POINT('',(15.555864577912,-302.5403187584,
    252.40049026991));
#4364 = CARTESIAN_POINT('',(15.545468062938,-302.5427596194,
    252.45469465679));
#4365 = CARTESIAN_POINT('',(15.525496926091,-302.5322249009,
    252.49396074204));
#4366 = CARTESIAN_POINT('',(15.522840210013,-302.5451554713,
    252.56024189021));
#4367 = CARTESIAN_POINT('',(15.514259737195,-302.5500575891,
    252.61727990764));
#4368 = CARTESIAN_POINT('',(15.510856471999,-302.5619761639,
    252.68239586756));
#4369 = CARTESIAN_POINT('',(15.505850413544,-302.5882533727,
    252.81543693201));
#4370 = CARTESIAN_POINT('',(15.50472102577,-302.6032535976,
    252.88410070204));
#4371 = CARTESIAN_POINT('',(15.503937725085,-302.6187228965,
    252.95330451897));
#4372 = CARTESIAN_POINT('',(15.503150214954,-302.6341865395,
    253.02250182196));
#4373 = CARTESIAN_POINT('',(15.499307875558,-302.6455102238,
    253.08693292891));
#4374 = CARTESIAN_POINT('',(15.49255397386,-302.6528880638,
    253.1468212897));
#4375 = CARTESIAN_POINT('',(15.48078255228,-302.6534660227,
    253.19888114862));
#4376 = CARTESIAN_POINT('',(15.464475472472,-302.6478971215,
    253.24386431533));
#4377 = CARTESIAN_POINT('',(15.444194040403,-302.6369420799,
    253.2826465799));
#4378 = CARTESIAN_POINT('',(15.398050308743,-302.6074686718,
    253.35150369147));
#4379 = CARTESIAN_POINT('',(15.370429028259,-302.5865665091,
    253.37883413533));
#4380 = CARTESIAN_POINT('',(15.35268824113,-302.5790545609,
    253.4215803555));
#4381 = CARTESIAN_POINT('',(15.301150522403,-302.5257404097,
    253.41159584592));
#4382 = CARTESIAN_POINT('',(15.305554598079,-302.5482396177,
    253.48889302455));
#4383 = CARTESIAN_POINT('',(15.268927415019,-302.5151325461,
    253.50217227771));
#4384 = CARTESIAN_POINT('',(15.231928660017,-302.4815218217,
    253.51487182444));
#4385 = CARTESIAN_POINT('',(15.226249737066,-302.4903564362,
    253.57643727939));
#4386 = CARTESIAN_POINT('',(15.198433011096,-302.4691894191,
    253.60346283278));
#4387 = CARTESIAN_POINT('',(15.148949364232,-302.4351897465,
    253.66710900706));
#4388 = CARTESIAN_POINT('',(15.123483945572,-302.4172092747,
    253.69780312479));
#4389 = CARTESIAN_POINT('',(15.097930690508,-302.3991097781,
    253.72836019573));
#4390 = CARTESIAN_POINT('',(15.071951733452,-302.3804333364,
    253.75825308649));
#4391 = CARTESIAN_POINT('',(15.046237704324,-302.3621159615,
    253.78855929993));
#4392 = CARTESIAN_POINT('',(15.020389381794,-302.3436165633,
    253.81865602051));
#4393 = CARTESIAN_POINT('',(14.994820583973,-302.3254959988,
    253.84918882934));
#4394 = CARTESIAN_POINT('',(14.969418354531,-302.3076011623,
    253.87998154148));
#4395 = CARTESIAN_POINT('',(14.944314630307,-302.2901108713,
    253.91123998163));
#4396 = CARTESIAN_POINT('',(14.894789080148,-302.2560544072,
    253.97482077779));
#4397 = CARTESIAN_POINT('',(14.870369433548,-302.2394911949,
    254.00714653301));
#4398 = CARTESIAN_POINT('',(14.846347911292,-302.2234675124,
    254.0400934509));
#4399 = CARTESIAN_POINT('',(14.822770461164,-302.2080456807,
    254.0737332197));
#4400 = CARTESIAN_POINT('',(14.799672238321,-302.1932732532,
    254.10812069371));
#4401 = CARTESIAN_POINT('',(14.777074930982,-302.1791797411,
    254.14328970111));
#4402 = CARTESIAN_POINT('',(14.754983660712,-302.1657719628,
    254.17924824597));
#4403 = CARTESIAN_POINT('',(14.733383897969,-302.1530303251,
    254.21597364781));
#4404 = CARTESIAN_POINT('',(14.712238904927,-302.1409049809,
    254.25340859408));
#4405 = CARTESIAN_POINT('',(14.670737395983,-302.1177228666,
    254.32950868623));
#4406 = CARTESIAN_POINT('',(14.650383354906,-302.1066694361,
    254.36817769104));
#4407 = CARTESIAN_POINT('',(14.630350283855,-302.0960510143,
    254.40734748933));
#4408 = CARTESIAN_POINT('',(14.610574583827,-302.0857813358,
    254.44691882387));
#4409 = CARTESIAN_POINT('',(14.590932053415,-302.0756922127,
    254.48669797116));
#4410 = CARTESIAN_POINT('',(14.571269302619,-302.0655755918,
    254.52644551643));
#4411 = CARTESIAN_POINT('',(14.551448640269,-302.0552450481,
    254.56594673661));
#4412 = CARTESIAN_POINT('',(14.531359801244,-302.0445510123,
    254.60502950567));
#4413 = CARTESIAN_POINT('',(14.510910849767,-302.0333689723,
    254.64355043862));
#4414 = CARTESIAN_POINT('',(14.490085551655,-302.0216768904,
    254.68148418075));
#4415 = CARTESIAN_POINT('',(15.641965825419,-302.4897440077,
    252.19658313045));
#4416 = CARTESIAN_POINT('',(15.615564740106,-302.4704955694,
    252.22581749599));
#4417 = CARTESIAN_POINT('',(15.591799710173,-302.4548195731,
    252.25916470914));
#4418 = CARTESIAN_POINT('',(15.570923233021,-302.4430582105,
    252.29701870697));
#4419 = CARTESIAN_POINT('',(15.553204140202,-302.4355757725,
    252.33979891434));
#4420 = CARTESIAN_POINT('',(15.538768840503,-302.4325435884,
    252.38770251587));
#4421 = CARTESIAN_POINT('',(15.52746338527,-302.4337529427,
    252.44048928001));
#4422 = CARTESIAN_POINT('',(15.519132784074,-302.4389938707,
    252.49791743237));
#4423 = CARTESIAN_POINT('',(15.513490776757,-302.4478784197,
    252.5595403952));
#4424 = CARTESIAN_POINT('',(15.510045288511,-302.4597397688,
    252.62459045616));
#4425 = CARTESIAN_POINT('',(15.506012514706,-302.4873360265,
    252.75915011263));
#4426 = CARTESIAN_POINT('',(15.505433814518,-302.5030825723,
    252.82867310347));
#4427 = CARTESIAN_POINT('',(15.505491263149,-302.5196912874,
    252.89918869197));
#4428 = CARTESIAN_POINT('',(15.505279635302,-302.5359353779,
    252.96928451236));
#4429 = CARTESIAN_POINT('',(15.503453143509,-302.5499909951,
    253.0368607981));
#4430 = CARTESIAN_POINT('',(15.498466521456,-302.5597639063,
    253.09950653619));
#4431 = CARTESIAN_POINT('',(15.489623696903,-302.5643107389,
    253.15613562921));
#4432 = CARTESIAN_POINT('',(15.476653614214,-302.5632641856,
    253.20632522889));
#4433 = CARTESIAN_POINT('',(15.460225279912,-302.557530924,
    253.2511191639));
#4434 = CARTESIAN_POINT('',(15.422192096457,-302.5390490778,
    253.33263051254));
#4435 = CARTESIAN_POINT('',(15.400599228443,-302.5263167296,
    253.36936661979));
#4436 = CARTESIAN_POINT('',(15.377277936861,-302.5112420042,
    253.40340601939));
#4437 = CARTESIAN_POINT('',(15.353738182095,-302.4958712292,
    253.4371046019));
#4438 = CARTESIAN_POINT('',(15.330434339578,-302.4808201577,
    253.47117122684));
#4439 = CARTESIAN_POINT('',(15.309682187495,-302.4692271988,
    253.50921909592));
#4440 = CARTESIAN_POINT('',(15.288437350104,-302.4569665477,
    253.54649825012));
#4441 = CARTESIAN_POINT('',(15.266480023094,-302.4437403124,
    253.5826657722));
#4442 = CARTESIAN_POINT('',(15.243697717161,-302.4293960536,
    253.61754614231));
#4443 = CARTESIAN_POINT('',(15.196715535208,-302.398786414,
    253.68509515852));
#4444 = CARTESIAN_POINT('',(15.172516743788,-302.3825225049,
    253.71776549692));
#4445 = CARTESIAN_POINT('',(15.147729887406,-302.3654616375,
    253.74951832203));
#4446 = CARTESIAN_POINT('',(15.122679003834,-302.3480429552,
    253.78085920669));
#4447 = CARTESIAN_POINT('',(15.097505483505,-302.3304580736,
    253.81200874949));
#4448 = CARTESIAN_POINT('',(15.072297135911,-302.3128259919,
    253.8431039547));
#4449 = CARTESIAN_POINT('',(15.047153857635,-302.2952820949,
    253.87430068229));
#4450 = CARTESIAN_POINT('',(15.022154872539,-302.2779337464,
    253.90572253965));
#4451 = CARTESIAN_POINT('',(14.99736974481,-302.2608752219,
    253.93747806224));
#4452 = CARTESIAN_POINT('',(14.948360357542,-302.2275182735,
    254.00186418719));
#4453 = CARTESIAN_POINT('',(14.924136085196,-302.2112198307,
    254.0344947695));
#4454 = CARTESIAN_POINT('',(14.90025620862,-302.195388125,
    254.06766268619));
#4455 = CARTESIAN_POINT('',(14.876777087045,-302.1800995204,
    254.10145587037));
#4456 = CARTESIAN_POINT('',(14.853744611477,-302.1654162358,
    254.1359459214));
#4457 = CARTESIAN_POINT('',(14.831191299634,-302.1513823048,
    254.17118357596));
#4458 = CARTESIAN_POINT('',(14.809133334719,-302.1380196953,
    254.20719408124));
#4459 = CARTESIAN_POINT('',(14.78756755286,-302.1253240908,
    254.24397250256));
#4460 = CARTESIAN_POINT('',(14.766468374343,-302.1132608425,
    254.28147892911));
#4461 = CARTESIAN_POINT('',(14.725100991222,-302.0902604951,
    254.35778828679));
#4462 = CARTESIAN_POINT('',(14.704835325043,-302.0793268394,
    254.39659517963));
#4463 = CARTESIAN_POINT('',(14.684920611104,-302.0688687973,
    254.43594963249));
#4464 = CARTESIAN_POINT('',(14.665299569815,-302.0588087546,
    254.4757622879));
#4465 = CARTESIAN_POINT('',(14.645852698318,-302.0489847387,
    254.51584667524));
#4466 = CARTESIAN_POINT('',(14.626414191302,-302.0391720715,
    254.55594412781));
#4467 = CARTESIAN_POINT('',(14.606823200872,-302.0291527447,
    254.59580365862));
#4468 = CARTESIAN_POINT('',(14.586952247859,-302.018754014,
    254.63522639483));
#4469 = CARTESIAN_POINT('',(14.566702909381,-302.0078424845,
    254.67405876135));
#4470 = CARTESIAN_POINT('',(14.546060878264,-301.9963987716,
    254.71227844198));
#4471 = CARTESIAN_POINT('',(15.623709325834,-302.2627282071,
    252.05501920167));
#4472 = CARTESIAN_POINT('',(15.598894276858,-302.2456291993,
    252.08672814214));
#4473 = CARTESIAN_POINT('',(15.576747736161,-302.232146612,
    252.12260055143));
#4474 = CARTESIAN_POINT('',(15.557457821678,-302.2225353684,
    252.16292992618));
#4475 = CARTESIAN_POINT('',(15.54123646267,-302.2170826958,
    252.20804690857));
#4476 = CARTESIAN_POINT('',(15.528099713871,-302.2158102971,
    252.25797652862));
#4477 = CARTESIAN_POINT('',(15.518050152453,-302.2187217152,
    252.31272280624));
#4478 = CARTESIAN_POINT('',(15.510900620909,-302.225563271,
    252.3719937501));
#4479 = CARTESIAN_POINT('',(15.506381796571,-302.2359700358,
    252.43536919531));
#4480 = CARTESIAN_POINT('',(15.504064072726,-302.2493597926,
    252.50217888128));
#4481 = CARTESIAN_POINT('',(15.50257617625,-302.2804049917,
    252.64070921464));
#4482 = CARTESIAN_POINT('',(15.503411590004,-302.2980680031,
    252.71243857755));
#4483 = CARTESIAN_POINT('',(15.505184990895,-302.3170022272,
    252.78563145912));
#4484 = CARTESIAN_POINT('',(15.5071529338,-302.3362001297,
    252.85912790016));
#4485 = CARTESIAN_POINT('',(15.50829281423,-302.3542758251,
    252.93133238943));
#4486 = CARTESIAN_POINT('',(15.507624988942,-302.3699016645,
    253.00071640565));
#4487 = CARTESIAN_POINT('',(15.504061839602,-302.3816036178,
    253.06558296984));
#4488 = CARTESIAN_POINT('',(15.497477803255,-302.3892114996,
    253.12573613423));
#4489 = CARTESIAN_POINT('',(15.488158098553,-302.3931119643,
    253.18162107441));
#4490 = CARTESIAN_POINT('',(15.464932920585,-302.3946982104,
    253.28623619103));
#4491 = CARTESIAN_POINT('',(15.451028576053,-302.3923855203,
    253.33496812914));
#4492 = CARTESIAN_POINT('',(15.43530272055,-302.3876043276,
    253.38085816226));
#4493 = CARTESIAN_POINT('',(15.418338158363,-302.3811443681,
    253.42481548035));
#4494 = CARTESIAN_POINT('',(15.40103403095,-302.3742242598,
    253.46824304363));
#4495 = CARTESIAN_POINT('',(15.383624837613,-302.3671617418,
    253.51150665678));
#4496 = CARTESIAN_POINT('',(15.365499425789,-302.3591286016,
    253.55365282166));
#4497 = CARTESIAN_POINT('',(15.346501023638,-302.3499123641,
    253.59443692442));
#4498 = CARTESIAN_POINT('',(15.326531010388,-302.3393793805,
    253.63370509833));
#4499 = CARTESIAN_POINT('',(15.28481618733,-302.315908173,253.7094723684
    ));
#4500 = CARTESIAN_POINT('',(15.263070290538,-302.3029684764,
    253.74596976807));
#4501 = CARTESIAN_POINT('',(15.240507823488,-302.2889221457,
    253.78119313781));
#4502 = CARTESIAN_POINT('',(15.217342211284,-302.2740584238,
    253.81547546282));
#4503 = CARTESIAN_POINT('',(15.193796800077,-302.258679984,
    253.84916522187));
#4504 = CARTESIAN_POINT('',(15.169998889636,-302.2429593608,
    253.88246102005));
#4505 = CARTESIAN_POINT('',(15.146044810354,-302.2270270858,
    253.9155131649));
#4506 = CARTESIAN_POINT('',(15.122059172437,-302.2110520479,
    253.94851606817));
#4507 = CARTESIAN_POINT('',(15.098116430015,-302.1951351404,
    253.98158589968));
#4508 = CARTESIAN_POINT('',(15.050494382306,-302.1636583418,
    254.04813658269));
#4509 = CARTESIAN_POINT('',(15.026814631848,-302.1480978486,
    254.08161674033));
#4510 = CARTESIAN_POINT('',(15.003347439418,-302.1328254125,
    254.11542853562));
#4511 = CARTESIAN_POINT('',(14.980168835993,-302.1179440914,
    254.14969059514));
#4512 = CARTESIAN_POINT('',(14.957346142944,-302.103545087,
    254.1845079532));
#4513 = CARTESIAN_POINT('',(14.934934570499,-302.0897032658,
    254.21996675273));
#4514 = CARTESIAN_POINT('',(14.912973869064,-302.0764724528,
    254.25612901024));
#4515 = CARTESIAN_POINT('',(14.891485035709,-302.0638811396,
    254.29302748863));
#4516 = CARTESIAN_POINT('',(14.87046707326,-302.0519279536,
    254.33066062991));
#4517 = CARTESIAN_POINT('',(14.829320535068,-302.0292269006,
    254.40731455518));
#4518 = CARTESIAN_POINT('',(14.809193948037,-302.0184817265,
    254.44633844066));
#4519 = CARTESIAN_POINT('',(14.789473501921,-302.0082869624,
    254.48599599996));
#4520 = CARTESIAN_POINT('',(14.770117285146,-301.9985858121,
    254.52622183033));
#4521 = CARTESIAN_POINT('',(14.751031326095,-301.9892509153,
    254.56686933624));
#4522 = CARTESIAN_POINT('',(14.732049749845,-301.9800574879,
    254.60767968711));
#4523 = CARTESIAN_POINT('',(14.712953902844,-301.9707091902,
    254.64831176431));
#4524 = CARTESIAN_POINT('',(14.693544142448,-301.9609354771,
    254.6884540566));
#4525 = CARTESIAN_POINT('',(14.67372969007,-301.950613314,
    254.72796494504));
#4526 = CARTESIAN_POINT('',(14.653499963817,-301.939728365,
    254.76682791258));
#4527 = CARTESIAN_POINT('',(15.611781192171,-302.1454258355,
    251.97986877744));
#4528 = CARTESIAN_POINT('',(15.58778410215,-302.1294353443,
    252.01285391572));
#4529 = CARTESIAN_POINT('',(15.566467208582,-302.1170771015,
    252.050020763));
#4530 = CARTESIAN_POINT('',(15.547996017576,-302.108575427,
    252.09162750986));
#4531 = CARTESIAN_POINT('',(15.532556636473,-302.1041824615,
    252.13796456726));
#4532 = CARTESIAN_POINT('',(15.52015609106,-302.1039078485,
    252.18904282418));
#4533 = CARTESIAN_POINT('',(15.510805355869,-302.1077662744,
    252.24487945057));
#4534 = CARTESIAN_POINT('',(15.504341345365,-302.1155369351,
    252.30521999112));
#4535 = CARTESIAN_POINT('',(15.500500321484,-302.1268622667,
    252.36965299264));
#4536 = CARTESIAN_POINT('',(15.498885367297,-302.1412044606,
    252.43755918571));
#4537 = CARTESIAN_POINT('',(15.498964813549,-302.174373788,
    252.57853497118));
#4538 = CARTESIAN_POINT('',(15.500670929996,-302.1932167979,
    252.65162283631));
#4539 = CARTESIAN_POINT('',(15.503403806518,-302.2134513726,
    252.72631275401));
#4540 = CARTESIAN_POINT('',(15.506727033554,-302.2344858671,
    252.80192363577));
#4541 = CARTESIAN_POINT('',(15.509183365693,-302.2543458323,
    252.87618225918));
#4542 = CARTESIAN_POINT('',(15.510687756879,-302.2729152428,
    252.94895514259));
#4543 = CARTESIAN_POINT('',(15.509776225614,-302.2882109595,
    253.01795908278));
#4544 = CARTESIAN_POINT('',(15.506059302479,-302.2997042332,
    253.0825853716));
#4545 = CARTESIAN_POINT('',(15.500024245354,-302.3080561018,
    253.14359506611));
#4546 = CARTESIAN_POINT('',(15.483606593526,-302.318868138,
    253.25883156652));
#4547 = CARTESIAN_POINT('',(15.473037793483,-302.3210758132,
    253.31276764461));
#4548 = CARTESIAN_POINT('',(15.460531285298,-302.3206574371,
    253.36368046776));
#4549 = CARTESIAN_POINT('',(15.446807701456,-302.3185901099,
    253.41269489259));
#4550 = CARTESIAN_POINT('',(15.431556219123,-302.314451234,
    253.45932438213));
#4551 = CARTESIAN_POINT('',(15.41638451141,-302.3104214973,
    253.50607956251));
#4552 = CARTESIAN_POINT('',(15.399763042655,-302.3044262492,
    253.55057187989));
#4553 = CARTESIAN_POINT('',(15.382413930377,-302.2974452639,
    253.59392935927));
#4554 = CARTESIAN_POINT('',(15.363941058076,-302.2889412185,
    253.63553338833));
#4555 = CARTESIAN_POINT('',(15.325085276484,-302.2693446435,
    253.71576140009));
#4556 = CARTESIAN_POINT('',(15.304689402746,-302.2582345226,
    253.7543651393));
#4557 = CARTESIAN_POINT('',(15.283393479976,-302.2459046475,
    253.79156459243));
#4558 = CARTESIAN_POINT('',(15.261347309225,-302.2325579959,
    253.82759351008));
#4559 = CARTESIAN_POINT('',(15.23877375565,-302.2184966679,
    253.86279956459));
#4560 = CARTESIAN_POINT('',(15.215820815699,-302.2039211303,
    253.89741372281));
#4561 = CARTESIAN_POINT('',(15.192595237757,-302.1889761644,
    253.93160247981));
#4562 = CARTESIAN_POINT('',(15.169229008767,-302.1738405458,
    253.96557180495));
#4563 = CARTESIAN_POINT('',(15.145809755294,-302.1586330859,
    253.99945839345));
#4564 = CARTESIAN_POINT('',(15.099059126517,-302.1283372523,
    254.06736868472));
#4565 = CARTESIAN_POINT('',(15.075727574099,-302.1132486371,
    254.10139210748));
#4566 = CARTESIAN_POINT('',(15.052532945481,-302.0983456046,
    254.13562916676));
#4567 = CARTESIAN_POINT('',(15.029555248407,-302.0837365197,
    254.17020467607));
#4568 = CARTESIAN_POINT('',(15.00687395343,-302.0695291951,
    254.20524266051));
#4569 = CARTESIAN_POINT('',(14.984560134763,-302.0558197877,
    254.24085396763));
#4570 = CARTESIAN_POINT('',(14.962665014006,-302.0426779027,
    254.27711854272));
#4571 = CARTESIAN_POINT('',(14.941218454547,-302.0301438525,
    254.31408298547));
#4572 = CARTESIAN_POINT('',(14.920235931845,-302.0182387038,
    254.35177141797));
#4573 = CARTESIAN_POINT('',(14.879175283978,-301.9956540496,
    254.42855934968));
#4574 = CARTESIAN_POINT('',(14.859021088585,-301.9848714405,
    254.46754015264));
#4575 = CARTESIAN_POINT('',(14.839961388933,-301.9755722473,
    254.50822868891));
#4576 = CARTESIAN_POINT('',(14.818588843548,-301.9631382314,
    254.54530839863));
#4577 = CARTESIAN_POINT('',(14.804431608538,-301.9604833007,
    254.59364615213));
#4578 = CARTESIAN_POINT('',(14.778706580519,-301.9421505336,
    254.62393485903));
#4579 = CARTESIAN_POINT('',(14.766164360558,-301.9416841813,
    254.67479227592));
#4580 = CARTESIAN_POINT('',(14.74427850422,-301.928554662,
    254.71107124144));
#4581 = CARTESIAN_POINT('',(14.725022915784,-301.9189899191,
    254.75145408288));
#4582 = CARTESIAN_POINT('',(14.704988318174,-301.9083694105,
    254.79062149614));
#4583 = CARTESIAN_POINT('',(15.597614717482,-302.0250900108,
    251.90122603089));
#4584 = CARTESIAN_POINT('',(15.574481753473,-302.0102705975,
    251.93555940285));
#4585 = CARTESIAN_POINT('',(15.554042186012,-301.9991013437,
    251.97409505795));
#4586 = CARTESIAN_POINT('',(15.536445633889,-301.9917849474,
    252.01706647735));
#4587 = CARTESIAN_POINT('',(15.521857431381,-301.9885456185,
    252.0647315135));
#4588 = CARTESIAN_POINT('',(15.510281163129,-301.9893879434,
    252.11709588413));
#4589 = CARTESIAN_POINT('',(15.501733015012,-301.9943342235,
    252.1741847192));
#4590 = CARTESIAN_POINT('',(15.496061515772,-302.003178815,
    252.23576180361));
#4591 = CARTESIAN_POINT('',(15.493017167331,-302.015583897,
    252.30143781497));
#4592 = CARTESIAN_POINT('',(15.492228676842,-302.031046133,
    252.37063350713));
#4593 = CARTESIAN_POINT('',(15.494110498074,-302.0666581054,
    252.51442143646));
#4594 = CARTESIAN_POINT('',(15.496797663487,-302.086830689,
    252.58903998537));
#4595 = CARTESIAN_POINT('',(15.500615690104,-302.108535732,
    252.66542285882));
#4596 = CARTESIAN_POINT('',(15.505164653436,-302.1312317355,
    252.74294648333));
#4597 = CARTESIAN_POINT('',(15.509389979132,-302.1534884938,
    252.81996456203));
#4598 = CARTESIAN_POINT('',(15.512435308504,-302.1741467642,
    252.89514220609));
#4599 = CARTESIAN_POINT('',(15.513976572375,-302.1927661724,
    252.96797265038));
#4600 = CARTESIAN_POINT('',(15.513046071777,-302.2080357667,
    253.03694647063));
#4601 = CARTESIAN_POINT('',(15.510071914491,-302.2205361282,
    253.10273225516));
#4602 = CARTESIAN_POINT('',(15.498791412987,-302.2383095398,
    253.22598306931));
#4603 = CARTESIAN_POINT('',(15.49159101392,-302.245082261,253.2851748115
    ));
#4604 = CARTESIAN_POINT('',(15.483349302885,-302.2504452474,
    253.34274366664));
#4605 = CARTESIAN_POINT('',(15.468685863047,-302.2471003384,
    253.39028685724));
#4606 = CARTESIAN_POINT('',(15.460210444677,-302.2521495524,
    253.44749484096));
#4607 = CARTESIAN_POINT('',(15.443291090513,-302.2457471408,
    253.49151799367));
#4608 = CARTESIAN_POINT('',(15.430562063999,-302.2450293598,
    253.5420863248));
#4609 = CARTESIAN_POINT('',(15.414140626481,-302.2393047726,
    253.58689018961));
#4610 = CARTESIAN_POINT('',(15.397377561667,-302.23311803,
    253.63116206127));
#4611 = CARTESIAN_POINT('',(15.361555123442,-302.2176323006,
    253.71612276733));
#4612 = CARTESIAN_POINT('',(15.342602862221,-302.2084786008,
    253.75697885603));
#4613 = CARTESIAN_POINT('',(15.322679783829,-302.1980092098,
    253.79632027641));
#4614 = CARTESIAN_POINT('',(15.301892363469,-302.1863684937,
    253.83431308211));
#4615 = CARTESIAN_POINT('',(15.280437237922,-302.1738227947,
    253.87126418848));
#4616 = CARTESIAN_POINT('',(15.258465395577,-302.1605769691,
    253.90740902877));
#4617 = CARTESIAN_POINT('',(15.236095228175,-302.1467911792,
    253.94293244665));
#4618 = CARTESIAN_POINT('',(15.213464898052,-302.1326529191,
    253.97804992549));
#4619 = CARTESIAN_POINT('',(15.190673463319,-302.1182962748,
    254.01291605562));
#4620 = CARTESIAN_POINT('',(15.144980948798,-302.0894344184,
    254.08247723809));
#4621 = CARTESIAN_POINT('',(15.122080228337,-302.0749296884,
    254.11717285784));
#4622 = CARTESIAN_POINT('',(15.099220678896,-302.0604807342,
    254.15193270456));
#4623 = CARTESIAN_POINT('',(15.076514801705,-302.046240073,
    254.1869323436));
#4624 = CARTESIAN_POINT('',(15.054033750199,-302.032304014,
    254.22228269354));
#4625 = CARTESIAN_POINT('',(15.031849756459,-302.018770725,
    254.25809659932));
#4626 = CARTESIAN_POINT('',(15.010035081445,-302.0057376927,
    254.29448670441));
#4627 = CARTESIAN_POINT('',(14.988638593728,-301.9932715983,
    254.33152923327));
#4628 = CARTESIAN_POINT('',(14.967692245288,-301.9814154415,
    254.36927411671));
#4629 = CARTESIAN_POINT('',(14.926702462326,-301.9589268277,
    254.44617261766));
#4630 = CARTESIAN_POINT('',(14.906961066959,-301.9487037475,
    254.48579750817));
#4631 = CARTESIAN_POINT('',(14.884991287294,-301.9354602295,
    254.52194542024));
#4632 = CARTESIAN_POINT('',(14.874852766224,-301.9382521686,
    254.57655351859));
#4633 = CARTESIAN_POINT('',(14.835047294674,-301.9008360684,
    254.58487286907));
#4634 = CARTESIAN_POINT('',(14.848468652614,-301.9355575249,
    254.67624021832));
#4635 = CARTESIAN_POINT('',(14.800200936469,-301.8866736738,
    254.67135691111));
#4636 = CARTESIAN_POINT('',(14.794363500002,-301.8952939977,
    254.73267528245));
#4637 = CARTESIAN_POINT('',(14.773496950457,-301.883545885,
    254.77054466213));
#4638 = CARTESIAN_POINT('',(14.753934599083,-301.8735653801,
    254.81044888061));
#4639 = CARTESIAN_POINT('',(15.581676111583,-301.9023525524,
    251.81981835686));
#4640 = CARTESIAN_POINT('',(15.559464756954,-301.8887821314,
    251.85558964285));
#4641 = CARTESIAN_POINT('',(15.539962234647,-301.8788827496,
    251.89558732497));
#4642 = CARTESIAN_POINT('',(15.523306035669,-301.8728408294,
    251.9400258539));
#4643 = CARTESIAN_POINT('',(15.509642007525,-301.8708538059,
    251.98913289944));
#4644 = CARTESIAN_POINT('',(15.498975652582,-301.8729294856,
    252.04291686323));
#4645 = CARTESIAN_POINT('',(15.491318831087,-301.8790835172,
    252.10139646629));
#4646 = CARTESIAN_POINT('',(15.48652928429,-301.889123516,
    252.16434956422));
#4647 = CARTESIAN_POINT('',(15.484368548825,-301.9027260301,
    252.23140426362));
#4648 = CARTESIAN_POINT('',(15.484484470343,-301.9194139817,
    252.30201104991));
#4649 = CARTESIAN_POINT('',(15.488285577591,-301.9576270219,
    252.44879351494));
#4650 = CARTESIAN_POINT('',(15.49193107781,-301.979098307,
    252.52490724127));
#4651 = CARTESIAN_POINT('',(15.497148064833,-302.0026995595,
    252.60347307442));
#4652 = CARTESIAN_POINT('',(15.502260065638,-302.0261578077,
    252.68187438793));
#4653 = CARTESIAN_POINT('',(15.508697169101,-302.0514130517,
    252.76234439241));
#4654 = CARTESIAN_POINT('',(15.513084724516,-302.0738895908,
    252.83961542653));
#4655 = CARTESIAN_POINT('',(15.516389592556,-302.0948988302,
    252.91519710596));
#4656 = CARTESIAN_POINT('',(15.5184442093,-302.1142149893,
    252.98882978494));
#4657 = CARTESIAN_POINT('',(15.516682298456,-302.1283564144,
    253.05650459905));
#4658 = CARTESIAN_POINT('',(15.512939752153,-302.1563473146,
    253.19151882163));
#4659 = CARTESIAN_POINT('',(15.508348661947,-302.1666569488,
    253.25478250699));
#4660 = CARTESIAN_POINT('',(15.496030484722,-302.166488837,
    253.30598279948));
#4661 = CARTESIAN_POINT('',(15.497433798156,-302.1849314402,
    253.37861096578));
#4662 = CARTESIAN_POINT('',(15.474876795079,-302.1708803576,
    253.41382728633));
#4663 = CARTESIAN_POINT('',(15.472802087835,-302.1846093563,
    253.48102878626));
#4664 = CARTESIAN_POINT('',(15.454693478146,-302.1765936117,
    253.52319431509));
#4665 = CARTESIAN_POINT('',(15.442491568415,-302.1765899323,
    253.57458475977));
#4666 = CARTESIAN_POINT('',(15.427015864737,-302.1721474339,
    253.62086469191));
#4667 = CARTESIAN_POINT('',(15.394404966676,-302.1610140573,
    253.71083611647));
#4668 = CARTESIAN_POINT('',(15.376978599656,-302.1539282686,
    253.75407295481));
#4669 = CARTESIAN_POINT('',(15.358492562578,-302.1454064195,
    253.79565643822));
#4670 = CARTESIAN_POINT('',(15.339072281279,-302.1356183954,
    253.83578236141));
#4671 = CARTESIAN_POINT('',(15.318849193582,-302.1247425356,
    253.87465562918));
#4672 = CARTESIAN_POINT('',(15.297971693225,-302.1129795768,
    253.91250796402));
#4673 = CARTESIAN_POINT('',(15.276580823949,-302.1005211378,
    253.9495592658));
#4674 = CARTESIAN_POINT('',(15.254792796299,-302.0875242752,
    253.98599093508));
#4675 = CARTESIAN_POINT('',(15.232731013296,-302.0741565049,
    254.02199548064));
#4676 = CARTESIAN_POINT('',(15.188276949815,-302.0469730221,
    254.09348892721));
#4677 = CARTESIAN_POINT('',(15.165884565903,-302.0331571919,
    254.12897766387));
#4678 = CARTESIAN_POINT('',(15.143444976592,-302.0192773579,
    254.16439273946));
#4679 = CARTESIAN_POINT('',(15.121037016264,-302.0054404798,
    254.19985716581));
#4680 = CARTESIAN_POINT('',(15.098784392666,-301.9918140894,
    254.23556402896));
#4681 = CARTESIAN_POINT('',(15.076790961582,-301.9785387143,
    254.2716751351));
#4682 = CARTESIAN_POINT('',(15.055112888748,-301.9656912086,
    254.30827836957));
#4683 = CARTESIAN_POINT('',(15.033789563283,-301.9533240065,
    254.34543509639));
#4684 = CARTESIAN_POINT('',(15.012872357412,-301.9415074324,
    254.38322544022));
#4685 = CARTESIAN_POINT('',(14.971903192671,-301.9190467564,
    254.46015610139));
#4686 = CARTESIAN_POINT('',(14.951466058464,-301.9078805513,
    254.49869541844));
#4687 = CARTESIAN_POINT('',(14.935475820878,-301.9027419721,
    254.54417332148));
#4688 = CARTESIAN_POINT('',(14.900924054109,-301.8724449965,
    254.56068939308));
#4689 = CARTESIAN_POINT('',(14.921599189176,-301.9169992325,
    254.66337552753));
#4690 = CARTESIAN_POINT('',(14.838770075953,-301.8212739126,
    254.6045666981));
#4691 = CARTESIAN_POINT('',(14.884356266576,-301.8995872341,
    254.74611906341));
#4692 = CARTESIAN_POINT('',(14.83677423604,-301.851632416,
    254.74230568027));
#4693 = CARTESIAN_POINT('',(14.821089457495,-301.8469072239,
    254.78825984068));
#4694 = CARTESIAN_POINT('',(14.801145274337,-301.8364092414,
    254.82756832376));
#4695 = CARTESIAN_POINT('',(15.56434285298,-301.7777250291,
    251.73623470909));
#4696 = CARTESIAN_POINT('',(15.543110415416,-301.7654812521,
    251.77353333618));
#4697 = CARTESIAN_POINT('',(15.524602644641,-301.756930019,
    251.81508302533));
#4698 = CARTESIAN_POINT('',(15.508946743022,-301.752243629,
    251.86108232634));
#4699 = CARTESIAN_POINT('',(15.496269021661,-301.7515934403,
    251.91172810789));
#4700 = CARTESIAN_POINT('',(15.48658013557,-301.7549936192,
    251.96703731914));
#4701 = CARTESIAN_POINT('',(15.479878623141,-301.762442494,
    252.02700729213));
#4702 = CARTESIAN_POINT('',(15.476030882,-301.7737587379,252.09142992928
    ));
#4703 = CARTESIAN_POINT('',(15.47480470949,-301.7886278714,
    252.15994273397));
#4704 = CARTESIAN_POINT('',(15.475862034949,-301.8065916175,
    252.23201834364));
#4705 = CARTESIAN_POINT('',(15.481613627774,-301.8474480048,
    252.38184400907));
#4706 = CARTESIAN_POINT('',(15.486359191082,-301.8704101653,
    252.45967410751));
#4707 = CARTESIAN_POINT('',(15.492153305104,-301.8947932452,
    252.53914012472));
#4708 = CARTESIAN_POINT('',(15.499594043612,-301.9214080739,
    252.62117534483));
#4709 = CARTESIAN_POINT('',(15.505970279312,-301.9465802757,
    252.70154990756));
#4710 = CARTESIAN_POINT('',(15.512303449373,-301.971692948,
    252.78185567235));
#4711 = CARTESIAN_POINT('',(15.518604305729,-301.9967647408,
    252.86211474633));
#4712 = CARTESIAN_POINT('',(15.520095579477,-302.0153137744,
    252.93486377329));
#4713 = CARTESIAN_POINT('',(15.523809882298,-302.0368807138,
    253.01108796007));
#4714 = CARTESIAN_POINT('',(15.521121652984,-302.0662978219,
    253.14774365948));
#4715 = CARTESIAN_POINT('',(15.517814375294,-302.0783452308,
    253.21300781001));
#4716 = CARTESIAN_POINT('',(15.520043110021,-302.0979029817,
    253.28691936261));
#4717 = CARTESIAN_POINT('',(15.499825702873,-302.087022274,
    253.32578556202));
#4718 = CARTESIAN_POINT('',(15.506904839253,-302.1131617963,
    253.4072756171));
#4719 = CARTESIAN_POINT('',(15.48541998174,-302.1005637973,
    253.4441648408));
#4720 = CARTESIAN_POINT('',(15.480885123686,-302.1109553847,
    253.50752364688));
#4721 = CARTESIAN_POINT('',(15.466419484214,-302.1078798552,
    253.55537708995));
#4722 = CARTESIAN_POINT('',(15.45326544034,-302.106584371,
    253.60528014746));
#4723 = CARTESIAN_POINT('',(15.423924468168,-302.0998824586,
    253.70035338975));
#4724 = CARTESIAN_POINT('',(15.408088978428,-302.0949526755,
    253.74607233848));
#4725 = CARTESIAN_POINT('',(15.391145147642,-302.0885208154,
    253.79006205388));
#4726 = CARTESIAN_POINT('',(15.373134446019,-302.080643187,
    253.83238715371));
#4727 = CARTESIAN_POINT('',(15.354232983933,-302.0715582148,
    253.87332255302));
#4728 = CARTESIAN_POINT('',(15.334562946457,-302.0614319195,
    253.9130587221));
#4729 = CARTESIAN_POINT('',(15.314227214289,-302.0504031654,
    253.95175630238));
#4730 = CARTESIAN_POINT('',(15.293386540823,-302.038690327,
    253.98966605753));
#4731 = CARTESIAN_POINT('',(15.272142152917,-302.0264302578,
    254.02694592088));
#4732 = CARTESIAN_POINT('',(15.229091323127,-302.0011484681,
    254.10062871912));
#4733 = CARTESIAN_POINT('',(15.207285726149,-301.9881278523,
    254.13703296592));
#4734 = CARTESIAN_POINT('',(15.185308622689,-301.9748749068,
    254.17316967434));
#4735 = CARTESIAN_POINT('',(15.163299853541,-301.9615787934,
    254.20925688936));
#4736 = CARTESIAN_POINT('',(15.141337800555,-301.9483461941,
    254.24541698517));
#4737 = CARTESIAN_POINT('',(15.119518730924,-301.9353075968,
    254.28180036115));
#4738 = CARTESIAN_POINT('',(15.097953238899,-301.9226119938,
    254.31857913491));
#4739 = CARTESIAN_POINT('',(15.076716987159,-301.9103632569,
    254.35587174472));
#4740 = CARTESIAN_POINT('',(15.055858258677,-301.898625773,
    254.3937532959));
#4741 = CARTESIAN_POINT('',(15.014950737943,-301.8762486417,
    254.47078014707));
#4742 = CARTESIAN_POINT('',(14.9947195679,-301.8653619863,
    254.50964095934));
#4743 = CARTESIAN_POINT('',(14.974666679752,-301.8547153444,
    254.5487791595));
#4744 = CARTESIAN_POINT('',(14.963329171765,-301.8558849949,
    254.60151810954));
#4745 = CARTESIAN_POINT('',(14.914378849668,-301.8060711072,
    254.59556661207));
#4746 = CARTESIAN_POINT('',(14.958746778569,-301.8827371246,
    254.73522080889));
#4747 = CARTESIAN_POINT('',(14.86922676207,-301.7779433859,
    254.66597231905));
#4748 = CARTESIAN_POINT('',(14.885574469865,-301.8166313836,
    254.76190546884));
#4749 = CARTESIAN_POINT('',(14.862805639626,-301.8023047718,
    254.79680667049));
#4750 = CARTESIAN_POINT('',(14.844402848464,-301.7938957313,
    254.83852005964));
#4751 = CARTESIAN_POINT('',(15.545912549872,-301.6516107658,
    251.65093942306));
#4752 = CARTESIAN_POINT('',(15.525709375927,-301.6407618776,
    251.68984392895));
#4753 = CARTESIAN_POINT('',(15.508244802967,-301.633624381,
    251.73302128248));
#4754 = CARTESIAN_POINT('',(15.493636492522,-301.63035779,
    251.78065497404));
#4755 = CARTESIAN_POINT('',(15.481991859701,-301.6311075426,
    251.83291277225));
#4756 = CARTESIAN_POINT('',(15.473324974646,-301.6358929188,
    251.88981635773));
#4757 = CARTESIAN_POINT('',(15.467620205408,-301.6446924759,
    251.95134164515));
#4758 = CARTESIAN_POINT('',(15.4647470831,-301.6573296505,
    252.01728483167));
#4759 = CARTESIAN_POINT('',(15.464478941122,-301.673497083,
    252.08729242656));
#4760 = CARTESIAN_POINT('',(15.466488022417,-301.6927506924,
    252.16085298633));
#4761 = CARTESIAN_POINT('',(15.474176478014,-301.7362319567,
    252.31370059371));
#4762 = CARTESIAN_POINT('',(15.479842709302,-301.7604418229,
    252.39296715702));
#4763 = CARTESIAN_POINT('',(15.486988143444,-301.7866562313,
    252.47454144544));
#4764 = CARTESIAN_POINT('',(15.49487889183,-301.8138811411,
    252.55727920182));
#4765 = CARTESIAN_POINT('',(15.502810252939,-301.8411597405,
    252.64007853863));
#4766 = CARTESIAN_POINT('',(15.511604655834,-301.8696107517,
    252.72422799818));
#4767 = CARTESIAN_POINT('',(15.516488010183,-301.8927569467,
    252.80226962892));
#4768 = CARTESIAN_POINT('',(15.523949296341,-301.9194020953,
    252.88434020019));
#4769 = CARTESIAN_POINT('',(15.525584696627,-301.9381472477,
    252.95731507567));
#4770 = CARTESIAN_POINT('',(15.52965574083,-301.9767267902,
    253.10451959539));
#4771 = CARTESIAN_POINT('',(15.529991461063,-301.9937136439,
    253.17547062223));
#4772 = CARTESIAN_POINT('',(15.522486323482,-302.0000686652,
    253.23418082156));
#4773 = CARTESIAN_POINT('',(15.527695169398,-302.0236673236,
    253.31274484763));
#4774 = CARTESIAN_POINT('',(15.51023612703,-302.0165268853,
    253.35591739801));
#4775 = CARTESIAN_POINT('',(15.510880262215,-302.03393899,
    253.42735895834));
#4776 = CARTESIAN_POINT('',(15.497332754507,-302.0321054108,
    253.47664191719));
#4777 = CARTESIAN_POINT('',(15.488475556943,-302.0366342577,
    253.53325049484));
#4778 = CARTESIAN_POINT('',(15.476533535149,-302.0369807315,
    253.58504382181));
#4779 = CARTESIAN_POINT('',(15.450620416352,-302.0349243265,
    253.68546528438));
#4780 = CARTESIAN_POINT('',(15.436405390314,-302.0321906132,
    253.73371252626));
#4781 = CARTESIAN_POINT('',(15.420992375059,-302.0278333927,
    253.78009063144));
#4782 = CARTESIAN_POINT('',(15.404485582,-302.0219937804,253.82476221485
    ));
#4783 = CARTESIAN_POINT('',(15.386954265668,-302.0147658734,
    253.86783528255));
#4784 = CARTESIAN_POINT('',(15.368527910477,-302.0063247527,
    253.90951192407));
#4785 = CARTESIAN_POINT('',(15.349348084151,-301.9968627638,
    253.95001296417));
#4786 = CARTESIAN_POINT('',(15.32951353569,-301.9865132997,
    253.98949248795));
#4787 = CARTESIAN_POINT('',(15.309164242433,-301.97546633,
    254.02816890293));
#4788 = CARTESIAN_POINT('',(15.267663932024,-301.9522858323,
    254.10427086275));
#4789 = CARTESIAN_POINT('',(15.24651455555,-301.9401545706,
    254.14169897969));
#4790 = CARTESIAN_POINT('',(15.225092292396,-301.9276533603,
    254.17870125362));
#4791 = CARTESIAN_POINT('',(15.203498132957,-301.9149195,254.21543549353
    ));
#4792 = CARTESIAN_POINT('',(15.18186937205,-301.9021384715,
    254.25211565559));
#4793 = CARTESIAN_POINT('',(15.160328676881,-301.8894766365,
    254.28893305824));
#4794 = CARTESIAN_POINT('',(15.138957108157,-301.8770446138,
    254.32601467879));
#4795 = CARTESIAN_POINT('',(15.117819602895,-301.8649291526,
    254.36346117717));
#4796 = CARTESIAN_POINT('',(15.096995776703,-301.8532391569,
    254.40139727186));
#4797 = CARTESIAN_POINT('',(15.056053657248,-301.8308151352,
    254.47837012866));
#4798 = CARTESIAN_POINT('',(15.03719674904,-301.821790424,
    254.51937486488));
#4799 = CARTESIAN_POINT('',(15.010753912126,-301.8024865692,
    254.54854476601));
#4800 = CARTESIAN_POINT('',(15.006624449296,-301.8134176137,
    254.61252545766));
#4801 = CARTESIAN_POINT('',(14.973074179689,-301.7844862584,
    254.63060940821));
#4802 = CARTESIAN_POINT('',(14.94920829763,-301.7686668316,
    254.6637946917));
#4803 = CARTESIAN_POINT('',(14.960659618667,-301.8007217874,
    254.75209029487));
#4804 = CARTESIAN_POINT('',(14.923711986481,-301.7671779033,
    254.76486832112));
#4805 = CARTESIAN_POINT('',(14.907392904387,-301.7615933778,
    254.80983300682));
#4806 = CARTESIAN_POINT('',(14.887880924927,-301.7516811256,
    254.84981582353));
#4807 = CARTESIAN_POINT('',(15.526614061047,-301.5243199174,
    251.56428957049));
#4808 = CARTESIAN_POINT('',(15.50748161207,-301.514922098,
    251.60486465811));
#4809 = CARTESIAN_POINT('',(15.49109818649,-301.5092498169,
    251.64972882122));
#4810 = CARTESIAN_POINT('',(15.477572027987,-301.507449737,
    251.69905098572));
#4811 = CARTESIAN_POINT('',(15.46699270336,-301.509643314,
    251.75297081028));
#4812 = CARTESIAN_POINT('',(15.459375139467,-301.515850637,251.811511691
    ));
#4813 = CARTESIAN_POINT('',(15.454690176486,-301.5260323855,
    251.87462803012));
#4814 = CARTESIAN_POINT('',(15.452806735072,-301.5400107213,
    251.94211540653));
#4815 = CARTESIAN_POINT('',(15.453503038167,-301.557485235,
    252.01362773474));
#4816 = CARTESIAN_POINT('',(15.456459744337,-301.5780230781,
    252.08866681365));
#4817 = CARTESIAN_POINT('',(15.466050321005,-301.6240821371,
    252.24448215746));
#4818 = CARTESIAN_POINT('',(15.472687208604,-301.6496074231,
    252.32526310999));
#4819 = CARTESIAN_POINT('',(15.480750603686,-301.6770660462,
    252.40826986927));
#4820 = CARTESIAN_POINT('',(15.489633084006,-301.7056343033,
    252.49255405979));
#4821 = CARTESIAN_POINT('',(15.499289442462,-301.735252314,
    252.57804691191));
#4822 = CARTESIAN_POINT('',(15.507532769336,-301.7629534991,
    252.66133275918));
#4823 = CARTESIAN_POINT('',(15.516776975607,-301.7920136087,
    252.74618341526));
#4824 = CARTESIAN_POINT('',(15.522428053317,-301.8162015186,
    252.82542447277));
#4825 = CARTESIAN_POINT('',(15.528397112531,-301.8408225464,
    252.90516450553));
#4826 = CARTESIAN_POINT('',(15.534684104702,-301.882404114,
    253.05582495642));
#4827 = CARTESIAN_POINT('',(15.535828768825,-301.9004857033,
    253.12803614629));
#4828 = CARTESIAN_POINT('',(15.537454297129,-301.9192213946,
    253.20100069165));
#4829 = CARTESIAN_POINT('',(15.530960778592,-301.9269484978,
    253.26129067123));
#4830 = CARTESIAN_POINT('',(15.531356921503,-301.944020354,
    253.33233998406));
#4831 = CARTESIAN_POINT('',(15.52203779168,-301.9479183082,
    253.38822161845));
#4832 = CARTESIAN_POINT('',(15.516574114323,-301.95704643,
    253.45012524329));
#4833 = CARTESIAN_POINT('',(15.507299784513,-301.961007857,
    253.50608030374));
#4834 = CARTESIAN_POINT('',(15.497405708365,-301.9641300939,
    253.5610693216));
#4835 = CARTESIAN_POINT('',(15.474849525209,-301.966623075,
    253.66672835555));
#4836 = CARTESIAN_POINT('',(15.462285235833,-301.9661264899,
    253.71755111796));
#4837 = CARTESIAN_POINT('',(15.448469361039,-301.9639337043,
    253.76642111977));
#4838 = CARTESIAN_POINT('',(15.433448725087,-301.9601082633,
    253.81341143614));
#4839 = CARTESIAN_POINT('',(15.417339837098,-301.9548078868,
    253.8587038267));
#4840 = CARTESIAN_POINT('',(15.400239510486,-301.9481640459,
    253.90244935148));
#4841 = CARTESIAN_POINT('',(15.382247266735,-301.9403113093,
    253.94480328948));
#4842 = CARTESIAN_POINT('',(15.363501284228,-301.9314371939,
    253.98598122639));
#4843 = CARTESIAN_POINT('',(15.344112572272,-301.9216919902,
    254.02615636055));
#4844 = CARTESIAN_POINT('',(15.304297222541,-301.90079499,
    254.10488723175));
#4845 = CARTESIAN_POINT('',(15.283870436392,-301.8896429643,254.14344273
    ));
#4846 = CARTESIAN_POINT('',(15.263045405665,-301.8779513152,
    254.18137693248));
#4847 = CARTESIAN_POINT('',(15.24195274936,-301.8658967754,
    254.21889345999));
#4848 = CARTESIAN_POINT('',(15.220708780709,-301.8536373553,
    254.25617399215));
#4849 = CARTESIAN_POINT('',(15.199443136789,-301.8413486412,
    254.2934208049));
#4850 = CARTESIAN_POINT('',(15.178275239661,-301.8291920364,
    254.33081985403));
#4851 = CARTESIAN_POINT('',(15.157291042408,-301.8172847714,
    254.36850579532));
#4852 = CARTESIAN_POINT('',(15.136568768432,-301.8057322559,
    254.40660022699));
#4853 = CARTESIAN_POINT('',(15.095717413412,-301.783431239,
    254.48371470615));
#4854 = CARTESIAN_POINT('',(15.074083146693,-301.770642954,
    254.52038636215));
#4855 = CARTESIAN_POINT('',(15.06351983164,-301.7728574452,
    254.57433061309));
#4856 = CARTESIAN_POINT('',(15.017717006467,-301.7273171997,
    254.57329515636));
#4857 = CARTESIAN_POINT('',(15.043243818403,-301.7784391431,
    254.6835462934));
#4858 = CARTESIAN_POINT('',(14.979279024626,-301.7082873443,
    254.65417523229));
#4859 = CARTESIAN_POINT('',(14.984769830279,-301.7322564576,
    254.73316628494));
#4860 = CARTESIAN_POINT('',(14.962921699497,-301.7191796494,
    254.76950487183));
#4861 = CARTESIAN_POINT('',(14.944852358078,-301.7112221216,
    254.81173837696));
#4862 = CARTESIAN_POINT('',(14.926621652854,-301.7030462918,
    254.85372026148));
#4863 = CARTESIAN_POINT('',(15.506620875897,-301.3960875995,
    251.4765558324));
#4864 = CARTESIAN_POINT('',(15.48859196097,-301.3881853176,
    251.51885268246));
#4865 = CARTESIAN_POINT('',(15.473318338441,-301.3840170617,
    251.56544840647));
#4866 = CARTESIAN_POINT('',(15.460898480624,-301.3837162903,
    251.61649662551));
#4867 = CARTESIAN_POINT('',(15.451405361056,-301.3873818731,
    251.67211121587));
#4868 = CARTESIAN_POINT('',(15.444853567671,-301.3950336265,
    251.73231491845));
#4869 = CARTESIAN_POINT('',(15.441198450374,-301.4066109832,
    251.79703808396));
#4870 = CARTESIAN_POINT('',(15.440309628742,-301.4219372962,
    251.86607727212));
#4871 = CARTESIAN_POINT('',(15.441967441312,-301.440714859,
    251.93908979628));
#4872 = CARTESIAN_POINT('',(15.445860572074,-301.462521768,
    252.01558990448));
#4873 = CARTESIAN_POINT('',(15.457309387622,-301.5110991527,
    252.17430451767));
#4874 = CARTESIAN_POINT('',(15.464867901501,-301.537873466,
    252.25652344255));
#4875 = CARTESIAN_POINT('',(15.473845545061,-301.5665709711,
    252.34095647214));
#4876 = CARTESIAN_POINT('',(15.483831372364,-301.5966348994,
    252.42696262565));
#4877 = CARTESIAN_POINT('',(15.494056762931,-301.6270231973,
    252.51334219062));
#4878 = CARTESIAN_POINT('',(15.50441854016,-301.6575967672,
    252.59993509783));
#4879 = CARTESIAN_POINT('',(15.513563743116,-301.6865210008,
    252.68462908645));
#4880 = CARTESIAN_POINT('',(15.522049337976,-301.7145519211,
    252.76829473511));
#4881 = CARTESIAN_POINT('',(15.528591713161,-301.7399489082,
    252.84892793581));
#4882 = CARTESIAN_POINT('',(15.53868582726,-301.7866903048,
    253.00552880837));
#4883 = CARTESIAN_POINT('',(15.542085099796,-301.8078279752,
    253.08125843456));
#4884 = CARTESIAN_POINT('',(15.543106281366,-301.8257423291,
    253.15327709924));
#4885 = CARTESIAN_POINT('',(15.543412262248,-301.8426884953,
    253.22418125318));
#4886 = CARTESIAN_POINT('',(15.540204195195,-301.8548708486,
    253.28960079085));
#4887 = CARTESIAN_POINT('',(15.536975861802,-301.8670271966,
    253.35499056669));
#4888 = CARTESIAN_POINT('',(15.531212379945,-301.8757468559,
    253.41642366808));
#4889 = CARTESIAN_POINT('',(15.524491824751,-301.883169936,
    253.47636411641));
#4890 = CARTESIAN_POINT('',(15.516232988833,-301.8885081684,
    253.53390432538));
#4891 = CARTESIAN_POINT('',(15.497065269308,-301.8955932709,
    253.64485012536));
#4892 = CARTESIAN_POINT('',(15.486136584591,-301.8973132832,
    253.69822479451));
#4893 = CARTESIAN_POINT('',(15.473907698079,-301.8972712476,
    253.7495708645));
#4894 = CARTESIAN_POINT('',(15.460428091039,-301.8955341768,
    253.79896551594));
#4895 = CARTESIAN_POINT('',(15.445767738518,-301.89219699,
    253.84651795637));
#4896 = CARTESIAN_POINT('',(15.430020330986,-301.8873865346,
    253.8923743377));
#4897 = CARTESIAN_POINT('',(15.413289543196,-301.8812434439,
    253.93669642729));
#4898 = CARTESIAN_POINT('',(15.395682508084,-301.8739128044,
    253.97965137731));
#4899 = CARTESIAN_POINT('',(15.377320573812,-301.8655591278,
    254.02142851385));
#4900 = CARTESIAN_POINT('',(15.339320576536,-301.8471223284,
    254.10299174273));
#4901 = CARTESIAN_POINT('',(15.319684167527,-301.8370414593,
    254.1427804173));
#4902 = CARTESIAN_POINT('',(15.299533539106,-301.8262636735,
    254.18176677577));
#4903 = CARTESIAN_POINT('',(15.278992251072,-301.814956536,
    254.22014366011));
#4904 = CARTESIAN_POINT('',(15.258192845138,-301.8032995221,
    254.25811779423));
#4905 = CARTESIAN_POINT('',(15.237279118908,-301.7914875507,
    254.2959135172));
#4906 = CARTESIAN_POINT('',(15.216377299611,-301.7796918496,
    254.33372794057));
#4907 = CARTESIAN_POINT('',(15.19558538021,-301.7680449417,
    254.37171370287));
#4908 = CARTESIAN_POINT('',(15.174999592541,-301.7566774689,
    254.4100211544));
#4909 = CARTESIAN_POINT('',(15.134322753059,-301.7346129603,
    254.48740791077));
#4910 = CARTESIAN_POINT('',(15.114744027741,-301.7246102222,
    254.52728655794));
#4911 = CARTESIAN_POINT('',(15.091717039818,-301.7099345507,
    254.56178529823));
#4912 = CARTESIAN_POINT('',(15.082074676965,-301.7133973008,
    254.61716657655));
#4913 = CARTESIAN_POINT('',(15.044987521159,-301.6796677136,
    254.62972874227));
#4914 = CARTESIAN_POINT('',(15.047214009193,-301.6992148419,
    254.70362782754));
#4915 = CARTESIAN_POINT('',(15.014091307526,-301.6708578707,
    254.72237527551));
#4916 = CARTESIAN_POINT('',(15.001223260465,-301.6699492212,
    254.77272393203));
#4917 = CARTESIAN_POINT('',(14.983039697669,-301.6618373796,
    254.81477940898));
#4918 = CARTESIAN_POINT('',(14.965305309457,-301.6543341622,
    254.85753566247));
#4919 = CARTESIAN_POINT('',(15.486066754338,-301.2670950862,
    251.38794690399));
#4920 = CARTESIAN_POINT('',(15.46916568347,-301.2607212855,
    251.43200344966));
#4921 = CARTESIAN_POINT('',(15.455021904824,-301.2580842227,
    251.4803619845));
#4922 = CARTESIAN_POINT('',(15.443723527271,-301.2593033044,
    251.53315997845));
#4923 = CARTESIAN_POINT('',(15.435329484451,-301.2644583949,
    251.59048937423));
#4924 = CARTESIAN_POINT('',(15.429849366052,-301.2735624961,
    251.65236514155));
#4925 = CARTESIAN_POINT('',(15.427227363477,-301.2865399669,
    251.71870019976));
#4926 = CARTESIAN_POINT('',(15.427330566239,-301.3032106959,
    251.78928718575));
#4927 = CARTESIAN_POINT('',(15.42994184212,-301.3232804124,
    251.86378732334));
#4928 = CARTESIAN_POINT('',(15.434757538263,-301.3463376057,
    251.94172684571));
#4929 = CARTESIAN_POINT('',(15.448022933757,-301.3973768581,
    252.1032757334));
#4930 = CARTESIAN_POINT('',(15.456474006409,-301.42536078,
    252.18688724036));
#4931 = CARTESIAN_POINT('',(15.466358546369,-301.4552873573,
    252.27273526938));
#4932 = CARTESIAN_POINT('',(15.477220888152,-301.4865390694,
    252.36010886836));
#4933 = CARTESIAN_POINT('',(15.488537558257,-301.5184064687,
    252.44819130528));
#4934 = CARTESIAN_POINT('',(15.49975779203,-301.5501431748,
    252.53612325013));
#4935 = CARTESIAN_POINT('',(15.51035957011,-301.581041711,
    252.62309025641));
#4936 = CARTESIAN_POINT('',(15.519902880718,-301.6105058004,
    252.70840581282));
#4937 = CARTESIAN_POINT('',(15.528065637284,-301.6380989345,
    252.7915674052));
#4938 = CARTESIAN_POINT('',(15.541237226718,-301.6890109498,
    252.95296977142));
#4939 = CARTESIAN_POINT('',(15.546247480334,-301.7123317541,
    253.03121276294));
#4940 = CARTESIAN_POINT('',(15.549480066655,-301.7332434324,
    253.10668220064));
#4941 = CARTESIAN_POINT('',(15.550869201169,-301.7516568216,
    253.17927543874));
#4942 = CARTESIAN_POINT('',(15.550480037539,-301.7676602274,
    253.24909413392));
#4943 = CARTESIAN_POINT('',(15.54843917567,-301.7814252105,
    253.31633580389));
#4944 = CARTESIAN_POINT('',(15.544861644572,-301.7931076694,
    253.38117992845));
#4945 = CARTESIAN_POINT('',(15.539812855282,-301.8027962456,
    253.44372855603));
#4946 = CARTESIAN_POINT('',(15.533321966334,-301.8105304575,
    253.50402718566));
#4947 = CARTESIAN_POINT('',(15.517560103363,-301.8222312498,
    253.62028688662));
#4948 = CARTESIAN_POINT('',(15.508288436848,-301.8261968926,
    253.67624687854));
#4949 = CARTESIAN_POINT('',(15.497664426866,-301.8283298078,
    253.73009690998));
#4950 = CARTESIAN_POINT('',(15.485732946824,-301.8286908185,
    253.78190699728));
#4951 = CARTESIAN_POINT('',(15.472554725647,-301.8273622072,
    253.83177188545));
#4952 = CARTESIAN_POINT('',(15.458206469782,-301.824447956,
    253.87981126152));
#4953 = CARTESIAN_POINT('',(15.442778494121,-301.8200704301,
    253.92616602944));
#4954 = CARTESIAN_POINT('',(15.42637280922,-301.8143679033,
    253.97099535411));
#4955 = CARTESIAN_POINT('',(15.409100824622,-301.8074913435,
    254.01447305677));
#4956 = CARTESIAN_POINT('',(15.373051200687,-301.7916977322,
    254.09907930382));
#4957 = CARTESIAN_POINT('',(15.354274794579,-301.7827823505,
    254.14020977337));
#4958 = CARTESIAN_POINT('',(15.334864429283,-301.773007813,
    254.18035112109));
#4959 = CARTESIAN_POINT('',(15.31494454584,-301.7625427686,
    254.21969751492));
#4960 = CARTESIAN_POINT('',(15.294648298665,-301.7515676637,
    254.25845668383));
#4961 = CARTESIAN_POINT('',(15.274128681064,-301.740289849,
    254.29686736192));
#4962 = CARTESIAN_POINT('',(15.25353286086,-301.7289087567,
    254.33515913119));
#4963 = CARTESIAN_POINT('',(15.232982064751,-301.7175886865,
    254.37352115943));
#4964 = CARTESIAN_POINT('',(15.212584172564,-301.7064758329,
    254.41212174627));
#4965 = CARTESIAN_POINT('',(15.172190889208,-301.6847956044,
    254.48995091557));
#4966 = CARTESIAN_POINT('',(15.152229217335,-301.6742739283,
    254.52923210478));
#4967 = CARTESIAN_POINT('',(15.13228164906,-301.663771358,
    254.56853530173));
#4968 = CARTESIAN_POINT('',(15.113619584992,-301.6550109457,
    254.60984416474));
#4969 = CARTESIAN_POINT('',(15.092820449354,-301.6433543067,
    254.64781873827));
#4970 = CARTESIAN_POINT('',(15.076451886711,-301.6377020956,
    254.69270595819));
#4971 = CARTESIAN_POINT('',(15.055728630379,-301.6261482971,
    254.73079893048));
#4972 = CARTESIAN_POINT('',(15.038634904277,-301.6195133204,
    254.77455474181));
#4973 = CARTESIAN_POINT('',(15.021025569425,-301.6121795779,
    254.81750610837));
#4974 = CARTESIAN_POINT('',(15.003624767726,-301.6051284465,
    254.86078283085));
#4975 = CARTESIAN_POINT('',(15.444060497647,-301.0078930473,
    251.20932793694));
#4976 = CARTESIAN_POINT('',(15.429449897698,-301.0046233476,
    251.25695814035));
#4977 = CARTESIAN_POINT('',(15.417591521668,-301.0050835188,
    251.30888242654));
#4978 = CARTESIAN_POINT('',(15.408551299659,-301.0093629049,
    251.365203659));
#4979 = CARTESIAN_POINT('',(15.402366821919,-301.0175124598,
    251.42598048599));
#4980 = CARTESIAN_POINT('',(15.399028611058,-301.0295193189,
    251.49119812125));
#4981 = CARTESIAN_POINT('',(15.398466464743,-301.0452883704,
    251.56074703057));
#4982 = CARTESIAN_POINT('',(15.40054063836,-301.0646301999,
    251.63440918573));
#4983 = CARTESIAN_POINT('',(15.405037627553,-301.0872554861,
    251.71185146647));
#4984 = CARTESIAN_POINT('',(15.411670320419,-301.1127751131,
    251.79262591706));
#4985 = CARTESIAN_POINT('',(15.428494241597,-301.168636959,
    251.95972690862));
#4986 = CARTESIAN_POINT('',(15.4386865874,-301.1989806895,
    252.04605519445));
#4987 = CARTESIAN_POINT('',(15.450305952476,-301.2312583434,
    252.13460993675));
#4988 = CARTESIAN_POINT('',(15.462938152777,-301.2649085949,
    252.22474491894));
#4989 = CARTESIAN_POINT('',(15.476118441178,-301.2993016276,
    252.31573501711));
#4990 = CARTESIAN_POINT('',(15.489360015418,-301.3337776925,
    252.40682073018));
#4991 = CARTESIAN_POINT('',(15.502194720507,-301.367702368,
    252.49727162143));
#4992 = CARTESIAN_POINT('',(15.514216120945,-301.4005248231,
    252.58645357518));
#4993 = CARTESIAN_POINT('',(15.525111409608,-301.431821155,
    252.67387854287));
#4994 = CARTESIAN_POINT('',(15.54421830041,-301.4907768285,
    252.84454132848));
#4995 = CARTESIAN_POINT('',(15.552431408656,-301.5184382139,
    252.92778149646));
#4996 = CARTESIAN_POINT('',(15.559081216901,-301.5439809828,
    253.0085825677));
#4997 = CARTESIAN_POINT('',(15.564057630058,-301.5672559332,
    253.0867727697));
#4998 = CARTESIAN_POINT('',(15.567339005091,-301.5882337309,
    253.16231832902));
#4999 = CARTESIAN_POINT('',(15.568968022357,-301.6069722163,
    253.23528584107));
#5000 = CARTESIAN_POINT('',(15.569013978659,-301.6235653041,
    253.30578341772));
#5001 = CARTESIAN_POINT('',(15.567529706781,-301.6380845923,
    253.37389349763));
#5002 = CARTESIAN_POINT('',(15.564533377763,-301.6505547081,
    253.43964442595));
#5003 = CARTESIAN_POINT('',(15.555601646056,-301.6715118431,
    253.56656066826));
#5004 = CARTESIAN_POINT('',(15.549665451426,-301.6799977881,
    253.62772474523));
#5005 = CARTESIAN_POINT('',(15.542287511692,-301.6865298527,
    253.68663937776));
#5006 = CARTESIAN_POINT('',(15.533501789081,-301.6911540514,
    253.74335754916));
#5007 = CARTESIAN_POINT('',(15.523348206321,-301.6939245103,
    253.79794155722));
#5008 = CARTESIAN_POINT('',(15.511878334807,-301.6949110896,
    253.85047185361));
#5009 = CARTESIAN_POINT('',(15.499159423492,-301.6942049597,
    253.90105337278));
#5010 = CARTESIAN_POINT('',(15.485273826902,-301.691917702,
    253.94981459871));
#5011 = CARTESIAN_POINT('',(15.470314666996,-301.688175534,
    253.99690082628));
#5012 = CARTESIAN_POINT('',(15.438450110345,-301.6780536138,
    254.08803671609));
#5013 = CARTESIAN_POINT('',(15.421545808518,-301.6716753471,
    254.13208808548));
#5014 = CARTESIAN_POINT('',(15.403774733734,-301.6641224114,
    254.17478709938));
#5015 = CARTESIAN_POINT('',(15.38524972182,-301.655547724,
    254.21630979275));
#5016 = CARTESIAN_POINT('',(15.366108461934,-301.6461378854,
    254.25687101721));
#5017 = CARTESIAN_POINT('',(15.346504117912,-301.636100464,
    254.29670970817));
#5018 = CARTESIAN_POINT('',(15.326615309167,-301.6256775321,
    254.33610458789));
#5019 = CARTESIAN_POINT('',(15.306633114782,-301.6151280406,
    254.37535375326));
#5020 = CARTESIAN_POINT('',(15.286697937535,-301.6046422682,
    254.41467628167));
#5021 = CARTESIAN_POINT('',(15.247057502127,-301.583982315,
    254.49368006076));
#5022 = CARTESIAN_POINT('',(15.227340817225,-301.5737926475,
    254.53334348498));
#5023 = CARTESIAN_POINT('',(15.207921913647,-301.5640065429,
    254.57347151645));
#5024 = CARTESIAN_POINT('',(15.188419422736,-301.5541071503,
    254.61346912399));
#5025 = CARTESIAN_POINT('',(15.169713586541,-301.5452874157,
    254.65470971589));
#5026 = CARTESIAN_POINT('',(15.150777395244,-301.536155481,
    254.69559085884));
#5027 = CARTESIAN_POINT('',(15.1321723737,-301.5274723711,
    254.73698875047));
#5028 = CARTESIAN_POINT('',(15.114393673708,-301.519909099,
    254.7796758529));
#5029 = CARTESIAN_POINT('',(15.097150290005,-301.5130713037,
    254.82319818519));
#5030 = CARTESIAN_POINT('',(15.080291083752,-301.5067541542,
    254.86731991919));
#5031 = CARTESIAN_POINT('',(15.422607163596,-300.8776818969,
    251.11931602766));
#5032 = CARTESIAN_POINT('',(15.409159210782,-300.8759878456,
    251.16876022578));
#5033 = CARTESIAN_POINT('',(15.39845624964,-300.8780138566,
    251.22248722349));
#5034 = CARTESIAN_POINT('',(15.390553557934,-300.8838348696,
    251.28058326103));
#5035 = CARTESIAN_POINT('',(15.38547823715,-300.893487546,
    251.34309063364));
#5036 = CARTESIAN_POINT('',(15.383211419991,-300.9069464335,
    251.40997987867));
#5037 = CARTESIAN_POINT('',(15.383675898101,-300.9241067393,
    251.48113056958));
#5038 = CARTESIAN_POINT('',(15.386728692579,-300.9447748614,
    251.55631958617));
#5039 = CARTESIAN_POINT('',(15.392158173969,-300.9686638604,
    251.63521677543));
#5040 = CARTESIAN_POINT('',(15.399685249391,-300.9953955829,
    251.71738666211));
#5041 = CARTESIAN_POINT('',(15.418251172483,-301.0536182267,
    251.88720557335));
#5042 = CARTESIAN_POINT('',(15.429291003951,-301.0851104948,
    251.97485612517));
#5043 = CARTESIAN_POINT('',(15.441748912318,-301.1185245463,
    252.06471919473));
#5044 = CARTESIAN_POINT('',(15.45523097352,-301.1533265752,
    252.1561801361));
#5045 = CARTESIAN_POINT('',(15.469298611442,-301.1889221308,
    252.24855472477));
#5046 = CARTESIAN_POINT('',(15.48349411949,-301.2246910312,
    252.34112877919));
#5047 = CARTESIAN_POINT('',(15.497376350967,-301.2600353097,
    252.4332140656));
#5048 = CARTESIAN_POINT('',(15.510558307028,-301.2944306007,
    252.5242067502));
#5049 = CARTESIAN_POINT('',(15.522734670725,-301.3274630689,
    252.61363048942));
#5050 = CARTESIAN_POINT('',(15.544633202105,-301.3902020416,
    252.78864886979));
#5051 = CARTESIAN_POINT('',(15.554356937274,-301.4199106616,
    252.87424595713));
#5052 = CARTESIAN_POINT('',(15.56262624793,-301.4476482165,
    252.95757381983));
#5053 = CARTESIAN_POINT('',(15.569313807967,-301.473242152,
    253.03843378984));
#5054 = CARTESIAN_POINT('',(15.574365194077,-301.4966187028,
    253.1167409764));
#5055 = CARTESIAN_POINT('',(15.57778708143,-301.5177869323,
    253.19250575547));
#5056 = CARTESIAN_POINT('',(15.579621865477,-301.5368042719,
    253.26579431895));
#5057 = CARTESIAN_POINT('',(15.579908238347,-301.5537231814,
    253.33666699597));
#5058 = CARTESIAN_POINT('',(15.578657331011,-301.5685587289,
    253.40514117789));
#5059 = CARTESIAN_POINT('',(15.573150667878,-301.5941575912,
    253.53740129667));
#5060 = CARTESIAN_POINT('',(15.568894341103,-301.6049201339,
    253.60118634678));
#5061 = CARTESIAN_POINT('',(15.563156500342,-301.6136748833,
    253.66265989787));
#5062 = CARTESIAN_POINT('',(15.555967647112,-301.6204632183,
    253.72186955566));
#5063 = CARTESIAN_POINT('',(15.547357802008,-301.6253257498,
    253.7788621247));
#5064 = CARTESIAN_POINT('',(15.537366783115,-301.6283165388,
    253.83369977802));
#5065 = CARTESIAN_POINT('',(15.526052243371,-301.6295136124,
    253.88647242301));
#5066 = CARTESIAN_POINT('',(15.513486975334,-301.6290157098,
    253.93729365941));
#5067 = CARTESIAN_POINT('',(15.499750798916,-301.6269309491,
    253.98628801684));
#5068 = CARTESIAN_POINT('',(15.470120953559,-301.6198375583,
    254.08091055613));
#5069 = CARTESIAN_POINT('',(15.454214825558,-301.6148120373,
    254.12651930821));
#5070 = CARTESIAN_POINT('',(15.43741986276,-301.6085819723,
    254.17074126756));
#5071 = CARTESIAN_POINT('',(15.41945544589,-301.6007669019,
    254.21313858226));
#5072 = CARTESIAN_POINT('',(15.401297912837,-301.5926904788,
    254.25523475699));
#5073 = CARTESIAN_POINT('',(15.381952587833,-301.5830037755,
    254.29547739343));
#5074 = CARTESIAN_POINT('',(15.362424013378,-301.5730692796,
    254.33543448522));
#5075 = CARTESIAN_POINT('',(15.343173775296,-301.5635116365,
    254.37582557465));
#5076 = CARTESIAN_POINT('',(15.322983639999,-301.552680368,
    254.41475033675));
#5077 = CARTESIAN_POINT('',(15.283910548584,-301.5327892905,
    254.49463930119));
#5078 = CARTESIAN_POINT('',(15.264903115044,-301.5235607929,
    254.53540929186));
#5079 = CARTESIAN_POINT('',(15.244471443836,-301.5124022557,
    254.57395725528));
#5080 = CARTESIAN_POINT('',(15.226945574926,-301.5051814277,
    254.6170387538));
#5081 = CARTESIAN_POINT('',(15.206520371756,-301.4940318384,
    254.65559669357));
#5082 = CARTESIAN_POINT('',(15.188718273309,-301.4864366137,
    254.69824754877));
#5083 = CARTESIAN_POINT('',(15.169970666579,-301.477560408,
    254.73942262809));
#5084 = CARTESIAN_POINT('',(15.152464121486,-301.4703658907,
    254.78253456789));
#5085 = CARTESIAN_POINT('',(15.135301815699,-301.4636380063,
    254.82618334198));
#5086 = CARTESIAN_POINT('',(15.118636480011,-301.4575835942,
    254.87060755766));
#5087 = CARTESIAN_POINT('',(15.400810232452,-300.7470050936,
    251.02876802556));
#5088 = CARTESIAN_POINT('',(15.388535139021,-300.7469005257,
    251.08004215262));
#5089 = CARTESIAN_POINT('',(15.378993324112,-300.7505001683,
    251.1355808001));
#5090 = CARTESIAN_POINT('',(15.372229859215,-300.7578650347,
    251.1954543015));
#5091 = CARTESIAN_POINT('',(15.368261635446,-300.7690181801,
    251.25968897627));
#5092 = CARTESIAN_POINT('',(15.367060820657,-300.7839215931,
    251.32824146194));
#5093 = CARTESIAN_POINT('',(15.368543750155,-300.8024622843,
    251.40098113243));
#5094 = CARTESIAN_POINT('',(15.372564807317,-300.8244424969,
    251.4776808931));
#5095 = CARTESIAN_POINT('',(15.378914616562,-300.8495788131,
    251.55801398115));
#5096 = CARTESIAN_POINT('',(15.38732212122,-300.87750369,251.64155754775
    ));
#5097 = CARTESIAN_POINT('',(15.407597680665,-300.9380432803,
    251.8140438765));
#5098 = CARTESIAN_POINT('',(15.419466591098,-300.9706591197,
    251.90298799046));
#5099 = CARTESIAN_POINT('',(15.432742067958,-301.0051812,251.99412662782
    ));
#5100 = CARTESIAN_POINT('',(15.447049426271,-301.0411016189,
    252.08687526532));
#5101 = CARTESIAN_POINT('',(15.461974444886,-301.0778592183,
    252.18058751654));
#5102 = CARTESIAN_POINT('',(15.477086792219,-301.1148705381,
    252.2745920932));
#5103 = CARTESIAN_POINT('',(15.491971394284,-301.151573344,
    252.36824128743));
#5104 = CARTESIAN_POINT('',(15.506260360281,-301.1874688288,
    252.46096117195));
#5105 = CARTESIAN_POINT('',(15.519656216288,-301.2221540042,
    252.55228759632));
#5106 = CARTESIAN_POINT('',(15.544213213802,-301.2884957881,
    252.73145378947));
#5107 = CARTESIAN_POINT('',(15.55537578864,-301.3201543591,
    252.81929579601));
#5108 = CARTESIAN_POINT('',(15.565190946932,-301.349986883,
    252.90503552086));
#5109 = CARTESIAN_POINT('',(15.573517082368,-301.377801442,
    252.98845205921));
#5110 = CARTESIAN_POINT('',(15.580274695049,-301.4034903283,
    253.06942130778));
#5111 = CARTESIAN_POINT('',(15.585441029602,-301.4270226452,
    253.14790786154));
#5112 = CARTESIAN_POINT('',(15.589032491962,-301.4484206981,
    253.22393720153));
#5113 = CARTESIAN_POINT('',(15.591070660018,-301.4677136625,
    253.29754309541));
#5114 = CARTESIAN_POINT('',(15.591557893922,-301.4849047836,
    253.36872916078));
#5115 = CARTESIAN_POINT('',(15.589480103864,-301.5151505303,
    253.50633909703));
#5116 = CARTESIAN_POINT('',(15.586914450906,-301.5282043009,
    253.57276197766));
#5117 = CARTESIAN_POINT('',(15.582836131215,-301.5392081015,
    253.63682476302));
#5118 = CARTESIAN_POINT('',(15.57726707209,-301.548191557,
    253.69856163302));
#5119 = CARTESIAN_POINT('',(15.570233044194,-301.5551897507,
    253.75801287987));
#5120 = CARTESIAN_POINT('',(15.561765186126,-301.5602446725,
    253.81522696381));
#5121 = CARTESIAN_POINT('',(15.55190575809,-301.563413819,
    253.87026993331));
#5122 = CARTESIAN_POINT('',(15.540714420167,-301.5647778533,
    253.92323480671));
#5123 = CARTESIAN_POINT('',(15.528268238797,-301.564441336,
    253.97424184045));
#5124 = CARTESIAN_POINT('',(15.501024175798,-301.5605812052,
    254.07258673786));
#5125 = CARTESIAN_POINT('',(15.48630753224,-301.5571676896,
    254.12005129836));
#5126 = CARTESIAN_POINT('',(15.469940118798,-301.5515169998,
    254.16494046872));
#5127 = CARTESIAN_POINT('',(15.45437674264,-301.5469562662,
    254.21108384399));
#5128 = CARTESIAN_POINT('',(15.434464706473,-301.5365011356,
    254.25044243411));
#5129 = CARTESIAN_POINT('',(15.417884563841,-301.5305631124,
    254.29499986998));
#5130 = CARTESIAN_POINT('',(15.398552379347,-301.5208938024,
    254.3352628006));
#5131 = CARTESIAN_POINT('',(15.377430455439,-301.5088000648,
    254.37273400555));
#5132 = CARTESIAN_POINT('',(15.360894181416,-301.5029204781,
    254.41735949761));
#5133 = CARTESIAN_POINT('',(15.321572890355,-301.4826930356,
    254.49686120857));
#5134 = CARTESIAN_POINT('',(15.299640989709,-301.4695013234,
    254.53306847889));
#5135 = CARTESIAN_POINT('',(15.287005026574,-301.4689073587,
    254.58377916362));
#5136 = CARTESIAN_POINT('',(15.257580367456,-301.4455617181,
    254.60829622056));
#5137 = CARTESIAN_POINT('',(15.25006154866,-301.4519022481,
    254.66699127865));
#5138 = CARTESIAN_POINT('',(15.223019525018,-301.4317856334,
    254.69522457101));
#5139 = CARTESIAN_POINT('',(15.209344469065,-301.4297834156,
    254.74431548668));
#5140 = CARTESIAN_POINT('',(15.190405680133,-301.4206481785,
    254.78519187071));
#5141 = CARTESIAN_POINT('',(15.173720333074,-301.4145665381,
    254.82958506427));
#5142 = CARTESIAN_POINT('',(15.157257425619,-301.4087864646,
    254.87432511655));
#5143 = CARTESIAN_POINT('',(15.378747879339,-300.6159685821,
    250.93780590138));
#5144 = CARTESIAN_POINT('',(15.367650135967,-300.6174595933,
    250.99091696123));
#5145 = CARTESIAN_POINT('',(15.359269763929,-300.6226332158,
    251.04826773221));
#5146 = CARTESIAN_POINT('',(15.353642189503,-300.6315375685,
    251.10991346131));
#5147 = CARTESIAN_POINT('',(15.350774627819,-300.644182161,
    251.17586545799));
#5148 = CARTESIAN_POINT('',(15.350630942353,-300.6605184989,
    251.2460672492));
#5149 = CARTESIAN_POINT('',(15.35312188925,-300.6804249859,
    251.32037972483));
#5150 = CARTESIAN_POINT('',(15.358099995376,-300.7037024437,
    251.39857264077));
#5151 = CARTESIAN_POINT('',(15.365358730734,-300.7300704288,
    251.48032389728));
#5152 = CARTESIAN_POINT('',(15.37463519277,-300.7591729846,
    251.56522322021));
#5153 = CARTESIAN_POINT('',(15.396596625671,-300.8219972961,
    251.74033990394));
#5154 = CARTESIAN_POINT('',(15.40928224277,-300.8557199839,251.830558248
    ));
#5155 = CARTESIAN_POINT('',(15.423362181976,-300.8913322169,
    251.92295207631));
#5156 = CARTESIAN_POINT('',(15.438479944958,-300.9283510568,
    252.01696506206));
#5157 = CARTESIAN_POINT('',(15.454244139693,-300.9662457358,
    252.11198669697));
#5158 = CARTESIAN_POINT('',(15.470250084964,-301.0044682852,
    252.20738543619));
#5159 = CARTESIAN_POINT('',(15.486106939535,-301.0424885512,
    252.30255160177));
#5160 = CARTESIAN_POINT('',(15.501464681497,-301.0798325657,
    252.39693901017));
#5161 = CARTESIAN_POINT('',(15.516033691462,-301.1161075902,
    252.4900958262));
#5162 = CARTESIAN_POINT('',(15.543144442966,-301.1859102918,
    252.67324645928));
#5163 = CARTESIAN_POINT('',(15.555687315401,-301.219439469,
    252.7632420358));
#5164 = CARTESIAN_POINT('',(15.566985904118,-301.2512823703,
    252.85129627156));
#5165 = CARTESIAN_POINT('',(15.576886872741,-301.2812311954,
    252.93716985753));
#5166 = CARTESIAN_POINT('',(15.585291485724,-301.3091520967,
    253.02070887152));
#5167 = CARTESIAN_POINT('',(15.592153179636,-301.3349820498,
    253.10184048188));
#5168 = CARTESIAN_POINT('',(15.597464849805,-301.3587113214,
    253.18055380888));
#5169 = CARTESIAN_POINT('',(15.601230564613,-301.3803455249,
    253.25685501926));
#5170 = CARTESIAN_POINT('',(15.603443249536,-301.3998750039,
    253.33073319476));
#5171 = CARTESIAN_POINT('',(15.604789354634,-301.4347608877,
    253.47368517201));
#5172 = CARTESIAN_POINT('',(15.603922365656,-301.4501167416,
    253.54275835265));
#5173 = CARTESIAN_POINT('',(15.601520403251,-301.4633923245,
    253.60943661826));
#5174 = CARTESIAN_POINT('',(15.597598704934,-301.4746084208,
    253.67374380007));
#5175 = CARTESIAN_POINT('',(15.592173541953,-301.4837868452,
    253.73570514512));
#5176 = CARTESIAN_POINT('',(15.585268441815,-301.4909598005,
    253.79535756331));
#5177 = CARTESIAN_POINT('',(15.576919839064,-301.4961763251,
    253.85275771595));
#5178 = CARTESIAN_POINT('',(15.567175787877,-301.4995018256,
    253.90798068961));
#5179 = CARTESIAN_POINT('',(15.55609206514,-301.5010117161,
    253.96111347097));
#5180 = CARTESIAN_POINT('',(15.531387057678,-301.5005925732,
    254.06341986099));
#5181 = CARTESIAN_POINT('',(15.517541875717,-301.4983601112,
    254.11224426874));
#5182 = CARTESIAN_POINT('',(15.504090279229,-301.4966610885,
    254.16168224916));
#5183 = CARTESIAN_POINT('',(15.484340239074,-301.4864255634,
    254.20129411131));
#5184 = CARTESIAN_POINT('',(15.473847323746,-301.4887377892,
    254.25534857716));
#5185 = CARTESIAN_POINT('',(15.449781995652,-301.4726526377,
    254.28822661969));
#5186 = CARTESIAN_POINT('',(15.433441099223,-301.467039509,
    254.3331578255));
#5187 = CARTESIAN_POINT('',(15.418200077426,-301.4629146375,
    254.3798037399));
#5188 = CARTESIAN_POINT('',(15.392072413951,-301.4440368299,
    254.40946476507));
#5189 = CARTESIAN_POINT('',(15.356469529676,-301.4288486505,
    254.49476803537));
#5190 = CARTESIAN_POINT('',(15.344242038466,-301.4288084451,
    254.54611617898));
#5191 = CARTESIAN_POINT('',(15.307075984496,-301.39497118,
    254.55855496216));
#5192 = CARTESIAN_POINT('',(15.318770809331,-301.4273508596,
    254.64722728162));
#5193 = CARTESIAN_POINT('',(15.266670251356,-301.3732739699,
    254.63636371425));
#5194 = CARTESIAN_POINT('',(15.273941093828,-301.3996584833,
    254.71813594054));
#5195 = CARTESIAN_POINT('',(15.242885481186,-301.3741019155,
    254.74010558724));
#5196 = CARTESIAN_POINT('',(15.229915696606,-301.3730556701,
    254.79029718972));
#5197 = CARTESIAN_POINT('',(15.212479239757,-301.3659563834,
    254.83351788028));
#5198 = CARTESIAN_POINT('',(15.196230431879,-301.360466456,
    254.87859197216));
#5199 = CARTESIAN_POINT('',(15.356476944695,-300.484649393,
    250.84651833833));
#5200 = CARTESIAN_POINT('',(15.346556654478,-300.4877361075,
    250.90146649481));
#5201 = CARTESIAN_POINT('',(15.339334127614,-300.4944789162,
    250.96062375847));
#5202 = CARTESIAN_POINT('',(15.334835836261,-300.5049135627,
    251.02403145006));
#5203 = CARTESIAN_POINT('',(15.33305999408,-300.5190379482,
    251.09168673378));
#5204 = CARTESIAN_POINT('',(15.333963070411,-300.5367925012,
    251.16352177989));
#5205 = CARTESIAN_POINT('',(15.337451144586,-300.5580507212,
    251.23938991933));
#5206 = CARTESIAN_POINT('',(15.343375826297,-300.5826106848,
    251.31905978129));
#5207 = CARTESIAN_POINT('',(15.351533975976,-300.6101977562,
    251.40221428536));
#5208 = CARTESIAN_POINT('',(15.36167099057,-300.6404664873,
    251.48845628497));
#5209 = CARTESIAN_POINT('',(15.385302912142,-300.7055547061,
    251.66617930424));
#5210 = CARTESIAN_POINT('',(15.398798179009,-300.7403746109,
    251.75766091082));
#5211 = CARTESIAN_POINT('',(15.413675791034,-300.7770679767,
    251.85129923824));
#5212 = CARTESIAN_POINT('',(15.429596368956,-300.8151746117,
    251.94656488052));
#5213 = CARTESIAN_POINT('',(15.44618987962,-300.8541934755,
    252.04288035882));
#5214 = CARTESIAN_POINT('',(15.463075202961,-300.8936074979,
    252.13965118909));
#5215 = CARTESIAN_POINT('',(15.479883655965,-300.9329176188,
    252.23630203969));
#5216 = CARTESIAN_POINT('',(15.496281618023,-300.9716712331,
    252.33231243992));
#5217 = CARTESIAN_POINT('',(15.511987462733,-301.0094869753,
    252.42724297816));
#5218 = CARTESIAN_POINT('',(15.541566534376,-301.0826347904,
    252.61424475091));
#5219 = CARTESIAN_POINT('',(15.555440555955,-301.1179679808,
    252.70631723572));
#5220 = CARTESIAN_POINT('',(15.56816854982,-301.1517480411,
    252.79660162968));
#5221 = CARTESIAN_POINT('',(15.579587896386,-301.1837545907,
    252.88484430255));
#5222 = CARTESIAN_POINT('',(15.589585109435,-301.21383386,252.9708680231
    ));
#5223 = CARTESIAN_POINT('',(15.59809435756,-301.2418965571,
    253.0545703147));
#5224 = CARTESIAN_POINT('',(15.60508770148,-301.267904927,
    253.13590732449));
#5225 = CARTESIAN_POINT('',(15.610552572268,-301.2918418261,
    253.2148596671));
#5226 = CARTESIAN_POINT('',(15.614472673667,-301.313685248,
    253.29140177166));
#5227 = CARTESIAN_POINT('',(15.619226484646,-301.3531893306,
    253.4396705469));
#5228 = CARTESIAN_POINT('',(15.620060022949,-301.3708497552,
    253.51139692223));
#5229 = CARTESIAN_POINT('',(15.61934608967,-301.3864130592,
    253.58070892838));
#5230 = CARTESIAN_POINT('',(15.617091502362,-301.3998883325,
    253.64761709194));
#5231 = CARTESIAN_POINT('',(15.613305523875,-301.4112883928,
    253.71213605657));
#5232 = CARTESIAN_POINT('',(15.608004191451,-301.4206346166,
    253.77429060355));
#5233 = CARTESIAN_POINT('',(15.601214883893,-301.4279644888,
    253.83412367477));
#5234 = CARTESIAN_POINT('',(15.592976146594,-301.4333299319,
    253.8916952483));
#5235 = CARTESIAN_POINT('',(15.583333996848,-301.4367935068,
    253.94707721177));
#5236 = CARTESIAN_POINT('',(15.56135302696,-301.4400660313,
    254.05363371692));
#5237 = CARTESIAN_POINT('',(15.549397967214,-301.4403950621,
    254.10540682288));
#5238 = CARTESIAN_POINT('',(15.533417997816,-301.4352693563,
    254.1509009855));
#5239 = CARTESIAN_POINT('',(15.525304861831,-301.4408060158,
    254.20866767467));
#5240 = CARTESIAN_POINT('',(15.497596945864,-301.4197841266,
    254.23586342298));
#5241 = CARTESIAN_POINT('',(15.493023195471,-301.4301194385,
    254.29915363077));
#5242 = CARTESIAN_POINT('',(15.468641013707,-301.4136047844,
    254.33153698373));
#5243 = CARTESIAN_POINT('',(15.446966036407,-301.4007621695,
    254.36814563469));
#5244 = CARTESIAN_POINT('',(15.438864059397,-301.4063128005,
    254.42593043219));
#5245 = CARTESIAN_POINT('',(15.396547086034,-301.3820255451,
    254.5007582014));
#5246 = CARTESIAN_POINT('',(15.3676156001,-301.3593477988,
    254.52604452637));
#5247 = CARTESIAN_POINT('',(15.379665174192,-301.3922084657,
    254.61527029695));
#5248 = CARTESIAN_POINT('',(15.30942544331,-301.3135486726,
    254.57610623334));
#5249 = CARTESIAN_POINT('',(15.347779657104,-301.3820585013,
    254.7063747084));
#5250 = CARTESIAN_POINT('',(15.286631563983,-301.3157191968,
    254.68139288144));
#5251 = CARTESIAN_POINT('',(15.291353765822,-301.3386504371,
    254.75918972004));
#5252 = CARTESIAN_POINT('',(15.267071584919,-301.322273355,
    254.79172798519));
#5253 = CARTESIAN_POINT('',(15.251682524686,-301.3179484439,
    254.83814401386));
#5254 = CARTESIAN_POINT('',(15.23562928329,-301.3127235621,
    254.88352323973));
#5255 = CARTESIAN_POINT('',(15.334038576342,-300.3531032915,
    250.75496953682));
#5256 = CARTESIAN_POINT('',(15.325292607171,-300.3577814824,
    250.81174989995));
#5257 = CARTESIAN_POINT('',(15.31922176957,-300.3660850387,
    250.87270406695));
#5258 = CARTESIAN_POINT('',(15.315844288529,-300.3780387754,
    250.93786046028));
#5259 = CARTESIAN_POINT('',(15.31515020325,-300.3936289059,
    251.00720356779));
#5260 = CARTESIAN_POINT('',(15.317089447319,-300.41278809,
    251.08065521355));
#5261 = CARTESIAN_POINT('',(15.321564439591,-300.4353833898,
    251.15806324058));
#5262 = CARTESIAN_POINT('',(15.32842662003,-300.4612142009,
    251.23919575116));
#5263 = CARTESIAN_POINT('',(15.337476788679,-300.4900099737,
    251.3237420491));
#5264 = CARTESIAN_POINT('',(15.348468647642,-300.521437278,
    251.41131778386));
#5265 = CARTESIAN_POINT('',(15.373762053437,-300.5887771587,
    251.59163310745));
#5266 = CARTESIAN_POINT('',(15.388063689425,-300.6246899204,
    251.68437281527));
#5267 = CARTESIAN_POINT('',(15.403736364069,-300.6624606565,
    251.77925166969));
#5268 = CARTESIAN_POINT('',(15.420456821173,-300.7016515238,
    251.8757652383));
#5269 = CARTESIAN_POINT('',(15.437874748141,-300.7417873674,
    251.97336706555));
#5270 = CARTESIAN_POINT('',(15.455630609644,-300.7823814643,
    252.07149609343));
#5271 = CARTESIAN_POINT('',(15.473375744945,-300.8229607645,
    252.16960840004));
#5272 = CARTESIAN_POINT('',(15.490791651962,-300.8630940633,
    252.26720702831));
#5273 = CARTESIAN_POINT('',(15.507604641433,-300.9024101816,
    252.36386496298));
#5274 = CARTESIAN_POINT('',(15.539579806578,-300.9788052538,
    252.55460519275));
#5275 = CARTESIAN_POINT('',(15.554742501706,-301.0158848746,
    252.6486882863));
#5276 = CARTESIAN_POINT('',(15.568852140271,-301.0515373791,
    252.74112840256));
#5277 = CARTESIAN_POINT('',(15.581738943405,-301.0855326674,
    252.83166055655));
#5278 = CARTESIAN_POINT('',(15.593278189053,-301.117701701,
    252.92009031976));
#5279 = CARTESIAN_POINT('',(15.603388395238,-301.147934105,
    253.00629032844));
#5280 = CARTESIAN_POINT('',(15.612023476594,-301.1761673393,
    253.09018893521));
#5281 = CARTESIAN_POINT('',(15.619155555539,-301.2023637143,
    253.17174243082));
#5282 = CARTESIAN_POINT('',(15.62475965387,-301.2264893108,
    253.25091197596));
#5283 = CARTESIAN_POINT('',(15.632891773859,-301.2705717517,
    253.40445166532));
#5284 = CARTESIAN_POINT('',(15.635419621434,-301.2905283628,
    253.47882157213));
#5285 = CARTESIAN_POINT('',(15.63639659166,-301.3083831524,
    253.55077170356));
#5286 = CARTESIAN_POINT('',(15.635819739563,-301.3241322497,
    253.62029761207));
#5287 = CARTESIAN_POINT('',(15.633692826493,-301.3377805402,
    253.68740497326));
#5288 = CARTESIAN_POINT('',(15.630025238338,-301.3493410366,
    253.75210864334));
#5289 = CARTESIAN_POINT('',(15.624834546655,-301.3588372372,
    253.81443582856));
#5290 = CARTESIAN_POINT('',(15.61815043243,-301.3663096246,
    253.87443301415));
#5291 = CARTESIAN_POINT('',(15.6100149774,-301.3718150744,
    253.93216574247));
#5292 = CARTESIAN_POINT('',(15.59092571074,-301.3790065042,
    254.04323394985));
#5293 = CARTESIAN_POINT('',(15.579606033464,-301.3801966434,
    254.09599876016));
#5294 = CARTESIAN_POINT('',(15.569559051819,-301.3831117357,
    254.15074850691));
#5295 = CARTESIAN_POINT('',(15.549327939681,-301.3722238722,
    254.18961017146));
#5296 = CARTESIAN_POINT('',(15.546206628701,-301.3845270152,
    254.25516552224));
#5297 = CARTESIAN_POINT('',(15.516961851577,-301.3614216642,
    254.27996288452));
#5298 = CARTESIAN_POINT('',(15.508085284108,-301.3659250074,
    254.33653982276));
#5299 = CARTESIAN_POINT('',(15.490291038411,-301.35833967,
    254.37920230395));
#5300 = CARTESIAN_POINT('',(15.462916339698,-301.3377719095,
    254.40691761033));
#5301 = CARTESIAN_POINT('',(15.432516576574,-301.3296351101,
    254.50033891725));
#5302 = CARTESIAN_POINT('',(15.423214251684,-301.3335592078,
    254.55625106941));
#5303 = CARTESIAN_POINT('',(15.373379588847,-301.2825529034,
    254.54892371626));
#5304 = CARTESIAN_POINT('',(15.408189843002,-301.3462596734,
    254.67366160447));
#5305 = CARTESIAN_POINT('',(15.331803305779,-301.2592690263,
    254.62490629651));
#5306 = CARTESIAN_POINT('',(15.358622022281,-301.3121463601,
    254.73717759536));
#5307 = CARTESIAN_POINT('',(15.318214605258,-301.2739149972,
    254.74455631684));
#5308 = CARTESIAN_POINT('',(15.308872728862,-301.2777859497,
    254.80040833474));
#5309 = CARTESIAN_POINT('',(15.291357275687,-301.2705794624,
    254.84350574677));
#5310 = CARTESIAN_POINT('',(15.275505822275,-301.2656280415,
    254.88919980569));
#5311 = CARTESIAN_POINT('',(15.311462414128,-300.2213704454,
    250.66320574128));
#5312 = CARTESIAN_POINT('',(15.303885343454,-300.2276327477,
    250.72180985246));
#5313 = CARTESIAN_POINT('',(15.298958444854,-300.2374866352,
    250.7845488215));
#5314 = CARTESIAN_POINT('',(15.296692411095,-300.2509465208,
    250.85143933413));
#5315 = CARTESIAN_POINT('',(15.297069889101,-300.2679890731,
    250.92245430351));
#5316 = CARTESIAN_POINT('',(15.300035206105,-300.2885385129,
    250.99750689187));
#5317 = CARTESIAN_POINT('',(15.305487907162,-300.3124591478,
    251.07644032358));
#5318 = CARTESIAN_POINT('',(15.313280001886,-300.3395499481,
    251.15902375334));
#5319 = CARTESIAN_POINT('',(15.323216550345,-300.3695471058,
    251.24495297896));
#5320 = CARTESIAN_POINT('',(15.335059507477,-300.4021277867,
    251.33385663383));
#5321 = CARTESIAN_POINT('',(15.36200947268,-300.4717126948,
    251.51675656418));
#5322 = CARTESIAN_POINT('',(15.377116382577,-300.5087167473,
    251.61075269848));
#5323 = CARTESIAN_POINT('',(15.393583773373,-300.547564598,
    251.70687146019));
#5324 = CARTESIAN_POINT('',(15.411103456699,-300.5878384236,
    251.80463205482));
#5325 = CARTESIAN_POINT('',(15.429343351321,-300.6290884518,
    251.90351629624));
#5326 = CARTESIAN_POINT('',(15.447963564643,-300.6708537031,
    252.00299393822));
#5327 = CARTESIAN_POINT('',(15.466633713327,-300.7126867924,
    252.1025494734));
#5328 = CARTESIAN_POINT('',(15.485049128393,-300.7541745393,
    252.20170756065));
#5329 = CARTESIAN_POINT('',(15.502943823186,-300.7949566534,
    252.30005320742));
#5330 = CARTESIAN_POINT('',(15.537251673355,-300.8745130255,
    252.49443295476));
#5331 = CARTESIAN_POINT('',(15.553665158329,-300.9132877547,
    252.59046757821));
#5332 = CARTESIAN_POINT('',(15.569113093889,-300.9507539427,
    252.68499570581));
#5333 = CARTESIAN_POINT('',(15.583420325392,-300.9866742256,
    252.77774412086));
#5334 = CARTESIAN_POINT('',(15.596453529562,-301.0208679264,
    252.86850469178));
#5335 = CARTESIAN_POINT('',(15.608118600373,-301.0532074797,
    252.95713075818));
#5336 = CARTESIAN_POINT('',(15.618353881668,-301.0836093824,
    253.04352594367));
#5337 = CARTESIAN_POINT('',(15.627117727016,-301.1120171335,
    253.12762541665));
#5338 = CARTESIAN_POINT('',(15.634376855509,-301.1383856758,
    253.20937716232));
#5339 = CARTESIAN_POINT('',(15.645843382782,-301.1869869794,
    253.36811928676));
#5340 = CARTESIAN_POINT('',(15.650050622104,-301.2092195236,
    253.445109391));
#5341 = CARTESIAN_POINT('',(15.652710659789,-301.2293552875,
    253.51968555612));
#5342 = CARTESIAN_POINT('',(15.653812358731,-301.2473791119,
    253.59183030004));
#5343 = CARTESIAN_POINT('',(15.653350869054,-301.2632845458,
    253.66153618734));
#5344 = CARTESIAN_POINT('',(15.651329806875,-301.2770763099,
    253.72880870838));
#5345 = CARTESIAN_POINT('',(15.647762513823,-301.2887726853,
    253.79366884111));
#5346 = CARTESIAN_POINT('',(15.642670582711,-301.2984027801,
    253.85615014726));
#5347 = CARTESIAN_POINT('',(15.636082040954,-301.306004655,
    253.91629642225));
#5348 = CARTESIAN_POINT('',(15.619991188356,-301.3172595958,
    254.03204283277));
#5349 = CARTESIAN_POINT('',(15.610663083487,-301.3211487668,
    254.08791469279));
#5350 = CARTESIAN_POINT('',(15.598671641839,-301.3214283559,
    254.13963150194));
#5351 = CARTESIAN_POINT('',(15.58949776697,-301.3255272519,
    254.19574364063));
#5352 = CARTESIAN_POINT('',(15.570390758921,-301.3161622506,
    254.23635864779));
#5353 = CARTESIAN_POINT('',(15.561737420794,-301.3209678072,
    254.29328328632));
#5354 = CARTESIAN_POINT('',(15.541889103074,-301.3105983001,
    254.33274123272));
#5355 = CARTESIAN_POINT('',(15.524877605486,-301.3040754044,
    254.37662544368));
#5356 = CARTESIAN_POINT('',(15.510672426863,-301.3013549079,
    254.42488803397));
#5357 = CARTESIAN_POINT('',(15.46999469892,-301.2792891929,
    254.50227339711));
#5358 = CARTESIAN_POINT('',(15.447814223695,-301.2657605526,
    254.53809274613));
#5359 = CARTESIAN_POINT('',(15.447557101798,-301.2819429265,
    254.60811745147));
#5360 = CARTESIAN_POINT('',(15.398656912944,-301.2322030676,
    254.60224805003));
#5361 = CARTESIAN_POINT('',(15.415529496908,-301.2716002145,
    254.69899918987));
#5362 = CARTESIAN_POINT('',(15.371273989631,-301.2281544299,
    254.7003758281));
#5363 = CARTESIAN_POINT('',(15.368152006294,-301.2404549607,
    254.76593166023));
#5364 = CARTESIAN_POINT('',(15.34694942925,-301.2282512303,
    254.80327615108));
#5365 = CARTESIAN_POINT('',(15.331516425285,-301.2238669379,
    254.8496232515));
#5366 = CARTESIAN_POINT('',(15.315837835432,-301.2191497899,
    254.89558701704));
#5367 = CARTESIAN_POINT('',(15.288769318003,-300.0894791255,
    250.57125949848));
#5368 = CARTESIAN_POINT('',(15.282354129053,-300.0973160409,
    250.63167640905));
#5369 = CARTESIAN_POINT('',(15.278562417836,-300.1087083395,
    250.69618653048));
#5370 = CARTESIAN_POINT('',(15.277397989609,-300.1236612082,
    250.76479579393));
#5371 = CARTESIAN_POINT('',(15.278836923783,-300.1421421496,
    250.83746688325));
#5372 = CARTESIAN_POINT('',(15.282818730369,-300.1640693318,
    250.91410541328));
#5373 = CARTESIAN_POINT('',(15.289240849619,-300.1893035646,
    250.99455137899));
#5374 = CARTESIAN_POINT('',(15.297956354856,-300.2176459343,
    251.07857551999));
#5375 = CARTESIAN_POINT('',(15.308774839862,-300.2488382323,
    251.16588077991));
#5376 = CARTESIAN_POINT('',(15.321466341532,-300.2825689123,
    251.2561083538));
#5377 = CARTESIAN_POINT('',(15.350070185098,-300.3543951871,
    251.44158871693));
#5378 = CARTESIAN_POINT('',(15.36598229265,-300.3924904832,
    251.53684113577));
#5379 = CARTESIAN_POINT('',(15.383244903146,-300.4324159827,
    251.63420064312));
#5380 = CARTESIAN_POINT('',(15.401563949371,-300.473773226,
    251.73320840201));
#5381 = CARTESIAN_POINT('',(15.420624134598,-300.5161347958,
    251.83337250924));
#5382 = CARTESIAN_POINT('',(15.440103550124,-300.5590645995,
    251.93419069324));
#5383 = CARTESIAN_POINT('',(15.459688421161,-300.6021372365,
    252.03517340846));
#5384 = CARTESIAN_POINT('',(15.479086832245,-300.6449572261,
    252.13586519735));
#5385 = CARTESIAN_POINT('',(15.498040200389,-300.6871740566,
    252.23586261499));
#5386 = CARTESIAN_POINT('',(15.534622691056,-300.7698130826,
    252.43379132367));
#5387 = CARTESIAN_POINT('',(15.552251969749,-300.8102354784,
    252.53172285374));
#5388 = CARTESIAN_POINT('',(15.568997622784,-300.8494603699,
    252.62827574015));
#5389 = CARTESIAN_POINT('',(15.584680722162,-300.8872452601,
    252.7231707753));
#5390 = CARTESIAN_POINT('',(15.599161296556,-300.9234004586,
    252.81618963533));
#5391 = CARTESIAN_POINT('',(15.612334962754,-300.9577845162,
    252.9071693827));
#5392 = CARTESIAN_POINT('',(15.624126948304,-300.9902960756,
    252.99599343661));
#5393 = CARTESIAN_POINT('',(15.634483409475,-301.0208621917,
    253.08257771471));
#5394 = CARTESIAN_POINT('',(15.643362934837,-301.0494267257,
    253.16685765899));
#5395 = CARTESIAN_POINT('',(15.658105145359,-301.1024673081,
    253.33071058385));
#5396 = CARTESIAN_POINT('',(15.663967904784,-301.1269434569,
    253.41028369282));
#5397 = CARTESIAN_POINT('',(15.668292720419,-301.1493353445,
    253.48745724587));
#5398 = CARTESIAN_POINT('',(15.67105972051,-301.169616061,
    253.56220028017));
#5399 = CARTESIAN_POINT('',(15.672257581132,-301.1877702151,
    253.6344950717));
#5400 = CARTESIAN_POINT('',(15.67188319237,-301.2037936672,
    253.70433684396));
#5401 = CARTESIAN_POINT('',(15.669942014969,-301.2176937319,
    253.77173403325));
#5402 = CARTESIAN_POINT('',(15.666448495553,-301.229490049,
    253.83670923738));
#5403 = CARTESIAN_POINT('',(15.661425798907,-301.2392139905,
    253.89929858132));
#5404 = CARTESIAN_POINT('',(15.648381482536,-301.2545976657,
    254.01979827198));
#5405 = CARTESIAN_POINT('',(15.640350308908,-301.2602444448,
    254.07769373223));
#5406 = CARTESIAN_POINT('',(15.630916447789,-301.26399034,
    254.13340059256));
#5407 = CARTESIAN_POINT('',(15.619867511401,-301.2655471415,
    254.18658779584));
#5408 = CARTESIAN_POINT('',(15.607715465999,-301.2656097676,
    254.23805357215));
#5409 = CARTESIAN_POINT('',(15.594147858364,-301.2637528077,
    254.28731108508));
#5410 = CARTESIAN_POINT('',(15.578853183211,-301.2595564294,
    254.33387374866));
#5411 = CARTESIAN_POINT('',(15.563659023372,-301.2554955674,
    254.38059336376));
#5412 = CARTESIAN_POINT('',(15.545741398097,-301.2477440724,
    254.42306371153));
#5413 = CARTESIAN_POINT('',(15.5107850838,-301.233432137,254.50937576925
    ));
#5414 = CARTESIAN_POINT('',(15.492576440263,-301.2252861803,
    254.55139207414));
#5415 = CARTESIAN_POINT('',(15.471689378684,-301.2135104642,
    254.58922948272));
#5416 = CARTESIAN_POINT('',(15.460076034405,-301.2143024394,
    254.6415358151));
#5417 = CARTESIAN_POINT('',(15.435001016702,-301.1968513034,
    254.67283923248));
#5418 = CARTESIAN_POINT('',(15.423696182424,-301.1980613946,
    254.7256269011));
#5419 = CARTESIAN_POINT('',(15.403579519634,-301.1873296762,
    254.76466628971));
#5420 = CARTESIAN_POINT('',(15.388184878771,-301.1829973698,
    254.81107309902));
#5421 = CARTESIAN_POINT('',(15.372034936206,-301.1776414332,
    254.85630144357));
#5422 = CARTESIAN_POINT('',(15.356526925062,-301.1731554569,
    254.9025313532));
#5423 = CARTESIAN_POINT('',(15.265972638656,-299.9574474246,
    250.47915163841));
#5424 = CARTESIAN_POINT('',(15.260711142498,-299.9668478497,
    250.54136857192));
#5425 = CARTESIAN_POINT('',(15.258045100534,-299.9797656889,
    250.60763499182));
#5426 = CARTESIAN_POINT('',(15.257972039527,-299.9961975811,
    250.6779470383));
#5427 = CARTESIAN_POINT('',(15.2604622669,-300.0161033064,
    250.75225838318));
#5428 = CARTESIAN_POINT('',(15.265451264477,-300.0393953908,
    250.83046836336));
#5429 = CARTESIAN_POINT('',(15.272834968985,-300.0659328552,
    250.91241461395));
#5430 = CARTESIAN_POINT('',(15.282467953481,-300.095518561,
    250.99787023908));
#5431 = CARTESIAN_POINT('',(15.294164492754,-300.1279008515,
    251.08654546153));
#5432 = CARTESIAN_POINT('',(15.307702529137,-300.1627787634,
    251.17809382421));
#5433 = CARTESIAN_POINT('',(15.337958522681,-300.2368440765,
    251.36615191937));
#5434 = CARTESIAN_POINT('',(15.354676072412,-300.276030921,
    251.46266101748));
#5435 = CARTESIAN_POINT('',(15.372734526309,-300.317034987,
    251.56126221517));
#5436 = CARTESIAN_POINT('',(15.391853081967,-300.3594757072,
    251.66151740358));
#5437 = CARTESIAN_POINT('',(15.411731957765,-300.4029468424,
    251.76295884921));
#5438 = CARTESIAN_POINT('',(15.432065554155,-300.447034198,
    251.86510975635));
#5439 = CARTESIAN_POINT('',(15.452555144188,-300.4913329745,
    251.96750404049));
#5440 = CARTESIAN_POINT('',(15.472920603835,-300.5354635098,
    252.06970464769));
#5441 = CARTESIAN_POINT('',(15.492910727157,-300.579085385,
    252.17131964132));
#5442 = CARTESIAN_POINT('',(15.531712554559,-300.6647321072,
    252.3727110216));
#5443 = CARTESIAN_POINT('',(15.550524223735,-300.7067569097,
    252.47248735472));
#5444 = CARTESIAN_POINT('',(15.568528483847,-300.7476874912,
    252.57100394254));
#5445 = CARTESIAN_POINT('',(15.58554434114,-300.7872785662,
    252.66797840254));
#5446 = CARTESIAN_POINT('',(15.601426532384,-300.825333273,
    252.76318407795));
#5447 = CARTESIAN_POINT('',(15.616062044391,-300.861698448,
    252.85644466206));
#5448 = CARTESIAN_POINT('',(15.629365128109,-300.8962578913,
    252.94762634674));
#5449 = CARTESIAN_POINT('',(15.641271347864,-300.9289242689,
    253.03662861495));
#5450 = CARTESIAN_POINT('',(15.651731199371,-300.9596304983,
    253.12337421848));
#5451 = CARTESIAN_POINT('',(15.669676474678,-301.0170119453,
    253.29222464942));
#5452 = CARTESIAN_POINT('',(15.677161991424,-301.043687289,
    253.37432961956));
#5453 = CARTESIAN_POINT('',(15.683122597978,-301.0682960428,
    253.4540553893));
#5454 = CARTESIAN_POINT('',(15.687530288635,-301.090800246,
    253.53135825323));
#5455 = CARTESIAN_POINT('',(15.690366418399,-301.1111746432,
    253.60620913863));
#5456 = CARTESIAN_POINT('',(15.691621287646,-301.1294060718,
    253.67859288988));
#5457 = CARTESIAN_POINT('',(15.691293716281,-301.1454929516,
    253.74850768772));
#5458 = CARTESIAN_POINT('',(15.689390629558,-301.1594446524,
    253.81596432119));
#5459 = CARTESIAN_POINT('',(15.685926633549,-301.1712809781,
    253.88098558793));
#5460 = CARTESIAN_POINT('',(15.67592056224,-301.1907821485,
    254.00622562504));
#5461 = CARTESIAN_POINT('',(15.669379773806,-301.1984487383,
    254.06644640285));
#5462 = CARTESIAN_POINT('',(15.661316224844,-301.2040516503,
    254.12429133697));
#5463 = CARTESIAN_POINT('',(15.651784970593,-301.2076654955,
    254.17984630934));
#5464 = CARTESIAN_POINT('',(15.640771690268,-301.2092708681,
    254.23308900745));
#5465 = CARTESIAN_POINT('',(15.628418221686,-301.2090599882,
    254.284240689));
#5466 = CARTESIAN_POINT('',(15.614611096043,-301.2068790835,
    254.33312436012));
#5467 = CARTESIAN_POINT('',(15.599750278179,-301.2032701897,
    254.38036401963));
#5468 = CARTESIAN_POINT('',(15.583368321371,-301.1975998167,
    254.42523036856));
#5469 = CARTESIAN_POINT('',(15.549145858252,-301.1842824145,
    254.51268739894));
#5470 = CARTESIAN_POINT('',(15.531276404897,-301.1765961583,
    254.55523291977));
#5471 = CARTESIAN_POINT('',(15.513351517049,-301.1688347606,
    254.59769194386));
#5472 = CARTESIAN_POINT('',(15.496203771271,-301.1621266044,
    254.64136350728));
#5473 = CARTESIAN_POINT('',(15.478385043371,-301.1545090542,
    254.68398814736));
#5474 = CARTESIAN_POINT('',(15.461644725151,-301.1483530527,
    254.72829540341));
#5475 = CARTESIAN_POINT('',(15.444781933873,-301.1420310398,
    254.77241152718));
#5476 = CARTESIAN_POINT('',(15.428575287021,-301.136598254,
    254.81755141507));
#5477 = CARTESIAN_POINT('',(15.412771735147,-301.1317117558,
    254.86332021135));
#5478 = CARTESIAN_POINT('',(15.397441739682,-301.1274670311,
    254.90982786576));
#5479 = CARTESIAN_POINT('',(15.243078031433,-299.8252830068,
    250.38689098456));
#5480 = CARTESIAN_POINT('',(15.23896097648,-299.8362344056,
    250.45089350637));
#5481 = CARTESIAN_POINT('',(15.237410365725,-299.8506639014,
    250.51890025243));
#5482 = CARTESIAN_POINT('',(15.238417999487,-299.8685603811,
    250.59089842837));
#5483 = CARTESIAN_POINT('',(15.241949195887,-299.8898768426,
    250.66683392197));
#5484 = CARTESIAN_POINT('',(15.24793610945,-299.9145213394,
    250.74660087769));
#5485 = CARTESIAN_POINT('',(15.256273697377,-299.9423515153,
    250.83003540494));
#5486 = CARTESIAN_POINT('',(15.266818333502,-299.9731727241,
    250.9169134136));
#5487 = CARTESIAN_POINT('',(15.279389069889,-300.0067397415,
    251.00695258426));
#5488 = CARTESIAN_POINT('',(15.293771546151,-300.0427620612,
    251.09981846628));
#5489 = CARTESIAN_POINT('',(15.32567754662,-300.1190635038,
    251.2904509512));
#5490 = CARTESIAN_POINT('',(15.343200612584,-300.1593420056,
    251.3882168393));
#5491 = CARTESIAN_POINT('',(15.362055302445,-300.2014251464,
    251.48806034985));
#5492 = CARTESIAN_POINT('',(15.381973260735,-300.2449492454,
    251.58956278882));
#5493 = CARTESIAN_POINT('',(15.402668967821,-300.2895273604,
    251.69227868154));
#5494 = CARTESIAN_POINT('',(15.423851619021,-300.3347653878,
    251.79575430919));
#5495 = CARTESIAN_POINT('',(15.445236132895,-300.3802769792,
    251.89954488069));
#5496 = CARTESIAN_POINT('',(15.466553289284,-300.4256972826,
    252.00323035373));
#5497 = CARTESIAN_POINT('',(15.487558996524,-300.4706955002,
    252.10642989089));
#5498 = CARTESIAN_POINT('',(15.528526380085,-300.559277037,
    252.31120003414));
#5499 = CARTESIAN_POINT('',(15.548488016892,-300.6028603026,
    252.41277057844));
#5500 = CARTESIAN_POINT('',(15.567712772932,-300.6454449294,
    252.51319141968));
#5501 = CARTESIAN_POINT('',(15.586019146279,-300.6867849417,
    252.61217937432));
#5502 = CARTESIAN_POINT('',(15.603257461219,-300.7266774975,
    252.70950091558));
#5503 = CARTESIAN_POINT('',(15.619307339936,-300.7649594566,
    252.80496822654));
#5504 = CARTESIAN_POINT('',(15.63407414447,-300.8015025653,
    252.89843365163));
#5505 = CARTESIAN_POINT('',(15.647484387787,-300.8362072311,
    252.98978253417));
#5506 = CARTESIAN_POINT('',(15.659480115123,-300.8689949132,
    253.07892445213));
#5507 = CARTESIAN_POINT('',(15.680544394226,-300.930603304,
    253.25264123324));
#5508 = CARTESIAN_POINT('',(15.689613074228,-300.9594241863,
    253.33721629642));
#5509 = CARTESIAN_POINT('',(15.697172275776,-300.9861993902,
    253.41943623279));
#5510 = CARTESIAN_POINT('',(15.703186400062,-301.0108806706,
    253.49924549985));
#5511 = CARTESIAN_POINT('',(15.707629601788,-301.0334330032,
    253.57660377425));
#5512 = CARTESIAN_POINT('',(15.710485122223,-301.0538336742,
    253.65148490774));
#5513 = CARTESIAN_POINT('',(15.711744622739,-301.072071385,
    253.7238758914));
#5514 = CARTESIAN_POINT('',(15.711407517833,-301.0881453407,
    253.79377581119));
#5515 = CARTESIAN_POINT('',(15.709480308594,-301.1020643529,
    253.86119481085));
#5516 = CARTESIAN_POINT('',(15.702471523122,-301.1256275108,
    253.99111128864));
#5517 = CARTESIAN_POINT('',(15.697391484943,-301.1352737412,
    254.05361116667));
#5518 = CARTESIAN_POINT('',(15.690740611549,-301.142791142,
    254.11366018904));
#5519 = CARTESIAN_POINT('',(15.682563514082,-301.1482401701,
    254.17132795812));
#5520 = CARTESIAN_POINT('',(15.672855364041,-301.1516142831,
    254.22660694187));
#5521 = CARTESIAN_POINT('',(15.661657411144,-301.1529693844,
    254.27956150003));
#5522 = CARTESIAN_POINT('',(15.649054077531,-301.1524198836,
    254.33032334818));
#5523 = CARTESIAN_POINT('',(15.635056587476,-301.1499809909,
    254.37890999796));
#5524 = CARTESIAN_POINT('',(15.619626231527,-301.1456002483,
    254.42526105712));
#5525 = CARTESIAN_POINT('',(15.587090778802,-301.1345691193,
    254.51535020398));
#5526 = CARTESIAN_POINT('',(15.569974261319,-301.1279032598,
    254.55907047485));
#5527 = CARTESIAN_POINT('',(15.552513129408,-301.1207703509,
    254.6022530621));
#5528 = CARTESIAN_POINT('',(15.535535096034,-301.1142921995,
    254.64618941763));
#5529 = CARTESIAN_POINT('',(15.518273678496,-301.1074299219,
    254.68968358565));
#5530 = CARTESIAN_POINT('',(15.501627532068,-301.1014015496,
    254.73413777411));
#5531 = CARTESIAN_POINT('',(15.485126206469,-301.0955694014,
    254.77881786458));
#5532 = CARTESIAN_POINT('',(15.469122528944,-301.0904116853,
    254.82427443326));
#5533 = CARTESIAN_POINT('',(15.453540639698,-301.0858255899,
    254.87038907338));
#5534 = CARTESIAN_POINT('',(15.438414431201,-301.0818570427,
    254.91721468291));
#5535 = DEFINITIONAL_REPRESENTATION('',(#5536),#5539);
#5536 = B_SPLINE_CURVE_WITH_KNOTS('',1,(#5537,#5538),.UNSPECIFIED.,.F.,
  .F.,(2,2),(0.5,2.6),.PIECEWISE_BEZIER_KNOTS.);
#5537 = CARTESIAN_POINT('',(-0.327498607442,-0.7812606192));
#5538 = CARTESIAN_POINT('',(-1.784039282215,0.423655548766));
#5539 = ( GEOMETRIC_REPRESENTATION_CONTEXT(2) 
PARAMETRIC_REPRESENTATION_CONTEXT() REPRESENTATION_CONTEXT('2D SPACE',''
  ) );
#5540 = ORIENTED_EDGE('',*,*,#5541,.F.);
#5541 = EDGE_CURVE('',#5542,#2383,#5544,.T.);
#5542 = VERTEX_POINT('',#5543);
#5543 = CARTESIAN_POINT('',(12.90481993148,-301.1292997425,
    253.30658973059));
#5544 = SURFACE_CURVE('',#5545,(#5550,#5557),.PCURVE_S1.);
#5545 = CIRCLE('',#5546,6.999999999904);
#5546 = AXIS2_PLACEMENT_3D('',#5547,#5548,#5549);
#5547 = CARTESIAN_POINT('',(12.90481993148,-301.2999947076,
    246.3086712381));
#5548 = DIRECTION('',(1.,-2.628418675401E-11,3.064104139688E-16));
#5549 = DIRECTION('',(-1.521120556835E-11,-0.578730306333,
    -0.815518995813));
#5550 = PCURVE('',#2291,#5551);
#5551 = DEFINITIONAL_REPRESENTATION('',(#5552),#5556);
#5552 = LINE('',#5553,#5554);
#5553 = CARTESIAN_POINT('',(10.017561462549,2.6));
#5554 = VECTOR('',#5555,1.);
#5555 = DIRECTION('',(-1.,0.));
#5556 = ( GEOMETRIC_REPRESENTATION_CONTEXT(2) 
PARAMETRIC_REPRESENTATION_CONTEXT() REPRESENTATION_CONTEXT('2D SPACE',''
  ) );
#5557 = PCURVE('',#5558,#5563);
#5558 = PLANE('',#5559);
#5559 = AXIS2_PLACEMENT_3D('',#5560,#5561,#5562);
#5560 = CARTESIAN_POINT('',(12.9,0.,0.));
#5561 = DIRECTION('',(1.,0.,0.));
#5562 = DIRECTION('',(-0.,0.,1.));
#5563 = DEFINITIONAL_REPRESENTATION('',(#5564),#5569);
#5564 = B_SPLINE_CURVE_WITH_KNOTS('',3,(#5565,#5566,#5567,#5568),
  .UNSPECIFIED.,.F.,.F.,(4,4),(3.734376155369,4.027300446745),
  .PIECEWISE_BEZIER_KNOTS.);
#5565 = CARTESIAN_POINT('',(253.30658973058,301.12929974254));
#5566 = CARTESIAN_POINT('',(253.32325663115,301.81258651437));
#5567 = CARTESIAN_POINT('',(253.23913639296,302.49824815915));
#5568 = CARTESIAN_POINT('',(253.057792113,303.15724197572));
#5569 = ( GEOMETRIC_REPRESENTATION_CONTEXT(2) 
PARAMETRIC_REPRESENTATION_CONTEXT() REPRESENTATION_CONTEXT('2D SPACE',''
  ) );
#5570 = ORIENTED_EDGE('',*,*,#5571,.T.);
#5571 = EDGE_CURVE('',#5542,#5572,#5574,.T.);
#5572 = VERTEX_POINT('',#5573);
#5573 = CARTESIAN_POINT('',(12.70481993148,-301.1292997425,
    253.30658973059));
#5574 = SURFACE_CURVE('',#5575,(#5579,#5586),.PCURVE_S1.);
#5575 = LINE('',#5576,#5577);
#5576 = CARTESIAN_POINT('',(15.50481993148,-301.1292997425,
    253.30658973058));
#5577 = VECTOR('',#5578,1.);
#5578 = DIRECTION('',(-1.,2.628418675401E-11,-3.064104139678E-16));
#5579 = PCURVE('',#2291,#5580);
#5580 = DEFINITIONAL_REPRESENTATION('',(#5581),#5585);
#5581 = LINE('',#5582,#5583);
#5582 = CARTESIAN_POINT('',(6.28318530718,4.476419235289E-12));
#5583 = VECTOR('',#5584,1.);
#5584 = DIRECTION('',(0.,1.));
#5585 = ( GEOMETRIC_REPRESENTATION_CONTEXT(2) 
PARAMETRIC_REPRESENTATION_CONTEXT() REPRESENTATION_CONTEXT('2D SPACE',''
  ) );
#5586 = PCURVE('',#1065,#5587);
#5587 = DEFINITIONAL_REPRESENTATION('',(#5588),#5592);
#5588 = LINE('',#5589,#5590);
#5589 = CARTESIAN_POINT('',(0.,4.476419235289E-12));
#5590 = VECTOR('',#5591,1.);
#5591 = DIRECTION('',(0.,1.));
#5592 = ( GEOMETRIC_REPRESENTATION_CONTEXT(2) 
PARAMETRIC_REPRESENTATION_CONTEXT() REPRESENTATION_CONTEXT('2D SPACE',''
  ) );
#5593 = ORIENTED_EDGE('',*,*,#5594,.T.);
#5594 = EDGE_CURVE('',#5572,#2309,#5595,.T.);
#5595 = SURFACE_CURVE('',#5596,(#5601,#5608),.PCURVE_S1.);
#5596 = CIRCLE('',#5597,6.999999999904);
#5597 = AXIS2_PLACEMENT_3D('',#5598,#5599,#5600);
#5598 = CARTESIAN_POINT('',(12.70481993148,-301.2999947076,
    246.3086712381));
#5599 = DIRECTION('',(1.,-2.628418675401E-11,3.064104139656E-16));
#5600 = DIRECTION('',(-2.627637840731E-11,-0.999702641798,
    2.438499502551E-02));
#5601 = PCURVE('',#2291,#5602);
#5602 = DEFINITIONAL_REPRESENTATION('',(#5603),#5607);
#5603 = LINE('',#5604,#5605);
#5604 = CARTESIAN_POINT('',(10.995574287568,2.8));
#5605 = VECTOR('',#5606,1.);
#5606 = DIRECTION('',(-1.,4.523455546976E-15));
#5607 = ( GEOMETRIC_REPRESENTATION_CONTEXT(2) 
PARAMETRIC_REPRESENTATION_CONTEXT() REPRESENTATION_CONTEXT('2D SPACE',''
  ) );
#5608 = PCURVE('',#5609,#5614);
#5609 = PLANE('',#5610);
#5610 = AXIS2_PLACEMENT_3D('',#5611,#5612,#5613);
#5611 = CARTESIAN_POINT('',(12.70481993148,-301.2999947077,
    246.3086712381));
#5612 = DIRECTION('',(-1.,2.628383323665E-11,-1.196212544319E-14));
#5613 = DIRECTION('',(2.628383323665E-11,1.,0.));
#5614 = DEFINITIONAL_REPRESENTATION('',(#5615),#5623);
#5615 = ( BOUNDED_CURVE() B_SPLINE_CURVE(2,(#5616,#5617,#5618,#5619,
#5620,#5621,#5622),.UNSPECIFIED.,.T.,.F.) B_SPLINE_CURVE_WITH_KNOTS((1,2
    ,2,2,2,1),(-2.094395102393,0.,2.094395102393,4.188790204786,
6.28318530718,8.377580409573),.UNSPECIFIED.) CURVE() 
GEOMETRIC_REPRESENTATION_ITEM() RATIONAL_B_SPLINE_CURVE((1.,0.5,1.,0.5,
1.,0.5,1.)) REPRESENTATION_ITEM('') );
#5616 = CARTESIAN_POINT('',(-6.997918492479,-0.170694965176));
#5617 = CARTESIAN_POINT('',(-7.29357084476,11.950055411041));
#5618 = CARTESIAN_POINT('',(3.351133070114,6.145722670696));
#5619 = CARTESIAN_POINT('',(13.995836984988,0.341389930352));
#5620 = CARTESIAN_POINT('',(3.646785422395,-5.97502770552));
#5621 = CARTESIAN_POINT('',(-6.702266140198,-12.29144534139));
#5622 = CARTESIAN_POINT('',(-6.997918492479,-0.170694965176));
#5623 = ( GEOMETRIC_REPRESENTATION_CONTEXT(2) 
PARAMETRIC_REPRESENTATION_CONTEXT() REPRESENTATION_CONTEXT('2D SPACE',''
  ) );
#5624 = ADVANCED_FACE('',(#5625),#5609,.T.);
#5625 = FACE_BOUND('',#5626,.T.);
#5626 = EDGE_LOOP('',(#5627,#5653));
#5627 = ORIENTED_EDGE('',*,*,#5628,.F.);
#5628 = EDGE_CURVE('',#2309,#5572,#5629,.T.);
#5629 = SURFACE_CURVE('',#5630,(#5635,#5646),.PCURVE_S1.);
#5630 = CIRCLE('',#5631,6.999999999904);
#5631 = AXIS2_PLACEMENT_3D('',#5632,#5633,#5634);
#5632 = CARTESIAN_POINT('',(12.70481993148,-301.2999947076,
    246.3086712381));
#5633 = DIRECTION('',(1.,-2.628418675401E-11,3.064104139656E-16));
#5634 = DIRECTION('',(-2.627637840731E-11,-0.999702641798,
    2.438499502551E-02));
#5635 = PCURVE('',#5609,#5636);
#5636 = DEFINITIONAL_REPRESENTATION('',(#5637),#5645);
#5637 = ( BOUNDED_CURVE() B_SPLINE_CURVE(2,(#5638,#5639,#5640,#5641,
#5642,#5643,#5644),.UNSPECIFIED.,.T.,.F.) B_SPLINE_CURVE_WITH_KNOTS((1,2
    ,2,2,2,1),(-2.094395102393,0.,2.094395102393,4.188790204786,
6.28318530718,8.377580409573),.UNSPECIFIED.) CURVE() 
GEOMETRIC_REPRESENTATION_ITEM() RATIONAL_B_SPLINE_CURVE((1.,0.5,1.,0.5,
1.,0.5,1.)) REPRESENTATION_ITEM('') );
#5638 = CARTESIAN_POINT('',(-6.997918492479,-0.170694965176));
#5639 = CARTESIAN_POINT('',(-7.29357084476,11.950055411041));
#5640 = CARTESIAN_POINT('',(3.351133070114,6.145722670696));
#5641 = CARTESIAN_POINT('',(13.995836984988,0.341389930352));
#5642 = CARTESIAN_POINT('',(3.646785422395,-5.97502770552));
#5643 = CARTESIAN_POINT('',(-6.702266140198,-12.29144534139));
#5644 = CARTESIAN_POINT('',(-6.997918492479,-0.170694965176));
#5645 = ( GEOMETRIC_REPRESENTATION_CONTEXT(2) 
PARAMETRIC_REPRESENTATION_CONTEXT() REPRESENTATION_CONTEXT('2D SPACE',''
  ) );
#5646 = PCURVE('',#1065,#5647);
#5647 = DEFINITIONAL_REPRESENTATION('',(#5648),#5652);
#5648 = LINE('',#5649,#5650);
#5649 = CARTESIAN_POINT('',(4.712388980385,2.8));
#5650 = VECTOR('',#5651,1.);
#5651 = DIRECTION('',(-1.,-4.523455546965E-15));
#5652 = ( GEOMETRIC_REPRESENTATION_CONTEXT(2) 
PARAMETRIC_REPRESENTATION_CONTEXT() REPRESENTATION_CONTEXT('2D SPACE',''
  ) );
#5653 = ORIENTED_EDGE('',*,*,#5594,.F.);
#5654 = ADVANCED_FACE('',(#5655),#5558,.F.);
#5655 = FACE_BOUND('',#5656,.F.);
#5656 = EDGE_LOOP('',(#5657,#5689,#5719,#5746,#5795,#5796,#5821));
#5657 = ORIENTED_EDGE('',*,*,#5658,.T.);
#5658 = EDGE_CURVE('',#5659,#5661,#5663,.T.);
#5659 = VERTEX_POINT('',#5660);
#5660 = CARTESIAN_POINT('',(12.9048199315,-300.5138646234,254.7287730521
    ));
#5661 = VERTEX_POINT('',#5662);
#5662 = CARTESIAN_POINT('',(12.90481993149,-301.0867309163,
    255.05176818642));
#5663 = SURFACE_CURVE('',#5664,(#5669,#5677),.PCURVE_S1.);
#5664 = CIRCLE('',#5665,0.7);
#5665 = AXIS2_PLACEMENT_3D('',#5666,#5667,#5668);
#5666 = CARTESIAN_POINT('',(12.90481993149,-301.1038004128,
    254.35197633716));
#5667 = DIRECTION('',(1.,-2.628418675401E-11,3.064104139655E-16));
#5668 = DIRECTION('',(-6.406334439457E-13,-2.438499502551E-02,
    -0.999702641798));
#5669 = PCURVE('',#5558,#5670);
#5670 = DEFINITIONAL_REPRESENTATION('',(#5671),#5676);
#5671 = B_SPLINE_CURVE_WITH_KNOTS('',3,(#5672,#5673,#5674,#5675),
  .UNSPECIFIED.,.F.,.F.,(4,4),(2.163579828576,3.14159265363),
  .PIECEWISE_BEZIER_KNOTS.);
#5672 = CARTESIAN_POINT('',(254.72877305209,300.51386462348));
#5673 = CARTESIAN_POINT('',(254.92109464142,300.63670196336));
#5674 = CARTESIAN_POINT('',(255.04620345759,300.8585957819));
#5675 = CARTESIAN_POINT('',(255.05176818641,301.08673091639));
#5676 = ( GEOMETRIC_REPRESENTATION_CONTEXT(2) 
PARAMETRIC_REPRESENTATION_CONTEXT() REPRESENTATION_CONTEXT('2D SPACE',''
  ) );
#5677 = PCURVE('',#5678,#5683);
#5678 = CYLINDRICAL_SURFACE('',#5679,0.7);
#5679 = AXIS2_PLACEMENT_3D('',#5680,#5681,#5682);
#5680 = CARTESIAN_POINT('',(15.50481993149,-301.1038004129,
    254.35197633716));
#5681 = DIRECTION('',(-1.,2.628418675401E-11,-3.064104139678E-16));
#5682 = DIRECTION('',(6.406334439457E-13,2.438499502551E-02,
    0.999702641798));
#5683 = DEFINITIONAL_REPRESENTATION('',(#5684),#5688);
#5684 = LINE('',#5685,#5686);
#5685 = CARTESIAN_POINT('',(3.141592653591,2.6));
#5686 = VECTOR('',#5687,1.);
#5687 = DIRECTION('',(-1.,0.));
#5688 = ( GEOMETRIC_REPRESENTATION_CONTEXT(2) 
PARAMETRIC_REPRESENTATION_CONTEXT() REPRESENTATION_CONTEXT('2D SPACE',''
  ) );
#5689 = ORIENTED_EDGE('',*,*,#5690,.T.);
#5690 = EDGE_CURVE('',#5661,#5691,#5693,.T.);
#5691 = VERTEX_POINT('',#5692);
#5692 = CARTESIAN_POINT('',(12.90481993147,-301.6746637099,
    254.7570875516));
#5693 = SURFACE_CURVE('',#5694,(#5699,#5707),.PCURVE_S1.);
#5694 = CIRCLE('',#5695,0.7);
#5695 = AXIS2_PLACEMENT_3D('',#5696,#5697,#5698);
#5696 = CARTESIAN_POINT('',(12.90481993149,-301.1038004128,
    254.35197633716));
#5697 = DIRECTION('',(1.,-2.628418675401E-11,3.064104139655E-16));
#5698 = DIRECTION('',(-6.406334439457E-13,-2.438499502551E-02,
    -0.999702641798));
#5699 = PCURVE('',#5558,#5700);
#5700 = DEFINITIONAL_REPRESENTATION('',(#5701),#5706);
#5701 = B_SPLINE_CURVE_WITH_KNOTS('',3,(#5702,#5703,#5704,#5705),
  .UNSPECIFIED.,.F.,.F.,(4,4),(3.14159265363,4.119605478602),
  .PIECEWISE_BEZIER_KNOTS.);
#5702 = CARTESIAN_POINT('',(255.05176818641,301.08673091639));
#5703 = CARTESIAN_POINT('',(255.05733291524,301.31486605085));
#5704 = CARTESIAN_POINT('',(254.94319142687,301.54259572219));
#5705 = CARTESIAN_POINT('',(254.75708755159,301.67466370994));
#5706 = ( GEOMETRIC_REPRESENTATION_CONTEXT(2) 
PARAMETRIC_REPRESENTATION_CONTEXT() REPRESENTATION_CONTEXT('2D SPACE',''
  ) );
#5707 = PCURVE('',#5708,#5713);
#5708 = CYLINDRICAL_SURFACE('',#5709,0.7);
#5709 = AXIS2_PLACEMENT_3D('',#5710,#5711,#5712);
#5710 = CARTESIAN_POINT('',(15.50481993149,-301.1038004129,
    254.35197633716));
#5711 = DIRECTION('',(-1.,2.628418675401E-11,-3.064104139678E-16));
#5712 = DIRECTION('',(6.406334439457E-13,2.438499502551E-02,
    0.999702641798));
#5713 = DEFINITIONAL_REPRESENTATION('',(#5714),#5718);
#5714 = LINE('',#5715,#5716);
#5715 = CARTESIAN_POINT('',(9.424777960809,2.6));
#5716 = VECTOR('',#5717,1.);
#5717 = DIRECTION('',(-1.,0.));
#5718 = ( GEOMETRIC_REPRESENTATION_CONTEXT(2) 
PARAMETRIC_REPRESENTATION_CONTEXT() REPRESENTATION_CONTEXT('2D SPACE',''
  ) );
#5719 = ORIENTED_EDGE('',*,*,#5720,.T.);
#5720 = EDGE_CURVE('',#5691,#5721,#5723,.T.);
#5721 = VERTEX_POINT('',#5722);
#5722 = CARTESIAN_POINT('',(12.90481993145,-302.6070440182,
    253.44322193166));
#5723 = SURFACE_CURVE('',#5724,(#5728,#5734),.PCURVE_S1.);
#5724 = LINE('',#5725,#5726);
#5725 = CARTESIAN_POINT('',(12.90481993145,-302.6070440182,
    253.44322193166));
#5726 = VECTOR('',#5727,1.);
#5727 = DIRECTION('',(-1.521124568538E-11,-0.578730306333,
    -0.815518995813));
#5728 = PCURVE('',#5558,#5729);
#5729 = DEFINITIONAL_REPRESENTATION('',(#5730),#5733);
#5730 = B_SPLINE_CURVE_WITH_KNOTS('',1,(#5731,#5732),.UNSPECIFIED.,.F.,
  .F.,(2,2),(-1.611079112419,0.),.PIECEWISE_BEZIER_KNOTS.);
#5731 = CARTESIAN_POINT('',(254.75708755159,301.67466370994));
#5732 = CARTESIAN_POINT('',(253.44322193166,302.6070440182));
#5733 = ( GEOMETRIC_REPRESENTATION_CONTEXT(2) 
PARAMETRIC_REPRESENTATION_CONTEXT() REPRESENTATION_CONTEXT('2D SPACE',''
  ) );
#5734 = PCURVE('',#5735,#5740);
#5735 = PLANE('',#5736);
#5736 = AXIS2_PLACEMENT_3D('',#5737,#5738,#5739);
#5737 = CARTESIAN_POINT('',(15.50481993145,-302.6070440182,
    253.44322193166));
#5738 = DIRECTION('',(2.143543091638E-11,0.815518995813,-0.578730306333)
  );
#5739 = DIRECTION('',(1.,-2.628418675401E-11,3.064104064693E-16));
#5740 = DEFINITIONAL_REPRESENTATION('',(#5741),#5745);
#5741 = LINE('',#5742,#5743);
#5742 = CARTESIAN_POINT('',(-2.6,-9.710371153488E-13));
#5743 = VECTOR('',#5744,1.);
#5744 = DIRECTION('',(-4.011702500282E-17,1.));
#5745 = ( GEOMETRIC_REPRESENTATION_CONTEXT(2) 
PARAMETRIC_REPRESENTATION_CONTEXT() REPRESENTATION_CONTEXT('2D SPACE',''
  ) );
#5746 = ORIENTED_EDGE('',*,*,#5747,.T.);
#5747 = EDGE_CURVE('',#5721,#2383,#5748,.T.);
#5748 = SURFACE_CURVE('',#5749,(#5753,#5759),.PCURVE_S1.);
#5749 = LINE('',#5750,#5751);
#5750 = CARTESIAN_POINT('',(12.90481993145,-302.6070440182,
    253.44322193166));
#5751 = VECTOR('',#5752,1.);
#5752 = DIRECTION('',(-2.978535139224E-11,-0.819028185655,
    -0.573753284176));
#5753 = PCURVE('',#5558,#5754);
#5754 = DEFINITIONAL_REPRESENTATION('',(#5755),#5758);
#5755 = B_SPLINE_CURVE_WITH_KNOTS('',1,(#5756,#5757),.UNSPECIFIED.,.F.,
  .F.,(2,2),(0.,0.671769259174),.PIECEWISE_BEZIER_KNOTS.);
#5756 = CARTESIAN_POINT('',(253.44322193166,302.6070440182));
#5757 = CARTESIAN_POINT('',(253.057792113,303.15724197572));
#5758 = ( GEOMETRIC_REPRESENTATION_CONTEXT(2) 
PARAMETRIC_REPRESENTATION_CONTEXT() REPRESENTATION_CONTEXT('2D SPACE',''
  ) );
#5759 = PCURVE('',#2398,#5760);
#5760 = DEFINITIONAL_REPRESENTATION('',(#5761),#5794);
#5761 = B_SPLINE_CURVE_WITH_KNOTS('',11,(#5762,#5763,#5764,#5765,#5766,
    #5767,#5768,#5769,#5770,#5771,#5772,#5773,#5774,#5775,#5776,#5777,
    #5778,#5779,#5780,#5781,#5782,#5783,#5784,#5785,#5786,#5787,#5788,
    #5789,#5790,#5791,#5792,#5793),.UNSPECIFIED.,.F.,.F.,(12,10,10,12),(
    0.,0.335884629587,0.503826944381,0.671769259174),.UNSPECIFIED.);
#5762 = CARTESIAN_POINT('',(-1.334733098847,0.919083012285));
#5763 = CARTESIAN_POINT('',(-1.355159190868,0.896560181899));
#5764 = CARTESIAN_POINT('',(-1.375581730083,0.874041269014));
#5765 = CARTESIAN_POINT('',(-1.395972608446,0.851557266967));
#5766 = CARTESIAN_POINT('',(-1.416482879471,0.828941616603));
#5767 = CARTESIAN_POINT('',(-1.436785417715,0.806555022788));
#5768 = CARTESIAN_POINT('',(-1.457319097182,0.783913561103));
#5769 = CARTESIAN_POINT('',(-1.477667202259,0.761476723022));
#5770 = CARTESIAN_POINT('',(-1.498127059464,0.738916661455));
#5771 = CARTESIAN_POINT('',(-1.518538297846,0.716410209434));
#5772 = CARTESIAN_POINT('',(-1.53896325539,0.693888629978));
#5773 = CARTESIAN_POINT('',(-1.5695976581,0.6601096058));
#5774 = CARTESIAN_POINT('',(-1.579809175118,0.64884987655));
#5775 = CARTESIAN_POINT('',(-1.590020712881,0.637590124428));
#5776 = CARTESIAN_POINT('',(-1.6002322497,0.62633037334));
#5777 = CARTESIAN_POINT('',(-1.61044377093,0.615070639453));
#5778 = CARTESIAN_POINT('',(-1.620655268921,0.603810931177));
#5779 = CARTESIAN_POINT('',(-1.630866743081,0.592551249191));
#5780 = CARTESIAN_POINT('',(-1.641078199809,0.581291586415));
#5781 = CARTESIAN_POINT('',(-1.651289652557,0.570031928035));
#5782 = CARTESIAN_POINT('',(-1.66150112178,0.558772251486));
#5783 = CARTESIAN_POINT('',(-1.681924148158,0.53625280143));
#5784 = CARTESIAN_POINT('',(-1.692135165007,0.524993623692));
#5785 = CARTESIAN_POINT('',(-1.702350779348,0.513729376529));
#5786 = CARTESIAN_POINT('',(-1.712551008655,0.502482093676));
#5787 = CARTESIAN_POINT('',(-1.722779757671,0.491203363559));
#5788 = CARTESIAN_POINT('',(-1.732984694194,0.479950890299));
#5789 = CARTESIAN_POINT('',(-1.743183252927,0.468705449495));
#5790 = CARTESIAN_POINT('',(-1.753418991876,0.457419011938));
#5791 = CARTESIAN_POINT('',(-1.763605589402,0.446186760164));
#5792 = CARTESIAN_POINT('',(-1.773824590142,0.434918778989));
#5793 = CARTESIAN_POINT('',(-1.784039282213,0.423655548767));
#5794 = ( GEOMETRIC_REPRESENTATION_CONTEXT(2) 
PARAMETRIC_REPRESENTATION_CONTEXT() REPRESENTATION_CONTEXT('2D SPACE',''
  ) );
#5795 = ORIENTED_EDGE('',*,*,#5541,.F.);
#5796 = ORIENTED_EDGE('',*,*,#5797,.F.);
#5797 = EDGE_CURVE('',#5798,#5542,#5800,.T.);
#5798 = VERTEX_POINT('',#5799);
#5799 = CARTESIAN_POINT('',(12.90481993154,-299.1158995009,
    252.95921468405));
#5800 = SURFACE_CURVE('',#5801,(#5806,#5814),.PCURVE_S1.);
#5801 = CIRCLE('',#5802,6.999999999904);
#5802 = AXIS2_PLACEMENT_3D('',#5803,#5804,#5805);
#5803 = CARTESIAN_POINT('',(12.90481993148,-301.2999947076,
    246.3086712381));
#5804 = DIRECTION('',(1.,-2.628418675401E-11,3.064104139688E-16));
#5805 = DIRECTION('',(-1.521120556835E-11,-0.578730306333,
    -0.815518995813));
#5806 = PCURVE('',#5558,#5807);
#5807 = DEFINITIONAL_REPRESENTATION('',(#5808),#5813);
#5808 = B_SPLINE_CURVE_WITH_KNOTS('',3,(#5809,#5810,#5811,#5812),
  .UNSPECIFIED.,.F.,.F.,(4,4),(3.441451863987,3.734376155369),
  .PIECEWISE_BEZIER_KNOTS.);
#5809 = CARTESIAN_POINT('',(252.95921468405,299.11589950093));
#5810 = CARTESIAN_POINT('',(253.1724728643,299.76526807634));
#5811 = CARTESIAN_POINT('',(253.28992283002,300.44601297068));
#5812 = CARTESIAN_POINT('',(253.30658973058,301.12929974254));
#5813 = ( GEOMETRIC_REPRESENTATION_CONTEXT(2) 
PARAMETRIC_REPRESENTATION_CONTEXT() REPRESENTATION_CONTEXT('2D SPACE',''
  ) );
#5814 = PCURVE('',#1065,#5815);
#5815 = DEFINITIONAL_REPRESENTATION('',(#5816),#5820);
#5816 = LINE('',#5817,#5818);
#5817 = CARTESIAN_POINT('',(3.734376155366,2.6));
#5818 = VECTOR('',#5819,1.);
#5819 = DIRECTION('',(-1.,0.));
#5820 = ( GEOMETRIC_REPRESENTATION_CONTEXT(2) 
PARAMETRIC_REPRESENTATION_CONTEXT() REPRESENTATION_CONTEXT('2D SPACE',''
  ) );
#5821 = ORIENTED_EDGE('',*,*,#5822,.T.);
#5822 = EDGE_CURVE('',#5798,#5659,#5823,.T.);
#5823 = SURFACE_CURVE('',#5824,(#5828,#5834),.PCURVE_S1.);
#5824 = LINE('',#5825,#5826);
#5825 = CARTESIAN_POINT('',(12.90481993154,-299.1158995009,
    252.95921468405));
#5826 = VECTOR('',#5827,1.);
#5827 = DIRECTION('',(-1.773885772747E-11,-0.619902500724,0.784678844876
    ));
#5828 = PCURVE('',#5558,#5829);
#5829 = DEFINITIONAL_REPRESENTATION('',(#5830),#5833);
#5830 = B_SPLINE_CURVE_WITH_KNOTS('',1,(#5831,#5832),.UNSPECIFIED.,.F.,
  .F.,(2,2),(0.,2.25513709157),.PIECEWISE_BEZIER_KNOTS.);
#5831 = CARTESIAN_POINT('',(252.95921468405,299.11589950094));
#5832 = CARTESIAN_POINT('',(254.7287730521,300.51386462348));
#5833 = ( GEOMETRIC_REPRESENTATION_CONTEXT(2) 
PARAMETRIC_REPRESENTATION_CONTEXT() REPRESENTATION_CONTEXT('2D SPACE',''
  ) );
#5834 = PCURVE('',#5835,#5840);
#5835 = PLANE('',#5836);
#5836 = AXIS2_PLACEMENT_3D('',#5837,#5838,#5839);
#5837 = CARTESIAN_POINT('',(15.00481993154,-299.1158995009,
    252.95921468405));
#5838 = DIRECTION('',(-2.240819229605E-11,-0.784678844874,
    -0.619902500727));
#5839 = DIRECTION('',(1.615587133893E-27,0.619902500727,-0.784678844874)
  );
#5840 = DEFINITIONAL_REPRESENTATION('',(#5841),#5844);
#5841 = B_SPLINE_CURVE_WITH_KNOTS('',1,(#5842,#5843),.UNSPECIFIED.,.F.,
  .F.,(2,2),(0.,2.25513709157),.PIECEWISE_BEZIER_KNOTS.);
#5842 = CARTESIAN_POINT('',(3.100852907778E-11,-2.1));
#5843 = CARTESIAN_POINT('',(-2.255137091539,-2.10000000004));
#5844 = ( GEOMETRIC_REPRESENTATION_CONTEXT(2) 
PARAMETRIC_REPRESENTATION_CONTEXT() REPRESENTATION_CONTEXT('2D SPACE',''
  ) );
#5845 = ADVANCED_FACE('',(#5846),#5835,.F.);
#5846 = FACE_BOUND('',#5847,.F.);
#5847 = EDGE_LOOP('',(#5848,#5871,#9037,#9058));
#5848 = ORIENTED_EDGE('',*,*,#5849,.F.);
#5849 = EDGE_CURVE('',#5850,#5798,#5852,.T.);
#5850 = VERTEX_POINT('',#5851);
#5851 = CARTESIAN_POINT('',(15.00481993154,-299.1158995009,
    252.95921468405));
#5852 = SURFACE_CURVE('',#5853,(#5857,#5864),.PCURVE_S1.);
#5853 = LINE('',#5854,#5855);
#5854 = CARTESIAN_POINT('',(15.50481993154,-299.115899501,
    252.95921468405));
#5855 = VECTOR('',#5856,1.);
#5856 = DIRECTION('',(-1.,2.628418675401E-11,-3.064104139678E-16));
#5857 = PCURVE('',#5835,#5858);
#5858 = DEFINITIONAL_REPRESENTATION('',(#5859),#5863);
#5859 = LINE('',#5860,#5861);
#5860 = CARTESIAN_POINT('',(-1.238212514563E-11,0.5));
#5861 = VECTOR('',#5862,1.);
#5862 = DIRECTION('',(1.629387353215E-11,-1.));
#5863 = ( GEOMETRIC_REPRESENTATION_CONTEXT(2) 
PARAMETRIC_REPRESENTATION_CONTEXT() REPRESENTATION_CONTEXT('2D SPACE',''
  ) );
#5864 = PCURVE('',#1065,#5865);
#5865 = DEFINITIONAL_REPRESENTATION('',(#5866),#5870);
#5866 = LINE('',#5867,#5868);
#5867 = CARTESIAN_POINT('',(0.292924291379,-2.600586412882E-12));
#5868 = VECTOR('',#5869,1.);
#5869 = DIRECTION('',(0.,1.));
#5870 = ( GEOMETRIC_REPRESENTATION_CONTEXT(2) 
PARAMETRIC_REPRESENTATION_CONTEXT() REPRESENTATION_CONTEXT('2D SPACE',''
  ) );
#5871 = ORIENTED_EDGE('',*,*,#5872,.T.);
#5872 = EDGE_CURVE('',#5850,#5873,#5875,.T.);
#5873 = VERTEX_POINT('',#5874);
#5874 = CARTESIAN_POINT('',(15.0048199315,-300.5138646235,254.7287730521
    ));
#5875 = SURFACE_CURVE('',#5876,(#5880,#5887),.PCURVE_S1.);
#5876 = LINE('',#5877,#5878);
#5877 = CARTESIAN_POINT('',(15.00481993154,-299.1158995009,
    252.95921468405));
#5878 = VECTOR('',#5879,1.);
#5879 = DIRECTION('',(-1.773255617938E-11,-0.619902500727,0.784678844874
    ));
#5880 = PCURVE('',#5835,#5881);
#5881 = DEFINITIONAL_REPRESENTATION('',(#5882),#5886);
#5882 = LINE('',#5883,#5884);
#5883 = CARTESIAN_POINT('',(0.,0.));
#5884 = VECTOR('',#5885,1.);
#5885 = DIRECTION('',(-1.,-1.773255617938E-11));
#5886 = ( GEOMETRIC_REPRESENTATION_CONTEXT(2) 
PARAMETRIC_REPRESENTATION_CONTEXT() REPRESENTATION_CONTEXT('2D SPACE',''
  ) );
#5887 = PCURVE('',#5888,#9025);
#5888 = B_SPLINE_SURFACE_WITH_KNOTS('',10,10,(
    (#5889,#5890,#5891,#5892,#5893,#5894,#5895,#5896,#5897,#5898,#5899
      ,#5900,#5901,#5902,#5903,#5904,#5905,#5906,#5907,#5908,#5909,#5910
      ,#5911,#5912,#5913,#5914,#5915,#5916,#5917,#5918,#5919,#5920,#5921
      ,#5922,#5923,#5924,#5925,#5926,#5927,#5928,#5929,#5930,#5931,#5932
      ,#5933,#5934,#5935,#5936,#5937,#5938,#5939,#5940,#5941,#5942,#5943
      ,#5944)
    ,(#5945,#5946,#5947,#5948,#5949,#5950,#5951,#5952,#5953,#5954,#5955
      ,#5956,#5957,#5958,#5959,#5960,#5961,#5962,#5963,#5964,#5965,#5966
      ,#5967,#5968,#5969,#5970,#5971,#5972,#5973,#5974,#5975,#5976,#5977
      ,#5978,#5979,#5980,#5981,#5982,#5983,#5984,#5985,#5986,#5987,#5988
      ,#5989,#5990,#5991,#5992,#5993,#5994,#5995,#5996,#5997,#5998,#5999
      ,#6000)
    ,(#6001,#6002,#6003,#6004,#6005,#6006,#6007,#6008,#6009,#6010,#6011
      ,#6012,#6013,#6014,#6015,#6016,#6017,#6018,#6019,#6020,#6021,#6022
      ,#6023,#6024,#6025,#6026,#6027,#6028,#6029,#6030,#6031,#6032,#6033
      ,#6034,#6035,#6036,#6037,#6038,#6039,#6040,#6041,#6042,#6043,#6044
      ,#6045,#6046,#6047,#6048,#6049,#6050,#6051,#6052,#6053,#6054,#6055
      ,#6056)
    ,(#6057,#6058,#6059,#6060,#6061,#6062,#6063,#6064,#6065,#6066,#6067
      ,#6068,#6069,#6070,#6071,#6072,#6073,#6074,#6075,#6076,#6077,#6078
      ,#6079,#6080,#6081,#6082,#6083,#6084,#6085,#6086,#6087,#6088,#6089
      ,#6090,#6091,#6092,#6093,#6094,#6095,#6096,#6097,#6098,#6099,#6100
      ,#6101,#6102,#6103,#6104,#6105,#6106,#6107,#6108,#6109,#6110,#6111
      ,#6112)
    ,(#6113,#6114,#6115,#6116,#6117,#6118,#6119,#6120,#6121,#6122,#6123
      ,#6124,#6125,#6126,#6127,#6128,#6129,#6130,#6131,#6132,#6133,#6134
      ,#6135,#6136,#6137,#6138,#6139,#6140,#6141,#6142,#6143,#6144,#6145
      ,#6146,#6147,#6148,#6149,#6150,#6151,#6152,#6153,#6154,#6155,#6156
      ,#6157,#6158,#6159,#6160,#6161,#6162,#6163,#6164,#6165,#6166,#6167
      ,#6168)
    ,(#6169,#6170,#6171,#6172,#6173,#6174,#6175,#6176,#6177,#6178,#6179
      ,#6180,#6181,#6182,#6183,#6184,#6185,#6186,#6187,#6188,#6189,#6190
      ,#6191,#6192,#6193,#6194,#6195,#6196,#6197,#6198,#6199,#6200,#6201
      ,#6202,#6203,#6204,#6205,#6206,#6207,#6208,#6209,#6210,#6211,#6212
      ,#6213,#6214,#6215,#6216,#6217,#6218,#6219,#6220,#6221,#6222,#6223
      ,#6224)
    ,(#6225,#6226,#6227,#6228,#6229,#6230,#6231,#6232,#6233,#6234,#6235
      ,#6236,#6237,#6238,#6239,#6240,#6241,#6242,#6243,#6244,#6245,#6246
      ,#6247,#6248,#6249,#6250,#6251,#6252,#6253,#6254,#6255,#6256,#6257
      ,#6258,#6259,#6260,#6261,#6262,#6263,#6264,#6265,#6266,#6267,#6268
      ,#6269,#6270,#6271,#6272,#6273,#6274,#6275,#6276,#6277,#6278,#6279
      ,#6280)
    ,(#6281,#6282,#6283,#6284,#6285,#6286,#6287,#6288,#6289,#6290,#6291
      ,#6292,#6293,#6294,#6295,#6296,#6297,#6298,#6299,#6300,#6301,#6302
      ,#6303,#6304,#6305,#6306,#6307,#6308,#6309,#6310,#6311,#6312,#6313
      ,#6314,#6315,#6316,#6317,#6318,#6319,#6320,#6321,#6322,#6323,#6324
      ,#6325,#6326,#6327,#6328,#6329,#6330,#6331,#6332,#6333,#6334,#6335
      ,#6336)
    ,(#6337,#6338,#6339,#6340,#6341,#6342,#6343,#6344,#6345,#6346,#6347
      ,#6348,#6349,#6350,#6351,#6352,#6353,#6354,#6355,#6356,#6357,#6358
      ,#6359,#6360,#6361,#6362,#6363,#6364,#6365,#6366,#6367,#6368,#6369
      ,#6370,#6371,#6372,#6373,#6374,#6375,#6376,#6377,#6378,#6379,#6380
      ,#6381,#6382,#6383,#6384,#6385,#6386,#6387,#6388,#6389,#6390,#6391
      ,#6392)
    ,(#6393,#6394,#6395,#6396,#6397,#6398,#6399,#6400,#6401,#6402,#6403
      ,#6404,#6405,#6406,#6407,#6408,#6409,#6410,#6411,#6412,#6413,#6414
      ,#6415,#6416,#6417,#6418,#6419,#6420,#6421,#6422,#6423,#6424,#6425
      ,#6426,#6427,#6428,#6429,#6430,#6431,#6432,#6433,#6434,#6435,#6436
      ,#6437,#6438,#6439,#6440,#6441,#6442,#6443,#6444,#6445,#6446,#6447
      ,#6448)
    ,(#6449,#6450,#6451,#6452,#6453,#6454,#6455,#6456,#6457,#6458,#6459
      ,#6460,#6461,#6462,#6463,#6464,#6465,#6466,#6467,#6468,#6469,#6470
      ,#6471,#6472,#6473,#6474,#6475,#6476,#6477,#6478,#6479,#6480,#6481
      ,#6482,#6483,#6484,#6485,#6486,#6487,#6488,#6489,#6490,#6491,#6492
      ,#6493,#6494,#6495,#6496,#6497,#6498,#6499,#6500,#6501,#6502,#6503
      ,#6504)
    ,(#6505,#6506,#6507,#6508,#6509,#6510,#6511,#6512,#6513,#6514,#6515
      ,#6516,#6517,#6518,#6519,#6520,#6521,#6522,#6523,#6524,#6525,#6526
      ,#6527,#6528,#6529,#6530,#6531,#6532,#6533,#6534,#6535,#6536,#6537
      ,#6538,#6539,#6540,#6541,#6542,#6543,#6544,#6545,#6546,#6547,#6548
      ,#6549,#6550,#6551,#6552,#6553,#6554,#6555,#6556,#6557,#6558,#6559
      ,#6560)
    ,(#6561,#6562,#6563,#6564,#6565,#6566,#6567,#6568,#6569,#6570,#6571
      ,#6572,#6573,#6574,#6575,#6576,#6577,#6578,#6579,#6580,#6581,#6582
      ,#6583,#6584,#6585,#6586,#6587,#6588,#6589,#6590,#6591,#6592,#6593
      ,#6594,#6595,#6596,#6597,#6598,#6599,#6600,#6601,#6602,#6603,#6604
      ,#6605,#6606,#6607,#6608,#6609,#6610,#6611,#6612,#6613,#6614,#6615
      ,#6616)
    ,(#6617,#6618,#6619,#6620,#6621,#6622,#6623,#6624,#6625,#6626,#6627
      ,#6628,#6629,#6630,#6631,#6632,#6633,#6634,#6635,#6636,#6637,#6638
      ,#6639,#6640,#6641,#6642,#6643,#6644,#6645,#6646,#6647,#6648,#6649
      ,#6650,#6651,#6652,#6653,#6654,#6655,#6656,#6657,#6658,#6659,#6660
      ,#6661,#6662,#6663,#6664,#6665,#6666,#6667,#6668,#6669,#6670,#6671
      ,#6672)
    ,(#6673,#6674,#6675,#6676,#6677,#6678,#6679,#6680,#6681,#6682,#6683
      ,#6684,#6685,#6686,#6687,#6688,#6689,#6690,#6691,#6692,#6693,#6694
      ,#6695,#6696,#6697,#6698,#6699,#6700,#6701,#6702,#6703,#6704,#6705
      ,#6706,#6707,#6708,#6709,#6710,#6711,#6712,#6713,#6714,#6715,#6716
      ,#6717,#6718,#6719,#6720,#6721,#6722,#6723,#6724,#6725,#6726,#6727
      ,#6728)
    ,(#6729,#6730,#6731,#6732,#6733,#6734,#6735,#6736,#6737,#6738,#6739
      ,#6740,#6741,#6742,#6743,#6744,#6745,#6746,#6747,#6748,#6749,#6750
      ,#6751,#6752,#6753,#6754,#6755,#6756,#6757,#6758,#6759,#6760,#6761
      ,#6762,#6763,#6764,#6765,#6766,#6767,#6768,#6769,#6770,#6771,#6772
      ,#6773,#6774,#6775,#6776,#6777,#6778,#6779,#6780,#6781,#6782,#6783
      ,#6784)
    ,(#6785,#6786,#6787,#6788,#6789,#6790,#6791,#6792,#6793,#6794,#6795
      ,#6796,#6797,#6798,#6799,#6800,#6801,#6802,#6803,#6804,#6805,#6806
      ,#6807,#6808,#6809,#6810,#6811,#6812,#6813,#6814,#6815,#6816,#6817
      ,#6818,#6819,#6820,#6821,#6822,#6823,#6824,#6825,#6826,#6827,#6828
      ,#6829,#6830,#6831,#6832,#6833,#6834,#6835,#6836,#6837,#6838,#6839
      ,#6840)
    ,(#6841,#6842,#6843,#6844,#6845,#6846,#6847,#6848,#6849,#6850,#6851
      ,#6852,#6853,#6854,#6855,#6856,#6857,#6858,#6859,#6860,#6861,#6862
      ,#6863,#6864,#6865,#6866,#6867,#6868,#6869,#6870,#6871,#6872,#6873
      ,#6874,#6875,#6876,#6877,#6878,#6879,#6880,#6881,#6882,#6883,#6884
      ,#6885,#6886,#6887,#6888,#6889,#6890,#6891,#6892,#6893,#6894,#6895
      ,#6896)
    ,(#6897,#6898,#6899,#6900,#6901,#6902,#6903,#6904,#6905,#6906,#6907
      ,#6908,#6909,#6910,#6911,#6912,#6913,#6914,#6915,#6916,#6917,#6918
      ,#6919,#6920,#6921,#6922,#6923,#6924,#6925,#6926,#6927,#6928,#6929
      ,#6930,#6931,#6932,#6933,#6934,#6935,#6936,#6937,#6938,#6939,#6940
      ,#6941,#6942,#6943,#6944,#6945,#6946,#6947,#6948,#6949,#6950,#6951
      ,#6952)
    ,(#6953,#6954,#6955,#6956,#6957,#6958,#6959,#6960,#6961,#6962,#6963
      ,#6964,#6965,#6966,#6967,#6968,#6969,#6970,#6971,#6972,#6973,#6974
      ,#6975,#6976,#6977,#6978,#6979,#6980,#6981,#6982,#6983,#6984,#6985
      ,#6986,#6987,#6988,#6989,#6990,#6991,#6992,#6993,#6994,#6995,#6996
      ,#6997,#6998,#6999,#7000,#7001,#7002,#7003,#7004,#7005,#7006,#7007
      ,#7008)
    ,(#7009,#7010,#7011,#7012,#7013,#7014,#7015,#7016,#7017,#7018,#7019
      ,#7020,#7021,#7022,#7023,#7024,#7025,#7026,#7027,#7028,#7029,#7030
      ,#7031,#7032,#7033,#7034,#7035,#7036,#7037,#7038,#7039,#7040,#7041
      ,#7042,#7043,#7044,#7045,#7046,#7047,#7048,#7049,#7050,#7051,#7052
      ,#7053,#7054,#7055,#7056,#7057,#7058,#7059,#7060,#7061,#7062,#7063
      ,#7064)
    ,(#7065,#7066,#7067,#7068,#7069,#7070,#7071,#7072,#7073,#7074,#7075
      ,#7076,#7077,#7078,#7079,#7080,#7081,#7082,#7083,#7084,#7085,#7086
      ,#7087,#7088,#7089,#7090,#7091,#7092,#7093,#7094,#7095,#7096,#7097
      ,#7098,#7099,#7100,#7101,#7102,#7103,#7104,#7105,#7106,#7107,#7108
      ,#7109,#7110,#7111,#7112,#7113,#7114,#7115,#7116,#7117,#7118,#7119
      ,#7120)
    ,(#7121,#7122,#7123,#7124,#7125,#7126,#7127,#7128,#7129,#7130,#7131
      ,#7132,#7133,#7134,#7135,#7136,#7137,#7138,#7139,#7140,#7141,#7142
      ,#7143,#7144,#7145,#7146,#7147,#7148,#7149,#7150,#7151,#7152,#7153
      ,#7154,#7155,#7156,#7157,#7158,#7159,#7160,#7161,#7162,#7163,#7164
      ,#7165,#7166,#7167,#7168,#7169,#7170,#7171,#7172,#7173,#7174,#7175
      ,#7176)
    ,(#7177,#7178,#7179,#7180,#7181,#7182,#7183,#7184,#7185,#7186,#7187
      ,#7188,#7189,#7190,#7191,#7192,#7193,#7194,#7195,#7196,#7197,#7198
      ,#7199,#7200,#7201,#7202,#7203,#7204,#7205,#7206,#7207,#7208,#7209
      ,#7210,#7211,#7212,#7213,#7214,#7215,#7216,#7217,#7218,#7219,#7220
      ,#7221,#7222,#7223,#7224,#7225,#7226,#7227,#7228,#7229,#7230,#7231
      ,#7232)
    ,(#7233,#7234,#7235,#7236,#7237,#7238,#7239,#7240,#7241,#7242,#7243
      ,#7244,#7245,#7246,#7247,#7248,#7249,#7250,#7251,#7252,#7253,#7254
      ,#7255,#7256,#7257,#7258,#7259,#7260,#7261,#7262,#7263,#7264,#7265
      ,#7266,#7267,#7268,#7269,#7270,#7271,#7272,#7273,#7274,#7275,#7276
      ,#7277,#7278,#7279,#7280,#7281,#7282,#7283,#7284,#7285,#7286,#7287
      ,#7288)
    ,(#7289,#7290,#7291,#7292,#7293,#7294,#7295,#7296,#7297,#7298,#7299
      ,#7300,#7301,#7302,#7303,#7304,#7305,#7306,#7307,#7308,#7309,#7310
      ,#7311,#7312,#7313,#7314,#7315,#7316,#7317,#7318,#7319,#7320,#7321
      ,#7322,#7323,#7324,#7325,#7326,#7327,#7328,#7329,#7330,#7331,#7332
      ,#7333,#7334,#7335,#7336,#7337,#7338,#7339,#7340,#7341,#7342,#7343
      ,#7344)
    ,(#7345,#7346,#7347,#7348,#7349,#7350,#7351,#7352,#7353,#7354,#7355
      ,#7356,#7357,#7358,#7359,#7360,#7361,#7362,#7363,#7364,#7365,#7366
      ,#7367,#7368,#7369,#7370,#7371,#7372,#7373,#7374,#7375,#7376,#7377
      ,#7378,#7379,#7380,#7381,#7382,#7383,#7384,#7385,#7386,#7387,#7388
      ,#7389,#7390,#7391,#7392,#7393,#7394,#7395,#7396,#7397,#7398,#7399
      ,#7400)
    ,(#7401,#7402,#7403,#7404,#7405,#7406,#7407,#7408,#7409,#7410,#7411
      ,#7412,#7413,#7414,#7415,#7416,#7417,#7418,#7419,#7420,#7421,#7422
      ,#7423,#7424,#7425,#7426,#7427,#7428,#7429,#7430,#7431,#7432,#7433
      ,#7434,#7435,#7436,#7437,#7438,#7439,#7440,#7441,#7442,#7443,#7444
      ,#7445,#7446,#7447,#7448,#7449,#7450,#7451,#7452,#7453,#7454,#7455
      ,#7456)
    ,(#7457,#7458,#7459,#7460,#7461,#7462,#7463,#7464,#7465,#7466,#7467
      ,#7468,#7469,#7470,#7471,#7472,#7473,#7474,#7475,#7476,#7477,#7478
      ,#7479,#7480,#7481,#7482,#7483,#7484,#7485,#7486,#7487,#7488,#7489
      ,#7490,#7491,#7492,#7493,#7494,#7495,#7496,#7497,#7498,#7499,#7500
      ,#7501,#7502,#7503,#7504,#7505,#7506,#7507,#7508,#7509,#7510,#7511
      ,#7512)
    ,(#7513,#7514,#7515,#7516,#7517,#7518,#7519,#7520,#7521,#7522,#7523
      ,#7524,#7525,#7526,#7527,#7528,#7529,#7530,#7531,#7532,#7533,#7534
      ,#7535,#7536,#7537,#7538,#7539,#7540,#7541,#7542,#7543,#7544,#7545
      ,#7546,#7547,#7548,#7549,#7550,#7551,#7552,#7553,#7554,#7555,#7556
      ,#7557,#7558,#7559,#7560,#7561,#7562,#7563,#7564,#7565,#7566,#7567
      ,#7568)
    ,(#7569,#7570,#7571,#7572,#7573,#7574,#7575,#7576,#7577,#7578,#7579
      ,#7580,#7581,#7582,#7583,#7584,#7585,#7586,#7587,#7588,#7589,#7590
      ,#7591,#7592,#7593,#7594,#7595,#7596,#7597,#7598,#7599,#7600,#7601
      ,#7602,#7603,#7604,#7605,#7606,#7607,#7608,#7609,#7610,#7611,#7612
      ,#7613,#7614,#7615,#7616,#7617,#7618,#7619,#7620,#7621,#7622,#7623
      ,#7624)
    ,(#7625,#7626,#7627,#7628,#7629,#7630,#7631,#7632,#7633,#7634,#7635
      ,#7636,#7637,#7638,#7639,#7640,#7641,#7642,#7643,#7644,#7645,#7646
      ,#7647,#7648,#7649,#7650,#7651,#7652,#7653,#7654,#7655,#7656,#7657
      ,#7658,#7659,#7660,#7661,#7662,#7663,#7664,#7665,#7666,#7667,#7668
      ,#7669,#7670,#7671,#7672,#7673,#7674,#7675,#7676,#7677,#7678,#7679
      ,#7680)
    ,(#7681,#7682,#7683,#7684,#7685,#7686,#7687,#7688,#7689,#7690,#7691
      ,#7692,#7693,#7694,#7695,#7696,#7697,#7698,#7699,#7700,#7701,#7702
      ,#7703,#7704,#7705,#7706,#7707,#7708,#7709,#7710,#7711,#7712,#7713
      ,#7714,#7715,#7716,#7717,#7718,#7719,#7720,#7721,#7722,#7723,#7724
      ,#7725,#7726,#7727,#7728,#7729,#7730,#7731,#7732,#7733,#7734,#7735
      ,#7736)
    ,(#7737,#7738,#7739,#7740,#7741,#7742,#7743,#7744,#7745,#7746,#7747
      ,#7748,#7749,#7750,#7751,#7752,#7753,#7754,#7755,#7756,#7757,#7758
      ,#7759,#7760,#7761,#7762,#7763,#7764,#7765,#7766,#7767,#7768,#7769
      ,#7770,#7771,#7772,#7773,#7774,#7775,#7776,#7777,#7778,#7779,#7780
      ,#7781,#7782,#7783,#7784,#7785,#7786,#7787,#7788,#7789,#7790,#7791
      ,#7792)
    ,(#7793,#7794,#7795,#7796,#7797,#7798,#7799,#7800,#7801,#7802,#7803
      ,#7804,#7805,#7806,#7807,#7808,#7809,#7810,#7811,#7812,#7813,#7814
      ,#7815,#7816,#7817,#7818,#7819,#7820,#7821,#7822,#7823,#7824,#7825
      ,#7826,#7827,#7828,#7829,#7830,#7831,#7832,#7833,#7834,#7835,#7836
      ,#7837,#7838,#7839,#7840,#7841,#7842,#7843,#7844,#7845,#7846,#7847
      ,#7848)
    ,(#7849,#7850,#7851,#7852,#7853,#7854,#7855,#7856,#7857,#7858,#7859
      ,#7860,#7861,#7862,#7863,#7864,#7865,#7866,#7867,#7868,#7869,#7870
      ,#7871,#7872,#7873,#7874,#7875,#7876,#7877,#7878,#7879,#7880,#7881
      ,#7882,#7883,#7884,#7885,#7886,#7887,#7888,#7889,#7890,#7891,#7892
      ,#7893,#7894,#7895,#7896,#7897,#7898,#7899,#7900,#7901,#7902,#7903
      ,#7904)
    ,(#7905,#7906,#7907,#7908,#7909,#7910,#7911,#7912,#7913,#7914,#7915
      ,#7916,#7917,#7918,#7919,#7920,#7921,#7922,#7923,#7924,#7925,#7926
      ,#7927,#7928,#7929,#7930,#7931,#7932,#7933,#7934,#7935,#7936,#7937
      ,#7938,#7939,#7940,#7941,#7942,#7943,#7944,#7945,#7946,#7947,#7948
      ,#7949,#7950,#7951,#7952,#7953,#7954,#7955,#7956,#7957,#7958,#7959
      ,#7960)
    ,(#7961,#7962,#7963,#7964,#7965,#7966,#7967,#7968,#7969,#7970,#7971
      ,#7972,#7973,#7974,#7975,#7976,#7977,#7978,#7979,#7980,#7981,#7982
      ,#7983,#7984,#7985,#7986,#7987,#7988,#7989,#7990,#7991,#7992,#7993
      ,#7994,#7995,#7996,#7997,#7998,#7999,#8000,#8001,#8002,#8003,#8004
      ,#8005,#8006,#8007,#8008,#8009,#8010,#8011,#8012,#8013,#8014,#8015
      ,#8016)
    ,(#8017,#8018,#8019,#8020,#8021,#8022,#8023,#8024,#8025,#8026,#8027
      ,#8028,#8029,#8030,#8031,#8032,#8033,#8034,#8035,#8036,#8037,#8038
      ,#8039,#8040,#8041,#8042,#8043,#8044,#8045,#8046,#8047,#8048,#8049
      ,#8050,#8051,#8052,#8053,#8054,#8055,#8056,#8057,#8058,#8059,#8060
      ,#8061,#8062,#8063,#8064,#8065,#8066,#8067,#8068,#8069,#8070,#8071
      ,#8072)
    ,(#8073,#8074,#8075,#8076,#8077,#8078,#8079,#8080,#8081,#8082,#8083
      ,#8084,#8085,#8086,#8087,#8088,#8089,#8090,#8091,#8092,#8093,#8094
      ,#8095,#8096,#8097,#8098,#8099,#8100,#8101,#8102,#8103,#8104,#8105
      ,#8106,#8107,#8108,#8109,#8110,#8111,#8112,#8113,#8114,#8115,#8116
      ,#8117,#8118,#8119,#8120,#8121,#8122,#8123,#8124,#8125,#8126,#8127
      ,#8128)
    ,(#8129,#8130,#8131,#8132,#8133,#8134,#8135,#8136,#8137,#8138,#8139
      ,#8140,#8141,#8142,#8143,#8144,#8145,#8146,#8147,#8148,#8149,#8150
      ,#8151,#8152,#8153,#8154,#8155,#8156,#8157,#8158,#8159,#8160,#8161
      ,#8162,#8163,#8164,#8165,#8166,#8167,#8168,#8169,#8170,#8171,#8172
      ,#8173,#8174,#8175,#8176,#8177,#8178,#8179,#8180,#8181,#8182,#8183
      ,#8184)
    ,(#8185,#8186,#8187,#8188,#8189,#8190,#8191,#8192,#8193,#8194,#8195
      ,#8196,#8197,#8198,#8199,#8200,#8201,#8202,#8203,#8204,#8205,#8206
      ,#8207,#8208,#8209,#8210,#8211,#8212,#8213,#8214,#8215,#8216,#8217
      ,#8218,#8219,#8220,#8221,#8222,#8223,#8224,#8225,#8226,#8227,#8228
      ,#8229,#8230,#8231,#8232,#8233,#8234,#8235,#8236,#8237,#8238,#8239
      ,#8240)
    ,(#8241,#8242,#8243,#8244,#8245,#8246,#8247,#8248,#8249,#8250,#8251
      ,#8252,#8253,#8254,#8255,#8256,#8257,#8258,#8259,#8260,#8261,#8262
      ,#8263,#8264,#8265,#8266,#8267,#8268,#8269,#8270,#8271,#8272,#8273
      ,#8274,#8275,#8276,#8277,#8278,#8279,#8280,#8281,#8282,#8283,#8284
      ,#8285,#8286,#8287,#8288,#8289,#8290,#8291,#8292,#8293,#8294,#8295
      ,#8296)
    ,(#8297,#8298,#8299,#8300,#8301,#8302,#8303,#8304,#8305,#8306,#8307
      ,#8308,#8309,#8310,#8311,#8312,#8313,#8314,#8315,#8316,#8317,#8318
      ,#8319,#8320,#8321,#8322,#8323,#8324,#8325,#8326,#8327,#8328,#8329
      ,#8330,#8331,#8332,#8333,#8334,#8335,#8336,#8337,#8338,#8339,#8340
      ,#8341,#8342,#8343,#8344,#8345,#8346,#8347,#8348,#8349,#8350,#8351
      ,#8352)
    ,(#8353,#8354,#8355,#8356,#8357,#8358,#8359,#8360,#8361,#8362,#8363
      ,#8364,#8365,#8366,#8367,#8368,#8369,#8370,#8371,#8372,#8373,#8374
      ,#8375,#8376,#8377,#8378,#8379,#8380,#8381,#8382,#8383,#8384,#8385
      ,#8386,#8387,#8388,#8389,#8390,#8391,#8392,#8393,#8394,#8395,#8396
      ,#8397,#8398,#8399,#8400,#8401,#8402,#8403,#8404,#8405,#8406,#8407
      ,#8408)
    ,(#8409,#8410,#8411,#8412,#8413,#8414,#8415,#8416,#8417,#8418,#8419
      ,#8420,#8421,#8422,#8423,#8424,#8425,#8426,#8427,#8428,#8429,#8430
      ,#8431,#8432,#8433,#8434,#8435,#8436,#8437,#8438,#8439,#8440,#8441
      ,#8442,#8443,#8444,#8445,#8446,#8447,#8448,#8449,#8450,#8451,#8452
      ,#8453,#8454,#8455,#8456,#8457,#8458,#8459,#8460,#8461,#8462,#8463
      ,#8464)
    ,(#8465,#8466,#8467,#8468,#8469,#8470,#8471,#8472,#8473,#8474,#8475
      ,#8476,#8477,#8478,#8479,#8480,#8481,#8482,#8483,#8484,#8485,#8486
      ,#8487,#8488,#8489,#8490,#8491,#8492,#8493,#8494,#8495,#8496,#8497
      ,#8498,#8499,#8500,#8501,#8502,#8503,#8504,#8505,#8506,#8507,#8508
      ,#8509,#8510,#8511,#8512,#8513,#8514,#8515,#8516,#8517,#8518,#8519
      ,#8520)
    ,(#8521,#8522,#8523,#8524,#8525,#8526,#8527,#8528,#8529,#8530,#8531
      ,#8532,#8533,#8534,#8535,#8536,#8537,#8538,#8539,#8540,#8541,#8542
      ,#8543,#8544,#8545,#8546,#8547,#8548,#8549,#8550,#8551,#8552,#8553
      ,#8554,#8555,#8556,#8557,#8558,#8559,#8560,#8561,#8562,#8563,#8564
      ,#8565,#8566,#8567,#8568,#8569,#8570,#8571,#8572,#8573,#8574,#8575
      ,#8576)
    ,(#8577,#8578,#8579,#8580,#8581,#8582,#8583,#8584,#8585,#8586,#8587
      ,#8588,#8589,#8590,#8591,#8592,#8593,#8594,#8595,#8596,#8597,#8598
      ,#8599,#8600,#8601,#8602,#8603,#8604,#8605,#8606,#8607,#8608,#8609
      ,#8610,#8611,#8612,#8613,#8614,#8615,#8616,#8617,#8618,#8619,#8620
      ,#8621,#8622,#8623,#8624,#8625,#8626,#8627,#8628,#8629,#8630,#8631
      ,#8632)
    ,(#8633,#8634,#8635,#8636,#8637,#8638,#8639,#8640,#8641,#8642,#8643
      ,#8644,#8645,#8646,#8647,#8648,#8649,#8650,#8651,#8652,#8653,#8654
      ,#8655,#8656,#8657,#8658,#8659,#8660,#8661,#8662,#8663,#8664,#8665
      ,#8666,#8667,#8668,#8669,#8670,#8671,#8672,#8673,#8674,#8675,#8676
      ,#8677,#8678,#8679,#8680,#8681,#8682,#8683,#8684,#8685,#8686,#8687
      ,#8688)
    ,(#8689,#8690,#8691,#8692,#8693,#8694,#8695,#8696,#8697,#8698,#8699
      ,#8700,#8701,#8702,#8703,#8704,#8705,#8706,#8707,#8708,#8709,#8710
      ,#8711,#8712,#8713,#8714,#8715,#8716,#8717,#8718,#8719,#8720,#8721
      ,#8722,#8723,#8724,#8725,#8726,#8727,#8728,#8729,#8730,#8731,#8732
      ,#8733,#8734,#8735,#8736,#8737,#8738,#8739,#8740,#8741,#8742,#8743
      ,#8744)
    ,(#8745,#8746,#8747,#8748,#8749,#8750,#8751,#8752,#8753,#8754,#8755
      ,#8756,#8757,#8758,#8759,#8760,#8761,#8762,#8763,#8764,#8765,#8766
      ,#8767,#8768,#8769,#8770,#8771,#8772,#8773,#8774,#8775,#8776,#8777
      ,#8778,#8779,#8780,#8781,#8782,#8783,#8784,#8785,#8786,#8787,#8788
      ,#8789,#8790,#8791,#8792,#8793,#8794,#8795,#8796,#8797,#8798,#8799
      ,#8800)
    ,(#8801,#8802,#8803,#8804,#8805,#8806,#8807,#8808,#8809,#8810,#8811
      ,#8812,#8813,#8814,#8815,#8816,#8817,#8818,#8819,#8820,#8821,#8822
      ,#8823,#8824,#8825,#8826,#8827,#8828,#8829,#8830,#8831,#8832,#8833
      ,#8834,#8835,#8836,#8837,#8838,#8839,#8840,#8841,#8842,#8843,#8844
      ,#8845,#8846,#8847,#8848,#8849,#8850,#8851,#8852,#8853,#8854,#8855
      ,#8856)
    ,(#8857,#8858,#8859,#8860,#8861,#8862,#8863,#8864,#8865,#8866,#8867
      ,#8868,#8869,#8870,#8871,#8872,#8873,#8874,#8875,#8876,#8877,#8878
      ,#8879,#8880,#8881,#8882,#8883,#8884,#8885,#8886,#8887,#8888,#8889
      ,#8890,#8891,#8892,#8893,#8894,#8895,#8896,#8897,#8898,#8899,#8900
      ,#8901,#8902,#8903,#8904,#8905,#8906,#8907,#8908,#8909,#8910,#8911
      ,#8912)
    ,(#8913,#8914,#8915,#8916,#8917,#8918,#8919,#8920,#8921,#8922,#8923
      ,#8924,#8925,#8926,#8927,#8928,#8929,#8930,#8931,#8932,#8933,#8934
      ,#8935,#8936,#8937,#8938,#8939,#8940,#8941,#8942,#8943,#8944,#8945
      ,#8946,#8947,#8948,#8949,#8950,#8951,#8952,#8953,#8954,#8955,#8956
      ,#8957,#8958,#8959,#8960,#8961,#8962,#8963,#8964,#8965,#8966,#8967
      ,#8968)
    ,(#8969,#8970,#8971,#8972,#8973,#8974,#8975,#8976,#8977,#8978,#8979
      ,#8980,#8981,#8982,#8983,#8984,#8985,#8986,#8987,#8988,#8989,#8990
      ,#8991,#8992,#8993,#8994,#8995,#8996,#8997,#8998,#8999,#9000,#9001
      ,#9002,#9003,#9004,#9005,#9006,#9007,#9008,#9009,#9010,#9011,#9012
      ,#9013,#9014,#9015,#9016,#9017,#9018,#9019,#9020,#9021,#9022,#9023
      ,#9024
    )),.UNSPECIFIED.,.F.,.F.,.F.,(11,9,9,9,9,9,11),(11,9,9,9,9,9,11),(
    -1.405848456314,-0.933311271661,-0.460774087007,1.176309764656E-02,
    0.4843002823,0.956837466954,1.429374651607),(-0.411203046475,
    -0.254767365338,-9.833168420159E-02,5.810399693523E-02,
    0.214539678072,0.370975359209,0.527411040346),.UNSPECIFIED.);
#5889 = CARTESIAN_POINT('',(15.713079929647,-299.3338899081,
    252.28559051579));
#5890 = CARTESIAN_POINT('',(15.703838170216,-299.3236048195,
    252.29298162951));
#5891 = CARTESIAN_POINT('',(15.694543112778,-299.3133543633,
    252.30034442784));
#5892 = CARTESIAN_POINT('',(15.685190010266,-299.3031416226,
    252.30767639065));
#5893 = CARTESIAN_POINT('',(15.675774976056,-299.2929691237,
    252.31497545253));
#5894 = CARTESIAN_POINT('',(15.666295327938,-299.2828386108,
    252.32224018578));
#5895 = CARTESIAN_POINT('',(15.656749932214,-299.2727508241,
    252.32946998454));
#5896 = CARTESIAN_POINT('',(15.647139547632,-299.2627052732,
    252.33666524732));
#5897 = CARTESIAN_POINT('',(15.63746716949,-299.2527000153,
    252.34382756128));
#5898 = CARTESIAN_POINT('',(15.627738373601,-299.2427314298,
    252.35095988504));
#5899 = CARTESIAN_POINT('',(15.608184947092,-299.2228565597,
    252.36517357978));
#5900 = CARTESIAN_POINT('',(15.598358156368,-299.2129516775,
    252.37225380496));
#5901 = CARTESIAN_POINT('',(15.588497188809,-299.2030690216,
    252.37931584766));
#5902 = CARTESIAN_POINT('',(15.578616124786,-299.1931994288,
    252.38636720937));
#5903 = CARTESIAN_POINT('',(15.568645633869,-299.1833879531,
    252.3933710444));
#5904 = CARTESIAN_POINT('',(15.558785338534,-299.1735048833,
    252.40043341801));
#5905 = CARTESIAN_POINT('',(15.548941473822,-299.1636111035,
    252.40750457202));
#5906 = CARTESIAN_POINT('',(15.538664894383,-299.1539984113,
    252.41434593048));
#5907 = CARTESIAN_POINT('',(15.528280806337,-299.1444555365,
    252.42113022408));
#5908 = CARTESIAN_POINT('',(15.50710028286,-299.1256376157,
    252.4344798731));
#5909 = CARTESIAN_POINT('',(15.496318663841,-299.1163529444,
    252.44105309772));
#5910 = CARTESIAN_POINT('',(15.485353452282,-299.1071875185,
    252.44752884627));
#5911 = CARTESIAN_POINT('',(15.474210156116,-299.0981377593,
    252.45391004304));
#5912 = CARTESIAN_POINT('',(15.462892523116,-299.0892012336,
    252.46019867939));
#5913 = CARTESIAN_POINT('',(15.451403037079,-299.0803763263,
    252.46639607282));
#5914 = CARTESIAN_POINT('',(15.439743414624,-299.0716619241,
    252.47250313619));
#5915 = CARTESIAN_POINT('',(15.427915101337,-299.0630570867,
    252.47852063598));
#5916 = CARTESIAN_POINT('',(15.41591976848,-299.0545607294,
    252.48444946015));
#5917 = CARTESIAN_POINT('',(15.391599850126,-299.0377818654,
    252.49613229821));
#5918 = CARTESIAN_POINT('',(15.379275399754,-299.0294992711,
    252.50188638394));
#5919 = CARTESIAN_POINT('',(15.366787793153,-299.0213226471,
    252.50755384492));
#5920 = CARTESIAN_POINT('',(15.354138868544,-299.0132508001,
    252.51313565753));
#5921 = CARTESIAN_POINT('',(15.341330967275,-299.0052822085,
    252.51863306417));
#5922 = CARTESIAN_POINT('',(15.328366934022,-298.9974150259,
    252.52404757592));
#5923 = CARTESIAN_POINT('',(15.315250116545,-298.9896470767,
    252.52938096947));
#5924 = CARTESIAN_POINT('',(15.301984365922,-298.9819758605,
    252.5346352899));
#5925 = CARTESIAN_POINT('',(15.288574036372,-298.9743985489,
    252.53981284873));
#5926 = CARTESIAN_POINT('',(15.261473934341,-298.9594254253,
    252.55001960116));
#5927 = CARTESIAN_POINT('',(15.247784559055,-298.9520293554,
    252.55504900568));
#5928 = CARTESIAN_POINT('',(15.233961382335,-298.94472019,
    252.56000737057));
#5929 = CARTESIAN_POINT('',(15.220010827312,-298.9374937578,
    252.56489810639));
#5930 = CARTESIAN_POINT('',(15.205940570716,-298.930345072,
    252.56972528837));
#5931 = CARTESIAN_POINT('',(15.191759896395,-298.9232681037,
    252.57449384629));
#5932 = CARTESIAN_POINT('',(15.177480048547,-298.9162555486,
    252.57920974943));
#5933 = CARTESIAN_POINT('',(15.163114585258,-298.9092986016,
    252.58388019673));
#5934 = CARTESIAN_POINT('',(15.148679731777,-298.9023867236,
    252.58851380253));
#5935 = CARTESIAN_POINT('',(15.119709736165,-298.8886281053,
    252.59772776805));
#5936 = CARTESIAN_POINT('',(15.105175672253,-298.8817806648,
    252.60230870026));
#5937 = CARTESIAN_POINT('',(15.090607357341,-298.87495547,252.6068714477
    ));
#5938 = CARTESIAN_POINT('',(15.076028924713,-298.8681368466,
    252.61142882398));
#5939 = CARTESIAN_POINT('',(15.061464983654,-298.86130881,
    252.61599389472));
#5940 = CARTESIAN_POINT('',(15.046934134809,-298.8544592793,
    252.62057653629));
#5941 = CARTESIAN_POINT('',(15.032444842809,-298.8475827563,
    252.62518124252));
#5942 = CARTESIAN_POINT('',(15.017993666469,-298.8406814763,
    252.62980618663));
#5943 = CARTESIAN_POINT('',(15.003565846273,-298.8337650255,
    252.63444353208));
#5944 = CARTESIAN_POINT('',(14.98913824936,-298.8268484293,
    252.63908099673));
#5945 = CARTESIAN_POINT('',(15.695107526796,-299.3730293245,
    252.31455166472));
#5946 = CARTESIAN_POINT('',(15.685834272528,-299.362764691,
    252.3219260572));
#5947 = CARTESIAN_POINT('',(15.676505420066,-299.3525361849,
    252.32927091458));
#5948 = CARTESIAN_POINT('',(15.667115872301,-299.3423471098,
    252.33658352806));
#5949 = CARTESIAN_POINT('',(15.657661628824,-299.3322000825,
    252.34386177805));
#5950 = CARTESIAN_POINT('',(15.648140040759,-299.3220967958,
    252.35110424529));
#5951 = CARTESIAN_POINT('',(15.638550160882,-299.3120379094,
    252.35831043347));
#5952 = CARTESIAN_POINT('',(15.628893204462,-299.3020225953,
    252.36548097226));
#5953 = CARTESIAN_POINT('',(15.619173103445,-299.292048336,
    252.37261795294));
#5954 = CARTESIAN_POINT('',(15.609397169851,-299.2821103652,
    252.37972524973));
#5955 = CARTESIAN_POINT('',(15.589756543319,-299.2622921378,
    252.39389264077));
#5956 = CARTESIAN_POINT('',(15.579898734483,-299.2524074067,
    252.40095639092));
#5957 = CARTESIAN_POINT('',(15.569949736856,-299.2425819414,
    252.40797167706));
#5958 = CARTESIAN_POINT('',(15.560200794296,-299.2326265335,
    252.4150931876));
#5959 = CARTESIAN_POINT('',(15.549989477906,-299.2229715111,
    252.42196911384));
#5960 = CARTESIAN_POINT('',(15.54033608224,-299.2129540749,
    252.42914131022));
#5961 = CARTESIAN_POINT('',(15.530648496472,-299.2029587795,
    252.43629545979));
#5962 = CARTESIAN_POINT('',(15.520466663691,-299.1932845659,
    252.44318709519));
#5963 = CARTESIAN_POINT('',(15.51025586261,-299.1836291461,
    252.45006338607));
#5964 = CARTESIAN_POINT('',(15.489467920248,-299.1645562537,
    252.46362145118));
#5965 = CARTESIAN_POINT('',(15.478913697427,-299.1551238945,
    252.47031540143));
#5966 = CARTESIAN_POINT('',(15.468203985252,-299.1457925188,
    252.47692679407));
#5967 = CARTESIAN_POINT('',(15.45733869919,-299.1365622056,
    252.48345559455));
#5968 = CARTESIAN_POINT('',(15.446316961905,-299.1274334814,
    252.48990132132));
#5969 = CARTESIAN_POINT('',(15.435138418211,-299.1184066349,
    252.49626380502));
#5970 = CARTESIAN_POINT('',(15.423802998105,-299.1094816514,
    252.50254299014));
#5971 = CARTESIAN_POINT('',(15.41231029346,-299.100658844,
    252.50873867406));
#5972 = CARTESIAN_POINT('',(15.400659736758,-299.0919385525,
    252.51485054695));
#5973 = CARTESIAN_POINT('',(15.377045763941,-299.074701178,
    252.52690818839));
#5974 = CARTESIAN_POINT('',(15.365082364444,-299.0661840806,
    252.53285396488));
#5975 = CARTESIAN_POINT('',(15.352962494875,-299.0577686116,
    252.53871666639));
#5976 = CARTESIAN_POINT('',(15.340686749929,-299.0494543846,
    252.5444966106));
#5977 = CARTESIAN_POINT('',(15.328256336874,-299.0412406122,
    252.55019443434));
#5978 = CARTESIAN_POINT('',(15.315673036261,-299.0331261462,
    252.55581108834));
#5979 = CARTESIAN_POINT('',(15.302939163315,-299.0251094707,
    252.56134779694));
#5980 = CARTESIAN_POINT('',(15.290057528198,-299.0171887731,
    252.56680605485));
#5981 = CARTESIAN_POINT('',(15.277031397503,-299.0093619225,
    252.57218759559));
#5982 = CARTESIAN_POINT('',(15.250697512145,-298.9938911399,
    252.58280115367));
#5983 = CARTESIAN_POINT('',(15.237390180809,-298.986246931,
    252.58803339651));
#5984 = CARTESIAN_POINT('',(15.223946770838,-298.9786911074,
    252.59319338915));
#5985 = CARTESIAN_POINT('',(15.210372537967,-298.9712202508,
    252.59828392705));
#5986 = CARTESIAN_POINT('',(15.196673889031,-298.9638302079,
    252.60330840392));
#5987 = CARTESIAN_POINT('',(15.182858681671,-298.9565158645,
    252.60827100048));
#5988 = CARTESIAN_POINT('',(15.168936639447,-298.9492709165,
    252.61317687192));
#5989 = CARTESIAN_POINT('',(15.154919856915,-298.9420874987,
    252.61803244405));
#5990 = CARTESIAN_POINT('',(15.140823419266,-298.9349558195,
    252.62284572443));
#5991 = CARTESIAN_POINT('',(15.112508815565,-298.9207715226,
    252.63240765588));
#5992 = CARTESIAN_POINT('',(15.098291688612,-298.9137182307,
    252.63715685931));
#5993 = CARTESIAN_POINT('',(15.08402946051,-298.9066942322,
    252.64188211517));
#5994 = CARTESIAN_POINT('',(15.069745909673,-298.8996840826,
    252.64659605531));
#5995 = CARTESIAN_POINT('',(15.055467660969,-298.8926704875,
    252.65131280388));
#5996 = CARTESIAN_POINT('',(15.041216693697,-298.8856391751,
    252.65604404629));
#5997 = CARTESIAN_POINT('',(15.027003617963,-298.8785832472,
    252.66079540018));
#5998 = CARTESIAN_POINT('',(15.012823790713,-298.871505727,
    252.66556441271));
#5999 = CARTESIAN_POINT('',(14.998658320104,-298.8644188791,
    252.67034104603));
#6000 = CARTESIAN_POINT('',(14.984482029089,-298.8573390596,
    252.6751119359));
#6001 = CARTESIAN_POINT('',(15.677992615162,-299.4116117931,
    252.34396808529));
#6002 = CARTESIAN_POINT('',(15.668690326143,-299.4013660186,
    252.35132706304));
#6003 = CARTESIAN_POINT('',(15.659329519659,-299.391158259,
    252.35865495293));
#6004 = CARTESIAN_POINT('',(15.649904579197,-299.3809921906,
    252.36594878322));
#6005 = CARTESIAN_POINT('',(15.640411235877,-299.3708705156,
    252.37320626765));
#6006 = CARTESIAN_POINT('',(15.630846717163,-299.3607951656,
    252.3804259574));
#6007 = CARTESIAN_POINT('',(15.621210102774,-299.3507665703,
    252.38760732802));
#6008 = CARTESIAN_POINT('',(15.611502822004,-299.3407839824,
    252.39475116135));
#6009 = CARTESIAN_POINT('',(15.601729366572,-299.3308443498,
    252.40185981536));
#6010 = CARTESIAN_POINT('',(15.591898151286,-299.3209422901,
    252.40893776672));
#6011 = CARTESIAN_POINT('',(15.572146994518,-299.3011958528,
    252.42304647177));
#6012 = CARTESIAN_POINT('',(15.56213683612,-299.2914100848,
    252.43002932094));
#6013 = CARTESIAN_POINT('',(15.552664507219,-299.2812749869,
    252.43729773468));
#6014 = CARTESIAN_POINT('',(15.541593212362,-299.2721785514,
    252.44371702704));
#6015 = CARTESIAN_POINT('',(15.53293324792,-299.2615158747,
    252.45141667732));
#6016 = CARTESIAN_POINT('',(15.522447817759,-299.2520387994,
    252.45814719961));
#6017 = CARTESIAN_POINT('',(15.512592972827,-299.242152314,
    252.46521228609));
#6018 = CARTESIAN_POINT('',(15.503003973694,-299.2320929506,
    252.47241883076));
#6019 = CARTESIAN_POINT('',(15.492851062717,-299.2223999593,
    252.47932581038));
#6020 = CARTESIAN_POINT('',(15.472469038752,-299.2030634343,
    252.49309937673));
#6021 = CARTESIAN_POINT('',(15.462147917822,-299.1934796699,
    252.49991707603));
#6022 = CARTESIAN_POINT('',(15.451699023018,-299.1839789244,
    252.50666695191));
#6023 = CARTESIAN_POINT('',(15.44111547509,-299.1745655687,
    252.51334530969));
#6024 = CARTESIAN_POINT('',(15.430391264468,-299.1652436809,
    252.51994902442));
#6025 = CARTESIAN_POINT('',(15.419523752992,-299.1560147389,
    252.52647661605));
#6026 = CARTESIAN_POINT('',(15.408511916162,-299.1468796522,
    252.53292761626));
#6027 = CARTESIAN_POINT('',(15.397353719153,-299.1378395477,
    252.53930088719));
#6028 = CARTESIAN_POINT('',(15.386045944982,-299.1288966324,
    252.54559475457));
#6029 = CARTESIAN_POINT('',(15.363133772988,-299.1112034359,
    252.55802499739));
#6030 = CARTESIAN_POINT('',(15.351528922481,-299.1024534632,
    252.56416113603));
#6031 = CARTESIAN_POINT('',(15.339774130251,-299.0938008762,
    252.57021766779));
#6032 = CARTESIAN_POINT('',(15.327868935782,-299.0852459722,
    252.57619434186));
#6033 = CARTESIAN_POINT('',(15.315813538622,-299.0767886383,
    252.58209127797));
#6034 = CARTESIAN_POINT('',(15.303608744921,-299.0684283147,
    252.58790888493));
#6035 = CARTESIAN_POINT('',(15.291255907915,-299.0601641732,
    252.59364789888));
#6036 = CARTESIAN_POINT('',(15.278756876616,-299.051994962,
    252.59930929079));
#6037 = CARTESIAN_POINT('',(15.266113936222,-299.0439192339,
    252.60489427721));
#6038 = CARTESIAN_POINT('',(15.24054557319,-299.0279512414,
    252.61591427267));
#6039 = CARTESIAN_POINT('',(15.22762068402,-299.0200586384,
    252.62134956265));
#6040 = CARTESIAN_POINT('',(15.214558179277,-299.0122554093,
    252.62671179358));
#6041 = CARTESIAN_POINT('',(15.201362157029,-299.0045389162,
    252.63200312587));
#6042 = CARTESIAN_POINT('',(15.188037713362,-298.9969058093,
    252.63722628807));
#6043 = CARTESIAN_POINT('',(15.174591182503,-298.9893520277,
    252.64238461853));
#6044 = CARTESIAN_POINT('',(15.16103054389,-298.9818723322,
    252.64748237274));
#6045 = CARTESIAN_POINT('',(15.147366094177,-298.9744600824,
    252.65252500766));
#6046 = CARTESIAN_POINT('',(15.133611289423,-298.9671065084,
    252.65751967028));
#6047 = CARTESIAN_POINT('',(15.105956372671,-298.9524937442,
    252.66743184864));
#6048 = CARTESIAN_POINT('',(15.09210291996,-298.9452042444,
    252.67237413373));
#6049 = CARTESIAN_POINT('',(15.077874720803,-298.9381581508,
    252.67711746374));
#6050 = CARTESIAN_POINT('',(15.064643127816,-298.9304647283,
    252.68238991146));
#6051 = CARTESIAN_POINT('',(15.04942769813,-298.9240598832,
    252.68660908118));
#6052 = CARTESIAN_POINT('',(15.03657877576,-298.9161178811,
    252.69208471551));
#6053 = CARTESIAN_POINT('',(15.022147188991,-298.9092039194,
    252.69672005554));
#6054 = CARTESIAN_POINT('',(15.008277011566,-298.9019252627,
    252.70165346392));
#6055 = CARTESIAN_POINT('',(14.994377783589,-298.8946654952,
    252.70657145602));
#6056 = CARTESIAN_POINT('',(14.980446143325,-298.8874267739,
    252.71147223674));
#6057 = CARTESIAN_POINT('',(15.66177758992,-299.4496097795,
    252.37386228502));
#6058 = CARTESIAN_POINT('',(15.652451449225,-299.4393794931,
    252.38120859721));
#6059 = CARTESIAN_POINT('',(15.643063829206,-299.4291891686,
    252.3885222568));
#6060 = CARTESIAN_POINT('',(15.633608533376,-299.419042756,
    252.39579995973));
#6061 = CARTESIAN_POINT('',(15.624080681432,-299.4089436041,
    252.40303914543));
#6062 = CARTESIAN_POINT('',(15.614477087902,-299.398893471,
    252.41023807347));
#6063 = CARTESIAN_POINT('',(15.604796655975,-299.388893493,
    252.41739620566));
#6064 = CARTESIAN_POINT('',(15.595040943599,-299.3789422327,
    252.42451431967));
#6065 = CARTESIAN_POINT('',(15.585214724649,-299.3690369292,
    252.4315949758));
#6066 = CARTESIAN_POINT('',(15.575326707244,-299.359171737,
    252.43864277247));
#6067 = CARTESIAN_POINT('',(15.55545386973,-299.3395043311,
    252.45268688194));
#6068 = CARTESIAN_POINT('',(15.546236953382,-299.3292032636,
    252.46009101265));
#6069 = CARTESIAN_POINT('',(15.531815263715,-299.3222832786,
    252.46473095238));
#6070 = CARTESIAN_POINT('',(15.533170991419,-299.305114315,
    252.47774977975));
#6071 = CARTESIAN_POINT('',(15.507026227922,-299.3058093838,
    252.47616432409));
#6072 = CARTESIAN_POINT('',(15.508135537282,-299.2888012974,
    252.48905111588));
#6073 = CARTESIAN_POINT('',(15.497745451418,-299.2792615663,
    252.49583330589));
#6074 = CARTESIAN_POINT('',(15.485565927681,-299.2708854741,
    252.50166342882));
#6075 = CARTESIAN_POINT('',(15.476213374523,-299.2606725144,
    252.50899554426));
#6076 = CARTESIAN_POINT('',(15.456166272044,-299.2411184706,
    252.52294689755));
#6077 = CARTESIAN_POINT('',(15.446097103048,-299.2313710894,
    252.5298983738));
#6078 = CARTESIAN_POINT('',(15.435911306097,-299.2216993923,
    252.53678789918));
#6079 = CARTESIAN_POINT('',(15.425602638487,-299.2121076466,
    252.54361224846));
#6080 = CARTESIAN_POINT('',(15.41517404748,-299.2025935539,
    252.55037284701));
#6081 = CARTESIAN_POINT('',(15.404619530018,-299.193161534,
    252.55706667481));
#6082 = CARTESIAN_POINT('',(15.393928277072,-299.1838180665,
    252.56368783423));
#6083 = CARTESIAN_POINT('',(15.383095785222,-299.1745665083,
    252.57023405374));
#6084 = CARTESIAN_POINT('',(15.372126794723,-299.165403521,
    252.57670777956));
#6085 = CARTESIAN_POINT('',(15.349902718,-299.1472634161,252.58950334929
    ));
#6086 = CARTESIAN_POINT('',(15.338649390132,-299.1382851267,
    252.59582611916));
#6087 = CARTESIAN_POINT('',(15.32725273194,-299.1293999285,
    252.60207278862));
#6088 = CARTESIAN_POINT('',(15.315711401369,-299.1206087144,
    252.60824265798));
#6089 = CARTESIAN_POINT('',(15.304024706503,-299.1119118693,
    252.61433533014));
#6090 = CARTESIAN_POINT('',(15.292192550636,-299.1033095703,
    252.62035079573));
#6091 = CARTESIAN_POINT('',(15.280215390092,-299.0948013762,
    252.62628925699));
#6092 = CARTESIAN_POINT('',(15.268094174157,-299.0863868076,
    252.63215124291));
#6093 = CARTESIAN_POINT('',(15.25583030356,-299.0780648589,
    252.6379374883));
#6094 = CARTESIAN_POINT('',(15.231020845925,-299.0616039614,
    252.64936040548));
#6095 = CARTESIAN_POINT('',(15.218475461975,-299.053464861,
    252.65499718935));
#6096 = CARTESIAN_POINT('',(15.205791498961,-299.0454157884,
    252.66056038767));
#6097 = CARTESIAN_POINT('',(15.192972049032,-299.037454675,
    252.66605166935));
#6098 = CARTESIAN_POINT('',(15.180021064787,-299.0295790551,
    252.67147309416));
#6099 = CARTESIAN_POINT('',(15.166943436532,-299.0217856171,
    252.67682729687));
#6100 = CARTESIAN_POINT('',(15.153745478098,-299.0140704037,
    252.6821176043));
#6101 = CARTESIAN_POINT('',(15.140435608394,-299.0064278277,
    252.687348495));
#6102 = CARTESIAN_POINT('',(15.127025435052,-298.9988504246,
    252.69252613371));
#6103 = CARTESIAN_POINT('',(15.100036723961,-298.9838049564,
    252.70279201745));
#6104 = CARTESIAN_POINT('',(15.086225703356,-298.9764879013,
    252.70775683823));
#6105 = CARTESIAN_POINT('',(15.073976304679,-298.9681565378,
    252.71355076294));
#6106 = CARTESIAN_POINT('',(15.056377756496,-298.9632995834,
    252.71650463481));
#6107 = CARTESIAN_POINT('',(15.048946752392,-298.9518385043,
    252.72485688445));
#6108 = CARTESIAN_POINT('',(15.029426012852,-298.9482301304,
    252.72679013214));
#6109 = CARTESIAN_POINT('',(15.018266564611,-298.9391907285,
    252.7331628068));
#6110 = CARTESIAN_POINT('',(15.004417926596,-298.9318981501,
    252.7381076477));
#6111 = CARTESIAN_POINT('',(14.990706877444,-298.9245161445,
    252.74312554197));
#6112 = CARTESIAN_POINT('',(14.977004984788,-298.9171282047,
    252.74814830346));
#6113 = CARTESIAN_POINT('',(15.646500390817,-299.4869986408,
    252.40425440695));
#6114 = CARTESIAN_POINT('',(15.637158311373,-299.4767787146,
    252.41159225736));
#6115 = CARTESIAN_POINT('',(15.627751634524,-299.4666007292,
    252.4188957891));
#6116 = CARTESIAN_POINT('',(15.618273289159,-299.4564693981,
    252.426161273));
#6117 = CARTESIAN_POINT('',(15.608717917907,-299.4463879022,
    252.4333858251));
#6118 = CARTESIAN_POINT('',(15.59908200455,-299.4363590558,
    252.44056762532));
#6119 = CARTESIAN_POINT('',(15.589364315278,-299.4263829636,
    252.44770596139));
#6120 = CARTESIAN_POINT('',(15.579566393933,-299.4164593434,
    252.45480168819));
#6121 = CARTESIAN_POINT('',(15.569693404837,-299.4065842884,
    252.46185751384));
#6122 = CARTESIAN_POINT('',(15.559755054382,-299.3967518193,
    252.46887860155));
#6123 = CARTESIAN_POINT('',(15.539778528963,-299.3771517441,
    252.48286767213));
#6124 = CARTESIAN_POINT('',(15.528144743294,-299.3684206973,
    252.48898823437));
#6125 = CARTESIAN_POINT('',(15.527670012566,-299.352440576,
    252.50103530473));
#6126 = CARTESIAN_POINT('',(15.490820189437,-299.3600903407,
    252.49376366509));
#6127 = CARTESIAN_POINT('',(15.523686466934,-299.3224516565,
    252.52351752187));
#6128 = CARTESIAN_POINT('',(15.474123729475,-299.3383592968,
    252.50949509594));
#6129 = CARTESIAN_POINT('',(15.480734323509,-299.3177773503,
    252.52530381136));
#6130 = CARTESIAN_POINT('',(15.46994705708,-299.3084961035,
    252.53187436492));
#6131 = CARTESIAN_POINT('',(15.460167919887,-299.2985604175,
    252.53897968681));
#6132 = CARTESIAN_POINT('',(15.440785975456,-299.2785743445,
    252.55328422414));
#6133 = CARTESIAN_POINT('',(15.430924791751,-299.2686918421,
    252.56034609591));
#6134 = CARTESIAN_POINT('',(15.420983995157,-299.2588611443,
    252.56736574741));
#6135 = CARTESIAN_POINT('',(15.410949764579,-299.2490909073,
    252.57433570637));
#6136 = CARTESIAN_POINT('',(15.400797286025,-299.2393978347,
    252.58124300577));
#6137 = CARTESIAN_POINT('',(15.390520739942,-299.2297849087,
    252.58808430791));
#6138 = CARTESIAN_POINT('',(15.380125645922,-299.2202493719,
    252.59486277702));
#6139 = CARTESIAN_POINT('',(15.369609630283,-299.2107921065,
    252.60157697705));
#6140 = CARTESIAN_POINT('',(15.358957390594,-299.2014234484,
    252.60821888631));
#6141 = CARTESIAN_POINT('',(15.337394396645,-299.18285396,
    252.62136543406));
#6142 = CARTESIAN_POINT('',(15.326479544799,-299.1736558346,
    252.62786790839));
#6143 = CARTESIAN_POINT('',(15.315428536539,-299.1645461517,
    252.63429809646));
#6144 = CARTESIAN_POINT('',(15.30423921698,-299.1555262606,
    252.64065483879));
#6145 = CARTESIAN_POINT('',(15.292910044511,-299.1465972903,
    252.64693735544));
#6146 = CARTESIAN_POINT('',(15.281440064781,-299.1377596501,
    252.65314508238));
#6147 = CARTESIAN_POINT('',(15.269828867901,-299.129013863,
    252.65927785793));
#6148 = CARTESIAN_POINT('',(15.25807657054,-299.1203596164,
    252.66533570801));
#6149 = CARTESIAN_POINT('',(15.24618377128,-299.1117966844,
    252.67131896333));
#6150 = CARTESIAN_POINT('',(15.222119282734,-299.09485192,
    252.68313740584));
#6151 = CARTESIAN_POINT('',(15.209947715145,-299.0864700418,
    252.68897265236));
#6152 = CARTESIAN_POINT('',(15.19763781754,-299.0781779741,
    252.69473446673));
#6153 = CARTESIAN_POINT('',(15.185191761703,-299.0699744111,
    252.70042397184));
#6154 = CARTESIAN_POINT('',(15.17261239023,-299.0618573313,
    252.70604271592));
#6155 = CARTESIAN_POINT('',(15.159903225162,-299.0538246796,
    252.71159253607));
#6156 = CARTESIAN_POINT('',(15.147068725745,-299.045873315,
    252.71707581305));
#6157 = CARTESIAN_POINT('',(15.134115120011,-299.0379993938,
    252.72249585951));
#6158 = CARTESIAN_POINT('',(15.121051494552,-299.0301968888,
    252.72785748598));
#6159 = CARTESIAN_POINT('',(15.094731282935,-299.014717233,
    252.73847829819));
#6160 = CARTESIAN_POINT('',(15.082051311998,-299.0066655489,
    252.74404361404));
#6161 = CARTESIAN_POINT('',(15.065243795762,-299.0012947769,
    252.74741749243));
#6162 = CARTESIAN_POINT('',(15.061522203975,-298.9874244158,
    252.75773917619));
#6163 = CARTESIAN_POINT('',(15.03244075927,-298.9900259058,
    252.75459625219));
#6164 = CARTESIAN_POINT('',(15.033461078086,-298.9730754438,
    252.7674357118));
#6165 = CARTESIAN_POINT('',(15.013895065852,-298.9694965196,
    252.76934491161));
#6166 = CARTESIAN_POINT('',(15.000903405616,-298.9616471978,
    252.77474476531));
#6167 = CARTESIAN_POINT('',(14.987621397936,-298.9539865583,
    252.77999046067));
#6168 = CARTESIAN_POINT('',(14.974157065524,-298.9464443181,
    252.78513934547));
#6169 = CARTESIAN_POINT('',(15.632193323981,-299.5237573941,
    252.43516160558));
#6170 = CARTESIAN_POINT('',(15.622845685237,-299.5135410703,
    252.44249649884));
#6171 = CARTESIAN_POINT('',(15.613430378631,-299.5033687466,
    252.4497954556));
#6172 = CARTESIAN_POINT('',(15.603939421565,-299.4932454507,
    252.4570542226));
#6173 = CARTESIAN_POINT('',(15.594366926288,-299.4831753757,
    252.46426970952));
#6174 = CARTESIAN_POINT('',(15.58470913575,-299.4731603206,
    252.47143987272));
#6175 = CARTESIAN_POINT('',(15.574964665336,-299.4632020434,
    252.47856401307));
#6176 = CARTESIAN_POINT('',(15.565135268079,-299.4532985413,
    252.48564302594));
#6177 = CARTESIAN_POINT('',(15.555226763544,-299.4434467138,
    252.49268001055));
#6178 = CARTESIAN_POINT('',(15.545250460677,-299.4336388343,
    252.49968095527));
#6179 = CARTESIAN_POINT('',(15.525199195287,-299.4140872927,
    252.51363036893));
#6180 = CARTESIAN_POINT('',(15.516757661866,-299.4032824942,
    252.52144636066));
#6181 = CARTESIAN_POINT('',(15.496606379313,-299.4000846278,
    252.5230431778));
#6182 = CARTESIAN_POINT('',(15.515349076049,-299.3716203964,
    252.54529680817));
#6183 = CARTESIAN_POINT('',(15.456996089425,-299.3932392062,
    252.52660456771));
#6184 = CARTESIAN_POINT('',(15.494612230116,-299.3525148801,
    252.55888116134));
#6185 = CARTESIAN_POINT('',(15.46102265565,-299.3580464142,
    252.55334147074));
#6186 = CARTESIAN_POINT('',(15.455694858831,-299.3452192715,
    252.56281061851));
#6187 = CARTESIAN_POINT('',(15.445668680981,-299.3354439766,
    252.56978487562));
#6188 = CARTESIAN_POINT('',(15.426291921475,-299.3154545772,
    252.58409208145));
#6189 = CARTESIAN_POINT('',(15.416669126587,-299.3054172922,
    252.59128054343));
#6190 = CARTESIAN_POINT('',(15.406954655949,-299.2954394463,
    252.59842028359));
#6191 = CARTESIAN_POINT('',(15.39714382257,-299.2855244305,
    252.60550895552));
#6192 = CARTESIAN_POINT('',(15.387250461529,-299.2756626169,
    252.61255368937));
#6193 = CARTESIAN_POINT('',(15.377264046967,-299.2658617171,
    252.6195491522));
#6194 = CARTESIAN_POINT('',(15.367160868891,-299.2561362249,
    252.62648251383));
#6195 = CARTESIAN_POINT('',(15.356931805727,-299.2464927856,
    252.63334911101));
#6196 = CARTESIAN_POINT('',(15.346589617704,-299.2369226793,
    252.6401556139));
#6197 = CARTESIAN_POINT('',(15.325647046877,-299.2179502458,
    252.65363155899));
#6198 = CARTESIAN_POINT('',(15.31505145826,-299.2085447605,
    252.66030353454));
#6199 = CARTESIAN_POINT('',(15.304327933103,-299.1992223523,
    252.66690758378));
#6200 = CARTESIAN_POINT('',(15.293473451518,-299.1899850599,
    252.67344211817));
#6201 = CARTESIAN_POINT('',(15.282485594808,-299.1808342786,
    252.67990581369));
#6202 = CARTESIAN_POINT('',(15.271362531447,-299.171771474,
    252.68629775832));
#6203 = CARTESIAN_POINT('',(15.260103013619,-299.1627971302,
    252.69261722915));
#6204 = CARTESIAN_POINT('',(15.248706354118,-299.153911989,
    252.69886390056));
#6205 = CARTESIAN_POINT('',(15.237172426713,-299.1451159322,
    252.70503769083));
#6206 = CARTESIAN_POINT('',(15.213830867122,-299.1277016388,
    252.71723995169));
#6207 = CARTESIAN_POINT('',(15.202023378711,-299.1190832684,
    252.72326850308));
#6208 = CARTESIAN_POINT('',(15.190079314495,-299.1105536474,
    252.72922453437));
#6209 = CARTESIAN_POINT('',(15.17799984779,-299.1021118857,
    252.73510868831));
#6210 = CARTESIAN_POINT('',(15.165786798372,-299.0937570152,
    252.74092191081));
#6211 = CARTESIAN_POINT('',(15.153442435209,-299.0854872796,
    252.74666541322));
#6212 = CARTESIAN_POINT('',(15.140969770206,-299.0773010189,
    252.75234080891));
#6213 = CARTESIAN_POINT('',(15.128372984211,-299.0691952757,
    252.75795028894));
#6214 = CARTESIAN_POINT('',(15.115658334969,-299.0611661351,
    252.76349720358));
#6215 = CARTESIAN_POINT('',(15.090012212153,-299.0452486521,
    252.77447590299));
#6216 = CARTESIAN_POINT('',(15.076233293774,-299.0379107511,
    252.77945776874));
#6217 = CARTESIAN_POINT('',(15.068335454575,-299.0267529974,
    252.7875620804));
#6218 = CARTESIAN_POINT('',(15.040869741894,-299.0283049491,
    252.78527709134));
#6219 = CARTESIAN_POINT('',(15.050978033271,-299.0054517554,
    252.80294166088));
#6220 = CARTESIAN_POINT('',(15.016220460891,-299.0117400606,
    252.79678501936));
#6221 = CARTESIAN_POINT('',(15.012064059386,-298.9981519909,
    252.80687590331));
#6222 = CARTESIAN_POINT('',(14.998515789797,-298.9906643661,
    252.81198021804));
#6223 = CARTESIAN_POINT('',(14.985118382728,-298.9830786423,
    252.8171646261));
#6224 = CARTESIAN_POINT('',(14.971844395803,-298.9754127803,
    252.82241457432));
#6225 = CARTESIAN_POINT('',(15.618881883344,-299.559869478,
    252.46659741797));
#6226 = CARTESIAN_POINT('',(15.609541051759,-299.5496487465,
    252.47393592328));
#6227 = CARTESIAN_POINT('',(15.60012997339,-299.539473622,
    252.48123711105));
#6228 = CARTESIAN_POINT('',(15.590639790679,-299.5293499892,
    252.48849630214));
#6229 = CARTESIAN_POINT('',(15.581063897664,-299.5192818088,
    252.4957099628));
#6230 = CARTESIAN_POINT('',(15.571398010633,-299.509272442,
    252.50287584611));
#6231 = CARTESIAN_POINT('',(15.561640685496,-299.4993220707,
    252.50999315333));
#6232 = CARTESIAN_POINT('',(15.551793991839,-299.489430128,
    252.51706299287));
#6233 = CARTESIAN_POINT('',(15.541864673354,-299.47959164,252.524088933)
  );
#6234 = CARTESIAN_POINT('',(15.531865490935,-299.4697986669,
    252.53107774233));
#6235 = CARTESIAN_POINT('',(15.51176846101,-299.4502768341,
    252.54500287013));
#6236 = CARTESIAN_POINT('',(15.500652519319,-299.4412093657,
    252.55139847607));
#6237 = CARTESIAN_POINT('',(15.496886491764,-299.4273672835,
    252.56169765349));
#6238 = CARTESIAN_POINT('',(15.468103074,-299.4297771566,252.55870970659
    ));
#6239 = CARTESIAN_POINT('',(15.489991475155,-299.3992693957,
    252.58263408148));
#6240 = CARTESIAN_POINT('',(15.446969585387,-299.4109288201,
    252.57208416515));
#6241 = CARTESIAN_POINT('',(15.455257933144,-299.3892562478,
    252.58878504202));
#6242 = CARTESIAN_POINT('',(15.44138308853,-299.3819810768,
    252.59371529893));
#6243 = CARTESIAN_POINT('',(15.432271391711,-299.3716118034,
    252.60117511739));
#6244 = CARTESIAN_POINT('',(15.413172850525,-299.3514417182,
    252.61563003505));
#6245 = CARTESIAN_POINT('',(15.403617493039,-299.3413606042,
    252.62285425462));
#6246 = CARTESIAN_POINT('',(15.394052936576,-299.3312855423,
    252.63007363798));
#6247 = CARTESIAN_POINT('',(15.384440983228,-299.3212410636,
    252.63726778942));
#6248 = CARTESIAN_POINT('',(15.374752195073,-299.3112468113,
    252.64442124779));
#6249 = CARTESIAN_POINT('',(15.364975414561,-299.30130932,
    252.65152788963));
#6250 = CARTESIAN_POINT('',(15.355108066868,-299.2914309986,
    252.65858653338));
#6251 = CARTESIAN_POINT('',(15.345142705199,-299.2816161028,
    252.66559308609));
#6252 = CARTESIAN_POINT('',(15.335064869339,-299.2718743699,
    252.67253995141));
#6253 = CARTESIAN_POINT('',(15.314690502665,-299.2525328803,
    252.68631755816));
#6254 = CARTESIAN_POINT('',(15.304389623706,-299.2429359806,
    252.69314600051));
#6255 = CARTESIAN_POINT('',(15.293970405135,-299.2334159619,
    252.69991161523));
#6256 = CARTESIAN_POINT('',(15.283428828517,-299.2239753534,
    252.70661225895));
#6257 = CARTESIAN_POINT('',(15.2727615082,-299.2146165269,
    252.71324616237));
#6258 = CARTESIAN_POINT('',(15.261965693391,-299.2053410066,
    252.71981182015));
#6259 = CARTESIAN_POINT('',(15.25103926997,-299.19615047,252.72630815508
    ));
#6260 = CARTESIAN_POINT('',(15.239980769922,-299.1870455994,
    252.73273435797));
#6261 = CARTESIAN_POINT('',(15.228789368337,-299.1780271124,
    252.73909000158));
#6262 = CARTESIAN_POINT('',(15.206140416005,-299.1601629587,
    252.75165998521));
#6263 = CARTESIAN_POINT('',(15.194682806909,-299.1513173662,
    252.75787429219));
#6264 = CARTESIAN_POINT('',(15.18309164833,-299.1425584754,
    252.76401769597));
#6265 = CARTESIAN_POINT('',(15.171367165385,-299.1338862545,
    252.77009031546));
#6266 = CARTESIAN_POINT('',(15.159510146573,-299.1253000016,
    252.77609255886));
#6267 = CARTESIAN_POINT('',(15.147522025491,-299.1167990356,
    252.78202521597));
#6268 = CARTESIAN_POINT('',(15.135404881609,-299.1083817452,
    252.78788934545));
#6269 = CARTESIAN_POINT('',(15.123161654936,-299.1000464329,
    252.79368655693));
#6270 = CARTESIAN_POINT('',(15.110796286296,-299.0917904087,
    252.79941890538));
#6271 = CARTESIAN_POINT('',(15.085831732221,-299.0754302513,
    252.81075947377));
#6272 = CARTESIAN_POINT('',(15.073997499027,-299.0668292601,
    252.81677381498));
#6273 = CARTESIAN_POINT('',(15.056640611504,-299.0618153067,
    252.81985601607));
#6274 = CARTESIAN_POINT('',(15.056859225413,-299.0453857602,
    252.83226966697));
#6275 = CARTESIAN_POINT('',(15.022722486654,-299.0512707079,
    252.82644273859));
#6276 = CARTESIAN_POINT('',(15.029463260424,-299.030604773,
    252.84231934605));
#6277 = CARTESIAN_POINT('',(15.008715987329,-299.0277930765,
    252.84360140401));
#6278 = CARTESIAN_POINT('',(14.995851289055,-299.0198613066,
    252.84906864163));
#6279 = CARTESIAN_POINT('',(14.98309314702,-299.0118604157,
    252.85459247353));
#6280 = CARTESIAN_POINT('',(14.970024192549,-299.0040613781,
    252.8599512736));
#6281 = CARTESIAN_POINT('',(15.60658357259,-299.5953235226,
    252.49857114115));
#6282 = CARTESIAN_POINT('',(15.597263282353,-299.5850894446,
    252.50592054528));
#6283 = CARTESIAN_POINT('',(15.587870875596,-299.5749022425,
    252.51323164585));
#6284 = CARTESIAN_POINT('',(15.578396459961,-299.564768245,
    252.52049919117));
#6285 = CARTESIAN_POINT('',(15.568832478249,-299.5546925733,
    252.52771918428));
#6286 = CARTESIAN_POINT('',(15.559174032301,-299.5446780407,
    252.53488900567));
#6287 = CARTESIAN_POINT('',(15.549419403748,-299.5347262573,
    252.54200774948));
#6288 = CARTESIAN_POINT('',(15.539570960208,-299.524835193,
    252.54907666272));
#6289 = CARTESIAN_POINT('',(15.529636232109,-299.5150003469,
    252.55609973563));
#6290 = CARTESIAN_POINT('',(15.519629358509,-299.5052123222,
    252.56308446763));
#6291 = CARTESIAN_POINT('',(15.499516147328,-299.4857009915,
    252.57700101869));
#6292 = CARTESIAN_POINT('',(15.489786006825,-299.4757332885,
    252.58413264138));
#6293 = CARTESIAN_POINT('',(15.477278636534,-299.4675697552,
    252.58978918761));
#6294 = CARTESIAN_POINT('',(15.474201155932,-299.4532803937,
    252.6004540581));
#6295 = CARTESIAN_POINT('',(15.451780841207,-299.4515566503,
    252.60084558283));
#6296 = CARTESIAN_POINT('',(15.4549208439,-299.4332283673,
    252.61481245657));
#6297 = CARTESIAN_POINT('',(15.43755330434,-299.4282221981,
    252.61788760651));
#6298 = CARTESIAN_POINT('',(15.429868510456,-299.4169260058,
    252.62610524809));
#6299 = CARTESIAN_POINT('',(15.420069803612,-299.407003006,
    252.63320021459));
#6300 = CARTESIAN_POINT('',(15.401054132409,-299.3867791154,
    252.64769909301));
#6301 = CARTESIAN_POINT('',(15.391611883701,-299.3766245741,
    252.65498337352));
#6302 = CARTESIAN_POINT('',(15.382172544276,-299.3664680896,
    252.66226918368));
#6303 = CARTESIAN_POINT('',(15.372707431764,-299.3563284572,
    252.6695413568));
#6304 = CARTESIAN_POINT('',(15.363198041604,-299.3462173885,
    252.6767899725));
#6305 = CARTESIAN_POINT('',(15.353627053552,-299.3361465534,
    252.68400594365));
#6306 = CARTESIAN_POINT('',(15.343978495997,-299.3261258946,
    252.69118068829));
#6307 = CARTESIAN_POINT('',(15.334241132478,-299.3161630481,
    252.69830831555));
#6308 = CARTESIAN_POINT('',(15.324409434117,-299.3062614077,
    252.70538584505));
#6309 = CARTESIAN_POINT('',(15.304543017991,-299.2865900207,
    252.71943312858));
#6310 = CARTESIAN_POINT('',(15.294508383192,-299.276820204,
    252.72640292104));
#6311 = CARTESIAN_POINT('',(15.284366468518,-299.2671200474,
    252.73331575685));
#6312 = CARTESIAN_POINT('',(15.274112114094,-299.257492966,
    252.74016890172));
#6313 = CARTESIAN_POINT('',(15.263740860253,-299.2479417282,
    252.74695997159));
#6314 = CARTESIAN_POINT('',(15.253248962891,-299.2384689545,
    252.75368700403));
#6315 = CARTESIAN_POINT('',(15.242633402123,-299.2290763932,
    252.76034836961));
#6316 = CARTESIAN_POINT('',(15.23189189342,-299.2197657146,
    252.76694287211));
#6317 = CARTESIAN_POINT('',(15.221022900419,-299.2105377938,
    252.77346968967));
#6318 = CARTESIAN_POINT('',(15.199028388432,-299.1922485939,
    252.78638712855));
#6319 = CARTESIAN_POINT('',(15.187902530761,-299.1831875112,
    252.79277757011));
#6320 = CARTESIAN_POINT('',(15.176647076457,-299.1742106255,
    252.79909920854));
#6321 = CARTESIAN_POINT('',(15.165261388561,-299.1653182797,
    252.80535169405));
#6322 = CARTESIAN_POINT('',(15.153745430109,-299.156510615,
    252.81153503315));
#6323 = CARTESIAN_POINT('',(15.142099862061,-299.1477870482,
    252.81764953374));
#6324 = CARTESIAN_POINT('',(15.130326137084,-299.1391467969,
    252.82369601945));
#6325 = CARTESIAN_POINT('',(15.118426417163,-299.1305883253,
    252.82967558961));
#6326 = CARTESIAN_POINT('',(15.10640348393,-299.1221099082,
    252.83558975445));
#6327 = CARTESIAN_POINT('',(15.082117533731,-299.1053089924,
    252.84729060773));
#6328 = CARTESIAN_POINT('',(15.069494025387,-299.0972206449,
    252.8528859115));
#6329 = CARTESIAN_POINT('',(15.059317703397,-299.0875428172,
    252.85978049042));
#6330 = CARTESIAN_POINT('',(15.040612912613,-299.0834043754,
    252.8621470249));
#6331 = CARTESIAN_POINT('',(15.038223436933,-299.0686687966,
    252.87317596448));
#6332 = CARTESIAN_POINT('',(15.015896152251,-299.0668832998,
    252.87361913547));
#6333 = CARTESIAN_POINT('',(15.006721400263,-299.0565548419,
    252.88104551821));
#6334 = CARTESIAN_POINT('',(14.994414638171,-299.0482608029,
    252.88680900137));
#6335 = CARTESIAN_POINT('',(14.981552285374,-299.0403275692,
    252.89227748754));
#6336 = CARTESIAN_POINT('',(14.968671036711,-299.0324066231,
    252.89773594809));
#6337 = CARTESIAN_POINT('',(15.595306726539,-299.6301141113,
    252.53108720291));
#6338 = CARTESIAN_POINT('',(15.586021368879,-299.6198573533,
    252.53845514872));
#6339 = CARTESIAN_POINT('',(15.576662580419,-299.6096482954,
    252.54578408781));
#6340 = CARTESIAN_POINT('',(15.567219102933,-299.5994942813,
    252.55306805608));
#6341 = CARTESIAN_POINT('',(15.557682377964,-299.5894007741,
    252.56030250766));
#6342 = CARTESIAN_POINT('',(15.548046758142,-299.579371607,
    252.56748444603));
#6343 = CARTESIAN_POINT('',(15.538310126511,-299.5694079434,
    252.57461274205));
#6344 = CARTESIAN_POINT('',(15.528474843498,-299.5595084742,
    252.58168864074));
#6345 = CARTESIAN_POINT('',(15.518549113151,-299.5496677059,
    252.58871649474));
#6346 = CARTESIAN_POINT('',(15.508548683956,-299.5398755153,
    252.595704652));
#6347 = CARTESIAN_POINT('',(15.488449211837,-299.5203552508,
    252.60962850738));
#6348 = CARTESIAN_POINT('',(15.478284085682,-299.5106701056,
    252.61652911348));
#6349 = CARTESIAN_POINT('',(15.46859285467,-299.5006771627,
    252.6236813611));
#6350 = CARTESIAN_POINT('',(15.457164537829,-299.4918126845,
    252.62991095826));
#6351 = CARTESIAN_POINT('',(15.449424347025,-299.4805523888,
    252.63809932693));
#6352 = CARTESIAN_POINT('',(15.436950289313,-299.4723673112,
    252.64377342739));
#6353 = CARTESIAN_POINT('',(15.428671469164,-299.4614569817,
    252.65167562638));
#6354 = CARTESIAN_POINT('',(15.418596894528,-299.4517131875,
    252.65862407412));
#6355 = CARTESIAN_POINT('',(15.409112601669,-299.4415859621,
    252.66588600531));
#6356 = CARTESIAN_POINT('',(15.390177922265,-299.4213094813,
    252.68042787046));
#6357 = CARTESIAN_POINT('',(15.380784954224,-299.4111229262,
    252.68773829421));
#6358 = CARTESIAN_POINT('',(15.37142745816,-299.4009133469,
    252.69506756736));
#6359 = CARTESIAN_POINT('',(15.362073153939,-299.3907016407,
    252.70239852617));
#6360 = CARTESIAN_POINT('',(15.352696685852,-299.3805044058,
    252.7097177438));
#6361 = CARTESIAN_POINT('',(15.343278507044,-299.3703341647,
    252.71701479982));
#6362 = CARTESIAN_POINT('',(15.333803161522,-299.3602011333,
    252.72428152507));
#6363 = CARTESIAN_POINT('',(15.324257913992,-299.3501134478,
    252.73151112949));
#6364 = CARTESIAN_POINT('',(15.314632530329,-299.3400778334,
    252.73869819548));
#6365 = CARTESIAN_POINT('',(15.295209764946,-299.3201183007,
    252.75298101101));
#6366 = CARTESIAN_POINT('',(15.285410644902,-299.3101955168,
    252.76007583945));
#6367 = CARTESIAN_POINT('',(15.275516608195,-299.3003343892,
    252.76712027629));
#6368 = CARTESIAN_POINT('',(15.265521252954,-299.2905390429,
    252.77411092063));
#6369 = CARTESIAN_POINT('',(15.255418969554,-299.280813186,
    252.78104479949));
#6370 = CARTESIAN_POINT('',(15.245204950601,-299.2711598485,
    252.7879193513));
#6371 = CARTESIAN_POINT('',(15.234875205476,-299.261581725,
    252.79473246624));
#6372 = CARTESIAN_POINT('',(15.224426571934,-299.2520807814,
    252.80148245956));
#6373 = CARTESIAN_POINT('',(15.213856728658,-299.2426585827,
    252.8081681005));
#6374 = CARTESIAN_POINT('',(15.192471687485,-299.223973529,
    252.82140911894));
#6375 = CARTESIAN_POINT('',(15.181656123352,-299.2147109224,
    252.82796430277));
#6376 = CARTESIAN_POINT('',(15.170715576663,-299.2055294812,
    252.83445312691));
#6377 = CARTESIAN_POINT('',(15.159648664347,-299.1964301341,
    252.84087486992));
#6378 = CARTESIAN_POINT('',(15.148454578991,-299.1874133556,
    252.84722907811));
#6379 = CARTESIAN_POINT('',(15.13713315274,-299.1784793208,
    252.85351569793));
#6380 = CARTESIAN_POINT('',(15.12568491181,-299.1696276186,
    252.85973496933));
#6381 = CARTESIAN_POINT('',(15.114111187801,-299.1608574413,
    252.86588763262));
#6382 = CARTESIAN_POINT('',(15.10241422061,-299.1521672986,
    252.8719748554));
#6383 = CARTESIAN_POINT('',(15.078780388029,-299.1349428346,
    252.88402193765));
#6384 = CARTESIAN_POINT('',(15.066848710079,-299.1264051403,
    252.88998454512));
#6385 = CARTESIAN_POINT('',(15.054776219537,-299.1179589047,
    252.89587240355));
#6386 = CARTESIAN_POINT('',(15.042596947508,-299.109582011,
    252.90170354618));
#6387 = CARTESIAN_POINT('',(15.03051218084,-299.1011437779,
    252.90758489017));
#6388 = CARTESIAN_POINT('',(15.017652561781,-299.0932087439,
    252.91305482153));
#6389 = CARTESIAN_POINT('',(15.005866837924,-299.0845762809,
    252.91909493306));
#6390 = CARTESIAN_POINT('',(14.993055308286,-299.0766100356,
    252.92459040075));
#6391 = CARTESIAN_POINT('',(14.980470129069,-299.0684967967,
    252.93020605175));
#6392 = CARTESIAN_POINT('',(14.967675065856,-299.0605198717,
    252.93571026635));
#6393 = CARTESIAN_POINT('',(15.585049333018,-299.6642425489,
    252.56414453816));
#6394 = CARTESIAN_POINT('',(15.575813231204,-299.6539538007,
    252.57153863001));
#6395 = CARTESIAN_POINT('',(15.566502685475,-299.6437134241,
    252.57889317619));
#6396 = CARTESIAN_POINT('',(15.557105207441,-299.6335295118,
    252.58620155649));
#6397 = CARTESIAN_POINT('',(15.54761081648,-299.6234085673,252.593458476
    ));
#6398 = CARTESIAN_POINT('',(15.538012719949,-299.6133549616,
    252.60066032904));
#6399 = CARTESIAN_POINT('',(15.528308204955,-299.6033705153,
    252.60780566963));
#6400 = CARTESIAN_POINT('',(15.518499758411,-299.5934535603,
    252.61489581637));
#6401 = CARTESIAN_POINT('',(15.508596396272,-299.5835982925,
    252.62193554492));
#6402 = CARTESIAN_POINT('',(15.49861521969,-299.5737935855,
    252.62893392656));
#6403 = CARTESIAN_POINT('',(15.478551149634,-299.5542503198,
    252.64287658669));
#6404 = CARTESIAN_POINT('',(15.468470500185,-299.5445102986,
    252.64982206169));
#6405 = CARTESIAN_POINT('',(15.45835919098,-299.5347902279,
    252.65675120611));
#6406 = CARTESIAN_POINT('',(15.448256524344,-299.5250645934,
    252.66368488708));
#6407 = CARTESIAN_POINT('',(15.438213834736,-299.5153000185,
    252.67065037041));
#6408 = CARTESIAN_POINT('',(15.42827969525,-299.50546498,252.67767345855
    ));
#6409 = CARTESIAN_POINT('',(15.418484962248,-299.4955393872,
    252.68477055111));
#6410 = CARTESIAN_POINT('',(15.408832973933,-299.4855210932,
    252.6919434304));
#6411 = CARTESIAN_POINT('',(15.399300219893,-299.4754253472,
    252.69917962054));
#6412 = CARTESIAN_POINT('',(15.380405374461,-299.4551230053,
    252.71374261969));
#6413 = CARTESIAN_POINT('',(15.37104759642,-299.4449136066,
    252.72107172046));
#6414 = CARTESIAN_POINT('',(15.361745167183,-299.4346682497,
    252.72843021354));
#6415 = CARTESIAN_POINT('',(15.352468780599,-299.4244059836,
    252.73580254098));
#6416 = CARTESIAN_POINT('',(15.343193404077,-299.4141430409,
    252.74317540978));
#6417 = CARTESIAN_POINT('',(15.333897750989,-299.403893283,
    252.75053751895));
#6418 = CARTESIAN_POINT('',(15.324563958394,-299.3936682778,
    252.75787938286));
#6419 = CARTESIAN_POINT('',(15.315177449383,-299.3834775193,
    252.76519326183));
#6420 = CARTESIAN_POINT('',(15.305727000941,-299.3733282831,
    252.77247319665));
#6421 = CARTESIAN_POINT('',(15.286682999132,-299.3531227549,
    252.78695709445));
#6422 = CARTESIAN_POINT('',(15.277087903861,-299.3430674644,
    252.79416023855));
#6423 = CARTESIAN_POINT('',(15.267411203785,-299.3330651707,
    252.80132005894));
#6424 = CARTESIAN_POINT('',(15.257645247101,-299.3231208559,
    252.80843249338));
#6425 = CARTESIAN_POINT('',(15.247783250047,-299.3132389045,
    252.81549393878));
#6426 = CARTESIAN_POINT('',(15.237819308011,-299.3034231812,
    252.82250126147));
#6427 = CARTESIAN_POINT('',(15.227748404699,-299.293676913,
    252.82945179685));
#6428 = CARTESIAN_POINT('',(15.217566423054,-299.2840027999,
    252.83634335921));
#6429 = CARTESIAN_POINT('',(15.207270154932,-299.2744029095,
    252.84317424532));
#6430 = CARTESIAN_POINT('',(15.186444468022,-299.2553545618,
    252.85671223395));
#6431 = CARTESIAN_POINT('',(15.175914644232,-299.245906365,
    252.86341912088));
#6432 = CARTESIAN_POINT('',(15.165265017552,-299.2365359816,
    252.87006240454));
#6433 = CARTESIAN_POINT('',(15.154493312132,-299.227244884,
    252.87664086911));
#6434 = CARTESIAN_POINT('',(15.143597842409,-299.2180341764,
    252.88315363277));
#6435 = CARTESIAN_POINT('',(15.132577553712,-299.2089045317,
    252.8896001175));
#6436 = CARTESIAN_POINT('',(15.121432067185,-299.1998562091,
    252.89598014084));
#6437 = CARTESIAN_POINT('',(15.110161719857,-299.1908889787,
    252.90229386634));
#6438 = CARTESIAN_POINT('',(15.098767608965,-299.1820021352,
    252.90854188584));
#6439 = CARTESIAN_POINT('',(15.075735657768,-299.1643867487,
    252.92090852074));
#6440 = CARTESIAN_POINT('',(15.064104763373,-299.1556536954,
    252.92703082562));
#6441 = CARTESIAN_POINT('',(15.052319042645,-299.1470212014,
    252.93307092688));
#6442 = CARTESIAN_POINT('',(15.040467661724,-299.1384313551,
    252.93907617193));
#6443 = CARTESIAN_POINT('',(15.028596574042,-299.1298543043,
    252.94507094903));
#6444 = CARTESIAN_POINT('',(15.016111087408,-299.1216763162,
    252.95073952605));
#6445 = CARTESIAN_POINT('',(15.004475909814,-299.1129460354,
    252.9568595611));
#6446 = CARTESIAN_POINT('',(14.991908667616,-299.1048211468,
    252.96248473022));
#6447 = CARTESIAN_POINT('',(14.979457514042,-299.0966208521,
    252.96817153556));
#6448 = CARTESIAN_POINT('',(14.966789257314,-299.088561569,
    252.97374307393));
#6449 = CARTESIAN_POINT('',(15.566546375764,-299.7311927033,
    252.63132738499));
#6450 = CARTESIAN_POINT('',(15.557435923853,-299.7208223494,
    252.63878818259));
#6451 = CARTESIAN_POINT('',(15.548250513273,-299.7105007007,
    252.64620915604));
#6452 = CARTESIAN_POINT('',(15.538974675546,-299.700237806,
    252.65358210114));
#6453 = CARTESIAN_POINT('',(15.529594728344,-299.6900425228,
    252.66089976369));
#6454 = CARTESIAN_POINT('',(15.520100665199,-299.6799213893,
    252.66815682988));
#6455 = CARTESIAN_POINT('',(15.510487831698,-299.6698773724,
    252.67535083672));
#6456 = CARTESIAN_POINT('',(15.500758375864,-299.6599091419,
    252.6824829103));
#6457 = CARTESIAN_POINT('',(15.490922486896,-299.6500100376,
    252.68955845982));
#6458 = CARTESIAN_POINT('',(15.480999408942,-299.6401675994,
    252.69658768529));
#6459 = CARTESIAN_POINT('',(15.461037071332,-299.6205582486,
    252.71058436549));
#6460 = CARTESIAN_POINT('',(15.451000483806,-299.6107896003,
    252.71755324209));
#6461 = CARTESIAN_POINT('',(15.440926019406,-299.601045592,
    252.72450196283));
#6462 = CARTESIAN_POINT('',(15.430858988156,-299.591296789,
    252.73145457877));
#6463 = CARTESIAN_POINT('',(15.420846824231,-299.5815123854,
    252.73843629438));
#6464 = CARTESIAN_POINT('',(15.410927375224,-299.5716677778,
    252.74546719543));
#6465 = CARTESIAN_POINT('',(15.401125803836,-299.5617466311,
    252.75256067065));
#6466 = CARTESIAN_POINT('',(15.3914547919,-299.5517406869,
    252.75972344881));
#6467 = CARTESIAN_POINT('',(15.381912724075,-299.5416509967,
    252.7669546894));
#6468 = CARTESIAN_POINT('',(15.363036356359,-299.5213366699,
    252.78152747857));
#6469 = CARTESIAN_POINT('',(15.353706550967,-299.5111091128,
    252.78887141601));
#6470 = CARTESIAN_POINT('',(15.344464175112,-299.5008247715,
    252.79626177503));
#6471 = CARTESIAN_POINT('',(15.335286545103,-299.4904983648,
    252.80368651738));
#6472 = CARTESIAN_POINT('',(15.326150673615,-299.4801448452,
    252.8111334324));
#6473 = CARTESIAN_POINT('',(15.317034510994,-299.469778506,
    252.81859082211));
#6474 = CARTESIAN_POINT('',(15.307917982944,-299.459412412,
    252.82604801815));
#6475 = CARTESIAN_POINT('',(15.298783841685,-299.4490577483,
    252.83349587049));
#6476 = CARTESIAN_POINT('',(15.289618313363,-299.4387234699,
    252.84092706095));
#6477 = CARTESIAN_POINT('',(15.271204798438,-299.4181084633,
    252.85574567173));
#6478 = CARTESIAN_POINT('',(15.261955200606,-299.4078287808,
    252.86313223589));
#6479 = CARTESIAN_POINT('',(15.25265171304,-299.3975841016,
    252.87049019177));
#6480 = CARTESIAN_POINT('',(15.243284296817,-299.3873809319,
    252.87781421048));
#6481 = CARTESIAN_POINT('',(15.233843913686,-299.3772251674,
    252.88509949027));
#6482 = CARTESIAN_POINT('',(15.224322515377,-299.3671220021,
    252.89234176216));
#6483 = CARTESIAN_POINT('',(15.214713034115,-299.3570760614,
    252.8995372683));
#6484 = CARTESIAN_POINT('',(15.205009371817,-299.3470912782,
    252.90668277553));
#6485 = CARTESIAN_POINT('',(15.19520639047,-299.337171007,
    252.91377555269));
#6486 = CARTESIAN_POINT('',(15.175393412833,-299.3174649143,
    252.92785120133));
#6487 = CARTESIAN_POINT('',(15.165383037057,-299.3076793419,
    252.93483387247));
#6488 = CARTESIAN_POINT('',(15.155263943765,-299.2979643791,
    252.94175881941));
#6489 = CARTESIAN_POINT('',(15.145031940031,-299.2883227523,
    252.94862383136));
#6490 = CARTESIAN_POINT('',(15.134683427993,-299.2787567942,
    252.95542697067));
#6491 = CARTESIAN_POINT('',(15.124215362609,-299.2692684884,
    252.96216665648));
#6492 = CARTESIAN_POINT('',(15.113625208778,-299.2598594749,
    252.96884150598));
#6493 = CARTESIAN_POINT('',(15.102910899263,-299.2505311028,
    252.97545045033));
#6494 = CARTESIAN_POINT('',(15.092070791934,-299.2412844342,
    252.9819926004));
#6495 = CARTESIAN_POINT('',(15.070136462838,-299.2229561451,
    252.9949419887));
#6496 = CARTESIAN_POINT('',(15.059037186991,-299.2138778059,
    253.00134654135));
#6497 = CARTESIAN_POINT('',(15.047848406536,-299.2048576011,
    253.00770357565));
#6498 = CARTESIAN_POINT('',(15.03638846412,-299.1960135141,
    253.01391663902));
#6499 = CARTESIAN_POINT('',(15.025127155888,-299.1870404159,
    253.02023517011));
#6500 = CARTESIAN_POINT('',(15.013206048829,-299.1784958561,
    253.02620338622));
#6501 = CARTESIAN_POINT('',(15.001753838338,-299.1696467492,
    253.03242056171));
#6502 = CARTESIAN_POINT('',(14.989709280772,-299.1611823708,
    253.03832323708));
#6503 = CARTESIAN_POINT('',(14.97753803151,-299.1528002832,
    253.04415864839));
#6504 = CARTESIAN_POINT('',(14.965143390986,-299.1445632878,
    253.04987545399));
#6505 = CARTESIAN_POINT('',(15.558300209847,-299.7640148169,
    252.66545256982));
#6506 = CARTESIAN_POINT('',(15.549266232847,-299.7535947905,
    252.67295397002));
#6507 = CARTESIAN_POINT('',(15.540158152235,-299.7432229275,
    252.68041599582));
#6508 = CARTESIAN_POINT('',(15.530955877666,-299.7329122308,
    252.68782799601));
#6509 = CARTESIAN_POINT('',(15.521653338984,-299.7226667365,
    252.69518672889));
#6510 = CARTESIAN_POINT('',(15.512220531839,-299.712505736,
    252.70247633995));
#6511 = CARTESIAN_POINT('',(15.502668514344,-299.7024223186,
    252.70970259232));
#6512 = CARTESIAN_POINT('',(15.492993701106,-299.6924185269,
    252.71686369798));
#6513 = CARTESIAN_POINT('',(15.483201265979,-299.6824912419,
    252.72396230134));
#6514 = CARTESIAN_POINT('',(15.473317668513,-299.6726231484,
    252.73101248876));
#6515 = CARTESIAN_POINT('',(15.453421573546,-299.6529707752,
    252.74504433616));
#6516 = CARTESIAN_POINT('',(15.44341216874,-299.6431844667,
    252.7520276512));
#6517 = CARTESIAN_POINT('',(15.4333601647,-299.6334258682,
    252.75898828953));
#6518 = CARTESIAN_POINT('',(15.423310666631,-299.623665671,
    252.76595024601));
#6519 = CARTESIAN_POINT('',(15.413308930973,-299.6138744825,
    252.77293747382));
#6520 = CARTESIAN_POINT('',(15.403390304402,-299.6040293427,
    252.77996885542));
#6521 = CARTESIAN_POINT('',(15.393579535053,-299.5941141576,
    252.78705742572));
#6522 = CARTESIAN_POINT('',(15.383892625041,-299.5841185424,
    252.7942117814));
#6523 = CARTESIAN_POINT('',(15.374334470618,-299.5740392999,
    252.80143447463));
#6524 = CARTESIAN_POINT('',(15.355436460649,-299.5537390348,
    252.81599576896));
#6525 = CARTESIAN_POINT('',(15.346100702303,-299.543515353,
    252.82333653667));
#6526 = CARTESIAN_POINT('',(15.336863694833,-299.5332275184,
    252.83072974709));
#6527 = CARTESIAN_POINT('',(15.327706982389,-299.5228875553,
    252.83816557079));
#6528 = CARTESIAN_POINT('',(15.318609943144,-299.5125087929,
    252.84563311566));
#6529 = CARTESIAN_POINT('',(15.309551385298,-299.5021050711,
    252.85312105757));
#6530 = CARTESIAN_POINT('',(15.300511007449,-299.4916895101,
    252.86061869272));
#6531 = CARTESIAN_POINT('',(15.291470646777,-299.4812739472,
    252.86811631727));
#6532 = CARTESIAN_POINT('',(15.282415391114,-299.4708680532,
    252.87560604974));
#6533 = CARTESIAN_POINT('',(15.264253595302,-299.4500895655,
    252.89055828857));
#6534 = CARTESIAN_POINT('',(15.255145488963,-299.4397179971,
    252.89801996696));
#6535 = CARTESIAN_POINT('',(15.245997905467,-299.4293720437,
    252.90546069104));
#6536 = CARTESIAN_POINT('',(15.236799664561,-299.4190590364,
    252.91287451864));
#6537 = CARTESIAN_POINT('',(15.227540642809,-299.408785433,
    252.9202560894));
#6538 = CARTESIAN_POINT('',(15.218211747217,-299.398557292,
    252.92760055119));
#6539 = CARTESIAN_POINT('',(15.20880488112,-299.3883797179,
    252.93490363441));
#6540 = CARTESIAN_POINT('',(15.199312919359,-299.3782574607,
    252.94216152911));
#6541 = CARTESIAN_POINT('',(15.189729674502,-299.3681944661,
    252.9493709673));
#6542 = CARTESIAN_POINT('',(15.170370065229,-299.3481939189,
    252.96368731424));
#6543 = CARTESIAN_POINT('',(15.160593355836,-299.3382565815,
    252.97079403433));
#6544 = CARTESIAN_POINT('',(15.150713802765,-299.3283860409,
    252.97784617795));
#6545 = CARTESIAN_POINT('',(15.140726185013,-299.3185856873,
    252.98484089636));
#6546 = CARTESIAN_POINT('',(15.130625884641,-299.3088585186,
    252.99177587222));
#6547 = CARTESIAN_POINT('',(15.120408780044,-299.2992072129,
    252.99864873913));
#6548 = CARTESIAN_POINT('',(15.110071128655,-299.2896342046,
    253.00545769131));
#6549 = CARTESIAN_POINT('',(15.099609460846,-299.2801417393,
    253.0122007436));
#6550 = CARTESIAN_POINT('',(15.089020463915,-299.2707319779,
    253.01887622178));
#6551 = CARTESIAN_POINT('',(15.067581282884,-299.2520820908,
    253.03208849238));
#6552 = CARTESIAN_POINT('',(15.056729525182,-299.2428429932,
    253.03862445919));
#6553 = CARTESIAN_POINT('',(15.045754470293,-299.2336839656,
    253.04509496377));
#6554 = CARTESIAN_POINT('',(15.03460144767,-299.2246405496,
    253.05147097764));
#6555 = CARTESIAN_POINT('',(15.02339608562,-299.2156310947,
    253.05781921366));
#6556 = CARTESIAN_POINT('',(15.01192672595,-299.2067931495,
    253.06402726853));
#6557 = CARTESIAN_POINT('',(15.000336743565,-299.1980335046,
    253.0701713006));
#6558 = CARTESIAN_POINT('',(14.988640339764,-299.1893430169,
    253.07625881557));
#6559 = CARTESIAN_POINT('',(14.976622445491,-299.1808613177,
    253.08217564803));
#6560 = CARTESIAN_POINT('',(14.964378119102,-299.172526696,
    253.08797225809));
#6561 = CARTESIAN_POINT('',(15.551050183271,-299.7961899135,
    252.70010665997));
#6562 = CARTESIAN_POINT('',(15.542105047307,-299.785712187,
    252.70765523057));
#6563 = CARTESIAN_POINT('',(15.533086366565,-299.77528223,
    252.71516473053));
#6564 = CARTESIAN_POINT('',(15.523974621194,-299.7649128245,
    252.72262475283));
#6565 = CARTESIAN_POINT('',(15.514759373984,-299.754610468,
    252.73002990693));
#6566 = CARTESIAN_POINT('',(15.505397572138,-299.7444036035,
    252.73735708143));
#6567 = CARTESIAN_POINT('',(15.49593021573,-299.7342649513,
    252.74462839207));
#6568 = CARTESIAN_POINT('',(15.48630824643,-299.724227034,
    252.75181747026));
#6569 = CARTESIAN_POINT('',(15.476571629881,-299.7142633935,
    252.75894573762));
#6570 = CARTESIAN_POINT('',(15.466733639686,-299.7043657202,
    252.76602011982));
#6571 = CARTESIAN_POINT('',(15.446913017437,-299.6846643211,
    252.78009203543));
#6572 = CARTESIAN_POINT('',(15.436932673486,-299.6748591469,
    252.78709076557));
#6573 = CARTESIAN_POINT('',(15.426902814854,-299.6650861491,
    252.79406319918));
#6574 = CARTESIAN_POINT('',(15.416867409657,-299.6553168081,
    252.80103257321));
#6575 = CARTESIAN_POINT('',(15.406869931686,-299.6455228439,
    252.80802216512));
#6576 = CARTESIAN_POINT('',(15.396944824586,-299.6356819043,
    252.81505000984));
#6577 = CARTESIAN_POINT('',(15.387117593717,-299.6257774159,
    252.82212992524));
#6578 = CARTESIAN_POINT('',(15.37740692857,-299.6157972223,
    252.82927162538));
#6579 = CARTESIAN_POINT('',(15.367822053537,-299.6057353367,
    252.83648014944));
#6580 = CARTESIAN_POINT('',(15.348875328038,-299.5854667178,
    252.85101556954));
#6581 = CARTESIAN_POINT('',(15.339517143249,-299.5752575961,
    252.85834443657));
#6582 = CARTESIAN_POINT('',(15.330265310375,-299.5649794242,
    252.86572974384));
#6583 = CARTESIAN_POINT('',(15.32110572964,-299.5546412793,
    252.87316408403));
#6584 = CARTESIAN_POINT('',(15.312020764561,-299.544254743,
    252.88063796726));
#6585 = CARTESIAN_POINT('',(15.302990962558,-299.5338322997,
    252.8881412341));
#6586 = CARTESIAN_POINT('',(15.293996612914,-299.5233868778,
    252.89566324626));
#6587 = CARTESIAN_POINT('',(15.285019320764,-299.5129303521,
    252.90319437614));
#6588 = CARTESIAN_POINT('',(15.276043420332,-299.5024729212,
    252.9107262218));
#6589 = CARTESIAN_POINT('',(15.25807131962,-299.4815712443,
    252.92577916103));
#6590 = CARTESIAN_POINT('',(15.249073734899,-299.4711278786,
    252.93329951089));
#6591 = CARTESIAN_POINT('',(15.240051290619,-299.4607007076,
    252.94080666203));
#6592 = CARTESIAN_POINT('',(15.230991786653,-299.4502974969,
    252.94829415654));
#6593 = CARTESIAN_POINT('',(15.221884101913,-299.4399257374,
    252.95575604465));
#6594 = CARTESIAN_POINT('',(15.212718136999,-299.429591644,
    252.96318703511));
#6595 = CARTESIAN_POINT('',(15.203484774286,-299.4193014861,
    252.97058220305));
#6596 = CARTESIAN_POINT('',(15.194175816181,-299.4090603154,
    252.97793727037));
#6597 = CARTESIAN_POINT('',(15.184783945113,-299.3988730476,
    252.98524830445));
#6598 = CARTESIAN_POINT('',(15.165821388149,-299.378614617,
    252.9997754452));
#6599 = CARTESIAN_POINT('',(15.1562504989,-299.3685436053,
    253.00699145676));
#6600 = CARTESIAN_POINT('',(15.1465829108,-299.3585353968,
    253.01415607234));
#6601 = CARTESIAN_POINT('',(15.136812275205,-299.3485941111,
    253.02126610807));
#6602 = CARTESIAN_POINT('',(15.126932817077,-299.3387235131,
    253.0283181682));
#6603 = CARTESIAN_POINT('',(15.116939146774,-299.3289270885,
    253.03530982697));
#6604 = CARTESIAN_POINT('',(15.10682610139,-299.3192081953,
    253.04223789783));
#6605 = CARTESIAN_POINT('',(15.096588554443,-299.3095701725,
    253.04910000987));
#6606 = CARTESIAN_POINT('',(15.086221253667,-299.300016416,
    253.05589316571));
#6607 = CARTESIAN_POINT('',(15.065216022594,-299.2810846851,
    253.06933583383));
#6608 = CARTESIAN_POINT('',(15.054583738729,-299.271703029,
    253.07598832058));
#6609 = CARTESIAN_POINT('',(15.043771086271,-299.2624385519,
    253.08254504307));
#6610 = CARTESIAN_POINT('',(15.032935650977,-299.2531888113,
    253.08908969167));
#6611 = CARTESIAN_POINT('',(15.021721464178,-299.2441851637,
    253.09543320119));
#6612 = CARTESIAN_POINT('',(15.010531852269,-299.2351654404,
    253.10178982758));
#6613 = CARTESIAN_POINT('',(14.999207603221,-299.2262332746,
    253.10807490468));
#6614 = CARTESIAN_POINT('',(14.987516289681,-299.2175394343,
    253.11416514182));
#6615 = CARTESIAN_POINT('',(14.975692124825,-299.2089319304,
    253.12018482262));
#6616 = CARTESIAN_POINT('',(14.963605279661,-299.2004950202,
    253.12606504362));
#6617 = CARTESIAN_POINT('',(15.544773704107,-299.8277326685,
    252.73527765674));
#6618 = CARTESIAN_POINT('',(15.535929357915,-299.8171894626,
    252.74287975062));
#6619 = CARTESIAN_POINT('',(15.527013595394,-299.8066927024,
    252.75044388438));
#6620 = CARTESIAN_POINT('',(15.517997694186,-299.7962609187,
    252.75795483403));
#6621 = CARTESIAN_POINT('',(15.508892008325,-299.7858876596,
    252.76541805562));
#6622 = CARTESIAN_POINT('',(15.499606818802,-299.77563069,
    252.77278602375));
#6623 = CARTESIAN_POINT('',(15.490223927682,-299.765437555,
    252.78010204967));
#6624 = CARTESIAN_POINT('',(15.480675072979,-299.7553518561,
    252.7873300274));
#6625 = CARTESIAN_POINT('',(15.470994806395,-299.7453518018,
    252.79448814567));
#6626 = CARTESIAN_POINT('',(15.461206634109,-299.7354217129,
    252.80158898871));
#6627 = CARTESIAN_POINT('',(15.441463081757,-299.7156702839,
    252.8157017981));
#6628 = CARTESIAN_POINT('',(15.431510341308,-299.705847167,
    252.82271520155));
#6629 = CARTESIAN_POINT('',(15.421499166182,-299.6960620626,
    252.82969748801));
#6630 = CARTESIAN_POINT('',(15.411472072227,-299.6862872927,
    252.83667139972));
#6631 = CARTESIAN_POINT('',(15.401471263755,-299.6764955071,
    252.84365905151));
#6632 = CARTESIAN_POINT('',(15.391531330366,-299.6666641939,
    252.85067921198));
#6633 = CARTESIAN_POINT('',(15.381679312325,-299.656775794,
    252.85774582629));
#6634 = CARTESIAN_POINT('',(15.371936192676,-299.6468166853,
    252.86487038039));
#6635 = CARTESIAN_POINT('',(15.362314223099,-299.6367788914,
    252.87205917819));
#6636 = CARTESIAN_POINT('',(15.343294130829,-299.6165579247,
    252.88655565356));
#6637 = CARTESIAN_POINT('',(15.333899279846,-299.606372636,
    252.89386503169));
#6638 = CARTESIAN_POINT('',(15.32461565906,-299.5961150693,
    252.90123350257));
#6639 = CARTESIAN_POINT('',(15.315433233123,-299.5857918481,
    252.90865562475));
#6640 = CARTESIAN_POINT('',(15.306337557675,-299.5754121776,
    252.91612392636));
#6641 = CARTESIAN_POINT('',(15.297311340893,-299.5649874916,
    252.92362897183));
#6642 = CARTESIAN_POINT('',(15.288336146308,-299.5545295948,
    252.93116123733));
#6643 = CARTESIAN_POINT('',(15.279393943363,-299.5440502928,
    252.93871093703));
#6644 = CARTESIAN_POINT('',(15.270468794852,-299.5335599105,
    252.94626973844));
#6645 = CARTESIAN_POINT('',(15.2526281037,-299.5125728864,
    252.96139242678));
#6646 = CARTESIAN_POINT('',(15.243711478332,-299.5020769791,
    252.96895575079));
#6647 = CARTESIAN_POINT('',(15.234784420768,-299.4915877626,
    252.97651355078));
#6648 = CARTESIAN_POINT('',(15.225833891956,-299.4811139553,
    252.98405886287));
#6649 = CARTESIAN_POINT('',(15.216847892488,-299.4706629318,
    252.99158540467));
#6650 = CARTESIAN_POINT('',(15.207815406531,-299.4602423853,
    252.99908719139));
#6651 = CARTESIAN_POINT('',(15.198726318182,-299.4498583461,
    253.00655900895));
#6652 = CARTESIAN_POINT('',(15.189571362708,-299.4395172546,
    253.01399580124));
#6653 = CARTESIAN_POINT('',(15.180342042827,-299.4292243786,
    253.02139314256));
#6654 = CARTESIAN_POINT('',(15.161719101739,-299.4087453837,
    253.03610058969));
#6655 = CARTESIAN_POINT('',(15.152325409147,-299.3985592824,
    253.04341063755));
#6656 = CARTESIAN_POINT('',(15.142841306934,-299.3884319006,
    253.05067278248));
#6657 = CARTESIAN_POINT('',(15.133259268865,-299.3783681354,
    253.05788272284));
#6658 = CARTESIAN_POINT('',(15.123572234266,-299.3683725482,
    253.06503724879));
#6659 = CARTESIAN_POINT('',(15.113773446215,-299.3584495538,
    253.07213205812));
#6660 = CARTESIAN_POINT('',(15.103856245049,-299.3486034698,
    253.0791643457));
#6661 = CARTESIAN_POINT('',(15.093813909528,-299.3388386471,
    253.08612996547));
#6662 = CARTESIAN_POINT('',(15.083639455826,-299.3291596472,
    253.0930255528));
#6663 = CARTESIAN_POINT('',(15.063011479156,-299.3099828862,
    253.10666849979));
#6664 = CARTESIAN_POINT('',(15.052553653573,-299.3004879436,
    253.11341361372));
#6665 = CARTESIAN_POINT('',(15.041976115452,-299.2910707017,
    253.12009517106));
#6666 = CARTESIAN_POINT('',(15.031157385115,-299.2818102204,
    253.12664864788));
#6667 = CARTESIAN_POINT('',(15.020341595634,-299.2725476665,
    253.13320374841));
#6668 = CARTESIAN_POINT('',(15.009178254441,-299.2635110399,
    253.1395742355));
#6669 = CARTESIAN_POINT('',(14.997943347999,-299.2545207163,
    253.14590681346));
#6670 = CARTESIAN_POINT('',(14.986494238878,-299.2456696485,
    253.15212560618));
#6671 = CARTESIAN_POINT('',(14.974778295634,-299.236991818,
    253.15820275474));
#6672 = CARTESIAN_POINT('',(14.962823354004,-299.2284692463,
    253.16415300396));
#6673 = CARTESIAN_POINT('',(15.539437910854,-299.8586644385,
    252.77094809743));
#6674 = CARTESIAN_POINT('',(15.530702941986,-299.8480501921,
    252.77860827426));
#6675 = CARTESIAN_POINT('',(15.521899259719,-299.8374805658,
    252.78623194452));
#6676 = CARTESIAN_POINT('',(15.512992476766,-299.8269780635,
    252.79380078742));
#6677 = CARTESIAN_POINT('',(15.5040011839,-299.8165302273,
    252.80132481045));
#6678 = CARTESIAN_POINT('',(15.494809178244,-299.8062131367,
    252.80874214934));
#6679 = CARTESIAN_POINT('',(15.485512870713,-299.795963317,
    252.8161042666));
#6680 = CARTESIAN_POINT('',(15.476043180777,-299.7858266058,
    252.82337412696));
#6681 = CARTESIAN_POINT('',(15.46642118689,-299.7757884779,
    252.8305632531));
#6682 = CARTESIAN_POINT('',(15.456682995588,-299.7658260254,
    252.83769058321));
#6683 = CARTESIAN_POINT('',(15.437012162042,-299.7460273596,
    252.85184199065));
#6684 = CARTESIAN_POINT('',(15.427082654275,-299.7361891809,
    252.85886769005));
#6685 = CARTESIAN_POINT('',(15.417083913111,-299.726395971,
    252.86585665535));
#6686 = CARTESIAN_POINT('',(15.407057188301,-299.7166209965,
    252.87283060325));
#6687 = CARTESIAN_POINT('',(15.397043980907,-299.7068372454,
    252.87981189547));
#6688 = CARTESIAN_POINT('',(15.387079898681,-299.6970216118,
    252.88681900141));
#6689 = CARTESIAN_POINT('',(15.377193966381,-299.6871552515,
    252.89386779736));
#6690 = CARTESIAN_POINT('',(15.367409229937,-299.677223162,
    252.90097015042));
#6691 = CARTESIAN_POINT('',(15.357740078056,-299.667216016,
    252.90813393892));
#6692 = CARTESIAN_POINT('',(15.338624070608,-299.6470573519,
    252.92257947436));
#6693 = CARTESIAN_POINT('',(15.329180043596,-299.636903987,
    252.92986276433));
#6694 = CARTESIAN_POINT('',(15.319850218223,-299.626676489,
    252.93720664279));
#6695 = CARTESIAN_POINT('',(15.310628251436,-299.6163788559,
    252.94460786879));
#6696 = CARTESIAN_POINT('',(15.301502712574,-299.6060187058,
    252.95206016922));
#6697 = CARTESIAN_POINT('',(15.292458708058,-299.5956054811,
    252.95955590887));
#6698 = CARTESIAN_POINT('',(15.283479375564,-299.5851503278,
    252.96708585514));
#6699 = CARTESIAN_POINT('',(15.274547581328,-299.5746642632,
    252.97464113803));
#6700 = CARTESIAN_POINT('',(15.265647493106,-299.5641576032,
    252.98221321387));
#6701 = CARTESIAN_POINT('',(15.247885087627,-299.5431197575,
    252.99737745496));
#6702 = CARTESIAN_POINT('',(15.239022047494,-299.5325890065,
    253.00496922523));
#6703 = CARTESIAN_POINT('',(15.230162455036,-299.5220561053,
    253.01256281374));
#6704 = CARTESIAN_POINT('',(15.221292634366,-299.5115296529,
    253.02015102368));
#6705 = CARTESIAN_POINT('',(15.21239987553,-299.5010183811,
    253.02772697469));
#6706 = CARTESIAN_POINT('',(15.203472344447,-299.4905293643,
    253.03528457992));
#6707 = CARTESIAN_POINT('',(15.194499020058,-299.4800703749,
    253.0428177667));
#6708 = CARTESIAN_POINT('',(15.185469596321,-299.4696476263,
    253.0503212519));
#6709 = CARTESIAN_POINT('',(15.176374419933,-299.4592676743,
    253.05778979313));
#6710 = CARTESIAN_POINT('',(15.158034379875,-299.4386049326,
    253.07264742304));
#6711 = CARTESIAN_POINT('',(15.148789511515,-299.4283221789,
    253.08003653157));
#6712 = CARTESIAN_POINT('',(15.139460590159,-299.4180940139,
    253.08738090429));
#6713 = CARTESIAN_POINT('',(15.130038901123,-299.4079260911,
    253.09467627682));
#6714 = CARTESIAN_POINT('',(15.120516098475,-299.3978238532,
    253.10191757726));
#6715 = CARTESIAN_POINT('',(15.110884050904,-299.3877925618,
    253.10910133752));
#6716 = CARTESIAN_POINT('',(15.101134730031,-299.3778374294,
    253.11622242601));
#6717 = CARTESIAN_POINT('',(15.091260054199,-299.3679637319,
    253.12327723817));
#6718 = CARTESIAN_POINT('',(15.081251771293,-299.3581767941,
    253.13026098399));
#6719 = CARTESIAN_POINT('',(15.060950854558,-299.3387876217,
    253.14407758488));
#6720 = CARTESIAN_POINT('',(15.050656663287,-299.3291863688,
    253.15090956661));
#6721 = CARTESIAN_POINT('',(15.040220435861,-299.3196774318,
    253.15766614521));
#6722 = CARTESIAN_POINT('',(15.029600613601,-299.3102876096,
    253.16432525115));
#6723 = CARTESIAN_POINT('',(15.018863983966,-299.3009738482,
    253.17092232327));
#6724 = CARTESIAN_POINT('',(15.00790553597,-299.2918039303,
    253.17740166119));
#6725 = CARTESIAN_POINT('',(14.99676710175,-299.2827511243,
    253.18378539887));
#6726 = CARTESIAN_POINT('',(14.985450806945,-299.2738136847,
    253.19007473709));
#6727 = CARTESIAN_POINT('',(14.973866707434,-299.265050272,
    253.19622187204));
#6728 = CARTESIAN_POINT('',(14.962038103978,-299.2564456326,
    253.20223919896));
#6729 = CARTESIAN_POINT('',(15.535002821399,-299.8890112099,
    252.80709673001));
#6730 = CARTESIAN_POINT('',(15.526382487218,-299.8783224781,
    252.81481779534));
#6731 = CARTESIAN_POINT('',(15.517696377726,-299.8676765323,
    252.82250388917));
#6732 = CARTESIAN_POINT('',(15.508910848338,-299.8570951023,
    252.83013717835));
#6733 = CARTESIAN_POINT('',(15.50003751255,-299.8465709758,
    252.83772369939));
#6734 = CARTESIAN_POINT('',(15.490943131828,-299.8361899841,
    252.84519309909));
#6735 = CARTESIAN_POINT('',(15.481747462939,-299.825875361,
    252.85260836367));
#6736 = CARTESIAN_POINT('',(15.472348962008,-299.8156919878,
    252.85991620844));
#6737 = CARTESIAN_POINT('',(15.462788892955,-299.8056139002,
    252.867138086));
#6738 = CARTESIAN_POINT('',(15.453097385944,-299.795621051,
    252.87429022281));
#6739 = CARTESIAN_POINT('',(15.433489792463,-299.7757813509,
    252.88847516769));
#6740 = CARTESIAN_POINT('',(15.423576443769,-299.7659326659,
    252.89550946456));
#6741 = CARTESIAN_POINT('',(15.413581336003,-299.7561371254,
    252.90250027494));
#6742 = CARTESIAN_POINT('',(15.403545163258,-299.746368269,
    252.90946935254));
#6743 = CARTESIAN_POINT('',(15.393509499696,-299.7365991054,
    252.91643851001));
#6744 = CARTESIAN_POINT('',(15.383511460548,-299.7268055449,
    252.92342781188));
#6745 = CARTESIAN_POINT('',(15.373582297342,-299.7169672384,
    252.93045347903));
#6746 = CARTESIAN_POINT('',(15.363746855929,-299.7070680963,
    252.93752901555));
#6747 = CARTESIAN_POINT('',(15.354021175192,-299.6970976622,
    252.94466275143));
#6748 = CARTESIAN_POINT('',(15.334789219278,-299.6770143068,
    252.95904673728));
#6749 = CARTESIAN_POINT('',(15.325285214746,-299.6668999171,
    252.96629815952));
#6750 = CARTESIAN_POINT('',(15.315897103891,-299.6567102251,
    252.97361114195));
#6751 = CARTESIAN_POINT('',(15.306621769972,-299.6464473542,
    252.98098393536));
#6752 = CARTESIAN_POINT('',(15.29745061058,-299.6361167216,
    252.98841213665));
#6753 = CARTESIAN_POINT('',(15.288370998812,-299.6257267282,
    252.99588883177));
#6754 = CARTESIAN_POINT('',(15.279367883604,-299.6152869755,
    253.00340624962));
#6755 = CARTESIAN_POINT('',(15.270425251842,-299.6048079663,
    253.01095571175));
#6756 = CARTESIAN_POINT('',(15.261527723325,-299.5942996562,
    253.01852916029));
#6757 = CARTESIAN_POINT('',(15.243796402992,-299.5732416208,
    253.03370988708));
#6758 = CARTESIAN_POINT('',(15.234962257519,-299.5626921545,
    253.04131698438));
#6759 = CARTESIAN_POINT('',(15.226144608683,-299.55213189,
    253.04893286431));
#6760 = CARTESIAN_POINT('',(15.217329361849,-299.5415702272,
    253.05654997391));
#6761 = CARTESIAN_POINT('',(15.208503257711,-299.5310153644,
    253.06416141238));
#6762 = CARTESIAN_POINT('',(15.199653794967,-299.5204759538,
    253.07176033963));
#6763 = CARTESIAN_POINT('',(15.190769135143,-299.509959149,
    253.07934069458));
#6764 = CARTESIAN_POINT('',(15.18183803106,-299.4994726754,
    253.08689631659));
#6765 = CARTESIAN_POINT('',(15.172849730914,-299.4890232662,
    253.0944216128));
#6766 = CARTESIAN_POINT('',(15.154738072519,-299.4682122102,
    253.10940049198));
#6767 = CARTESIAN_POINT('',(15.145614757689,-299.4578505063,
    253.11685408012));
#6768 = CARTESIAN_POINT('',(15.136413774409,-299.447539247,
    253.12426653333));
#6769 = CARTESIAN_POINT('',(15.127125291883,-299.4372848221,
    253.13163231705));
#6770 = CARTESIAN_POINT('',(15.117739748435,-299.4270934269,
    253.13894691057));
#6771 = CARTESIAN_POINT('',(15.108247792156,-299.4169711465,
    253.14620461161));
#6772 = CARTESIAN_POINT('',(15.098640192106,-299.4069239862,
    253.15340127216));
#6773 = CARTESIAN_POINT('',(15.088907779508,-299.3969578713,
    253.16053142938));
#6774 = CARTESIAN_POINT('',(15.079041363209,-299.3870788068,
    253.16759055662));
#6775 = CARTESIAN_POINT('',(15.059021964436,-299.3675067827,
    253.18155660281));
#6776 = CARTESIAN_POINT('',(15.048872644411,-299.3578114732,
    253.18846550581));
#6777 = CARTESIAN_POINT('',(15.038543540189,-299.3482328664,
    253.19527895227));
#6778 = CARTESIAN_POINT('',(15.028144299682,-299.3386999521,
    253.20205516235));
#6779 = CARTESIAN_POINT('',(15.017409289567,-299.3293849034,
    253.20865311531));
#6780 = CARTESIAN_POINT('',(15.006652756119,-299.3200840913,
    253.21523961692));
#6781 = CARTESIAN_POINT('',(14.99566778491,-299.3109314107,
    253.22170486552));
#6782 = CARTESIAN_POINT('',(14.984402229005,-299.3019611423,
    253.22802111776));
#6783 = CARTESIAN_POINT('',(14.972954196351,-299.2931093016,
    253.23424050366));
#6784 = CARTESIAN_POINT('',(14.961244714948,-299.2844273052,
    253.24032107172));
#6785 = CARTESIAN_POINT('',(15.531424482,-299.9188015523,252.84370019309
    ));
#6786 = CARTESIAN_POINT('',(15.522921350966,-299.9080366834,
    252.85148350906));
#6787 = CARTESIAN_POINT('',(15.51435722423,-299.8973114379,
    252.85923441459));
#6788 = CARTESIAN_POINT('',(15.505688702856,-299.8866541352,
    252.86692977809));
#6789 = CARTESIAN_POINT('',(15.496956313662,-299.8760381869,
    252.87459128448));
#6790 = CARTESIAN_POINT('',(15.487934880657,-299.8656101782,
    252.88209922543));
#6791 = CARTESIAN_POINT('',(15.478856173709,-299.855219245,
    252.88957673139));
#6792 = CARTESIAN_POINT('',(15.469526889734,-299.8449912088,
    252.89692119665));
#6793 = CARTESIAN_POINT('',(15.460025629755,-299.8348747702,
    252.90417434902));
#6794 = CARTESIAN_POINT('',(15.450374744114,-299.8248556092,
    252.91134801392));
#6795 = CARTESIAN_POINT('',(15.430814391336,-299.8049852285,
    252.9255580272));
#6796 = CARTESIAN_POINT('',(15.42090735668,-299.7951324596,
    252.93259564755));
#6797 = CARTESIAN_POINT('',(15.410905037387,-299.7853415972,
    252.93958267808));
#6798 = CARTESIAN_POINT('',(15.400848644489,-299.775585877,
    252.94654091104));
#6799 = CARTESIAN_POINT('',(15.390780428666,-299.7658378737,
    252.95349293511));
#6800 = CARTESIAN_POINT('',(15.380739199651,-299.7560723344,
    252.96045914526));
#6801 = CARTESIAN_POINT('',(15.370758224351,-299.746267709,
    252.96745743329));
#6802 = CARTESIAN_POINT('',(15.360863950654,-299.736406761,
    252.97450165996));
#6803 = CARTESIAN_POINT('',(15.351073806867,-299.7264782011,
    252.98160119925));
#6804 = CARTESIAN_POINT('',(15.331709186913,-299.7064810148,
    252.99591473888));
#6805 = CARTESIAN_POINT('',(15.322136392599,-299.6964112928,
    253.00312965218));
#6806 = CARTESIAN_POINT('',(15.312680235224,-299.6862658403,
    253.01040646805));
#6807 = CARTESIAN_POINT('',(15.30334045191,-299.6760447583,
    253.0177451036));
#6808 = CARTESIAN_POINT('',(15.29411092611,-299.6657521311,
    253.02514222564));
#6809 = CARTESIAN_POINT('',(15.284981234532,-299.6553945899,
    253.03259241669));
#6810 = CARTESIAN_POINT('',(15.275938075704,-299.6449808942,
    253.04008849673));
#6811 = CARTESIAN_POINT('',(15.266966742611,-299.6345205214,
    253.04762275448));
#6812 = CARTESIAN_POINT('',(15.258052481382,-299.6240230808,
    253.05518729843));
#6813 = CARTESIAN_POINT('',(15.240311240486,-299.6029715091,
    253.07036274626));
#6814 = CARTESIAN_POINT('',(15.23148423367,-299.5924173773,
    253.07797363337));
#6815 = CARTESIAN_POINT('',(15.222685761585,-299.58184476,
    253.08559966039));
#6816 = CARTESIAN_POINT('',(15.213901506936,-299.5712627976,
    253.09323327821));
#6817 = CARTESIAN_POINT('',(15.205117833003,-299.5606806159,
    253.1008671446));
#6818 = CARTESIAN_POINT('',(15.196321700215,-299.5501063368,
    253.10849448316));
#6819 = CARTESIAN_POINT('',(15.187500587599,-299.5395484432,
    253.11610848546));
#6820 = CARTESIAN_POINT('',(15.178642406799,-299.5290145111,
    253.12370286697));
#6821 = CARTESIAN_POINT('',(15.169735424413,-299.518512326,
    253.1312713165));
#6822 = CARTESIAN_POINT('',(15.151800930422,-299.4975862023,
    253.14634424172));
#6823 = CARTESIAN_POINT('',(15.142773556726,-299.4871621929,
    253.15384880103));
#6824 = CARTESIAN_POINT('',(15.133674923956,-299.4767844622,
    253.16131546939));
#6825 = CARTESIAN_POINT('',(15.124494179982,-299.4664600572,
    253.16873868184));
#6826 = CARTESIAN_POINT('',(15.115220719748,-299.4561958731,
    253.1761124601));
#6827 = CARTESIAN_POINT('',(15.105844140299,-299.445998664,
    253.18343174022));
#6828 = CARTESIAN_POINT('',(15.096354209818,-299.4358750648,
    253.19069062092));
#6829 = CARTESIAN_POINT('',(15.086740823121,-299.4258316625,
    253.19788410594));
#6830 = CARTESIAN_POINT('',(15.07699396831,-299.4158749348,
    253.2050066605));
#6831 = CARTESIAN_POINT('',(15.057213402668,-299.3961478017,
    253.21909951382));
#6832 = CARTESIAN_POINT('',(15.047176069153,-299.3863797291,
    253.22606786622));
#6833 = CARTESIAN_POINT('',(15.03700564152,-299.3766981495,
    253.23296555389));
#6834 = CARTESIAN_POINT('',(15.026610899551,-299.3671621526,
    253.23974416526));
#6835 = CARTESIAN_POINT('',(15.016158202763,-299.3576639706,
    253.24649197115));
#6836 = CARTESIAN_POINT('',(15.005407740844,-299.3483589764,
    253.25308173701));
#6837 = CARTESIAN_POINT('',(14.994502084326,-299.3391549756,
    253.25958905685));
#6838 = CARTESIAN_POINT('',(14.98340591856,-299.3300745746,
    253.26599526447));
#6839 = CARTESIAN_POINT('',(14.972040971907,-299.3211688164,
    253.27225875109));
#6840 = CARTESIAN_POINT('',(14.960432681781,-299.3124210882,
    253.27839304537));
#6841 = CARTESIAN_POINT('',(15.528658116263,-299.9480645666,
    252.88073469011));
#6842 = CARTESIAN_POINT('',(15.520269661195,-299.9372251876,
    252.8885789194));
#6843 = CARTESIAN_POINT('',(15.511826240168,-299.9264215412,
    252.89639393284));
#6844 = CARTESIAN_POINT('',(15.503271122223,-299.9156905053,
    252.90414954938));
#6845 = CARTESIAN_POINT('',(15.494684580946,-299.9049799101,
    252.91188847993));
#6846 = CARTESIAN_POINT('',(15.485725191376,-299.8945114996,
    252.91942936546));
#6847 = CARTESIAN_POINT('',(15.476772580722,-299.8840388069,
    252.92697378858));
#6848 = CARTESIAN_POINT('',(15.467506352589,-299.8737696957,
    252.93435176116));
#6849 = CARTESIAN_POINT('',(15.458053738666,-299.8636217454,
    252.94163070895));
#6850 = CARTESIAN_POINT('',(15.448431575349,-299.8535839039,
    252.94881962867));
#6851 = CARTESIAN_POINT('',(15.428893680046,-299.8336989534,
    252.96304154869));
#6852 = CARTESIAN_POINT('',(15.418980466008,-299.8238501984,
    252.97007589351));
#6853 = CARTESIAN_POINT('',(15.408959154539,-299.8140716736,
    252.97705280811));
#6854 = CARTESIAN_POINT('',(15.398872179932,-299.8043358278,
    252.98399485807));
#6855 = CARTESIAN_POINT('',(15.388762647798,-299.794614638,
    252.99092486488));
#6856 = CARTESIAN_POINT('',(15.378670709937,-299.784882063,
    252.9978642386));
#6857 = CARTESIAN_POINT('',(15.36863121854,-299.7751154187,
    253.00483139029));
#6858 = CARTESIAN_POINT('',(15.358671912543,-299.7652967227,
    253.01184113062));
#6859 = CARTESIAN_POINT('',(15.348811448215,-299.7554138322,
    253.01890331919));
#6860 = CARTESIAN_POINT('',(15.329301625689,-299.7355109561,
    253.03313977055));
#6861 = CARTESIAN_POINT('',(15.319653540978,-299.7254901439,
    253.04031470119));
#6862 = CARTESIAN_POINT('',(15.310122048257,-299.7153936005,
    253.04755153514));
#6863 = CARTESIAN_POINT('',(15.300709329347,-299.705219936,
    253.05485141321));
#6864 = CARTESIAN_POINT('',(15.291411540715,-299.694971595,
    253.06221233051));
#6865 = CARTESIAN_POINT('',(15.282220272848,-299.6846540988,
    253.06962978057));
#6866 = CARTESIAN_POINT('',(15.273123966037,-299.6742749007,
    253.07709767238));
#6867 = CARTESIAN_POINT('',(15.264109216258,-299.6638427391,
    253.08460885355));
#6868 = CARTESIAN_POINT('',(15.255162035343,-299.6533666867,
    253.0921559203));
#6869 = CARTESIAN_POINT('',(15.237375994646,-299.6323442179,
    253.10730756943));
#6870 = CARTESIAN_POINT('',(15.228537367519,-299.6217976587,
    253.11491227613));
#6871 = CARTESIAN_POINT('',(15.219738205228,-299.6112254396,
    253.12253794709));
#6872 = CARTESIAN_POINT('',(15.210964143054,-299.6006369639,
    253.13017693291));
#6873 = CARTESIAN_POINT('',(15.202201311367,-299.5900411151,
    253.13782191446));
#6874 = CARTESIAN_POINT('',(15.19343626567,-299.5794467871,
    253.14546568964));
#6875 = CARTESIAN_POINT('',(15.184655918213,-299.5688623168,
    253.15310137971));
#6876 = CARTESIAN_POINT('',(15.175847468339,-299.5582961475,
    253.1607221301));
#6877 = CARTESIAN_POINT('',(15.166998333594,-299.5477563743,
    253.16832129557));
#6878 = CARTESIAN_POINT('',(15.149193827344,-299.5267458372,
    253.18346322606));
#6879 = CARTESIAN_POINT('',(15.140238723303,-299.5162748906,
    253.19100612897));
#6880 = CARTESIAN_POINT('',(15.131218756434,-299.50584607,
    253.19851462407));
#6881 = CARTESIAN_POINT('',(15.122122189996,-299.4954669992,
    253.20598239729));
#6882 = CARTESIAN_POINT('',(15.112937532333,-299.4851451392,
    253.21340349237));
#6883 = CARTESIAN_POINT('',(15.103653510785,-299.474887813,
    253.22077173243));
#6884 = CARTESIAN_POINT('',(15.094259041344,-299.4647022249,
    253.22808142747));
#6885 = CARTESIAN_POINT('',(15.084743201897,-299.4545954583,
    253.235326625));
#6886 = CARTESIAN_POINT('',(15.075095202907,-299.4445745328,
    253.24250168705));
#6887 = CARTESIAN_POINT('',(15.055513516551,-299.4247182281,
    253.25670011888));
#6888 = CARTESIAN_POINT('',(15.045579720026,-299.4148829288,
    253.26372343961));
#6889 = CARTESIAN_POINT('',(15.035488087,-299.4051501203,253.27066296666
    ));
#6890 = CARTESIAN_POINT('',(15.025251260942,-299.3955116646,
    253.27752539298));
#6891 = CARTESIAN_POINT('',(15.014808604917,-299.3860068131,
    253.28427856894));
#6892 = CARTESIAN_POINT('',(15.004211715354,-299.3766022335,
    253.29094982158));
#6893 = CARTESIAN_POINT('',(14.993403876526,-299.3673345765,
    253.29750910987));
#6894 = CARTESIAN_POINT('',(14.982370354184,-299.3582135616,
    253.30394855492));
#6895 = CARTESIAN_POINT('',(14.971109542585,-299.3492401418,
    253.31026733594));
#6896 = CARTESIAN_POINT('',(14.959597607038,-299.3404298371,
    253.31645278477));
#6897 = CARTESIAN_POINT('',(15.526661274106,-299.976827838,
    252.91817766864));
#6898 = CARTESIAN_POINT('',(15.518377288399,-299.9659205929,
    252.92607737945));
#6899 = CARTESIAN_POINT('',(15.510038914148,-299.9550486919,
    252.93394818977));
#6900 = CARTESIAN_POINT('',(15.50162648275,-299.9442249718,
    252.94177958872));
#6901 = CARTESIAN_POINT('',(15.49311221185,-299.9334673993,
    252.94955690602));
#6902 = CARTESIAN_POINT('',(15.484290244492,-299.9229097997,
    252.95717071745));
#6903 = CARTESIAN_POINT('',(15.475447253654,-299.9123658134,
    252.96477340922));
#6904 = CARTESIAN_POINT('',(15.466204417024,-299.9020815715,
    252.9721637656));
#6905 = CARTESIAN_POINT('',(15.456789840384,-299.8919088787,
    252.9794629311));
#6906 = CARTESIAN_POINT('',(15.447175225642,-299.8818661453,
    252.98665585315));
#6907 = CARTESIAN_POINT('',(15.427627113537,-299.8619878275,
    253.00087235146));
#6908 = CARTESIAN_POINT('',(15.417694004696,-299.8521519947,
    253.007896129));
#6909 = CARTESIAN_POINT('',(15.407642659011,-299.8423929812,
    253.01485710731));
#6910 = CARTESIAN_POINT('',(15.39751662968,-299.8326824921,253.021778401
    ));
#6911 = CARTESIAN_POINT('',(15.387359396648,-299.8229922993,
    253.02868311213));
#6912 = CARTESIAN_POINT('',(15.377211785859,-299.8132958662,
    253.03559289616));
#6913 = CARTESIAN_POINT('',(15.367109618365,-299.8035699427,
    253.04252679849));
#6914 = CARTESIAN_POINT('',(15.357081588486,-299.7937958751,
    253.04950003737));
#6915 = CARTESIAN_POINT('',(15.347147372596,-299.7839608884,
    253.05652307549));
#6916 = CARTESIAN_POINT('',(15.327484560544,-299.7641573796,
    253.07067829892));
#6917 = CARTESIAN_POINT('',(15.317757180104,-299.7541880681,
    253.07781113109));
#6918 = CARTESIAN_POINT('',(15.308145577361,-299.7441435665,
    253.08500542576));
#6919 = CARTESIAN_POINT('',(15.298654027064,-299.7340210889,
    253.09226345695));
#6920 = CARTESIAN_POINT('',(15.289280743309,-299.7238218053,
    253.09958427633));
#6921 = CARTESIAN_POINT('',(15.280019233797,-299.7135499167,
    253.10696444245));
#6922 = CARTESIAN_POINT('',(15.270859582047,-299.7032118751,
    253.11439868745));
#6923 = CARTESIAN_POINT('',(15.261789669048,-299.6928155436,
    253.12188058207));
#6924 = CARTESIAN_POINT('',(15.252796323254,-299.6823694792,
    253.12940313119));
#6925 = CARTESIAN_POINT('',(15.234936491945,-299.6613949488,
    253.14451559184));
#6926 = CARTESIAN_POINT('',(15.226070399523,-299.6508662254,
    253.15210571221));
#6927 = CARTESIAN_POINT('',(15.21725354483,-299.6403055245,
    253.15972197773));
#6928 = CARTESIAN_POINT('',(15.20847166887,-299.6297220887,
    253.16735682204));
#6929 = CARTESIAN_POINT('',(15.199710794884,-299.6191250272,
    253.17500281702));
#6930 = CARTESIAN_POINT('',(15.190957186567,-299.6085232209,
    253.18265268068));
#6931 = CARTESIAN_POINT('',(15.182197302717,-299.5979255063,
    253.19029921161));
#6932 = CARTESIAN_POINT('',(15.173417755971,-299.5873405457,
    253.19793531192));
#6933 = CARTESIAN_POINT('',(15.164605267766,-299.5767769834,
    253.20555392541));
#6934 = CARTESIAN_POINT('',(15.146887984416,-299.5557098018,
    253.22074215345));
#6935 = CARTESIAN_POINT('',(15.137983523576,-299.5452059677,
    253.22831194669));
#6936 = CARTESIAN_POINT('',(15.129020516263,-299.5347401556,
    253.23585065453));
#6937 = CARTESIAN_POINT('',(15.119986481043,-299.5243204738,
    253.24335166809));
#6938 = CARTESIAN_POINT('',(15.110869174121,-299.5139548732,
    253.2508084548));
#6939 = CARTESIAN_POINT('',(15.101656581305,-299.5036511597,
    253.25821467755));
#6940 = CARTESIAN_POINT('',(15.09233690924,-299.4934169897,
    253.2655640322));
#6941 = CARTESIAN_POINT('',(15.082898577849,-299.4832598888,
    253.27285040361));
#6942 = CARTESIAN_POINT('',(15.073330211449,-299.4731872423,
    253.28006773213));
#6943 = CARTESIAN_POINT('',(15.053911050383,-299.4532253843,
    253.29435244844));
#6944 = CARTESIAN_POINT('',(15.044059260707,-299.4433368175,
    253.30141930603));
#6945 = CARTESIAN_POINT('',(15.03405616887,-299.433546523,
    253.30840583442));
#6946 = CARTESIAN_POINT('',(15.02389087243,-299.423861573,
    253.31530624846));
#6947 = CARTESIAN_POINT('',(15.013551442827,-299.4142897311,
    253.32211420644));
#6948 = CARTESIAN_POINT('',(15.003024844714,-299.404839443,
    253.32882280001));
#6949 = CARTESIAN_POINT('',(14.992296608456,-299.3955201293,
    253.33542433192));
#6950 = CARTESIAN_POINT('',(14.981350865786,-299.386342078,
    253.34191038929));
#6951 = CARTESIAN_POINT('',(14.97017136569,-299.3773158568,
    253.34827233591));
#6952 = CARTESIAN_POINT('',(14.958744081727,-299.3684505701,
    253.35450272792));
#6953 = CARTESIAN_POINT('',(15.524132687384,-300.0334029328,
    252.99384132347));
#6954 = CARTESIAN_POINT('',(15.516050855466,-300.0223643797,
    253.00184837179));
#6955 = CARTESIAN_POINT('',(15.507900581534,-300.0113702959,
    253.00981906278));
#6956 = CARTESIAN_POINT('',(15.499705975886,-300.0004050288,
    253.01776618883));
#6957 = CARTESIAN_POINT('',(15.491369896837,-299.9895317531,
    253.02563808086));
#6958 = CARTESIAN_POINT('',(15.482936073607,-299.9787219346,
    253.03345811112));
#6959 = CARTESIAN_POINT('',(15.473994990148,-299.9682416648,
    253.04100871922));
#6960 = CARTESIAN_POINT('',(15.464890253538,-299.9578676879,
    253.04847244288));
#6961 = CARTESIAN_POINT('',(15.455453899779,-299.9477091277,
    253.05576006268));
#6962 = CARTESIAN_POINT('',(15.44582436976,-299.9376760684,
    253.06294508157));
#6963 = CARTESIAN_POINT('',(15.42619622961,-299.9178497122,
    253.0771191106));
#6964 = CARTESIAN_POINT('',(15.416202232035,-299.9080534229,
    253.08411056801));
#6965 = CARTESIAN_POINT('',(15.406074446171,-299.8983440492,
    253.09103096193));
#6966 = CARTESIAN_POINT('',(15.395858319985,-299.8886920841,
    253.09790443259));
#6967 = CARTESIAN_POINT('',(15.385597592406,-299.8790690957,
    253.10475418746));
#6968 = CARTESIAN_POINT('',(15.375333050501,-299.8694486178,
    253.11160190665));
#6969 = CARTESIAN_POINT('',(15.365101050209,-299.8598070096,
    253.11846687097));
#6970 = CARTESIAN_POINT('',(15.354931815364,-299.8501246561,
    253.1253651498));
#6971 = CARTESIAN_POINT('',(15.344847499508,-299.8403871567,
    253.13230849622));
#6972 = CARTESIAN_POINT('',(15.324872548015,-299.8207863814,
    253.14629799965));
#6973 = CARTESIAN_POINT('',(15.314983155182,-299.8109222983,
    253.15334481501));
#6974 = CARTESIAN_POINT('',(15.305206522343,-299.8009849828,
    253.16045148962));
#6975 = CARTESIAN_POINT('',(15.295550543512,-299.7909693092,
    253.16762221798));
#6976 = CARTESIAN_POINT('',(15.286017209142,-299.7808739774,
    253.17485805843));
#6977 = CARTESIAN_POINT('',(15.276603548909,-299.7707009204,
    253.18215743621));
#6978 = CARTESIAN_POINT('',(15.267302645319,-299.7604546266,
    253.18951668099));
#6979 = CARTESIAN_POINT('',(15.258104709238,-299.7501414533,
    253.19693059534));
#6980 = CARTESIAN_POINT('',(15.24899822588,-299.7397688802,
    253.20439306789));
#6981 = CARTESIAN_POINT('',(15.230944103391,-299.7189205578,
    253.21940235447));
#6982 = CARTESIAN_POINT('',(15.221996863596,-299.7084445516,
    253.22694938094));
#6983 = CARTESIAN_POINT('',(15.213115949868,-299.6979254572,
    253.23453162565));
#6984 = CARTESIAN_POINT('',(15.204287619517,-299.6873722192,
    253.24214179333));
#6985 = CARTESIAN_POINT('',(15.195497927807,-299.676793862,
    253.24977247978));
#6986 = CARTESIAN_POINT('',(15.186732767961,-299.6661995903,
    253.25741619609));
#6987 = CARTESIAN_POINT('',(15.177977918998,-299.655598597,
    253.2650653919));
#6988 = CARTESIAN_POINT('',(15.169219084269,-299.6450002027,
    253.27271247644));
#6989 = CARTESIAN_POINT('',(15.160441938841,-299.6344136905,
    253.28034984428));
#6990 = CARTESIAN_POINT('',(15.14282240154,-299.6132830404,
    253.29558994829));
#6991 = CARTESIAN_POINT('',(15.133980361999,-299.6027386711,
    253.30319287053));
#6992 = CARTESIAN_POINT('',(15.125092133467,-299.5922242988,
    253.31077127796));
#6993 = CARTESIAN_POINT('',(15.116144027702,-299.5817488123,
    253.31831789118));
#6994 = CARTESIAN_POINT('',(15.107122594849,-299.57132095,
    253.32582558988));
#6995 = CARTESIAN_POINT('',(15.098014630896,-299.5609492849,
    253.33328733566));
#6996 = CARTESIAN_POINT('',(15.088807187272,-299.5506422308,
    253.34069628221));
#6997 = CARTESIAN_POINT('',(15.079487577485,-299.5404080247,
    253.34804567072));
#6998 = CARTESIAN_POINT('',(15.070043386807,-299.5302547324,
    253.35532892341));
#6999 = CARTESIAN_POINT('',(15.050881572331,-299.5101257378,
    253.36975025857));
#7000 = CARTESIAN_POINT('',(15.041162902008,-299.5001507158,
    253.37688778682));
#7001 = CARTESIAN_POINT('',(15.031296317215,-299.4902717616,
    253.38394678638));
#7002 = CARTESIAN_POINT('',(15.021270081031,-299.4804965013,
    253.39092102234));
#7003 = CARTESIAN_POINT('',(15.011070764207,-299.470833652,
    253.39780337223));
#7004 = CARTESIAN_POINT('',(15.000684001579,-299.4612925526,
    253.40458619598));
#7005 = CARTESIAN_POINT('',(14.990095496303,-299.4518824792,
    253.41126191803));
#7006 = CARTESIAN_POINT('',(14.979291659952,-299.4426122671,
    253.41782330997));
#7007 = CARTESIAN_POINT('',(14.96825927314,-299.4334904959,
    253.42426336173));
#7008 = CARTESIAN_POINT('',(14.956983554259,-299.4245267701,
    253.43057422095));
#7009 = CARTESIAN_POINT('',(15.523626600642,-300.0611980834,
    253.03207563185));
#7010 = CARTESIAN_POINT('',(15.515679844005,-300.0500718025,
    253.04015438988));
#7011 = CARTESIAN_POINT('',(15.507209725308,-300.0392855032,
    253.04795521342));
#7012 = CARTESIAN_POINT('',(15.501988394952,-300.0263887906,
    253.05748128787));
#7013 = CARTESIAN_POINT('',(15.489323539159,-300.0183274072,
    253.06305450125));
#7014 = CARTESIAN_POINT('',(15.483126002266,-300.006065029,
    253.07206194404));
#7015 = CARTESIAN_POINT('',(15.47458484382,-299.9953247478,
    253.07982519712));
#7016 = CARTESIAN_POINT('',(15.464383474964,-299.9856632517,
    253.08670642499));
#7017 = CARTESIAN_POINT('',(15.455500515235,-299.9751451433,
    253.09428800332));
#7018 = CARTESIAN_POINT('',(15.445725970902,-299.9652062794,
    253.10139601752));
#7019 = CARTESIAN_POINT('',(15.426027513471,-299.9454255795,
    253.11553273399));
#7020 = CARTESIAN_POINT('',(15.4159925536,-299.9356558842,253.1225024464
    ));
#7021 = CARTESIAN_POINT('',(15.405819209677,-299.925976113,
    253.12939866784));
#7022 = CARTESIAN_POINT('',(15.395552977216,-299.9163566583,
    253.13624551869));
#7023 = CARTESIAN_POINT('',(15.385237143182,-299.906769497,
    253.14306604946));
#7024 = CARTESIAN_POINT('',(15.374912011661,-299.8971883354,
    253.1498815712));
#7025 = CARTESIAN_POINT('',(15.364613778644,-299.8875897649,
    253.15671139897));
#7026 = CARTESIAN_POINT('',(15.35437297123,-299.8779538863,
    253.16357166651));
#7027 = CARTESIAN_POINT('',(15.344212538978,-299.8682658256,
    253.17047460744));
#7028 = CARTESIAN_POINT('',(15.324078508195,-299.8487683706,
    253.18437965337));
#7029 = CARTESIAN_POINT('',(15.314106301469,-299.8389580731,
    253.19138250052));
#7030 = CARTESIAN_POINT('',(15.304244731164,-299.8290759298,
    253.19844408288));
#7031 = CARTESIAN_POINT('',(15.294503162856,-299.8191158397,
    253.20556936342));
#7032 = CARTESIAN_POINT('',(15.284885185926,-299.8090754921,
    253.21276026873));
#7033 = CARTESIAN_POINT('',(15.275389408287,-299.7989557687,
    253.22001604279));
#7034 = CARTESIAN_POINT('',(15.266010340357,-299.7887602444,
    253.22733378609));
#7035 = CARTESIAN_POINT('',(15.256739391469,-299.7784944989,
    253.23470893277));
#7036 = CARTESIAN_POINT('',(15.247565956145,-299.7681654121,
    253.24213585468));
#7037 = CARTESIAN_POINT('',(15.229391259613,-299.7473954118,
    253.25708111708));
#7038 = CARTESIAN_POINT('',(15.220390413066,-299.7369542194,
    253.26459967694));
#7039 = CARTESIAN_POINT('',(15.211463246257,-299.726465192,
    253.27215736226));
#7040 = CARTESIAN_POINT('',(15.202596396477,-299.7159369372,
    253.27974706935));
#7041 = CARTESIAN_POINT('',(15.193776041748,-299.7053785529,
    253.28736147698));
#7042 = CARTESIAN_POINT('',(15.184988010472,-299.6947990855,
    253.29499303908));
#7043 = CARTESIAN_POINT('',(15.176217849094,-299.6842080855,
    253.30263410442));
#7044 = CARTESIAN_POINT('',(15.167450939557,-299.6736149151,
    253.31027689437));
#7045 = CARTESIAN_POINT('',(15.158672569527,-299.6630292114,
    253.31791360807));
#7046 = CARTESIAN_POINT('',(15.141063506802,-299.6418917638,
    253.3331592627));
#7047 = CARTESIAN_POINT('',(15.132233171885,-299.6313397987,
    253.34076839835));
#7048 = CARTESIAN_POINT('',(15.123362661038,-299.6208139181,
    253.34835619645));
#7049 = CARTESIAN_POINT('',(15.114437835041,-299.6103233218,
    253.35591518747));
#7050 = CARTESIAN_POINT('',(15.105444793926,-299.5998770145,
    253.36343792448));
#7051 = CARTESIAN_POINT('',(15.096369893545,-299.5894838851,
    253.37091725343));
#7052 = CARTESIAN_POINT('',(15.087199744742,-299.5791526062,
    253.37834597114));
#7053 = CARTESIAN_POINT('',(15.077921234349,-299.5688917119,
    253.38571719139));
#7054 = CARTESIAN_POINT('',(15.068521524947,-299.5587095306,
    253.39302405175));
#7055 = CARTESIAN_POINT('',(15.049454616491,-299.5385188998,
    253.40749576989));
#7056 = CARTESIAN_POINT('',(15.03978639439,-299.5285111149,
    253.41466007944));
#7057 = CARTESIAN_POINT('',(15.029972659755,-299.5185978344,
    253.42174713336));
#7058 = CARTESIAN_POINT('',(15.020001190153,-299.5087870084,
    253.42875045213));
#7059 = CARTESIAN_POINT('',(15.009858075653,-299.4990876556,
    253.43566262361));
#7060 = CARTESIAN_POINT('',(14.999528670616,-299.4895093033,
    253.44247591763));
#7061 = CARTESIAN_POINT('',(14.988998851218,-299.480061118,
    253.4491827784));
#7062 = CARTESIAN_POINT('',(14.978255728077,-299.4707514704,
    253.45577641365));
#7063 = CARTESIAN_POINT('',(14.967286957795,-299.4615883834,
    253.46225023552));
#7064 = CARTESIAN_POINT('',(14.956077800989,-299.4525814259,
    253.46859643399));
#7065 = CARTESIAN_POINT('',(15.52365107323,-300.0886486801,
    253.07059157429));
#7066 = CARTESIAN_POINT('',(15.515605537592,-300.0775865808,
    253.07861785856));
#7067 = CARTESIAN_POINT('',(15.509093572384,-300.0655283763,
    253.08745841977));
#7068 = CARTESIAN_POINT('',(15.490139329498,-300.0615518131,
    253.08969254333));
#7069 = CARTESIAN_POINT('',(15.496501805645,-300.0411321494,
    253.10536800112));
#7070 = CARTESIAN_POINT('',(15.486872242497,-300.0310967337,
    253.11255574539));
#7071 = CARTESIAN_POINT('',(15.468830737753,-300.0265297678,
    253.11527167255));
#7072 = CARTESIAN_POINT('',(15.46839079409,-300.0105262497,
    253.12733785627));
#7073 = CARTESIAN_POINT('',(15.455107148621,-300.0028671044,
    253.13258212413));
#7074 = CARTESIAN_POINT('',(15.446102525467,-299.9924280394,
    253.14009908415));
#7075 = CARTESIAN_POINT('',(15.42631014243,-299.9727083183,
    253.15418595671));
#7076 = CARTESIAN_POINT('',(15.416225886836,-299.9629706482,
    253.16112951581));
#7077 = CARTESIAN_POINT('',(15.406001241695,-299.9533241464,
    253.16799847959));
#7078 = CARTESIAN_POINT('',(15.395681030574,-299.9437398275,
    253.17481673186));
#7079 = CARTESIAN_POINT('',(15.385307521205,-299.9341900213,
    253.1816065689));
#7080 = CARTESIAN_POINT('',(15.374920204748,-299.9246493337,
    253.18838916134));
#7081 = CARTESIAN_POINT('',(15.364554894174,-299.9150942724,
    253.1951833152));
#7082 = CARTESIAN_POINT('',(15.354242351391,-299.9055050067,
    253.20200553522));
#7083 = CARTESIAN_POINT('',(15.344006226589,-299.8958661004,
    253.20886827994));
#7084 = CARTESIAN_POINT('',(15.323714756526,-299.8764708992,
    253.22268974304));
#7085 = CARTESIAN_POINT('',(15.313660328636,-299.866714008,
    253.22964894138));
#7086 = CARTESIAN_POINT('',(15.303713896979,-299.8568869682,
    253.23666545894));
#7087 = CARTESIAN_POINT('',(15.293885980742,-299.8469829816,
    253.24374491209));
#7088 = CARTESIAN_POINT('',(15.284181499421,-299.8369988007,
    253.25088987238));
#7089 = CARTESIAN_POINT('',(15.274600430374,-299.8269344841,
    253.2581003723));
#7090 = CARTESIAN_POINT('',(15.265138610376,-299.8167927123,
    253.26537417472));
#7091 = CARTESIAN_POINT('',(15.255788612594,-299.806578303,
    253.27270734981));
#7092 = CARTESIAN_POINT('',(15.246540766921,-299.7962975546,
    253.28009476264));
#7093 = CARTESIAN_POINT('',(15.228227771971,-299.7756173799,
    253.29496659136));
#7094 = CARTESIAN_POINT('',(15.21916305258,-299.7652176957,
    253.30245123807));
#7095 = CARTESIAN_POINT('',(15.210178077794,-299.7547661635,
    253.30997821955));
#7096 = CARTESIAN_POINT('',(15.201259970093,-299.7442713039,
    253.31754072362));
#7097 = CARTESIAN_POINT('',(15.19239517251,-299.7337416554,
    253.32513150935));
#7098 = CARTESIAN_POINT('',(15.183569550157,-299.7231867459,
    253.3327431307));
#7099 = CARTESIAN_POINT('',(15.174768586134,-299.7126156461,
    253.34036782069));
#7100 = CARTESIAN_POINT('',(15.165977465129,-299.702038268,
    253.34799776067));
#7101 = CARTESIAN_POINT('',(15.157181263767,-299.6914641267,
    253.35562499894));
#7102 = CARTESIAN_POINT('',(15.139548857355,-299.6703418545,
    253.37085825306));
#7103 = CARTESIAN_POINT('',(15.130712992646,-299.6597934778,
    253.37846443898));
#7104 = CARTESIAN_POINT('',(15.121842776043,-299.6492674229,
    253.38605241679));
#7105 = CARTESIAN_POINT('',(15.112923747642,-299.6387730442,
    253.39361442726));
#7106 = CARTESIAN_POINT('',(15.10394169554,-299.6283196266,
    253.40114307164));
#7107 = CARTESIAN_POINT('',(15.094882644101,-299.6179161868,
    253.40863072973));
#7108 = CARTESIAN_POINT('',(15.085732889338,-299.6075716773,
    253.41607033615));
#7109 = CARTESIAN_POINT('',(15.076478976213,-299.5972948036,
    253.42345457538));
#7110 = CARTESIAN_POINT('',(15.06710773188,-299.5870941391,
    253.43077655872));
#7111 = CARTESIAN_POINT('',(15.048104781665,-299.5668619731,
    253.44528222467));
#7112 = CARTESIAN_POINT('',(15.0384721939,-299.5568310407,253.4524654516
    ));
#7113 = CARTESIAN_POINT('',(15.028697107091,-299.5468926757,
    253.45957302614));
#7114 = CARTESIAN_POINT('',(15.018766822984,-299.5370550772,
    253.46659819191));
#7115 = CARTESIAN_POINT('',(15.00866717103,-299.5273275234,
    253.47353347125));
#7116 = CARTESIAN_POINT('',(14.998383481492,-299.5177194618,
    253.48037098894));
#7117 = CARTESIAN_POINT('',(14.987901838098,-299.508239995,
    253.48710346775));
#7118 = CARTESIAN_POINT('',(14.97720972819,-299.4988972158,
    253.49372415973));
#7119 = CARTESIAN_POINT('',(14.966295238974,-299.4896988725,
    253.50022680996));
#7120 = CARTESIAN_POINT('',(14.955143923642,-299.4806543486,
    253.50660371476));
#7121 = CARTESIAN_POINT('',(15.52471241259,-300.1154258824,
    253.10965796366));
#7122 = CARTESIAN_POINT('',(15.517196382151,-300.1040199249,
    253.11796531237));
#7123 = CARTESIAN_POINT('',(15.507751445316,-300.0938665467,
    253.12524883019));
#7124 = CARTESIAN_POINT('',(15.510526105677,-300.0757789759,
    253.13901732413));
#7125 = CARTESIAN_POINT('',(15.497315502582,-300.0680653038,
    253.1443085094));
#7126 = CARTESIAN_POINT('',(15.468068207839,-300.0707820553,
    253.14106859064));
#7127 = CARTESIAN_POINT('',(15.490824517936,-300.0397073702,
    253.16545635392));
#7128 = CARTESIAN_POINT('',(15.45895510509,-300.0441226329,
    253.16082945192));
#7129 = CARTESIAN_POINT('',(15.458107974382,-300.0283841542,
    253.17267879145));
#7130 = CARTESIAN_POINT('',(15.446820850662,-300.0194278387,
    253.17898357385));
#7131 = CARTESIAN_POINT('',(15.426910316759,-299.999784842,
    253.1930077492));
#7132 = CARTESIAN_POINT('',(15.416775410865,-299.9900800321,
    253.19992441134));
#7133 = CARTESIAN_POINT('',(15.406501819069,-299.9804653942,
    253.2067674451));
#7134 = CARTESIAN_POINT('',(15.396131147765,-299.970913698,
    253.21355882034));
#7135 = CARTESIAN_POINT('',(15.385704307027,-299.9613987042,
    253.2203204818));
#7136 = CARTESIAN_POINT('',(15.375260018935,-299.9518948608,
    253.22707269065));
#7137 = CARTESIAN_POINT('',(15.364833452311,-299.9423796759,
    253.23383443709));
#7138 = CARTESIAN_POINT('',(15.35445464278,-299.9328334082,
    253.24062141808));
#7139 = CARTESIAN_POINT('',(15.344147050598,-299.9232409264,
    253.24744624232));
#7140 = CARTESIAN_POINT('',(15.323704869911,-299.9039436079,
    253.26118769263));
#7141 = CARTESIAN_POINT('',(15.31357118043,-299.8942381861,
    253.26810480498));
#7142 = CARTESIAN_POINT('',(15.303542231359,-299.8844647669,
    253.27507753351));
#7143 = CARTESIAN_POINT('',(15.293629468085,-299.8746158477,
    253.28211190829));
#7144 = CARTESIAN_POINT('',(15.283838904963,-299.8646876153,
    253.2892111967));
#7145 = CARTESIAN_POINT('',(15.274171739011,-299.8546791994,
    253.29637596615));
#7146 = CARTESIAN_POINT('',(15.26462500833,-299.8445925754,
    253.30360469176));
#7147 = CARTESIAN_POINT('',(15.255192424573,-299.8344318209,
    253.31089401853));
#7148 = CARTESIAN_POINT('',(15.245865250236,-299.8242025879,
    253.31823931052));
#7149 = CARTESIAN_POINT('',(15.227401399606,-299.8036204078,
    253.33303104153));
#7150 = CARTESIAN_POINT('',(15.218265130756,-299.7932671639,
    253.34047769345));
#7151 = CARTESIAN_POINT('',(15.209213349628,-299.7828591199,
    253.3479692157));
#7152 = CARTESIAN_POINT('',(15.200233785903,-299.7724040074,
    253.35549906051));
#7153 = CARTESIAN_POINT('',(15.191313222661,-299.7619108122,
    253.36306027249));
#7154 = CARTESIAN_POINT('',(15.182437747403,-299.7513880477,
    253.37064538265));
#7155 = CARTESIAN_POINT('',(15.173592859272,-299.7408456685,
    253.37824677791));
#7156 = CARTESIAN_POINT('',(15.164763747208,-299.7302928613,
    253.38585652662));
#7157 = CARTESIAN_POINT('',(15.155935405985,-299.7197396375,
    253.39346670338));
#7158 = CARTESIAN_POINT('',(15.138250341956,-299.698651563,
    253.40867198771));
#7159 = CARTESIAN_POINT('',(15.12939391171,-299.688116559,
    253.41626726718));
#7160 = CARTESIAN_POINT('',(15.120508704017,-299.6776002209,
    253.42384723251));
#7161 = CARTESIAN_POINT('',(15.111580071409,-299.6671121196,
    253.43140423685));
#7162 = CARTESIAN_POINT('',(15.102593585631,-299.6566615429,
    253.4389303851));
#7163 = CARTESIAN_POINT('',(15.09353507606,-299.646257788,
    253.44641847476));
#7164 = CARTESIAN_POINT('',(15.084390587423,-299.6359098418,
    253.45386075594));
#7165 = CARTESIAN_POINT('',(15.075146436,-299.6256266392,253.461250242)
  );
#7166 = CARTESIAN_POINT('',(15.065789171557,-299.6154168952,
    253.4685796198));
#7167 = CARTESIAN_POINT('',(15.046822048512,-299.595161462,
    253.48310430761));
#7168 = CARTESIAN_POINT('',(15.037211564757,-299.5851161887,
    253.49029926415));
#7169 = CARTESIAN_POINT('',(15.027462113446,-299.5751611383,
    253.49742044334));
#7170 = CARTESIAN_POINT('',(15.017560583176,-299.5653049276,
    253.50446089629));
#7171 = CARTESIAN_POINT('',(15.007492712672,-299.555556664,
    253.51141299487));
#7172 = CARTESIAN_POINT('',(14.997243978566,-299.5459259564,
    253.51826914189));
#7173 = CARTESIAN_POINT('',(14.986800667944,-299.5364215632,
    253.52502190318));
#7174 = CARTESIAN_POINT('',(14.976150423377,-299.5270516032,
    253.53166486386));
#7175 = CARTESIAN_POINT('',(14.965281465748,-299.5178236873,
    253.53819166949));
#7176 = CARTESIAN_POINT('',(14.954179771073,-299.5087469353,
    253.54459492165));
#7177 = CARTESIAN_POINT('',(15.526219850938,-300.1419130075,
    253.14896158787));
#7178 = CARTESIAN_POINT('',(15.518924027261,-300.1303638316,
    253.15738607811));
#7179 = CARTESIAN_POINT('',(15.512060777609,-300.1185342722,
    253.16603957329));
#7180 = CARTESIAN_POINT('',(15.504225880951,-300.107330651,
    253.17418310123));
#7181 = CARTESIAN_POINT('',(15.480344426741,-300.1065646903,
    253.17378931615));
#7182 = CARTESIAN_POINT('',(15.508198039309,-300.0721745159,
    253.20088887447));
#7183 = CARTESIAN_POINT('',(15.459035572961,-300.0878262139,
    253.18707528241));
#7184 = CARTESIAN_POINT('',(15.474721978723,-300.0613464821,
    253.20770593156));
#7185 = CARTESIAN_POINT('',(15.456036233121,-300.0571964567,
    253.21008151943));
#7186 = CARTESIAN_POINT('',(15.447723686114,-300.0463078217,
    253.2179660104));
#7187 = CARTESIAN_POINT('',(15.427723941498,-300.0267227394,
    253.23194283587));
#7188 = CARTESIAN_POINT('',(15.417547257487,-300.0170450927,
    253.2388373476));
#7189 = CARTESIAN_POINT('',(15.407232370318,-300.0074571629,
    253.24565840696));
#7190 = CARTESIAN_POINT('',(15.396818999222,-299.9979333832,
    253.2524272353));
#7191 = CARTESIAN_POINT('',(15.386346490956,-299.9884478116,
    253.25916449402));
#7192 = CARTESIAN_POINT('',(15.375852459821,-299.9789764717,
    253.26589047315));
#7193 = CARTESIAN_POINT('',(15.365371233118,-299.9694966624,
    253.27262306942));
#7194 = CARTESIAN_POINT('',(15.354932506097,-299.9599893562,
    253.27937831772));
#7195 = CARTESIAN_POINT('',(15.344559788514,-299.950439159,
    253.28616854541));
#7196 = CARTESIAN_POINT('',(15.323978199824,-299.931232379,
    253.29983599033));
#7197 = CARTESIAN_POINT('',(15.313770273362,-299.9215751851,
    253.30671370017));
#7198 = CARTESIAN_POINT('',(15.303663097393,-299.9118525354,
    253.31364487105));
#7199 = CARTESIAN_POINT('',(15.293668870834,-299.9020565825,
    253.32063603871));
#7200 = CARTESIAN_POINT('',(15.283794574053,-299.892182679,
    253.32769083163));
#7201 = CARTESIAN_POINT('',(15.27404245957,-299.882229468,
    253.33481052272));
#7202 = CARTESIAN_POINT('',(15.264410717839,-299.8721980597,
    253.34199410836));
#7203 = CARTESIAN_POINT('',(15.254894134803,-299.8620918473,
    253.34923883458));
#7204 = CARTESIAN_POINT('',(15.245484924791,-299.8519159112,
    253.35654057204));
#7205 = CARTESIAN_POINT('',(15.226862255882,-299.8314368754,
    253.37124797738));
#7206 = CARTESIAN_POINT('',(15.217649122883,-299.8211335996,
    253.3786538228));
#7207 = CARTESIAN_POINT('',(15.208523951209,-299.8107731053,
    253.3861063612));
#7208 = CARTESIAN_POINT('',(15.199475123677,-299.8003631996,
    253.39359946155));
#7209 = CARTESIAN_POINT('',(15.190489919838,-299.789911701,
    253.4011263053));
#7210 = CARTESIAN_POINT('',(15.181554682027,-299.7794280542,
    253.40867972974));
#7211 = CARTESIAN_POINT('',(15.172655142555,-299.7689209379,
    253.41625206918));
#7212 = CARTESIAN_POINT('',(15.163776559814,-299.7584003999,
    253.4238355692));
#7213 = CARTESIAN_POINT('',(15.154904035027,-299.7478758276,
    253.43142227597));
#7214 = CARTESIAN_POINT('',(15.137141352683,-299.7268381853,
    253.44658634853));
#7215 = CARTESIAN_POINT('',(15.128251425891,-299.7163249253,
    253.45416381876));
#7216 = CARTESIAN_POINT('',(15.119337976768,-299.705826963,
    253.46172885065));
#7217 = CARTESIAN_POINT('',(15.110386273768,-299.6953538018,
    253.46927347515));
#7218 = CARTESIAN_POINT('',(15.101381812853,-299.6849149578,
    253.47679025988));
#7219 = CARTESIAN_POINT('',(15.092310282745,-299.6745196189,
    253.4842712361));
#7220 = CARTESIAN_POINT('',(15.083157620678,-299.6641770074,
    253.4917093326));
#7221 = CARTESIAN_POINT('',(15.073909957543,-299.6538960794,
    253.4990968602));
#7222 = CARTESIAN_POINT('',(15.064553669093,-299.6436857051,
    253.50642678673));
#7223 = CARTESIAN_POINT('',(15.045597025714,-299.6234234739,
    253.52095702434));
#7224 = CARTESIAN_POINT('',(15.03599637791,-299.6133717938,
    253.52815720649));
#7225 = CARTESIAN_POINT('',(15.026260725671,-299.6034078391,
    253.53528570941));
#7226 = CARTESIAN_POINT('',(15.016376630366,-299.5935402132,
    253.54233539467));
#7227 = CARTESIAN_POINT('',(15.006329881492,-299.5837783392,
    253.54929876249));
#7228 = CARTESIAN_POINT('',(14.996106188132,-299.5741312803,
    253.55616811921));
#7229 = CARTESIAN_POINT('',(14.985692037463,-299.5646080013,
    253.56293644063));
#7230 = CARTESIAN_POINT('',(14.975075073149,-299.555216407,
    253.56959701807));
#7231 = CARTESIAN_POINT('',(14.96424347044,-299.5459642342,
    253.57614367615));
#7232 = CARTESIAN_POINT('',(14.953183675463,-299.5368602689,
    253.58256916869));
#7233 = CARTESIAN_POINT('',(15.526562649459,-300.1691569476,
    253.18764642928));
#7234 = CARTESIAN_POINT('',(15.518745283587,-300.1579467038,
    253.19579379401));
#7235 = CARTESIAN_POINT('',(15.511231081052,-300.1465390107,
    253.20410274849));
#7236 = CARTESIAN_POINT('',(15.496721533505,-300.1396795059,
    253.20869223796));
#7237 = CARTESIAN_POINT('',(15.509759795585,-300.1149145259,
    253.22792286003));
#7238 = CARTESIAN_POINT('',(15.469536129445,-300.1247611165,
    253.21885442599));
#7239 = CARTESIAN_POINT('',(15.489012233946,-300.0958179987,
    253.24149940942));
#7240 = CARTESIAN_POINT('',(15.463542640783,-300.0960753661,
    253.24027175751));
#7241 = CARTESIAN_POINT('',(15.459406173254,-300.0824738486,
    253.25037407117));
#7242 = CARTESIAN_POINT('',(15.448696728405,-300.07314221,
    253.25698570101));
#7243 = CARTESIAN_POINT('',(15.428658383112,-300.0535821957,
    253.27094205485));
#7244 = CARTESIAN_POINT('',(15.418456615124,-300.043920797,
    253.27782323967));
#7245 = CARTESIAN_POINT('',(15.408113308265,-300.0343514231,
    253.28462927175));
#7246 = CARTESIAN_POINT('',(15.397668319,-300.0248479842,253.29138121859
    ));
#7247 = CARTESIAN_POINT('',(15.387160160292,-300.0153857924,
    253.29809970388));
#7248 = CARTESIAN_POINT('',(15.376625383044,-300.0059407123,
    253.30480390101));
#7249 = CARTESIAN_POINT('',(15.366097762193,-299.9964911513,
    253.31151199308));
#7250 = CARTESIAN_POINT('',(15.355606931444,-299.9870176337,
    253.31823951775));
#7251 = CARTESIAN_POINT('',(15.34517683521,-299.9775047103,
    253.32499930808));
#7252 = CARTESIAN_POINT('',(15.324470539815,-299.958378922,
    253.33860054958));
#7253 = CARTESIAN_POINT('',(15.314194989293,-299.948765634,
    253.34544235027));
#7254 = CARTESIAN_POINT('',(15.304015392105,-299.939090056,
    253.35233510179));
#7255 = CARTESIAN_POINT('',(15.293944623658,-299.9293437595,
    253.35928559131));
#7256 = CARTESIAN_POINT('',(15.283990484507,-299.9195217663,
    253.3662980348));
#7257 = CARTESIAN_POINT('',(15.274156232278,-299.9096218742,
    253.37337409692));
#7258 = CARTESIAN_POINT('',(15.264441091476,-299.8996446312,
    253.38051340738));
#7259 = CARTESIAN_POINT('',(15.254840923198,-299.8895927249,
    253.38771375941));
#7260 = CARTESIAN_POINT('',(15.245348872233,-299.8794705811,
    253.39497151157));
#7261 = CARTESIAN_POINT('',(15.22656340648,-299.8590972952,
    253.40959248279));
#7262 = CARTESIAN_POINT('',(15.217270201913,-299.8488459867,
    253.41695580985));
#7263 = CARTESIAN_POINT('',(15.208067220828,-299.8385361447,
    253.42436705027));
#7264 = CARTESIAN_POINT('',(15.198943583695,-299.8281746247,
    253.43182039984));
#7265 = CARTESIAN_POINT('',(15.18988707615,-299.8177697134,
    253.43930942601));
#7266 = CARTESIAN_POINT('',(15.180884481311,-299.8073295364,
    253.44682704274));
#7267 = CARTESIAN_POINT('',(15.171921774504,-299.7968636714,
    253.45436587536));
#7268 = CARTESIAN_POINT('',(15.162984480213,-299.7863811427,
    253.46191818229));
#7269 = CARTESIAN_POINT('',(15.154057876581,-299.7758917431,
    253.46947618131));
#7270 = CARTESIAN_POINT('',(15.136196750059,-299.7549180334,
    253.48458797595));
#7271 = CARTESIAN_POINT('',(15.127262389618,-299.7444336508,
    253.49214187246));
#7272 = CARTESIAN_POINT('',(15.118309356007,-299.7339613705,
    253.49968582224));
#7273 = CARTESIAN_POINT('',(15.109322964121,-299.7235107926,
    253.50721215105));
#7274 = CARTESIAN_POINT('',(15.10028870627,-299.7130912442,
    253.51471293167));
#7275 = CARTESIAN_POINT('',(15.091192282279,-299.7027121256,
    253.52218088395));
#7276 = CARTESIAN_POINT('',(15.08201955973,-299.6923825191,
    253.52960816879));
#7277 = CARTESIAN_POINT('',(15.072756620251,-299.6821115251,
    253.53698767421));
#7278 = CARTESIAN_POINT('',(15.063389722821,-299.6719080426,
    253.5443119317));
#7279 = CARTESIAN_POINT('',(15.044420936643,-299.6516536981,
    253.55883572636));
#7280 = CARTESIAN_POINT('',(15.034819090248,-299.6416028193,
    253.56603526219));
#7281 = CARTESIAN_POINT('',(15.025086551894,-299.6316367871,
    253.57316542094));
#7282 = CARTESIAN_POINT('',(15.015209664495,-299.6217645743,
    253.58021894451));
#7283 = CARTESIAN_POINT('',(15.005174351075,-299.6119951689,
    253.58718833689));
#7284 = CARTESIAN_POINT('',(14.994966619114,-299.6023378324,
    253.59406623686));
#7285 = CARTESIAN_POINT('',(14.984573120508,-299.5928010885,
    253.60084545162));
#7286 = CARTESIAN_POINT('',(14.973981428491,-299.5833931018,
    253.6075194911));
#7287 = CARTESIAN_POINT('',(14.963179568793,-299.5741216068,
    253.61408192066));
#7288 = CARTESIAN_POINT('',(14.952154452424,-299.564995119,
    253.62052582791));
#7289 = CARTESIAN_POINT('',(15.528059993342,-300.1956507294,
    253.22694457819));
#7290 = CARTESIAN_POINT('',(15.520604298362,-300.1842054698,
    253.2352840947));
#7291 = CARTESIAN_POINT('',(15.512465391715,-300.173204229,
    253.24326055703));
#7292 = CARTESIAN_POINT('',(15.509011330308,-300.1591579793,
    253.25372688806));
#7293 = CARTESIAN_POINT('',(15.48880543144,-300.1559981016,
    253.25529217593));
#7294 = CARTESIAN_POINT('',(15.494934816118,-300.1357255284,
    253.27084882812));
#7295 = CARTESIAN_POINT('',(15.47391508666,-300.1330926264,
    253.2719838555));
#7296 = CARTESIAN_POINT('',(15.470833294342,-300.1188057497,
    253.28264652786));
#7297 = CARTESIAN_POINT('',(15.459213551293,-300.1100654514,
    253.28877473061));
#7298 = CARTESIAN_POINT('',(15.449684147482,-300.0999672797,
    253.2960130149));
#7299 = CARTESIAN_POINT('',(15.429639376917,-300.0804114178,
    253.30996596881));
#7300 = CARTESIAN_POINT('',(15.419429326238,-300.0707554197,
    253.31684277561));
#7301 = CARTESIAN_POINT('',(15.40907271164,-300.0611946045,
    253.32364171544));
#7302 = CARTESIAN_POINT('',(15.398609367129,-300.0517032226,
    253.33038399184));
#7303 = CARTESIAN_POINT('',(15.388077563144,-300.0422562088,
    253.33708983405));
#7304 = CARTESIAN_POINT('',(15.377513510113,-300.0328302883,
    253.34377859675));
#7305 = CARTESIAN_POINT('',(15.366950482375,-300.023403628,
    253.35046781683));
#7306 = CARTESIAN_POINT('',(15.356417790666,-300.013957331,
    253.35717316517));
#7307 = CARTESIAN_POINT('',(15.345939366846,-300.0044757843,
    253.36390728863));
#7308 = CARTESIAN_POINT('',(15.325124952965,-299.9854202105,
    253.37745113757));
#7309 = CARTESIAN_POINT('',(15.314789376035,-299.9758459154,
    253.38426108058));
#7310 = CARTESIAN_POINT('',(15.30454421712,-299.9662128918,
    253.39111900523));
#7311 = CARTESIAN_POINT('',(15.294402927683,-299.956512434,
    253.39803208956));
#7312 = CARTESIAN_POINT('',(15.284374075154,-299.9467389311,
    253.40500483727));
#7313 = CARTESIAN_POINT('',(15.274461789028,-299.9368897357,
    253.41203948767));
#7314 = CARTESIAN_POINT('',(15.264666303754,-299.9269646826,
    253.41913613956));
#7315 = CARTESIAN_POINT('',(15.254984471822,-299.9169658006,
    253.42629313236));
#7316 = CARTESIAN_POINT('',(15.245410373712,-299.9068969577,
    253.43350732531));
#7317 = CARTESIAN_POINT('',(15.226461470893,-299.8866298166,
    253.44804152201));
#7318 = CARTESIAN_POINT('',(15.217086782051,-299.8764314618,
    253.45536158965));
#7319 = CARTESIAN_POINT('',(15.207803485834,-299.8661737056,
    253.46273017632));
#7320 = CARTESIAN_POINT('',(15.198601434096,-299.8558632617,
    253.47014191401));
#7321 = CARTESIAN_POINT('',(15.189469026734,-299.8455074569,
    253.47759061077));
#7322 = CARTESIAN_POINT('',(15.180393481341,-299.8351148602,
    253.48506952503));
#7323 = CARTESIAN_POINT('',(15.171361186688,-299.8246940391,
    253.4925713856));
#7324 = CARTESIAN_POINT('',(15.162357957911,-299.8142544258,
    253.50008869674));
#7325 = CARTESIAN_POINT('',(15.153369383552,-299.8038052461,
    253.5076137862));
#7326 = CARTESIAN_POINT('',(15.135392825671,-299.7829065225,
    253.52266429339));
#7327 = CARTESIAN_POINT('',(15.126404954321,-299.7724568857,
    253.53018976222));
#7328 = CARTESIAN_POINT('',(15.117402793034,-299.762016542,
    253.53770767082));
#7329 = CARTESIAN_POINT('',(15.108371799556,-299.7515948911,
    253.54521022637));
#7330 = CARTESIAN_POINT('',(15.099297594364,-299.741201346,
    253.55268992736));
#7331 = CARTESIAN_POINT('',(15.090165947344,-299.7308450592,
    253.56013903182));
#7332 = CARTESIAN_POINT('',(15.080962798899,-299.7205352447,
    253.56755027726));
#7333 = CARTESIAN_POINT('',(15.071674237765,-299.7102808828,
    253.57491610904));
#7334 = CARTESIAN_POINT('',(15.062286521161,-299.7000909262,
    253.58222933597));
#7335 = CARTESIAN_POINT('',(15.043285604175,-299.6798574573,
    253.59673606001));
#7336 = CARTESIAN_POINT('',(15.033672720987,-299.6698137341,
    253.60392974093));
#7337 = CARTESIAN_POINT('',(15.023933741251,-299.6598519262,
    253.61105647066));
#7338 = CARTESIAN_POINT('',(15.01405488793,-299.6499809294,
    253.6181089452));
#7339 = CARTESIAN_POINT('',(15.004022287738,-299.6402098319,
    253.62507980114));
#7340 = CARTESIAN_POINT('',(14.993822243047,-299.6305474481,
    253.63196173751));
#7341 = CARTESIAN_POINT('',(14.983441568297,-299.6210024084,
    253.63874780457));
#7342 = CARTESIAN_POINT('',(14.972867724447,-299.6115828179,
    253.64543128888));
#7343 = CARTESIAN_POINT('',(14.962088559986,-299.602296586,
    253.65200577951));
#7344 = CARTESIAN_POINT('',(14.951091400877,-299.5931519403,
    253.65846452655));
#7345 = CARTESIAN_POINT('',(15.529016652463,-300.2224958054,
    253.2659555234));
#7346 = CARTESIAN_POINT('',(15.521370534937,-300.2111742666,
    253.27419389023));
#7347 = CARTESIAN_POINT('',(15.513655036066,-300.1998977389,
    253.28239548204));
#7348 = CARTESIAN_POINT('',(15.504402148376,-300.1896202353,
    253.28978025978));
#7349 = CARTESIAN_POINT('',(15.498783685402,-300.176980917,
    253.29909612054));
#7350 = CARTESIAN_POINT('',(15.486959665677,-300.1683737736,
    253.30511532593));
#7351 = CARTESIAN_POINT('',(15.480264739071,-300.1564340652,
    253.31385915398));
#7352 = CARTESIAN_POINT('',(15.469794155247,-300.1469473053,
    253.32059758312));
#7353 = CARTESIAN_POINT('',(15.460542114822,-300.1366689351,
    253.32798318654));
#7354 = CARTESIAN_POINT('',(15.450664834189,-300.1267967262,
    253.33503674138));
#7355 = CARTESIAN_POINT('',(15.430630842627,-300.1072338589,
    253.34899543039));
#7356 = CARTESIAN_POINT('',(15.420423171595,-300.0975762952,
    253.3558735012));
#7357 = CARTESIAN_POINT('',(15.410064760107,-300.0880166842,
    253.36267151006));
#7358 = CARTESIAN_POINT('',(15.399594673657,-300.0785295981,
    253.36941018194));
#7359 = CARTESIAN_POINT('',(15.389050616364,-300.0690906329,
    253.37610957072));
#7360 = CARTESIAN_POINT('',(15.378468239288,-300.0596765253,
    253.38278856301));
#7361 = CARTESIAN_POINT('',(15.367880326313,-300.0502660739,
    253.38946461432));
#7362 = CARTESIAN_POINT('',(15.357315759356,-300.0408404545,
    253.39615302516));
#7363 = CARTESIAN_POINT('',(15.346798364637,-300.0313842195,
    253.40286646965));
#7364 = CARTESIAN_POINT('',(15.325892744075,-300.0123878767,
    253.41636190454));
#7365 = CARTESIAN_POINT('',(15.315505100382,-300.0028473911,
    253.4231442038));
#7366 = CARTESIAN_POINT('',(15.30520174759,-299.9932521731,
    253.42997124903));
#7367 = CARTESIAN_POINT('',(15.294996639038,-299.9835931462,
    253.43685043352));
#7368 = CARTESIAN_POINT('',(15.284898990671,-299.9738643372,
    253.44378667823));
#7369 = CARTESIAN_POINT('',(15.274913745519,-299.9640625246,
    253.45078258335));
#7370 = CARTESIAN_POINT('',(15.265042028445,-299.9541869741,
    253.45783876721));
#7371 = CARTESIAN_POINT('',(15.255281640841,-299.9442391244,
    253.46495405436));
#7372 = CARTESIAN_POINT('',(15.245627545699,-299.934222232,
    253.47212577512));
#7373 = CARTESIAN_POINT('',(15.226517220347,-299.9140599391,
    253.48657426955));
#7374 = CARTESIAN_POINT('',(15.217061092228,-299.9039144643,
    253.49385109696));
#7375 = CARTESIAN_POINT('',(15.207696520063,-299.8937095387,
    253.50117653769));
#7376 = CARTESIAN_POINT('',(15.198414109976,-299.883451214,
    253.50854559831));
#7377 = CARTESIAN_POINT('',(15.189202873203,-299.8731467084,
    253.51595245743));
#7378 = CARTESIAN_POINT('',(15.180050569049,-299.8628038671,
    253.52339060074));
#7379 = CARTESIAN_POINT('',(15.170944014698,-299.8524313585,
    253.53085304559));
#7380 = CARTESIAN_POINT('',(15.16186943356,-299.8420380447,
    253.53833246529));
#7381 = CARTESIAN_POINT('',(15.152812767889,-299.8316331086,
    253.54582140384));
#7382 = CARTESIAN_POINT('',(15.134707267472,-299.8108181321,
    253.56080344611));
#7383 = CARTESIAN_POINT('',(15.125658517345,-299.8004080449,
    253.56829659807));
#7384 = CARTESIAN_POINT('',(15.116599349481,-299.7900047126,
    253.57578421495));
#7385 = CARTESIAN_POINT('',(15.107515471289,-299.7796174413,
    253.58325873747));
#7386 = CARTESIAN_POINT('',(15.098392714415,-299.7692553946,
    253.59071258911));
#7387 = CARTESIAN_POINT('',(15.089217038128,-299.7589277414,
    253.59813839158));
#7388 = CARTESIAN_POINT('',(15.079974524569,-299.7486434742,
    253.60552867228));
#7389 = CARTESIAN_POINT('',(15.070651384874,-299.7384115828,
    253.61287617964));
#7390 = CARTESIAN_POINT('',(15.061233954279,-299.7282409248,
    253.62017361492));
#7391 = CARTESIAN_POINT('',(15.042183437323,-299.7080396733,
    253.63465400502));
#7392 = CARTESIAN_POINT('',(15.032550832184,-299.6980087675,
    253.6418372088));
#7393 = CARTESIAN_POINT('',(15.022796948961,-299.6880566237,
    253.64895602981));
#7394 = CARTESIAN_POINT('',(15.012907995944,-299.6781922143,
    253.65600313919));
#7395 = CARTESIAN_POINT('',(15.002870317408,-299.6684243893,
    253.66297128834));
#7396 = CARTESIAN_POINT('',(14.99267050099,-299.6587618782,
    253.66985336386));
#7397 = CARTESIAN_POINT('',(14.982295497148,-299.6492131462,
    253.67664241946));
#7398 = CARTESIAN_POINT('',(14.971732676778,-299.6397863996,
    253.68333176989));
#7399 = CARTESIAN_POINT('',(14.960969726437,-299.6304896371,
    253.68991486199));
#7400 = CARTESIAN_POINT('',(14.949994303163,-299.6213308745,
    253.69638514967));
#7401 = CARTESIAN_POINT('',(15.530183674933,-300.2492042096,
    253.30507820415));
#7402 = CARTESIAN_POINT('',(15.522513315491,-300.2378984141,
    253.31330370239));
#7403 = CARTESIAN_POINT('',(15.514630890203,-300.2267303642,
    253.32141659882));
#7404 = CARTESIAN_POINT('',(15.506503185141,-300.2157216344,
    253.3293992573));
#7405 = CARTESIAN_POINT('',(15.498089605865,-300.2048985994,
    253.33723011295));
#7406 = CARTESIAN_POINT('',(15.489389197638,-300.1942618825,
    253.34490865968));
#7407 = CARTESIAN_POINT('',(15.480352114793,-300.1838438664,
    253.35240841589));
#7408 = CARTESIAN_POINT('',(15.471037720394,-300.1736059952,
    253.35976090815));
#7409 = CARTESIAN_POINT('',(15.46144954544,-300.1635459766,
    253.36696800126));
#7410 = CARTESIAN_POINT('',(15.451634872357,-300.1536331,253.37405480473
    ));
#7411 = CARTESIAN_POINT('',(15.43162210786,-300.1340564379,
    253.38802477087));
#7412 = CARTESIAN_POINT('',(15.42142324568,-300.1243931539,
    253.39490752511));
#7413 = CARTESIAN_POINT('',(15.411070053485,-300.1148301332,
    253.40170830577));
#7414 = CARTESIAN_POINT('',(15.400600485442,-300.1053427333,
    253.40844726828));
#7415 = CARTESIAN_POINT('',(15.390051494539,-300.0959069325,
    253.41514403069));
#7416 = CARTESIAN_POINT('',(15.379458174886,-300.086499958,
    253.42181723328));
#7417 = CARTESIAN_POINT('',(15.368852834538,-300.0771008012,
    253.42848402749));
#7418 = CARTESIAN_POINT('',(15.358264020535,-300.0676909338,
    253.43515957621));
#7419 = CARTESIAN_POINT('',(15.347715473916,-300.0582549255,
    253.44185648535));
#7420 = CARTESIAN_POINT('',(15.326734592575,-300.0393074563,
    253.45531197249));
#7421 = CARTESIAN_POINT('',(15.316302605614,-300.0297957689,
    253.4620707356));
#7422 = CARTESIAN_POINT('',(15.30594839811,-300.0202335744,
    253.46887077957));
#7423 = CARTESIAN_POINT('',(15.295686307048,-300.0106115584,
    253.47571972336));
#7424 = CARTESIAN_POINT('',(15.285526108277,-300.0009233717,
    253.48262275257));
#7425 = CARTESIAN_POINT('',(15.275473441783,-299.9911653441,
    253.4895828716));
#7426 = CARTESIAN_POINT('',(15.265530240083,-299.981336227,
    253.49660110172));
#7427 = CARTESIAN_POINT('',(15.25569515323,-299.9714368873,
    253.50367673199));
#7428 = CARTESIAN_POINT('',(15.245963976803,-299.9614700611,
    253.5108075296));
#7429 = CARTESIAN_POINT('',(15.226696178803,-299.9414100435,
    253.52517241977));
#7430 = CARTESIAN_POINT('',(15.217159723067,-299.9313167464,
    253.53240660025));
#7431 = CARTESIAN_POINT('',(15.207714074816,-299.9211644653,
    253.53968899409));
#7432 = CARTESIAN_POINT('',(15.198350578119,-299.9109588321,
    253.54701500685));
#7433 = CARTESIAN_POINT('',(15.189058899105,-299.9007065408,
    253.55437915218));
#7434 = CARTESIAN_POINT('',(15.179827365844,-299.8904151934,
    253.56177523433));
#7435 = CARTESIAN_POINT('',(15.170643311671,-299.8800929952,
    253.56919652812));
#7436 = CARTESIAN_POINT('',(15.161493414508,-299.8697486156,
    253.57663596114));
#7437 = CARTESIAN_POINT('',(15.152364039891,-299.8593908996,
    253.58408629449));
#7438 = CARTESIAN_POINT('',(15.134119122627,-299.8386664786,
    253.59899431418));
#7439 = CARTESIAN_POINT('',(15.125003663283,-299.8282997178,
    253.60645204423));
#7440 = CARTESIAN_POINT('',(15.115881150306,-299.8179375363,
    253.61390603582));
#7441 = CARTESIAN_POINT('',(15.106737623479,-299.8075889959,
    253.62134887089));
#7442 = CARTESIAN_POINT('',(15.097559214408,-299.7972631137,
    253.62877319812));
#7443 = CARTESIAN_POINT('',(15.088332147813,-299.7869688238,
    253.63617168705));
#7444 = CARTESIAN_POINT('',(15.079042740013,-299.7767150271,
    253.64353709077));
#7445 = CARTESIAN_POINT('',(15.06967740037,-299.7665105407,
    253.6508621783));
#7446 = CARTESIAN_POINT('',(15.060222630174,-299.7563641378,
    253.65813979215));
#7447 = CARTESIAN_POINT('',(15.041107416479,-299.7362049095,
    253.67258582829));
#7448 = CARTESIAN_POINT('',(15.031447504807,-299.7261917395,
    253.67975453453));
#7449 = CARTESIAN_POINT('',(15.021671316137,-299.7162540874,
    253.68686150886));
#7450 = CARTESIAN_POINT('',(15.011765139425,-299.7064008619,
    253.69389947405));
#7451 = CARTESIAN_POINT('',(15.001715524903,-299.6966407928,
    253.70086128653));
#7452 = CARTESIAN_POINT('',(14.991509283938,-299.6869824555,
    253.70773994456));
#7453 = CARTESIAN_POINT('',(14.981133489073,-299.6774342362,
    253.71452858565));
#7454 = CARTESIAN_POINT('',(14.970575474143,-299.6680043712,
    253.72122048201));
#7455 = CARTESIAN_POINT('',(14.959822834041,-299.6587009118,
    253.72780904925));
#7456 = CARTESIAN_POINT('',(14.948863424963,-299.6495317488,
    253.73428783821));
#7457 = CARTESIAN_POINT('',(15.532538760098,-300.3026073502,
    253.38333473879));
#7458 = CARTESIAN_POINT('',(15.524752572638,-300.2913767971,
    253.39149872668));
#7459 = CARTESIAN_POINT('',(15.516751332294,-300.2802859293,
    253.39954852688));
#7460 = CARTESIAN_POINT('',(15.508514724432,-300.2693479475,
    253.40747334718));
#7461 = CARTESIAN_POINT('',(15.500026992142,-300.2585730844,
    253.41526482293));
#7462 = CARTESIAN_POINT('',(15.491248972739,-300.2479867895,
    253.4229021446));
#7463 = CARTESIAN_POINT('',(15.482218332633,-300.2375645925,
    253.43040532138));
#7464 = CARTESIAN_POINT('',(15.472895821209,-300.2273319984,
    253.4377534942));
#7465 = CARTESIAN_POINT('',(15.463327312043,-300.2172592065,
    253.4449710307));
#7466 = CARTESIAN_POINT('',(15.45353386945,-300.2073325391,
    253.45206910719));
#7467 = CARTESIAN_POINT('',(15.433566711536,-300.187726248,
    253.46606329635));
#7468 = CARTESIAN_POINT('',(15.423391625453,-300.1780475147,
    253.47295868074));
#7469 = CARTESIAN_POINT('',(15.413058512874,-300.1684714488,
    253.4797701308));
#7470 = CARTESIAN_POINT('',(15.402601993595,-300.1589755579,
    253.48651603161));
#7471 = CARTESIAN_POINT('',(15.392056615747,-300.1495374121,
    253.49321472218));
#7472 = CARTESIAN_POINT('',(15.381455698855,-300.1401353524,
    253.49988390346));
#7473 = CARTESIAN_POINT('',(15.370830243936,-300.1307492585,
    253.50654002833));
#7474 = CARTESIAN_POINT('',(15.360207894389,-300.1213611595,
    253.51319778424));
#7475 = CARTESIAN_POINT('',(15.349611963883,-300.1119559196,
    253.51986954634));
#7476 = CARTESIAN_POINT('',(15.328509072493,-300.0930876789,
    253.5332602762));
#7477 = CARTESIAN_POINT('',(15.318002424686,-300.083624476,
    253.53997940878));
#7478 = CARTESIAN_POINT('',(15.307559999535,-300.0741195709,
    253.54673262772));
#7479 = CARTESIAN_POINT('',(15.297196700373,-300.0645632848,
    253.55352784133));
#7480 = CARTESIAN_POINT('',(15.286923247406,-300.0549486462,
    253.56037075437));
#7481 = CARTESIAN_POINT('',(15.276746513459,-300.0452712011,
    253.5672650045));
#7482 = CARTESIAN_POINT('',(15.266669863444,-300.0355287483,
    253.57421239264));
#7483 = CARTESIAN_POINT('',(15.256693489614,-300.0257211744,
    253.58121301347));
#7484 = CARTESIAN_POINT('',(15.24681475058,-300.0158501854,
    253.58826547092));
#7485 = CARTESIAN_POINT('',(15.227242264798,-299.9959880581,
    253.60246860088));
#7486 = CARTESIAN_POINT('',(15.217548662394,-299.9859968242,
    253.60961935096));
#7487 = CARTESIAN_POINT('',(15.207942640061,-299.9759487091,
    253.61681659876));
#7488 = CARTESIAN_POINT('',(15.198417015924,-299.9658483701,
    253.62405653651));
#7489 = CARTESIAN_POINT('',(15.188962828968,-299.9557016361,
    253.63133440012));
#7490 = CARTESIAN_POINT('',(15.179569678747,-299.9455152511,
    253.63864467768));
#7491 = CARTESIAN_POINT('',(15.170226068964,-299.9352966915,
    253.64598125665));
#7492 = CARTESIAN_POINT('',(15.16091974647,-299.9250539075,
    253.65333763904));
#7493 = CARTESIAN_POINT('',(15.15163804459,-299.914795131,
    253.66070709593));
#7494 = CARTESIAN_POINT('',(15.133098401891,-299.8942621371,
    253.67545863419));
#7495 = CARTESIAN_POINT('',(15.123840555833,-299.8839878593,
    253.68284076599));
#7496 = CARTESIAN_POINT('',(15.114581483266,-299.8737143729,
    253.69022224918));
#7497 = CARTESIAN_POINT('',(15.105308006812,-299.8634502422,
    253.69759609386));
#7498 = CARTESIAN_POINT('',(15.096006975765,-299.8532039978,
    253.7049553063));
#7499 = CARTESIAN_POINT('',(15.08666526231,-299.8429841814,
    253.71229293282));
#7500 = CARTESIAN_POINT('',(15.077269766482,-299.8327992853,
    253.71960200119));
#7501 = CARTESIAN_POINT('',(15.067807411006,-299.8226578162,
    253.72687558195));
#7502 = CARTESIAN_POINT('',(15.058265145551,-299.8125682426,
    253.7341067379));
#7503 = CARTESIAN_POINT('',(15.038994742448,-299.7925098147,
    253.74847037512));
#7504 = CARTESIAN_POINT('',(15.02926713201,-299.782540616,
    253.75560313493));
#7505 = CARTESIAN_POINT('',(15.019433560477,-299.7726402393,
    253.76267964241));
#7506 = CARTESIAN_POINT('',(15.00948067725,-299.7628173451,
    253.76969280564));
#7507 = CARTESIAN_POINT('',(14.999395333522,-299.7530804932,
    253.77663564791));
#7508 = CARTESIAN_POINT('',(14.989164581679,-299.7434380671,
    253.78350129036));
#7509 = CARTESIAN_POINT('',(14.978775676418,-299.7338983726,
    253.79028296862));
#7510 = CARTESIAN_POINT('',(14.968216073253,-299.7244695353,
    253.79697402087));
#7511 = CARTESIAN_POINT('',(14.957473430018,-299.715159586,
    253.80356789416));
#7512 = CARTESIAN_POINT('',(14.946535605723,-299.705976404,
    253.81005814205));
#7513 = CARTESIAN_POINT('',(15.533750727376,-300.3292865562,
    253.42248128969));
#7514 = CARTESIAN_POINT('',(15.525898887671,-300.3180986503,
    253.43061041331));
#7515 = CARTESIAN_POINT('',(15.51783316457,-300.3070496758,
    253.43862596525));
#7516 = CARTESIAN_POINT('',(15.509537429128,-300.2961500955,
    253.44651939393));
#7517 = CARTESIAN_POINT('',(15.501004032709,-300.2854049132,
    253.4542865981));
#7518 = CARTESIAN_POINT('',(15.492185590019,-300.2748448637,
    253.46190247586));
#7519 = CARTESIAN_POINT('',(15.48313980547,-300.2644325213,
    253.46939757988));
#7520 = CARTESIAN_POINT('',(15.473810827303,-300.2542041206,
    253.47674233591));
#7521 = CARTESIAN_POINT('',(15.464246915292,-300.2441283509,
    253.4839622998));
#7522 = CARTESIAN_POINT('',(15.45446313831,-300.2341954035,
    253.49106551124));
#7523 = CARTESIAN_POINT('',(15.434520623039,-300.2145731066,
    253.50507278467));
#7524 = CARTESIAN_POINT('',(15.424360516509,-300.2048846422,
    253.51197612308));
#7525 = CARTESIAN_POINT('',(15.414042054558,-300.1952990562,
    253.51879535952));
#7526 = CARTESIAN_POINT('',(15.403597720957,-300.1857952546,
    253.52554772323));
#7527 = CARTESIAN_POINT('',(15.3930605192,-300.176351781,253.5322507757)
  );
#7528 = CARTESIAN_POINT('',(15.382462646488,-300.1669477575,
    253.5389215596));
#7529 = CARTESIAN_POINT('',(15.371834265376,-300.1575635442,
    253.54557615202));
#7530 = CARTESIAN_POINT('',(15.36120242972,-300.1481816118,
    253.55222886691));
#7531 = CARTESIAN_POINT('',(15.350590109953,-300.1387870085,
    253.55889193685));
#7532 = CARTESIAN_POINT('',(15.329440611273,-300.1199490321,
    253.57225793063));
#7533 = CARTESIAN_POINT('',(15.318903725124,-300.1105054629,
    253.57896101694));
#7534 = CARTESIAN_POINT('',(15.308424049014,-300.1010247544,
    253.58569445564));
#7535 = CARTESIAN_POINT('',(15.29801665258,-300.0914970922,
    253.5924662751));
#7536 = CARTESIAN_POINT('',(15.287692616179,-300.0819153262,
    253.59928231835));
#7537 = CARTESIAN_POINT('',(15.277459336814,-300.0722745785,
    253.60614656834));
#7538 = CARTESIAN_POINT('',(15.267320808175,-300.0625723347,
    253.61306109475));
#7539 = CARTESIAN_POINT('',(15.25727792995,-300.0528079404,
    253.62002641594));
#7540 = CARTESIAN_POINT('',(15.247328790985,-300.0429826787,
    253.62704149671));
#7541 = CARTESIAN_POINT('',(15.227609150492,-300.0232161233,
    253.64116650377));
#7542 = CARTESIAN_POINT('',(15.217838806955,-300.0132747345,
    253.64827650964));
#7543 = CARTESIAN_POINT('',(15.208153577921,-300.0032780561,
    253.65543171206));
#7544 = CARTESIAN_POINT('',(15.198547002761,-299.9932303035,
    253.66262866088));
#7545 = CARTESIAN_POINT('',(15.189010835537,-299.9831368057,
    253.66986301464));
#7546 = CARTESIAN_POINT('',(15.179535382813,-299.9730038836,
    253.6771295813));
#7547 = CARTESIAN_POINT('',(15.17010980519,-299.962838556,
    253.68442265259));
#7548 = CARTESIAN_POINT('',(15.160722461307,-299.9526483995,
    253.69173601286));
#7549 = CARTESIAN_POINT('',(15.151361212115,-299.9424412873,
    253.69906323754));
#7550 = CARTESIAN_POINT('',(15.132666296828,-299.9220091444,
    253.71373233669));
#7551 = CARTESIAN_POINT('',(15.123332762102,-299.9117840255,
    253.72107428086));
#7552 = CARTESIAN_POINT('',(15.114000437868,-299.9015581215,
    253.72841687906));
#7553 = CARTESIAN_POINT('',(15.104656607575,-299.8913396754,
    253.73575335559));
#7554 = CARTESIAN_POINT('',(15.09528853816,-299.8811369905,
    253.74307699566));
#7555 = CARTESIAN_POINT('',(15.08588350124,-299.8709582844,
    253.75038097927));
#7556 = CARTESIAN_POINT('',(15.076428744987,-299.8608118937,
    253.75765860045));
#7557 = CARTESIAN_POINT('',(15.066911523618,-299.8507060526,
    253.76490304122));
#7558 = CARTESIAN_POINT('',(15.057319072989,-299.8406490785,
    253.7721075549));
#7559 = CARTESIAN_POINT('',(15.037958179541,-299.8206494239,
    253.78642314519));
#7560 = CARTESIAN_POINT('',(15.028190219438,-299.8107064389,
    253.79353448387));
#7561 = CARTESIAN_POINT('',(15.018321547585,-299.8008288445,
    253.80059234882));
#7562 = CARTESIAN_POINT('',(15.00833906832,-299.791025204,
    253.80758980716));
#7563 = CARTESIAN_POINT('',(14.998229805425,-299.7813038462,
    253.81451993912));
#7564 = CARTESIAN_POINT('',(14.987980925264,-299.7716732388,
    253.82137596422));
#7565 = CARTESIAN_POINT('',(14.977579747805,-299.762141481,
    253.82815112111));
#7566 = CARTESIAN_POINT('',(14.967013774554,-299.7527168018,
    253.83483879319));
#7567 = CARTESIAN_POINT('',(14.95627069823,-299.7434071262,
    253.84143243522));
#7568 = CARTESIAN_POINT('',(14.945338427843,-299.7342203389,
    253.84792563153));
#7569 = CARTESIAN_POINT('',(15.534997576422,-300.3559431008,
    253.46164636679));
#7570 = CARTESIAN_POINT('',(15.527074180865,-300.3448016813,
    253.46973748756));
#7571 = CARTESIAN_POINT('',(15.51893927161,-300.3337976404,
    253.47771630801));
#7572 = CARTESIAN_POINT('',(15.51057996064,-300.3229393865,
    253.48557594198));
#7573 = CARTESIAN_POINT('',(15.501993206048,-300.3122288306,
    253.49331486341));
#7574 = CARTESIAN_POINT('',(15.493132252568,-300.3016964401,
    253.500908085));
#7575 = CARTESIAN_POINT('',(15.484058622081,-300.291302155,
    253.50838847773));
#7576 = CARTESIAN_POINT('',(15.474716524465,-300.281082306,
    253.51572620096));
#7577 = CARTESIAN_POINT('',(15.465149972508,-300.271008237,
    253.52294479365));
#7578 = CARTESIAN_POINT('',(15.455371129724,-300.2610720946,
    253.53005061095));
#7579 = CARTESIAN_POINT('',(15.435447442236,-300.2414375676,
    253.54406788093));
#7580 = CARTESIAN_POINT('',(15.425301385376,-300.2317399798,
    253.55097868216));
#7581 = CARTESIAN_POINT('',(15.4149985355,-300.222144252,253.55780619582
    ));
#7582 = CARTESIAN_POINT('',(15.404568934654,-300.212630869,
    253.56456641508));
#7583 = CARTESIAN_POINT('',(15.394043690598,-300.2031796521,
    253.57127577277));
#7584 = CARTESIAN_POINT('',(15.383453521962,-300.1937705827,
    253.57795070503));
#7585 = CARTESIAN_POINT('',(15.372827509539,-300.1843848646,
    253.58460651366));
#7586 = CARTESIAN_POINT('',(15.362191927363,-300.1750053371,
    253.59125727301));
#7587 = CARTESIAN_POINT('',(15.351569275788,-300.1656174502,
    253.59791485105));
#7588 = CARTESIAN_POINT('',(15.330385567612,-300.1468016814,
    253.61126269625));
#7589 = CARTESIAN_POINT('',(15.319824794699,-300.1373736288,
    253.61795309757));
#7590 = CARTESIAN_POINT('',(15.309314216455,-300.1279129687,
    253.62467015482));
#7591 = CARTESIAN_POINT('',(15.298868918314,-300.1184099601,
    253.63142181898));
#7592 = CARTESIAN_POINT('',(15.288500229401,-300.1088571289,
    253.63821420946));
#7593 = CARTESIAN_POINT('',(15.278215941633,-300.0992495803,
    253.64505133277));
#7594 = CARTESIAN_POINT('',(15.268020604041,-300.0895841709,
    253.65193573701));
#7595 = CARTESIAN_POINT('',(15.257915732371,-300.0798600729,
    253.65886812966));
#7596 = CARTESIAN_POINT('',(15.247900094239,-300.0700779873,
    253.66584791384));
#7597 = CARTESIAN_POINT('',(15.228039788622,-300.0504027937,
    253.67989824149));
#7598 = CARTESIAN_POINT('',(15.218195342199,-300.0405095243,
    253.68696891256));
#7599 = CARTESIAN_POINT('',(15.208432848633,-300.0305630456,
    253.69408307938));
#7600 = CARTESIAN_POINT('',(15.19874652181,-300.0205670663,
    253.70123771682));
#7601 = CARTESIAN_POINT('',(15.189128855706,-300.010526523,
    253.70842876334));
#7602 = CARTESIAN_POINT('',(15.179570871262,-300.0004471879,
    253.71565155127));
#7603 = CARTESIAN_POINT('',(15.170062460235,-299.9903356721,
    253.72290061693));
#7604 = CARTESIAN_POINT('',(15.160592615151,-299.9801990913,
    253.73017019004));
#7605 = CARTESIAN_POINT('',(15.151149766191,-299.970044982,
    253.73745408737));
#7606 = CARTESIAN_POINT('',(15.132294311377,-299.9497171079,
    253.75203795205));
#7607 = CARTESIAN_POINT('',(15.122881909448,-299.9395432162,
    253.7593380291));
#7608 = CARTESIAN_POINT('',(15.113472672633,-299.9293672568,
    253.76663977261));
#7609 = CARTESIAN_POINT('',(15.104054391122,-299.919197192,
    253.77393676136));
#7610 = CARTESIAN_POINT('',(15.094614833939,-299.9090408982,
    253.78122238835));
#7611 = CARTESIAN_POINT('',(15.085141700028,-299.8989064669,
    253.78849027668));
#7612 = CARTESIAN_POINT('',(15.075622683676,-299.8888017786,
    253.79573373449));
#7613 = CARTESIAN_POINT('',(15.06604540552,-299.8787349641,
    253.80294631365));
#7614 = CARTESIAN_POINT('',(15.056397469886,-299.8687140203,
    253.81012135919));
#7615 = CARTESIAN_POINT('',(15.036935385838,-299.8487800947,
    253.82438322678));
#7616 = CARTESIAN_POINT('',(15.027121632734,-299.8388668376,
    253.83147024481));
#7617 = CARTESIAN_POINT('',(15.01721243824,-299.8290156055,
    253.83850661204));
#7618 = CARTESIAN_POINT('',(15.007195020998,-299.8192345784,
    253.84548549199));
#7619 = CARTESIAN_POINT('',(14.99705660438,-299.8095322661,
    253.85240017747));
#7620 = CARTESIAN_POINT('',(14.986784457192,-299.7999166564,
    253.85924382095));
#7621 = CARTESIAN_POINT('',(14.976365962923,-299.7903962373,
    253.86600980241));
#7622 = CARTESIAN_POINT('',(14.965788649152,-299.7809788707,
    253.87269144309));
#7623 = CARTESIAN_POINT('',(14.955040259957,-299.7716726672,
    253.87928226763));
#7624 = CARTESIAN_POINT('',(14.944108792063,-299.7624853547,
    253.88577588903));
#7625 = CARTESIAN_POINT('',(15.536279764314,-300.3825766877,
    253.50083021245));
#7626 = CARTESIAN_POINT('',(15.528279903375,-300.3714849369,
    253.50888072956));
#7627 = CARTESIAN_POINT('',(15.520071353204,-300.3605287543,
    253.51682041819));
#7628 = CARTESIAN_POINT('',(15.511644033507,-300.3497146389,
    253.52464399469));
#7629 = CARTESIAN_POINT('',(15.50299711335,-300.3390432316,
    253.53235084929));
#7630 = CARTESIAN_POINT('',(15.494090367893,-300.3285405261,
    253.53991990241));
#7631 = CARTESIAN_POINT('',(15.484979287046,-300.3181706264,
    253.54738024507));
#7632 = CARTESIAN_POINT('',(15.475616154205,-300.3079644049,
    253.55470691487));
#7633 = CARTESIAN_POINT('',(15.466039004941,-300.2978972505,
    253.56191980928));
#7634 = CARTESIAN_POINT('',(15.456258557914,-300.2879621398,
    253.56902479417));
#7635 = CARTESIAN_POINT('',(15.436343592667,-300.2683219564,
    253.58304668679));
#7636 = CARTESIAN_POINT('',(15.426208069736,-300.2586175222,
    253.58996307612));
#7637 = CARTESIAN_POINT('',(15.415919078417,-300.2490127954,
    253.59679797029));
#7638 = CARTESIAN_POINT('',(15.40550415107,-300.2394898945,
    253.60356593072));
#7639 = CARTESIAN_POINT('',(15.394992229185,-300.2300299798,
    253.61028244422));
#7640 = CARTESIAN_POINT('',(15.384412302439,-300.2206143219,
    253.61696272561));
#7641 = CARTESIAN_POINT('',(15.373792077787,-300.2112247748,
    253.62362169071));
#7642 = CARTESIAN_POINT('',(15.363156872656,-300.2018450429,
    253.63027260503));
#7643 = CARTESIAN_POINT('',(15.352528543978,-300.1924608212,
    253.63692719372));
#7644 = CARTESIAN_POINT('',(15.331320655174,-300.1736607561,
    253.65026220351));
#7645 = CARTESIAN_POINT('',(15.320741374509,-300.1642447077,
    253.65694279759));
#7646 = CARTESIAN_POINT('',(15.310205459594,-300.1548005363,
    253.66364637169));
#7647 = CARTESIAN_POINT('',(15.299727878101,-300.145318414,
    253.67038096775));
#7648 = CARTESIAN_POINT('',(15.289320037982,-300.1357911278,
    253.67715248532));
#7649 = CARTESIAN_POINT('',(15.278990054052,-300.1262131194,
    253.6839654432));
#7650 = CARTESIAN_POINT('',(15.26874288331,-300.1165814836,
    253.69082226586));
#7651 = CARTESIAN_POINT('',(15.258580608046,-300.1068946022,
    253.6977242198));
#7652 = CARTESIAN_POINT('',(15.248502587177,-300.0971530549,
    253.704670875));
#7653 = CARTESIAN_POINT('',(15.228508812303,-300.0775645358,
    253.71865035092));
#7654 = CARTESIAN_POINT('',(15.218593390912,-300.0677173796,
    253.72568333307));
#7655 = CARTESIAN_POINT('',(15.208756192043,-300.0578193821,
    253.73275786474));
#7656 = CARTESIAN_POINT('',(15.198992081598,-300.0478739735,
    253.73987116157));
#7657 = CARTESIAN_POINT('',(15.189294237013,-300.0378854547,
    253.74701970132));
#7658 = CARTESIAN_POINT('',(15.179654463731,-300.0278592782,
    253.75419900845));
#7659 = CARTESIAN_POINT('',(15.17006334308,-300.0178014544,
    253.76140420483));
#7660 = CARTESIAN_POINT('',(15.160510578252,-300.0077187463,
    253.76862973403));
#7661 = CARTESIAN_POINT('',(15.150985154097,-299.9976182609,
    253.77586979672));
#7662 = CARTESIAN_POINT('',(15.131966116526,-299.9773966353,
    253.79036681327));
#7663 = CARTESIAN_POINT('',(15.122472807718,-299.9672752882,
    253.79762392444));
#7664 = CARTESIAN_POINT('',(15.112984138091,-299.957150935,
    253.8048835322));
#7665 = CARTESIAN_POINT('',(15.103488479793,-299.9470310884,
    253.81213936369));
#7666 = CARTESIAN_POINT('',(15.093974105709,-299.9369234513,
    253.81938537644));
#7667 = CARTESIAN_POINT('',(15.084429263147,-299.9268355245,
    253.82661508141));
#7668 = CARTESIAN_POINT('',(15.074842074659,-299.9167751674,
    253.83382242908));
#7669 = CARTESIAN_POINT('',(15.065200643116,-299.9067499926,
    253.84100090138));
#7670 = CARTESIAN_POINT('',(15.055492964082,-299.8967678635,
    253.84814424403));
#7671 = CARTESIAN_POINT('',(15.035921000692,-299.8769052981,
    253.86234776689));
#7672 = CARTESIAN_POINT('',(15.026056982951,-299.8670247121,
    253.86940811167));
#7673 = CARTESIAN_POINT('',(15.016102752999,-299.8572026637,
    253.87642053431));
#7674 = CARTESIAN_POINT('',(15.00604589569,-299.8474473795,
    253.88337852954));
#7675 = CARTESIAN_POINT('',(14.995873844098,-299.8377667376,
    253.89027529183));
#7676 = CARTESIAN_POINT('',(14.985573991348,-299.8281693084,
    253.89710428328));
#7677 = CARTESIAN_POINT('',(14.97513375647,-299.8186628611,
    253.90385868105));
#7678 = CARTESIAN_POINT('',(14.964540713998,-299.809255799,
    253.91053199297));
#7679 = CARTESIAN_POINT('',(14.953782655017,-299.7999558407,
    253.91711767493));
#7680 = CARTESIAN_POINT('',(14.942847705896,-299.7907707966,
    253.92360944944));
#7681 = CARTESIAN_POINT('',(15.537597748115,-300.4091870196,
    253.54003306948));
#7682 = CARTESIAN_POINT('',(15.529517055484,-300.3981477842,
    253.5480406529));
#7683 = CARTESIAN_POINT('',(15.521230630837,-300.3872421685,
    253.55593901642));
#7684 = CARTESIAN_POINT('',(15.512730878851,-300.3764751565,
    253.56372403827));
#7685 = CARTESIAN_POINT('',(15.504017830823,-300.3658466408,
    253.57139593048));
#7686 = CARTESIAN_POINT('',(15.49506081123,-300.3553766652,
    253.57893806661));
#7687 = CARTESIAN_POINT('',(15.485904342383,-300.3450362,253.58637452154
    ));
#7688 = CARTESIAN_POINT('',(15.47651250451,-300.3348486683,
    253.59368577541));
#7689 = CARTESIAN_POINT('',(15.466916849939,-300.3247935105,
    253.60088893047));
#7690 = CARTESIAN_POINT('',(15.457127663302,-300.3148640947,
    253.60798923882));
#7691 = CARTESIAN_POINT('',(15.437209236097,-300.2952261596,
    253.6220092926));
#7692 = CARTESIAN_POINT('',(15.427079192113,-300.2855181744,
    253.62892859271));
#7693 = CARTESIAN_POINT('',(15.416800425976,-300.275906805,
    253.63576889042));
#7694 = CARTESIAN_POINT('',(15.40639803769,-300.2663757381,
    253.64254356887));
#7695 = CARTESIAN_POINT('',(15.395898768157,-300.2569076648,
    253.64926670649));
#7696 = CARTESIAN_POINT('',(15.38532965674,-300.2474848872,
    253.65595284354));
#7697 = CARTESIAN_POINT('',(15.374716880095,-300.2380905926,
    253.66261566985));
#7698 = CARTESIAN_POINT('',(15.364084561312,-300.2287089214,
    253.66926818126));
#7699 = CARTESIAN_POINT('',(15.353453755664,-300.2193263306,
    253.67592143448));
#7700 = CARTESIAN_POINT('',(15.332229146634,-300.2005371089,
    253.68924758481));
#7701 = CARTESIAN_POINT('',(15.321635609485,-300.1911303349,
    253.69592059682));
#7702 = CARTESIAN_POINT('',(15.311078975133,-300.1816995631,
    253.70261322179));
#7703 = CARTESIAN_POINT('',(15.300573909876,-300.1722353992,
    253.70933314401));
#7704 = CARTESIAN_POINT('',(15.290131819341,-300.162730185,
    253.71608660161));
#7705 = CARTESIAN_POINT('',(15.279760944973,-300.1531789209,
    253.72287773345));
#7706 = CARTESIAN_POINT('',(15.269466620124,-300.143577753,
    253.72970961408));
#7707 = CARTESIAN_POINT('',(15.259251346694,-300.1339253797,
    253.73658338778));
#7708 = CARTESIAN_POINT('',(15.249115031528,-300.1242216579,
    253.74349911307));
#7709 = CARTESIAN_POINT('',(15.228995191062,-300.1047150248,
    253.75741166006));
#7710 = CARTESIAN_POINT('',(15.219012137802,-300.094911766,
    253.76440874873));
#7711 = CARTESIAN_POINT('',(15.209103152573,-300.0850604514,
    253.77144514279));
#7712 = CARTESIAN_POINT('',(15.199263665821,-300.0751639106,
    253.77851847228));
#7713 = CARTESIAN_POINT('',(15.189487582546,-300.0652262942,
    253.78562541198));
#7714 = CARTESIAN_POINT('',(15.179767388741,-300.055252278,
    253.79276208478));
#7715 = CARTESIAN_POINT('',(15.170094462542,-300.0452476346,
    253.7999238082));
#7716 = CARTESIAN_POINT('',(15.160459144513,-300.0352185139,
    253.80710552941));
#7717 = CARTESIAN_POINT('',(15.150851034752,-300.0251717443,
    253.81430168873));
#7718 = CARTESIAN_POINT('',(15.131667207013,-300.0050571443,
    253.82871121463));
#7719 = CARTESIAN_POINT('',(15.122091911027,-299.9949890512,
    253.83592481228));
#7720 = CARTESIAN_POINT('',(15.112522298608,-299.9849172543,
    253.84314139728));
#7721 = CARTESIAN_POINT('',(15.102947323282,-299.974848965,
    253.85035521838));
#7722 = CARTESIAN_POINT('',(15.09335587085,-299.9647913196,253.857560166
    ));
#7723 = CARTESIAN_POINT('',(15.083736680976,-299.9547517589,
    253.86475054556));
#7724 = CARTESIAN_POINT('',(15.074078453503,-299.9447374845,
    253.87192006539));
#7725 = CARTESIAN_POINT('',(15.064369735191,-299.9347560407,
    253.87906287414));
#7726 = CARTESIAN_POINT('',(15.054599014586,-299.9248148464,
    253.88617272437));
#7727 = CARTESIAN_POINT('',(15.034910306514,-299.9050281137,
    253.90031427288));
#7728 = CARTESIAN_POINT('',(15.024992440188,-299.8951824768,
    253.907346009));
#7729 = CARTESIAN_POINT('',(15.014989498362,-299.8853921389,
    253.91433261563));
#7730 = CARTESIAN_POINT('',(15.00488946259,-299.8756647623,
    253.92126760927));
#7731 = CARTESIAN_POINT('',(14.994680010902,-299.8660086051,
    253.92814460639));
#7732 = CARTESIAN_POINT('',(14.984348641296,-299.8564314384,
    253.93495678183));
#7733 = CARTESIAN_POINT('',(14.973882847745,-299.8469417619,
    253.94169766923));
#7734 = CARTESIAN_POINT('',(14.96327022338,-299.8375473149,
    253.94836055116));
#7735 = CARTESIAN_POINT('',(14.952498642092,-299.8282561816,
    253.95493906659));
#7736 = CARTESIAN_POINT('',(14.941556374034,-299.8190758826,
    253.96142695267));
#7737 = CARTESIAN_POINT('',(15.538951984916,-300.4357738003,
    253.57925518009));
#7738 = CARTESIAN_POINT('',(15.530786467044,-300.4247896646,
    253.58721772184));
#7739 = CARTESIAN_POINT('',(15.522418184521,-300.4139372449,
    253.59507257925));
#7740 = CARTESIAN_POINT('',(15.513841699621,-300.4032200431,
    253.60281693708));
#7741 = CARTESIAN_POINT('',(15.505057345496,-300.3926379012,
    253.61045079807));
#7742 = CARTESIAN_POINT('',(15.496044762758,-300.3822039793,
    253.61796363984));
#7743 = CARTESIAN_POINT('',(15.486836043813,-300.371897489,
    253.62537212198));
#7744 = CARTESIAN_POINT('',(15.477408512977,-300.361733126,
    253.63266458523));
#7745 = CARTESIAN_POINT('',(15.467786882955,-300.3516948634,
    253.63985384959));
#7746 = CARTESIAN_POINT('',(15.457981847787,-300.3417757355,
    253.64694576946));
#7747 = CARTESIAN_POINT('',(15.438047011642,-300.3221484702,
    253.66095709625));
#7748 = CARTESIAN_POINT('',(15.427916593191,-300.3124407268,
    253.66787619226));
#7749 = CARTESIAN_POINT('',(15.417643208441,-300.3028258606,
    253.67471936624));
#7750 = CARTESIAN_POINT('',(15.407249767206,-300.2932890123,
    253.68149874261));
#7751 = CARTESIAN_POINT('',(15.396760833444,-300.2838141538,
    253.6882274528));
#7752 = CARTESIAN_POINT('',(15.386201499692,-300.2743851286,
    253.69491868387));
#7753 = CARTESIAN_POINT('',(15.375596226298,-300.2649858565,
    253.70158558367));
#7754 = CARTESIAN_POINT('',(15.364967807492,-300.2556017163,
    253.70824011384));
#7755 = CARTESIAN_POINT('',(15.354336304027,-300.246219548,
    253.71489302288));
#7756 = CARTESIAN_POINT('',(15.333099835106,-300.2274380324,
    253.72821287698));
#7757 = CARTESIAN_POINT('',(15.32249510944,-300.2180385006,
    253.73487996964));
#7758 = CARTESIAN_POINT('',(15.311921296122,-300.2086189421,
    253.74156343515));
#7759 = CARTESIAN_POINT('',(15.301392654408,-300.1991699658,
    253.74827092718));
#7760 = CARTESIAN_POINT('',(15.290920389178,-300.189684528,
    253.75500825497));
#7761 = CARTESIAN_POINT('',(15.280512834731,-300.1801568818,
    253.7617800339));
#7762 = CARTESIAN_POINT('',(15.270175504862,-300.1705838066,
    253.76858900035));
#7763 = CARTESIAN_POINT('',(15.25991129306,-300.1609631196,
    253.77543684134));
#7764 = CARTESIAN_POINT('',(15.249720539415,-300.1512947883,
    253.78232365258));
#7765 = CARTESIAN_POINT('',(15.229481840952,-300.1318653331,
    253.7961731073));
#7766 = CARTESIAN_POINT('',(15.21943450862,-300.1221038512,
    253.80313606394));
#7767 = CARTESIAN_POINT('',(15.209456756963,-300.1122971263,
    253.81013597286));
#7768 = CARTESIAN_POINT('',(15.199544577476,-300.1024479032,
    253.8171706744));
#7769 = CARTESIAN_POINT('',(15.189692486278,-300.0925595378,
    253.82423730893));
#7770 = CARTESIAN_POINT('',(15.179893743618,-300.0826366317,
    253.83133223821));
#7771 = CARTESIAN_POINT('',(15.17014039251,-300.0726841565,
    253.83845129241));
#7772 = CARTESIAN_POINT('',(15.160423510232,-300.0627080478,
    253.84558969923));
#7773 = CARTESIAN_POINT('',(15.150733259215,-300.052714612,
    253.85274225172));
#7774 = CARTESIAN_POINT('',(15.131384916293,-300.0327068658,
    253.8670644379));
#7775 = CARTESIAN_POINT('',(15.121727357265,-300.0226921978,
    253.87423434715));
#7776 = CARTESIAN_POINT('',(15.112076119343,-300.0126734281,
    253.88140764348));
#7777 = CARTESIAN_POINT('',(15.102420799664,-300.0026572869,
    253.88857871206));
#7778 = CARTESIAN_POINT('',(15.092750848982,-299.9926506851,
    253.89574212152));
#7779 = CARTESIAN_POINT('',(15.083055633723,-299.9826604369,
    253.90289199569));
#7780 = CARTESIAN_POINT('',(15.073324351319,-299.9726936568,
    253.91002283738));
#7781 = CARTESIAN_POINT('',(15.063546120861,-299.9627573398,
    253.91712868233));
#7782 = CARTESIAN_POINT('',(15.053709906836,-299.9528586903,
    253.92420378214));
#7783 = CARTESIAN_POINT('',(15.033899230635,-299.9331511702,
    253.93828056711));
#7784 = CARTESIAN_POINT('',(15.023924733654,-299.9233423337,
    253.94528225578));
#7785 = CARTESIAN_POINT('',(15.01387016029,-299.9135854762,
    253.95224140357));
#7786 = CARTESIAN_POINT('',(15.003723919541,-299.9038882142,
    253.95915194315));
#7787 = CARTESIAN_POINT('',(14.99347393448,-299.8942582313,
    253.96600732809));
#7788 = CARTESIAN_POINT('',(14.983107853025,-299.8847037785,
    253.97280115772));
#7789 = CARTESIAN_POINT('',(14.972613215363,-299.8752326933,
    253.97952667059));
#7790 = CARTESIAN_POINT('',(14.961977681739,-299.8658532152,
    253.98617742387));
#7791 = CARTESIAN_POINT('',(14.951189195006,-299.8565730246,
    253.99274695016));
#7792 = CARTESIAN_POINT('',(14.940236198314,-299.8473997015,
    253.99922914289));
#7793 = CARTESIAN_POINT('',(15.540342931769,-300.4623367326,
    253.6184967871));
#7794 = CARTESIAN_POINT('',(15.532088967552,-300.4514100566,
    253.62641235251));
#7795 = CARTESIAN_POINT('',(15.523635141378,-300.4406131973,
    253.63422180403));
#7796 = CARTESIAN_POINT('',(15.51497789282,-300.4299484845,
    253.64192320353));
#7797 = CARTESIAN_POINT('',(15.5061177493,-300.4194155531,
    253.64951693233));
#7798 = CARTESIAN_POINT('',(15.497044039087,-300.4090213617,
    253.656997147));
#7799 = CARTESIAN_POINT('',(15.487777162338,-300.3987526468,
    253.66437490404));
#7800 = CARTESIAN_POINT('',(15.47830746176,-300.3886156862,
    253.67164484426));
#7801 = CARTESIAN_POINT('',(15.468652919781,-300.3785987999,
    253.67881669437));
#7802 = CARTESIAN_POINT('',(15.458825181947,-300.3686944287,
    253.68589653048));
#7803 = CARTESIAN_POINT('',(15.438860906408,-300.3490862909,
    253.69989222103));
#7804 = CARTESIAN_POINT('',(15.428723936521,-300.3393828071,
    253.70680783569));
#7805 = CARTESIAN_POINT('',(15.4184504544,-300.3297680131,
    253.71365094259));
#7806 = CARTESIAN_POINT('',(15.408061415811,-300.3202282762,
    253.7204326891));
#7807 = CARTESIAN_POINT('',(15.39757938482,-300.3107489987,
    253.72716500849));
#7808 = CARTESIAN_POINT('',(15.387027496939,-300.3013150472,
    253.73386026029));
#7809 = CARTESIAN_POINT('',(15.376428478619,-300.2919117957,
    253.74053042419));
#7810 = CARTESIAN_POINT('',(15.36580364083,-300.2825252727,
    253.74718689592));
#7811 = CARTESIAN_POINT('',(15.355171929184,-300.2731432594,
    253.75383968244));
#7812 = CARTESIAN_POINT('',(15.33392599952,-300.2543678743,
    253.76715452653));
#7813 = CARTESIAN_POINT('',(15.323311980895,-300.2449743922,
    253.77381667848));
#7814 = CARTESIAN_POINT('',(15.312723466144,-300.2355643301,
    253.78049237296));
#7815 = CARTESIAN_POINT('',(15.302174149761,-300.2261288758,
    253.78718883622));
#7816 = CARTESIAN_POINT('',(15.291674970784,-300.2166607693,
    253.79391195926));
#7817 = CARTESIAN_POINT('',(15.28123416485,-300.2071548765,
    253.8006660071));
#7818 = CARTESIAN_POINT('',(15.270857395296,-300.1976072821,
    253.80745409999));
#7819 = CARTESIAN_POINT('',(15.260547795868,-300.1880161473,
    253.81427781602));
#7820 = CARTESIAN_POINT('',(15.250306091499,-300.1783808753,
    253.82113759164));
#7821 = CARTESIAN_POINT('',(15.229955238892,-300.1590242684,
    253.83492750682));
#7822 = CARTESIAN_POINT('',(15.219846814328,-300.1493024367,
    253.84185803658));
#7823 = CARTESIAN_POINT('',(15.209803285324,-300.1395384919,
    253.84882301639));
#7824 = CARTESIAN_POINT('',(15.199821119296,-300.1297346287,
    253.85582058058));
#7825 = CARTESIAN_POINT('',(15.189895477638,-300.1198941342,
    253.86284814922));
#7826 = CARTESIAN_POINT('',(15.18002026051,-300.110020808,
    253.86990249535));
#7827 = CARTESIAN_POINT('',(15.170188263274,-300.100119472,
    253.87697978865));
#7828 = CARTESIAN_POINT('',(15.160391201311,-300.0901954036,
    253.88407563079));
#7829 = CARTESIAN_POINT('',(15.150619859137,-300.0802546479,
    253.89118513307));
#7830 = CARTESIAN_POINT('',(15.131108433773,-300.0603528168,
    253.9054207368));
#7831 = CARTESIAN_POINT('',(15.121368976484,-300.0503913426,
    253.91254717661));
#7832 = CARTESIAN_POINT('',(15.11163614333,-300.0404255595,
    253.91967711969));
#7833 = CARTESIAN_POINT('',(15.101900153898,-300.0304618347,
    253.92680542962));
#7834 = CARTESIAN_POINT('',(15.092151098313,-300.0205065713,
    253.93392674249));
#7835 = CARTESIAN_POINT('',(15.082378901814,-300.0105663633,
    253.94103584917));
#7836 = CARTESIAN_POINT('',(15.072573373462,-300.0006477773,
    253.94812719484));
#7837 = CARTESIAN_POINT('',(15.062724153626,-299.9907575785,
    253.95519539277));
#7838 = CARTESIAN_POINT('',(15.052820758453,-299.9809025591,
    253.96223480983));
#7839 = CARTESIAN_POINT('',(15.032884343047,-299.961276708,
    253.97624484392));
#7840 = CARTESIAN_POINT('',(15.022851151491,-299.9515059831,
    253.98321535681));
#7841 = CARTESIAN_POINT('',(15.012742712271,-299.9417841398,
    253.99014594034));
#7842 = CARTESIAN_POINT('',(15.002547869943,-299.9321183866,
    253.99703062037));
#7843 = CARTESIAN_POINT('',(14.992254824076,-299.9225164589,
    254.00386321001));
#7844 = CARTESIAN_POINT('',(14.981851364352,-299.9129861812,
    254.01063713513));
#7845 = CARTESIAN_POINT('',(14.971325128603,-299.9035357089,
    254.01734591517));
#7846 = CARTESIAN_POINT('',(14.96066382775,-299.8941729078,
    254.02398296335));
#7847 = CARTESIAN_POINT('',(14.949855507358,-299.8849056242,
    254.0305419696));
#7848 = CARTESIAN_POINT('',(14.93888877775,-299.8757412152,
    254.03701686926));
#7849 = CARTESIAN_POINT('',(15.541771045766,-300.4888755201,
    253.65775813287));
#7850 = CARTESIAN_POINT('',(15.533425446667,-300.4780083709,
    253.66562503602));
#7851 = CARTESIAN_POINT('',(15.524882718443,-300.4672692701,
    253.67338726051));
#7852 = CARTESIAN_POINT('',(15.51614102548,-300.4566594062,
    253.68104384687));
#7853 = CARTESIAN_POINT('',(15.507201224015,-300.4461782337,
    253.68859520747));
#7854 = CARTESIAN_POINT('',(15.49806086765,-300.4358273348,
    253.69604010903));
#7855 = CARTESIAN_POINT('',(15.488730967227,-300.4255995635,
    253.70338430812));
#7856 = CARTESIAN_POINT('',(15.479212723361,-300.4154941412,
    253.71062852965));
#7857 = CARTESIAN_POINT('',(15.46951881712,-300.4055028315,
    253.71777943578));
#7858 = CARTESIAN_POINT('',(15.459661782488,-300.395617493,
    253.72484372202));
#7859 = CARTESIAN_POINT('',(15.439655252179,-300.3760368112,
    253.73881696335));
#7860 = CARTESIAN_POINT('',(15.429505528158,-300.3663416158,
    253.74572580155));
#7861 = CARTESIAN_POINT('',(15.419226228963,-300.3567305965,
    253.75256582241));
#7862 = CARTESIAN_POINT('',(15.408836594694,-300.3471912695,
    253.75934723473));
#7863 = CARTESIAN_POINT('',(15.398357324401,-300.3377101581,
    253.76608104582));
#7864 = CARTESIAN_POINT('',(15.387809693708,-300.3282734964,
    253.77277852603));
#7865 = CARTESIAN_POINT('',(15.377214666691,-300.3188676006,
    253.77945083926));
#7866 = CARTESIAN_POINT('',(15.366592028458,-300.3094796795,
    253.78610846245));
#7867 = CARTESIAN_POINT('',(15.355959511646,-300.3000981738,
    253.79276083192));
#7868 = CARTESIAN_POINT('',(15.334704365469,-300.281328774,
    253.80607078692));
#7869 = CARTESIAN_POINT('',(15.324081892172,-300.27194077,
    253.81272845941));
#7870 = CARTESIAN_POINT('',(15.313480126345,-300.2625393389,
    253.81939710829));
#7871 = CARTESIAN_POINT('',(15.302912114267,-300.2531159676,
    253.82608367828));
#7872 = CARTESIAN_POINT('',(15.292388385913,-300.243663885,
    253.83279373269));
#7873 = CARTESIAN_POINT('',(15.2819170201,-300.234177745,253.83953160134
    ));
#7874 = CARTESIAN_POINT('',(15.27150368123,-300.2246539739,
    253.84630025288));
#7875 = CARTESIAN_POINT('',(15.261151687643,-300.2150903256,
    253.85310148171));
#7876 = CARTESIAN_POINT('',(15.250862052276,-300.2054861982,
    253.85993580894));
#7877 = CARTESIAN_POINT('',(15.230405032134,-300.186198533,
    253.87366936729));
#7878 = CARTESIAN_POINT('',(15.220238435278,-300.1765144957,
    253.88056901535));
#7879 = CARTESIAN_POINT('',(15.210131935439,-300.1667914108,
    253.88750056799));
#7880 = CARTESIAN_POINT('',(15.200082461612,-300.1570313171,
    253.89446239956));
#7881 = CARTESIAN_POINT('',(15.190085726399,-300.1472369314,
    253.90145222633));
#7882 = CARTESIAN_POINT('',(15.18013629476,-300.1374118597,
    253.90846717617));
#7883 = CARTESIAN_POINT('',(15.170227607906,-300.1275602924,
    253.91550375224));
#7884 = CARTESIAN_POINT('',(15.160352060164,-300.1176872193,
    253.92255793096));
#7885 = CARTESIAN_POINT('',(15.15050102572,-300.1077982133,
    253.92962512329));
#7886 = CARTESIAN_POINT('',(15.130828820212,-300.0880008065,
    253.94377537141));
#7887 = CARTESIAN_POINT('',(15.121008331397,-300.0780919591,
    253.95085878599));
#7888 = CARTESIAN_POINT('',(15.111194473989,-300.0681788033,
    253.95794573167));
#7889 = CARTESIAN_POINT('',(15.101378108269,-300.0582672705,
    253.96503133256));
#7890 = CARTESIAN_POINT('',(15.091549929781,-300.0483634143,
    253.9721106916));
#7891 = CARTESIAN_POINT('',(15.081700483047,-300.0384733599,
    253.97917873098));
#7892 = CARTESIAN_POINT('',(15.071820142546,-300.0286033751,
    253.98623039989));
#7893 = CARTESIAN_POINT('',(15.061899133395,-300.0187597983,
    253.99326046183));
#7894 = CARTESIAN_POINT('',(15.051927513681,-300.0089490906,
    254.00026366596));
#7895 = CARTESIAN_POINT('',(15.031862858605,-299.9894065286,
    254.01420561314));
#7896 = CARTESIAN_POINT('',(15.021769540931,-299.9796748586,
    254.02114421168));
#7897 = CARTESIAN_POINT('',(15.011605607607,-299.9699890473,
    254.028045315));
#7898 = CARTESIAN_POINT('',(15.001360344081,-299.9603560648,
    254.03490325472));
#7899 = CARTESIAN_POINT('',(14.991022233291,-299.9507833695,
    254.041711885));
#7900 = CARTESIAN_POINT('',(14.980579244642,-299.9412788107,
    254.04846485364));
#7901 = CARTESIAN_POINT('',(14.970019116673,-299.9318503088,
    254.05515561831));
#7902 = CARTESIAN_POINT('',(14.959329649974,-299.9225058297,
    254.06177772537));
#7903 = CARTESIAN_POINT('',(14.948498987955,-299.9132530441,
    254.06832486499));
#7904 = CARTESIAN_POINT('',(14.937515908511,-299.9040992568,
    254.07479108541));
#7905 = CARTESIAN_POINT('',(15.543236783968,-300.5153898657,
    253.69703946001));
#7906 = CARTESIAN_POINT('',(15.534796804877,-300.5045840285,
    253.70485623966));
#7907 = CARTESIAN_POINT('',(15.526162114597,-300.4939046673,
    253.71256962895));
#7908 = CARTESIAN_POINT('',(15.517332583352,-300.4833518693,
    253.72017955488));
#7909 = CARTESIAN_POINT('',(15.508309775602,-300.4729246179,
    253.72768685076));
#7910 = CARTESIAN_POINT('',(15.499097165064,-300.462620661,
    253.73509335134));
#7911 = CARTESIAN_POINT('',(15.48970032635,-300.4524363764,
    253.74240202544));
#7912 = CARTESIAN_POINT('',(15.480127102917,-300.4423666727,
    253.74961702536));
#7913 = CARTESIAN_POINT('',(15.470387751322,-300.4324048874,
    253.75674380476));
#7914 = CARTESIAN_POINT('',(15.460495062246,-300.4225427143,
    253.76378914879));
#7915 = CARTESIAN_POINT('',(15.440433852722,-300.4029975583,
    253.77773334629));
#7916 = CARTESIAN_POINT('',(15.430265311505,-300.3933145889,
    253.7846321884));
#7917 = CARTESIAN_POINT('',(15.419974506617,-300.3837110495,
    253.79146609464));
#7918 = CARTESIAN_POINT('',(15.409579137767,-300.3741754397,
    253.79824446463));
#7919 = CARTESIAN_POINT('',(15.399098175341,-300.3646954465,
    253.80497736731));
#7920 = CARTESIAN_POINT('',(15.388551102546,-300.3552584001,
    253.81167515389));
#7921 = CARTESIAN_POINT('',(15.377957159899,-300.3458518197,
    253.8183480342));
#7922 = CARTESIAN_POINT('',(15.367334587045,-300.3364638424,
    253.82500569981));
#7923 = CARTESIAN_POINT('',(15.356699866975,-300.3270837707,
    253.83165689941));
#7924 = CARTESIAN_POINT('',(15.33543407013,-300.308321282,
    253.84496120655));
#7925 = CARTESIAN_POINT('',(15.3248031086,-300.298938792,253.85161437431
    ));
#7926 = CARTESIAN_POINT('',(15.314188680585,-300.2895455711,
    253.85827630921));
#7927 = CARTESIAN_POINT('',(15.303603096453,-300.2801336304,
    253.86495354539));
#7928 = CARTESIAN_POINT('',(15.293056405285,-300.2706964268,
    253.87165142521));
#7929 = CARTESIAN_POINT('',(15.282556416454,-300.2612289086,
    253.87837408947));
#7930 = CARTESIAN_POINT('',(15.272108725908,-300.2517274158,
    253.88512451701));
#7931 = CARTESIAN_POINT('',(15.261716737344,-300.2421897576,
    253.89190451164));
#7932 = CARTESIAN_POINT('',(15.251381687738,-300.232615116,
    253.89871473359));
#7933 = CARTESIAN_POINT('',(15.230823652242,-300.213393055,
    253.91239466967));
#7934 = CARTESIAN_POINT('',(15.220601468844,-300.2037451118,
    253.91926480958));
#7935 = CARTESIAN_POINT('',(15.210434584476,-300.1940612562,
    253.9261643088));
#7936 = CARTESIAN_POINT('',(15.200320339057,-300.1843432071,
    253.93309175193));
#7937 = CARTESIAN_POINT('',(15.190254966579,-300.1745934221,
    253.94004514741));
#7938 = CARTESIAN_POINT('',(15.180233609858,-300.164815041,
    253.94702190744));
#7939 = CARTESIAN_POINT('',(15.170250341553,-300.1550119266,
    253.95401889589));
#7940 = CARTESIAN_POINT('',(15.160298177523,-300.1451886045,
    253.96103239669));
#7941 = CARTESIAN_POINT('',(15.15036909765,-300.1353502895,
    253.96805815752));
#7942 = CARTESIAN_POINT('',(15.130539024214,-300.1156554123,
    253.98212459466));
#7943 = CARTESIAN_POINT('',(15.120638731225,-300.1057983956,
    253.98916564419));
#7944 = CARTESIAN_POINT('',(15.110744837458,-300.0959372207,
    253.99621009221));
#7945 = CARTESIAN_POINT('',(15.100848826525,-300.0860774178,
    254.00325342319));
#7946 = CARTESIAN_POINT('',(15.090942011359,-300.0762246301,
    254.01029101516));
#7947 = CARTESIAN_POINT('',(15.081015531944,-300.0663846111,
    254.01731817735));
#7948 = CARTESIAN_POINT('',(15.071060358588,-300.0565632266,
    254.02433010254));
#7949 = CARTESIAN_POINT('',(15.061067288222,-300.0467664524,
    254.03132191486));
#7950 = CARTESIAN_POINT('',(15.051026947692,-300.0370003779,
    254.03828863188));
#7951 = CARTESIAN_POINT('',(15.03083263528,-300.0175420263,
    254.05216174429));
#7952 = CARTESIAN_POINT('',(15.020678308361,-300.00784998,
    254.05906795019));
#7953 = CARTESIAN_POINT('',(15.010457784882,-299.9982009256,
    254.06593901507));
#7954 = CARTESIAN_POINT('',(15.000160783339,-299.9886015405,
    254.07276947736));
#7955 = CARTESIAN_POINT('',(14.989776086688,-299.979059112,
    254.07955338555));
#7956 = CARTESIAN_POINT('',(14.979291864377,-299.9695813208,
    254.08628445333));
#7957 = CARTESIAN_POINT('',(14.968695992393,-299.9601760469,
    254.09295624808));
#7958 = CARTESIAN_POINT('',(14.957976374742,-299.9508511414,
    254.09956234354));
#7959 = CARTESIAN_POINT('',(14.947121264362,-299.9416142388,
    254.10609650508));
#7960 = CARTESIAN_POINT('',(14.936119583928,-299.9324725316,
    254.11255284971));
#7961 = CARTESIAN_POINT('',(15.546244422942,-300.56836908,
    253.77564256207));
#7962 = CARTESIAN_POINT('',(15.537610783564,-300.5576890491,
    253.78335649393));
#7963 = CARTESIAN_POINT('',(15.528786400434,-300.5471329183,
    253.79096914142));
#7964 = CARTESIAN_POINT('',(15.51977436293,-300.5366986815,
    253.79848214079));
#7965 = CARTESIAN_POINT('',(15.510579739214,-300.5263830504,
    253.80589818682));
#7966 = CARTESIAN_POINT('',(15.501209362081,-300.516181584,
    253.81322089754));
#7967 = CARTESIAN_POINT('',(15.491671635907,-300.5060888292,
    253.82045474482));
#7968 = CARTESIAN_POINT('',(15.481976370501,-300.4960984103,
    253.82760492671));
#7969 = CARTESIAN_POINT('',(15.472134635038,-300.4862031417,
    253.83467732645));
#7970 = CARTESIAN_POINT('',(15.462158638473,-300.4763950918,
    253.84167842248));
#7971 = CARTESIAN_POINT('',(15.441964624848,-300.4569362181,
    253.8555520802));
#7972 = CARTESIAN_POINT('',(15.431746820869,-300.447285256,
    253.86242475472));
#7973 = CARTESIAN_POINT('',(15.421421892196,-300.4377038861,
    253.86924053497));
#7974 = CARTESIAN_POINT('',(15.41100481855,-300.4281823844,
    253.87600737265));
#7975 = CARTESIAN_POINT('',(15.400511379544,-300.4187104904,
    253.8827336499));
#7976 = CARTESIAN_POINT('',(15.389957649202,-300.4092777791,
    253.88942789669));
#7977 = CARTESIAN_POINT('',(15.379359487954,-300.3998739308,
    253.89609854059));
#7978 = CARTESIAN_POINT('',(15.368732037322,-300.3904891243,
    253.9027536169));
#7979 = CARTESIAN_POINT('',(15.358089212326,-300.3811143121,
    253.90940051797));
#7980 = CARTESIAN_POINT('',(15.336797178496,-300.3623688566,
    253.92269090543));
#7981 = CARTESIAN_POINT('',(15.326147989041,-300.3529981991,
    253.92933440239));
#7982 = CARTESIAN_POINT('',(15.315508130518,-300.3436214926,
    253.93598284262));
#7983 = CARTESIAN_POINT('',(15.304888340827,-300.3342317542,
    253.94264192751));
#7984 = CARTESIAN_POINT('',(15.294297568549,-300.3248231852,
    253.94931641197));
#7985 = CARTESIAN_POINT('',(15.283742949352,-300.3153911285,
    253.95601008121));
#7986 = CARTESIAN_POINT('',(15.273229782283,-300.3059321661,
    253.96272575578));
#7987 = CARTESIAN_POINT('',(15.262761506021,-300.2964440416,
    253.96946525661));
#7988 = CARTESIAN_POINT('',(15.252339675341,-300.286925759,
    253.97622941452));
#7989 = CARTESIAN_POINT('',(15.231588199266,-300.2678293209,
    253.98980666717));
#7990 = CARTESIAN_POINT('',(15.221259338094,-300.2582506582,
    253.99662017984));
#7991 = CARTESIAN_POINT('',(15.210976376247,-300.2486421844,
    254.00345805685));
#7992 = CARTESIAN_POINT('',(15.200737402925,-300.2390051433,
    254.01031929358));
#7993 = CARTESIAN_POINT('',(15.19053955713,-300.2293413862,
    254.01720235654));
#7994 = CARTESIAN_POINT('',(15.180379009806,-300.219653409,254.024105233
    ));
#7995 = CARTESIAN_POINT('',(15.170250946801,-300.2099443271,
    254.03102534799));
#7996 = CARTESIAN_POINT('',(15.160149551456,-300.2002179274,
    254.03795962905));
#7997 = CARTESIAN_POINT('',(15.15006798706,-300.1904786442,
    254.04490443763));
#7998 = CARTESIAN_POINT('',(15.129928772328,-300.1709845434,
    254.05880675734));
#7999 = CARTESIAN_POINT('',(15.119871795336,-300.1612292883,
    254.06576462464));
#8000 = CARTESIAN_POINT('',(15.109820344399,-300.1514704404,
    254.07272542924));
#8001 = CARTESIAN_POINT('',(15.099767129067,-300.1417127402,
    254.07968529802));
#8002 = CARTESIAN_POINT('',(15.08970467237,-300.131961034,254.0866402656
    ));
#8003 = CARTESIAN_POINT('',(15.079625311663,-300.1222203113,
    254.09358625879));
#8004 = CARTESIAN_POINT('',(15.069521197236,-300.1124956573,
    254.10051911505));
#8005 = CARTESIAN_POINT('',(15.059384294096,-300.1027923015,
    254.10743456463));
#8006 = CARTESIAN_POINT('',(15.04920638018,-300.0931155772,
    254.11432824451));
#8007 = CARTESIAN_POINT('',(15.028751715295,-300.0738263194,
    254.12806313502));
#8008 = CARTESIAN_POINT('',(15.018474529583,-300.0642140673,
    254.13490411518));
#8009 = CARTESIAN_POINT('',(15.008139545927,-300.0546393531,
    254.14171441185));
#8010 = CARTESIAN_POINT('',(14.997737313957,-300.0451083126,
    254.14848900827));
#8011 = CARTESIAN_POINT('',(14.987257242887,-300.0356278287,
    254.15522227962));
#8012 = CARTESIAN_POINT('',(14.976687961306,-300.0262052819,
    254.16190819114));
#8013 = CARTESIAN_POINT('',(14.966017684087,-300.0168483325,
    254.16854048164));
#8014 = CARTESIAN_POINT('',(14.955234571975,-300.0075646663,
    254.17511286894));
#8015 = CARTESIAN_POINT('',(14.944327097188,-299.9983617729,
    254.18161922918));
#8016 = CARTESIAN_POINT('',(14.933284405074,-299.9892467022,
    254.18805380069));
#8017 = CARTESIAN_POINT('',(15.547785631541,-300.5948343983,
    253.81496396935));
#8018 = CARTESIAN_POINT('',(15.539052764199,-300.5842188283,
    253.8226252048));
#8019 = CARTESIAN_POINT('',(15.530130939581,-300.5737259976,
    253.83018609872));
#8020 = CARTESIAN_POINT('',(15.521024437499,-300.5633531306,
    253.83764894162));
#8021 = CARTESIAN_POINT('',(15.511740184192,-300.5530957207,
    253.84501736462));
#8022 = CARTESIAN_POINT('',(15.502286667916,-300.542948273,
    253.85229594854));
#8023 = CARTESIAN_POINT('',(15.492673608424,-300.5329044501,
    253.85948975982));
#8024 = CARTESIAN_POINT('',(15.482911834239,-300.5229572451,
    253.8666046364));
#8025 = CARTESIAN_POINT('',(15.473013095213,-300.5130990066,
    253.87364675147));
#8026 = CARTESIAN_POINT('',(15.462989628144,-300.5033217978,
    253.88062263744));
#8027 = CARTESIAN_POINT('',(15.442717493612,-300.4839136779,
    253.8944548014));
#8028 = CARTESIAN_POINT('',(15.432469214055,-300.4742825137,
    253.90131128981));
#8029 = CARTESIAN_POINT('',(15.422121568666,-300.4647159096,
    253.90811500121));
#8030 = CARTESIAN_POINT('',(15.411688366133,-300.4552048727,
    253.9148732759));
#8031 = CARTESIAN_POINT('',(15.401183955271,-300.4457401295,
    253.92159371904));
#8032 = CARTESIAN_POINT('',(15.390622812553,-300.4363122096,
    253.9282840356));
#8033 = CARTESIAN_POINT('',(15.380019159927,-300.4269119472,
    253.934951758));
#8034 = CARTESIAN_POINT('',(15.369386589034,-300.4175304559,
    253.94160411967));
#8035 = CARTESIAN_POINT('',(15.358737714081,-300.4081595754,
    253.948247809));
#8036 = CARTESIAN_POINT('',(15.33742995937,-300.3894243262,
    253.96152985446));
#8037 = CARTESIAN_POINT('',(15.326770965925,-300.3800600355,
    253.96816814978));
#8038 = CARTESIAN_POINT('',(15.316118297001,-300.3706916418,
    253.97480978944));
#8039 = CARTESIAN_POINT('',(15.305481855134,-300.3613127272,
    253.98146004407));
#8040 = CARTESIAN_POINT('',(15.2948699664,-300.3519178495,
    253.98812330982));
#8041 = CARTESIAN_POINT('',(15.284289346017,-300.3425027027,
    253.99480319407));
#8042 = CARTESIAN_POINT('',(15.273745057488,-300.3330639254,
    254.00150233646));
#8043 = CARTESIAN_POINT('',(15.263240480004,-300.3235993905,
    254.00822257808));
#8044 = CARTESIAN_POINT('',(15.252777267611,-300.3141079747,
    254.01496476639));
#8045 = CARTESIAN_POINT('',(15.231933361648,-300.295071563,
    254.02849295748));
#8046 = CARTESIAN_POINT('',(15.221553429515,-300.2855260669,
    254.0352793554));
#8047 = CARTESIAN_POINT('',(15.21121479897,-300.2759537448,
    254.04208769406));
#8048 = CARTESIAN_POINT('',(15.200915888546,-300.2663556294,
    254.0489170907));
#8049 = CARTESIAN_POINT('',(15.190654223327,-300.2567333223,
    254.05576630473));
#8050 = CARTESIAN_POINT('',(15.180426423304,-300.2470890148,
    254.06263345009));
#8051 = CARTESIAN_POINT('',(15.170228166034,-300.2374255282,
    254.06951632335));
#8052 = CARTESIAN_POINT('',(15.160054175987,-300.2277462708,
    254.07641205399));
#8053 = CARTESIAN_POINT('',(15.149898191652,-300.2180553215,
    254.08331735934));
#8054 = CARTESIAN_POINT('',(15.129607703427,-300.1986594671,
    254.09713937015));
#8055 = CARTESIAN_POINT('',(15.119473867824,-300.188954126,
    254.10405643597));
#8056 = CARTESIAN_POINT('',(15.109344920727,-300.1792456179,
    254.11097609676));
#8057 = CARTESIAN_POINT('',(15.09921416618,-300.1695382603,
    254.11789480391));
#8058 = CARTESIAN_POINT('',(15.089074726475,-300.1598365749,
    254.12480889898));
#8059 = CARTESIAN_POINT('',(15.078919539837,-300.1501450754,
    254.13171463932));
#8060 = CARTESIAN_POINT('',(15.068741354765,-300.1404685474,
    254.1386081703));
#8061 = CARTESIAN_POINT('',(15.058532725719,-300.1308117642,
    254.14548554175));
#8062 = CARTESIAN_POINT('',(15.048286010416,-300.1211797291,
    254.15234269484));
#8063 = CARTESIAN_POINT('',(15.027700716368,-300.1019753106,
    254.16600823468));
#8064 = CARTESIAN_POINT('',(15.017361729451,-300.0924031992,
    254.17281640498));
#8065 = CARTESIAN_POINT('',(15.006968870809,-300.0828660679,
    254.17959597496));
#8066 = CARTESIAN_POINT('',(14.996513165521,-300.0733697682,
    254.18634218259));
#8067 = CARTESIAN_POINT('',(14.985984390106,-300.0639209002,
    254.19304959857));
#8068 = CARTESIAN_POINT('',(14.975371411427,-300.0545267523,
    254.19971230678));
#8069 = CARTESIAN_POINT('',(14.964662561765,-300.0451948405,
    254.2063241246));
#8070 = CARTESIAN_POINT('',(14.953846097083,-300.0359328438,
    254.21287880034));
#8071 = CARTESIAN_POINT('',(14.942910622138,-300.0267481334,
    254.21937029753));
#8072 = CARTESIAN_POINT('',(14.931845506937,-300.0176476264,
    254.22579296402));
#8073 = CARTESIAN_POINT('',(15.549364900819,-300.6212749919,
    253.85430558947));
#8074 = CARTESIAN_POINT('',(15.540530762019,-300.6107252101,
    253.86191303952));
#8075 = CARTESIAN_POINT('',(15.531509116657,-300.6002972274,
    253.86942093589));
#8076 = CARTESIAN_POINT('',(15.522305116467,-300.5899876912,
    253.87683195927));
#8077 = CARTESIAN_POINT('',(15.512927611902,-300.5797908764,
    253.88415093011));
#8078 = CARTESIAN_POINT('',(15.503386895584,-300.5697000534,
    253.89138310932));
#8079 = CARTESIAN_POINT('',(15.493693970443,-300.5597081403,
    253.89853459298));
#8080 = CARTESIAN_POINT('',(15.483860613997,-300.5498074196,
    253.90561139018));
#8081 = CARTESIAN_POINT('',(15.473899372774,-300.5399897954,
    253.91262034061));
#8082 = CARTESIAN_POINT('',(15.463822943877,-300.5302469915,
    253.91956808752));
#8083 = CARTESIAN_POINT('',(15.443461607767,-300.5108968223,
    253.9333528769));
#8084 = CARTESIAN_POINT('',(15.433177332864,-300.5012890485,
    253.9401902439));
#8085 = CARTESIAN_POINT('',(15.422801592779,-300.4917406793,
    253.94697903926));
#8086 = CARTESIAN_POINT('',(15.412347176495,-300.4822434644,
    253.95372603591));
#8087 = CARTESIAN_POINT('',(15.401827126162,-300.4727888211,
    253.96043818624));
#8088 = CARTESIAN_POINT('',(15.391254420125,-300.4633684797,
    253.96712234657));
#8089 = CARTESIAN_POINT('',(15.380641677241,-300.4539740712,
    253.97378525394));
#8090 = CARTESIAN_POINT('',(15.370000947346,-300.444597906,
    253.98043327713));
#8091 = CARTESIAN_POINT('',(15.359343527001,-300.4352325661,
    253.98707243266));
#8092 = CARTESIAN_POINT('',(15.338016166201,-300.4165100503,
    254.00034407238));
#8093 = CARTESIAN_POINT('',(15.327345980269,-300.4071530244,
    254.00697642482));
#8094 = CARTESIAN_POINT('',(15.316679671632,-300.3977934957,
    254.01361083781));
#8095 = CARTESIAN_POINT('',(15.306026278858,-300.3884255638,
    254.02025206983));
#8096 = CARTESIAN_POINT('',(15.295393461201,-300.3790443215,
    254.02690427217));
#8097 = CARTESIAN_POINT('',(15.284787444812,-300.3696456045,
    254.03357062395));
#8098 = CARTESIAN_POINT('',(15.274212997306,-300.3602264708,
    254.04025380682));
#8099 = CARTESIAN_POINT('',(15.263673368219,-300.350784658,
    254.04695541303));
#8100 = CARTESIAN_POINT('',(15.253170261853,-300.3413191655,
    254.05367643862));
#8101 = CARTESIAN_POINT('',(15.232237310784,-300.3223405773,
    254.06715735781));
#8102 = CARTESIAN_POINT('',(15.221808147159,-300.3128270499,
    254.07391763633));
#8103 = CARTESIAN_POINT('',(15.211415824317,-300.3032896068,
    254.08069743787));
#8104 = CARTESIAN_POINT('',(15.201059046557,-300.2937290591,
    254.08749617927));
#8105 = CARTESIAN_POINT('',(15.190735693317,-300.2841468201,
    254.09431256434));
#8106 = CARTESIAN_POINT('',(15.180442765221,-300.274544816,
    254.10114521649));
#8107 = CARTESIAN_POINT('',(15.170176401965,-300.2649255488,
    254.10799187555));
#8108 = CARTESIAN_POINT('',(15.159931823845,-300.255292142,
    254.11485016606));
#8109 = CARTESIAN_POINT('',(15.149703338494,-300.2456482771,
    254.12171697119));
#8110 = CARTESIAN_POINT('',(15.129265267333,-300.2263482697,
    254.13546063723));
#8111 = CARTESIAN_POINT('',(15.119056321857,-300.2166917184,
    254.1423378263));
#8112 = CARTESIAN_POINT('',(15.108851479545,-300.2070324739,
    254.14921719932));
#8113 = CARTESIAN_POINT('',(15.098644605817,-300.1973746057,
    254.15609549387));
#8114 = CARTESIAN_POINT('',(15.088429410933,-300.1877220473,
    254.16296937136));
#8115 = CARTESIAN_POINT('',(15.078199426325,-300.1780792045,
    254.16983540458));
#8116 = CARTESIAN_POINT('',(15.067948000701,-300.1684501807,
    254.17669005016));
#8117 = CARTESIAN_POINT('',(15.05766827892,-300.1588396083,
    254.18352968088));
#8118 = CARTESIAN_POINT('',(15.047353190308,-300.149251965,
    254.19035053455));
#8119 = CARTESIAN_POINT('',(15.026637681495,-300.1301321219,
    254.20394694437));
#8120 = CARTESIAN_POINT('',(15.016236926823,-300.1206001192,
    254.2107223206));
#8121 = CARTESIAN_POINT('',(15.005785977825,-300.1111007367,
    254.21747105452));
#8122 = CARTESIAN_POINT('',(14.99527633149,-300.1016394297,
    254.22418862247));
#8123 = CARTESIAN_POINT('',(14.984698196683,-300.092222681,
    254.23086982946));
#8124 = CARTESIAN_POINT('',(14.974040681469,-300.0828573894,
    254.23750890571));
#8125 = CARTESIAN_POINT('',(14.963292254458,-300.0735512378,
    254.2440996954));
#8126 = CARTESIAN_POINT('',(14.952441214769,-300.064311666,
    254.25063602881));
#8127 = CARTESIAN_POINT('',(14.94147629912,-300.0551460877,
    254.25711188908));
#8128 = CARTESIAN_POINT('',(14.930387213511,-300.0460611469,
    254.26352183128));
#8129 = CARTESIAN_POINT('',(15.550982275392,-300.6476908314,
    253.8936674455));
#8130 = CARTESIAN_POINT('',(15.542045238135,-300.637207895,
    253.90122025482));
#8131 = CARTESIAN_POINT('',(15.532921707553,-300.626846096,
    253.90867401288));
#8132 = CARTESIAN_POINT('',(15.523617464969,-300.6166016947,
    253.91603187872));
#8133 = CARTESIAN_POINT('',(15.514143323856,-300.6064676258,
    253.92329938462));
#8134 = CARTESIAN_POINT('',(15.504511571305,-300.596435992,253.930483401
    ));
#8135 = CARTESIAN_POINT('',(15.494734596613,-300.5864986286,
    253.93759007027));
#8136 = CARTESIAN_POINT('',(15.484824982672,-300.5766474876,
    253.9446264905));
#8137 = CARTESIAN_POINT('',(15.474796139608,-300.5668737611,
    253.95159947585));
#8138 = CARTESIAN_POINT('',(15.464661642601,-300.5571686868,
    253.95851640223));
#8139 = CARTESIAN_POINT('',(15.444200797502,-300.5378831654,
    253.97224833637));
#8140 = CARTESIAN_POINT('',(15.433875382142,-300.5283021106,
    253.97906385811));
#8141 = CARTESIAN_POINT('',(15.423466506736,-300.5187752991,
    253.9858350448));
#8142 = CARTESIAN_POINT('',(15.412986031174,-300.5092949443,
    253.99256821591));
#8143 = CARTESIAN_POINT('',(15.402445798638,-300.4998535209,
    253.99926962802));
#8144 = CARTESIAN_POINT('',(15.391857342033,-300.4904432926,
    254.00594544338));
#8145 = CARTESIAN_POINT('',(15.381231742047,-300.4810573282,
    254.01260150732));
#8146 = CARTESIAN_POINT('',(15.370579517826,-300.4716885804,
    254.01924343614));
#8147 = CARTESIAN_POINT('',(15.359910663377,-300.4623306827,
    254.02587651931));
#8148 = CARTESIAN_POINT('',(15.338558822312,-300.4436240607,
    254.03913516418));
#8149 = CARTESIAN_POINT('',(15.327875495128,-300.434275572,
    254.04576054913));
#8150 = CARTESIAN_POINT('',(15.317194104813,-300.4249258236,
    254.05238693214));
#8151 = CARTESIAN_POINT('',(15.306522826106,-300.4155695443,
    254.05901872863));
#8152 = CARTESIAN_POINT('',(15.295868611161,-300.4062021197,
    254.06565948253));
#8153 = CARTESIAN_POINT('',(15.285237173169,-300.3968200157,
    254.07231245217));
#8154 = CARTESIAN_POINT('',(15.274632914076,-300.3874201374,
    254.07897971444));
#8155 = CARTESIAN_POINT('',(15.264058918634,-300.3780007115,
    254.0856631412));
#8156 = CARTESIAN_POINT('',(15.253516886266,-300.3685604689,
    254.09236347915));
#8157 = CARTESIAN_POINT('',(15.232497330088,-300.3496381271,
    254.10579843834));
#8158 = CARTESIAN_POINT('',(15.222020349147,-300.3401556606,
    254.11253330954));
#8159 = CARTESIAN_POINT('',(15.211575916794,-300.3306520337,
    254.11928551352));
#8160 = CARTESIAN_POINT('',(15.201163014337,-300.3211279695,
    254.12605435001));
#8161 = CARTESIAN_POINT('',(15.190779803362,-300.3115845799,
    254.13283910503));
#8162 = CARTESIAN_POINT('',(15.180423668259,-300.3020236256,
    254.13963806264));
#8163 = CARTESIAN_POINT('',(15.170091134069,-300.2924473442,
    254.14644969881));
#8164 = CARTESIAN_POINT('',(15.159777918403,-300.282858506,
    254.15327149558));
#8165 = CARTESIAN_POINT('',(15.149478867549,-300.2732604705,
    254.16010086031));
#8166 = CARTESIAN_POINT('',(15.128897077979,-300.2540538048,
    254.17376822594));
#8167 = CARTESIAN_POINT('',(15.118614920316,-300.2444447836,
    254.1806065522));
#8168 = CARTESIAN_POINT('',(15.108335992085,-300.2348337093,
    254.18744659275));
#8169 = CARTESIAN_POINT('',(15.098054690801,-300.2252240722,
    254.19428537109));
#8170 = CARTESIAN_POINT('',(15.087765277259,-300.2156198672,
    254.20111985969));
#8171 = CARTESIAN_POINT('',(15.077461871992,-300.2060245457,
    254.20794689838));
#8172 = CARTESIAN_POINT('',(15.067138401796,-300.1964424462,
    254.21476331162));
#8173 = CARTESIAN_POINT('',(15.056788595002,-300.1868773109,
    254.22156572609));
#8174 = CARTESIAN_POINT('',(15.046405942033,-300.17733358,
    254.22835071359));
#8175 = CARTESIAN_POINT('',(15.025561402193,-300.1582975291,
    254.24187862104));
#8176 = CARTESIAN_POINT('',(15.015099290803,-300.1488053939,
    254.24862142747));
#8177 = CARTESIAN_POINT('',(15.004590417201,-300.1393435838,
    254.25533940165));
#8178 = CARTESIAN_POINT('',(14.994026777149,-300.1299174393,
    254.26202830926));
#8179 = CARTESIAN_POINT('',(14.983398986308,-300.1205327988,
    254.26868316336));
#8180 = CARTESIAN_POINT('',(14.972696469117,-300.1111968936,
    254.27529832192));
#8181 = CARTESIAN_POINT('',(14.961907776074,-300.1019167654,
    254.28186776849));
#8182 = CARTESIAN_POINT('',(14.951021272815,-300.092700299,
    254.28838524683));
#8183 = CARTESIAN_POINT('',(14.940025809414,-300.0835545339,
    254.29484490299));
#8184 = CARTESIAN_POINT('',(14.92891152868,-300.0744859619,
    254.30124146595));
#8185 = CARTESIAN_POINT('',(15.55263717305,-300.6740822961,
    253.93304922865));
#8186 = CARTESIAN_POINT('',(15.5435960907,-300.6636669491,
    253.94054677468));
#8187 = CARTESIAN_POINT('',(15.534369015664,-300.653372422,
    253.94794558399));
#8188 = CARTESIAN_POINT('',(15.524962209669,-300.6431946241,
    253.95524887056));
#8189 = CARTESIAN_POINT('',(15.515388378015,-300.63312537,
    253.96246363169));
#8190 = CARTESIAN_POINT('',(15.505662062166,-300.62315509,
    253.96959716893));
#8191 = CARTESIAN_POINT('',(15.495797141438,-300.6132749419,
    253.97665737681));
#8192 = CARTESIAN_POINT('',(15.485807012898,-300.603476044,
    253.98365086482));
#8193 = CARTESIAN_POINT('',(15.475705935812,-300.5937492758,
    253.99058557253));
#8194 = CARTESIAN_POINT('',(15.465508714823,-300.5840849408,
    253.99746915865));
#8195 = CARTESIAN_POINT('',(15.444938959554,-300.5648701725,
    254.01114325667));
#8196 = CARTESIAN_POINT('',(15.434567694193,-300.5553189136,
    254.01793442093));
#8197 = CARTESIAN_POINT('',(15.424121025465,-300.5458166185,
    254.02468554584));
#8198 = CARTESIAN_POINT('',(15.413609953679,-300.536356226,
    254.03140245218));
#8199 = CARTESIAN_POINT('',(15.403045148259,-300.526930631,
    254.03809083103));
#8200 = CARTESIAN_POINT('',(15.392436783646,-300.5175334864,
    254.04475605681));
#8201 = CARTESIAN_POINT('',(15.381794431214,-300.5081582863,
    254.05140323802));
#8202 = CARTESIAN_POINT('',(15.371127157318,-300.4987993764,
    254.05803716927));
#8203 = CARTESIAN_POINT('',(15.360443683518,-300.4894509529,
    254.06466249223));
#8204 = CARTESIAN_POINT('',(15.339061757629,-300.4707638741,
    254.07790516791));
#8205 = CARTESIAN_POINT('',(15.328362901539,-300.4614254659,
    254.08452229956));
#8206 = CARTESIAN_POINT('',(15.31766449571,-300.4520867814,
    254.09113968789));
#8207 = CARTESIAN_POINT('',(15.3069738488,-300.4427430324,
    254.09776112391));
#8208 = CARTESIAN_POINT('',(15.296297219891,-300.4333902584,
    254.10439011148));
#8209 = CARTESIAN_POINT('',(15.285639752687,-300.4240249229,
    254.11102911005));
#8210 = CARTESIAN_POINT('',(15.275005484849,-300.4146446645,
    254.11768058188));
#8211 = CARTESIAN_POINT('',(15.264397269333,-300.4052473702,
    254.12434575835));
#8212 = CARTESIAN_POINT('',(15.253816777253,-300.3958321399,
    254.1310257181));
#8213 = CARTESIAN_POINT('',(15.232712106719,-300.3769650657,
    254.14441548341));
#8214 = CARTESIAN_POINT('',(15.222188296106,-300.3675129992,
    254.15112552936));
#8215 = CARTESIAN_POINT('',(15.211692972495,-300.358042458,
    254.15785063684));
#8216 = CARTESIAN_POINT('',(15.201225330167,-300.3485538917,
    254.16459055951));
#8217 = CARTESIAN_POINT('',(15.190783835089,-300.3390483912,
    254.17134418964));
#8218 = CARTESIAN_POINT('',(15.180366152576,-300.3295274016,
    254.17811065506));
#8219 = CARTESIAN_POINT('',(15.169969228065,-300.3199929258,
    254.18488797737));
#8220 = CARTESIAN_POINT('',(15.159589201656,-300.3104474854,
    254.19167437906));
#8221 = CARTESIAN_POINT('',(15.149221467611,-300.3008940557,
    254.19846725727));
#8222 = CARTESIAN_POINT('',(15.128499797662,-300.2817782299,
    254.21206037127));
#8223 = CARTESIAN_POINT('',(15.118146363877,-300.2722155246,
    254.21886085694));
#8224 = CARTESIAN_POINT('',(15.107795270869,-300.2626512398,
    254.22566258384));
#8225 = CARTESIAN_POINT('',(15.097441396889,-300.2530888906,
    254.23246285276));
#8226 = CARTESIAN_POINT('',(15.08707954192,-300.24353151,254.23925885089
    ));
#8227 = CARTESIAN_POINT('',(15.076704355114,-300.2339830515,
    254.24604782165));
#8228 = CARTESIAN_POINT('',(15.066310336499,-300.2244465688,
    254.25282674854));
#8229 = CARTESIAN_POINT('',(15.05589176301,-300.2149262172,
    254.25959267528));
#8230 = CARTESIAN_POINT('',(15.045442672734,-300.2054255875,
    254.26634238549));
#8231 = CARTESIAN_POINT('',(15.024470961256,-300.1864721454,
    254.27980278116));
#8232 = CARTESIAN_POINT('',(15.013948235177,-300.1770193478,
    254.28651340226));
#8233 = CARTESIAN_POINT('',(15.003381980231,-300.1675948848,
    254.29320092375));
#8234 = CARTESIAN_POINT('',(14.992764648552,-300.1582034549,
    254.29986132233));
#8235 = CARTESIAN_POINT('',(14.982087327612,-300.1488512147,
    254.30648986468));
#8236 = CARTESIAN_POINT('',(14.971339655444,-300.1395443793,
    254.31308109217));
#8237 = CARTESIAN_POINT('',(14.960510335756,-300.1302908451,
    254.31962891853));
#8238 = CARTESIAN_POINT('',(14.949587755005,-300.1210976913,
    254.32612728431));
#8239 = CARTESIAN_POINT('',(14.938560952887,-300.1119723246,
    254.33257028289));
#8240 = CARTESIAN_POINT('',(14.927420546917,-300.1029207115,
    254.33895298068));
#8241 = CARTESIAN_POINT('',(15.554328384576,-300.7004501707,
    253.97245029589));
#8242 = CARTESIAN_POINT('',(15.545182652078,-300.6901028079,
    253.97989227358));
#8243 = CARTESIAN_POINT('',(15.535850882429,-300.6798762829,
    253.98723544008));
#8244 = CARTESIAN_POINT('',(15.526339713577,-300.6697663149,
    253.99448341541));
#8245 = CARTESIAN_POINT('',(15.516663628936,-300.6597634197,
    254.00164366783));
#8246 = CARTESIAN_POINT('',(15.50683953026,-300.649856759,
    254.00872553934));
#8247 = CARTESIAN_POINT('',(15.496883075502,-300.6400359735,
    254.01573688326));
#8248 = CARTESIAN_POINT('',(15.486808556769,-300.630291975,
    254.02268572824));
#8249 = CARTESIAN_POINT('',(15.476631176958,-300.6206147363,
    254.02957982514));
#8250 = CARTESIAN_POINT('',(15.466367082786,-300.6109938571,
    254.03642792316));
#8251 = CARTESIAN_POINT('',(15.445680058802,-300.5918552709,
    254.05003973414));
#8252 = CARTESIAN_POINT('',(15.435258725895,-300.5823365309,
    254.0568043136));
#8253 = CARTESIAN_POINT('',(15.42477005779,-300.5728615517,
    254.06353312339));
#8254 = CARTESIAN_POINT('',(15.414224184373,-300.5634236909,
    254.07023155915));
#8255 = CARTESIAN_POINT('',(15.403630648101,-300.5540168854,
    254.07690466689));
#8256 = CARTESIAN_POINT('',(15.392998270017,-300.5446351986,
    254.08355715166));
#8257 = CARTESIAN_POINT('',(15.382335224984,-300.535273552,
    254.09019333603));
#8258 = CARTESIAN_POINT('',(15.371649192922,-300.5259267668,
    254.09681731106));
#8259 = CARTESIAN_POINT('',(15.360947714625,-300.5165900574,
    254.10343307461));
#8260 = CARTESIAN_POINT('',(15.339529589214,-300.4979264846,
    254.11665653116));
#8261 = CARTESIAN_POINT('',(15.328812491143,-300.4885999259,
    254.12326398965));
#8262 = CARTESIAN_POINT('',(15.318094738047,-300.4792737947,
    254.12987107267));
#8263 = CARTESIAN_POINT('',(15.307382812469,-300.4699439037,
    254.13648129406));
#8264 = CARTESIAN_POINT('',(15.296682257328,-300.4606065801,
    254.14309745232));
#8265 = CARTESIAN_POINT('',(15.285997681028,-300.4512589736,
    254.14972221887));
#8266 = CARTESIAN_POINT('',(15.275332693951,-300.4418985377,
    254.15635724602));
#8267 = CARTESIAN_POINT('',(15.264689924604,-300.432523769,254.16300417)
  );
#8268 = CARTESIAN_POINT('',(15.254070962632,-300.4231334855,
    254.16966367315));
#8269 = CARTESIAN_POINT('',(15.23288174551,-300.4043213217,
    254.18300857499));
#8270 = CARTESIAN_POINT('',(15.222311688786,-300.3948992997,
    254.18969404083));
#8271 = CARTESIAN_POINT('',(15.21176630428,-300.3854612327,
    254.19639265455));
#8272 = CARTESIAN_POINT('',(15.201245004248,-300.3760075631,
    254.20310395536));
#8273 = CARTESIAN_POINT('',(15.190746460217,-300.3665390764,
    254.20982748012));
#8274 = CARTESIAN_POINT('',(15.180268672097,-300.357057124,
    254.21656186689));
#8275 = CARTESIAN_POINT('',(15.169808897308,-300.3475634801,
    254.22330595107));
#8276 = CARTESIAN_POINT('',(15.159363733106,-300.3380603328,
    254.23005770656));
#8277 = CARTESIAN_POINT('',(15.148929064259,-300.3285503742,
    254.23681507562));
#8278 = CARTESIAN_POINT('',(15.128071146548,-300.3095230391,
    254.25033585628));
#8279 = CARTESIAN_POINT('',(15.117648315967,-300.3000053761,
    254.2570995015));
#8280 = CARTESIAN_POINT('',(15.107226976261,-300.2904867976,
    254.26386394751));
#8281 = CARTESIAN_POINT('',(15.096802473729,-300.280970149,
    254.27062669072));
#8282 = CARTESIAN_POINT('',(15.08637007276,-300.2714588316,
    254.27738528917));
#8283 = CARTESIAN_POINT('',(15.075924945987,-300.2619555246,
    254.28413707244));
#8284 = CARTESIAN_POINT('',(15.065462088835,-300.2524639756,
    254.29087950205));
#8285 = CARTESIAN_POINT('',(15.054976312986,-300.2429871327,
    254.29760972527));
#8286 = CARTESIAN_POINT('',(15.044462176687,-300.2335288013,
    254.30432491304));
#8287 = CARTESIAN_POINT('',(15.023365728489,-300.214656354,
    254.31771908539));
#8288 = CARTESIAN_POINT('',(15.012783434479,-300.2052422789,
    254.32439808873));
#8289 = CARTESIAN_POINT('',(15.00216065099,-300.1958544348,
    254.33105558972));
#8290 = CARTESIAN_POINT('',(14.991490333346,-300.1864976026,
    254.33768786125));
#8291 = CARTESIAN_POINT('',(14.980763918642,-300.1771769752,
    254.34429036123));
#8292 = CARTESIAN_POINT('',(14.969971307515,-300.1678996265,
    254.3508576833));
#8293 = CARTESIAN_POINT('',(14.959101245499,-300.1586723106,
    254.35738393769));
#8294 = CARTESIAN_POINT('',(14.948142257876,-300.1495029413,
    254.36386293034));
#8295 = CARTESIAN_POINT('',(14.937083623188,-300.1403981961,
    254.37028905082));
#8296 = CARTESIAN_POINT('',(14.925916453101,-300.1313639761,
    254.37665753467));
#8297 = CARTESIAN_POINT('',(15.556054073954,-300.7267956489,
    254.01186967258));
#8298 = CARTESIAN_POINT('',(15.546803692225,-300.7165162668,
    254.01925606798));
#8299 = CARTESIAN_POINT('',(15.537366674577,-300.706358124,
    254.02654337289));
#8300 = CARTESIAN_POINT('',(15.527750006413,-300.6963166581,
    254.03373523307));
#8301 = CARTESIAN_POINT('',(15.517969679419,-300.6863815462,
    254.04084028191));
#8302 = CARTESIAN_POINT('',(15.508044987717,-300.6765401429,
    254.04786852798));
#8303 = CARTESIAN_POINT('',(15.497993642243,-300.6667810949,
    254.05482966952));
#8304 = CARTESIAN_POINT('',(15.487831269821,-300.6570940982,
    254.06173172334));
#8305 = CARTESIAN_POINT('',(15.47757414555,-300.6474687015,
    254.06858353528));
#8306 = CARTESIAN_POINT('',(15.46723960267,-300.6378935765,
    254.07539419792));
#8307 = CARTESIAN_POINT('',(15.446428126236,-300.6188358404,
    254.08893991855));
#8308 = CARTESIAN_POINT('',(15.43595307394,-300.6093520031,
    254.09567596374));
#8309 = CARTESIAN_POINT('',(15.425418688767,-300.5999067016,
    254.10238050138));
#8310 = CARTESIAN_POINT('',(15.414834215564,-300.5904939715,
    254.10905842767));
#8311 = CARTESIAN_POINT('',(15.404208031891,-300.5811082838,
    254.1157142075));
#8312 = CARTESIAN_POINT('',(15.393547682336,-300.5717448711,
    254.12235182936));
#8313 = CARTESIAN_POINT('',(15.382860007363,-300.5623991413,
    254.12897494112));
#8314 = CARTESIAN_POINT('',(15.372151451341,-300.5530670307,
    254.13558695346));
#8315 = CARTESIAN_POINT('',(15.361428467873,-300.5437442743,
    254.14219129938));
#8316 = CARTESIAN_POINT('',(15.339967704935,-300.5251083971,
    254.15539212057));
#8317 = CARTESIAN_POINT('',(15.329229417552,-300.5157955989,
    254.16198832369));
#8318 = CARTESIAN_POINT('',(15.318489696608,-300.5064837391,
    254.16858376983));
#8319 = CARTESIAN_POINT('',(15.307754216942,-300.4971691202,
    254.17518143287));
#8320 = CARTESIAN_POINT('',(15.29702785367,-300.4878486133,
    254.18178398501));
#8321 = CARTESIAN_POINT('',(15.286314647496,-300.4785195132,
    254.188393441));
#8322 = CARTESIAN_POINT('',(15.275617816963,-300.4691798447,
    254.19501166839));
#8323 = CARTESIAN_POINT('',(15.264939716828,-300.4598279581,
    254.20163977324));
#8324 = CARTESIAN_POINT('',(15.254281845381,-300.4504629677,
    254.20827865044));
#8325 = CARTESIAN_POINT('',(15.233007788883,-300.4317058952,
    254.22157850783));
#8326 = CARTESIAN_POINT('',(15.222391671623,-300.4223137765,
    254.22823954723));
#8327 = CARTESIAN_POINT('',(15.211796710139,-300.412907932,
    254.2349117866));
#8328 = CARTESIAN_POINT('',(15.201222460268,-300.4034886134,
    254.24159508031));
#8329 = CARTESIAN_POINT('',(15.190667828753,-300.3940565738,
    254.24828870382));
#8330 = CARTESIAN_POINT('',(15.180131046195,-300.3846129367,
    254.254991897));
#8331 = CARTESIAN_POINT('',(15.169609732745,-300.3751592428,
    254.26170322462));
#8332 = CARTESIAN_POINT('',(15.159100861532,-300.3656974791,
    254.26842120873));
#8333 = CARTESIAN_POINT('',(15.148600812639,-300.3562299793,
    254.27514385435));
#8334 = CARTESIAN_POINT('',(15.127609913345,-300.3372890042,
    254.28859404371));
#8335 = CARTESIAN_POINT('',(15.117119413256,-300.3278153107,
    254.2953217683));
#8336 = CARTESIAN_POINT('',(15.106629660845,-300.3183410943,
    254.30204988215));
#8337 = CARTESIAN_POINT('',(15.096136428207,-300.3088692206,
    254.30877617352));
#8338 = CARTESIAN_POINT('',(15.08563543509,-300.2994022481,
    254.31549830482));
#8339 = CARTESIAN_POINT('',(15.075122284735,-300.2899433432,
    254.32221403497));
#8340 = CARTESIAN_POINT('',(15.064592451663,-300.2804951059,
    254.3289208617));
#8341 = CARTESIAN_POINT('',(15.054041214311,-300.2710608901,
    254.33561635925));
#8342 = CARTESIAN_POINT('',(15.043463632922,-300.26164372,254.3422978563
    ));
#8343 = CARTESIAN_POINT('',(15.022245365925,-300.2428504037,
    254.35562735977));
#8344 = CARTESIAN_POINT('',(15.01160479526,-300.2334741478,
    254.36227542059));
#8345 = CARTESIAN_POINT('',(15.000926665417,-300.2241223279,
    254.36890354598));
#8346 = CARTESIAN_POINT('',(14.990204357587,-300.2147991079,
    254.37550821692));
#8347 = CARTESIAN_POINT('',(14.979429649378,-300.205510071,
    254.38208505863));
#8348 = CARTESIAN_POINT('',(14.968592542255,-300.1962613729,
    254.38862879928));
#8349 = CARTESIAN_POINT('',(14.957681908012,-300.187060608,
    254.39513346611));
#8350 = CARTESIAN_POINT('',(14.946686435684,-300.1779148191,
    254.40159312601));
#8351 = CARTESIAN_POINT('',(14.935595790869,-300.1688309077,
    254.408002235));
#8352 = CARTESIAN_POINT('',(14.92440152273,-300.1598142783,
    254.41435633667));
#8353 = CARTESIAN_POINT('',(15.557811778177,-300.7531203302,
    254.05130605015));
#8354 = CARTESIAN_POINT('',(15.548457415516,-300.7429084975,
    254.05863722825));
#8355 = CARTESIAN_POINT('',(15.538915296237,-300.732818623,
    254.06586869823));
#8356 = CARTESIAN_POINT('',(15.529192755928,-300.7228459577,
    254.07300438217));
#8357 = CARTESIAN_POINT('',(15.519306926002,-300.7129793376,
    254.08005331261));
#8358 = CARTESIAN_POINT('',(15.509279245295,-300.7032049013,
    254.08702697798));
#8359 = CARTESIAN_POINT('',(15.49912989788,-300.6935094537,
    254.09393596522));
#8360 = CARTESIAN_POINT('',(15.48887658925,-300.6838815804,
    254.10078979959));
#8361 = CARTESIAN_POINT('',(15.478536998653,-300.6743097305,
    254.10759777841));
#8362 = CARTESIAN_POINT('',(15.468129062584,-300.6647822924,
    254.11436947497));
#8363 = CARTESIAN_POINT('',(15.447187260964,-300.6458092186,
    254.12784597979));
#8364 = CARTESIAN_POINT('',(15.436655469476,-300.6363622381,
    254.13455189475));
#8365 = CARTESIAN_POINT('',(15.426072206783,-300.6269487019,
    254.14123046962));
#8366 = CARTESIAN_POINT('',(15.415445756761,-300.6175632085,
    254.14788611043));
#8367 = CARTESIAN_POINT('',(15.404783333546,-300.6082011151,
    254.15452263721));
#8368 = CARTESIAN_POINT('',(15.394091233064,-300.598858268,
    254.16114340509));
#8369 = CARTESIAN_POINT('',(15.383375100195,-300.5895310712,
    254.16775140021));
#8370 = CARTESIAN_POINT('',(15.372640275738,-300.5802159977,
    254.17434946704));
#8371 = CARTESIAN_POINT('',(15.361892257798,-300.5709095105,
    254.18094052036));
#8372 = CARTESIAN_POINT('',(15.340382243316,-300.5523056201,
    254.1941151929));
#8373 = CARTESIAN_POINT('',(15.329619671822,-300.5430085936,
    254.20069850698));
#8374 = CARTESIAN_POINT('',(15.318855145837,-300.5337128422,
    254.20728077426));
#8375 = CARTESIAN_POINT('',(15.308093584485,-300.5244151712,
    254.21386461906));
#8376 = CARTESIAN_POINT('',(15.297339205284,-300.5151128316,
    254.22045225375));
#8377 = CARTESIAN_POINT('',(15.286595527716,-300.5058035619,
    254.22704559344));
#8378 = CARTESIAN_POINT('',(15.275865355903,-300.4964855006,
    254.2336460698));
#8379 = CARTESIAN_POINT('',(15.265150785099,-300.4871573297,
    254.24025485012));
#8380 = CARTESIAN_POINT('',(15.254453186712,-300.4778181252,
    254.24687262533));
#8381 = CARTESIAN_POINT('',(15.233093230073,-300.459116839,
    254.2601268912));
#8382 = CARTESIAN_POINT('',(15.222430875134,-300.4497547527,
    254.26676337454));
#8383 = CARTESIAN_POINT('',(15.211786446048,-300.4403810187,
    254.27340938546));
#8384 = CARTESIAN_POINT('',(15.201159627015,-300.4309958586,
    254.28006472177));
#8385 = CARTESIAN_POINT('',(15.190549489236,-300.4215998552,
    254.28672894711));
#8386 = CARTESIAN_POINT('',(15.179954527061,-300.412193998,
    254.29340119289));
#8387 = CARTESIAN_POINT('',(15.169372651148,-300.4027796456,
    254.30008041684));
#8388 = CARTESIAN_POINT('',(15.158801229238,-300.3933584977,
    254.30676517218));
#8389 = CARTESIAN_POINT('',(15.148237084601,-300.3839326256,
    254.31345380046));
#8390 = CARTESIAN_POINT('',(15.127115964475,-300.3650762232,
    254.32683486036));
#8391 = CARTESIAN_POINT('',(15.116559294283,-300.3556454911,
    254.33352745527));
#8392 = CARTESIAN_POINT('',(15.106002766115,-300.3462146811,
    254.34022013212));
#8393 = CARTESIAN_POINT('',(15.095442581905,-300.3367862096,
    254.34691085539));
#8394 = CARTESIAN_POINT('',(15.084874858795,-300.3273626917,
    254.35359760045));
#8395 = CARTESIAN_POINT('',(15.07429561167,-300.3179465842,
    254.36027820058));
#8396 = CARTESIAN_POINT('',(15.0637007119,-300.3085407124,
    254.36695051768));
#8397 = CARTESIAN_POINT('',(15.053085871761,-300.299147739,
    254.37361223222));
#8398 = CARTESIAN_POINT('',(15.042446607298,-300.2897706546,
    254.38026098929));
#8399 = CARTESIAN_POINT('',(15.021109822716,-300.2710543026,
    254.39352757294));
#8400 = CARTESIAN_POINT('',(15.010412477414,-300.2617149357,
    254.40014549537));
#8401 = CARTESIAN_POINT('',(14.999680449812,-300.2523980775,
    254.40674500508));
#8402 = CARTESIAN_POINT('',(14.988907467247,-300.2431078527,
    254.41332277061));
#8403 = CARTESIAN_POINT('',(14.978085463387,-300.2338494092,
    254.41987451888));
#8404 = CARTESIAN_POINT('',(14.967204547381,-300.2246292998,
    254.42639497489));
#8405 = CARTESIAN_POINT('',(14.95625371349,-300.2154545329,
    254.43287833027));
#8406 = CARTESIAN_POINT('',(14.945221981571,-300.2063323572,
    254.43931871802));
#8407 = CARTESIAN_POINT('',(14.934099477503,-300.1972691131,
    254.44571092359));
#8408 = CARTESIAN_POINT('',(14.922878121725,-300.1882700812,
    254.45205064226));
#8409 = CARTESIAN_POINT('',(15.559598407388,-300.7794262224,
    254.09075778775));
#8410 = CARTESIAN_POINT('',(15.550141463095,-300.7692810279,
    254.09803448671));
#8411 = CARTESIAN_POINT('',(15.540495179875,-300.7592588246,
    254.10521064584));
#8412 = CARTESIAN_POINT('',(15.530667289217,-300.749354585,
    254.11229036198));
#8413 = CARTESIAN_POINT('',(15.520675525379,-300.739556805,
    254.11928306871));
#8414 = CARTESIAN_POINT('',(15.510542949926,-300.729850479,
    254.12620098302));
#8415 = CARTESIAN_POINT('',(15.500292682749,-300.7202206236,
    254.13305641656));
#8416 = CARTESIAN_POINT('',(15.489945749154,-300.7106535469,
    254.13986050006));
#8417 = CARTESIAN_POINT('',(15.479521762715,-300.701136536,
    254.1466236727));
#8418 = CARTESIAN_POINT('',(15.469038183973,-300.6916582331,
    254.15335519271));
#8419 = CARTESIAN_POINT('',(15.44796162866,-300.6727726994,
    254.16676013432));
#8420 = CARTESIAN_POINT('',(15.437370791425,-300.6633640777,
    254.17343469047));
#8421 = CARTESIAN_POINT('',(15.426736089515,-300.6539839519,
    254.18008594987));
#8422 = CARTESIAN_POINT('',(15.416064764476,-300.6446276235,
    254.1867177558));
#8423 = CARTESIAN_POINT('',(15.405362855545,-300.6352911592,
    254.19333331782));
#8424 = CARTESIAN_POINT('',(15.394635498446,-300.6259712379,
    254.19993535943));
#8425 = CARTESIAN_POINT('',(15.383887265475,-300.6166648739,
    254.20652631203));
#8426 = CARTESIAN_POINT('',(15.373122554461,-300.6073692234,
    254.2131085081));
#8427 = CARTESIAN_POINT('',(15.362346019384,-300.5980812553,
    254.21968442062));
#8428 = CARTESIAN_POINT('',(15.340780077076,-300.5795136909,
    254.23282939967));
#8429 = CARTESIAN_POINT('',(15.32999004401,-300.5702345002,
    254.23939813395));
#8430 = CARTESIAN_POINT('',(15.319197745366,-300.5609567856,
    254.2459656604));
#8431 = CARTESIAN_POINT('',(15.308407382753,-300.551677817,
    254.25253420858));
#8432 = CARTESIAN_POINT('',(15.297622564587,-300.5423952528,
    254.25910569929));
#8433 = CARTESIAN_POINT('',(15.286846303599,-300.5331071304,
    254.26568172442));
#8434 = CARTESIAN_POINT('',(15.276081019979,-300.5238118855,
    254.27226358009));
#8435 = CARTESIAN_POINT('',(15.265328538274,-300.5145083242,
    254.27885222521));
#8436 = CARTESIAN_POINT('',(15.254590089764,-300.5051956526,
    254.28544832119));
#8437 = CARTESIAN_POINT('',(15.233142532416,-300.486551255,
    254.29865608476));
#8438 = CARTESIAN_POINT('',(15.222433422571,-300.4772195301,
    254.30526775354));
#8439 = CARTESIAN_POINT('',(15.211739287265,-300.467878082,
    254.31188736883));
#8440 = CARTESIAN_POINT('',(15.201059889864,-300.45852706,
    254.31851481259));
#8441 = CARTESIAN_POINT('',(15.19039446721,-300.4491669642,
    254.32514966818));
#8442 = CARTESIAN_POINT('',(15.179741737995,-300.4397986239,
    254.33179127047));
#8443 = CARTESIAN_POINT('',(15.169099921557,-300.4304231948,
    254.33843866004));
#8444 = CARTESIAN_POINT('',(15.158466745087,-300.4210421552,
    254.34509064109));
#8445 = CARTESIAN_POINT('',(15.147839461162,-300.4116572874,
    254.3517457493));
#8446 = CARTESIAN_POINT('',(15.126590254723,-300.3928840687,
    254.36505881432));
#8447 = CARTESIAN_POINT('',(15.115968610263,-300.3834955378,
    254.37171691883));
#8448 = CARTESIAN_POINT('',(15.105346666263,-300.3741071983,
    254.37837486312));
#8449 = CARTESIAN_POINT('',(15.09472105428,-300.364721246,
    254.38503086573));
#8450 = CARTESIAN_POINT('',(15.084088286208,-300.3553399313,
    254.39168306271));
#8451 = CARTESIAN_POINT('',(15.073444741272,-300.3459656268,
    254.39832954816));
#8452 = CARTESIAN_POINT('',(15.062786658053,-300.3366007523,
    254.40496830846));
#8453 = CARTESIAN_POINT('',(15.052110120858,-300.3272478708,
    254.41159727774));
#8454 = CARTESIAN_POINT('',(15.041411051069,-300.3179096186,
    254.4182142831));
#8455 = CARTESIAN_POINT('',(15.019959339131,-300.2992679096,
    254.4314198552));
#8456 = CARTESIAN_POINT('',(15.009206870275,-300.2899643386,
    254.43800851349));
#8457 = CARTESIAN_POINT('',(14.99842266888,-300.2806813771,
    254.44458032467));
#8458 = CARTESIAN_POINT('',(14.987600541406,-300.2714230463,
    254.45113200409));
#8459 = CARTESIAN_POINT('',(14.976732402974,-300.2621946014,
    254.45765925104));
#8460 = CARTESIAN_POINT('',(14.965808458284,-300.2530023972,
    254.46415687733));
#8461 = CARTESIAN_POINT('',(14.954818020195,-300.2438533851,
    254.47061919359));
#8462 = CARTESIAN_POINT('',(14.943750575318,-300.2347543846,
    254.4770406314));
#8463 = CARTESIAN_POINT('',(14.932596738089,-300.2257114978,
    254.48341619808));
#8464 = CARTESIAN_POINT('',(14.92134870657,-300.2167297895,
    254.48974175583));
#8465 = CARTESIAN_POINT('',(15.563222082209,-300.8320052572,
    254.16968803492));
#8466 = CARTESIAN_POINT('',(15.55356435995,-300.8219904923,
    254.17685810821));
#8467 = CARTESIAN_POINT('',(15.543713403228,-300.8121012456,
    254.18392556873));
#8468 = CARTESIAN_POINT('',(15.533677871688,-300.8023319027,
    254.19089502206));
#8469 = CARTESIAN_POINT('',(15.523475301727,-300.7926710495,
    254.19777576122));
#8470 = CARTESIAN_POINT('',(15.513130177236,-300.783102823,
    254.20458081703));
#8471 = CARTESIAN_POINT('',(15.502672591411,-300.773607622,
    254.21132613179));
#8472 = CARTESIAN_POINT('',(15.492133795699,-300.7641652014,
    254.21802833611));
#8473 = CARTESIAN_POINT('',(15.481538909673,-300.7547592006,
    254.22470074249));
#8474 = CARTESIAN_POINT('',(15.47090105776,-300.7453811206,
    254.23135033461));
#8475 = CARTESIAN_POINT('',(15.449549296344,-300.726674366,
    254.2446091223));
#8476 = CARTESIAN_POINT('',(15.43883734117,-300.7173444249,
    254.25121935711));
#8477 = CARTESIAN_POINT('',(15.428095950449,-300.7080336074,
    254.25781395735));
#8478 = CARTESIAN_POINT('',(15.417330084766,-300.6987386901,
    254.26439555821));
#8479 = CARTESIAN_POINT('',(15.40654352413,-300.6894572204,
    254.27096616507));
#8480 = CARTESIAN_POINT('',(15.395739318667,-300.6801872138,
    254.27752739988));
#8481 = CARTESIAN_POINT('',(15.384920197096,-300.6709269009,
    254.28408070891));
#8482 = CARTESIAN_POINT('',(15.37408892731,-300.6616744812,
    254.29062756418));
#8483 = CARTESIAN_POINT('',(15.363248634503,-300.6524279266,
    254.29716962386));
#8484 = CARTESIAN_POINT('',(15.341557510605,-300.6339416684,
    254.31024814014));
#8485 = CARTESIAN_POINT('',(15.330706147192,-300.6247023108,
    254.31678431356));
#8486 = CARTESIAN_POINT('',(15.319852228626,-300.6154646168,
    254.32331912745));
#8487 = CARTESIAN_POINT('',(15.308998612702,-300.6062267275,
    254.32985409707));
#8488 = CARTESIAN_POINT('',(15.298147768043,-300.5969870434,
    254.33639053597));
#8489 = CARTESIAN_POINT('',(15.287301775125,-300.5877442081,
    254.34292954796));
#8490 = CARTESIAN_POINT('',(15.276462325081,-300.5784971267,
    254.34947203028));
#8491 = CARTESIAN_POINT('',(15.26563072074,-300.5692449508,
    254.35601867716));
#8492 = CARTESIAN_POINT('',(15.254807875976,-300.5599870872,
    254.36256997221));
#8493 = CARTESIAN_POINT('',(15.233180755961,-300.5414593013,
    254.37568241901));
#8494 = CARTESIAN_POINT('',(15.222376503576,-300.5321893651,
    254.38224358236));
#8495 = CARTESIAN_POINT('',(15.211581760137,-300.5229132514,
    254.38880979394));
#8496 = CARTESIAN_POINT('',(15.200796405169,-300.5136310447,
    254.39538098741));
#8497 = CARTESIAN_POINT('',(15.19001998064,-300.5043430338,
    254.40195692477));
#8498 = CARTESIAN_POINT('',(15.17925168246,-300.4950497481,
    254.40853717247));
#8499 = CARTESIAN_POINT('',(15.168490341881,-300.4857519426,
    254.41512111748));
#8500 = CARTESIAN_POINT('',(15.157734418037,-300.4764506188,
    254.42170793624));
#8501 = CARTESIAN_POINT('',(15.146981980677,-300.4671470306,
    254.42829660723));
#8502 = CARTESIAN_POINT('',(15.125479418834,-300.448538351,
    254.44147517773));
#8503 = CARTESIAN_POINT('',(15.114729488929,-300.4392331338,
    254.44806518011));
#8504 = CARTESIAN_POINT('',(15.103978684811,-300.4299284826,
    254.45465472102));
#8505 = CARTESIAN_POINT('',(15.093224553718,-300.4206259946,
    254.46124249176));
#8506 = CARTESIAN_POINT('',(15.082464425253,-300.4113273969,
    254.4678270861));
#8507 = CARTESIAN_POINT('',(15.071695423884,-300.4020345661,
    254.47440696264));
#8508 = CARTESIAN_POINT('',(15.060914477403,-300.3927494888,
    254.48098050506));
#8509 = CARTESIAN_POINT('',(15.050118330245,-300.3834742861,
    254.48754597385));
#8510 = CARTESIAN_POINT('',(15.039303552228,-300.3742111818,
    254.494101554));
#8511 = CARTESIAN_POINT('',(15.017629549089,-300.3557138411,
    254.50718911776));
#8512 = CARTESIAN_POINT('',(15.00677033265,-300.3464795968,
    254.51372110563));
#8513 = CARTESIAN_POINT('',(14.995885719126,-300.3372618521,
    254.5202396134));
#8514 = CARTESIAN_POINT('',(14.984968715461,-300.3280651339,
    254.52674091898));
#8515 = CARTESIAN_POINT('',(14.974010636753,-300.3188951079,
    254.53322042777));
#8516 = CARTESIAN_POINT('',(14.963002223547,-300.3097577581,
    254.5396732005));
#8517 = CARTESIAN_POINT('',(14.951934126078,-300.3006591862,
    254.54609429744));
#8518 = CARTESIAN_POINT('',(14.940797136397,-300.2916053511,
    254.55247880919));
#8519 = CARTESIAN_POINT('',(14.929582536575,-300.2826019284,
    254.55882212003));
#8520 = CARTESIAN_POINT('',(14.9182829419,-300.2736537085,
    254.56512030299));
#8521 = CARTESIAN_POINT('',(15.565058494251,-300.8582788115,
    254.20916620805));
#8522 = CARTESIAN_POINT('',(15.55530258672,-300.8483278271,
    254.21628413688));
#8523 = CARTESIAN_POINT('',(15.545340604386,-300.8385107184,
    254.22329264288));
#8524 = CARTESIAN_POINT('',(15.535257420727,-300.8287722919,
    254.23023677153));
#8525 = CARTESIAN_POINT('',(15.524833101211,-300.8192555645,
    254.23699977926));
#8526 = CARTESIAN_POINT('',(15.514483351804,-300.8096902437,
    254.24380233744));
#8527 = CARTESIAN_POINT('',(15.50395943124,-300.8002382348,
    254.25051246312));
#8528 = CARTESIAN_POINT('',(15.493195812748,-300.7909417875,
    254.25709524498));
#8529 = CARTESIAN_POINT('',(15.482586457392,-300.781545227,
    254.26375998102));
#8530 = CARTESIAN_POINT('',(15.471854237034,-300.7722284367,
    254.27035945251));
#8531 = CARTESIAN_POINT('',(15.450361073817,-300.7536135421,
    254.28354314793));
#8532 = CARTESIAN_POINT('',(15.439587015723,-300.7443239428,
    254.29012040162));
#8533 = CARTESIAN_POINT('',(15.428790521996,-300.7350489205,
    254.29668574004));
#8534 = CARTESIAN_POINT('',(15.417975189768,-300.7257861378,
    254.30324107016));
#8535 = CARTESIAN_POINT('',(15.407143663914,-300.7165338778,
    254.30978780167));
#8536 = CARTESIAN_POINT('',(15.396298065079,-300.7072907577,
    254.31632705215));
#8537 = CARTESIAN_POINT('',(15.385440342611,-300.6980555196,
    254.32285986728));
#8538 = CARTESIAN_POINT('',(15.374572565147,-300.6888268138,
    254.3293873359));
#8539 = CARTESIAN_POINT('',(15.363697137346,-300.6796030799,
    254.33591074091));
#8540 = CARTESIAN_POINT('',(15.341936765653,-300.6611617993,
    254.34895249057));
#8541 = CARTESIAN_POINT('',(15.33105150658,-300.6519444571,
    254.35547066964));
#8542 = CARTESIAN_POINT('',(15.320163712293,-300.6427287631,
    254.36198749585));
#8543 = CARTESIAN_POINT('',(15.30927562185,-300.6335132667,
    254.36850416796));
#8544 = CARTESIAN_POINT('',(15.298389176802,-300.6242966988,
    254.37502170534));
#8545 = CARTESIAN_POINT('',(15.287506019202,-300.6150780036,
    254.38154098852));
#8546 = CARTESIAN_POINT('',(15.276627493399,-300.6058562969,
    254.38806272907));
#8547 = CARTESIAN_POINT('',(15.265754645213,-300.5966309075,
    254.39458748108));
#8548 = CARTESIAN_POINT('',(15.254888221652,-300.5874013441,
    254.40111564324));
#8549 = CARTESIAN_POINT('',(15.233169121909,-300.5689332934,
    254.41417926384));
#8550 = CARTESIAN_POINT('',(15.222316482846,-300.559694777,
    254.42071474196));
#8551 = CARTESIAN_POINT('',(15.211470902876,-300.550451687,
    254.4272539667));
#8552 = CARTESIAN_POINT('',(15.200632296402,-300.5412040503,
    254.43379689499));
#8553 = CARTESIAN_POINT('',(15.189800334123,-300.5319521191,
    254.44034334554));
#8554 = CARTESIAN_POINT('',(15.178974406353,-300.5226962531,
    254.44689300712));
#8555 = CARTESIAN_POINT('',(15.168153623653,-300.5134370534,
    254.45344539269));
#8556 = CARTESIAN_POINT('',(15.157336776414,-300.5041752954,
    254.45999987261));
#8557 = CARTESIAN_POINT('',(15.146522330403,-300.4949119775,
    254.46655562591));
#8558 = CARTESIAN_POINT('',(15.124894464293,-300.4763846762,
    254.47966767766));
#8559 = CARTESIAN_POINT('',(15.114080787088,-300.467120856,
    254.48622384241));
#8560 = CARTESIAN_POINT('',(15.103266200806,-300.4578576375,
    254.49277951564));
#8561 = CARTESIAN_POINT('',(15.092448095027,-300.448596678,
    254.4993333394));
#8562 = CARTESIAN_POINT('',(15.08162434644,-300.439339426,
    254.50588414077));
#8563 = CARTESIAN_POINT('',(15.070793165651,-300.4300869492,
    254.51243102754));
#8564 = CARTESIAN_POINT('',(15.0599521164,-300.4208409273,
    254.51897265002));
#8565 = CARTESIAN_POINT('',(15.04909751601,-300.4116036741,
    254.52550709412));
#8566 = CARTESIAN_POINT('',(15.038225488678,-300.4023777565,
    254.53203228089));
#8567 = CARTESIAN_POINT('',(15.016446270412,-300.3839487447,
    254.54506398854));
#8568 = CARTESIAN_POINT('',(15.005525237482,-300.3747546582,
    254.55156316071));
#8569 = CARTESIAN_POINT('',(14.994681995933,-300.3655100106,
    254.55810363832));
#8570 = CARTESIAN_POINT('',(14.983493991553,-300.356489359,
    254.56446105047));
#8571 = CARTESIAN_POINT('',(14.972785385173,-300.3471572302,
    254.57107304389));
#8572 = CARTESIAN_POINT('',(14.961500039652,-300.3381998105,
    254.57737875253));
#8573 = CARTESIAN_POINT('',(14.950519854406,-300.3290440952,
    254.58384654659));
#8574 = CARTESIAN_POINT('',(14.939309180747,-300.3200381388,
    254.59019193506));
#8575 = CARTESIAN_POINT('',(14.928072050791,-300.3110493393,
    254.59652328297));
#8576 = CARTESIAN_POINT('',(14.916747702061,-300.3021171984,
    254.60280832582));
#8577 = CARTESIAN_POINT('',(15.566915801369,-300.8845387931,
    254.24865547659));
#8578 = CARTESIAN_POINT('',(15.557064356934,-300.8746498777,
    254.25572267362));
#8579 = CARTESIAN_POINT('',(15.547064882256,-300.8648570844,
    254.26271125167));
#8580 = CARTESIAN_POINT('',(15.53657325262,-300.8553841068,
    254.26943851033));
#8581 = CARTESIAN_POINT('',(15.526696425493,-300.8455115042,
    254.27649219942));
#8582 = CARTESIAN_POINT('',(15.515697881806,-300.8363679389,
    254.28295029914));
#8583 = CARTESIAN_POINT('',(15.504753214158,-300.8271889603,
    254.28943690022));
#8584 = CARTESIAN_POINT('',(15.494674719817,-300.817447669,
    254.29638357897));
#8585 = CARTESIAN_POINT('',(15.483549892958,-300.8083858478,
    254.30277453888));
#8586 = CARTESIAN_POINT('',(15.472830915775,-300.7990604942,
    254.30938105401));
#8587 = CARTESIAN_POINT('',(15.451202455759,-300.7805334821,
    254.32249289608));
#8588 = CARTESIAN_POINT('',(15.44036594428,-300.7712844567,
    254.32903698489));
#8589 = CARTESIAN_POINT('',(15.429512075931,-300.7620467049,
    254.33557185265));
#8590 = CARTESIAN_POINT('',(15.418643977789,-300.7528181989,
    254.34209916591));
#8591 = CARTESIAN_POINT('',(15.40776366413,-300.7435976251,
    254.34861998244));
#8592 = CARTESIAN_POINT('',(15.396872587974,-300.7343840556,
    254.35513509382));
#8593 = CARTESIAN_POINT('',(15.385972081945,-300.7251766026,
    254.36164518141));
#8594 = CARTESIAN_POINT('',(15.375063664858,-300.7159742945,
    254.36815107643));
#8595 = CARTESIAN_POINT('',(15.364149234361,-300.7067758951,
    254.37465377092));
#8596 = CARTESIAN_POINT('',(15.342313027387,-300.68838387,
    254.38765525747));
#8597 = CARTESIAN_POINT('',(15.331390655248,-300.6791906327,
    254.39415372886));
#8598 = CARTESIAN_POINT('',(15.320465904655,-300.6699989424,
    254.40065094382));
#8599 = CARTESIAN_POINT('',(15.309540446864,-300.6608077111,
    254.40714776613));
#8600 = CARTESIAN_POINT('',(15.298615733658,-300.6516160038,
    254.41364499729));
#8601 = CARTESIAN_POINT('',(15.287692997474,-300.6424230056,
    254.420143266));
#8602 = CARTESIAN_POINT('',(15.276773252861,-300.6332280736,
    254.4266431257));
#8603 = CARTESIAN_POINT('',(15.265857292807,-300.624030678,
    254.43314499171));
#8604 = CARTESIAN_POINT('',(15.254945693792,-300.6148304564,
    254.43964917321));
#8605 = CARTESIAN_POINT('',(15.23313192837,-300.5964238816,
    254.45266254048));
#8606 = CARTESIAN_POINT('',(15.222229787295,-300.5872175242,
    254.45917174217));
#8607 = CARTESIAN_POINT('',(15.21133248997,-300.5780079941,
    254.46568351127));
#8608 = CARTESIAN_POINT('',(15.200439990374,-300.5687953976,
    254.47219783095));
#8609 = CARTESIAN_POINT('',(15.189552050396,-300.5595797801,
    254.47871457018));
#8610 = CARTESIAN_POINT('',(15.178668257144,-300.5503615216,
    254.48523350656));
#8611 = CARTESIAN_POINT('',(15.167787955606,-300.5411409622,
    254.49175430323));
#8612 = CARTESIAN_POINT('',(15.156910273898,-300.5319187166,
    254.49827648645));
#8613 = CARTESIAN_POINT('',(15.146034067914,-300.522695508,
    254.50479945405));
#8614 = CARTESIAN_POINT('',(15.124281775127,-300.5042490124,
    254.51784545498));
#8615 = CARTESIAN_POINT('',(15.11340800939,-300.4950242263,
    254.52436971341));
#8616 = CARTESIAN_POINT('',(15.102532510104,-300.4858005363,
    254.53089307202));
#8617 = CARTESIAN_POINT('',(15.091656353419,-300.4765773407,
    254.53741604289));
#8618 = CARTESIAN_POINT('',(15.080777403181,-300.4673558469,
    254.54393758801));
#8619 = CARTESIAN_POINT('',(15.069890956471,-300.4581393567,
    254.55045509005));
#8620 = CARTESIAN_POINT('',(15.05899387018,-300.4489296554,
    254.5569669964));
#8621 = CARTESIAN_POINT('',(15.048086734504,-300.4397265655,
    254.56347353715));
#8622 = CARTESIAN_POINT('',(15.037168490847,-300.4305306424,
    254.56997419257));
#8623 = CARTESIAN_POINT('',(15.015267633883,-300.4121806396,
    254.58294132737));
#8624 = CARTESIAN_POINT('',(15.004354823869,-300.4029811812,
    254.58944486846));
#8625 = CARTESIAN_POINT('',(14.992905569233,-300.3941302158,
    254.59566357183));
#8626 = CARTESIAN_POINT('',(14.983130647184,-300.384191634,
    254.6027713298));
#8627 = CARTESIAN_POINT('',(14.970472969511,-300.3761255791,
    254.60834832412));
#8628 = CARTESIAN_POINT('',(14.960688736616,-300.3661930545,
    254.61545122375));
#8629 = CARTESIAN_POINT('',(14.948848356283,-300.357596111,
    254.62146218646));
#8630 = CARTESIAN_POINT('',(14.937867551327,-300.3484408159,
    254.62792966151));
#8631 = CARTESIAN_POINT('',(14.926559324947,-300.339498213,
    254.63422326281));
#8632 = CARTESIAN_POINT('',(14.915211332733,-300.3305814214,
    254.64049574972));
#8633 = CARTESIAN_POINT('',(15.568786762321,-300.9107899059,
    254.28815199473));
#8634 = CARTESIAN_POINT('',(15.558843239203,-300.9009607944,
    254.2951702846));
#8635 = CARTESIAN_POINT('',(15.548610063341,-300.8913198902,
    254.30203477984));
#8636 = CARTESIAN_POINT('',(15.538729666801,-300.881449635,
    254.30908657851));
#8637 = CARTESIAN_POINT('',(15.527339249976,-300.8725606768,
    254.3153365666));
#8638 = CARTESIAN_POINT('',(15.517179173477,-300.8628719034,
    254.32223980531));
#8639 = CARTESIAN_POINT('',(15.507474094763,-300.8528882102,
    254.32938482106));
#8640 = CARTESIAN_POINT('',(15.494892030165,-300.8447728583,
    254.33500188073));
#8641 = CARTESIAN_POINT('',(15.484900472791,-300.83497507,
    254.34199471612));
#8642 = CARTESIAN_POINT('',(15.473848883124,-300.825865713,
    254.34842457786));
#8643 = CARTESIAN_POINT('',(15.452061062419,-300.807442237,
    254.36145179545));
#8644 = CARTESIAN_POINT('',(15.441159240938,-300.7982356314,
    254.36796119989));
#8645 = CARTESIAN_POINT('',(15.430248326156,-300.7890349373,
    254.37446577577));
#8646 = CARTESIAN_POINT('',(15.41932809692,-300.7798402952,
    254.38096539987));
#8647 = CARTESIAN_POINT('',(15.408398965098,-300.7706514429,
    254.38746030522));
#8648 = CARTESIAN_POINT('',(15.397461733885,-300.7614678377,
    254.39395088947));
#8649 = CARTESIAN_POINT('',(15.386517395352,-300.7522888654,
    254.4004377206));
#8650 = CARTESIAN_POINT('',(15.375567017992,-300.7431138131,
    254.40692132529));
#8651 = CARTESIAN_POINT('',(15.364611679388,-300.7339419824,
    254.4134023023));
#8652 = CARTESIAN_POINT('',(15.342693274711,-300.715603348,
    254.42636014466));
#8653 = CARTESIAN_POINT('',(15.331730643435,-300.7064362568,
    254.43283724745));
#8654 = CARTESIAN_POINT('',(15.320765888081,-300.6972705533,
    254.43931320815));
#8655 = CARTESIAN_POINT('',(15.309800163169,-300.6881054708,
    254.44578867362));
#8656 = CARTESIAN_POINT('',(15.298834472435,-300.6789403776,
    254.45226413361));
#8657 = CARTESIAN_POINT('',(15.287869670593,-300.6697747003,
    254.45874007932));
#8658 = CARTESIAN_POINT('',(15.276906458723,-300.6606079958,
    254.46521686043));
#8659 = CARTESIAN_POINT('',(15.265945392193,-300.6514398997,
    254.471694784));
#8660 = CARTESIAN_POINT('',(15.254986871163,-300.6422701459,
    254.47817405452));
#8661 = CARTESIAN_POINT('',(15.233075426537,-300.6239270134,
    254.49113557044));
#8662 = CARTESIAN_POINT('',(15.222122505622,-300.6147536136,
    254.49761781128));
#8663 = CARTESIAN_POINT('',(15.211172457167,-300.6055783954,
    254.50410158622));
#8664 = CARTESIAN_POINT('',(15.200225241541,-300.5964012505,
    254.51058684995));
#8665 = CARTESIAN_POINT('',(15.189280728969,-300.5872224612,
    254.517073563));
#8666 = CARTESIAN_POINT('',(15.178338624676,-300.5780420052,
    254.52356154588));
#8667 = CARTESIAN_POINT('',(15.167398525285,-300.5688603184,
    254.5300505961));
#8668 = CARTESIAN_POINT('',(15.15645983233,-300.5596776809,
    254.53654039124));
#8669 = CARTESIAN_POINT('',(15.145521789522,-300.5504946343,
    254.54303053453));
#8670 = CARTESIAN_POINT('',(15.123645080863,-300.532128943,
    254.55601048527));
#8671 = CARTESIAN_POINT('',(15.112701968112,-300.5229491751,
    254.56249794417));
#8672 = CARTESIAN_POINT('',(15.101759498369,-300.5137690364,
    254.56898571379));
#8673 = CARTESIAN_POINT('',(15.090809771376,-300.5045935024,
    254.57546968985));
#8674 = CARTESIAN_POINT('',(15.079852941215,-300.4954227637,
    254.58194980908));
#8675 = CARTESIAN_POINT('',(15.06889480405,-300.4862526532,
    254.58842933009));
#8676 = CARTESIAN_POINT('',(15.057935506314,-300.4770834928,
    254.59490815837));
#8677 = CARTESIAN_POINT('',(15.046964004127,-300.4679221203,
    254.60138055231));
#8678 = CARTESIAN_POINT('',(15.035973225961,-300.4587733453,
    254.60784269596));
#8679 = CARTESIAN_POINT('',(15.01404791054,-300.4404392054,
    254.62079684642));
#8680 = CARTESIAN_POINT('',(15.002950697713,-300.4313595633,
    254.6272024796));
#8681 = CARTESIAN_POINT('',(14.993086675214,-300.4214788625,
    254.63426290995));
#8682 = CARTESIAN_POINT('',(14.978824793225,-300.4144547368,
    254.63898816043));
#8683 = CARTESIAN_POINT('',(14.971991930969,-300.4026052908,
    254.64765818879));
#8684 = CARTESIAN_POINT('',(14.957399777684,-300.3957956262,
    254.65220789509));
#8685 = CARTESIAN_POINT('',(14.948076987236,-300.385563464,
    254.65955587132));
#8686 = CARTESIAN_POINT('',(14.936247016311,-300.3769597191,
    254.66557237776));
#8687 = CARTESIAN_POINT('',(14.925046949054,-300.3679468412,
    254.67192341756));
#8688 = CARTESIAN_POINT('',(14.913677365617,-300.3590440834,
    254.67818444954));
#8689 = CARTESIAN_POINT('',(15.570662789295,-300.937037729,
    254.32765120225));
#8690 = CARTESIAN_POINT('',(15.560631144205,-300.927265878,
    254.3346227034));
#8691 = CARTESIAN_POINT('',(15.550466427252,-300.9175804079,
    254.34152352314));
#8692 = CARTESIAN_POINT('',(15.539747349916,-300.9082552443,
    254.34812999659));
#8693 = CARTESIAN_POINT('',(15.529514776227,-300.8986136258,
    254.35499476223));
#8694 = CARTESIAN_POINT('',(15.519256820684,-300.888989117,
    254.36184615894));
#8695 = CARTESIAN_POINT('',(15.505906005862,-300.8813730422,
    254.3670549565));
#8696 = CARTESIAN_POINT('',(15.497692329509,-300.8704204649,
    254.37499196442));
#8697 = CARTESIAN_POINT('',(15.485596840131,-300.8619891335,
    254.38086743914));
#8698 = CARTESIAN_POINT('',(15.474871368997,-300.852668019,
    254.38747050973));
#8699 = CARTESIAN_POINT('',(15.452977913908,-300.834313146,
    254.40044162511));
#8700 = CARTESIAN_POINT('',(15.442017400406,-300.8251446734,
    254.40691986246));
#8701 = CARTESIAN_POINT('',(15.431045832245,-300.8159833799,
    254.41339222838));
#8702 = CARTESIAN_POINT('',(15.420065875761,-300.8068275348,
    254.41986014082));
#8703 = CARTESIAN_POINT('',(15.409079651081,-300.7976757575,
    254.42632471444));
#8704 = CARTESIAN_POINT('',(15.398088507961,-300.7885271917,
    254.43278669515));
#8705 = CARTESIAN_POINT('',(15.387093134276,-300.7793813597,
    254.43924640203));
#8706 = CARTESIAN_POINT('',(15.376093912645,-300.7702380317,
    254.44570408603));
#8707 = CARTESIAN_POINT('',(15.365091602519,-300.7610967147,
    254.45216011841));
#8708 = CARTESIAN_POINT('',(15.343084976158,-300.742815379,
    254.46507112202));
#8709 = CARTESIAN_POINT('',(15.332079059669,-300.7336764079,
    254.47152523589));
#8710 = CARTESIAN_POINT('',(15.321071326803,-300.7245386039,
    254.47797839789));
#8711 = CARTESIAN_POINT('',(15.310062471824,-300.7154015541,
    254.48443094014));
#8712 = CARTESIAN_POINT('',(15.299053098233,-300.7062648115,
    254.49088322992));
#8713 = CARTESIAN_POINT('',(15.288043714668,-300.697128105,
    254.49733549692));
#8714 = CARTESIAN_POINT('',(15.277034742545,-300.6879911112,
    254.50378799095));
#8715 = CARTESIAN_POINT('',(15.266026504895,-300.6788536487,
    254.51024086766));
#8716 = CARTESIAN_POINT('',(15.255019238708,-300.6697155581,
    254.51669426514));
#8717 = CARTESIAN_POINT('',(15.233006930572,-300.6514379237,
    254.52960223354));
#8718 = CARTESIAN_POINT('',(15.222001891515,-300.6422984006,
    254.5360568151));
#8719 = CARTESIAN_POINT('',(15.210997989071,-300.6331580811,
    254.54251198356));
#8720 = CARTESIAN_POINT('',(15.199995207416,-300.6240171454,
    254.54896777498));
#8721 = CARTESIAN_POINT('',(15.188993439752,-300.614875405,
    254.55542407029));
#8722 = CARTESIAN_POINT('',(15.177992546834,-300.6057332373,
    254.56188086056));
#8723 = CARTESIAN_POINT('',(15.166992261994,-300.5965905724,
    254.56833795171));
#8724 = CARTESIAN_POINT('',(15.155992262495,-300.5874477782,
    254.57479520867));
#8725 = CARTESIAN_POINT('',(15.144992097512,-300.5783050703,
    254.58125236885));
#8726 = CARTESIAN_POINT('',(15.122990330258,-300.5600205939,
    254.5941659356));
#8727 = CARTESIAN_POINT('',(15.111994338567,-300.5508751928,
    254.60062530556));
#8728 = CARTESIAN_POINT('',(15.100996832974,-300.5417307209,
    254.6070839051));
#8729 = CARTESIAN_POINT('',(15.090002585715,-300.5325842577,
    254.61354417144));
#8730 = CARTESIAN_POINT('',(15.079008734484,-300.5234373258,
    254.62000474052));
#8731 = CARTESIAN_POINT('',(15.06800838906,-300.5142948673,
    254.62646176121));
#8732 = CARTESIAN_POINT('',(15.057000993576,-300.5051567601,
    254.63291511835));
#8733 = CARTESIAN_POINT('',(15.045994165824,-300.4960184446,
    254.63936873144));
#8734 = CARTESIAN_POINT('',(15.034981265791,-300.4868839816,
    254.64581913856));
#8735 = CARTESIAN_POINT('',(15.012777552097,-300.46873068,
    254.65862549274));
#8736 = CARTESIAN_POINT('',(15.001802058438,-300.4595719186,
    254.66509576411));
#8737 = CARTESIAN_POINT('',(14.989088638122,-300.4515420388,
    254.670643251));
#8738 = CARTESIAN_POINT('',(14.982918806102,-300.4392619719,
    254.67966517723));
#8739 = CARTESIAN_POINT('',(14.96522334628,-300.4344678682,
    254.68256725095));
#8740 = CARTESIAN_POINT('',(14.959436196287,-300.4219393402,
    254.69179258761));
#8741 = CARTESIAN_POINT('',(14.94534124144,-300.4148066555,
    254.69660634343));
#8742 = CARTESIAN_POINT('',(14.935010798713,-300.4052289894,
    254.70341919543));
#8743 = CARTESIAN_POINT('',(14.92353981091,-300.3963920929,
    254.70962637107));
#8744 = CARTESIAN_POINT('',(14.912151636181,-300.387501395,
    254.71587752354));
#8745 = CARTESIAN_POINT('',(15.572536163012,-300.9632872764,
    254.36714899918));
#8746 = CARTESIAN_POINT('',(15.562418602033,-300.953571223,
    254.37407486488));
#8747 = CARTESIAN_POINT('',(15.552165130204,-300.9439435001,
    254.38092857533));
#8748 = CARTESIAN_POINT('',(15.541240147574,-300.934751828,
    254.38742566412));
#8749 = CARTESIAN_POINT('',(15.531947355203,-300.924500222,
    254.39478954991));
#8750 = CARTESIAN_POINT('',(15.518355871247,-300.9170405387,
    254.39987059505));
#8751 = CARTESIAN_POINT('',(15.511007975042,-300.9055255731,
    254.40826735089));
#8752 = CARTESIAN_POINT('',(15.497269942796,-300.8981611772,
    254.41327054705));
#8753 = CARTESIAN_POINT('',(15.487124420007,-300.8884633862,
    254.42018161837));
#8754 = CARTESIAN_POINT('',(15.475961018442,-300.8794266691,
    254.42655210246));
#8755 = CARTESIAN_POINT('',(15.453898014872,-300.8611819513,
    254.43943318452));
#8756 = CARTESIAN_POINT('',(15.44286919017,-300.8520578477,
    254.44587514636));
#8757 = CARTESIAN_POINT('',(15.431838843634,-300.8429347343,
    254.45231629803));
#8758 = CARTESIAN_POINT('',(15.42080556889,-300.8338135253,
    254.4587558953));
#8759 = CARTESIAN_POINT('',(15.409769295553,-300.824694268,
    254.46519390468));
#8760 = CARTESIAN_POINT('',(15.398730312502,-300.815576759,
    254.47163045965));
#8761 = CARTESIAN_POINT('',(15.387688686604,-300.8064609792,
    254.47806563211));
#8762 = CARTESIAN_POINT('',(15.376644173575,-300.7973470729,
    254.48449925281));
#8763 = CARTESIAN_POINT('',(15.36559653051,-300.7882351961,
    254.49093121996));
#8764 = CARTESIAN_POINT('',(15.343496068664,-300.7700148122,
    254.50379239963));
#8765 = CARTESIAN_POINT('',(15.332443999897,-300.7609058086,
    254.51022201621));
#8766 = CARTESIAN_POINT('',(15.321390434621,-300.7517977949,
    254.51665082845));
#8767 = CARTESIAN_POINT('',(15.310335670482,-300.7426905277,
    254.52307901809));
#8768 = CARTESIAN_POINT('',(15.299279960145,-300.7335839182,
    254.52950669207));
#8769 = CARTESIAN_POINT('',(15.288223514184,-300.7244777446,
    254.53593398134));
#8770 = CARTESIAN_POINT('',(15.27716649545,-300.7153719746,
    254.54236096419));
#8771 = CARTESIAN_POINT('',(15.266109027595,-300.7062664822,
    254.54878771078));
#8772 = CARTESIAN_POINT('',(15.255051185397,-300.6971612342,
    254.55521425465));
#8773 = CARTESIAN_POINT('',(15.232934820612,-300.678951187,
    254.56806698625));
#8774 = CARTESIAN_POINT('',(15.221876320736,-300.6698463539,
    254.57449317742));
#8775 = CARTESIAN_POINT('',(15.210817482553,-300.6607417934,
    254.58091920609));
#8776 = CARTESIAN_POINT('',(15.199758257753,-300.6516373819,
    254.58734499747));
#8777 = CARTESIAN_POINT('',(15.188698603632,-300.6425333859,
    254.59377060301));
#8778 = CARTESIAN_POINT('',(15.177638417008,-300.6334296015,
    254.60019588384));
#8779 = CARTESIAN_POINT('',(15.166577603619,-300.6243263241,
    254.60662086515));
#8780 = CARTESIAN_POINT('',(15.155516001113,-300.6152235032,
    254.61304540544));
#8781 = CARTESIAN_POINT('',(15.144453427894,-300.6061213344,
    254.61946944283));
#8782 = CARTESIAN_POINT('',(15.122325864916,-300.5879185592,
    254.63231622425));
#8783 = CARTESIAN_POINT('',(15.111257724963,-300.5788199905,
    254.63873730995));
#8784 = CARTESIAN_POINT('',(15.100186713018,-300.5697233314,
    254.64515684434));
#8785 = CARTESIAN_POINT('',(15.089110966019,-300.560629644,
    254.65157391546));
#8786 = CARTESIAN_POINT('',(15.078032375152,-300.5515379791,
    254.65798940352));
#8787 = CARTESIAN_POINT('',(15.066953853037,-300.5424460573,
    254.66440500692));
#8788 = CARTESIAN_POINT('',(15.055874849596,-300.5333546365,
    254.67082029513));
#8789 = CARTESIAN_POINT('',(15.044792788243,-300.524265068,
    254.67723399404));
#8790 = CARTESIAN_POINT('',(15.033718590168,-300.5151704682,
    254.68365185437));
#8791 = CARTESIAN_POINT('',(15.011709351025,-300.4968908271,
    254.69656145884));
#8792 = CARTESIAN_POINT('',(15.000632452934,-300.48779798,
    254.70297788724));
#8793 = CARTESIAN_POINT('',(14.990784807733,-300.4779066722,
    254.71004699509));
#8794 = CARTESIAN_POINT('',(14.975418017835,-300.4716000813,
    254.71418569132));
#8795 = CARTESIAN_POINT('',(14.969989742274,-300.4588385154,
    254.72360135136));
#8796 = CARTESIAN_POINT('',(14.954036339821,-300.4529128213,
    254.72742843372));
#8797 = CARTESIAN_POINT('',(14.945371075632,-300.4422536875,
    254.7351254594));
#8798 = CARTESIAN_POINT('',(14.933248107396,-300.4338402047,
    254.74098642424));
#8799 = CARTESIAN_POINT('',(14.922045637304,-300.4248288953,
    254.74733618807));
#8800 = CARTESIAN_POINT('',(14.910642283517,-300.4159480691,
    254.7535792927));
#8801 = CARTESIAN_POINT('',(15.574402247872,-300.9895415601,
    254.40664292434));
#8802 = CARTESIAN_POINT('',(15.564198049864,-300.9798817976,
    254.41352278704));
#8803 = CARTESIAN_POINT('',(15.553640683343,-300.9704514211,
    254.42021509849));
#8804 = CARTESIAN_POINT('',(15.543985133978,-300.9604353167,
    254.42738632823));
#8805 = CARTESIAN_POINT('',(15.530587748808,-300.9528496957,
    254.43257048261));
#8806 = CARTESIAN_POINT('',(15.523946206318,-300.9408758003,
    254.44134227748));
#8807 = CARTESIAN_POINT('',(15.508797863028,-300.9344275619,
    254.44559658725));
#8808 = CARTESIAN_POINT('',(15.499514501277,-300.9241697259,
    254.45296549157));
#8809 = CARTESIAN_POINT('',(15.488135172649,-300.915273251,
    254.45922130082));
#8810 = CARTESIAN_POINT('',(15.477062198579,-300.906177849,
    254.46563982497));
#8811 = CARTESIAN_POINT('',(15.454890321092,-300.888003843,
    254.47846308883));
#8812 = CARTESIAN_POINT('',(15.443800582746,-300.8789193119,
    254.48487270286));
#8813 = CARTESIAN_POINT('',(15.432709106888,-300.8698359084,
    254.49128139593));
#8814 = CARTESIAN_POINT('',(15.421616456527,-300.8607532677,
    254.49768946326));
#8815 = CARTESIAN_POINT('',(15.410522558509,-300.8516714337,
    254.50409686667));
#8816 = CARTESIAN_POINT('',(15.399427256848,-300.8425905209,
    254.51050353246));
#8817 = CARTESIAN_POINT('',(15.388330619941,-300.8335104666,
    254.51690947707));
#8818 = CARTESIAN_POINT('',(15.377232927641,-300.8244311001,
    254.52331487182));
#8819 = CARTESIAN_POINT('',(15.366134408536,-300.815352273,
    254.52971982219));
#8820 = CARTESIAN_POINT('',(15.343934937002,-300.7971961949,
    254.54252843404));
#8821 = CARTESIAN_POINT('',(15.332834036221,-300.7881189168,
    254.54893211981));
#8822 = CARTESIAN_POINT('',(15.321731942694,-300.7790424006,
    254.5553351767));
#8823 = CARTESIAN_POINT('',(15.310628622341,-300.7699667055,
    254.5617375762));
#8824 = CARTESIAN_POINT('',(15.299524035537,-300.7608918008,
    254.56813930672));
#8825 = CARTESIAN_POINT('',(15.288418135374,-300.7518177809,
    254.57454034122));
#8826 = CARTESIAN_POINT('',(15.277310871005,-300.7427446237,
    254.58094064853));
#8827 = CARTESIAN_POINT('',(15.266202182559,-300.7336724021,
    254.58734020061));
#8828 = CARTESIAN_POINT('',(15.255092006977,-300.7246011453,
    254.59373896466));
#8829 = CARTESIAN_POINT('',(15.23286853896,-300.7064606518,
    254.60653483488));
#8830 = CARTESIAN_POINT('',(15.221755301723,-300.6973913918,
    254.61293197614));
#8831 = CARTESIAN_POINT('',(15.21064047743,-300.6883231275,
    254.61932826209));
#8832 = CARTESIAN_POINT('',(15.199524011403,-300.6792559979,
    254.62572370092));
#8833 = CARTESIAN_POINT('',(15.188405850164,-300.6701898767,
    254.63211820612));
#8834 = CARTESIAN_POINT('',(15.17728598028,-300.6611249576,
    254.63851183941));
#8835 = CARTESIAN_POINT('',(15.166164376011,-300.6520610952,
    254.64490452293));
#8836 = CARTESIAN_POINT('',(15.155041045482,-300.6429983934,
    254.6512963095));
#8837 = CARTESIAN_POINT('',(15.143915992165,-300.633936795,
    254.65768717097));
#8838 = CARTESIAN_POINT('',(15.121662475683,-300.6158158183,
    254.67046709177));
#8839 = CARTESIAN_POINT('',(15.110535666502,-300.6067553699,
    254.67685701986));
#8840 = CARTESIAN_POINT('',(15.099408912258,-300.5976948594,
    254.68324699261));
#8841 = CARTESIAN_POINT('',(15.088280901415,-300.5886352263,
    254.68963626931));
#8842 = CARTESIAN_POINT('',(15.077150397735,-300.5795771091,
    254.69602426384));
#8843 = CARTESIAN_POINT('',(15.066017798856,-300.5705204775,
    254.70241110259));
#8844 = CARTESIAN_POINT('',(15.054885085538,-300.5614638085,
    254.70879791287));
#8845 = CARTESIAN_POINT('',(15.043752799482,-300.5524069411,
    254.71518493221));
#8846 = CARTESIAN_POINT('',(15.032612316332,-300.5433553534,
    254.72156760632));
#8847 = CARTESIAN_POINT('',(15.010251762055,-300.5253039045,
    254.73429069927));
#8848 = CARTESIAN_POINT('',(14.999044701434,-300.51629556,
    254.74063801998));
#8849 = CARTESIAN_POINT('',(14.98759502741,-300.5074448159,
    254.74685654247));
#8850 = CARTESIAN_POINT('',(14.978046858692,-300.4973590669,
    254.75408461836));
#8851 = CARTESIAN_POINT('',(14.964437486156,-300.4899109434,
    254.75915645926));
#8852 = CARTESIAN_POINT('',(14.955342005426,-300.4795312556,
    254.76662493462));
#8853 = CARTESIAN_POINT('',(14.942899803,-300.4713250719,254.77231644141
    ));
#8854 = CARTESIAN_POINT('',(14.931993307842,-300.4621215572,
    254.77882335393));
#8855 = CARTESIAN_POINT('',(14.920575223318,-300.4532502899,
    254.78505863784));
#8856 = CARTESIAN_POINT('',(14.909159750534,-300.4443773237,
    254.79129530169));
#8857 = CARTESIAN_POINT('',(15.576261707024,-301.0158001488,
    254.44613332926));
#8858 = CARTESIAN_POINT('',(15.565969924906,-301.0061972762,
    254.4529666766));
#8859 = CARTESIAN_POINT('',(15.555503367055,-300.9967079445,
    254.45970721987));
#8860 = CARTESIAN_POINT('',(15.544701102505,-300.9874366496,
    254.46626948145));
#8861 = CARTESIAN_POINT('',(15.534143026031,-300.9780067995,
    254.47296143916));
#8862 = CARTESIAN_POINT('',(15.52277851657,-300.9691006992,
    254.47922512108));
#8863 = CARTESIAN_POINT('',(15.511819941095,-300.95993102,
    254.48570440858));
#8864 = CARTESIAN_POINT('',(15.500503376598,-300.9509937915,
    254.49199355291));
#8865 = CARTESIAN_POINT('',(15.489378609295,-300.9419320361,
    254.49838457477));
#8866 = CARTESIAN_POINT('',(15.478225994936,-300.9328883393,
    254.50476079736));
#8867 = CARTESIAN_POINT('',(15.455922725183,-300.9147996904,
    254.51751428904));
#8868 = CARTESIAN_POINT('',(15.444771345721,-300.9057551982,
    254.52389117101));
#8869 = CARTESIAN_POINT('',(15.433619828053,-300.8967107963,
    254.53026797885));
#8870 = CARTESIAN_POINT('',(15.422468302547,-300.8876663984,
    254.5366447844));
#8871 = CARTESIAN_POINT('',(15.41131702153,-300.8786218445,
    254.54302171997));
#8872 = CARTESIAN_POINT('',(15.400166113522,-300.8695770419,
    254.54939885162));
#8873 = CARTESIAN_POINT('',(15.389015462621,-300.8605320774,
    254.55577612471));
#8874 = CARTESIAN_POINT('',(15.377864749685,-300.8514871507,
    254.56215336141));
#8875 = CARTESIAN_POINT('',(15.366713620209,-300.8424424936,
    254.56853037948));
#8876 = CARTESIAN_POINT('',(15.344410392413,-300.8243538095,
    254.58128390116));
#8877 = CARTESIAN_POINT('',(15.333258186695,-300.8153098493,
    254.58766034869));
#8878 = CARTESIAN_POINT('',(15.322105065802,-300.8062664897,
    254.59403630989));
#8879 = CARTESIAN_POINT('',(15.310950729274,-300.7972239067,
    254.60041162668));
#8880 = CARTESIAN_POINT('',(15.299794899632,-300.7881823097,
    254.60678615289));
#8881 = CARTESIAN_POINT('',(15.288637322464,-300.7791418311,
    254.61315974767));
#8882 = CARTESIAN_POINT('',(15.277477765766,-300.7701026495,
    254.61953229606));
#8883 = CARTESIAN_POINT('',(15.266316021421,-300.7610648832,
    254.62590368124));
#8884 = CARTESIAN_POINT('',(15.255151903177,-300.7520286591,
    254.63227380654));
#8885 = CARTESIAN_POINT('',(15.232818593972,-300.7339595068,
    254.64501136551));
#8886 = CARTESIAN_POINT('',(15.221649466576,-300.7249265318,
    254.65137883067));
#8887 = CARTESIAN_POINT('',(15.210477733108,-300.7158952648,
    254.65774491801));
#8888 = CARTESIAN_POINT('',(15.199303310692,-300.7068657134,
    254.66410956726));
#8889 = CARTESIAN_POINT('',(15.188126178304,-300.6978379638,
    254.67047279294));
#8890 = CARTESIAN_POINT('',(15.176946356843,-300.6888119184,
    254.67683457511));
#8891 = CARTESIAN_POINT('',(15.165763932161,-300.6797875958,
    254.68319498885));
#8892 = CARTESIAN_POINT('',(15.154579031524,-300.6707648629,
    254.68955407891));
#8893 = CARTESIAN_POINT('',(15.143391840266,-300.6617436249,
    254.69591195794));
#8894 = CARTESIAN_POINT('',(15.121013341732,-300.6437038194,
    254.70862552701));
#8895 = CARTESIAN_POINT('',(15.109821869048,-300.6346853581,
    254.71498113336));
#8896 = CARTESIAN_POINT('',(15.098629057161,-300.6256677769,
    254.72133602234));
#8897 = CARTESIAN_POINT('',(15.087433268954,-300.6166521048,
    254.72768934312));
#8898 = CARTESIAN_POINT('',(15.076235216761,-300.6076379431,
    254.7340414451));
#8899 = CARTESIAN_POINT('',(15.06503713757,-300.5986237505,
    254.74039355005));
#8900 = CARTESIAN_POINT('',(15.053839983669,-300.5896090009,
    254.74674613346));
#8901 = CARTESIAN_POINT('',(15.042642187163,-300.5805946378,
    254.75309838234));
#8902 = CARTESIAN_POINT('',(15.031443736955,-300.5715807164,
    254.75945028162));
#8903 = CARTESIAN_POINT('',(15.009074529744,-300.5535348737,
    254.7721687826));
#8904 = CARTESIAN_POINT('',(14.99790802541,-300.544500204,254.778537647)
  );
#8905 = CARTESIAN_POINT('',(14.986768303536,-300.5354481292,
    254.78492071318));
#8906 = CARTESIAN_POINT('',(14.975388192231,-300.5265521772,
    254.79117618974));
#8907 = CARTESIAN_POINT('',(14.964511786786,-300.5173291287,
    254.79769903582));
#8908 = CARTESIAN_POINT('',(14.952973554969,-300.5085358387,
    254.80387056005));
#8909 = CARTESIAN_POINT('',(14.94187524093,-300.4994569152,
    254.81027560181));
#8910 = CARTESIAN_POINT('',(14.930497440539,-300.490559468,
    254.81653228442));
#8911 = CARTESIAN_POINT('',(14.919142351578,-300.4816472841,
    254.82280100825));
#8912 = CARTESIAN_POINT('',(14.907716783754,-300.4727808794,
    254.82903231777));
#8913 = CARTESIAN_POINT('',(15.578122717526,-301.0420577312,
    254.48562455653));
#8914 = CARTESIAN_POINT('',(15.567746917659,-301.0325094394,
    254.49241328708));
#8915 = CARTESIAN_POINT('',(15.557173617421,-301.0230894369,
    254.49909713996));
#8916 = CARTESIAN_POINT('',(15.546425439932,-301.0137830387,
    254.50568813339));
#8917 = CARTESIAN_POINT('',(15.535448180485,-301.0046254335,
    254.51215747022));
#8918 = CARTESIAN_POINT('',(15.524480314125,-300.9954617482,
    254.51863180794));
#8919 = CARTESIAN_POINT('',(15.513105326317,-300.9865624997,
    254.5248899379));
#8920 = CARTESIAN_POINT('',(15.50188639172,-300.9775619021,
    254.53123094801));
#8921 = CARTESIAN_POINT('',(15.490677777546,-300.9685545854,
    254.53757743337));
#8922 = CARTESIAN_POINT('',(15.479452678952,-300.9595579834,
    254.54391516784));
#8923 = CARTESIAN_POINT('',(15.457017286002,-300.9415551573,
    254.55659849864));
#8924 = CARTESIAN_POINT('',(15.445802405341,-300.9325519151,
    254.56294165993));
#8925 = CARTESIAN_POINT('',(15.434589489538,-300.9235473954,
    254.56928586564));
#8926 = CARTESIAN_POINT('',(15.423378292058,-300.9145417597,
    254.57563098416));
#8927 = CARTESIAN_POINT('',(15.412168780007,-300.9055350268,
    254.58197699879));
#8928 = CARTESIAN_POINT('',(15.400960866251,-300.8965272573,
    254.58832386336));
#8929 = CARTESIAN_POINT('',(15.389754272303,-300.8875186275,
    254.59467142896));
#8930 = CARTESIAN_POINT('',(15.37854851264,-300.8785094561,
    254.60101943927));
#8931 = CARTESIAN_POINT('',(15.367343009435,-300.8695001171,
    254.60736758638));
#8932 = CARTESIAN_POINT('',(15.344931651943,-300.8514816652,
    254.62006369645));
#8933 = CARTESIAN_POINT('',(15.333725883926,-300.8424724968,
    254.62641170493));
#8934 = CARTESIAN_POINT('',(15.322519470517,-300.8334637455,
    254.6327593722));
#8935 = CARTESIAN_POINT('',(15.311311900661,-300.8244557468,
    254.63910642579));
#8936 = CARTESIAN_POINT('',(15.300102708587,-300.8154487982,
    254.64545261926));
#8937 = CARTESIAN_POINT('',(15.288891473416,-300.8064431784,
    254.6517977291));
#8938 = CARTESIAN_POINT('',(15.277677819783,-300.7974391273,
    254.65814155526));
#8939 = CARTESIAN_POINT('',(15.266461417009,-300.7884368614,
    254.66448392267));
#8940 = CARTESIAN_POINT('',(15.25524197998,-300.7794365661,
    254.67082467993));
#8941 = CARTESIAN_POINT('',(15.232796556859,-300.7614402273,
    254.68350271814));
#8942 = CARTESIAN_POINT('',(15.221570616965,-300.7524441555,
    254.68984002428));
#8943 = CARTESIAN_POINT('',(15.210341269566,-300.7434502922,
    254.69617552039));
#8944 = CARTESIAN_POINT('',(15.199108427291,-300.7344587069,
    254.7025091641));
#8945 = CARTESIAN_POINT('',(15.187872091127,-300.725469379,
    254.70884094948));
#8946 = CARTESIAN_POINT('',(15.17663235589,-300.7164822702,
    254.71517093443));
#8947 = CARTESIAN_POINT('',(15.165389403489,-300.7074972417,
    254.72149920826));
#8948 = CARTESIAN_POINT('',(15.15414350944,-300.6985141289,
    254.72782592274));
#8949 = CARTESIAN_POINT('',(15.142895037917,-300.689532688,
    254.73415126768));
#8950 = CARTESIAN_POINT('',(15.120393851398,-300.6715725629,
    254.74679970565));
#8951 = CARTESIAN_POINT('',(15.109141599112,-300.6625935784,
    254.7531230434));
#8952 = CARTESIAN_POINT('',(15.097887680423,-300.6536156738,
    254.75944549783));
#8953 = CARTESIAN_POINT('',(15.08663197366,-300.6446389363,
    254.76576700033));
#8954 = CARTESIAN_POINT('',(15.075375225575,-300.6356628658,
    254.7720879533));
#8955 = CARTESIAN_POINT('',(15.064118830519,-300.6266865775,
    254.77840909017));
#8956 = CARTESIAN_POINT('',(15.05286418945,-300.6177091396,
    254.78473116061));
#8957 = CARTESIAN_POINT('',(15.041612474575,-300.6087298087,
    254.79105478318));
#8958 = CARTESIAN_POINT('',(15.030365575544,-300.5997473462,
    254.79738096257));
#8959 = CARTESIAN_POINT('',(15.007892526347,-300.5817689483,
    254.81004433725));
#8960 = CARTESIAN_POINT('',(14.996666960418,-300.5727726295,
    254.81638184113));
#8961 = CARTESIAN_POINT('',(14.985456098809,-300.5637667687,
    254.82272715644));
#8962 = CARTESIAN_POINT('',(14.974258973556,-300.5547519699,
    254.82907975318));
#8963 = CARTESIAN_POINT('',(14.96301425619,-300.5457681085,
    254.83540709729));
#8964 = CARTESIAN_POINT('',(14.951770642944,-300.5367835025,
    254.84173500719));
#8965 = CARTESIAN_POINT('',(14.940472020823,-300.5278346506,
    254.84803372722));
#8966 = CARTESIAN_POINT('',(14.929141130351,-300.5189067418,
    254.85431530203));
#8967 = CARTESIAN_POINT('',(14.91776339799,-300.510009266,254.8605720117
    ));
#8968 = CARTESIAN_POINT('',(14.906328433481,-300.5011489612,
    254.86679833179));
#8969 = CARTESIAN_POINT('',(15.580003185429,-301.0683026756,
    254.52512611473));
#8970 = CARTESIAN_POINT('',(15.569547263968,-301.0588064308,
    254.53187229629));
#8971 = CARTESIAN_POINT('',(15.558899276356,-301.0494349479,
    254.53851648737));
#8972 = CARTESIAN_POINT('',(15.548056816085,-301.0401897905,
    254.5450574093));
#8973 = CARTESIAN_POINT('',(15.537072349616,-301.0310368777,
    254.55152292307));
#8974 = CARTESIAN_POINT('',(15.525921875491,-301.0219918006,
    254.55790028242));
#8975 = CARTESIAN_POINT('',(15.514628910754,-301.0130392837,
    254.56420197518));
#8976 = CARTESIAN_POINT('',(15.503308218202,-301.0041047778,
    254.57048894429));
#8977 = CARTESIAN_POINT('',(15.492042192123,-300.9951347604,
    254.57680494409));
#8978 = CARTESIAN_POINT('',(15.480751323713,-300.9861808795,
    254.58310775269));
#8979 = CARTESIAN_POINT('',(15.458186019161,-300.9682624418,
    254.59572209799));
#8980 = CARTESIAN_POINT('',(15.446906788168,-300.9593009997,
    254.60203108846));
#8981 = CARTESIAN_POINT('',(15.435630939455,-300.9503373596,
    254.60834187609));
#8982 = CARTESIAN_POINT('',(15.424358332526,-300.9413716127,
    254.61465438638));
#8983 = CARTESIAN_POINT('',(15.413088725336,-300.9324039162,
    254.62096849086));
#8984 = CARTESIAN_POINT('',(15.401821774375,-300.9234344931,
    254.62728400715));
#8985 = CARTESIAN_POINT('',(15.390557034572,-300.9144636327,
    254.63360069897));
#8986 = CARTESIAN_POINT('',(15.379293959383,-300.9054916897,
    254.63991827613));
#8987 = CARTESIAN_POINT('',(15.368031900726,-300.8965190852,
    254.64623639451));
#8988 = CARTESIAN_POINT('',(15.345508317316,-300.8785735271,
    254.65887291767));
#8989 = CARTESIAN_POINT('',(15.334246944541,-300.8696004746,
    254.66519140308));
#8990 = CARTESIAN_POINT('',(15.322985242019,-300.8606276354,
    254.67150971506));
#8991 = CARTESIAN_POINT('',(15.311722525088,-300.8516554533,
    254.67782748936));
#8992 = CARTESIAN_POINT('',(15.300458173269,-300.8426843329,
    254.68414439759));
#8993 = CARTESIAN_POINT('',(15.289191629999,-300.8337146338,
    254.69046014281));
#8994 = CARTESIAN_POINT('',(15.277922402956,-300.8247466777,
    254.69677446486));
#8995 = CARTESIAN_POINT('',(15.26665006375,-300.8157807416,
    254.70308713522));
#8996 = CARTESIAN_POINT('',(15.255374248155,-300.8068170629,
    254.70939796098));
#8997 = CARTESIAN_POINT('',(15.232815063787,-300.7888946097,
    254.72201560384));
#8998 = CARTESIAN_POINT('',(15.221531762334,-300.7799357916,
    254.72832245679));
#8999 = CARTESIAN_POINT('',(15.210244524962,-300.7709795291,
    254.73462722064));
#9000 = CARTESIAN_POINT('',(15.19895325369,-300.7620258865,
    254.7409298437));
#9001 = CARTESIAN_POINT('',(15.187657979139,-300.753074843,
    254.74723034144));
#9002 = CARTESIAN_POINT('',(15.176358860621,-300.7441262964,
    254.75352879917));
#9003 = CARTESIAN_POINT('',(15.165056186051,-300.7351800587,
    254.75982536892));
#9004 = CARTESIAN_POINT('',(15.153750372014,-300.7262358601,
    254.7661202723));
#9005 = CARTESIAN_POINT('',(15.142441963725,-300.7172933462,
    254.77241379842));
#9006 = CARTESIAN_POINT('',(15.119821306367,-300.6994108128,
    254.78499881173));
#9007 = CARTESIAN_POINT('',(15.108509581251,-300.690470453,
    254.79129057708));
#9008 = CARTESIAN_POINT('',(15.097196457832,-300.6815310013,254.7975816)
  );
#9009 = CARTESIAN_POINT('',(15.085882455242,-300.6725921209,
    254.8038721562));
#9010 = CARTESIAN_POINT('',(15.07456861353,-300.6636531358,
    254.81016279756));
#9011 = CARTESIAN_POINT('',(15.063256493781,-300.6547130327,
    254.81645435309));
#9012 = CARTESIAN_POINT('',(15.051948177982,-300.6457704589,
    254.8227479279));
#9013 = CARTESIAN_POINT('',(15.040646269142,-300.6368237242,
    254.82904490403));
#9014 = CARTESIAN_POINT('',(15.029353891205,-300.6278707994,
    254.83534693997));
#9015 = CARTESIAN_POINT('',(15.006795486993,-300.6099478351,
    254.8479650017));
#9016 = CARTESIAN_POINT('',(14.995530094087,-300.6009773843,
    254.85428136382));
#9017 = CARTESIAN_POINT('',(14.984281509884,-300.5919960166,
    254.86060664929));
#9018 = CARTESIAN_POINT('',(14.97303818527,-300.5830112339,
    254.86693472657));
#9019 = CARTESIAN_POINT('',(14.961784240635,-300.5740333494,
    254.87325716376));
#9020 = CARTESIAN_POINT('',(14.95050600927,-300.5650712409,
    254.87956670554));
#9021 = CARTESIAN_POINT('',(14.939194905462,-300.5561304838,
    254.88585879263));
#9022 = CARTESIAN_POINT('',(14.927846617964,-300.5472138791,
    254.8921311366));
#9023 = CARTESIAN_POINT('',(14.916456628199,-300.5383243611,
    254.8983813381));
#9024 = CARTESIAN_POINT('',(14.905012053694,-300.5294702974,
    254.90460255747));
#9025 = DEFINITIONAL_REPRESENTATION('',(#9026),#9036);
#9026 = B_SPLINE_CURVE_WITH_KNOTS('',8,(#9027,#9028,#9029,#9030,#9031,
    #9032,#9033,#9034,#9035),.UNSPECIFIED.,.F.,.F.,(9,9),(0.,
    2.255137091576),.PIECEWISE_BEZIER_KNOTS.);
#9027 = CARTESIAN_POINT('',(-0.976918816176,0.479464582132));
#9028 = CARTESIAN_POINT('',(-0.695241038894,0.468880162508));
#9029 = CARTESIAN_POINT('',(-0.413566542076,0.458295866152));
#9030 = CARTESIAN_POINT('',(-0.131883574132,0.447711251482));
#9031 = CARTESIAN_POINT('',(0.149785864893,0.437127145179));
#9032 = CARTESIAN_POINT('',(0.431469873133,0.426542491418));
#9033 = CARTESIAN_POINT('',(0.713143109934,0.415958242408));
#9034 = CARTESIAN_POINT('',(0.994821682521,0.405373792899));
#9035 = CARTESIAN_POINT('',(1.276498628774,0.394789404502));
#9036 = ( GEOMETRIC_REPRESENTATION_CONTEXT(2) 
PARAMETRIC_REPRESENTATION_CONTEXT() REPRESENTATION_CONTEXT('2D SPACE',''
  ) );
#9037 = ORIENTED_EDGE('',*,*,#9038,.T.);
#9038 = EDGE_CURVE('',#5873,#5659,#9039,.T.);
#9039 = SURFACE_CURVE('',#9040,(#9044,#9051),.PCURVE_S1.);
#9040 = LINE('',#9041,#9042);
#9041 = CARTESIAN_POINT('',(15.5048199315,-300.5138646235,254.7287730521
    ));
#9042 = VECTOR('',#9043,1.);
#9043 = DIRECTION('',(-1.,2.628418675401E-11,-3.064104139678E-16));
#9044 = PCURVE('',#5835,#9045);
#9045 = DEFINITIONAL_REPRESENTATION('',(#9046),#9050);
#9046 = LINE('',#9047,#9048);
#9047 = CARTESIAN_POINT('',(-2.255137091582,0.49999999996));
#9048 = VECTOR('',#9049,1.);
#9049 = DIRECTION('',(1.629387353215E-11,-1.));
#9050 = ( GEOMETRIC_REPRESENTATION_CONTEXT(2) 
PARAMETRIC_REPRESENTATION_CONTEXT() REPRESENTATION_CONTEXT('2D SPACE',''
  ) );
#9051 = PCURVE('',#5678,#9052);
#9052 = DEFINITIONAL_REPRESENTATION('',(#9053),#9057);
#9053 = LINE('',#9054,#9055);
#9054 = CARTESIAN_POINT('',(0.978012825014,5.499600774783E-12));
#9055 = VECTOR('',#9056,1.);
#9056 = DIRECTION('',(0.,1.));
#9057 = ( GEOMETRIC_REPRESENTATION_CONTEXT(2) 
PARAMETRIC_REPRESENTATION_CONTEXT() REPRESENTATION_CONTEXT('2D SPACE',''
  ) );
#9058 = ORIENTED_EDGE('',*,*,#5822,.F.);
#9059 = ADVANCED_FACE('',(#9060),#5888,.F.);
#9060 = FACE_BOUND('',#9061,.F.);
#9061 = EDGE_LOOP('',(#9062,#9124,#9155,#9177,#9238));
#9062 = ORIENTED_EDGE('',*,*,#9063,.T.);
#9063 = EDGE_CURVE('',#5850,#9064,#9066,.T.);
#9064 = VERTEX_POINT('',#9065);
#9065 = CARTESIAN_POINT('',(15.50481993153,-299.2719063014,
    252.48417586647));
#9066 = SURFACE_CURVE('',#9067,(#9071,#9117),.PCURVE_S1.);
#9067 = LINE('',#9068,#9069);
#9068 = CARTESIAN_POINT('',(15.00481993154,-299.1158995009,
    252.95921468405));
#9069 = VECTOR('',#9070,1.);
#9070 = DIRECTION('',(0.707106781181,-0.220626933086,-0.671806338468));
#9071 = PCURVE('',#5888,#9072);
#9072 = DEFINITIONAL_REPRESENTATION('',(#9073),#9116);
#9073 = B_SPLINE_CURVE_WITH_KNOTS('',9,(#9074,#9075,#9076,#9077,#9078,
    #9079,#9080,#9081,#9082,#9083,#9084,#9085,#9086,#9087,#9088,#9089,
    #9090,#9091,#9092,#9093,#9094,#9095,#9096,#9097,#9098,#9099,#9100,
    #9101,#9102,#9103,#9104,#9105,#9106,#9107,#9108,#9109,#9110,#9111,
    #9112,#9113,#9114,#9115),.UNSPECIFIED.,.F.,.F.,(10,8,8,8,8,10),(0.,
    0.176776695297,0.353553390593,0.53033008589,0.618718433538,
    0.707106781187),.UNSPECIFIED.);
#9074 = CARTESIAN_POINT('',(-0.976918816176,0.479464582132));
#9075 = CARTESIAN_POINT('',(-0.985282457357,0.4619702614));
#9076 = CARTESIAN_POINT('',(-0.993651678658,0.444464268668));
#9077 = CARTESIAN_POINT('',(-1.002005597777,0.426990283679));
#9078 = CARTESIAN_POINT('',(-1.010385355405,0.409462251998));
#9079 = CARTESIAN_POINT('',(-1.018735582111,0.39199599047));
#9080 = CARTESIAN_POINT('',(-1.027109321285,0.374480547654));
#9081 = CARTESIAN_POINT('',(-1.035470256323,0.356991887389));
#9082 = CARTESIAN_POINT('',(-1.043835543161,0.339494124418));
#9083 = CARTESIAN_POINT('',(-1.060564727863,0.304501503808));
#9084 = CARTESIAN_POINT('',(-1.068929317355,0.287005199482));
#9085 = CARTESIAN_POINT('',(-1.077293904821,0.269508899394));
#9086 = CARTESIAN_POINT('',(-1.085658491094,0.252012601803));
#9087 = CARTESIAN_POINT('',(-1.094023077005,0.234516304967));
#9088 = CARTESIAN_POINT('',(-1.102387663387,0.217020007146));
#9089 = CARTESIAN_POINT('',(-1.110752251073,0.199523706599));
#9090 = CARTESIAN_POINT('',(-1.119116840895,0.182027401583));
#9091 = CARTESIAN_POINT('',(-1.135846026476,0.147034779135));
#9092 = CARTESIAN_POINT('',(-1.144210619282,0.129538467877));
#9093 = CARTESIAN_POINT('',(-1.152575211704,0.112042157424));
#9094 = CARTESIAN_POINT('',(-1.160939803341,9.454584861059E-02));
#9095 = CARTESIAN_POINT('',(-1.169304393794,7.704954227537E-02));
#9096 = CARTESIAN_POINT('',(-1.177668982662,5.955323925496E-02));
#9097 = CARTESIAN_POINT('',(-1.186033569545,4.205694038624E-02));
#9098 = CARTESIAN_POINT('',(-1.194398154044,2.456064650624E-02));
#9099 = CARTESIAN_POINT('',(-1.206945026613,-1.683785575208E-03));
#9100 = CARTESIAN_POINT('',(-1.211127316745,-1.043192808656E-02));
#9101 = CARTESIAN_POINT('',(-1.215309606772,-1.918007037768E-02));
#9102 = CARTESIAN_POINT('',(-1.219491897313,-2.79282137441E-02));
#9103 = CARTESIAN_POINT('',(-1.223674188987,-3.667635948141E-02));
#9104 = CARTESIAN_POINT('',(-1.227856482414,-4.542450888513E-02));
#9105 = CARTESIAN_POINT('',(-1.232038778213,-5.417266325085E-02));
#9106 = CARTESIAN_POINT('',(-1.236221077004,-6.29208238741E-02));
#9107 = CARTESIAN_POINT('',(-1.244585681807,-8.04171602268E-02));
#9108 = CARTESIAN_POINT('',(-1.2487672461,-8.916378449206E-02));
#9109 = CARTESIAN_POINT('',(-1.252950908598,-9.791479759595E-02));
#9110 = CARTESIAN_POINT('',(-1.257133663233,-0.106663911715));
#9111 = CARTESIAN_POINT('',(-1.261314716552,-0.11540946717));
#9112 = CARTESIAN_POINT('',(-1.265496018521,-0.124155542731));
#9113 = CARTESIAN_POINT('',(-1.269679200104,-0.1329055499));
#9114 = CARTESIAN_POINT('',(-1.273862848528,-0.141656533566));
#9115 = CARTESIAN_POINT('',(-1.278044051195,-0.150402401414));
#9116 = ( GEOMETRIC_REPRESENTATION_CONTEXT(2) 
PARAMETRIC_REPRESENTATION_CONTEXT() REPRESENTATION_CONTEXT('2D SPACE',''
  ) );
#9117 = PCURVE('',#925,#9118);
#9118 = DEFINITIONAL_REPRESENTATION('',(#9119),#9123);
#9119 = LINE('',#9120,#9121);
#9120 = CARTESIAN_POINT('',(0.29292429138,0.499999999999));
#9121 = VECTOR('',#9122,1.);
#9122 = DIRECTION('',(1.681987882306E-13,-1.));
#9123 = ( GEOMETRIC_REPRESENTATION_CONTEXT(2) 
PARAMETRIC_REPRESENTATION_CONTEXT() REPRESENTATION_CONTEXT('2D SPACE',''
  ) );
#9124 = ORIENTED_EDGE('',*,*,#9125,.T.);
#9125 = EDGE_CURVE('',#9064,#9126,#9128,.T.);
#9126 = VERTEX_POINT('',#9127);
#9127 = CARTESIAN_POINT('',(15.50481993151,-300.0680340201,
    253.10187078719));
#9128 = SURFACE_CURVE('',#9129,(#9134,#9144),.PCURVE_S1.);
#9129 = CIRCLE('',#9130,1.5);
#9130 = AXIS2_PLACEMENT_3D('',#9131,#9132,#9133);
#9131 = CARTESIAN_POINT('',(15.50481993155,-298.8038859,253.9092923192)
  );
#9132 = DIRECTION('',(-1.,2.628418675401E-11,-3.064104139655E-16));
#9133 = DIRECTION('',(-6.406334439457E-13,-2.438499502551E-02,
    -0.999702641798));
#9134 = PCURVE('',#5888,#9135);
#9135 = DEFINITIONAL_REPRESENTATION('',(#9136),#9143);
#9136 = B_SPLINE_CURVE_WITH_KNOTS('',5,(#9137,#9138,#9139,#9140,#9141,
    #9142),.UNSPECIFIED.,.F.,.F.,(6,6),(0.292924291375,0.978012825016),
  .PIECEWISE_BEZIER_KNOTS.);
#9137 = CARTESIAN_POINT('',(-1.278044051195,-0.150402401416));
#9138 = CARTESIAN_POINT('',(-1.109293661644,-0.243741032093));
#9139 = CARTESIAN_POINT('',(-0.920482984906,-0.31533403649));
#9140 = CARTESIAN_POINT('',(-0.71820231536,-0.361508310639));
#9141 = CARTESIAN_POINT('',(-0.510659199338,-0.380390331503));
#9142 = CARTESIAN_POINT('',(-0.305869728062,-0.372319027547));
#9143 = ( GEOMETRIC_REPRESENTATION_CONTEXT(2) 
PARAMETRIC_REPRESENTATION_CONTEXT() REPRESENTATION_CONTEXT('2D SPACE',''
  ) );
#9144 = PCURVE('',#951,#9145);
#9145 = DEFINITIONAL_REPRESENTATION('',(#9146),#9154);
#9146 = ( BOUNDED_CURVE() B_SPLINE_CURVE(2,(#9147,#9148,#9149,#9150,
#9151,#9152,#9153),.UNSPECIFIED.,.T.,.F.) B_SPLINE_CURVE_WITH_KNOTS((1,2
    ,2,2,2,1),(-2.094395102393,0.,2.094395102393,4.188790204786,
6.28318530718,8.377580409573),.UNSPECIFIED.) CURVE() 
GEOMETRIC_REPRESENTATION_ITEM() RATIONAL_B_SPLINE_CURVE((1.,0.5,1.,0.5,
1.,0.5,1.)) REPRESENTATION_ITEM('') );
#9147 = CARTESIAN_POINT('',(1.88646897828,2.310025462041));
#9148 = CARTESIAN_POINT('',(1.88646897828,-0.288050749312));
#9149 = CARTESIAN_POINT('',(-0.36353102172,1.010987356365));
#9150 = CARTESIAN_POINT('',(-2.61353102172,2.310025462041));
#9151 = CARTESIAN_POINT('',(-0.36353102172,3.609063567718));
#9152 = CARTESIAN_POINT('',(1.88646897828,4.908101673394));
#9153 = CARTESIAN_POINT('',(1.88646897828,2.310025462041));
#9154 = ( GEOMETRIC_REPRESENTATION_CONTEXT(2) 
PARAMETRIC_REPRESENTATION_CONTEXT() REPRESENTATION_CONTEXT('2D SPACE',''
  ) );
#9155 = ORIENTED_EDGE('',*,*,#9156,.T.);
#9156 = EDGE_CURVE('',#9126,#9157,#9159,.T.);
#9157 = VERTEX_POINT('',#9158);
#9158 = CARTESIAN_POINT('',(15.50481993149,-300.9352473302,
    254.45963254143));
#9159 = SURFACE_CURVE('',#9160,(#9164,#9170),.PCURVE_S1.);
#9160 = LINE('',#9161,#9162);
#9161 = CARTESIAN_POINT('',(15.50481993149,-300.9352473302,
    254.45963254143));
#9162 = VECTOR('',#9163,1.);
#9163 = DIRECTION('',(-1.41484963415E-11,-0.538281021336,0.842765413427)
  );
#9164 = PCURVE('',#5888,#9165);
#9165 = DEFINITIONAL_REPRESENTATION('',(#9166),#9169);
#9166 = B_SPLINE_CURVE_WITH_KNOTS('',1,(#9167,#9168),.UNSPECIFIED.,.F.,
  .F.,(2,2),(-1.611079112414,0.),.PIECEWISE_BEZIER_KNOTS.);
#9167 = CARTESIAN_POINT('',(-0.305869728062,-0.372319027543));
#9168 = CARTESIAN_POINT('',(1.299431501461,-0.309049787751));
#9169 = ( GEOMETRIC_REPRESENTATION_CONTEXT(2) 
PARAMETRIC_REPRESENTATION_CONTEXT() REPRESENTATION_CONTEXT('2D SPACE',''
  ) );
#9170 = PCURVE('',#951,#9171);
#9171 = DEFINITIONAL_REPRESENTATION('',(#9172),#9176);
#9172 = LINE('',#9173,#9174);
#9173 = CARTESIAN_POINT('',(-0.111734357898,0.165877766043));
#9174 = VECTOR('',#9175,1.);
#9175 = DIRECTION('',(-0.829388830192,-0.558671789474));
#9176 = ( GEOMETRIC_REPRESENTATION_CONTEXT(2) 
PARAMETRIC_REPRESENTATION_CONTEXT() REPRESENTATION_CONTEXT('2D SPACE',''
  ) );
#9177 = ORIENTED_EDGE('',*,*,#9178,.T.);
#9178 = EDGE_CURVE('',#9157,#5873,#9179,.T.);
#9179 = SURFACE_CURVE('',#9180,(#9184,#9226),.PCURVE_S1.);
#9180 = LINE('',#9181,#9182);
#9181 = CARTESIAN_POINT('',(15.50481993149,-300.9352473302,
    254.45963254143));
#9182 = VECTOR('',#9183,1.);
#9183 = DIRECTION('',(-0.707106781171,0.595925138802,0.380622160371));
#9184 = PCURVE('',#5888,#9185);
#9185 = DEFINITIONAL_REPRESENTATION('',(#9186),#9225);
#9186 = B_SPLINE_CURVE_WITH_KNOTS('',10,(#9187,#9188,#9189,#9190,#9191,
    #9192,#9193,#9194,#9195,#9196,#9197,#9198,#9199,#9200,#9201,#9202,
    #9203,#9204,#9205,#9206,#9207,#9208,#9209,#9210,#9211,#9212,#9213,
    #9214,#9215,#9216,#9217,#9218,#9219,#9220,#9221,#9222,#9223,#9224),
  .UNSPECIFIED.,.F.,.F.,(11,9,9,9,11),(0.,0.176776695296,0.353553390592,
    0.530330085888,0.707106781184),.UNSPECIFIED.);
#9187 = CARTESIAN_POINT('',(1.299431501461,-0.309049787751));
#9188 = CARTESIAN_POINT('',(1.298858146648,-0.291452795246));
#9189 = CARTESIAN_POINT('',(1.298284992363,-0.273861957224));
#9190 = CARTESIAN_POINT('',(1.297711289974,-0.256254297181));
#9191 = CARTESIAN_POINT('',(1.297138482176,-0.238674093301));
#9192 = CARTESIAN_POINT('',(1.296564707673,-0.221064219989));
#9193 = CARTESIAN_POINT('',(1.29599164876,-0.203476309054));
#9194 = CARTESIAN_POINT('',(1.295418232675,-0.185877436049));
#9195 = CARTESIAN_POINT('',(1.294844927659,-0.168281971909));
#9196 = CARTESIAN_POINT('',(1.294271605566,-0.150685983621));
#9197 = CARTESIAN_POINT('',(1.293124962116,-0.115494029681));
#9198 = CARTESIAN_POINT('',(1.292551640352,-9.789805152321E-02));
#9199 = CARTESIAN_POINT('',(1.291978318552,-8.030207224515E-02));
#9200 = CARTESIAN_POINT('',(1.291404996718,-6.270609191466E-02));
#9201 = CARTESIAN_POINT('',(1.290831674852,-4.511011059944E-02));
#9202 = CARTESIAN_POINT('',(1.290258352955,-2.751412836733E-02));
#9203 = CARTESIAN_POINT('',(1.289685031031,-9.918145285998E-03));
#9204 = CARTESIAN_POINT('',(1.289111709082,7.677838576744E-03));
#9205 = CARTESIAN_POINT('',(1.288538387109,2.527382315317E-02));
#9206 = CARTESIAN_POINT('',(1.287391743121,6.046579359785E-02));
#9207 = CARTESIAN_POINT('',(1.286818421214,7.80617761772E-02));
#9208 = CARTESIAN_POINT('',(1.286245099366,9.5657756912E-02));
#9209 = CARTESIAN_POINT('',(1.285671777553,0.113253736601));
#9210 = CARTESIAN_POINT('',(1.285098455747,0.130849716041));
#9211 = CARTESIAN_POINT('',(1.284525133924,0.148445696033));
#9212 = CARTESIAN_POINT('',(1.283951812057,0.166041677373));
#9213 = CARTESIAN_POINT('',(1.283378490119,0.183637660861));
#9214 = CARTESIAN_POINT('',(1.282805168086,0.201233647295));
#9215 = CARTESIAN_POINT('',(1.281658523776,0.236425627651));
#9216 = CARTESIAN_POINT('',(1.281085205438,0.254021500657));
#9217 = CARTESIAN_POINT('',(1.280511867455,0.271617976622));
#9218 = CARTESIAN_POINT('',(1.279938560922,0.289213487302));
#9219 = CARTESIAN_POINT('',(1.279365251176,0.306809096667));
#9220 = CARTESIAN_POINT('',(1.278791913407,0.32440556601));
#9221 = CARTESIAN_POINT('',(1.278218584998,0.342001748148));
#9222 = CARTESIAN_POINT('',(1.277645287564,0.359596979594));
#9223 = CARTESIAN_POINT('',(1.277071944092,0.377193624005));
#9224 = CARTESIAN_POINT('',(1.276498628769,0.394789404502));
#9225 = ( GEOMETRIC_REPRESENTATION_CONTEXT(2) 
PARAMETRIC_REPRESENTATION_CONTEXT() REPRESENTATION_CONTEXT('2D SPACE',''
  ) );
#9226 = PCURVE('',#9227,#9232);
#9227 = CONICAL_SURFACE('',#9228,0.2,0.785398163397);
#9228 = AXIS2_PLACEMENT_3D('',#9229,#9230,#9231);
#9229 = CARTESIAN_POINT('',(15.50481993149,-301.1038004129,
    254.35197633716));
#9230 = DIRECTION('',(-1.,2.628418675401E-11,-3.064104139678E-16));
#9231 = DIRECTION('',(6.406334439457E-13,2.438499502551E-02,
    0.999702641798));
#9232 = DEFINITIONAL_REPRESENTATION('',(#9233),#9237);
#9233 = LINE('',#9234,#9235);
#9234 = CARTESIAN_POINT('',(0.97801282502,4.884356807901E-12));
#9235 = VECTOR('',#9236,1.);
#9236 = DIRECTION('',(-1.504352198372E-12,1.));
#9237 = ( GEOMETRIC_REPRESENTATION_CONTEXT(2) 
PARAMETRIC_REPRESENTATION_CONTEXT() REPRESENTATION_CONTEXT('2D SPACE',''
  ) );
#9238 = ORIENTED_EDGE('',*,*,#5872,.F.);
#9239 = ADVANCED_FACE('',(#9240),#9227,.T.);
#9240 = FACE_BOUND('',#9241,.T.);
#9241 = EDGE_LOOP('',(#9242,#9272,#9294,#9295));
#9242 = ORIENTED_EDGE('',*,*,#9243,.F.);
#9243 = EDGE_CURVE('',#9244,#9246,#9248,.T.);
#9244 = VERTEX_POINT('',#9245);
#9245 = CARTESIAN_POINT('',(15.50481993149,-301.0989234139,
    254.55191686552));
#9246 = VERTEX_POINT('',#9247);
#9247 = CARTESIAN_POINT('',(15.00481993149,-301.0867309164,
    255.05176818642));
#9248 = SURFACE_CURVE('',#9249,(#9253,#9260),.PCURVE_S1.);
#9249 = LINE('',#9250,#9251);
#9250 = CARTESIAN_POINT('',(15.50481993149,-301.0989234139,
    254.55191686552));
#9251 = VECTOR('',#9252,1.);
#9252 = DIRECTION('',(-0.707106781186,1.724279536054E-02,0.706896517185)
  );
#9253 = PCURVE('',#9227,#9254);
#9254 = DEFINITIONAL_REPRESENTATION('',(#9255),#9259);
#9255 = LINE('',#9256,#9257);
#9256 = CARTESIAN_POINT('',(0.,3.424760475213E-13));
#9257 = VECTOR('',#9258,1.);
#9258 = DIRECTION('',(0.,1.));
#9259 = ( GEOMETRIC_REPRESENTATION_CONTEXT(2) 
PARAMETRIC_REPRESENTATION_CONTEXT() REPRESENTATION_CONTEXT('2D SPACE',''
  ) );
#9260 = PCURVE('',#9261,#9266);
#9261 = CONICAL_SURFACE('',#9262,0.2,0.785398163397);
#9262 = AXIS2_PLACEMENT_3D('',#9263,#9264,#9265);
#9263 = CARTESIAN_POINT('',(15.50481993149,-301.1038004129,
    254.35197633716));
#9264 = DIRECTION('',(-1.,2.628418675401E-11,-3.064104139678E-16));
#9265 = DIRECTION('',(6.406334439457E-13,2.438499502551E-02,
    0.999702641798));
#9266 = DEFINITIONAL_REPRESENTATION('',(#9267),#9271);
#9267 = LINE('',#9268,#9269);
#9268 = CARTESIAN_POINT('',(6.28318530718,3.424760475213E-13));
#9269 = VECTOR('',#9270,1.);
#9270 = DIRECTION('',(0.,1.));
#9271 = ( GEOMETRIC_REPRESENTATION_CONTEXT(2) 
PARAMETRIC_REPRESENTATION_CONTEXT() REPRESENTATION_CONTEXT('2D SPACE',''
  ) );
#9272 = ORIENTED_EDGE('',*,*,#9273,.F.);
#9273 = EDGE_CURVE('',#9157,#9244,#9274,.T.);
#9274 = SURFACE_CURVE('',#9275,(#9280,#9287),.PCURVE_S1.);
#9275 = CIRCLE('',#9276,0.2);
#9276 = AXIS2_PLACEMENT_3D('',#9277,#9278,#9279);
#9277 = CARTESIAN_POINT('',(15.50481993149,-301.1038004129,
    254.35197633716));
#9278 = DIRECTION('',(1.,-2.628418675401E-11,3.064104139656E-16));
#9279 = DIRECTION('',(-6.406334439457E-13,-2.438499502551E-02,
    -0.999702641798));
#9280 = PCURVE('',#9227,#9281);
#9281 = DEFINITIONAL_REPRESENTATION('',(#9282),#9286);
#9282 = LINE('',#9283,#9284);
#9283 = CARTESIAN_POINT('',(3.14159265359,-5.922476097414E-15));
#9284 = VECTOR('',#9285,1.);
#9285 = DIRECTION('',(-1.,4.597489045853E-15));
#9286 = ( GEOMETRIC_REPRESENTATION_CONTEXT(2) 
PARAMETRIC_REPRESENTATION_CONTEXT() REPRESENTATION_CONTEXT('2D SPACE',''
  ) );
#9287 = PCURVE('',#951,#9288);
#9288 = DEFINITIONAL_REPRESENTATION('',(#9289),#9293);
#9289 = CIRCLE('',#9290,0.2);
#9290 = AXIS2_PLACEMENT_2D('',#9291,#9292);
#9291 = CARTESIAN_POINT('',(0.,0.));
#9292 = DIRECTION('',(1.,-1.68348082922E-23));
#9293 = ( GEOMETRIC_REPRESENTATION_CONTEXT(2) 
PARAMETRIC_REPRESENTATION_CONTEXT() REPRESENTATION_CONTEXT('2D SPACE',''
  ) );
#9294 = ORIENTED_EDGE('',*,*,#9178,.T.);
#9295 = ORIENTED_EDGE('',*,*,#9296,.F.);
#9296 = EDGE_CURVE('',#9246,#5873,#9297,.T.);
#9297 = SURFACE_CURVE('',#9298,(#9303,#9310),.PCURVE_S1.);
#9298 = CIRCLE('',#9299,0.7);
#9299 = AXIS2_PLACEMENT_3D('',#9300,#9301,#9302);
#9300 = CARTESIAN_POINT('',(15.00481993148,-301.1038004129,
    254.35197633716));
#9301 = DIRECTION('',(-1.,2.628418675401E-11,-3.064104139656E-16));
#9302 = DIRECTION('',(-6.406334439457E-13,-2.438499502551E-02,
    -0.999702641798));
#9303 = PCURVE('',#9227,#9304);
#9304 = DEFINITIONAL_REPRESENTATION('',(#9305),#9309);
#9305 = LINE('',#9306,#9307);
#9306 = CARTESIAN_POINT('',(-3.141592653593,0.500000000009));
#9307 = VECTOR('',#9308,1.);
#9308 = DIRECTION('',(1.,-1.321075809242E-12));
#9309 = ( GEOMETRIC_REPRESENTATION_CONTEXT(2) 
PARAMETRIC_REPRESENTATION_CONTEXT() REPRESENTATION_CONTEXT('2D SPACE',''
  ) );
#9310 = PCURVE('',#5678,#9311);
#9311 = DEFINITIONAL_REPRESENTATION('',(#9312),#9316);
#9312 = LINE('',#9313,#9314);
#9313 = CARTESIAN_POINT('',(-3.141592653593,0.50000000001));
#9314 = VECTOR('',#9315,1.);
#9315 = DIRECTION('',(1.,0.));
#9316 = ( GEOMETRIC_REPRESENTATION_CONTEXT(2) 
PARAMETRIC_REPRESENTATION_CONTEXT() REPRESENTATION_CONTEXT('2D SPACE',''
  ) );
#9317 = ADVANCED_FACE('',(#9318),#9261,.T.);
#9318 = FACE_BOUND('',#9319,.T.);
#9319 = EDGE_LOOP('',(#9320,#9344,#9345,#9369));
#9320 = ORIENTED_EDGE('',*,*,#9321,.F.);
#9321 = EDGE_CURVE('',#9244,#9322,#9324,.T.);
#9322 = VERTEX_POINT('',#9323);
#9323 = CARTESIAN_POINT('',(15.50481993148,-301.2669042121,
    254.46772239843));
#9324 = SURFACE_CURVE('',#9325,(#9330,#9337),.PCURVE_S1.);
#9325 = CIRCLE('',#9326,0.2);
#9326 = AXIS2_PLACEMENT_3D('',#9327,#9328,#9329);
#9327 = CARTESIAN_POINT('',(15.50481993149,-301.1038004129,
    254.35197633716));
#9328 = DIRECTION('',(1.,-2.628418675401E-11,3.064104139656E-16));
#9329 = DIRECTION('',(-6.406334439457E-13,-2.438499502551E-02,
    -0.999702641798));
#9330 = PCURVE('',#9261,#9331);
#9331 = DEFINITIONAL_REPRESENTATION('',(#9332),#9336);
#9332 = LINE('',#9333,#9334);
#9333 = CARTESIAN_POINT('',(9.424777960745,1.730292853154E-14));
#9334 = VECTOR('',#9335,1.);
#9335 = DIRECTION('',(-1.,-2.795386858183E-15));
#9336 = ( GEOMETRIC_REPRESENTATION_CONTEXT(2) 
PARAMETRIC_REPRESENTATION_CONTEXT() REPRESENTATION_CONTEXT('2D SPACE',''
  ) );
#9337 = PCURVE('',#951,#9338);
#9338 = DEFINITIONAL_REPRESENTATION('',(#9339),#9343);
#9339 = CIRCLE('',#9340,0.2);
#9340 = AXIS2_PLACEMENT_2D('',#9341,#9342);
#9341 = CARTESIAN_POINT('',(0.,0.));
#9342 = DIRECTION('',(1.,-1.68348082922E-23));
#9343 = ( GEOMETRIC_REPRESENTATION_CONTEXT(2) 
PARAMETRIC_REPRESENTATION_CONTEXT() REPRESENTATION_CONTEXT('2D SPACE',''
  ) );
#9344 = ORIENTED_EDGE('',*,*,#9243,.T.);
#9345 = ORIENTED_EDGE('',*,*,#9346,.F.);
#9346 = EDGE_CURVE('',#9347,#9246,#9349,.T.);
#9347 = VERTEX_POINT('',#9348);
#9348 = CARTESIAN_POINT('',(15.00481993147,-301.67466371,254.7570875516)
  );
#9349 = SURFACE_CURVE('',#9350,(#9355,#9362),.PCURVE_S1.);
#9350 = CIRCLE('',#9351,0.7);
#9351 = AXIS2_PLACEMENT_3D('',#9352,#9353,#9354);
#9352 = CARTESIAN_POINT('',(15.00481993148,-301.1038004129,
    254.35197633716));
#9353 = DIRECTION('',(-1.,2.628418675401E-11,-3.064104139656E-16));
#9354 = DIRECTION('',(-6.406334439457E-13,-2.438499502551E-02,
    -0.999702641798));
#9355 = PCURVE('',#9261,#9356);
#9356 = DEFINITIONAL_REPRESENTATION('',(#9357),#9361);
#9357 = LINE('',#9358,#9359);
#9358 = CARTESIAN_POINT('',(3.141592653587,0.500000000009));
#9359 = VECTOR('',#9360,1.);
#9360 = DIRECTION('',(1.,-1.337049444323E-12));
#9361 = ( GEOMETRIC_REPRESENTATION_CONTEXT(2) 
PARAMETRIC_REPRESENTATION_CONTEXT() REPRESENTATION_CONTEXT('2D SPACE',''
  ) );
#9362 = PCURVE('',#5708,#9363);
#9363 = DEFINITIONAL_REPRESENTATION('',(#9364),#9368);
#9364 = LINE('',#9365,#9366);
#9365 = CARTESIAN_POINT('',(3.141592653587,0.50000000001));
#9366 = VECTOR('',#9367,1.);
#9367 = DIRECTION('',(1.,0.));
#9368 = ( GEOMETRIC_REPRESENTATION_CONTEXT(2) 
PARAMETRIC_REPRESENTATION_CONTEXT() REPRESENTATION_CONTEXT('2D SPACE',''
  ) );
#9369 = ORIENTED_EDGE('',*,*,#9370,.F.);
#9370 = EDGE_CURVE('',#9322,#9347,#9371,.T.);
#9371 = SURFACE_CURVE('',#9372,(#9376,#9383),.PCURVE_S1.);
#9372 = LINE('',#9373,#9374);
#9373 = CARTESIAN_POINT('',(15.50481993148,-301.2669042121,
    254.46772239843));
#9374 = VECTOR('',#9375,1.);
#9375 = DIRECTION('',(-0.707106781202,-0.576659012107,0.409224124086));
#9376 = PCURVE('',#9261,#9377);
#9377 = DEFINITIONAL_REPRESENTATION('',(#9378),#9382);
#9378 = LINE('',#9379,#9380);
#9379 = CARTESIAN_POINT('',(5.305172482182,2.78825573741E-12));
#9380 = VECTOR('',#9381,1.);
#9381 = DIRECTION('',(-3.064570819336E-11,1.));
#9382 = ( GEOMETRIC_REPRESENTATION_CONTEXT(2) 
PARAMETRIC_REPRESENTATION_CONTEXT() REPRESENTATION_CONTEXT('2D SPACE',''
  ) );
#9383 = PCURVE('',#2398,#9384);
#9384 = DEFINITIONAL_REPRESENTATION('',(#9385),#9444);
#9385 = B_SPLINE_CURVE_WITH_KNOTS('',9,(#9386,#9387,#9388,#9389,#9390,
    #9391,#9392,#9393,#9394,#9395,#9396,#9397,#9398,#9399,#9400,#9401,
    #9402,#9403,#9404,#9405,#9406,#9407,#9408,#9409,#9410,#9411,#9412,
    #9413,#9414,#9415,#9416,#9417,#9418,#9419,#9420,#9421,#9422,#9423,
    #9424,#9425,#9426,#9427,#9428,#9429,#9430,#9431,#9432,#9433,#9434,
    #9435,#9436,#9437,#9438,#9439,#9440,#9441,#9442,#9443),
  .UNSPECIFIED.,.F.,.F.,(10,8,8,8,8,8,8,10),(0.,8.83883476482E-02,
    0.176776695296,0.265165042945,0.353553390593,0.530330085889,
    0.618718433537,0.707106781186),.UNSPECIFIED.);
#9386 = CARTESIAN_POINT('',(1.577102957828,0.695276239119));
#9387 = CARTESIAN_POINT('',(1.5689818481,0.699867306778));
#9388 = CARTESIAN_POINT('',(1.560863344295,0.704456901243));
#9389 = CARTESIAN_POINT('',(1.552741071201,0.709048626581));
#9390 = CARTESIAN_POINT('',(1.54457217839,0.713666707219));
#9391 = CARTESIAN_POINT('',(1.536494543775,0.718233197302));
#9392 = CARTESIAN_POINT('',(1.528329786482,0.722848940027));
#9393 = CARTESIAN_POINT('',(1.520216169932,0.727435771604));
#9394 = CARTESIAN_POINT('',(1.512086476997,0.732031691565));
#9395 = CARTESIAN_POINT('',(1.495832790236,0.741220309638));
#9396 = CARTESIAN_POINT('',(1.487706247166,0.745814448902));
#9397 = CARTESIAN_POINT('',(1.479579917367,0.750408467598));
#9398 = CARTESIAN_POINT('',(1.471453713802,0.755002414931));
#9399 = CARTESIAN_POINT('',(1.463327549431,0.759596340106));
#9400 = CARTESIAN_POINT('',(1.455201337217,0.764190292328));
#9401 = CARTESIAN_POINT('',(1.447074990121,0.768784320802));
#9402 = CARTESIAN_POINT('',(1.438948421106,0.773378474734));
#9403 = CARTESIAN_POINT('',(1.422694665157,0.78256713192));
#9404 = CARTESIAN_POINT('',(1.414565347729,0.787162839598));
#9405 = CARTESIAN_POINT('',(1.406446029969,0.791752894212));
#9406 = CARTESIAN_POINT('',(1.398313406166,0.796350471067));
#9407 = CARTESIAN_POINT('',(1.390184450021,0.800945974502));
#9408 = CARTESIAN_POINT('',(1.3820635168,0.805536942377));
#9409 = CARTESIAN_POINT('',(1.373933981277,0.81013277335));
#9410 = CARTESIAN_POINT('',(1.365807148508,0.814727076387));
#9411 = CARTESIAN_POINT('',(1.34955375884,0.823915526506));
#9412 = CARTESIAN_POINT('',(1.34142702451,0.828509773894));
#9413 = CARTESIAN_POINT('',(1.333300261065,0.833104037741));
#9414 = CARTESIAN_POINT('',(1.325173478884,0.837698312179));
#9415 = CARTESIAN_POINT('',(1.317046688349,0.842292591341));
#9416 = CARTESIAN_POINT('',(1.30891989984,0.846886869357));
#9417 = CARTESIAN_POINT('',(1.300793123738,0.85148114036));
#9418 = CARTESIAN_POINT('',(1.292666370421,0.856075398481));
#9419 = CARTESIAN_POINT('',(1.268286209975,0.869858116593));
#9420 = CARTESIAN_POINT('',(1.252032590631,0.879046696553));
#9421 = CARTESIAN_POINT('',(1.23577903935,0.888235238036));
#9422 = CARTESIAN_POINT('',(1.219525597467,0.897423717674));
#9423 = CARTESIAN_POINT('',(1.203272186343,0.906612179922));
#9424 = CARTESIAN_POINT('',(1.187018693162,0.91580068856));
#9425 = CARTESIAN_POINT('',(1.170765056724,0.924989278184));
#9426 = CARTESIAN_POINT('',(1.154511353246,0.934177905708));
#9427 = CARTESIAN_POINT('',(1.130131146607,0.947960649933));
#9428 = CARTESIAN_POINT('',(1.122005175291,0.952554465969));
#9429 = CARTESIAN_POINT('',(1.113876577808,0.957149766644));
#9430 = CARTESIAN_POINT('',(1.105750260719,0.961743778155));
#9431 = CARTESIAN_POINT('',(1.097625989726,0.966336632956));
#9432 = CARTESIAN_POINT('',(1.089499812923,0.97093056516));
#9433 = CARTESIAN_POINT('',(1.081370758109,0.975526124375));
#9434 = CARTESIAN_POINT('',(1.07324321714,0.980120827776));
#9435 = CARTESIAN_POINT('',(1.056987643468,0.989310512567));
#9436 = CARTESIAN_POINT('',(1.048862593159,0.993903807936));
#9437 = CARTESIAN_POINT('',(1.040721762935,0.998506024086));
#9438 = CARTESIAN_POINT('',(1.032632703299,1.003078973022));
#9439 = CARTESIAN_POINT('',(1.024457506122,1.007700617676));
#9440 = CARTESIAN_POINT('',(1.016373813237,1.012270532652));
#9441 = CARTESIAN_POINT('',(1.008243118387,1.016867019021));
#9442 = CARTESIAN_POINT('',(1.00010836923,1.021465797392));
#9443 = CARTESIAN_POINT('',(0.991976342717,1.026063036584));
#9444 = ( GEOMETRIC_REPRESENTATION_CONTEXT(2) 
PARAMETRIC_REPRESENTATION_CONTEXT() REPRESENTATION_CONTEXT('2D SPACE',''
  ) );
#9445 = ADVANCED_FACE('',(#9446),#5735,.F.);
#9446 = FACE_BOUND('',#9447,.T.);
#9447 = EDGE_LOOP('',(#9448,#9469,#9470,#9562));
#9448 = ORIENTED_EDGE('',*,*,#9449,.T.);
#9449 = EDGE_CURVE('',#9347,#5691,#9450,.T.);
#9450 = SURFACE_CURVE('',#9451,(#9455,#9462),.PCURVE_S1.);
#9451 = LINE('',#9452,#9453);
#9452 = CARTESIAN_POINT('',(15.50481993147,-301.67466371,254.7570875516)
  );
#9453 = VECTOR('',#9454,1.);
#9454 = DIRECTION('',(-1.,2.628418675401E-11,-3.064104139678E-16));
#9455 = PCURVE('',#5735,#9456);
#9456 = DEFINITIONAL_REPRESENTATION('',(#9457),#9461);
#9457 = LINE('',#9458,#9459);
#9458 = CARTESIAN_POINT('',(-4.511782981597E-12,-1.611079112419));
#9459 = VECTOR('',#9460,1.);
#9460 = DIRECTION('',(-1.,6.123075237453E-24));
#9461 = ( GEOMETRIC_REPRESENTATION_CONTEXT(2) 
PARAMETRIC_REPRESENTATION_CONTEXT() REPRESENTATION_CONTEXT('2D SPACE',''
  ) );
#9462 = PCURVE('',#5708,#9463);
#9463 = DEFINITIONAL_REPRESENTATION('',(#9464),#9468);
#9464 = LINE('',#9465,#9466);
#9465 = CARTESIAN_POINT('',(5.305172482168,5.002220859751E-12));
#9466 = VECTOR('',#9467,1.);
#9467 = DIRECTION('',(0.,1.));
#9468 = ( GEOMETRIC_REPRESENTATION_CONTEXT(2) 
PARAMETRIC_REPRESENTATION_CONTEXT() REPRESENTATION_CONTEXT('2D SPACE',''
  ) );
#9469 = ORIENTED_EDGE('',*,*,#5720,.T.);
#9470 = ORIENTED_EDGE('',*,*,#9471,.F.);
#9471 = EDGE_CURVE('',#9472,#5721,#9474,.T.);
#9472 = VERTEX_POINT('',#9473);
#9473 = CARTESIAN_POINT('',(15.00481993145,-302.6070440182,
    253.44322193166));
#9474 = SURFACE_CURVE('',#9475,(#9479,#9486),.PCURVE_S1.);
#9475 = LINE('',#9476,#9477);
#9476 = CARTESIAN_POINT('',(15.50481993145,-302.6070440182,
    253.44322193166));
#9477 = VECTOR('',#9478,1.);
#9478 = DIRECTION('',(-1.,2.628418675401E-11,-3.064104139678E-16));
#9479 = PCURVE('',#5735,#9480);
#9480 = DEFINITIONAL_REPRESENTATION('',(#9481),#9485);
#9481 = LINE('',#9482,#9483);
#9482 = CARTESIAN_POINT('',(0.,-0.));
#9483 = VECTOR('',#9484,1.);
#9484 = DIRECTION('',(-1.,6.11338171465E-24));
#9485 = ( GEOMETRIC_REPRESENTATION_CONTEXT(2) 
PARAMETRIC_REPRESENTATION_CONTEXT() REPRESENTATION_CONTEXT('2D SPACE',''
  ) );
#9486 = PCURVE('',#2398,#9487);
#9487 = DEFINITIONAL_REPRESENTATION('',(#9488),#9561);
#9488 = B_SPLINE_CURVE_WITH_KNOTS('',11,(#9489,#9490,#9491,#9492,#9493,
    #9494,#9495,#9496,#9497,#9498,#9499,#9500,#9501,#9502,#9503,#9504,
    #9505,#9506,#9507,#9508,#9509,#9510,#9511,#9512,#9513,#9514,#9515,
    #9516,#9517,#9518,#9519,#9520,#9521,#9522,#9523,#9524,#9525,#9526,
    #9527,#9528,#9529,#9530,#9531,#9532,#9533,#9534,#9535,#9536,#9537,
    #9538,#9539,#9540,#9541,#9542,#9543,#9544,#9545,#9546,#9547,#9548,
    #9549,#9550,#9551,#9552,#9553,#9554,#9555,#9556,#9557,#9558,#9559,
    #9560),.UNSPECIFIED.,.F.,.F.,(12,10,10,10,10,10,10,12),(0.5,0.63125,
    0.7625,1.025,1.55,2.075,2.3375,2.6),.UNSPECIFIED.);
#9489 = CARTESIAN_POINT('',(0.121807575924,-0.285833155682));
#9490 = CARTESIAN_POINT('',(0.113529252868,-0.278984953316));
#9491 = CARTESIAN_POINT('',(0.105258503148,-0.272143015956));
#9492 = CARTESIAN_POINT('',(9.698406021072E-02,-0.265298023401));
#9493 = CARTESIAN_POINT('',(8.87256446455E-02,-0.25846628941));
#9494 = CARTESIAN_POINT('',(8.044337715055E-02,-0.251614824027));
#9495 = CARTESIAN_POINT('',(7.213231591304E-02,-0.244739539161));
#9496 = CARTESIAN_POINT('',(6.385799485389E-02,-0.237894647428));
#9497 = CARTESIAN_POINT('',(5.556378579188E-02,-0.231033303442));
#9498 = CARTESIAN_POINT('',(4.730114863536E-02,-0.224198077161));
#9499 = CARTESIAN_POINT('',(3.903004516401E-02,-0.217355847162));
#9500 = CARTESIAN_POINT('',(2.249123617863E-02,-0.203674198108));
#9501 = CARTESIAN_POINT('',(1.422081461395E-02,-0.196832532213));
#9502 = CARTESIAN_POINT('',(5.94734047908E-03,-0.189988341094));
#9503 = CARTESIAN_POINT('',(-2.328551106618E-03,-0.183142150151));
#9504 = CARTESIAN_POINT('',(-1.060528579659E-02,-0.176295261754));
#9505 = CARTESIAN_POINT('',(-1.888153259423E-02,-0.169448776964));
#9506 = CARTESIAN_POINT('',(-2.715683761413E-02,-0.162603071254));
#9507 = CARTESIAN_POINT('',(-3.543170903104E-02,-0.155757724241));
#9508 = CARTESIAN_POINT('',(-4.370715321243E-02,-0.148911903411));
#9509 = CARTESIAN_POINT('',(-5.198366203862E-02,-0.142065201858));
#9510 = CARTESIAN_POINT('',(-7.681163014439E-02,-0.121526386358));
#9511 = CARTESIAN_POINT('',(-9.33633900325E-02,-0.107834023732));
#9512 = CARTESIAN_POINT('',(-0.10991500878,-9.414177786497E-02));
#9513 = CARTESIAN_POINT('',(-0.12646654995,-8.044959617375E-02));
#9514 = CARTESIAN_POINT('',(-0.143018062958,-6.675743777751E-02));
#9515 = CARTESIAN_POINT('',(-0.15956958308,-5.306527349885E-02));
#9516 = CARTESIAN_POINT('',(-0.176121131438,-3.937308585984E-02));
#9517 = CARTESIAN_POINT('',(-0.192672715016,-2.568086908647E-02));
#9518 = CARTESIAN_POINT('',(-0.209224326648,-1.198862910495E-02));
#9519 = CARTESIAN_POINT('',(-0.225775945025,1.703616455821E-03));
#9520 = CARTESIAN_POINT('',(-0.275430714023,4.278028188495E-02));
#9521 = CARTESIAN_POINT('',(-0.308534348856,7.016510231587E-02));
#9522 = CARTESIAN_POINT('',(-0.34163734962,9.754939821664E-02));
#9523 = CARTESIAN_POINT('',(-0.374740190969,0.124933562241));
#9524 = CARTESIAN_POINT('',(-0.40784334075,0.152317981416));
#9525 = CARTESIAN_POINT('',(-0.440946767559,0.179702629758));
#9526 = CARTESIAN_POINT('',(-0.474050121652,0.207087217949));
#9527 = CARTESIAN_POINT('',(-0.507153184241,0.234471564993));
#9528 = CARTESIAN_POINT('',(-0.540256179891,0.261855856663));
#9529 = CARTESIAN_POINT('',(-0.573359547048,0.28924045566));
#9530 = CARTESIAN_POINT('',(-0.639565975876,0.344009400943));
#9531 = CARTESIAN_POINT('',(-0.672667186942,0.371392216324));
#9532 = CARTESIAN_POINT('',(-0.705777340891,0.398782429662));
#9533 = CARTESIAN_POINT('',(-0.738870484119,0.426158570963));
#9534 = CARTESIAN_POINT('',(-0.771980369908,0.453548562467));
#9535 = CARTESIAN_POINT('',(-0.805085203457,0.480934374529));
#9536 = CARTESIAN_POINT('',(-0.838180800041,0.508312545359));
#9537 = CARTESIAN_POINT('',(-0.871290520843,0.535702400377));
#9538 = CARTESIAN_POINT('',(-0.904390582067,0.563084264557));
#9539 = CARTESIAN_POINT('',(-0.937494930083,0.590469674965));
#9540 = CARTESIAN_POINT('',(-0.987149627251,0.631546280974));
#9541 = CARTESIAN_POINT('',(-1.00370115144,0.645238448619));
#9542 = CARTESIAN_POINT('',(-1.020252710118,0.658930644794));
#9543 = CARTESIAN_POINT('',(-1.036804328865,0.67262289066));
#9544 = CARTESIAN_POINT('',(-1.053355996688,0.686315177126));
#9545 = CARTESIAN_POINT('',(-1.069907679875,0.7000074763));
#9546 = CARTESIAN_POINT('',(-1.086459335867,0.713699752978));
#9547 = CARTESIAN_POINT('',(-1.103010927111,0.727391976093));
#9548 = CARTESIAN_POINT('',(-1.119562434928,0.741084130194));
#9549 = CARTESIAN_POINT('',(-1.136113873376,0.75477622691));
#9550 = CARTESIAN_POINT('',(-1.169216732843,0.782160405922));
#9551 = CARTESIAN_POINT('',(-1.185766552032,0.795851163114));
#9552 = CARTESIAN_POINT('',(-1.20232589931,0.80954980237));
#9553 = CARTESIAN_POINT('',(-1.218868841385,0.823234870503));
#9554 = CARTESIAN_POINT('',(-1.23542217179,0.83692853233));
#9555 = CARTESIAN_POINT('',(-1.251985351449,0.850630341905));
#9556 = CARTESIAN_POINT('',(-1.26853147714,0.864318043669));
#9557 = CARTESIAN_POINT('',(-1.285065267526,0.877995541111));
#9558 = CARTESIAN_POINT('',(-1.301621695806,0.891691765641));
#9559 = CARTESIAN_POINT('',(-1.318179073251,0.905388775363));
#9560 = CARTESIAN_POINT('',(-1.334733098848,0.919083012285));
#9561 = ( GEOMETRIC_REPRESENTATION_CONTEXT(2) 
PARAMETRIC_REPRESENTATION_CONTEXT() REPRESENTATION_CONTEXT('2D SPACE',''
  ) );
#9562 = ORIENTED_EDGE('',*,*,#9563,.T.);
#9563 = EDGE_CURVE('',#9472,#9347,#9564,.T.);
#9564 = SURFACE_CURVE('',#9565,(#9569,#9576),.PCURVE_S1.);
#9565 = LINE('',#9566,#9567);
#9566 = CARTESIAN_POINT('',(15.00481993147,-301.67466371,254.7570875516)
  );
#9567 = VECTOR('',#9568,1.);
#9568 = DIRECTION('',(1.521124568538E-11,0.578730306333,0.815518995813)
  );
#9569 = PCURVE('',#5735,#9570);
#9570 = DEFINITIONAL_REPRESENTATION('',(#9571),#9575);
#9571 = LINE('',#9572,#9573);
#9572 = CARTESIAN_POINT('',(-0.500000000005,-1.611079112423));
#9573 = VECTOR('',#9574,1.);
#9574 = DIRECTION('',(4.011702500282E-17,-1.));
#9575 = ( GEOMETRIC_REPRESENTATION_CONTEXT(2) 
PARAMETRIC_REPRESENTATION_CONTEXT() REPRESENTATION_CONTEXT('2D SPACE',''
  ) );
#9576 = PCURVE('',#2398,#9577);
#9577 = DEFINITIONAL_REPRESENTATION('',(#9578),#9635);
#9578 = B_SPLINE_CURVE_WITH_KNOTS('',10,(#9579,#9580,#9581,#9582,#9583,
    #9584,#9585,#9586,#9587,#9588,#9589,#9590,#9591,#9592,#9593,#9594,
    #9595,#9596,#9597,#9598,#9599,#9600,#9601,#9602,#9603,#9604,#9605,
    #9606,#9607,#9608,#9609,#9610,#9611,#9612,#9613,#9614,#9615,#9616,
    #9617,#9618,#9619,#9620,#9621,#9622,#9623,#9624,#9625,#9626,#9627,
    #9628,#9629,#9630,#9631,#9632,#9633,#9634),.UNSPECIFIED.,.F.,.F.,(11
    ,9,9,9,9,9,11),(-1.611079112425,-1.510386667898,-1.409694223372,
    -1.208309334319,-0.805539556212,-0.402769778106,0.),.UNSPECIFIED.);
#9579 = CARTESIAN_POINT('',(0.121807575919,-0.28583315568));
#9580 = CARTESIAN_POINT('',(0.127269083875,-0.277599199504));
#9581 = CARTESIAN_POINT('',(0.132708232374,-0.26939895321));
#9582 = CARTESIAN_POINT('',(0.138136448867,-0.261215188382));
#9583 = CARTESIAN_POINT('',(0.143546119803,-0.253059383471));
#9584 = CARTESIAN_POINT('',(0.148991668139,-0.244849488563));
#9585 = CARTESIAN_POINT('',(0.154440625423,-0.23663445421));
#9586 = CARTESIAN_POINT('',(0.159865192186,-0.22845619184));
#9587 = CARTESIAN_POINT('',(0.165317215845,-0.220236534515));
#9588 = CARTESIAN_POINT('',(0.170757994989,-0.212033829805));
#9589 = CARTESIAN_POINT('',(0.181639690807,-0.195628213039));
#9590 = CARTESIAN_POINT('',(0.18707832205,-0.187428746578));
#9591 = CARTESIAN_POINT('',(0.192513008881,-0.179235226848));
#9592 = CARTESIAN_POINT('',(0.197946537576,-0.171043453162));
#9593 = CARTESIAN_POINT('',(0.203382155747,-0.162848529312));
#9594 = CARTESIAN_POINT('',(0.20882119605,-0.154648446138));
#9595 = CARTESIAN_POINT('',(0.214262376309,-0.146445136693));
#9596 = CARTESIAN_POINT('',(0.219702776034,-0.138243004008));
#9597 = CARTESIAN_POINT('',(0.225140489347,-0.130044921449));
#9598 = CARTESIAN_POINT('',(0.241455884231,-0.105447274143));
#9599 = CARTESIAN_POINT('',(0.252332874889,-8.90487510377E-02));
#9600 = CARTESIAN_POINT('',(0.263209916157,-7.265015163114E-02));
#9601 = CARTESIAN_POINT('',(0.27408699791,-5.625149118841E-02));
#9602 = CARTESIAN_POINT('',(0.284964110022,-3.985278497531E-02));
#9603 = CARTESIAN_POINT('',(0.295841242368,-2.345404825716E-02));
#9604 = CARTESIAN_POINT('',(0.306718384821,-7.055296299761E-03));
#9605 = CARTESIAN_POINT('',(0.317595527258,9.34345563146E-03));
#9606 = CARTESIAN_POINT('',(0.328472659551,2.574219227085E-02));
#9607 = CARTESIAN_POINT('',(0.361103995626,7.49383105169E-02));
#9608 = CARTESIAN_POINT('',(0.382858216134,0.10773571734));
#9609 = CARTESIAN_POINT('',(0.404612433988,0.140533120163));
#9610 = CARTESIAN_POINT('',(0.426366650077,0.173330520324));
#9611 = CARTESIAN_POINT('',(0.448120865289,0.206127919165));
#9612 = CARTESIAN_POINT('',(0.469875080515,0.238925318025));
#9613 = CARTESIAN_POINT('',(0.491629296642,0.271722718243));
#9614 = CARTESIAN_POINT('',(0.513383514559,0.304520121161));
#9615 = CARTESIAN_POINT('',(0.535137735155,0.337317528118));
#9616 = CARTESIAN_POINT('',(0.578646183483,0.402912352789));
#9617 = CARTESIAN_POINT('',(0.60040040558,0.435709762009));
#9618 = CARTESIAN_POINT('',(0.622154626016,0.468507168724));
#9619 = CARTESIAN_POINT('',(0.643908845194,0.501304573542));
#9620 = CARTESIAN_POINT('',(0.66566306352,0.534101977078));
#9621 = CARTESIAN_POINT('',(0.687417281399,0.566899379938));
#9622 = CARTESIAN_POINT('',(0.709171499237,0.599696782736));
#9623 = CARTESIAN_POINT('',(0.730925717436,0.632494186079));
#9624 = CARTESIAN_POINT('',(0.752679936404,0.665291590581));
#9625 = CARTESIAN_POINT('',(0.796188376684,0.73088640312));
#9626 = CARTESIAN_POINT('',(0.817940766461,0.76368104987));
#9627 = CARTESIAN_POINT('',(0.839708013483,0.796498095912));
#9628 = CARTESIAN_POINT('',(0.861418514968,0.829229590443));
#9629 = CARTESIAN_POINT('',(0.883266615159,0.862168533485));
#9630 = CARTESIAN_POINT('',(0.904882455114,0.894757313057));
#9631 = CARTESIAN_POINT('',(0.926773956203,0.927761688778));
#9632 = CARTESIAN_POINT('',(0.948442578227,0.960430044402));
#9633 = CARTESIAN_POINT('',(0.970224991929,0.993269956249));
#9634 = CARTESIAN_POINT('',(0.991976342719,1.026063036588));
#9635 = ( GEOMETRIC_REPRESENTATION_CONTEXT(2) 
PARAMETRIC_REPRESENTATION_CONTEXT() REPRESENTATION_CONTEXT('2D SPACE',''
  ) );
#9636 = ADVANCED_FACE('',(#9637),#5708,.T.);
#9637 = FACE_BOUND('',#9638,.T.);
#9638 = EDGE_LOOP('',(#9639,#9640,#9661,#9662));
#9639 = ORIENTED_EDGE('',*,*,#9346,.T.);
#9640 = ORIENTED_EDGE('',*,*,#9641,.T.);
#9641 = EDGE_CURVE('',#9246,#5661,#9642,.T.);
#9642 = SURFACE_CURVE('',#9643,(#9647,#9654),.PCURVE_S1.);
#9643 = LINE('',#9644,#9645);
#9644 = CARTESIAN_POINT('',(15.50481993149,-301.0867309164,
    255.05176818642));
#9645 = VECTOR('',#9646,1.);
#9646 = DIRECTION('',(-1.,2.628418675401E-11,-3.064104139678E-16));
#9647 = PCURVE('',#5708,#9648);
#9648 = DEFINITIONAL_REPRESENTATION('',(#9649),#9653);
#9649 = LINE('',#9650,#9651);
#9650 = CARTESIAN_POINT('',(6.28318530718,4.547473508865E-13));
#9651 = VECTOR('',#9652,1.);
#9652 = DIRECTION('',(0.,1.));
#9653 = ( GEOMETRIC_REPRESENTATION_CONTEXT(2) 
PARAMETRIC_REPRESENTATION_CONTEXT() REPRESENTATION_CONTEXT('2D SPACE',''
  ) );
#9654 = PCURVE('',#5678,#9655);
#9655 = DEFINITIONAL_REPRESENTATION('',(#9656),#9660);
#9656 = LINE('',#9657,#9658);
#9657 = CARTESIAN_POINT('',(0.,4.547473508865E-13));
#9658 = VECTOR('',#9659,1.);
#9659 = DIRECTION('',(0.,1.));
#9660 = ( GEOMETRIC_REPRESENTATION_CONTEXT(2) 
PARAMETRIC_REPRESENTATION_CONTEXT() REPRESENTATION_CONTEXT('2D SPACE',''
  ) );
#9661 = ORIENTED_EDGE('',*,*,#5690,.T.);
#9662 = ORIENTED_EDGE('',*,*,#9449,.F.);
#9663 = ADVANCED_FACE('',(#9664),#5678,.T.);
#9664 = FACE_BOUND('',#9665,.T.);
#9665 = EDGE_LOOP('',(#9666,#9667,#9668,#9669));
#9666 = ORIENTED_EDGE('',*,*,#9641,.F.);
#9667 = ORIENTED_EDGE('',*,*,#9296,.T.);
#9668 = ORIENTED_EDGE('',*,*,#9038,.T.);
#9669 = ORIENTED_EDGE('',*,*,#5658,.T.);
#9670 = ADVANCED_FACE('',(#9671),#2398,.T.);
#9671 = FACE_BOUND('',#9672,.T.);
#9672 = EDGE_LOOP('',(#9673,#9674,#9675,#9676,#9738,#9769,#9852,#9853));
#9673 = ORIENTED_EDGE('',*,*,#9471,.T.);
#9674 = ORIENTED_EDGE('',*,*,#5747,.T.);
#9675 = ORIENTED_EDGE('',*,*,#2382,.F.);
#9676 = ORIENTED_EDGE('',*,*,#9677,.F.);
#9677 = EDGE_CURVE('',#9678,#2359,#9680,.T.);
#9678 = VERTEX_POINT('',#9679);
#9679 = CARTESIAN_POINT('',(15.50481993143,-303.0245814566,
    252.5757120505));
#9680 = SURFACE_CURVE('',#9681,(#9685,#9731),.PCURVE_S1.);
#9681 = LINE('',#9682,#9683);
#9682 = CARTESIAN_POINT('',(15.50481993143,-303.0245814566,
    252.5757120505));
#9683 = VECTOR('',#9684,1.);
#9684 = DIRECTION('',(-0.707106781191,-0.18761030535,0.681764162537));
#9685 = PCURVE('',#2398,#9686);
#9686 = DEFINITIONAL_REPRESENTATION('',(#9687),#9730);
#9687 = B_SPLINE_CURVE_WITH_KNOTS('',11,(#9688,#9689,#9690,#9691,#9692,
    #9693,#9694,#9695,#9696,#9697,#9698,#9699,#9700,#9701,#9702,#9703,
    #9704,#9705,#9706,#9707,#9708,#9709,#9710,#9711,#9712,#9713,#9714,
    #9715,#9716,#9717,#9718,#9719,#9720,#9721,#9722,#9723,#9724,#9725,
    #9726,#9727,#9728,#9729),.UNSPECIFIED.,.F.,.F.,(12,10,10,10,12),(0.,
    0.176776695296,0.353553390592,0.530330085888,0.707106781184),
  .UNSPECIFIED.);
#9688 = CARTESIAN_POINT('',(3.297491598176E-02,-1.359761148429));
#9689 = CARTESIAN_POINT('',(2.478231731295E-02,-1.346613379294));
#9690 = CARTESIAN_POINT('',(1.66135800107E-02,-1.333503903714));
#9691 = CARTESIAN_POINT('',(8.35942142865E-03,-1.320257341075));
#9692 = CARTESIAN_POINT('',(2.405278898015E-04,-1.307227856511));
#9693 = CARTESIAN_POINT('',(-7.995873095374E-03,-1.294009791886));
#9694 = CARTESIAN_POINT('',(-1.620661191592E-02,-1.280832910797));
#9695 = CARTESIAN_POINT('',(-2.434913549696E-02,-1.267765503917));
#9696 = CARTESIAN_POINT('',(-3.258360912007E-02,-1.254550532387));
#9697 = CARTESIAN_POINT('',(-4.075583145035E-02,-1.241435463913));
#9698 = CARTESIAN_POINT('',(-4.895065797679E-02,-1.228284119433));
#9699 = CARTESIAN_POINT('',(-6.533462175445E-02,-1.201990560822));
#9700 = CARTESIAN_POINT('',(-7.352727228625E-02,-1.188842708455));
#9701 = CARTESIAN_POINT('',(-8.172038970059E-02,-1.175694106818));
#9702 = CARTESIAN_POINT('',(-8.991370654209E-02,-1.162545185133));
#9703 = CARTESIAN_POINT('',(-9.810694507004E-02,-1.149396389129));
#9704 = CARTESIAN_POINT('',(-0.10629987267,-1.136248092113));
#9705 = CARTESIAN_POINT('',(-0.114492357263,-1.123100506049));
#9706 = CARTESIAN_POINT('',(-0.122684422717,-1.109953592635));
#9707 = CARTESIAN_POINT('',(-0.130876304256,-1.096806974375));
#9708 = CARTESIAN_POINT('',(-0.139068503872,-1.083659845654));
#9709 = CARTESIAN_POINT('',(-0.155455187594,-1.057361921979));
#9710 = CARTESIAN_POINT('',(-0.163645480883,-1.044217852599));
#9711 = CARTESIAN_POINT('',(-0.171837321629,-1.031071299803));
#9712 = CARTESIAN_POINT('',(-0.180031313724,-1.01792129445));
#9713 = CARTESIAN_POINT('',(-0.18822614434,-1.004769943404));
#9714 = CARTESIAN_POINT('',(-0.1964201302,-0.991619948058));
#9715 = CARTESIAN_POINT('',(-0.20461223469,-0.978472971994));
#9716 = CARTESIAN_POINT('',(-0.212802555831,-0.965328857917));
#9717 = CARTESIAN_POINT('',(-0.220992285085,-0.952185693717));
#9718 = CARTESIAN_POINT('',(-0.229183137024,-0.939040727796));
#9719 = CARTESIAN_POINT('',(-0.245569362647,-0.912743539295));
#9720 = CARTESIAN_POINT('',(-0.253766229303,-0.899588920744));
#9721 = CARTESIAN_POINT('',(-0.261950673319,-0.88645423848));
#9722 = CARTESIAN_POINT('',(-0.270199360436,-0.873216456638));
#9723 = CARTESIAN_POINT('',(-0.278287389695,-0.860236504154));
#9724 = CARTESIAN_POINT('',(-0.28666663325,-0.84678920077));
#9725 = CARTESIAN_POINT('',(-0.294643811652,-0.833987145619));
#9726 = CARTESIAN_POINT('',(-0.303003808797,-0.82057072955));
#9727 = CARTESIAN_POINT('',(-0.311075663783,-0.807616734101));
#9728 = CARTESIAN_POINT('',(-0.319292704095,-0.794429740162));
#9729 = CARTESIAN_POINT('',(-0.327498607447,-0.781260619203));
#9730 = ( GEOMETRIC_REPRESENTATION_CONTEXT(2) 
PARAMETRIC_REPRESENTATION_CONTEXT() REPRESENTATION_CONTEXT('2D SPACE',''
  ) );
#9731 = PCURVE('',#2166,#9732);
#9732 = DEFINITIONAL_REPRESENTATION('',(#9733),#9737);
#9733 = LINE('',#9734,#9735);
#9734 = CARTESIAN_POINT('',(5.9902610158,1.636912827509E-12));
#9735 = VECTOR('',#9736,1.);
#9736 = DIRECTION('',(2.362554596411E-13,1.));
#9737 = ( GEOMETRIC_REPRESENTATION_CONTEXT(2) 
PARAMETRIC_REPRESENTATION_CONTEXT() REPRESENTATION_CONTEXT('2D SPACE',''
  ) );
#9738 = ORIENTED_EDGE('',*,*,#9739,.F.);
#9739 = EDGE_CURVE('',#9740,#9678,#9742,.T.);
#9740 = VERTEX_POINT('',#9741);
#9741 = CARTESIAN_POINT('',(15.50481993146,-302.1992845203,
    253.1538567785));
#9742 = SURFACE_CURVE('',#9743,(#9748,#9758),.PCURVE_S1.);
#9743 = CIRCLE('',#9744,1.5);
#9744 = AXIS2_PLACEMENT_3D('',#9745,#9746,#9747);
#9745 = CARTESIAN_POINT('',(15.50481993142,-303.422563014,254.021952238)
  );
#9746 = DIRECTION('',(-1.,2.628418675401E-11,-3.064104139655E-16));
#9747 = DIRECTION('',(-6.406334439457E-13,-2.438499502551E-02,
    -0.999702641798));
#9748 = PCURVE('',#2398,#9749);
#9749 = DEFINITIONAL_REPRESENTATION('',(#9750),#9757);
#9750 = B_SPLINE_CURVE_WITH_KNOTS('',5,(#9751,#9752,#9753,#9754,#9755,
    #9756),.UNSPECIFIED.,.F.,.F.,(6,6),(5.30517248216,5.990261015801),
  .PIECEWISE_BEZIER_KNOTS.);
#9751 = CARTESIAN_POINT('',(0.706934191027,-0.61661995314));
#9752 = CARTESIAN_POINT('',(0.595926114539,-0.783979525687));
#9753 = CARTESIAN_POINT('',(0.468140493125,-0.948249896233));
#9754 = CARTESIAN_POINT('',(0.327909538492,-1.102875558497));
#9755 = CARTESIAN_POINT('',(0.180923127284,-1.24158256999));
#9756 = CARTESIAN_POINT('',(3.297491598201E-02,-1.359761148429));
#9757 = ( GEOMETRIC_REPRESENTATION_CONTEXT(2) 
PARAMETRIC_REPRESENTATION_CONTEXT() REPRESENTATION_CONTEXT('2D SPACE',''
  ) );
#9758 = PCURVE('',#951,#9759);
#9759 = DEFINITIONAL_REPRESENTATION('',(#9760),#9768);
#9760 = ( BOUNDED_CURVE() B_SPLINE_CURVE(2,(#9761,#9762,#9763,#9764,
#9765,#9766,#9767),.UNSPECIFIED.,.T.,.F.) B_SPLINE_CURVE_WITH_KNOTS((1,2
    ,2,2,2,1),(-2.094395102393,0.,2.094395102393,4.188790204786,
6.28318530718,8.377580409573),.UNSPECIFIED.) CURVE() 
GEOMETRIC_REPRESENTATION_ITEM() RATIONAL_B_SPLINE_CURVE((1.,0.5,1.,0.5,
1.,0.5,1.)) REPRESENTATION_ITEM('') );
#9761 = CARTESIAN_POINT('',(1.886468978281,-2.310025462045));
#9762 = CARTESIAN_POINT('',(1.886468978281,-4.908101673399));
#9763 = CARTESIAN_POINT('',(-0.363531021719,-3.609063567722));
#9764 = CARTESIAN_POINT('',(-2.613531021719,-2.310025462045));
#9765 = CARTESIAN_POINT('',(-0.363531021719,-1.010987356369));
#9766 = CARTESIAN_POINT('',(1.886468978281,0.288050749308));
#9767 = CARTESIAN_POINT('',(1.886468978281,-2.310025462045));
#9768 = ( GEOMETRIC_REPRESENTATION_CONTEXT(2) 
PARAMETRIC_REPRESENTATION_CONTEXT() REPRESENTATION_CONTEXT('2D SPACE',''
  ) );
#9769 = ORIENTED_EDGE('',*,*,#9770,.F.);
#9770 = EDGE_CURVE('',#9322,#9740,#9771,.T.);
#9771 = SURFACE_CURVE('',#9772,(#9776,#9845),.PCURVE_S1.);
#9772 = LINE('',#9773,#9774);
#9773 = CARTESIAN_POINT('',(15.50481993146,-302.1992845203,
    253.1538567785));
#9774 = VECTOR('',#9775,1.);
#9775 = DIRECTION('',(-1.521124568538E-11,-0.578730306333,
    -0.815518995813));
#9776 = PCURVE('',#2398,#9777);
#9777 = DEFINITIONAL_REPRESENTATION('',(#9778),#9844);
#9778 = B_SPLINE_CURVE_WITH_KNOTS('',10,(#9779,#9780,#9781,#9782,#9783,
    #9784,#9785,#9786,#9787,#9788,#9789,#9790,#9791,#9792,#9793,#9794,
    #9795,#9796,#9797,#9798,#9799,#9800,#9801,#9802,#9803,#9804,#9805,
    #9806,#9807,#9808,#9809,#9810,#9811,#9812,#9813,#9814,#9815,#9816,
    #9817,#9818,#9819,#9820,#9821,#9822,#9823,#9824,#9825,#9826,#9827,
    #9828,#9829,#9830,#9831,#9832,#9833,#9834,#9835,#9836,#9837,#9838,
    #9839,#9840,#9841,#9842,#9843),.UNSPECIFIED.,.F.,.F.,(11,9,9,9,9,9,9
    ,11),(-1.611079112417,-1.409694223365,-1.208309334312,
    -0.805539556208,-0.604154667156,-0.402769778104,-0.201384889052,-0.)
  ,.UNSPECIFIED.);
#9779 = CARTESIAN_POINT('',(1.577102957829,0.695276239117));
#9780 = CARTESIAN_POINT('',(1.56622662057,0.678878701099));
#9781 = CARTESIAN_POINT('',(1.55534747287,0.662476925964));
#9782 = CARTESIAN_POINT('',(1.544453724476,0.646053138323));
#9783 = CARTESIAN_POINT('',(1.533624130194,0.629726071616));
#9784 = CARTESIAN_POINT('',(1.522691021018,0.613242942314));
#9785 = CARTESIAN_POINT('',(1.511853532303,0.596903973688));
#9786 = CARTESIAN_POINT('',(1.500959720152,0.580480089926));
#9787 = CARTESIAN_POINT('',(1.490086420279,0.564087131175));
#9788 = CARTESIAN_POINT('',(1.479208822971,0.547687693463));
#9789 = CARTESIAN_POINT('',(1.457454760851,0.514890525431));
#9790 = CARTESIAN_POINT('',(1.446577684272,0.498491872789));
#9791 = CARTESIAN_POINT('',(1.435700578025,0.482093175417));
#9792 = CARTESIAN_POINT('',(1.424823455138,0.465694452959));
#9793 = CARTESIAN_POINT('',(1.41394632582,0.449295720806));
#9794 = CARTESIAN_POINT('',(1.40306919746,0.432896990097));
#9795 = CARTESIAN_POINT('',(1.392192074626,0.416498267719));
#9796 = CARTESIAN_POINT('',(1.381314959064,0.400099556304));
#9797 = CARTESIAN_POINT('',(1.370437849701,0.383700854235));
#9798 = CARTESIAN_POINT('',(1.337806528524,0.334504758451));
#9799 = CARTESIAN_POINT('',(1.316052246247,0.301707258502));
#9800 = CARTESIAN_POINT('',(1.294298858506,0.268911107187));
#9801 = CARTESIAN_POINT('',(1.27254183511,0.236109474631));
#9802 = CARTESIAN_POINT('',(1.250792569813,0.203319538454));
#9803 = CARTESIAN_POINT('',(1.229033277359,0.170514484989));
#9804 = CARTESIAN_POINT('',(1.207282174759,0.137721778832));
#9805 = CARTESIAN_POINT('',(1.185526812153,0.104922650142));
#9806 = CARTESIAN_POINT('',(1.163772716852,7.212543208333E-02));
#9807 = CARTESIAN_POINT('',(1.131141503221,2.292949843797E-02));
#9808 = CARTESIAN_POINT('',(1.120264420326,6.530836274119E-03));
#9809 = CARTESIAN_POINT('',(1.109387183543,-9.868057897538E-03));
#9810 = CARTESIAN_POINT('',(1.09851008103,-2.626674963778E-02));
#9811 = CARTESIAN_POINT('',(1.087633132591,-4.266520909405E-02));
#9812 = CARTESIAN_POINT('',(1.076756104909,-5.906378801623E-02));
#9813 = CARTESIAN_POINT('',(1.065878849043,-7.546271095891E-02));
#9814 = CARTESIAN_POINT('',(1.055001568398,-9.186167125629E-02));
#9815 = CARTESIAN_POINT('',(1.044124625499,-0.10826012236));
#9816 = CARTESIAN_POINT('',(1.022370366054,-0.141057587886));
#9817 = CARTESIAN_POINT('',(1.01149310977,-0.157456511457));
#9818 = CARTESIAN_POINT('',(1.00061629781,-0.173854765151));
#9819 = CARTESIAN_POINT('',(0.989739268248,-0.19025334691));
#9820 = CARTESIAN_POINT('',(0.978861850794,-0.206652513466));
#9821 = CARTESIAN_POINT('',(0.967984485849,-0.223051600859));
#9822 = CARTESIAN_POINT('',(0.957107561429,-0.2394500241));
#9823 = CARTESIAN_POINT('',(0.946230791292,-0.255848214741));
#9824 = CARTESIAN_POINT('',(0.935353457534,-0.272247255116));
#9825 = CARTESIAN_POINT('',(0.913599224409,-0.305044680961));
#9826 = CARTESIAN_POINT('',(0.90272215129,-0.321443328387));
#9827 = CARTESIAN_POINT('',(0.891845067136,-0.33784199245));
#9828 = CARTESIAN_POINT('',(0.880967953831,-0.354240700462));
#9829 = CARTESIAN_POINT('',(0.87009081805,-0.370639442359));
#9830 = CARTESIAN_POINT('',(0.859213679688,-0.387038188147));
#9831 = CARTESIAN_POINT('',(0.848336560282,-0.403436905357));
#9832 = CARTESIAN_POINT('',(0.837459471442,-0.419835576484));
#9833 = CARTESIAN_POINT('',(0.826582403274,-0.436234216446));
#9834 = CARTESIAN_POINT('',(0.804828222346,-0.469031563597));
#9835 = CARTESIAN_POINT('',(0.793951246744,-0.485430064004));
#9836 = CARTESIAN_POINT('',(0.783073496248,-0.501829732666));
#9837 = CARTESIAN_POINT('',(0.772196933067,-0.518227611293));
#9838 = CARTESIAN_POINT('',(0.76132041812,-0.534625417199));
#9839 = CARTESIAN_POINT('',(0.750442632188,-0.551025139287));
#9840 = CARTESIAN_POINT('',(0.739564651265,-0.567425155349));
#9841 = CARTESIAN_POINT('',(0.728688411293,-0.583822546693));
#9842 = CARTESIAN_POINT('',(0.717812752766,-0.600219061433));
#9843 = CARTESIAN_POINT('',(0.706934191033,-0.616619953144));
#9844 = ( GEOMETRIC_REPRESENTATION_CONTEXT(2) 
PARAMETRIC_REPRESENTATION_CONTEXT() REPRESENTATION_CONTEXT('2D SPACE',''
  ) );
#9845 = PCURVE('',#951,#9846);
#9846 = DEFINITIONAL_REPRESENTATION('',(#9847),#9851);
#9847 = LINE('',#9848,#9849);
#9848 = CARTESIAN_POINT('',(1.224476662492,-1.065942216757));
#9849 = VECTOR('',#9850,1.);
#9850 = DIRECTION('',(0.829388830192,-0.558671789473));
#9851 = ( GEOMETRIC_REPRESENTATION_CONTEXT(2) 
PARAMETRIC_REPRESENTATION_CONTEXT() REPRESENTATION_CONTEXT('2D SPACE',''
  ) );
#9852 = ORIENTED_EDGE('',*,*,#9370,.T.);
#9853 = ORIENTED_EDGE('',*,*,#9563,.F.);
#9854 = ADVANCED_FACE('',(#9855),#2166,.T.);
#9855 = FACE_BOUND('',#9856,.T.);
#9856 = EDGE_LOOP('',(#9857,#9858,#9859,#9860));
#9857 = ORIENTED_EDGE('',*,*,#9677,.T.);
#9858 = ORIENTED_EDGE('',*,*,#2358,.F.);
#9859 = ORIENTED_EDGE('',*,*,#2148,.F.);
#9860 = ORIENTED_EDGE('',*,*,#9861,.F.);
#9861 = EDGE_CURVE('',#9678,#2149,#9862,.T.);
#9862 = SURFACE_CURVE('',#9863,(#9868,#9875),.PCURVE_S1.);
#9863 = CIRCLE('',#9864,6.499999999904);
#9864 = AXIS2_PLACEMENT_3D('',#9865,#9866,#9867);
#9865 = CARTESIAN_POINT('',(15.50481993148,-301.2999947077,
    246.3086712381));
#9866 = DIRECTION('',(1.,-2.628418675401E-11,3.064104139656E-16));
#9867 = DIRECTION('',(-6.406334439457E-13,-2.438499502551E-02,
    -0.999702641798));
#9868 = PCURVE('',#2166,#9869);
#9869 = DEFINITIONAL_REPRESENTATION('',(#9870),#9874);
#9870 = LINE('',#9871,#9872);
#9871 = CARTESIAN_POINT('',(9.424777960769,-2.877596218849E-14));
#9872 = VECTOR('',#9873,1.);
#9873 = DIRECTION('',(-1.,5.145914906061E-15));
#9874 = ( GEOMETRIC_REPRESENTATION_CONTEXT(2) 
PARAMETRIC_REPRESENTATION_CONTEXT() REPRESENTATION_CONTEXT('2D SPACE',''
  ) );
#9875 = PCURVE('',#951,#9876);
#9876 = DEFINITIONAL_REPRESENTATION('',(#9877),#9881);
#9877 = CIRCLE('',#9878,6.499999999904);
#9878 = AXIS2_PLACEMENT_2D('',#9879,#9880);
#9879 = CARTESIAN_POINT('',(8.045697553219,1.986022457465E-12));
#9880 = DIRECTION('',(1.,-1.68348082922E-23));
#9881 = ( GEOMETRIC_REPRESENTATION_CONTEXT(2) 
PARAMETRIC_REPRESENTATION_CONTEXT() REPRESENTATION_CONTEXT('2D SPACE',''
  ) );
#9882 = ADVANCED_FACE('',(#9883),#1330,.T.);
#9883 = FACE_BOUND('',#9884,.T.);
#9884 = EDGE_LOOP('',(#9885,#9886,#9887));
#9885 = ORIENTED_EDGE('',*,*,#1759,.F.);
#9886 = ORIENTED_EDGE('',*,*,#1314,.T.);
#9887 = ORIENTED_EDGE('',*,*,#9888,.F.);
#9888 = EDGE_CURVE('',#1633,#137,#9889,.T.);
#9889 = SURFACE_CURVE('',#9890,(#9905,#9956),.PCURVE_S1.);
#9890 = B_SPLINE_CURVE_WITH_KNOTS('',3,(#9891,#9892,#9893,#9894,#9895,
    #9896,#9897,#9898,#9899,#9900,#9901,#9902,#9903,#9904),
  .UNSPECIFIED.,.F.,.F.,(4,2,1,1,1,1,2,2,4),(0.,0.250000000001,
    0.375000000001,0.437500000001,0.468750000001,0.484375000001,
    0.492187500001,0.500000000001,1.),.UNSPECIFIED.);
#9891 = CARTESIAN_POINT('',(16.47481666999,-302.8711926723,
    230.7879850952));
#9892 = CARTESIAN_POINT('',(16.40667920023,-302.7839254963,
    230.76015266857));
#9893 = CARTESIAN_POINT('',(16.33283289126,-302.6908385649,
    230.73356412702));
#9894 = CARTESIAN_POINT('',(16.21350016898,-302.542374814,
    230.69716345115));
#9895 = CARTESIAN_POINT('',(16.15169299314,-302.4659371349,
    230.67983677964));
#9896 = CARTESIAN_POINT('',(16.07583819559,-302.3729084534,
    230.66153699271));
#9897 = CARTESIAN_POINT('',(16.03697419038,-302.3254351317,
    230.65291628487));
#9898 = CARTESIAN_POINT('',(16.01730803617,-302.301459307,230.6487445999
    ));
#9899 = CARTESIAN_POINT('',(16.00882950902,-302.2911327752,
    230.64698713888));
#9900 = CARTESIAN_POINT('',(16.00316600751,-302.2842370561,
    230.64582233159));
#9901 = CARTESIAN_POINT('',(15.9990792326,-302.2792631943,230.6449903996
    ));
#9902 = CARTESIAN_POINT('',(15.89550487112,-302.1532347119,
    230.62402226402));
#9903 = CARTESIAN_POINT('',(15.73128292131,-301.9555962627,
    230.59494135326));
#9904 = CARTESIAN_POINT('',(15.50481993147,-301.6834498303,
    230.58830308992));
#9905 = PCURVE('',#1330,#9906);
#9906 = DEFINITIONAL_REPRESENTATION('',(#9907),#9955);
#9907 = B_SPLINE_CURVE_WITH_KNOTS('',3,(#9908,#9909,#9910,#9911,#9912,
    #9913,#9914,#9915,#9916,#9917,#9918,#9919,#9920,#9921,#9922,#9923,
    #9924,#9925,#9926,#9927,#9928,#9929,#9930,#9931,#9932,#9933,#9934,
    #9935,#9936,#9937,#9938,#9939,#9940,#9941,#9942,#9943,#9944,#9945,
    #9946,#9947,#9948,#9949,#9950,#9951,#9952,#9953,#9954),
  .UNSPECIFIED.,.F.,.F.,(4,1,1,1,1,1,1,1,1,1,1,1,1,1,1,1,1,1,1,1,1,1,1,1
    ,1,1,1,1,1,1,1,1,1,1,1,1,1,1,1,1,1,1,1,1,4),(0.,2.272727272727E-02,
    4.545454545455E-02,6.818181818182E-02,9.090909090909E-02,
    0.113636363636,0.136363636364,0.159090909091,0.181818181818,
    0.204545454545,0.227272727273,0.25,0.272727272727,0.295454545455,
    0.318181818182,0.340909090909,0.363636363636,0.386363636364,
    0.409090909091,0.431818181818,0.454545454545,0.477272727273,0.5,
    0.522727272727,0.545454545455,0.568181818182,0.590909090909,
    0.613636363636,0.636363636364,0.659090909091,0.681818181818,
    0.704545454545,0.727272727273,0.75,0.772727272727,0.795454545455,
    0.818181818182,0.840909090909,0.863636363636,0.886363636364,
    0.909090909091,0.931818181818,0.954545454545,0.977272727273,1.),
  .UNSPECIFIED.);
#9908 = CARTESIAN_POINT('',(7.010723276377E-03,0.999992189459));
#9909 = CARTESIAN_POINT('',(7.024568029979E-03,0.99999212057));
#9910 = CARTESIAN_POINT('',(7.052413852343E-03,0.999991194406));
#9911 = CARTESIAN_POINT('',(7.094650793019E-03,0.999987972218));
#9912 = CARTESIAN_POINT('',(7.137355179999E-03,0.999983450615));
#9913 = CARTESIAN_POINT('',(7.180526331139E-03,0.999978158532));
#9914 = CARTESIAN_POINT('',(7.224163617451E-03,0.999972620882));
#9915 = CARTESIAN_POINT('',(7.268266471304E-03,0.999967357082));
#9916 = CARTESIAN_POINT('',(7.312834386348E-03,0.999962880399));
#9917 = CARTESIAN_POINT('',(7.357866916778E-03,0.999959694979));
#9918 = CARTESIAN_POINT('',(7.403363687455E-03,0.999958299976));
#9919 = CARTESIAN_POINT('',(7.449324361115E-03,0.999959165858));
#9920 = CARTESIAN_POINT('',(7.495748766234E-03,0.999962812743));
#9921 = CARTESIAN_POINT('',(7.542636424976E-03,0.999969505726));
#9922 = CARTESIAN_POINT('',(7.589986199631E-03,0.999979044499));
#9923 = CARTESIAN_POINT('',(7.637797894838E-03,0.999991456084));
#9924 = CARTESIAN_POINT('',(7.686069598889E-03,1.00000636461));
#9925 = CARTESIAN_POINT('',(7.734805829891E-03,1.000024195442));
#9926 = CARTESIAN_POINT('',(7.783987616683E-03,1.000041864462));
#9927 = CARTESIAN_POINT('',(7.833683984161E-03,1.000068620415));
#9928 = CARTESIAN_POINT('',(7.883634816118E-03,1.000065885847));
#9929 = CARTESIAN_POINT('',(7.934792068612E-03,1.000066622199));
#9930 = CARTESIAN_POINT('',(7.983621159067E-03,1.000066411361));
#9931 = CARTESIAN_POINT('',(8.043309680387E-03,1.000066518359));
#9932 = CARTESIAN_POINT('',(8.064640789448E-03,1.000066301204));
#9933 = CARTESIAN_POINT('',(8.098225170451E-03,1.000067062828));
#9934 = CARTESIAN_POINT('',(8.130496343713E-03,1.000064233486));
#9935 = CARTESIAN_POINT('',(8.165086495E-03,1.000074789232));
#9936 = CARTESIAN_POINT('',(8.201011232905E-03,1.00003539559));
#9937 = CARTESIAN_POINT('',(8.238534544817E-03,0.999999118402));
#9938 = CARTESIAN_POINT('',(8.27758231468E-03,0.999956275203));
#9939 = CARTESIAN_POINT('',(8.318170925716E-03,0.999910972364));
#9940 = CARTESIAN_POINT('',(8.360292793764E-03,0.999863752222));
#9941 = CARTESIAN_POINT('',(8.403947049959E-03,0.999816249156));
#9942 = CARTESIAN_POINT('',(8.449131329103E-03,0.999769901151));
#9943 = CARTESIAN_POINT('',(8.495843979995E-03,0.999726418963));
#9944 = CARTESIAN_POINT('',(8.544083476285E-03,0.999687149105));
#9945 = CARTESIAN_POINT('',(8.593848597381E-03,0.99965506666));
#9946 = CARTESIAN_POINT('',(8.645138322583E-03,0.999627283339));
#9947 = CARTESIAN_POINT('',(8.697952096099E-03,0.999622719161));
#9948 = CARTESIAN_POINT('',(8.752288888975E-03,0.999578285734));
#9949 = CARTESIAN_POINT('',(8.808150695836E-03,0.99973509022));
#9950 = CARTESIAN_POINT('',(8.865529488589E-03,0.999193923276));
#9951 = CARTESIAN_POINT('',(8.924455900187E-03,1.001296509086));
#9952 = CARTESIAN_POINT('',(8.984817523571E-03,0.993502545524));
#9953 = CARTESIAN_POINT('',(9.026137928653E-03,0.992603652468));
#9954 = CARTESIAN_POINT('',(9.047084486855E-03,0.994576816187));
#9955 = ( GEOMETRIC_REPRESENTATION_CONTEXT(2) 
PARAMETRIC_REPRESENTATION_CONTEXT() REPRESENTATION_CONTEXT('2D SPACE',''
  ) );
#9956 = PCURVE('',#73,#9957);
#9957 = DEFINITIONAL_REPRESENTATION('',(#9958),#10006);
#9958 = B_SPLINE_CURVE_WITH_KNOTS('',3,(#9959,#9960,#9961,#9962,#9963,
    #9964,#9965,#9966,#9967,#9968,#9969,#9970,#9971,#9972,#9973,#9974,
    #9975,#9976,#9977,#9978,#9979,#9980,#9981,#9982,#9983,#9984,#9985,
    #9986,#9987,#9988,#9989,#9990,#9991,#9992,#9993,#9994,#9995,#9996,
    #9997,#9998,#9999,#10000,#10001,#10002,#10003,#10004,#10005),
  .UNSPECIFIED.,.F.,.F.,(4,1,1,1,1,1,1,1,1,1,1,1,1,1,1,1,1,1,1,1,1,1,1,1
    ,1,1,1,1,1,1,1,1,1,1,1,1,1,1,1,1,1,1,1,1,4),(0.,2.272727272727E-02,
    4.545454545455E-02,6.818181818182E-02,9.090909090909E-02,
    0.113636363636,0.136363636364,0.159090909091,0.181818181818,
    0.204545454545,0.227272727273,0.25,0.272727272727,0.295454545455,
    0.318181818182,0.340909090909,0.363636363636,0.386363636364,
    0.409090909091,0.431818181818,0.454545454545,0.477272727273,0.5,
    0.522727272727,0.545454545455,0.568181818182,0.590909090909,
    0.613636363636,0.636363636364,0.659090909091,0.681818181818,
    0.704545454545,0.727272727273,0.75,0.772727272727,0.795454545455,
    0.818181818182,0.840909090909,0.863636363636,0.886363636364,
    0.909090909091,0.931818181818,0.954545454545,0.977272727273,1.),
  .UNSPECIFIED.);
#9959 = CARTESIAN_POINT('',(5.9988375009,-3.030003261446));
#9960 = CARTESIAN_POINT('',(6.000796818758,-3.036197576879));
#9961 = CARTESIAN_POINT('',(6.004735543992,-3.048680568723));
#9962 = CARTESIAN_POINT('',(6.010703846299,-3.067688139426));
#9963 = CARTESIAN_POINT('',(6.016732303585,-3.086978793065));
#9964 = CARTESIAN_POINT('',(6.022820875223,-3.10655252964));
#9965 = CARTESIAN_POINT('',(6.028969533037,-3.126409349151));
#9966 = CARTESIAN_POINT('',(6.035178263056,-3.146549251601));
#9967 = CARTESIAN_POINT('',(6.041447065228,-3.166972236974));
#9968 = CARTESIAN_POINT('',(6.047775953085,-3.187678305333));
#9969 = CARTESIAN_POINT('',(6.054164955591,-3.208667456444));
#9970 = CARTESIAN_POINT('',(6.06061411026,-3.229939691177));
#9971 = CARTESIAN_POINT('',(6.067123488956,-3.251495006292));
#9972 = CARTESIAN_POINT('',(6.073693101609,-3.273333413872));
#9973 = CARTESIAN_POINT('',(6.08032283462,-3.295454868823));
#9974 = CARTESIAN_POINT('',(6.087012732537,-3.317859539442));
#9975 = CARTESIAN_POINT('',(6.093762604468,-3.340546797634));
#9976 = CARTESIAN_POINT('',(6.100573140306,-3.363518987484));
#9977 = CARTESIAN_POINT('',(6.10744183976,-3.386767360743));
#9978 = CARTESIAN_POINT('',(6.114378170033,-3.410324566327));
#9979 = CARTESIAN_POINT('',(6.121346781707,-3.434068756819));
#9980 = CARTESIAN_POINT('',(6.128479492204,-3.458454672977));
#9981 = CARTESIAN_POINT('',(6.13528435467,-3.481785199179));
#9982 = CARTESIAN_POINT('',(6.143597337282,-3.510394057147));
#9983 = CARTESIAN_POINT('',(6.146566530487,-3.520643475632));
#9984 = CARTESIAN_POINT('',(6.151240505233,-3.53679061932));
#9985 = CARTESIAN_POINT('',(6.155729975683,-3.552335800524));
#9986 = CARTESIAN_POINT('',(6.16054060181,-3.56902060531));
#9987 = CARTESIAN_POINT('',(6.165536377352,-3.586378377098));
#9988 = CARTESIAN_POINT('',(6.170753290456,-3.604534156142));
#9989 = CARTESIAN_POINT('',(6.176181306495,-3.623454438007));
#9990 = CARTESIAN_POINT('',(6.181822787772,-3.643148200179));
#9991 = CARTESIAN_POINT('',(6.187676841831,-3.663613037148));
#9992 = CARTESIAN_POINT('',(6.193743516767,-3.684849593468));
#9993 = CARTESIAN_POINT('',(6.2000226782,-3.706857696432));
#9994 = CARTESIAN_POINT('',(6.206514310928,-3.729637392316));
#9995 = CARTESIAN_POINT('',(6.213218438465,-3.753188668721));
#9996 = CARTESIAN_POINT('',(6.220135144605,-3.777511528969));
#9997 = CARTESIAN_POINT('',(6.227264567263,-3.802605972169));
#9998 = CARTESIAN_POINT('',(6.234606899366,-3.828471998561));
#9999 = CARTESIAN_POINT('',(6.242162387428,-3.855109608081));
#10000 = CARTESIAN_POINT('',(6.249931330458,-3.882518800745));
#10001 = CARTESIAN_POINT('',(6.257914077918,-3.910699576549));
#10002 = CARTESIAN_POINT('',(6.266111029161,-3.939651935494));
#10003 = CARTESIAN_POINT('',(6.274522625847,-3.96937587758));
#10004 = CARTESIAN_POINT('',(6.280273787823,-3.989706227731));
#10005 = CARTESIAN_POINT('',(6.28318530718,-3.999999999997));
#10006 = ( GEOMETRIC_REPRESENTATION_CONTEXT(2) 
PARAMETRIC_REPRESENTATION_CONTEXT() REPRESENTATION_CONTEXT('2D SPACE',''
  ) );
#10007 = ADVANCED_FACE('',(#10008),#1206,.T.);
#10008 = FACE_BOUND('',#10009,.T.);
#10009 = EDGE_LOOP('',(#10010,#10011,#10037,#10038));
#10010 = ORIENTED_EDGE('',*,*,#2255,.T.);
#10011 = ORIENTED_EDGE('',*,*,#10012,.T.);
#10012 = EDGE_CURVE('',#2231,#1191,#10013,.T.);
#10013 = SURFACE_CURVE('',#10014,(#10019,#10026),.PCURVE_S1.);
#10014 = CIRCLE('',#10015,4.);
#10015 = AXIS2_PLACEMENT_3D('',#10016,#10017,#10018);
#10016 = CARTESIAN_POINT('',(12.90481993143,-303.350902897,
    234.13001708236));
#10017 = DIRECTION('',(1.,-2.628418675401E-11,3.064104139656E-16));
#10018 = DIRECTION('',(-6.406334439457E-13,-2.438499502551E-02,
    -0.999702641798));
#10019 = PCURVE('',#1206,#10020);
#10020 = DEFINITIONAL_REPRESENTATION('',(#10021),#10025);
#10021 = LINE('',#10022,#10023);
#10022 = CARTESIAN_POINT('',(9.424777960769,2.6));
#10023 = VECTOR('',#10024,1.);
#10024 = DIRECTION('',(-1.,-9.681220302419E-15));
#10025 = ( GEOMETRIC_REPRESENTATION_CONTEXT(2) 
PARAMETRIC_REPRESENTATION_CONTEXT() REPRESENTATION_CONTEXT('2D SPACE',''
  ) );
#10026 = PCURVE('',#1039,#10027);
#10027 = DEFINITIONAL_REPRESENTATION('',(#10028),#10036);
#10028 = ( BOUNDED_CURVE() B_SPLINE_CURVE(2,(#10029,#10030,#10031,#10032
    ,#10033,#10034,#10035),.UNSPECIFIED.,.T.,.F.) 
B_SPLINE_CURVE_WITH_KNOTS((1,2,2,2,2,1),(-2.094395102393,0.,
    2.094395102393,4.188790204786,6.28318530718,8.377580409573),
.UNSPECIFIED.) CURVE() GEOMETRIC_REPRESENTATION_ITEM() 
RATIONAL_B_SPLINE_CURVE((1.,0.5,1.,0.5,1.,0.5,1.)) REPRESENTATION_ITEM(
  '') );
#10029 = CARTESIAN_POINT('',(-1.947983129542,7.958844066911));
#10030 = CARTESIAN_POINT('',(4.978159942677,8.127788268217));
#10031 = CARTESIAN_POINT('',(1.66139837672,2.045100316777));
#10032 = CARTESIAN_POINT('',(-1.655363189236,-4.037587634663));
#10033 = CARTESIAN_POINT('',(-5.264744695498,1.876156115471));
#10034 = CARTESIAN_POINT('',(-8.874126201761,7.789899865605));
#10035 = CARTESIAN_POINT('',(-1.947983129542,7.958844066911));
#10036 = ( GEOMETRIC_REPRESENTATION_CONTEXT(2) 
PARAMETRIC_REPRESENTATION_CONTEXT() REPRESENTATION_CONTEXT('2D SPACE',''
  ) );
#10037 = ORIENTED_EDGE('',*,*,#1188,.F.);
#10038 = ORIENTED_EDGE('',*,*,#1453,.T.);
#10039 = ADVANCED_FACE('',(#10040),#1065,.T.);
#10040 = FACE_BOUND('',#10041,.T.);
#10041 = EDGE_LOOP('',(#10042,#10068,#10069,#10070,#10071,#10072,#10073,
    #10095));
#10042 = ORIENTED_EDGE('',*,*,#10043,.F.);
#10043 = EDGE_CURVE('',#2307,#1022,#10044,.T.);
#10044 = SURFACE_CURVE('',#10045,(#10050,#10057),.PCURVE_S1.);
#10045 = CIRCLE('',#10046,6.999999999904);
#10046 = AXIS2_PLACEMENT_3D('',#10047,#10048,#10049);
#10047 = CARTESIAN_POINT('',(12.90481993148,-301.2999947076,
    246.3086712381));
#10048 = DIRECTION('',(1.,-2.628418675401E-11,3.064104139591E-16));
#10049 = DIRECTION('',(-2.062293769658E-12,-7.844976612281E-02,
    0.996918067945));
#10050 = PCURVE('',#1065,#10051);
#10051 = DEFINITIONAL_REPRESENTATION('',(#10052),#10056);
#10052 = LINE('',#10053,#10054);
#10053 = CARTESIAN_POINT('',(6.180267436951,2.6));
#10054 = VECTOR('',#10055,1.);
#10055 = DIRECTION('',(-1.,0.));
#10056 = ( GEOMETRIC_REPRESENTATION_CONTEXT(2) 
PARAMETRIC_REPRESENTATION_CONTEXT() REPRESENTATION_CONTEXT('2D SPACE',''
  ) );
#10057 = PCURVE('',#1039,#10058);
#10058 = DEFINITIONAL_REPRESENTATION('',(#10059),#10067);
#10059 = ( BOUNDED_CURVE() B_SPLINE_CURVE(2,(#10060,#10061,#10062,#10063
    ,#10064,#10065,#10066),.UNSPECIFIED.,.T.,.F.) 
B_SPLINE_CURVE_WITH_KNOTS((1,2,2,2,2,1),(-2.094395102393,0.,
    2.094395102393,4.188790204786,6.28318530718,8.377580409573),
.UNSPECIFIED.) CURVE() GEOMETRIC_REPRESENTATION_ITEM() 
RATIONAL_B_SPLINE_CURVE((1.,0.5,1.,0.5,1.,0.5,1.)) REPRESENTATION_ITEM(
  '') );
#10060 = CARTESIAN_POINT('',(-0.348683322902,-15.19704713154));
#10061 = CARTESIAN_POINT('',(-12.43567253538,-14.24589426618));
#10062 = CARTESIAN_POINT('',(-5.568455384866,-4.253830985584));
#10063 = CARTESIAN_POINT('',(1.298761765654,5.738232295019));
#10064 = CARTESIAN_POINT('',(6.518533827618,-5.204983850937));
#10065 = CARTESIAN_POINT('',(11.738305889582,-16.14819999689));
#10066 = CARTESIAN_POINT('',(-0.348683322902,-15.19704713154));
#10067 = ( GEOMETRIC_REPRESENTATION_CONTEXT(2) 
PARAMETRIC_REPRESENTATION_CONTEXT() REPRESENTATION_CONTEXT('2D SPACE',''
  ) );
#10068 = ORIENTED_EDGE('',*,*,#2306,.T.);
#10069 = ORIENTED_EDGE('',*,*,#5628,.T.);
#10070 = ORIENTED_EDGE('',*,*,#5571,.F.);
#10071 = ORIENTED_EDGE('',*,*,#5797,.F.);
#10072 = ORIENTED_EDGE('',*,*,#5849,.F.);
#10073 = ORIENTED_EDGE('',*,*,#10074,.T.);
#10074 = EDGE_CURVE('',#5850,#908,#10075,.T.);
#10075 = SURFACE_CURVE('',#10076,(#10081,#10088),.PCURVE_S1.);
#10076 = CIRCLE('',#10077,6.999999999904);
#10077 = AXIS2_PLACEMENT_3D('',#10078,#10079,#10080);
#10078 = CARTESIAN_POINT('',(15.00481993148,-301.2999947077,
    246.3086712381));
#10079 = DIRECTION('',(-1.,2.628418675401E-11,-3.064104139656E-16));
#10080 = DIRECTION('',(-6.406334439457E-13,-2.438499502551E-02,
    -0.999702641798));
#10081 = PCURVE('',#1065,#10082);
#10082 = DEFINITIONAL_REPRESENTATION('',(#10083),#10087);
#10083 = LINE('',#10084,#10085);
#10084 = CARTESIAN_POINT('',(-3.14159265359,0.5));
#10085 = VECTOR('',#10086,1.);
#10086 = DIRECTION('',(1.,1.029184251399E-14));
#10087 = ( GEOMETRIC_REPRESENTATION_CONTEXT(2) 
PARAMETRIC_REPRESENTATION_CONTEXT() REPRESENTATION_CONTEXT('2D SPACE',''
  ) );
#10088 = PCURVE('',#925,#10089);
#10089 = DEFINITIONAL_REPRESENTATION('',(#10090),#10094);
#10090 = LINE('',#10091,#10092);
#10091 = CARTESIAN_POINT('',(-3.14159265359,0.500000000002));
#10092 = VECTOR('',#10093,1.);
#10093 = DIRECTION('',(1.,-7.558295009618E-13));
#10094 = ( GEOMETRIC_REPRESENTATION_CONTEXT(2) 
PARAMETRIC_REPRESENTATION_CONTEXT() REPRESENTATION_CONTEXT('2D SPACE',''
  ) );
#10095 = ORIENTED_EDGE('',*,*,#1051,.T.);
#10096 = ADVANCED_FACE('',(#10097),#1039,.T.);
#10097 = FACE_BOUND('',#10098,.T.);
#10098 = EDGE_LOOP('',(#10099,#10100,#10101,#10102,#10103,#10104,#10105)
  );
#10099 = ORIENTED_EDGE('',*,*,#10043,.T.);
#10100 = ORIENTED_EDGE('',*,*,#1021,.T.);
#10101 = ORIENTED_EDGE('',*,*,#1137,.F.);
#10102 = ORIENTED_EDGE('',*,*,#1218,.F.);
#10103 = ORIENTED_EDGE('',*,*,#10012,.F.);
#10104 = ORIENTED_EDGE('',*,*,#2230,.T.);
#10105 = ORIENTED_EDGE('',*,*,#2331,.T.);
#10106 = ADVANCED_FACE('',(#10107),#980,.T.);
#10107 = FACE_BOUND('',#10108,.T.);
#10108 = EDGE_LOOP('',(#10109,#10155,#10156,#10157));
#10109 = ORIENTED_EDGE('',*,*,#10110,.F.);
#10110 = EDGE_CURVE('',#1270,#742,#10111,.T.);
#10111 = SURFACE_CURVE('',#10112,(#10120,#10149),.PCURVE_S1.);
#10112 = B_SPLINE_CURVE_WITH_KNOTS('',3,(#10113,#10114,#10115,#10116,
    #10117,#10118,#10119),.UNSPECIFIED.,.F.,.F.,(4,1,1,1,4),(0.,0.25,0.5
    ,0.75,1.),.QUASI_UNIFORM_KNOTS.);
#10113 = CARTESIAN_POINT('',(15.50481993152,-299.9306287627,
    230.54554784328));
#10114 = CARTESIAN_POINT('',(15.50481992738,-299.5998491661,
    230.53747938294));
#10115 = CARTESIAN_POINT('',(15.50481993352,-298.8404607382,
    230.6180137663));
#10116 = CARTESIAN_POINT('',(15.50481993086,-297.6745330991,
    231.18987457201));
#10117 = CARTESIAN_POINT('',(15.50481993248,-296.7345513344,
    232.24028750747));
#10118 = CARTESIAN_POINT('',(15.50481993003,-296.4313517207,
    233.1489768964));
#10119 = CARTESIAN_POINT('',(15.50481993161,-296.3736038509,
    233.60014706952));
#10120 = PCURVE('',#980,#10121);
#10121 = DEFINITIONAL_REPRESENTATION('',(#10122),#10148);
#10122 = B_SPLINE_CURVE_WITH_KNOTS('',3,(#10123,#10124,#10125,#10126,
    #10127,#10128,#10129,#10130,#10131,#10132,#10133,#10134,#10135,
    #10136,#10137,#10138,#10139,#10140,#10141,#10142,#10143,#10144,
    #10145,#10146,#10147),.UNSPECIFIED.,.F.,.F.,(4,1,1,1,1,1,1,1,1,1,1,1
    ,1,1,1,1,1,1,1,1,1,1,4),(0.,4.545454545455E-02,9.090909090909E-02,
    0.136363636364,0.181818181818,0.227272727273,0.272727272727,
    0.318181818182,0.363636363636,0.409090909091,0.454545454545,0.5,
    0.545454545455,0.590909090909,0.636363636364,0.681818181818,
    0.727272727273,0.772727272727,0.818181818182,0.863636363636,
    0.909090909091,0.954545454545,1.),.QUASI_UNIFORM_KNOTS.);
#10123 = CARTESIAN_POINT('',(3.1415891086,4.025587078351E-06));
#10124 = CARTESIAN_POINT('',(3.124398786853,-3.704495535339E-06));
#10125 = CARTESIAN_POINT('',(3.089123596931,-7.510358473067E-05));
#10126 = CARTESIAN_POINT('',(3.033799535284,-2.311463523092E-04));
#10127 = CARTESIAN_POINT('',(2.976347522617,-2.787491982805E-04));
#10128 = CARTESIAN_POINT('',(2.917012513378,-1.953180277122E-04));
#10129 = CARTESIAN_POINT('',(2.856003826261,-2.761192359431E-05));
#10130 = CARTESIAN_POINT('',(2.793473540598,4.105958837438E-05));
#10131 = CARTESIAN_POINT('',(2.729543358456,-4.957490918001E-06));
#10132 = CARTESIAN_POINT('',(2.664343603654,-2.083565878247E-05));
#10133 = CARTESIAN_POINT('',(2.597978229191,1.30412526507E-05));
#10134 = CARTESIAN_POINT('',(2.530521447789,6.449008721627E-05));
#10135 = CARTESIAN_POINT('',(2.462009239403,4.136488654643E-05));
#10136 = CARTESIAN_POINT('',(2.392426123271,-1.795505690934E-04));
#10137 = CARTESIAN_POINT('',(2.321948765962,-3.48170486773E-04));
#10138 = CARTESIAN_POINT('',(2.250762205112,-3.457691022897E-04));
#10139 = CARTESIAN_POINT('',(2.179037323884,-1.839149472935E-04));
#10140 = CARTESIAN_POINT('',(2.106921632014,3.072154205799E-05));
#10141 = CARTESIAN_POINT('',(2.034506932709,-7.591533701059E-06));
#10142 = CARTESIAN_POINT('',(1.961892193019,-2.660655413357E-04));
#10143 = CARTESIAN_POINT('',(1.889271081297,-4.098483902887E-04));
#10144 = CARTESIAN_POINT('',(1.816858117856,-3.501390915884E-04));
#10145 = CARTESIAN_POINT('',(1.744884725326,-1.139792921035E-04));
#10146 = CARTESIAN_POINT('',(1.697339360597,-3.728869028882E-06));
#10147 = CARTESIAN_POINT('',(1.67371261004,8.878585933795E-06));
#10148 = ( GEOMETRIC_REPRESENTATION_CONTEXT(2) 
PARAMETRIC_REPRESENTATION_CONTEXT() REPRESENTATION_CONTEXT('2D SPACE',''
  ) );
#10149 = PCURVE('',#371,#10150);
#10150 = DEFINITIONAL_REPRESENTATION('',(#10151),#10154);
#10151 = B_SPLINE_CURVE_WITH_KNOTS('',1,(#10152,#10153),.UNSPECIFIED.,
  .F.,.F.,(2,2),(0.,1.),.PIECEWISE_BEZIER_KNOTS.);
#10152 = CARTESIAN_POINT('',(1.363312148287E-03,1.));
#10153 = CARTESIAN_POINT('',(8.357513714199E-03,1.));
#10154 = ( GEOMETRIC_REPRESENTATION_CONTEXT(2) 
PARAMETRIC_REPRESENTATION_CONTEXT() REPRESENTATION_CONTEXT('2D SPACE',''
  ) );
#10155 = ORIENTED_EDGE('',*,*,#1399,.F.);
#10156 = ORIENTED_EDGE('',*,*,#1164,.F.);
#10157 = ORIENTED_EDGE('',*,*,#964,.T.);
#10158 = ADVANCED_FACE('',(#10159,#10218),#951,.T.);
#10159 = FACE_BOUND('',#10160,.T.);
#10160 = EDGE_LOOP('',(#10161,#10162,#10188,#10189,#10211,#10212,#10213,
    #10214,#10215,#10216,#10217));
#10161 = ORIENTED_EDGE('',*,*,#2206,.T.);
#10162 = ORIENTED_EDGE('',*,*,#10163,.T.);
#10163 = EDGE_CURVE('',#1829,#744,#10164,.T.);
#10164 = SURFACE_CURVE('',#10165,(#10170,#10181),.PCURVE_S1.);
#10165 = CIRCLE('',#10166,6.25);
#10166 = AXIS2_PLACEMENT_3D('',#10167,#10168,#10169);
#10167 = CARTESIAN_POINT('',(15.50481993147,-301.5798136015,
    234.83703931756));
#10168 = DIRECTION('',(-1.,2.628418675401E-11,-3.064104139656E-16));
#10169 = DIRECTION('',(-6.406334439457E-13,-2.438499502551E-02,
    -0.999702641798));
#10170 = PCURVE('',#951,#10171);
#10171 = DEFINITIONAL_REPRESENTATION('',(#10172),#10180);
#10172 = ( BOUNDED_CURVE() B_SPLINE_CURVE(2,(#10173,#10174,#10175,#10176
    ,#10177,#10178,#10179),.UNSPECIFIED.,.T.,.F.) 
B_SPLINE_CURVE_WITH_KNOTS((1,2,2,2,2,1),(-2.094395102393,0.,
    2.094395102393,4.188790204786,6.28318530718,8.377580409573),
.UNSPECIFIED.) CURVE() GEOMETRIC_REPRESENTATION_ITEM() 
RATIONAL_B_SPLINE_CURVE((1.,0.5,1.,0.5,1.,0.5,1.)) REPRESENTATION_ITEM(
  '') );
#10173 = CARTESIAN_POINT('',(25.770741672248,1.968203377622E-12));
#10174 = CARTESIAN_POINT('',(25.770741672248,-10.8253175473));
#10175 = CARTESIAN_POINT('',(16.395741672248,-5.412658773651));
#10176 = CARTESIAN_POINT('',(7.020741672248,1.966672569438E-12));
#10177 = CARTESIAN_POINT('',(16.395741672248,5.412658773655));
#10178 = CARTESIAN_POINT('',(25.770741672248,10.825317547307));
#10179 = CARTESIAN_POINT('',(25.770741672248,1.968203377622E-12));
#10180 = ( GEOMETRIC_REPRESENTATION_CONTEXT(2) 
PARAMETRIC_REPRESENTATION_CONTEXT() REPRESENTATION_CONTEXT('2D SPACE',''
  ) );
#10181 = PCURVE('',#45,#10182);
#10182 = DEFINITIONAL_REPRESENTATION('',(#10183),#10187);
#10183 = LINE('',#10184,#10185);
#10184 = CARTESIAN_POINT('',(6.28318530718,4.712388980388));
#10185 = VECTOR('',#10186,1.);
#10186 = DIRECTION('',(-1.,-1.033482153933E-12));
#10187 = ( GEOMETRIC_REPRESENTATION_CONTEXT(2) 
PARAMETRIC_REPRESENTATION_CONTEXT() REPRESENTATION_CONTEXT('2D SPACE',''
  ) );
#10188 = ORIENTED_EDGE('',*,*,#937,.T.);
#10189 = ORIENTED_EDGE('',*,*,#10190,.T.);
#10190 = EDGE_CURVE('',#910,#9064,#10191,.T.);
#10191 = SURFACE_CURVE('',#10192,(#10197,#10204),.PCURVE_S1.);
#10192 = CIRCLE('',#10193,6.499999999904);
#10193 = AXIS2_PLACEMENT_3D('',#10194,#10195,#10196);
#10194 = CARTESIAN_POINT('',(15.50481993148,-301.2999947077,
    246.3086712381));
#10195 = DIRECTION('',(1.,-2.628418675401E-11,3.064104139656E-16));
#10196 = DIRECTION('',(-6.406334439457E-13,-2.438499502551E-02,
    -0.999702641798));
#10197 = PCURVE('',#951,#10198);
#10198 = DEFINITIONAL_REPRESENTATION('',(#10199),#10203);
#10199 = CIRCLE('',#10200,6.499999999904);
#10200 = AXIS2_PLACEMENT_2D('',#10201,#10202);
#10201 = CARTESIAN_POINT('',(8.045697553219,1.986022457465E-12));
#10202 = DIRECTION('',(1.,-1.68348082922E-23));
#10203 = ( GEOMETRIC_REPRESENTATION_CONTEXT(2) 
PARAMETRIC_REPRESENTATION_CONTEXT() REPRESENTATION_CONTEXT('2D SPACE',''
  ) );
#10204 = PCURVE('',#925,#10205);
#10205 = DEFINITIONAL_REPRESENTATION('',(#10206),#10210);
#10206 = LINE('',#10207,#10208);
#10207 = CARTESIAN_POINT('',(3.14159265359,1.174647226953E-14));
#10208 = VECTOR('',#10209,1.);
#10209 = DIRECTION('',(-1.,-7.397261806926E-15));
#10210 = ( GEOMETRIC_REPRESENTATION_CONTEXT(2) 
PARAMETRIC_REPRESENTATION_CONTEXT() REPRESENTATION_CONTEXT('2D SPACE',''
  ) );
#10211 = ORIENTED_EDGE('',*,*,#9125,.T.);
#10212 = ORIENTED_EDGE('',*,*,#9156,.T.);
#10213 = ORIENTED_EDGE('',*,*,#9273,.T.);
#10214 = ORIENTED_EDGE('',*,*,#9321,.T.);
#10215 = ORIENTED_EDGE('',*,*,#9770,.T.);
#10216 = ORIENTED_EDGE('',*,*,#9739,.T.);
#10217 = ORIENTED_EDGE('',*,*,#9861,.T.);
#10218 = FACE_BOUND('',#10219,.T.);
#10219 = EDGE_LOOP('',(#10220,#10255));
#10220 = ORIENTED_EDGE('',*,*,#10221,.T.);
#10221 = EDGE_CURVE('',#10222,#10224,#10226,.T.);
#10222 = VERTEX_POINT('',#10223);
#10223 = CARTESIAN_POINT('',(15.50481993148,-301.3743689425,
    243.25957818061));
#10224 = VERTEX_POINT('',#10225);
#10225 = CARTESIAN_POINT('',(15.50481993148,-301.2256204729,
    249.35776429558));
#10226 = SURFACE_CURVE('',#10227,(#10232,#10243),.PCURVE_S1.);
#10227 = CIRCLE('',#10228,3.05);
#10228 = AXIS2_PLACEMENT_3D('',#10229,#10230,#10231);
#10229 = CARTESIAN_POINT('',(15.50481993148,-301.2999947077,
    246.3086712381));
#10230 = DIRECTION('',(-1.,2.628418675401E-11,-3.064104139656E-16));
#10231 = DIRECTION('',(6.406334439457E-13,2.438499502551E-02,
    0.999702641798));
#10232 = PCURVE('',#951,#10233);
#10233 = DEFINITIONAL_REPRESENTATION('',(#10234),#10242);
#10234 = ( BOUNDED_CURVE() B_SPLINE_CURVE(2,(#10235,#10236,#10237,#10238
    ,#10239,#10240,#10241),.UNSPECIFIED.,.T.,.F.) 
B_SPLINE_CURVE_WITH_KNOTS((1,2,2,2,2,1),(-2.094395102393,0.,
    2.094395102393,4.188790204786,6.28318530718,8.377580409573),
.UNSPECIFIED.) CURVE() GEOMETRIC_REPRESENTATION_ITEM() 
RATIONAL_B_SPLINE_CURVE((1.,0.5,1.,0.5,1.,0.5,1.)) REPRESENTATION_ITEM(
  '') );
#10235 = CARTESIAN_POINT('',(4.995697553219,1.986022457517E-12));
#10236 = CARTESIAN_POINT('',(4.995697553219,5.282754963087));
#10237 = CARTESIAN_POINT('',(9.570697553219,2.641377481545));
#10238 = CARTESIAN_POINT('',(14.145697553219,1.98676949191E-12));
#10239 = CARTESIAN_POINT('',(9.570697553219,-2.641377481541));
#10240 = CARTESIAN_POINT('',(4.995697553219,-5.282754963083));
#10241 = CARTESIAN_POINT('',(4.995697553219,1.986022457517E-12));
#10242 = ( GEOMETRIC_REPRESENTATION_CONTEXT(2) 
PARAMETRIC_REPRESENTATION_CONTEXT() REPRESENTATION_CONTEXT('2D SPACE',''
  ) );
#10243 = PCURVE('',#10244,#10249);
#10244 = CONICAL_SURFACE('',#10245,1.55,0.785398163397);
#10245 = AXIS2_PLACEMENT_3D('',#10246,#10247,#10248);
#10246 = CARTESIAN_POINT('',(14.00481993148,-301.2999947077,
    246.3086712381));
#10247 = DIRECTION('',(1.,-2.628418675401E-11,3.064104139678E-16));
#10248 = DIRECTION('',(-6.406334439457E-13,-2.438499502551E-02,
    -0.999702641798));
#10249 = DEFINITIONAL_REPRESENTATION('',(#10250),#10254);
#10250 = LINE('',#10251,#10252);
#10251 = CARTESIAN_POINT('',(9.424777960769,1.500000000001));
#10252 = VECTOR('',#10253,1.);
#10253 = DIRECTION('',(-1.,-6.796952944778E-15));
#10254 = ( GEOMETRIC_REPRESENTATION_CONTEXT(2) 
PARAMETRIC_REPRESENTATION_CONTEXT() REPRESENTATION_CONTEXT('2D SPACE',''
  ) );
#10255 = ORIENTED_EDGE('',*,*,#10256,.T.);
#10256 = EDGE_CURVE('',#10224,#10222,#10257,.T.);
#10257 = SURFACE_CURVE('',#10258,(#10263,#10274),.PCURVE_S1.);
#10258 = CIRCLE('',#10259,3.05);
#10259 = AXIS2_PLACEMENT_3D('',#10260,#10261,#10262);
#10260 = CARTESIAN_POINT('',(15.50481993148,-301.2999947077,
    246.3086712381));
#10261 = DIRECTION('',(-1.,2.628418675401E-11,-3.064104139656E-16));
#10262 = DIRECTION('',(6.406334439457E-13,2.438499502551E-02,
    0.999702641798));
#10263 = PCURVE('',#951,#10264);
#10264 = DEFINITIONAL_REPRESENTATION('',(#10265),#10273);
#10265 = ( BOUNDED_CURVE() B_SPLINE_CURVE(2,(#10266,#10267,#10268,#10269
    ,#10270,#10271,#10272),.UNSPECIFIED.,.T.,.F.) 
B_SPLINE_CURVE_WITH_KNOTS((1,2,2,2,2,1),(-2.094395102393,0.,
    2.094395102393,4.188790204786,6.28318530718,8.377580409573),
.UNSPECIFIED.) CURVE() GEOMETRIC_REPRESENTATION_ITEM() 
RATIONAL_B_SPLINE_CURVE((1.,0.5,1.,0.5,1.,0.5,1.)) REPRESENTATION_ITEM(
  '') );
#10266 = CARTESIAN_POINT('',(4.995697553219,1.986022457517E-12));
#10267 = CARTESIAN_POINT('',(4.995697553219,5.282754963087));
#10268 = CARTESIAN_POINT('',(9.570697553219,2.641377481545));
#10269 = CARTESIAN_POINT('',(14.145697553219,1.98676949191E-12));
#10270 = CARTESIAN_POINT('',(9.570697553219,-2.641377481541));
#10271 = CARTESIAN_POINT('',(4.995697553219,-5.282754963083));
#10272 = CARTESIAN_POINT('',(4.995697553219,1.986022457517E-12));
#10273 = ( GEOMETRIC_REPRESENTATION_CONTEXT(2) 
PARAMETRIC_REPRESENTATION_CONTEXT() REPRESENTATION_CONTEXT('2D SPACE',''
  ) );
#10274 = PCURVE('',#10275,#10280);
#10275 = CONICAL_SURFACE('',#10276,1.55,0.785398163397);
#10276 = AXIS2_PLACEMENT_3D('',#10277,#10278,#10279);
#10277 = CARTESIAN_POINT('',(14.00481993148,-301.2999947077,
    246.3086712381));
#10278 = DIRECTION('',(1.,-2.628418675401E-11,3.064104139678E-16));
#10279 = DIRECTION('',(-6.406334439457E-13,-2.438499502551E-02,
    -0.999702641798));
#10280 = DEFINITIONAL_REPRESENTATION('',(#10281),#10285);
#10281 = LINE('',#10282,#10283);
#10282 = CARTESIAN_POINT('',(3.14159265359,1.500000000001));
#10283 = VECTOR('',#10284,1.);
#10284 = DIRECTION('',(-1.,6.796952944777E-15));
#10285 = ( GEOMETRIC_REPRESENTATION_CONTEXT(2) 
PARAMETRIC_REPRESENTATION_CONTEXT() REPRESENTATION_CONTEXT('2D SPACE',''
  ) );
#10286 = ADVANCED_FACE('',(#10287),#10275,.F.);
#10287 = FACE_BOUND('',#10288,.F.);
#10288 = EDGE_LOOP('',(#10289,#10290,#10313,#10342));
#10289 = ORIENTED_EDGE('',*,*,#10256,.T.);
#10290 = ORIENTED_EDGE('',*,*,#10291,.F.);
#10291 = EDGE_CURVE('',#10292,#10222,#10294,.T.);
#10292 = VERTEX_POINT('',#10293);
#10293 = CARTESIAN_POINT('',(14.00481993148,-301.3377914499,
    244.75913214331));
#10294 = SURFACE_CURVE('',#10295,(#10299,#10306),.PCURVE_S1.);
#10295 = LINE('',#10296,#10297);
#10296 = CARTESIAN_POINT('',(14.00481993148,-301.33779145,
    244.75913214331));
#10297 = VECTOR('',#10298,1.);
#10298 = DIRECTION('',(0.707106781186,-1.724279536054E-02,
    -0.706896517185));
#10299 = PCURVE('',#10275,#10300);
#10300 = DEFINITIONAL_REPRESENTATION('',(#10301),#10305);
#10301 = LINE('',#10302,#10303);
#10302 = CARTESIAN_POINT('',(0.,2.170286251661E-12));
#10303 = VECTOR('',#10304,1.);
#10304 = DIRECTION('',(0.,1.));
#10305 = ( GEOMETRIC_REPRESENTATION_CONTEXT(2) 
PARAMETRIC_REPRESENTATION_CONTEXT() REPRESENTATION_CONTEXT('2D SPACE',''
  ) );
#10306 = PCURVE('',#10244,#10307);
#10307 = DEFINITIONAL_REPRESENTATION('',(#10308),#10312);
#10308 = LINE('',#10309,#10310);
#10309 = CARTESIAN_POINT('',(6.28318530718,2.170286251661E-12));
#10310 = VECTOR('',#10311,1.);
#10311 = DIRECTION('',(0.,1.));
#10312 = ( GEOMETRIC_REPRESENTATION_CONTEXT(2) 
PARAMETRIC_REPRESENTATION_CONTEXT() REPRESENTATION_CONTEXT('2D SPACE',''
  ) );
#10313 = ORIENTED_EDGE('',*,*,#10314,.F.);
#10314 = EDGE_CURVE('',#10315,#10292,#10317,.T.);
#10315 = VERTEX_POINT('',#10316);
#10316 = CARTESIAN_POINT('',(14.00481993148,-301.2621979654,
    247.85821033288));
#10317 = SURFACE_CURVE('',#10318,(#10323,#10330),.PCURVE_S1.);
#10318 = CIRCLE('',#10319,1.55);
#10319 = AXIS2_PLACEMENT_3D('',#10320,#10321,#10322);
#10320 = CARTESIAN_POINT('',(14.00481993148,-301.2999947077,
    246.3086712381));
#10321 = DIRECTION('',(-1.,2.628418675401E-11,-3.064104139656E-16));
#10322 = DIRECTION('',(6.406334439457E-13,2.438499502551E-02,
    0.999702641798));
#10323 = PCURVE('',#10275,#10324);
#10324 = DEFINITIONAL_REPRESENTATION('',(#10325),#10329);
#10325 = LINE('',#10326,#10327);
#10326 = CARTESIAN_POINT('',(3.14159265359,1.27675647832E-14));
#10327 = VECTOR('',#10328,1.);
#10328 = DIRECTION('',(-1.,-2.261727773487E-15));
#10329 = ( GEOMETRIC_REPRESENTATION_CONTEXT(2) 
PARAMETRIC_REPRESENTATION_CONTEXT() REPRESENTATION_CONTEXT('2D SPACE',''
  ) );
#10330 = PCURVE('',#10331,#10336);
#10331 = CYLINDRICAL_SURFACE('',#10332,1.55);
#10332 = AXIS2_PLACEMENT_3D('',#10333,#10334,#10335);
#10333 = CARTESIAN_POINT('',(18.7664074045,-301.2999947078,
    246.3086712381));
#10334 = DIRECTION('',(-1.,2.628418675401E-11,-3.064104139678E-16));
#10335 = DIRECTION('',(6.406334439457E-13,2.438499502551E-02,
    0.999702641798));
#10336 = DEFINITIONAL_REPRESENTATION('',(#10337),#10341);
#10337 = LINE('',#10338,#10339);
#10338 = CARTESIAN_POINT('',(0.,4.76158747302));
#10339 = VECTOR('',#10340,1.);
#10340 = DIRECTION('',(1.,4.523455547012E-15));
#10341 = ( GEOMETRIC_REPRESENTATION_CONTEXT(2) 
PARAMETRIC_REPRESENTATION_CONTEXT() REPRESENTATION_CONTEXT('2D SPACE',''
  ) );
#10342 = ORIENTED_EDGE('',*,*,#10343,.T.);
#10343 = EDGE_CURVE('',#10315,#10224,#10344,.T.);
#10344 = SURFACE_CURVE('',#10345,(#10349,#10356),.PCURVE_S1.);
#10345 = LINE('',#10346,#10347);
#10346 = CARTESIAN_POINT('',(14.00481993148,-301.2621979654,
    247.85821033288));
#10347 = VECTOR('',#10348,1.);
#10348 = DIRECTION('',(0.707106781187,1.724279532315E-02,0.706896517185)
  );
#10349 = PCURVE('',#10275,#10350);
#10350 = DEFINITIONAL_REPRESENTATION('',(#10351),#10355);
#10351 = LINE('',#10352,#10353);
#10352 = CARTESIAN_POINT('',(3.141592653589,-3.824163208322E-12));
#10353 = VECTOR('',#10354,1.);
#10354 = DIRECTION('',(1.290819303296E-13,1.));
#10355 = ( GEOMETRIC_REPRESENTATION_CONTEXT(2) 
PARAMETRIC_REPRESENTATION_CONTEXT() REPRESENTATION_CONTEXT('2D SPACE',''
  ) );
#10356 = PCURVE('',#10244,#10357);
#10357 = DEFINITIONAL_REPRESENTATION('',(#10358),#10362);
#10358 = LINE('',#10359,#10360);
#10359 = CARTESIAN_POINT('',(3.141592653589,-3.824163208322E-12));
#10360 = VECTOR('',#10361,1.);
#10361 = DIRECTION('',(1.290819303296E-13,1.));
#10362 = ( GEOMETRIC_REPRESENTATION_CONTEXT(2) 
PARAMETRIC_REPRESENTATION_CONTEXT() REPRESENTATION_CONTEXT('2D SPACE',''
  ) );
#10363 = ADVANCED_FACE('',(#10364),#10331,.F.);
#10364 = FACE_BOUND('',#10365,.F.);
#10365 = EDGE_LOOP('',(#10366,#10397,#10423,#10424));
#10366 = ORIENTED_EDGE('',*,*,#10367,.T.);
#10367 = EDGE_CURVE('',#10368,#10370,#10372,.T.);
#10368 = VERTEX_POINT('',#10369);
#10369 = CARTESIAN_POINT('',(11.20481993148,-301.3377914499,
    244.75913214331));
#10370 = VERTEX_POINT('',#10371);
#10371 = CARTESIAN_POINT('',(11.20481993148,-301.2621979654,
    247.85821033288));
#10372 = SURFACE_CURVE('',#10373,(#10378,#10385),.PCURVE_S1.);
#10373 = CIRCLE('',#10374,1.55);
#10374 = AXIS2_PLACEMENT_3D('',#10375,#10376,#10377);
#10375 = CARTESIAN_POINT('',(11.20481993148,-301.2999947076,
    246.3086712381));
#10376 = DIRECTION('',(1.,-2.628418675401E-11,3.064104139656E-16));
#10377 = DIRECTION('',(-6.406334439457E-13,-2.438499502551E-02,
    -0.999702641798));
#10378 = PCURVE('',#10331,#10379);
#10379 = DEFINITIONAL_REPRESENTATION('',(#10380),#10384);
#10380 = LINE('',#10381,#10382);
#10381 = CARTESIAN_POINT('',(3.141592653589,7.56158747302));
#10382 = VECTOR('',#10383,1.);
#10383 = DIRECTION('',(-1.,-4.523455546971E-15));
#10384 = ( GEOMETRIC_REPRESENTATION_CONTEXT(2) 
PARAMETRIC_REPRESENTATION_CONTEXT() REPRESENTATION_CONTEXT('2D SPACE',''
  ) );
#10385 = PCURVE('',#10386,#10391);
#10386 = PLANE('',#10387);
#10387 = AXIS2_PLACEMENT_3D('',#10388,#10389,#10390);
#10388 = CARTESIAN_POINT('',(11.20481993148,-301.2999947076,
    246.3086712381));
#10389 = DIRECTION('',(1.,-2.628177393287E-11,5.098438857879E-14));
#10390 = DIRECTION('',(2.628177393287E-11,1.,0.));
#10391 = DEFINITIONAL_REPRESENTATION('',(#10392),#10396);
#10392 = CIRCLE('',#10393,1.55);
#10393 = AXIS2_PLACEMENT_2D('',#10394,#10395);
#10394 = CARTESIAN_POINT('',(9.997336292145E-12,1.339603248489E-35));
#10395 = DIRECTION('',(-2.438499502551E-02,-0.999702641798));
#10396 = ( GEOMETRIC_REPRESENTATION_CONTEXT(2) 
PARAMETRIC_REPRESENTATION_CONTEXT() REPRESENTATION_CONTEXT('2D SPACE',''
  ) );
#10397 = ORIENTED_EDGE('',*,*,#10398,.F.);
#10398 = EDGE_CURVE('',#10315,#10370,#10399,.T.);
#10399 = SURFACE_CURVE('',#10400,(#10404,#10411),.PCURVE_S1.);
#10400 = LINE('',#10401,#10402);
#10401 = CARTESIAN_POINT('',(18.7664074045,-301.2621979655,
    247.85821033288));
#10402 = VECTOR('',#10403,1.);
#10403 = DIRECTION('',(-1.,2.628418675401E-11,-3.064104139678E-16));
#10404 = PCURVE('',#10331,#10405);
#10405 = DEFINITIONAL_REPRESENTATION('',(#10406),#10410);
#10406 = LINE('',#10407,#10408);
#10407 = CARTESIAN_POINT('',(0.,9.805489753489E-13));
#10408 = VECTOR('',#10409,1.);
#10409 = DIRECTION('',(0.,1.));
#10410 = ( GEOMETRIC_REPRESENTATION_CONTEXT(2) 
PARAMETRIC_REPRESENTATION_CONTEXT() REPRESENTATION_CONTEXT('2D SPACE',''
  ) );
#10411 = PCURVE('',#10412,#10417);
#10412 = CYLINDRICAL_SURFACE('',#10413,1.55);
#10413 = AXIS2_PLACEMENT_3D('',#10414,#10415,#10416);
#10414 = CARTESIAN_POINT('',(18.7664074045,-301.2999947078,
    246.3086712381));
#10415 = DIRECTION('',(-1.,2.628418675401E-11,-3.064104139678E-16));
#10416 = DIRECTION('',(6.406334439457E-13,2.438499502551E-02,
    0.999702641798));
#10417 = DEFINITIONAL_REPRESENTATION('',(#10418),#10422);
#10418 = LINE('',#10419,#10420);
#10419 = CARTESIAN_POINT('',(6.28318530718,9.805489753489E-13));
#10420 = VECTOR('',#10421,1.);
#10421 = DIRECTION('',(0.,1.));
#10422 = ( GEOMETRIC_REPRESENTATION_CONTEXT(2) 
PARAMETRIC_REPRESENTATION_CONTEXT() REPRESENTATION_CONTEXT('2D SPACE',''
  ) );
#10423 = ORIENTED_EDGE('',*,*,#10314,.T.);
#10424 = ORIENTED_EDGE('',*,*,#10425,.T.);
#10425 = EDGE_CURVE('',#10292,#10368,#10426,.T.);
#10426 = SURFACE_CURVE('',#10427,(#10431,#10438),.PCURVE_S1.);
#10427 = LINE('',#10428,#10429);
#10428 = CARTESIAN_POINT('',(18.7664074045,-301.3377914501,
    244.75913214331));
#10429 = VECTOR('',#10430,1.);
#10430 = DIRECTION('',(-1.,2.628418675401E-11,-3.064104139678E-16));
#10431 = PCURVE('',#10331,#10432);
#10432 = DEFINITIONAL_REPRESENTATION('',(#10433),#10437);
#10433 = LINE('',#10434,#10435);
#10434 = CARTESIAN_POINT('',(3.14159265359,-9.947598300641E-13));
#10435 = VECTOR('',#10436,1.);
#10436 = DIRECTION('',(0.,1.));
#10437 = ( GEOMETRIC_REPRESENTATION_CONTEXT(2) 
PARAMETRIC_REPRESENTATION_CONTEXT() REPRESENTATION_CONTEXT('2D SPACE',''
  ) );
#10438 = PCURVE('',#10412,#10439);
#10439 = DEFINITIONAL_REPRESENTATION('',(#10440),#10444);
#10440 = LINE('',#10441,#10442);
#10441 = CARTESIAN_POINT('',(3.14159265359,-9.947598300641E-13));
#10442 = VECTOR('',#10443,1.);
#10443 = DIRECTION('',(0.,1.));
#10444 = ( GEOMETRIC_REPRESENTATION_CONTEXT(2) 
PARAMETRIC_REPRESENTATION_CONTEXT() REPRESENTATION_CONTEXT('2D SPACE',''
  ) );
#10445 = ADVANCED_FACE('',(#10446),#10412,.F.);
#10446 = FACE_BOUND('',#10447,.F.);
#10447 = EDGE_LOOP('',(#10448,#10449,#10471,#10472));
#10448 = ORIENTED_EDGE('',*,*,#10398,.T.);
#10449 = ORIENTED_EDGE('',*,*,#10450,.T.);
#10450 = EDGE_CURVE('',#10370,#10368,#10451,.T.);
#10451 = SURFACE_CURVE('',#10452,(#10457,#10464),.PCURVE_S1.);
#10452 = CIRCLE('',#10453,1.55);
#10453 = AXIS2_PLACEMENT_3D('',#10454,#10455,#10456);
#10454 = CARTESIAN_POINT('',(11.20481993148,-301.2999947076,
    246.3086712381));
#10455 = DIRECTION('',(1.,-2.628418675401E-11,3.064104139656E-16));
#10456 = DIRECTION('',(-6.406334439457E-13,-2.438499502551E-02,
    -0.999702641798));
#10457 = PCURVE('',#10412,#10458);
#10458 = DEFINITIONAL_REPRESENTATION('',(#10459),#10463);
#10459 = LINE('',#10460,#10461);
#10460 = CARTESIAN_POINT('',(9.424777960795,7.56158747302));
#10461 = VECTOR('',#10462,1.);
#10462 = DIRECTION('',(-1.,4.523455546969E-15));
#10463 = ( GEOMETRIC_REPRESENTATION_CONTEXT(2) 
PARAMETRIC_REPRESENTATION_CONTEXT() REPRESENTATION_CONTEXT('2D SPACE',''
  ) );
#10464 = PCURVE('',#10386,#10465);
#10465 = DEFINITIONAL_REPRESENTATION('',(#10466),#10470);
#10466 = CIRCLE('',#10467,1.55);
#10467 = AXIS2_PLACEMENT_2D('',#10468,#10469);
#10468 = CARTESIAN_POINT('',(9.997336292145E-12,1.339603248489E-35));
#10469 = DIRECTION('',(-2.438499502551E-02,-0.999702641798));
#10470 = ( GEOMETRIC_REPRESENTATION_CONTEXT(2) 
PARAMETRIC_REPRESENTATION_CONTEXT() REPRESENTATION_CONTEXT('2D SPACE',''
  ) );
#10471 = ORIENTED_EDGE('',*,*,#10425,.F.);
#10472 = ORIENTED_EDGE('',*,*,#10473,.T.);
#10473 = EDGE_CURVE('',#10292,#10315,#10474,.T.);
#10474 = SURFACE_CURVE('',#10475,(#10480,#10487),.PCURVE_S1.);
#10475 = CIRCLE('',#10476,1.55);
#10476 = AXIS2_PLACEMENT_3D('',#10477,#10478,#10479);
#10477 = CARTESIAN_POINT('',(14.00481993148,-301.2999947077,
    246.3086712381));
#10478 = DIRECTION('',(-1.,2.628418675401E-11,-3.064104139656E-16));
#10479 = DIRECTION('',(6.406334439457E-13,2.438499502551E-02,
    0.999702641798));
#10480 = PCURVE('',#10412,#10481);
#10481 = DEFINITIONAL_REPRESENTATION('',(#10482),#10486);
#10482 = LINE('',#10483,#10484);
#10483 = CARTESIAN_POINT('',(-3.123723502085E-12,4.76158747302));
#10484 = VECTOR('',#10485,1.);
#10485 = DIRECTION('',(1.,-4.523455546929E-15));
#10486 = ( GEOMETRIC_REPRESENTATION_CONTEXT(2) 
PARAMETRIC_REPRESENTATION_CONTEXT() REPRESENTATION_CONTEXT('2D SPACE',''
  ) );
#10487 = PCURVE('',#10244,#10488);
#10488 = DEFINITIONAL_REPRESENTATION('',(#10489),#10493);
#10489 = LINE('',#10490,#10491);
#10490 = CARTESIAN_POINT('',(9.424777960744,-1.443289931961E-15));
#10491 = VECTOR('',#10492,1.);
#10492 = DIRECTION('',(-1.,2.261727773487E-15));
#10493 = ( GEOMETRIC_REPRESENTATION_CONTEXT(2) 
PARAMETRIC_REPRESENTATION_CONTEXT() REPRESENTATION_CONTEXT('2D SPACE',''
  ) );
#10494 = ADVANCED_FACE('',(#10495),#10386,.T.);
#10495 = FACE_BOUND('',#10496,.T.);
#10496 = EDGE_LOOP('',(#10497,#10498));
#10497 = ORIENTED_EDGE('',*,*,#10450,.T.);
#10498 = ORIENTED_EDGE('',*,*,#10367,.T.);
#10499 = ADVANCED_FACE('',(#10500),#10244,.F.);
#10500 = FACE_BOUND('',#10501,.F.);
#10501 = EDGE_LOOP('',(#10502,#10503,#10504,#10505));
#10502 = ORIENTED_EDGE('',*,*,#10291,.T.);
#10503 = ORIENTED_EDGE('',*,*,#10221,.T.);
#10504 = ORIENTED_EDGE('',*,*,#10343,.F.);
#10505 = ORIENTED_EDGE('',*,*,#10473,.F.);
#10506 = ADVANCED_FACE('',(#10507),#925,.T.);
#10507 = FACE_BOUND('',#10508,.T.);
#10508 = EDGE_LOOP('',(#10509,#10510,#10511,#10512));
#10509 = ORIENTED_EDGE('',*,*,#9063,.T.);
#10510 = ORIENTED_EDGE('',*,*,#10190,.F.);
#10511 = ORIENTED_EDGE('',*,*,#907,.F.);
#10512 = ORIENTED_EDGE('',*,*,#10074,.F.);
#10513 = ADVANCED_FACE('',(#10514),#371,.F.);
#10514 = FACE_BOUND('',#10515,.F.);
#10515 = EDGE_LOOP('',(#10516,#10517,#10583,#10584));
#10516 = ORIENTED_EDGE('',*,*,#10110,.F.);
#10517 = ORIENTED_EDGE('',*,*,#10518,.T.);
#10518 = EDGE_CURVE('',#1270,#160,#10519,.T.);
#10519 = SURFACE_CURVE('',#10520,(#10525,#10554),.PCURVE_S1.);
#10520 = CIRCLE('',#10521,2.);
#10521 = AXIS2_PLACEMENT_3D('',#10522,#10523,#10524);
#10522 = CARTESIAN_POINT('',(16.47482748635,-299.973278707,
    228.79704381817));
#10523 = DIRECTION('',(0.451372949117,0.862352285127,0.22937087248));
#10524 = DIRECTION('',(0.884670304385,-0.466078539649,1.136870344676E-02
    ));
#10525 = PCURVE('',#371,#10526);
#10526 = DEFINITIONAL_REPRESENTATION('',(#10527),#10553);
#10527 = B_SPLINE_CURVE_WITH_KNOTS('',3,(#10528,#10529,#10530,#10531,
    #10532,#10533,#10534,#10535,#10536,#10537,#10538,#10539,#10540,
    #10541,#10542,#10543,#10544,#10545,#10546,#10547,#10548,#10549,
    #10550,#10551,#10552),.UNSPECIFIED.,.F.,.F.,(4,1,1,1,1,1,1,1,1,1,1,1
    ,1,1,1,1,1,1,1,1,1,1,4),(4.268927774313,4.295047189168,
    4.321166604023,4.347286018879,4.373405433734,4.399524848589,
    4.425644263444,4.451763678299,4.477883093154,4.50400250801,
    4.530121922865,4.55624133772,4.582360752575,4.60848016743,
    4.634599582286,4.660718997141,4.686838411996,4.712957826851,
    4.739077241706,4.765196656561,4.791316071417,4.817435486272,
    4.843554901127),.UNSPECIFIED.);
#10528 = CARTESIAN_POINT('',(1.363312148287E-03,1.));
#10529 = CARTESIAN_POINT('',(1.363312148287E-03,0.984638020328));
#10530 = CARTESIAN_POINT('',(1.363312148287E-03,0.953972033641));
#10531 = CARTESIAN_POINT('',(1.363312148287E-03,0.908130621032));
#10532 = CARTESIAN_POINT('',(1.363312148287E-03,0.862430346167));
#10533 = CARTESIAN_POINT('',(1.363312148287E-03,0.816855056304));
#10534 = CARTESIAN_POINT('',(1.363312148287E-03,0.771388750547));
#10535 = CARTESIAN_POINT('',(1.363312148287E-03,0.726015584364));
#10536 = CARTESIAN_POINT('',(1.363312148287E-03,0.680719839951));
#10537 = CARTESIAN_POINT('',(1.363312148287E-03,0.635485906244));
#10538 = CARTESIAN_POINT('',(1.363312148287E-03,0.590298256765));
#10539 = CARTESIAN_POINT('',(1.363312148287E-03,0.545141428367));
#10540 = CARTESIAN_POINT('',(1.363312148287E-03,0.499999999998));
#10541 = CARTESIAN_POINT('',(1.363312148287E-03,0.45485857163));
#10542 = CARTESIAN_POINT('',(1.363312148287E-03,0.409701743232));
#10543 = CARTESIAN_POINT('',(1.363312148287E-03,0.364514093753));
#10544 = CARTESIAN_POINT('',(1.363312148287E-03,0.319280160047));
#10545 = CARTESIAN_POINT('',(1.363312148287E-03,0.273984415633));
#10546 = CARTESIAN_POINT('',(1.363312148287E-03,0.228611249451));
#10547 = CARTESIAN_POINT('',(1.363312148287E-03,0.183144943694));
#10548 = CARTESIAN_POINT('',(1.363312148287E-03,0.137569653831));
#10549 = CARTESIAN_POINT('',(1.363312148287E-03,9.186937896725E-02));
#10550 = CARTESIAN_POINT('',(1.363312148287E-03,4.602796635828E-02));
#10551 = CARTESIAN_POINT('',(1.363312148287E-03,1.536197967196E-02));
#10552 = CARTESIAN_POINT('',(1.363312148287E-03,0.));
#10553 = ( GEOMETRIC_REPRESENTATION_CONTEXT(2) 
PARAMETRIC_REPRESENTATION_CONTEXT() REPRESENTATION_CONTEXT('2D SPACE',''
  ) );
#10554 = PCURVE('',#231,#10555);
#10555 = DEFINITIONAL_REPRESENTATION('',(#10556),#10582);
#10556 = B_SPLINE_CURVE_WITH_KNOTS('',3,(#10557,#10558,#10559,#10560,
    #10561,#10562,#10563,#10564,#10565,#10566,#10567,#10568,#10569,
    #10570,#10571,#10572,#10573,#10574,#10575,#10576,#10577,#10578,
    #10579,#10580,#10581),.UNSPECIFIED.,.F.,.F.,(4,1,1,1,1,1,1,1,1,1,1,1
    ,1,1,1,1,1,1,1,1,1,1,4),(4.268927774313,4.295047189168,
    4.321166604023,4.347286018879,4.373405433734,4.399524848589,
    4.425644263444,4.451763678299,4.477883093154,4.50400250801,
    4.530121922865,4.55624133772,4.582360752575,4.60848016743,
    4.634599582286,4.660718997141,4.686838411996,4.712957826851,
    4.739077241706,4.765196656561,4.791316071417,4.817435486272,
    4.843554901127),.UNSPECIFIED.);
#10557 = CARTESIAN_POINT('',(7.010717868037E-03,0.));
#10558 = CARTESIAN_POINT('',(7.010717868037E-03,1.536197967214E-02));
#10559 = CARTESIAN_POINT('',(7.010717868037E-03,4.602796635881E-02));
#10560 = CARTESIAN_POINT('',(7.010717868037E-03,9.186937896828E-02));
#10561 = CARTESIAN_POINT('',(7.010717868037E-03,0.137569653833));
#10562 = CARTESIAN_POINT('',(7.010717868037E-03,0.183144943696));
#10563 = CARTESIAN_POINT('',(7.010717868037E-03,0.228611249453));
#10564 = CARTESIAN_POINT('',(7.010717868037E-03,0.273984415636));
#10565 = CARTESIAN_POINT('',(7.010717868037E-03,0.319280160049));
#10566 = CARTESIAN_POINT('',(7.010717868037E-03,0.364514093756));
#10567 = CARTESIAN_POINT('',(7.010717868037E-03,0.409701743235));
#10568 = CARTESIAN_POINT('',(7.010717868037E-03,0.454858571633));
#10569 = CARTESIAN_POINT('',(7.010717868037E-03,0.500000000002));
#10570 = CARTESIAN_POINT('',(7.010717868037E-03,0.54514142837));
#10571 = CARTESIAN_POINT('',(7.010717868037E-03,0.590298256768));
#10572 = CARTESIAN_POINT('',(7.010717868037E-03,0.635485906247));
#10573 = CARTESIAN_POINT('',(7.010717868037E-03,0.680719839953));
#10574 = CARTESIAN_POINT('',(7.010717868037E-03,0.726015584367));
#10575 = CARTESIAN_POINT('',(7.010717868037E-03,0.771388750549));
#10576 = CARTESIAN_POINT('',(7.010717868037E-03,0.816855056306));
#10577 = CARTESIAN_POINT('',(7.010717868037E-03,0.862430346169));
#10578 = CARTESIAN_POINT('',(7.010717868037E-03,0.908130621033));
#10579 = CARTESIAN_POINT('',(7.010717868037E-03,0.953972033642));
#10580 = CARTESIAN_POINT('',(7.010717868037E-03,0.984638020328));
#10581 = CARTESIAN_POINT('',(7.010717868037E-03,1.));
#10582 = ( GEOMETRIC_REPRESENTATION_CONTEXT(2) 
PARAMETRIC_REPRESENTATION_CONTEXT() REPRESENTATION_CONTEXT('2D SPACE',''
  ) );
#10583 = ORIENTED_EDGE('',*,*,#295,.T.);
#10584 = ORIENTED_EDGE('',*,*,#793,.F.);
#10585 = ADVANCED_FACE('',(#10586),#231,.F.);
#10586 = FACE_BOUND('',#10587,.F.);
#10587 = EDGE_LOOP('',(#10588,#10589,#10590));
#10588 = ORIENTED_EDGE('',*,*,#10518,.F.);
#10589 = ORIENTED_EDGE('',*,*,#1269,.F.);
#10590 = ORIENTED_EDGE('',*,*,#159,.T.);
#10591 = ADVANCED_FACE('',(#10592),#102,.T.);
#10592 = FACE_BOUND('',#10593,.T.);
#10593 = EDGE_LOOP('',(#10594,#10595,#10624,#10657));
#10594 = ORIENTED_EDGE('',*,*,#85,.T.);
#10595 = ORIENTED_EDGE('',*,*,#10596,.T.);
#10596 = EDGE_CURVE('',#58,#10597,#10599,.T.);
#10597 = VERTEX_POINT('',#10598);
#10598 = CARTESIAN_POINT('',(19.50481993147,-301.5005623677,
    238.0860729034));
#10599 = SURFACE_CURVE('',#10600,(#10605,#10612),.PCURVE_S1.);
#10600 = CIRCLE('',#10601,1.);
#10601 = AXIS2_PLACEMENT_3D('',#10602,#10603,#10604);
#10602 = CARTESIAN_POINT('',(18.50481993147,-301.5005623677,
    238.0860729034));
#10603 = DIRECTION('',(2.627637840731E-11,0.999702641798,
    -2.438499502551E-02));
#10604 = DIRECTION('',(2.049776176126E-26,2.438499502551E-02,
    0.999702641798));
#10605 = PCURVE('',#102,#10606);
#10606 = DEFINITIONAL_REPRESENTATION('',(#10607),#10611);
#10607 = LINE('',#10608,#10609);
#10608 = CARTESIAN_POINT('',(3.14159265359,0.));
#10609 = VECTOR('',#10610,1.);
#10610 = DIRECTION('',(1.314629268336E-13,1.));
#10611 = ( GEOMETRIC_REPRESENTATION_CONTEXT(2) 
PARAMETRIC_REPRESENTATION_CONTEXT() REPRESENTATION_CONTEXT('2D SPACE',''
  ) );
#10612 = PCURVE('',#10613,#10618);
#10613 = TOROIDAL_SURFACE('',#10614,3.25,1.);
#10614 = AXIS2_PLACEMENT_3D('',#10615,#10616,#10617);
#10615 = CARTESIAN_POINT('',(18.50481993147,-301.5798136016,
    234.83703931756));
#10616 = DIRECTION('',(1.,-2.628418675401E-11,3.064104139678E-16));
#10617 = DIRECTION('',(-6.406334439457E-13,-2.438499502551E-02,
    -0.999702641798));
#10618 = DEFINITIONAL_REPRESENTATION('',(#10619),#10623);
#10619 = LINE('',#10620,#10621);
#10620 = CARTESIAN_POINT('',(3.14159265359,0.));
#10621 = VECTOR('',#10622,1.);
#10622 = DIRECTION('',(1.314629268336E-13,1.));
#10623 = ( GEOMETRIC_REPRESENTATION_CONTEXT(2) 
PARAMETRIC_REPRESENTATION_CONTEXT() REPRESENTATION_CONTEXT('2D SPACE',''
  ) );
#10624 = ORIENTED_EDGE('',*,*,#10625,.F.);
#10625 = EDGE_CURVE('',#10626,#10597,#10628,.T.);
#10626 = VERTEX_POINT('',#10627);
#10627 = CARTESIAN_POINT('',(19.50481993147,-301.6590648354,
    231.58800573172));
#10628 = SURFACE_CURVE('',#10629,(#10634,#10641),.PCURVE_S1.);
#10629 = CIRCLE('',#10630,3.25);
#10630 = AXIS2_PLACEMENT_3D('',#10631,#10632,#10633);
#10631 = CARTESIAN_POINT('',(19.50481993147,-301.5798136016,
    234.83703931756));
#10632 = DIRECTION('',(1.,-2.628418675401E-11,3.064104139656E-16));
#10633 = DIRECTION('',(-6.406334439457E-13,-2.438499502551E-02,
    -0.999702641798));
#10634 = PCURVE('',#102,#10635);
#10635 = DEFINITIONAL_REPRESENTATION('',(#10636),#10640);
#10636 = LINE('',#10637,#10638);
#10637 = CARTESIAN_POINT('',(0.,1.570796326795));
#10638 = VECTOR('',#10639,1.);
#10639 = DIRECTION('',(1.,4.523455546972E-14));
#10640 = ( GEOMETRIC_REPRESENTATION_CONTEXT(2) 
PARAMETRIC_REPRESENTATION_CONTEXT() REPRESENTATION_CONTEXT('2D SPACE',''
  ) );
#10641 = PCURVE('',#10642,#10647);
#10642 = PLANE('',#10643);
#10643 = AXIS2_PLACEMENT_3D('',#10644,#10645,#10646);
#10644 = CARTESIAN_POINT('',(19.50481993147,-301.6590648354,
    231.58800573172));
#10645 = DIRECTION('',(-1.,2.628418615947E-11,-3.063959118115E-16));
#10646 = DIRECTION('',(2.627637781259E-11,0.999702641798,
    -2.438499502551E-02));
#10647 = DEFINITIONAL_REPRESENTATION('',(#10648),#10656);
#10648 = ( BOUNDED_CURVE() B_SPLINE_CURVE(2,(#10649,#10650,#10651,#10652
    ,#10653,#10654,#10655),.UNSPECIFIED.,.T.,.F.) 
B_SPLINE_CURVE_WITH_KNOTS((1,2,2,2,2,1),(-2.094395102393,0.,
    2.094395102393,4.188790204786,6.28318530718,8.377580409573),
.UNSPECIFIED.) CURVE() GEOMETRIC_REPRESENTATION_ITEM() 
RATIONAL_B_SPLINE_CURVE((1.,0.5,1.,0.5,1.,0.5,1.)) REPRESENTATION_ITEM(
  '') );
#10649 = CARTESIAN_POINT('',(-2.821562428146E-12,3.08153502715E-12));
#10650 = CARTESIAN_POINT('',(5.629165124596,3.08153502715E-12));
#10651 = CARTESIAN_POINT('',(2.814582562297,-4.874999999997));
#10652 = CARTESIAN_POINT('',(-2.820766407562E-12,-9.749999999997));
#10653 = CARTESIAN_POINT('',(-2.814582562302,-4.874999999997));
#10654 = CARTESIAN_POINT('',(-5.629165124602,3.076650045841E-12));
#10655 = CARTESIAN_POINT('',(-2.821562428146E-12,3.08153502715E-12));
#10656 = ( GEOMETRIC_REPRESENTATION_CONTEXT(2) 
PARAMETRIC_REPRESENTATION_CONTEXT() REPRESENTATION_CONTEXT('2D SPACE',''
  ) );
#10657 = ORIENTED_EDGE('',*,*,#10658,.F.);
#10658 = EDGE_CURVE('',#86,#10626,#10659,.T.);
#10659 = SURFACE_CURVE('',#10660,(#10665,#10672),.PCURVE_S1.);
#10660 = CIRCLE('',#10661,1.);
#10661 = AXIS2_PLACEMENT_3D('',#10662,#10663,#10664);
#10662 = CARTESIAN_POINT('',(18.50481993147,-301.6590648354,
    231.58800573172));
#10663 = DIRECTION('',(-2.627637840731E-11,-0.999702641798,
    2.438499502551E-02));
#10664 = DIRECTION('',(-1.746853588521E-26,-2.438499502551E-02,
    -0.999702641798));
#10665 = PCURVE('',#102,#10666);
#10666 = DEFINITIONAL_REPRESENTATION('',(#10667),#10671);
#10667 = LINE('',#10668,#10669);
#10668 = CARTESIAN_POINT('',(0.,0.));
#10669 = VECTOR('',#10670,1.);
#10670 = DIRECTION('',(0.,1.));
#10671 = ( GEOMETRIC_REPRESENTATION_CONTEXT(2) 
PARAMETRIC_REPRESENTATION_CONTEXT() REPRESENTATION_CONTEXT('2D SPACE',''
  ) );
#10672 = PCURVE('',#10613,#10673);
#10673 = DEFINITIONAL_REPRESENTATION('',(#10674),#10678);
#10674 = LINE('',#10675,#10676);
#10675 = CARTESIAN_POINT('',(6.28318530718,0.));
#10676 = VECTOR('',#10677,1.);
#10677 = DIRECTION('',(0.,1.));
#10678 = ( GEOMETRIC_REPRESENTATION_CONTEXT(2) 
PARAMETRIC_REPRESENTATION_CONTEXT() REPRESENTATION_CONTEXT('2D SPACE',''
  ) );
#10679 = ADVANCED_FACE('',(#10680),#10642,.F.);
#10680 = FACE_BOUND('',#10681,.T.);
#10681 = EDGE_LOOP('',(#10682,#10683));
#10682 = ORIENTED_EDGE('',*,*,#10625,.T.);
#10683 = ORIENTED_EDGE('',*,*,#10684,.T.);
#10684 = EDGE_CURVE('',#10597,#10626,#10685,.T.);
#10685 = SURFACE_CURVE('',#10686,(#10691,#10702),.PCURVE_S1.);
#10686 = CIRCLE('',#10687,3.25);
#10687 = AXIS2_PLACEMENT_3D('',#10688,#10689,#10690);
#10688 = CARTESIAN_POINT('',(19.50481993147,-301.5798136016,
    234.83703931756));
#10689 = DIRECTION('',(1.,-2.628418675401E-11,3.064104139656E-16));
#10690 = DIRECTION('',(-6.406334439457E-13,-2.438499502551E-02,
    -0.999702641798));
#10691 = PCURVE('',#10642,#10692);
#10692 = DEFINITIONAL_REPRESENTATION('',(#10693),#10701);
#10693 = ( BOUNDED_CURVE() B_SPLINE_CURVE(2,(#10694,#10695,#10696,#10697
    ,#10698,#10699,#10700),.UNSPECIFIED.,.T.,.F.) 
B_SPLINE_CURVE_WITH_KNOTS((1,2,2,2,2,1),(-2.094395102393,0.,
    2.094395102393,4.188790204786,6.28318530718,8.377580409573),
.UNSPECIFIED.) CURVE() GEOMETRIC_REPRESENTATION_ITEM() 
RATIONAL_B_SPLINE_CURVE((1.,0.5,1.,0.5,1.,0.5,1.)) REPRESENTATION_ITEM(
  '') );
#10694 = CARTESIAN_POINT('',(-2.821562428146E-12,3.08153502715E-12));
#10695 = CARTESIAN_POINT('',(5.629165124596,3.08153502715E-12));
#10696 = CARTESIAN_POINT('',(2.814582562297,-4.874999999997));
#10697 = CARTESIAN_POINT('',(-2.820766407562E-12,-9.749999999997));
#10698 = CARTESIAN_POINT('',(-2.814582562302,-4.874999999997));
#10699 = CARTESIAN_POINT('',(-5.629165124602,3.076650045841E-12));
#10700 = CARTESIAN_POINT('',(-2.821562428146E-12,3.08153502715E-12));
#10701 = ( GEOMETRIC_REPRESENTATION_CONTEXT(2) 
PARAMETRIC_REPRESENTATION_CONTEXT() REPRESENTATION_CONTEXT('2D SPACE',''
  ) );
#10702 = PCURVE('',#10613,#10703);
#10703 = DEFINITIONAL_REPRESENTATION('',(#10704),#10708);
#10704 = LINE('',#10705,#10706);
#10705 = CARTESIAN_POINT('',(1.142641536944E-12,1.570796326795));
#10706 = VECTOR('',#10707,1.);
#10707 = DIRECTION('',(1.,-4.523455546969E-14));
#10708 = ( GEOMETRIC_REPRESENTATION_CONTEXT(2) 
PARAMETRIC_REPRESENTATION_CONTEXT() REPRESENTATION_CONTEXT('2D SPACE',''
  ) );
#10709 = ADVANCED_FACE('',(#10710),#10613,.T.);
#10710 = FACE_BOUND('',#10711,.T.);
#10711 = EDGE_LOOP('',(#10712,#10713,#10735,#10736));
#10712 = ORIENTED_EDGE('',*,*,#10596,.F.);
#10713 = ORIENTED_EDGE('',*,*,#10714,.T.);
#10714 = EDGE_CURVE('',#58,#86,#10715,.T.);
#10715 = SURFACE_CURVE('',#10716,(#10721,#10728),.PCURVE_S1.);
#10716 = CIRCLE('',#10717,4.25);
#10717 = AXIS2_PLACEMENT_3D('',#10718,#10719,#10720);
#10718 = CARTESIAN_POINT('',(18.50481993147,-301.5798136016,
    234.83703931756));
#10719 = DIRECTION('',(1.,-2.628418675401E-11,3.064104139656E-16));
#10720 = DIRECTION('',(-6.406334439457E-13,-2.438499502551E-02,
    -0.999702641798));
#10721 = PCURVE('',#10613,#10722);
#10722 = DEFINITIONAL_REPRESENTATION('',(#10723),#10727);
#10723 = LINE('',#10724,#10725);
#10724 = CARTESIAN_POINT('',(-1.33226762955E-15,0.));
#10725 = VECTOR('',#10726,1.);
#10726 = DIRECTION('',(1.,0.));
#10727 = ( GEOMETRIC_REPRESENTATION_CONTEXT(2) 
PARAMETRIC_REPRESENTATION_CONTEXT() REPRESENTATION_CONTEXT('2D SPACE',''
  ) );
#10728 = PCURVE('',#73,#10729);
#10729 = DEFINITIONAL_REPRESENTATION('',(#10730),#10734);
#10730 = LINE('',#10731,#10732);
#10731 = CARTESIAN_POINT('',(-8.744116541948E-13,-1.));
#10732 = VECTOR('',#10733,1.);
#10733 = DIRECTION('',(1.,-4.523455546969E-15));
#10734 = ( GEOMETRIC_REPRESENTATION_CONTEXT(2) 
PARAMETRIC_REPRESENTATION_CONTEXT() REPRESENTATION_CONTEXT('2D SPACE',''
  ) );
#10735 = ORIENTED_EDGE('',*,*,#10658,.T.);
#10736 = ORIENTED_EDGE('',*,*,#10684,.F.);
#10737 = ADVANCED_FACE('',(#10738),#73,.T.);
#10738 = FACE_BOUND('',#10739,.T.);
#10739 = EDGE_LOOP('',(#10740,#10741,#10763,#10764,#10765,#10766,#10767)
  );
#10740 = ORIENTED_EDGE('',*,*,#57,.F.);
#10741 = ORIENTED_EDGE('',*,*,#10742,.T.);
#10742 = EDGE_CURVE('',#24,#1874,#10743,.T.);
#10743 = SURFACE_CURVE('',#10744,(#10749,#10756),.PCURVE_S1.);
#10744 = CIRCLE('',#10745,4.25);
#10745 = AXIS2_PLACEMENT_3D('',#10746,#10747,#10748);
#10746 = CARTESIAN_POINT('',(17.50481993147,-301.5798136015,
    234.83703931756));
#10747 = DIRECTION('',(1.,-2.628418675401E-11,3.064104139656E-16));
#10748 = DIRECTION('',(-6.406334439457E-13,-2.438499502551E-02,
    -0.999702641798));
#10749 = PCURVE('',#73,#10750);
#10750 = DEFINITIONAL_REPRESENTATION('',(#10751),#10755);
#10751 = LINE('',#10752,#10753);
#10752 = CARTESIAN_POINT('',(-1.749267397599E-12,-2.));
#10753 = VECTOR('',#10754,1.);
#10754 = DIRECTION('',(1.,0.));
#10755 = ( GEOMETRIC_REPRESENTATION_CONTEXT(2) 
PARAMETRIC_REPRESENTATION_CONTEXT() REPRESENTATION_CONTEXT('2D SPACE',''
  ) );
#10756 = PCURVE('',#45,#10757);
#10757 = DEFINITIONAL_REPRESENTATION('',(#10758),#10762);
#10758 = LINE('',#10759,#10760);
#10759 = CARTESIAN_POINT('',(-4.440892098501E-16,3.14159265359));
#10760 = VECTOR('',#10761,1.);
#10761 = DIRECTION('',(1.,-7.919418409465E-16));
#10762 = ( GEOMETRIC_REPRESENTATION_CONTEXT(2) 
PARAMETRIC_REPRESENTATION_CONTEXT() REPRESENTATION_CONTEXT('2D SPACE',''
  ) );
#10763 = ORIENTED_EDGE('',*,*,#1919,.T.);
#10764 = ORIENTED_EDGE('',*,*,#1632,.T.);
#10765 = ORIENTED_EDGE('',*,*,#9888,.T.);
#10766 = ORIENTED_EDGE('',*,*,#136,.T.);
#10767 = ORIENTED_EDGE('',*,*,#10714,.F.);
#10768 = ADVANCED_FACE('',(#10769),#45,.F.);
#10769 = FACE_BOUND('',#10770,.F.);
#10770 = EDGE_LOOP('',(#10771,#10772,#10773,#10774,#10775));
#10771 = ORIENTED_EDGE('',*,*,#10163,.T.);
#10772 = ORIENTED_EDGE('',*,*,#860,.T.);
#10773 = ORIENTED_EDGE('',*,*,#21,.T.);
#10774 = ORIENTED_EDGE('',*,*,#10742,.T.);
#10775 = ORIENTED_EDGE('',*,*,#1873,.F.);
#10776 = ( GEOMETRIC_REPRESENTATION_CONTEXT(3) 
GLOBAL_UNCERTAINTY_ASSIGNED_CONTEXT((#10780)) 
GLOBAL_UNIT_ASSIGNED_CONTEXT((#10777,#10778,#10779)) 
REPRESENTATION_CONTEXT('Context #1',
  '3D Context with UNIT and UNCERTAINTY') );
#10777 = ( LENGTH_UNIT() NAMED_UNIT(*) SI_UNIT(.MILLI.,.METRE.) );
#10778 = ( NAMED_UNIT(*) PLANE_ANGLE_UNIT() SI_UNIT($,.RADIAN.) );
#10779 = ( NAMED_UNIT(*) SI_UNIT($,.STERADIAN.) SOLID_ANGLE_UNIT() );
#10780 = UNCERTAINTY_MEASURE_WITH_UNIT(LENGTH_MEASURE(5.E-04),#10777,
  'distance_accuracy_value','confusion accuracy');
#10781 = PRODUCT_RELATED_PRODUCT_CATEGORY('part',$,(#7));
ENDSEC;
END-ISO-10303-21;
